time,low,high,open,close,volume
1483228800,969.9,973.4,973.37,970.27,184.7046024
1483232400,968.21,972,970.99,970.49,148.35380141
1483236000,967,971.99,970.49,967.95,108.43613912
1483239600,967.57,969.47,967.83,968.14,125.09431356
1483243200,966.64,968.62,968.17,968.1,79.41183049
1483246800,964.37,968.1,968.1,966.92,159.86432068
1483250400,964.54,969.63,966.92,969.45,68.54712649
1483254000,968.54,970.56,969.45,969.47,82.88220936
1483257600,968.11,969.58,969.04,969.15,89.5936876
1483261200,968.6,970.68,969.16,970.38,52.61834586
1483264800,969.79,974.99,970.36,974.99,100.24092551
1483268400,974.98,975,974.98,975,53.65411492
1483272000,974.01,975,975,974.56,51.99700562
1483275600,974.31,977.99,974.37,977.99,124.68269493
1483279200,977.58,979.99,977.98,979.99,100.9442363
1483282800,979.01,979.99,979.99,979.99,110.60929404
1483286400,977.63,994.97,979.98,994.79,545.21712391
1483290000,993,994.8,994.8,994.42,366.59442776
1483293600,994.49,999.68,994.49,997.12,347.56732392
1483297200,993.7,997.11,997.11,994.92,271.65721333
1483300800,993.76,1000,994.61,1000,306.40469481
1483304400,992.04,1000,1000,997.22,435.75484369
1483308000,990,998,997.22,998,295.21865218
1483311600,986.86,998.99,998,992.95,211.45395494
1483315200,992.86,997.99,992.96,995.48,250.63936818
1483318800,990.52,997.71,996.17,997.71,213.41196949
1483322400,997.39,1002,997.7,1002,253.78521724
1483326000,1000.01,1011.78,1002,1009.63,437.37277351
1483329600,1005.43,1010.7,1009.63,1009.62,191.69368992
1483333200,1000,1012,1009.2,1003.64,340.48495649
1483336800,1002.92,1010.99,1002.94,1009.65,190.49711814
1483340400,1007.35,1012.25,1009.8,1012.25,183.95580198
1483344000,1009.33,1013,1012.01,1012.03,108.59326182
1483347600,1005.7,1015,1012.03,1015,122.58852369
1483351200,1010.65,1019.1,1015,1015.79,198.68850233
1483354800,1015.43,1024.95,1015.52,1024.84,150.77037061
1483358400,1021.7,1025,1024.84,1024.99,114.39532445
1483362000,1005.3,1025,1024.99,1018.16,229.18611285
1483365600,1011.34,1024.54,1018,1024.31,177.61662773
1483369200,1015.05,1028,1024.31,1026.98,680.83351232
1483372800,1023.2,1034.39,1026.98,1029.95,424.81495235
1483376400,1015.81,1030,1029.76,1021.88,367.93084244
1483380000,1018,1029,1021.87,1018.41,323.71659911
1483383600,997.2,1019.58,1018.26,1001.01,906.53325963
1483387200,991.69,1014,1001.02,1012.98,957.64345482
1483390800,1006.6,1017.79,1012.99,1012.2,313.21919823
1483394400,1011.31,1019.67,1012.2,1013.8,260.8305565
1483398000,1011.45,1019.99,1015.05,1011.45,324.43375779
1483401600,1009.29,1023.3,1011.52,1020.74,309.19482543
1483405200,1012.61,1022.99,1020.84,1019.01,243.24847029
1483408800,1012.9,1023,1019.05,1022.97,132.0109807
1483412400,1016.65,1029.85,1022.97,1024.09,415.07825107
1483416000,1017.42,1024.1,1023.95,1022.36,297.67770405
1483419600,1015.03,1027.93,1021.86,1018.8,328.92870661
1483423200,1011.5,1024.47,1018.65,1013.16,306.65314221
1483426800,1006.71,1019.37,1013.07,1019.37,220.80761629
1483430400,1012,1019.8,1019.37,1012.02,170.57153443
1483434000,1010,1019.3,1012.03,1010.97,241.12346366
1483437600,1009.08,1016.99,1011.04,1014.94,246.34812714
1483441200,1014.48,1023.95,1014.94,1019.82,260.29336257
1483444800,1017,1025.75,1019.96,1018.8,259.03286912
1483448400,1013.5,1020,1018.94,1015,231.9168185
1483452000,1013.26,1019,1016.37,1014.34,301.33257491
1483455600,1010.3,1019.78,1013.65,1016.97,374.64436866
1483459200,1015.78,1018.56,1016.97,1017.86,277.89425977
1483462800,1016.8,1019.99,1017.79,1019.97,293.80864859
1483466400,1018.76,1026.43,1019.98,1023.96,443.80648879
1483470000,1014,1024,1023.96,1018.25,578.41649064
1483473600,1018.25,1027.83,1018.25,1025.82,488.16965091
1483477200,1020,1028.51,1026.04,1024.46,565.01438344
1483480800,1022.86,1032,1024.33,1028.54,563.05863291
1483484400,1018.18,1036.99,1027.85,1020.67,1066.22868745
1483488000,1018,1039.33,1020.69,1036.55,710.67679566
1483491600,1036.77,1040,1036.78,1038.99,210.61247724
1483495200,1038.99,1047.99,1038.99,1041.57,787.3962495
1483498800,1041.19,1047.82,1041.4,1046.74,646.38439113
1483502400,1045.05,1054.97,1046.41,1048.23,712.39283652
1483506000,1047.25,1065,1048.21,1062.96,924.69254521
1483509600,1055.65,1063,1062.85,1062.53,340.17872441
1483513200,1061.74,1065,1062.53,1062.92,271.12024239
1483516800,1057.85,1065,1062.87,1060.01,198.05831654
1483520400,1058.09,1070,1060,1070,208.54394913
1483524000,1069.99,1079.99,1070,1079.99,296.06803243
1483527600,1075.18,1090,1079.99,1084.62,429.92595744
1483531200,1075.15,1096.68,1084.63,1094.91,477.72459328
1483534800,1080.01,1095.71,1094.75,1094.99,748.8486193
1483538400,1065,1095.66,1094.99,1089.41,829.34273309
1483542000,1085.51,1094.49,1089.41,1087.64,611.12728976
1483545600,1087.1,1107.75,1087.72,1103.58,817.24131361
1483549200,1100.01,1138,1103.58,1137,1297.15881288
1483552800,1131.09,1147,1136.63,1139.01,842.3598418
1483556400,1110.01,1139.5,1139.01,1124.62,837.74271582
1483560000,1090.01,1136.5,1123.67,1090.04,1258.49580342
1483563600,1067,1110,1092.41,1090.72,1216.11213713
1483567200,1090.5,1136.14,1090.71,1136.1,743.16299409
1483570800,1120.34,1143.89,1135.01,1130.3,806.86289488
1483574400,1080,1134.88,1131.1,1090.57,1125.12848145
1483578000,1076.12,1125,1090.89,1120.32,733.77977132
1483581600,1110,1126.5,1121.21,1126.5,225.44969811
1483585200,1125.86,1139.9,1126.5,1139.89,399.14998967
1483588800,1139.01,1146.77,1139.88,1146.77,300.66933448
1483592400,1146.77,1175,1146.77,1163.01,606.73695199
1483596000,1150,1174.9,1163.01,1157.89,670.44514244
1483599600,1153.39,1172.13,1157.89,1167.4,645.33124432
1483603200,1131.05,1168.99,1167.37,1141.01,873.23399268
1483606800,1035.52,1141.01,1141.01,1074.33,1464.65087406
1483610400,1070,1114.17,1074.32,1092.91,574.8290012
1483614000,1089.82,1116.4,1092.88,1100.99,283.29478102
1483617600,965,1100.8,1100.8,981.22,1620.9785637
1483621200,880,1000,980.96,970,2444.95363108
1483624800,940.06,972.99,964.01,960,1366.64075964
1483628400,951.94,1004.93,960,995.49,780.89471491
1483632000,946.51,1008.9,995.49,966.82,1310.73550523
1483635600,958.55,977,965.64,976.97,793.89334189
1483639200,967.01,999,976.95,994.34,693.67921719
1483642800,955.77,996.45,994.34,970.22,714.7033033
1483646400,960,980.71,970,974.98,519.18865054
1483650000,961.84,975,974.97,969.87,505.80032216
1483653600,969.88,1017.78,969.88,1015.09,1085.38945793
1483657200,982,1023.48,1015,1007,706.84888515
1483660800,1000.5,1027.59,1007,1023.8,351.61415626
1483664400,1017.75,1033.85,1024.25,1020.43,392.5140347
1483668000,960.1,1023,1020.72,962.19,908.3411557
1483671600,960.1,986.98,962.18,982,425.60568857
1483675200,974.28,984.4,981.99,975.8,201.91859974
1483678800,970.9,988.5,975.98,982.38,332.23421452
1483682400,972.58,987.36,984.03,983.47,210.90488636
1483686000,981.28,988.5,983.31,983.06,208.52231412
1483689600,955,985.37,984.38,960.44,501.88072013
1483693200,904.71,969.14,960.5,933.26,1158.32011963
1483696800,910,944.18,933.26,926.61,558.74941098
1483700400,876,929.04,926.61,894.93,1101.96369171
1483704000,875.01,900.95,894.94,892,749.17798574
1483707600,885.87,913.07,892,906,828.84644287
1483711200,882.26,911.17,904.7,909.32,711.7553213
1483714800,905,922.79,909.35,917.13,700.11034482
1483718400,895.63,919.99,917.02,905.68,686.97170548
1483722000,901.91,917.24,903.1,916.08,490.92446182
1483725600,880.46,916.26,916.1,884.84,985.2970567
1483729200,881.61,908.03,884.98,893.52,646.74388914
1483732800,880,893.63,893.53,885.96,549.39451156
1483736400,885,911.14,886.13,899.47,614.30682413
1483740000,885.1,899.69,899.69,887.87,488.16993778
1483743600,881,897.32,890.1,895.71,469.9917325
1483747200,892.11,905,895.78,894.1,274.76671047
1483750800,878,905.21,894.1,878,543.25989843
1483754400,802.07,879,878,853.89,2313.54516919
1483758000,815.36,857.43,853.84,836.75,843.59491139
1483761600,818.09,845.85,836.76,845.83,866.6124897
1483765200,831.36,868.09,845.84,831.36,496.82288212
1483768800,835.01,858.24,835.01,851.59,279.63518689
1483772400,835.21,853.07,849.55,843,229.24098515
1483776000,822.46,846.72,844.26,822.46,377.54042593
1483779600,822.66,900,826.38,897.51,346.4494804
1483783200,875.52,897.51,897.51,885,233.9443434
1483786800,876,885.8,885,879.26,130.89222751
1483790400,879,898.11,879.26,888.81,304.89162982
1483794000,860.21,889.8,888.81,880.36,264.86688944
1483797600,872.85,896.84,880.46,896.84,238.03097052
1483801200,889,896.84,896.84,891.99,288.55597079
1483804800,891.98,908.22,891.99,900,863.88318494
1483808400,899.99,905.99,900,905.98,345.15859583
1483812000,885.9,910,905.98,899.2,501.88325187
1483815600,895,904.99,899.21,897.04,259.33430675
1483819200,895,903.91,897.79,900.62,222.62633115
1483822800,895,900.83,900.09,897.79,294.29344503
1483826400,897.78,910,897.79,903.45,338.01379312
1483830000,899.16,909,903.44,909,359.33554777
1483833600,899.16,910,908.99,901.38,262.20655486
1483837200,901,905.99,902.57,905.99,167.63743851
1483840800,903.99,930,905.99,929.99,405.72331683
1483844400,920.07,932.23,929.98,932.19,345.30959796
1483848000,927.95,948,932.16,947.98,341.44015754
1483851600,931.65,953.8,947.98,944.2,437.60418574
1483855200,938.84,952.59,942.52,947.87,193.71489464
1483858800,914.57,948.2,947.75,929.95,267.11417833
1483862400,927.78,938.97,929.95,936.23,131.7668827
1483866000,934.38,943.26,936.22,936.99,70.73628409
1483869600,930.99,939.26,937.64,937.89,84.54280919
1483873200,913.18,940.05,937.89,915.09,92.04502285
1483876800,914.14,924.31,915.09,918.89,79.72473547
1483880400,916.24,943.84,918.88,927.52,167.6129869
1483884000,922.4,933.73,927.51,927.99,223.1316272
1483887600,906.5,928.99,927.99,918.6,272.67573665
1483891200,905,918.57,918,907.69,250.65434566
1483894800,899.5,914,908.07,914,399.49646505
1483898400,913.51,917.95,914,914.06,136.07530884
1483902000,908.99,915,914.06,913.69,151.46855996
1483905600,910,917.99,913,917.99,213.08036249
1483909200,917.8,923.84,917.99,919.78,180.4659034
1483912800,915.01,923.53,919.88,919.99,184.84429929
1483916400,911,923.33,919.98,923.33,350.93184494
1483920000,901,923.58,922.04,904.01,363.96378081
1483923600,887.8,908.43,904,891.14,479.51984839
1483927200,887.73,904.41,891.1,898.99,317.11183504
1483930800,894.47,899,899,898.84,146.52712631
1483934400,887.51,898.99,898.79,898.92,217.47507738
1483938000,896.66,901.22,898.83,901.02,242.39189061
1483941600,898.99,901.98,901.02,899.21,92.81427565
1483945200,889,899.37,899.21,891.77,128.32806737
1483948800,890,896,891.79,896,172.85077037
1483952400,886.42,896,896,890.09,111.8135674
1483956000,889.02,908.05,889.09,906.72,425.07378167
1483959600,903.38,908.04,906.72,908,130.68937394
1483963200,904.56,908,908,905.12,134.14720125
1483966800,901,907.96,905.41,903.5,185.51497993
1483970400,901.01,906.83,903.5,903.01,155.64978494
1483974000,901.36,904,903.25,901.59,213.22421247
1483977600,892.14,902.49,901.28,893.91,371.35542878
1483981200,890.42,896,893.02,894.91,225.06575369
1483984800,890.01,895.98,894.91,894,316.98269213
1483988400,892.96,895,893.99,895,245.30468363
1483992000,894.99,899.54,894.99,897.35,274.9354144
1483995600,897.02,902,898.98,902,201.40840738
1483999200,897.92,903.95,901.99,903.95,281.5802469
1484002800,894.41,906.96,903.43,902.66,475.84992123
1484006400,900.66,905.99,902.66,905.99,267.9351212
1484010000,905.98,913.99,905.98,910.52,358.40672397
1484013600,910,911.8,910.32,911.8,109.9183075
1484017200,903.15,912,911.08,906.95,330.73674128
1484020800,900.99,907.56,906.92,903.51,273.14743805
1484024400,900.01,905.7,903.87,900.42,191.65083963
1484028000,900,907.55,900.97,903.13,141.65248459
1484031600,900.15,906.96,903.14,904.03,146.57975175
1484035200,904.02,909.01,904.02,908.97,140.97080365
1484038800,908.97,915,909,914.21,144.44262627
1484042400,912.93,915.1,914.61,914.95,175.16173414
1484046000,904.02,915.1,915.1,908.94,122.63987505
1484049600,905.14,912.17,908.94,910.99,145.10822318
1484053200,907.52,913.13,910.61,909.09,179.5435113
1484056800,900.31,910.88,909.09,902.2,377.02057444
1484060400,900.35,904.85,901.93,902.82,338.6935318
1484064000,901.74,904.99,903.82,904.51,355.53313269
1484067600,899.4,904.9,903.85,904.85,446.77736579
1484071200,899.01,904.99,904.85,904.49,512.06067029
1484074800,901.26,905.2,903.77,902.08,400.92662375
1484078400,902.1,906.8,902.1,906.69,589.53474339
1484082000,906.68,912,906.69,910.8,522.80158157
1484085600,904.66,911.67,909.71,907.26,416.83984185
1484089200,902.1,910.17,907.43,907,537.95819952
1484092800,899.1,909.6,906.81,906.02,532.73498852
1484096400,905.79,912,906.99,911.4,399.31366548
1484100000,908.14,914.99,911.45,911.86,312.65000773
1484103600,909.59,912.87,912.1,912.45,191.3214548
1484107200,910.57,913,912.45,912.97,153.61462024
1484110800,912.85,921,912.95,920.94,377.22596989
1484114400,915.79,923.98,921,916,286.65969618
1484118000,914,917.58,916,916.22,213.97169326
1484121600,914.51,918,916.06,917.7,137.30247276
1484125200,850,917.67,917.47,869.9,2144.67458082
1484128800,861.01,880.1,869.9,872.86,570.2097537
1484132400,835,874.97,872.81,846.92,1094.32966825
1484136000,788.88,846.88,846.88,815.76,1942.53625523
1484139600,792.58,828,815.76,822.04,1476.2097128
1484143200,800,825.66,822.01,811.96,1127.22634346
1484146800,802.8,824.64,811.91,805.02,918.37941314
1484150400,801.01,818.64,805.5,816.03,1180.2085322
1484154000,765,815,815,770.75,2164.10655514
1484157600,770.72,790,770.75,787.26,1259.81153445
1484161200,784.3,813,787.27,809.51,891.61199234
1484164800,787.58,813,808.49,793.04,738.71722682
1484168400,787,802.23,793.01,791.04,449.21650053
1484172000,789.03,799.27,791.04,797.41,256.04594511
1484175600,787.4,804.35,797.41,795.77,625.55670143
1484179200,765,800.16,795.8,781.31,1264.48235001
1484182800,763.48,789.92,781.81,786.48,843.66701557
1484186400,776,793.97,786.68,777.02,341.39144203
1484190000,770,792.15,777.02,789.5,836.11350203
1484193600,779.97,790,789.51,784.66,354.01415065
1484197200,775.69,786.99,783.42,777.41,261.37565002
1484200800,763.66,778,777.41,775.97,430.71203882
1484204400,734.64,777.1,777.1,757.95,1345.38898316
1484208000,758.19,774.99,758.19,766.34,309.62575065
1484211600,761.35,769.15,766.34,764.15,194.48761194
1484215200,761.67,775,766.27,775,290.17564785
1484218800,765.79,782.93,775,769.97,315.91852629
1484222400,766.85,779.87,769.96,773.13,285.71931005
1484226000,773.31,784.18,773.31,784,352.29570517
1484229600,782.86,789,783.2,789,267.62893817
1484233200,788.73,806.92,788.73,801.25,670.1729197
1484236800,798.18,815,801.18,805,923.87873166
1484240400,804.99,810.62,805.02,808.51,600.38310849
1484244000,803.01,813.99,808.49,813.99,497.75687067
1484247600,811.34,825,813.69,819.83,389.98081779
1484251200,819.84,829.98,819.84,824.74,448.64730149
1484254800,824.78,835.7,824.78,834.7,618.4812427
1484258400,805,840,833.23,822.25,859.75271373
1484262000,806.71,825,822.24,812.25,498.41254648
1484265600,808.39,815.77,812.25,815.73,335.08910452
1484269200,813.59,818.29,814.45,815.35,185.56898942
1484272800,812.19,819.81,815.35,817.12,319.84227588
1484276400,800.51,819.07,817.12,800.89,709.7572568
1484280000,792,804.51,800.5,801.45,620.09966551
1484283600,782.85,801.5,801.26,792.52,616.27473902
1484287200,785.89,806.46,792.5,792.19,421.21630162
1484290800,784.96,793.5,792.19,785.04,190.30514069
1484294400,785,795.24,785,793.23,190.47246385
1484298000,789.15,807.59,793.24,803.94,238.36935171
1484301600,791.95,811.3,804.1,804,268.22225955
1484305200,800.45,814.5,803.23,806.29,685.65125628
1484308800,795.49,811.7,806.29,802.04,594.26089673
1484312400,798.01,813.48,805,806.2,462.67693351
1484316000,802.92,820,806.2,814.35,526.40668482
1484319600,813.81,835.01,813.81,822.78,808.58214061
1484323200,820.84,832,823.32,831.99,535.12594916
1484326800,818.12,831.99,831.99,829.65,614.96451584
1484330400,820.8,830,829.6,826.88,309.13533289
1484334000,820,834.99,827.16,822.1,534.71479188
1484337600,820.73,832.7,824.56,827,347.45233293
1484341200,825.3,830.5,827,829.3,327.35171261
1484344800,825.2,830.5,830.33,830.17,489.55404505
1484348400,828.18,831.42,830.18,831.42,161.57956914
1484352000,831.42,841.22,831.42,840.19,348.99057921
1484355600,835.54,846.38,840.18,845.53,406.64630127
1484359200,837.03,847.52,845.53,837.8,308.69514534
1484362800,831.71,839.57,837.81,832.01,172.9965278
1484366400,831.98,837.03,832.01,834.64,164.27650158
1484370000,833.67,837.42,834.64,835.73,105.59444726
1484373600,822.34,835.74,835.74,831.68,516.45260029
1484377200,824.44,831.69,831.65,829.92,145.54815055
1484380800,825.53,835.55,829.93,835.55,98.18010244
1484384400,830.13,838.99,835.56,834.21,67.34255061
1484388000,826.15,836.02,835.46,830.75,125.67100135
1484391600,832.68,838.22,834.66,837.01,68.58645324
1484395200,834.03,838.99,837.03,838.99,65.16600914
1484398800,827.5,839,838.99,827.5,139.55026097
1484402400,827.4,835.2,827.51,829.44,135.9048011
1484406000,828.72,838.15,829.43,836.99,161.20400382
1484409600,834.38,837.22,837,837,174.82332071
1484413200,829.91,836.97,836.97,835.43,257.57363458
1484416800,835.88,837.95,835.88,837.94,110.92123006
1484420400,834.94,837.95,837.93,836.33,174.23696856
1484424000,832.16,837.99,836.33,835,191.98141379
1484427600,825,837.98,835.01,827.95,340.5800033
1484431200,823.44,830.86,827.94,824.38,307.36945934
1484434800,824.38,830,824.38,828,186.0423093
1484438400,825.41,832.95,828,832,181.52524122
1484442000,825.8,832,831.91,828.76,149.92577574
1484445600,825.25,828.86,828.79,828.07,124.09962166
1484449200,826,829.69,828.06,829.69,166.95977568
1484452800,826.71,829.76,829.52,828.7,113.24860587
1484456400,826.57,828.7,828.7,827,114.62771715
1484460000,824.45,827.01,827.01,825.47,84.34886524
1484463600,824,825.52,825.47,824.05,60.41044317
1484467200,824,824.27,824.09,824.25,46.65723446
1484470800,824.02,825.18,824.02,825.09,75.98569274
1484474400,825.1,826.03,825.1,826.01,132.44699982
1484478000,824,826.02,826.02,824.02,47.40778418
1484481600,824.02,826.03,824.02,826.03,29.71108252
1484485200,824.08,826.05,826.03,826.04,39.95608712
1484488800,824,826.12,826.03,824.02,75.23407474
1484492400,824,825.09,824.04,824.99,132.55771002
1484496000,824,826.45,824.99,824.94,232.79020349
1484499600,820.64,824.7,824.7,821.61,202.39074205
1484503200,819,824.65,821.64,824.42,156.82854958
1484506800,824.38,825.13,824.42,825.13,66.7739431
1484510400,822.13,825.99,825.15,824.78,180.10275779
1484514000,824,827.99,825.86,827.99,123.21213744
1484517600,825.07,832,827.99,828.97,179.50658056
1484521200,828.97,835,828.98,833.31,225.20742328
1484524800,832.02,834.1,833.43,833.31,237.56125543
1484528400,832.74,835,833.31,834.99,229.77465818
1484532000,835,838.98,835,838.97,246.11638954
1484535600,837.79,838.98,838.96,838.98,151.32396733
1484539200,837,839,838.97,838.99,168.65649219
1484542800,834.09,838.99,838.99,838.28,142.59798528
1484546400,837.2,839.1,837.2,839.1,80.00735178
1484550000,839.04,839.2,839.05,839.12,65.20778305
1484553600,836,839.97,839.14,838.24,99.99505764
1484557200,837.4,840,838.26,839,64.56695272
1484560800,834.93,839,839,835.23,65.37556002
1484564400,827.55,835.5,835.28,828.17,127.59468787
1484568000,826.03,829.99,828.17,829.46,163.16469605
1484571600,829.46,835.67,829.47,834.25,77.15128302
1484575200,827.7,835.09,834.26,832.87,172.44460565
1484578800,832.84,834.99,832.86,834.99,121.50772032
1484582400,833.13,834.99,834.98,833.99,116.64205655
1484586000,832.83,834,833.99,833.98,148.79455934
1484589600,830.12,833.98,833.98,833.39,165.18761845
1484593200,832.45,834.25,833.39,834.25,145.45466142
1484596800,829,834.9,834.25,833.54,182.16384338
1484600400,829.02,833.93,833.53,832.84,142.12248827
1484604000,829.86,833.99,833.1,833.99,101.70435792
1484607600,830.02,835,833.99,834.41,213.77589905
1484611200,830.1,834.4,834.4,833.77,83.38462967
1484614800,831.93,833.99,833.84,833.95,89.42826695
1484618400,832.51,834.98,833.95,834.98,64.96004669
1484622000,833.97,853,834.97,853,543.96289846
1484625600,850.95,869.78,850.95,866.63,649.59970185
1484629200,860.36,868.5,866.63,865,299.63077695
1484632800,862.87,868,865,866.49,151.78473582
1484636400,866.48,894.62,866.49,891.52,610.57448141
1484640000,883.05,899,891.16,883.13,453.77715519
1484643600,882.73,891.27,883.68,887.08,107.30985228
1484647200,884.96,895.36,887.07,890.33,151.30827292
1484650800,881.05,890.45,890.32,881.4,123.48061276
1484654400,876.81,885.82,881.39,885.82,222.31847152
1484658000,880,888.05,885.83,884.74,307.89611962
1484661600,881.34,885.99,884.74,884.01,305.21233245
1484665200,880,884.97,884.01,883.88,188.60941191
1484668800,882.25,887,883.88,887,199.16613738
1484672400,886.6,908.96,886.61,907,743.01321121
1484676000,893.03,909,906.99,908.49,493.07281476
1484679600,900.61,909,908.5,907.92,325.9046679
1484683200,900,908.05,907.9,900.01,372.51870171
1484686800,893.2,903.09,900.01,899.05,299.72500881
1484690400,899.06,908,899.06,905.09,253.48486648
1484694000,902.9,908,905.09,906,213.3653959
1484697600,905.22,914.87,906.09,912.07,309.47591355
1484701200,892,916.7,912.09,892.1,478.06729899
1484704800,882.26,898.4,892,888.11,550.3052258
1484708400,888.12,896.05,888.12,891.05,309.45996243
1484712000,891.06,906.66,891.06,904.7,178.72690588
1484715600,901.99,908.69,904.69,904.41,168.28759347
1484719200,901.92,904.5,904.41,901.92,77.54658502
1484722800,895.1,904.29,902.09,897.17,90.83084987
1484726400,892.77,899.97,897.11,892.77,89.05011048
1484730000,890,900.35,893.78,900.02,97.89338515
1484733600,900.02,903.93,900.02,902.58,57.37764391
1484737200,902.53,904,902.58,903.65,46.81010555
1484740800,899.24,905.58,903.65,899.92,193.17548476
1484744400,860.6,900.99,899.79,868.04,874.12631719
1484748000,850,871.16,868,869.3,805.92955223
1484751600,869.16,880.63,869.26,880.53,427.82735154
1484755200,873.01,882,879.61,876.86,250.36860727
1484758800,867.44,881.68,876.76,879.32,265.10167184
1484762400,859.07,879.29,879.29,873.64,308.27331114
1484766000,867.87,874.7,873.63,871.55,249.31859395
1484769600,871.52,878,871.52,878,310.36099796
1484773200,873,878,878,875.99,217.88135544
1484776800,875.33,879.99,875.98,878.93,216.22115493
1484780400,872.39,887.99,878.92,887.99,365.5705453
1484784000,886.64,900.99,887.98,894.72,436.35842945
1484787600,894.47,897.97,894.72,894.48,160.30010594
1484791200,883.08,894.49,894.49,891.02,316.50882117
1484794800,891.02,899.73,891.02,896.98,226.78269862
1484798400,891.5,896.83,896.52,894,74.85635855
1484802000,889.47,893.1,893.1,890.97,113.79717882
1484805600,890,894.76,890.42,894.76,144.8217771
1484809200,891.32,895.01,894.76,893.75,120.85155491
1484812800,893.74,900.2,893.75,899.99,94.08483358
1484816400,892.87,899.99,899.99,895.25,187.1243032
1484820000,891.85,897.04,895.25,891.98,71.76525541
1484823600,892.1,896.87,892.1,893.9,53.34282884
1484827200,893.1,894,894,893.99,79.82970869
1484830800,891.71,894,893.98,892.97,144.04763256
1484834400,891.74,898,892.9,897.74,157.63884087
1484838000,896.2,899.04,897.19,898.16,134.92597656
1484841600,895.5,900.1,898.15,898.6,225.74539221
1484845200,893.41,905.58,898.6,905.58,340.91201426
1484848800,900.5,906.99,905.75,905,216.11657098
1484852400,901.04,905,905,901.04,253.55473186
1484856000,897.15,907,902.96,900,601.1547384
1484859600,899.99,907,900,906.69,290.29612724
1484863200,891.99,906.69,906.66,898.78,486.17307056
1484866800,897,902.93,898.78,902.92,139.19568023
1484870400,901.75,904.59,902.92,904.59,160.61895934
1484874000,898.77,904.57,904.57,899.91,144.61004174
1484877600,899.47,903.85,899.91,903.85,113.04535862
1484881200,899.07,903.89,903.85,899.48,121.06730565
1484884800,893.65,900.18,899.48,893.65,211.43891461
1484888400,892.15,897.04,893.65,897.04,142.28035037
1484892000,891.16,897.65,897.04,895.66,240.9108193
1484895600,895.66,899.39,895.66,898.3,113.1401603
1484899200,897.21,898.49,898.3,898.21,75.37066309
1484902800,896.4,898.49,897.93,898.17,73.82397819
1484906400,890,898.49,898.17,892.5,190.39628354
1484910000,892.35,892.5,892.5,892.5,43.23673778
1484913600,892.5,897.01,892.5,896.9,80.56425831
1484917200,895.97,897,896.89,896.99,163.96351448
1484920800,897.01,898.5,897.01,898.47,159.76380604
1484924400,898.46,900,898.47,899.98,57.91884864
1484928000,899.98,900.99,899.98,900.99,121.85958292
1484931600,900.53,901.12,900.99,900.6,138.60524849
1484935200,900.53,902,900.7,900.75,121.35494754
1484938800,900.49,900.78,900.75,900.5,47.40733412
1484942400,900.49,900.81,900.5,900.51,55.58867754
1484946000,897.77,901.5,900.51,898.65,264.69244578
1484949600,890.58,899.79,898.98,894.89,153.1233436
1484953200,893.38,896.83,895.28,894.31,115.80816195
1484956800,892.5,895.33,894.31,894.31,42.97417071
1484960400,891.28,896.21,894.31,895.52,145.60269883
1484964000,895.49,905.14,895.52,905.14,541.87825181
1484967600,900.82,930,905.13,922.38,751.29594341
1484971200,918.22,925.34,923.12,919.54,388.27167331
1484974800,913.02,922.26,921.13,914.99,179.87965399
1484978400,914.33,920.33,915,919.6,104.02380244
1484982000,916.56,920.49,919.97,918.77,149.78430969
1484985600,914.55,920.48,918.38,917.19,99.13124237
1484989200,917.06,923.99,917.07,923.68,75.29619992
1484992800,921.88,924.83,923.61,923.5,108.3053597
1484996400,919.94,927.29,923.48,923.48,113.86973098
1485000000,923.45,929,923.45,926.79,110.02216894
1485003600,918.37,929.37,926.78,927.03,295.52580428
1485007200,919.47,928.17,927.2,925,225.78058248
1485010800,921,925.1,924.99,923.68,119.44088974
1485014400,920.18,926.84,923.66,920.18,131.79206721
1485018000,918.99,925.35,921.71,923.99,158.30448644
1485021600,923.7,928,923.78,926.01,145.57236453
1485025200,921.56,926.01,926.01,925.14,228.69009624
1485028800,922.15,924.98,924.98,924.95,175.85175451
1485032400,924.78,926.86,924.95,926.86,161.78742299
1485036000,923.8,927,926.84,925.28,132.29167014
1485039600,923.26,925.56,925.26,925.06,81.28854421
1485043200,924.7,932,925.06,932,347.50727738
1485046800,931.92,937,932,935.56,253.99424152
1485050400,933.41,944.17,935.56,944.17,226.62917697
1485054000,935,945,944.17,942,254.96531204
1485057600,939.73,946.25,942,944.55,210.30818878
1485061200,937.18,946.22,944.43,938.99,218.89019817
1485064800,936.03,938.99,938.99,937.6,103.12895159
1485068400,935.95,940,936.88,939.39,119.50123702
1485072000,935,943.94,940,941.22,196.65885909
1485075600,938.08,943,941.06,938.08,41.20610647
1485079200,930,938.09,938.09,934.05,177.82774732
1485082800,934,938.9,934.88,934.28,73.39625781
1485086400,902,934.16,934.16,913.85,647.93692578
1485090000,912.1,916.81,913.84,913.44,237.07251043
1485093600,902,916.7,913.13,914.95,300.00432474
1485097200,914.85,925.1,914.95,918.95,297.13682689
1485100800,916.57,922.93,918.93,919,193.13821567
1485104400,918.06,923,919.99,922.88,187.04156466
1485108000,917.79,923,922.8,918.93,155.7404827
1485111600,916.71,919.5,918.34,918.45,194.29622938
1485115200,917.69,921.99,919.49,921.98,139.60393485
1485118800,921.98,923,921.99,923,137.54141466
1485122400,919.97,923.99,923,923.98,126.56888376
1485126000,923.98,931.25,923.99,931.22,204.05868033
1485129600,915.31,931.33,929.45,924,240.31274921
1485133200,920.79,927.54,924,922.22,186.19862447
1485136800,921.57,924.99,922.54,924,138.50080879
1485140400,922.67,928.59,923.65,924.58,149.82415265
1485144000,922,925.25,923.65,924.28,140.22412511
1485147600,922.09,924.89,923.92,924.63,99.07707339
1485151200,920,924.61,924.61,920.61,146.43922331
1485154800,920,924.89,921.01,923.82,75.24567949
1485158400,922.47,924.99,923.82,924.16,84.39843986
1485162000,922.53,924.99,923.04,923.02,90.96901457
1485165600,921.43,924.88,923.39,923.82,49.62095368
1485169200,922.45,924.99,923.65,924.97,65.74831589
1485172800,921.88,924.99,923.83,923.21,114.77601259
1485176400,923.2,926.14,923.21,925.04,137.73675324
1485180000,923.2,927.51,924.47,927,182.40881841
1485183600,923.24,929.34,927.28,923.67,227.05568669
1485187200,916.83,923.99,923.67,922.92,322.67644602
1485190800,920,924,922.51,921.25,206.86395634
1485194400,918,924.99,921.2,920.88,284.76485899
1485198000,919,924.98,920.32,920.42,235.38122468
1485201600,918.17,922.33,920.41,921.69,129.79450573
1485205200,918.61,921.75,921.74,921.74,158.1711562
1485208800,920.84,925,921.74,921.3,243.83674369
1485212400,910.63,924.7,921.31,910.7,432.90695089
1485216000,890.01,912.22,911.78,907.82,959.93934657
1485219600,905.32,911,907.18,905.52,217.81212302
1485223200,905.38,911,905.52,910.99,213.90873969
1485226800,910.02,915.63,910.5,914.89,185.69428082
1485230400,909.25,923,914.9,921.99,447.9664801
1485234000,916,923,921.43,917.86,141.19032172
1485237600,915.75,918,917.74,917.5,80.35484172
1485241200,914.47,918,917.49,918,86.85981069
1485244800,913.91,918,918,916.18,84.5680492
1485248400,914.94,917.98,915.71,916.26,78.25446165
1485252000,901.6,917.27,917.2,903.22,270.29965507
1485255600,896.71,910,903.18,906.71,225.70366853
1485259200,902.73,909.9,907.4,905.2,150.17797255
1485262800,901.8,907.41,905.2,905.51,220.44934364
1485266400,901.63,906,904.87,904.5,212.96880776
1485270000,902.94,904.99,904.5,903.03,210.29499115
1485273600,900.58,909,904.37,907.73,391.25172176
1485277200,906.46,911.74,907.77,909.74,218.63774733
1485280800,906,910,909.75,906.36,152.7446684
1485284400,902.82,909,906.63,906.66,343.66207217
1485288000,900.8,907.06,906.61,900.84,270.40315129
1485291600,900.02,904.51,900.84,901.14,194.73785281
1485295200,888.2,903.43,901.15,890.95,521.91588767
1485298800,880,895.64,890.75,887,521.93915738
1485302400,886.99,898.52,887,895.91,383.33248994
1485306000,895.79,899.99,895.8,899.98,197.96837691
1485309600,895.92,903.76,899.98,903.69,304.29478013
1485313200,896.33,903.98,903.68,899.45,189.96272012
1485316800,899.43,903,899.43,901.27,104.4468787
1485320400,897.79,901.79,901.27,901.05,138.35657172
1485324000,893.21,901.78,900.99,900.08,166.2000471
1485327600,897,900.08,900.07,899.88,110.38415007
1485331200,897.67,901.79,899.54,901.75,62.94712837
1485334800,898.2,903,901.09,898.73,79.32490114
1485338400,894.08,898.73,898.73,896.15,92.43910504
1485342000,895.66,901.88,896.15,901.6,89.69710217
1485345600,899.2,902.74,901.21,901.49,67.73681767
1485349200,892,901.04,901.04,892.06,220.01986565
1485352800,890.55,896.33,892.06,896.12,286.70030074
1485356400,890.5,896.09,896.09,892.25,150.90286125
1485360000,892.17,895.79,892.25,895.61,166.71024384
1485363600,890.65,895.77,895.35,892.84,287.7070507
1485367200,892.11,898.34,892.85,895.94,360.06032069
1485370800,892.42,896.6,895.87,893.1,236.32047587
1485374400,892.44,896.99,893.3,895.54,259.67116702
1485378000,895.02,897.99,896.67,897.08,211.8424278
1485381600,895,899.39,897.51,896.2,191.61450188
1485385200,895.02,898,896.23,896,176.46429162
1485388800,896,900.99,896.75,899.98,380.59554999
1485392400,898.14,903,899.28,902.99,254.76312829
1485396000,901.02,903.99,902.76,902.86,249.3361919
1485399600,902.12,904.99,902.63,904.99,122.9623362
1485403200,902.2,907.32,904.98,905.15,166.83656372
1485406800,898.17,906.73,905.54,903.54,185.02002598
1485410400,897.29,904.25,903.21,900.48,124.5229129
1485414000,899.03,901.91,900.32,901.25,79.25973715
1485417600,900.65,905,900.67,903.87,61.48037409
1485421200,903.69,905.99,904.21,905.83,57.9761247
1485424800,905.5,905.99,905.83,905.99,62.50621552
1485428400,905.99,908.71,905.99,906.22,74.09569297
1485432000,906.22,907.89,906.24,907.86,72.08233991
1485435600,907.62,910.1,907.86,910.1,166.51089469
1485439200,910.1,914.99,910.1,914.99,244.91695507
1485442800,914.85,921.95,914.99,921.94,402.175492
1485446400,916.35,921.94,921.94,917.78,319.25789539
1485450000,912.33,917.95,917.43,915.91,237.65057001
1485453600,912.06,916.63,916.01,912.23,204.23967983
1485457200,912.06,918,912.34,918,447.54591721
1485460800,915.52,918,917.98,916.27,166.16368059
1485464400,914.52,916.35,916.26,916.07,133.37160985
1485468000,914.43,918,916.2,917.79,306.69789068
1485471600,916.01,917.99,917.8,917.02,198.1147548
1485475200,917.01,918.19,917.02,918.08,168.70262434
1485478800,917.69,920,918.03,919.99,168.14213244
1485482400,914.63,920,919.99,916.04,229.34665667
1485486000,915.01,919.38,916.04,915.66,140.24926294
1485489600,912.05,916.55,915.58,916.42,211.01155288
1485493200,911,918,916.42,914.75,242.98914658
1485496800,914.57,916.2,914.74,914.76,65.14281195
1485500400,915.19,920.75,915.36,920.75,142.03712325
1485504000,916.46,920.74,920.74,919.27,156.07203935
1485507600,919.23,920.75,919.27,920.75,45.62886464
1485511200,919.45,920.8,920.75,920.74,81.22066885
1485514800,918.59,921.77,920.75,920.56,49.76105353
1485518400,920.56,921.95,920.56,921.75,92.26777669
1485522000,918.65,921.75,921.75,920.31,140.59633575
1485525600,919.02,920.99,920.33,919.23,141.26750694
1485529200,918.62,922,920.08,921.75,183.34420631
1485532800,919.02,922.01,921.75,922.01,194.20259427
1485536400,921.87,923,922.01,922.86,185.5312275
1485540000,922.87,924.47,922.87,923.47,224.00828862
1485543600,919.75,923.47,923.47,921.44,198.32209332
1485547200,920.51,922.7,922.32,922.63,148.54082333
1485550800,920.9,923.52,922.63,923.48,133.1610007
1485554400,921.54,923.99,923.41,923.98,177.96967604
1485558000,921.5,924,923.99,922.63,199.5500189
1485561600,922.1,924.1,922.89,924.05,120.17216148
1485565200,923.27,924.07,924.05,923.96,120.95892134
1485568800,922.18,923.99,923.97,923.97,169.68794935
1485572400,923.51,923.99,923.71,923.59,91.27958093
1485576000,923.5,924.47,923.67,924.46,89.02584967
1485579600,924.01,924.47,924.47,924.4,120.18854007
1485583200,924,924.47,924.41,924.06,58.35009282
1485586800,924,924.07,924.05,924.02,55.92894627
1485590400,924,924.99,924.02,924.98,58.60415053
1485594000,924.34,924.99,924.98,924.73,62.53485162
1485597600,924,924.74,924.74,924.08,72.50444658
1485601200,924,924.32,924.31,924.05,42.6504
1485604800,924.01,924.98,924.02,924.98,54.07554298
1485608400,924.46,925,924.98,924.96,87.25623823
1485612000,923,924.99,924.52,924.65,229.82888405
1485615600,923.13,924.94,924.65,923.15,89.958697
1485619200,922.66,924.28,923.14,924.1,97.3896968
1485622800,922.01,924.49,924,922.35,123.64721861
1485626400,922.03,924.09,922.36,923.91,128.97257573
1485630000,921.81,924.59,923.91,923.85,222.21636369
1485633600,922.86,925,923.85,924.99,133.05110981
1485637200,924,925.5,924.99,925.39,136.86122106
1485640800,923.89,925.5,925.39,924.88,163.48420048
1485644400,924.02,924.99,924.45,924.98,105.91035829
1485648000,922,924.99,924.69,924.9,159.19827043
1485651600,924.14,925.5,924.9,925.47,95.71892839
1485655200,924.78,926.99,925.47,926.99,85.22215518
1485658800,922.77,927.47,926.99,924.45,184.21714572
1485662400,923.62,924.98,924.45,924.59,88.13450089
1485666000,924.23,924.99,924.93,924.97,62.15575016
1485669600,923.86,924.99,924.93,924.26,61.57264221
1485673200,923.92,924.94,924.25,924.92,37.7451821
1485676800,924.15,924.99,924.9,924.68,47.28375101
1485680400,924.45,924.99,924.45,924.98,30.94897882
1485684000,923.4,924.99,924.98,924.17,89.408108
1485687600,923.99,924.94,924.14,924.84,27.44939989
1485691200,923.25,924.84,924.84,924.03,47.17594465
1485694800,923.4,924.28,923.44,924.12,64.95810485
1485698400,922,923.85,923.85,922.12,128.15603802
1485702000,921.58,922.7,922.13,922.12,98.41733391
1485705600,920.41,922.52,921.9,922.26,100.72657552
1485709200,919.5,922.48,922.26,920,199.92346878
1485712800,915,920.38,920,916.33,364.57980877
1485716400,916.29,919,916.33,917.68,101.8313688
1485720000,916.41,920.58,917.68,919.76,116.64821632
1485723600,919.69,920.49,919.76,919.74,96.89785487
1485727200,917.84,920.21,920.01,917.99,117.35291626
1485730800,916,918.2,917.9,916.54,186.6212102
1485734400,915.97,917.64,916.56,916.13,148.93204978
1485738000,914.69,917.56,916.13,915.49,210.33780299
1485741600,915.5,920.57,915.5,919.9,155.29840744
1485745200,917.61,920.58,919.9,919.3,114.909678
1485748800,918.25,920.45,919.3,920.45,141.08984858
1485752400,919.41,920.51,920.45,920.49,89.69406873
1485756000,919.4,920.89,920.16,920.24,120.36937905
1485759600,918.9,920.54,920.27,920.46,92.15092105
1485763200,919.8,920.99,920.47,920.58,65.48482317
1485766800,919.18,920.66,920.56,920.46,69.20914508
1485770400,918.9,920.99,920.45,920.96,51.78980951
1485774000,919.1,920.99,920.61,919.96,35.97088986
1485777600,919.1,919.99,919.96,919.99,67.36078596
1485781200,919.06,919.99,919.99,919.74,88.47650703
1485784800,919.98,922.43,919.99,920.96,176.67718676
1485788400,920,922.88,920.68,921.07,222.73664471
1485792000,920,922.99,921.33,921.4,196.12671494
1485795600,918.26,922.62,921.03,919.47,373.04522303
1485799200,919.5,920.69,919.69,920.69,210.49500013
1485802800,919.56,921.77,920.69,921.69,177.29496327
1485806400,919,923.44,921.67,922.73,312.35461387
1485810000,922,923.95,922.29,922.88,216.36286645
1485813600,922.33,923.72,922.87,923.39,145.31547416
1485817200,922.1,923.7,923.66,923.23,140.79385848
1485820800,922.94,923.72,923.26,923.72,203.38453792
1485824400,923.28,923.97,923.69,923.97,148.60964956
1485828000,923.33,923.99,923.94,923.95,135.96329847
1485831600,923.82,924.99,923.95,924.99,158.91867368
1485835200,924.45,925,924.98,924.94,130.7916935
1485838800,924.55,925,924.95,924.99,101.63210468
1485842400,924.5,925,924.99,925,118.74785968
1485846000,924.99,935,925,934.98,348.98300985
1485849600,934.22,934.99,934.99,934.24,128.44327103
1485853200,934.15,935,934.24,934.92,78.4565235
1485856800,933.83,934.94,934.94,934.71,106.84433632
1485860400,934.7,940,934.71,940,133.18064307
1485864000,940,964.43,940,952.22,855.87452774
1485867600,952.21,959.18,952.22,956.82,451.72373974
1485871200,955,957.82,956.83,957.8,283.56946326
1485874800,957.8,963.03,957.8,963.03,304.19084488
1485878400,963.01,969.12,963.19,965.6,674.26534656
1485882000,952,965.25,965.23,957.14,526.06963138
1485885600,955.92,960.99,957.14,960.75,244.98965453
1485889200,950.92,960.82,960.29,956.59,393.35123719
1485892800,952.55,957.54,956.59,956.37,208.93835058
1485896400,954.29,960.8,956.35,960.78,234.01856797
1485900000,960.21,971.24,960.43,970.4,466.80723529
1485903600,970.01,972.3,970.48,970.01,295.58898626
1485907200,968.47,974.57,970.01,974.3,431.17159861
1485910800,972.19,979.52,974.3,979.21,514.13195017
1485914400,971.06,979.35,979.21,973.76,306.20213983
1485918000,971.5,974.29,972.33,974.23,167.93250371
1485921600,970.05,974.7,974.23,972.42,273.60303435
1485925200,972.21,975,973.09,975,240.38234343
1485928800,971.81,975,975,974.64,181.75739763
1485932400,972.52,979,974.74,978.89,146.06520695
1485936000,975.96,979.8,978.85,979.79,114.42059661
1485939600,972,979.99,979.78,973.57,230.2151845
1485943200,965,973.95,973.57,971.14,246.22083411
1485946800,968.04,972.56,971.05,969.39,106.92197221
1485950400,963.84,972.21,969.84,964.72,194.94135068
1485954000,964.16,970.82,964.69,970.82,200.82521071
1485957600,970.83,974.17,970.84,971.75,329.76237015
1485961200,970.21,974.29,971.75,974.28,267.06619513
1485964800,972.58,977.75,973.51,976.92,328.24987463
1485968400,976.78,978.27,976.91,977.34,184.6501428
1485972000,976.65,979.99,977.35,979.93,179.03248009
1485975600,977.89,979.95,979.93,978.7,369.100824
1485979200,978.63,980,978.91,979.25,213.30786564
1485982800,979.14,980.9,979.25,980.8,158.25843116
1485986400,979.4,987,980.79,986.97,309.86743428
1485990000,986.96,992.75,986.97,992.75,299.53902507
1485993600,992.75,996.75,992.75,995.9,229.20882673
1485997200,991.52,996.99,996.71,993.99,301.47771669
1486000800,984.18,993.99,993.99,984.96,352.38062566
1486004400,978.74,986.2,984.67,986.14,378.22801059
1486008000,983.64,986.14,986.14,985.95,155.12527865
1486011600,985.07,988.93,985.91,987.01,120.72545221
1486015200,985.75,988.9,987.98,988.52,109.37647316
1486018800,985.98,988.99,988.52,988.74,103.88664713
1486022400,987.89,990,988.74,990,84.20475683
1486026000,989.79,992,990,991.98,103.17687322
1486029600,988.49,992,991.97,992,106.2370415
1486033200,989.33,992,991.93,992,73.09155549
1486036800,989.82,992,992,991.9,75.83003986
1486040400,990.56,993.24,991.89,993.1,161.65953787
1486044000,988.6,994.6,993.16,993.7,339.09753985
1486047600,992.13,996,993.67,995.85,235.54054247
1486051200,995.95,1005,995.97,1005,613.12600987
1486054800,1001.48,1005.1,1005,1001.49,387.51466953
1486058400,1000,1002.96,1001.48,1002.87,313.91669694
1486062000,1000.03,1002.49,1002.08,1002,188.40702883
1486065600,1001.21,1003.23,1002,1001.99,165.85694256
1486069200,1002,1008.99,1002.84,1008.99,369.98480429
1486072800,1005.3,1010,1008.99,1008.56,419.10790657
1486076400,1002.01,1009.99,1007.78,1008.38,341.05140427
1486080000,997.94,1009.96,1008.4,1006.89,355.93251282
1486083600,1001.62,1014.73,1006.9,1014.22,490.02644287
1486087200,1011,1019,1014.71,1018,487.21146376
1486090800,1017.18,1022,1017.98,1020.6,301.49779119
1486094400,1018.27,1021.96,1020.68,1021.26,210.461952
1486098000,1017.08,1024.5,1021.36,1019.9,269.19022482
1486101600,994.34,1023.23,1019.54,1000.78,627.56579366
1486105200,1000.79,1017.66,1000.79,1017.13,259.78684669
1486108800,1011.38,1018.9,1017.26,1012.58,197.92130465
1486112400,1009.89,1017,1012.1,1017,154.93646096
1486116000,1007.17,1018.85,1016.89,1008.55,321.817205
1486119600,1002.94,1010.58,1008.57,1007.92,154.51321736
1486123200,1000,1009.84,1008.01,1005.98,230.24078723
1486126800,1005.2,1013.4,1005.99,1013.35,174.00802161
1486130400,1010,1016.06,1012.2,1015.55,179.16612345
1486134000,1009.48,1017.73,1015.5,1017.73,313.11446155
1486137600,1015.24,1018.23,1017.86,1016.5,169.20051896
1486141200,1012,1018.99,1016.5,1018.99,348.48762784
1486144800,1017,1019.98,1018.99,1017.58,224.7218873
1486148400,1016,1019,1017.79,1016.62,217.54986374
1486152000,1010,1016.63,1016.45,1013.7,244.71985704
1486155600,1011.03,1016.08,1013.7,1015.8,270.47949464
1486159200,1008.79,1015.98,1015.75,1015.44,279.20742217
1486162800,1014.15,1019.75,1015.49,1018,294.51243715
1486166400,1016.5,1019.5,1018.48,1018.59,259.70215284
1486170000,1017.4,1019.5,1018.57,1019.04,161.10682069
1486173600,1014.41,1019.49,1019.05,1014.41,239.52469689
1486177200,1012,1014.65,1014.41,1012.28,234.82734627
1486180800,1011.11,1014.57,1012.28,1012.82,200.70583134
1486184400,1006.75,1014.01,1012.8,1008.35,170.92646739
1486188000,1001.8,1013.94,1007.51,1012.9,206.7850247
1486191600,1012.59,1014.43,1012.82,1014.43,69.16517752
1486195200,1010.5,1015,1014.42,1010.52,67.15544274
1486198800,1010.01,1010.76,1010.66,1010.63,38.20719705
1486202400,1009.01,1012.12,1010.63,1010.62,115.90778875
1486206000,1010.63,1013,1010.63,1011.25,50.98243014
1486209600,1010.41,1013.01,1011.77,1012.41,82.39374602
1486213200,1012.2,1018,1012.4,1016.01,281.34545219
1486216800,1010.22,1016.09,1016.07,1012.15,132.55058077
1486220400,1012.11,1014.84,1012.98,1013.99,157.69642556
1486224000,1012,1019,1014,1019,172.65285877
1486227600,1018.99,1038,1018.99,1037.02,557.2989291
1486231200,1036.5,1044.12,1037.02,1037.53,543.70115328
1486234800,1030.04,1039.79,1037.53,1039.27,290.4414062
1486238400,1033.81,1039.27,1038.8,1033.86,207.60363867
1486242000,1027.87,1033.85,1033.85,1029.32,181.62637956
1486245600,1029.32,1035.22,1029.33,1035.05,144.93476948
1486249200,1029.89,1035.99,1035.06,1035.54,226.56351024
1486252800,1029.89,1036.3,1035.54,1032.9,223.39426908
1486256400,1032.9,1035.98,1032.9,1035.26,123.71099399
1486260000,1031.59,1035.66,1035.26,1034.25,200.72089993
1486263600,1033.67,1034.64,1034.23,1033.67,100.71740823
1486267200,1030,1033.64,1033.64,1030.29,104.93216497
1486270800,1028.25,1030.31,1030.31,1029.82,126.52179769
1486274400,1028.21,1030.65,1029.78,1030.64,157.73330465
1486278000,1030,1030.64,1030.64,1030.01,53.05227637
1486281600,1027.01,1030,1030,1028.88,72.84628293
1486285200,1025.7,1028.89,1028.88,1027.3,85.24669398
1486288800,1021.01,1028.41,1027.48,1021.41,124.28842836
1486292400,1020.43,1025.31,1021.4,1025.31,96.24808824
1486296000,1019.02,1025.18,1025.18,1019.18,81.91974221
1486299600,1015,1020.25,1019.14,1019.03,358.4841951
1486303200,1019,1023.97,1019.28,1019.21,124.2891564
1486306800,1018,1020.45,1019.2,1018.11,188.41698562
1486310400,1015,1018.84,1018.13,1015.81,294.77110938
1486314000,1010,1016.33,1015.73,1011.07,473.69842622
1486317600,1003.02,1010.9,1010.66,1005.83,428.01781919
1486321200,1004.74,1011.14,1005.83,1011.14,349.92408671
1486324800,1009.73,1020.09,1011.14,1014.86,276.93623112
1486328400,1007.89,1015.54,1014.71,1015.3,192.46417012
1486332000,1011.38,1015.55,1015.3,1015.55,246.2120483
1486335600,1015.47,1020,1015.47,1016.32,136.84511207
1486339200,1015.36,1019.27,1016.32,1017,127.79005085
1486342800,1016.99,1019.2,1017,1019.2,135.04993805
1486346400,1014.64,1020.86,1019.09,1018,141.40485064
1486350000,1016.92,1020.85,1017.03,1020.19,79.57589468
1486353600,1017.36,1022.7,1020.19,1019.98,162.81579325
1486357200,1017,1020.47,1019.96,1017.94,144.00931942
1486360800,1017.8,1020.5,1018.83,1020.49,90.9485163
1486364400,1018.71,1020.5,1020.49,1020.5,69.92388467
1486368000,1020.49,1022,1020.5,1022,185.69741968
1486371600,1021.99,1026,1021.99,1026,149.82785321
1486375200,1025.99,1027.7,1026,1027.63,71.91095193
1486378800,1022.01,1027.7,1027.65,1023.78,149.58015066
1486382400,1023.77,1027.27,1024.44,1027.17,103.22264475
1486386000,1022.16,1027.6,1026.06,1022.43,133.4073013
1486389600,1022.24,1026,1022.42,1024.47,165.63000292
1486393200,1023.27,1026.32,1024.98,1023.99,260.91008258
1486396800,1021.99,1024,1023.97,1023,416.76336962
1486400400,1020,1023.11,1023.1,1021.96,226.70201341
1486404000,1020,1022.99,1022.72,1021.06,310.82422226
1486407600,1019.75,1022.99,1021.05,1022.41,280.26347289
1486411200,1020.67,1024,1021.93,1024,158.76371715
1486414800,1022.98,1025.99,1023.99,1025.51,270.9368331
1486418400,1022.95,1025.73,1025.3,1025.72,206.01638663
1486422000,1020.82,1025.96,1025.73,1022.58,325.28362508
1486425600,1021.75,1024.62,1022.65,1023.89,160.16731693
1486429200,1023.66,1025.67,1023.86,1025.41,198.52538947
1486432800,1025.31,1025.99,1025.66,1025.99,219.09237201
1486436400,1025.87,1027,1025.99,1026.99,165.89923436
1486440000,1027,1036.99,1027,1036.99,281.8107464
1486443600,1036.56,1040,1036.98,1039.37,254.57580259
1486447200,1034.06,1039.37,1039.36,1039.17,189.33151829
1486450800,1038.69,1048.89,1039.24,1047.33,186.98534077
1486454400,1045.65,1047.33,1047.32,1047.24,122.23294708
1486458000,1045.69,1047.96,1047.29,1045.74,72.06687495
1486461600,1040.86,1045.77,1045.73,1045.33,124.61243717
1486465200,1044.68,1048.99,1045.33,1048.96,155.23246471
1486468800,1048.53,1056.72,1048.97,1055.09,470.25147792
1486472400,1052.73,1055.09,1055.09,1054.98,241.49553594
1486476000,1054.06,1058.26,1054.98,1054.06,243.74562374
1486479600,1045.03,1054.05,1054.05,1047.99,424.51952385
1486483200,1045.17,1048.23,1048,1046.75,278.66908319
1486486800,1045,1049.99,1046.86,1049.02,260.39437525
1486490400,1047.01,1049.99,1048.93,1049.89,294.44526516
1486494000,1046.61,1050,1049.89,1048.3,332.27776472
1486497600,1047.5,1051.84,1048.29,1051.33,173.60701
1486501200,1050.58,1053.25,1051.33,1052.93,235.84363897
1486504800,1051.01,1053.99,1053.24,1053.28,223.18918595
1486508400,1051.12,1053.98,1053.1,1053.96,183.43787959
1486512000,1051.46,1057.99,1053.95,1057.99,280.81648171
1486515600,1057.51,1064.23,1057.98,1060,327.81928949
1486519200,1060,1068.75,1060,1066.56,361.70551175
1486522800,1065.5,1069.4,1066.55,1068.64,275.35858832
1486526400,1065.58,1069.95,1068.65,1067.01,249.02199868
1486530000,1065.62,1068.2,1067.01,1067.19,185.65633358
1486533600,1067.02,1068.1,1067.18,1068.1,120.45153377
1486537200,1064.26,1068.78,1068.1,1064.26,196.76300773
1486540800,1016.49,1064.12,1064.12,1038.18,1293.1634522
1486544400,1025.08,1038.01,1038.01,1032.26,240.42606567
1486548000,1029,1045.85,1032.27,1045.82,285.00034437
1486551600,1036.96,1046.97,1045.79,1038.13,245.77512554
1486555200,1031.64,1040.26,1038.17,1040.26,265.31728669
1486558800,1039.57,1041.81,1040.37,1041.22,151.49509474
1486562400,1040,1043.08,1041.21,1042.49,167.72013581
1486566000,1042.5,1052.24,1042.67,1052.18,253.94924172
1486569600,1051.98,1057.49,1052.18,1055.04,249.53586722
1486573200,1051.1,1058.94,1055.95,1058.67,265.96862858
1486576800,1057.78,1065,1057.85,1062.43,445.59104508
1486580400,1058.5,1063,1062.39,1062.99,228.06212225
1486584000,1053.03,1063.99,1062.99,1056.3,308.75291138
1486587600,1053.54,1061.93,1056.51,1060.99,207.67837308
1486591200,1055.05,1060.88,1060.87,1059.73,214.79800991
1486594800,1055,1059.99,1059.71,1056.7,159.14588179
1486598400,1055,1064.85,1057.22,1064.85,232.30744458
1486602000,1061.01,1067.5,1064.84,1062,179.78111938
1486605600,1061.8,1065.99,1061.99,1065.99,216.44803075
1486609200,1065.99,1073.22,1065.99,1072.7,450.26880777
1486612800,1069.63,1079,1072.68,1072.48,328.31163323
1486616400,1069.14,1078.48,1072.05,1074.3,280.65106306
1486620000,1062.64,1074.65,1074.39,1062.66,267.29468489
1486623600,1053.12,1066.31,1063.25,1062.41,282.63896779
1486627200,1061.02,1069.55,1061.18,1066.01,118.49399323
1486630800,1062.22,1066.01,1066.01,1065.32,70.93585268
1486634400,1057.23,1065.99,1065.61,1065.99,98.87919772
1486638000,1064.83,1067.98,1065.98,1065.24,71.75399414
1486641600,1041.55,1065.96,1065.23,1041.77,359.26562717
1486645200,925,1051.28,1041.56,989.44,4211.74304983
1486648800,940.02,1005,985.75,970.93,2283.99824857
1486652400,955,993,965.78,992.52,1606.06737677
1486656000,985.69,992.96,992.47,992.36,758.42306485
1486659600,973.34,994.2,992.35,983.75,811.06418152
1486663200,973.01,989.73,983.74,974.96,557.15238687
1486666800,946,974.94,974.8,959.4,1327.83733122
1486670400,955.77,978.99,959.52,977.98,707.1819875
1486674000,972.67,979.98,977.94,977.96,375.67757265
1486677600,977.08,984.32,977.96,982.86,423.33551517
1486681200,977.81,994.25,982.94,994.24,550.13977269
1486684800,962.12,999.96,993.58,987.24,712.14104638
1486688400,971.37,988,987.33,980.85,366.1883285
1486692000,971,983.6,980.85,980.18,388.96470407
1486695600,978.2,993.71,980.84,982.29,289.77142655
1486699200,982.29,988,982.29,987.92,168.22960324
1486702800,984,996.65,987.92,989.23,321.91915132
1486706400,972,989.7,989.14,977.02,252.96889275
1486710000,974.5,987,976.26,983.71,184.27080597
1486713600,961,983.71,983.71,962.75,378.43077861
1486717200,965.41,984.35,965.41,978.97,198.01324041
1486720800,972.6,979.65,978.96,978.17,96.92783556
1486724400,968.39,988.91,977.42,986.64,145.21777995
1486728000,977.71,989.62,988.26,981.51,110.15045384
1486731600,968.78,980.78,980.66,969.5,343.7472922
1486735200,966.3,970,969.5,968.99,277.65143377
1486738800,968.99,978.99,968.99,978.97,361.3154032
1486742400,975.66,978.99,978.97,978.2,220.40648866
1486746000,974.28,979.99,978.19,979.97,342.73419282
1486749600,975.72,990.22,979.97,989.82,770.29098953
1486753200,986,989.5,989.45,988.74,347.59620526
1486756800,988.21,996,988.77,995.99,694.4552056
1486760400,992.78,1008,995.78,1004.41,483.30614665
1486764000,1000,1005.49,1003.71,1004.97,264.28057376
1486767600,999,1004.99,1004.95,1001.99,224.74835822
1486771200,1000.01,1004.98,1001.88,1000.3,274.11003757
1486774800,999.99,1003.85,1001.98,1002.88,355.7798937
1486778400,1002.78,1005.86,1003.14,1005.03,172.1229027
1486782000,995.49,1007.98,1005.83,1004.28,446.09080882
1486785600,998.47,1016.39,1004.36,1013.21,305.8134271
1486789200,1010.63,1020,1013.21,1016.33,272.59904216
1486792800,1010,1019.8,1018.22,1011.45,124.679037
1486796400,1010.61,1015.78,1011.5,1015.78,138.61673069
1486800000,1012.94,1017.01,1015.35,1017.01,89.85386339
1486803600,1017,1020,1017.01,1018.66,142.20444405
1486807200,1016.86,1020,1018.73,1020,78.27943393
1486810800,1007,1020,1019.99,1012.62,89.53656423
1486814400,1006.5,1013,1012.87,1013,64.50051757
1486818000,1010.4,1013.75,1013,1013.29,88.43482259
1486821600,1011.19,1014.92,1013.29,1014.23,122.47009917
1486825200,1011.68,1014.99,1014.25,1012.11,148.52367918
1486828800,1010,1014.43,1012.04,1013,171.71861454
1486832400,1013,1022,1013.28,1022,238.57796824
1486836000,1016.9,1023.89,1022,1020.93,175.60166926
1486839600,1014.11,1022.53,1021.56,1018.03,189.80487967
1486843200,1016.8,1020,1018.03,1016.8,145.66231376
1486846800,1016.8,1022,1016.94,1021.32,205.30165969
1486850400,1013.98,1021.26,1020.06,1017.52,174.99820712
1486854000,1016.95,1019.1,1017,1018.65,106.68997951
1486857600,1017,1018.88,1018.63,1017,123.69229278
1486861200,1014.41,1017.84,1017.19,1014.98,147.57393928
1486864800,1011,1014.98,1014.98,1013.01,132.05362051
1486868400,1010.43,1013.16,1013.01,1013.13,93.31350403
1486872000,1010.4,1013.16,1013.13,1012.29,108.63087333
1486875600,1010.5,1013,1012.29,1011.82,83.32147845
1486879200,1010.57,1013.99,1011.82,1013.78,76.655322
1486882800,1011.3,1014,1013.97,1013.34,19.02064579
1486886400,1012.81,1013.5,1013.11,1013.31,10.32850065
1486890000,1012.79,1013.31,1013.31,1013.23,10.80646698
1486893600,1013.23,1014,1013.23,1014,10.12801648
1486897200,1013.7,1014,1014,1014,8.55827147
1486900800,1013.95,1014,1014,1013.99,26.89020417
1486904400,1013.59,1014,1013.95,1013.85,13.42716938
1486908000,1013.5,1013.95,1013.88,1013.6,15.95348868
1486911600,1013.5,1013.59,1013.59,1013.51,22.60889345
1486915200,1013.49,1013.51,1013.51,1013.5,13.80604663
1486918800,1008,1013.5,1013.5,1010.4,99.35088892
1486922400,1008.76,1010.4,1010.4,1008.76,26.10882006
1486926000,1008,1008.76,1008.76,1008.52,17.69343396
1486929600,1008.57,1008.76,1008.57,1008.74,18.46856792
1486933200,1008.73,1008.81,1008.73,1008.81,17.60438444
1486936800,1008.8,1009,1008.81,1009,120.80175463
1486940400,1008.98,1010,1009,1010,98.93297391
1486944000,1009.95,1012.29,1009.99,1011.44,116.90536003
1486947600,1011.49,1013.68,1011.49,1013.68,131.58178735
1486951200,1013.65,1014.99,1013.68,1014.99,113.59752543
1486954800,1013.69,1016,1014.99,1015.89,177.08709833
1486958400,1015.01,1018.52,1015.89,1018.52,136.6374314
1486962000,1018.73,1021.5,1018.73,1018.73,169.8278289
1486965600,1016.11,1018.74,1018.73,1016.99,58.56640003
1486969200,1015,1017,1016.98,1015.39,46.3916031
1486972800,985.68,1017,1015.39,993,575.4159156
1486976400,992.62,998.99,992.62,997.88,87.26149514
1486980000,992.9,999.99,998.67,994.49,82.27821094
1486983600,994.5,1007.83,994.5,1002.79,80.24228234
1486987200,996.26,1004,1002.8,999.34,142.79707466
1486990800,992.08,1000.76,999.35,992.41,261.10118868
1486994400,991.75,994.6,992.41,994.39,198.77274829
1486998000,992.11,996.05,994.4,994.53,244.80047371
1487001600,994.51,1001.89,994.89,1001.76,528.75472159
1487005200,996.11,1001.99,1001.89,999.37,211.75180232
1487008800,998.32,1000,999.49,999.99,215.55969293
1487012400,999.25,1001.99,999.97,1001.98,208.2368986
1487016000,999.01,1002.8,1001.74,1001.1,196.28645341
1487019600,998.29,1003.78,1001.1,1003.78,218.74733362
1487023200,1000.95,1005,1003.79,1003.84,261.82622461
1487026800,1000.82,1004.49,1003.74,1002.82,257.32303182
1487030400,1000,1002.88,1002.88,1001.64,171.34861028
1487034000,996,1003.07,1000.72,1000,333.20423048
1487037600,996.73,1004,1000,1002.01,271.08069581
1487041200,1000.93,1004,1002.01,1001.03,178.18899307
1487044800,994.1,1009,1001.03,996.94,308.64600529
1487048400,992.27,1006.42,996.91,1005.85,239.798673
1487052000,1002.16,1006.69,1005.83,1006.67,269.52990594
1487055600,1003.1,1007.46,1006.67,1006.99,127.27668027
1487059200,1006.11,1018.92,1006.13,1015.81,509.77752229
1487062800,1015.7,1018.96,1015.8,1018.13,126.2735413
1487066400,1013.71,1018.97,1018.14,1015.5,203.19677933
1487070000,1000,1016.15,1015.29,1000.01,178.05344001
1487073600,1000.01,1013.45,1000.01,1007.52,196.65516917
1487077200,1007.51,1013,1007.51,1011.28,169.18085461
1487080800,1008.76,1012.99,1011.29,1010.68,173.35695757
1487084400,1008.35,1013.47,1010.92,1013.47,191.82954958
1487088000,1013.02,1014,1013.13,1013.99,262.82146417
1487091600,1010.4,1013.99,1013.99,1011.16,371.77611098
1487095200,1008.36,1011.19,1011.18,1008.36,201.76145901
1487098800,1005.51,1009.9,1008.5,1008.29,275.7137458
1487102400,1003.32,1009.97,1008.29,1008.38,498.15831049
1487106000,1007.6,1010,1008.38,1009.06,165.03753235
1487109600,1008.44,1012.85,1009.15,1012.84,278.5017956
1487113200,1010.51,1014,1012.84,1013.92,209.32230155
1487116800,1012.12,1014.4,1013.92,1014.13,245.79733456
1487120400,1012.35,1014.99,1014.13,1013.83,187.37445512
1487124000,1012.13,1014.98,1013.83,1012.13,107.3498646
1487127600,1008.2,1013.8,1012.91,1008.97,191.60239529
1487131200,1007.66,1013.45,1008.99,1013.45,176.93108234
1487134800,1010.33,1013.45,1013.45,1013.01,117.6601468
1487138400,1008.6,1013.01,1013.01,1009.08,109.68194004
1487142000,1008,1009.44,1009.07,1009.14,110.24951151
1487145600,1008.7,1011.02,1008.72,1010.99,63.47759929
1487149200,1009.37,1012.81,1010.99,1011.5,78.38362746
1487152800,1009.34,1011.85,1011.5,1010.4,116.45316081
1487156400,1010.19,1011.49,1010.3,1011.48,56.80253627
1487160000,1010.03,1012.99,1011.38,1012.98,160.17174169
1487163600,1011.67,1013,1012.98,1012.75,213.84758291
1487167200,1011.35,1013.99,1012.75,1013.99,226.35884546
1487170800,1010,1014,1013.99,1012.3,336.08579459
1487174400,1011.01,1014.86,1012.3,1012.42,289.59526139
1487178000,1010.5,1012.99,1012.34,1012.02,256.06519977
1487181600,1010.01,1013.5,1011.56,1013.5,248.51797996
1487185200,1012.21,1013.99,1013.5,1013.83,282.85610727
1487188800,1013.85,1014.99,1013.85,1014.71,199.42096312
1487192400,1013,1015.74,1014.78,1015.74,249.27635519
1487196000,1013.05,1016,1015.68,1015.73,203.89917806
1487199600,1011.81,1015.73,1015.73,1014.53,266.49150492
1487203200,1013.02,1014.99,1014.58,1014.98,184.55298404
1487206800,1014.96,1015.99,1014.98,1015.99,154.83722185
1487210400,1015.93,1022,1015.99,1022,612.48315496
1487214000,1020.29,1027.66,1022,1020.29,572.00219655
1487217600,1020.32,1022,1020.97,1022,127.87741443
1487221200,1021.99,1025.9,1022,1025.9,215.93066141
1487224800,1025.02,1028,1025.9,1028,203.26105802
1487228400,1022.92,1028.67,1028,1024.51,109.50374626
1487232000,1021.44,1024.78,1024.51,1024.2,149.20366649
1487235600,1023.68,1024.2,1024.2,1023.99,97.74602405
1487239200,1018.64,1024.99,1023.99,1022.25,213.57722668
1487242800,1021.61,1024.99,1021.65,1024.96,93.83403817
1487246400,1022.5,1025,1024.96,1024.99,70.75884134
1487250000,1023.63,1026.99,1024.99,1025.84,185.7294998
1487253600,1024.51,1029.5,1025.77,1029.5,157.81313924
1487257200,1029.4,1038,1029.5,1035.38,430.04533076
1487260800,1034,1038.72,1035.38,1037.15,294.02392169
1487264400,1033.13,1041,1036.56,1034.99,346.69635254
1487268000,1033.52,1041.88,1034.99,1040.19,285.01358466
1487271600,1037.5,1040.91,1040.22,1040.06,277.20535457
1487275200,1036.35,1040.99,1040.06,1038.11,518.87041896
1487278800,1035,1039.8,1038.8,1038,307.20610103
1487282400,1035.79,1038.89,1038,1036.39,205.38150729
1487286000,1035.31,1039.5,1036.95,1038.94,182.73978772
1487289600,1037.04,1042,1038.95,1042,248.46190695
1487293200,1041.98,1044.88,1042,1044.88,208.29435814
1487296800,1036.29,1044.88,1044.87,1039.45,200.02343295
1487300400,1037.95,1043.3,1039.04,1042.15,207.34179903
1487304000,1039.9,1044.3,1042.68,1044.23,137.1976539
1487307600,1041,1044.3,1044.24,1042.5,104.17502211
1487311200,1040,1043.27,1042.5,1040.31,88.33462007
1487314800,1040,1044.33,1040.26,1044.29,177.24481234
1487318400,1041.5,1044.88,1043.9,1044.88,76.28740908
1487322000,1043.26,1046.77,1044.88,1046.77,110.82432626
1487325600,1045.91,1049.95,1046.77,1045.91,248.47512229
1487329200,1040.8,1048.28,1045.72,1046.01,219.27044347
1487332800,1043.7,1049.15,1046.78,1044.54,128.12315909
1487336400,1044.66,1055,1044.95,1054.99,334.81930761
1487340000,1052.58,1064.6,1054.9,1061.99,736.97419854
1487343600,1052.51,1060.99,1060.62,1058.22,592.52594873
1487347200,1055.03,1059.99,1058.22,1058.53,359.38405626
1487350800,1056.79,1059.99,1058.8,1057.36,345.16705513
1487354400,1052.02,1057.9,1057.4,1054.15,392.21962881
1487358000,1050.15,1056.99,1054.15,1056.58,449.58535542
1487361600,1056.01,1059.69,1056.54,1059.69,197.75520273
1487365200,1057.57,1059.99,1059.68,1058.5,281.88658656
1487368800,1058.5,1062.27,1058.53,1062.05,245.83070268
1487372400,1057,1062.33,1062.03,1057.3,244.49634563
1487376000,1057,1061.81,1057.29,1058.21,236.61767811
1487379600,1055.6,1060.76,1058.29,1060.31,145.46080614
1487383200,1055.6,1061.77,1060.34,1061.77,210.79116803
1487386800,1058.76,1063.93,1061.76,1063.83,166.9158596
1487390400,1063.59,1067,1063.84,1066.68,124.5176422
1487394000,1066.69,1073.8,1067,1070.49,341.45360522
1487397600,1066,1070.98,1070.84,1067,183.9044186
1487401200,1065.78,1071,1066.13,1070.89,92.76206302
1487404800,1068.12,1073.14,1070.85,1069.3,89.35595767
1487408400,1067.8,1070.1,1069.29,1069.34,66.99915643
1487412000,1066.99,1069.69,1069.3,1068.98,122.90344089
1487415600,1066.96,1069.49,1068.95,1068.15,90.24607106
1487419200,1064.14,1068.69,1068.66,1066.37,85.95618019
1487422800,1064.02,1068.58,1066.49,1064.97,99.11987451
1487426400,1062.6,1066.36,1064.29,1063.98,157.11977919
1487430000,1062.26,1069.3,1063.88,1069.3,284.11795219
1487433600,1068.47,1069.99,1069.32,1069.16,197.2549873
1487437200,1067.08,1069.16,1069.16,1068.67,152.78578753
1487440800,1066.97,1070.11,1068.38,1068.99,155.59950088
1487444400,1062.82,1069.44,1068.99,1065.49,300.79997313
1487448000,1065.1,1067.88,1065.53,1066.79,108.42885703
1487451600,1066.79,1067.99,1067.35,1067.99,109.5419944
1487455200,1063.12,1068.5,1067.98,1064.25,172.15300423
1487458800,1060.48,1065.1,1064.25,1062.15,239.94212787
1487462400,1056.02,1062.15,1062.14,1059.43,252.20351483
1487466000,1055.1,1059.3,1059.26,1056.76,186.04871702
1487469600,1056.76,1061.5,1056.76,1058.77,125.71447779
1487473200,1056.28,1059.91,1058.68,1057.41,108.62749428
1487476800,1056.02,1059.65,1057.41,1059.65,96.2710518
1487480400,1056.84,1061.55,1059.65,1061,77.68044402
1487484000,1059.79,1064.99,1061.5,1064.98,62.46416042
1487487600,1064,1066.49,1064.98,1065.77,53.58958429
1487491200,1064.57,1065.98,1065.77,1065.79,38.77021667
1487494800,1064.67,1067.78,1065.81,1066.99,22.29950758
1487498400,1057.14,1067.49,1067.29,1065.02,88.31997939
1487502000,1058.09,1065.5,1065.02,1061.05,54.0518192
1487505600,1052.68,1063.99,1061.04,1057.41,219.93889743
1487509200,1051.26,1057.41,1057.41,1056.12,87.71270504
1487512800,1055.18,1059.94,1055.64,1056.83,84.20038355
1487516400,1056.22,1060.3,1057.84,1060.28,166.0577566
1487520000,1057.11,1060.78,1060.29,1059.03,179.49951287
1487523600,1057.42,1059.93,1058.23,1058.99,134.44418795
1487527200,1052,1058.98,1058.98,1052.65,252.86233273
1487530800,1051.35,1058.95,1052.69,1053.72,258.38736179
1487534400,1053.4,1056.16,1053.72,1056.16,106.43179771
1487538000,1055.68,1058.51,1056.15,1057.98,127.70170979
1487541600,1057.23,1059.99,1058.49,1059.99,139.10388229
1487545200,1059.6,1060.2,1059.99,1059.88,103.03275002
1487548800,1055.04,1059.91,1059.88,1056.16,141.91739389
1487552400,1054.39,1056.74,1056.15,1055.26,129.41014943
1487556000,1055,1056.8,1055.26,1055.41,132.86420176
1487559600,1051.36,1055.43,1055.41,1052,130.9172695
1487563200,1052.08,1055.41,1052.76,1054.31,124.9895048
1487566800,1054.33,1056.21,1055.04,1055.27,60.73133645
1487570400,1054.85,1057.52,1055.73,1056.47,114.56760739
1487574000,1055.82,1060.5,1055.82,1060.49,77.2469139
1487577600,1060.49,1066.61,1060.49,1066.07,154.09565175
1487581200,1065.02,1066.59,1066.24,1066.58,56.05548345
1487584800,1061.7,1066.99,1066.58,1064.17,116.02951286
1487588400,1060.61,1064.88,1064.39,1060.61,91.69085951
1487592000,1060.5,1064.99,1061.24,1063.36,101.75664898
1487595600,1063.03,1065.99,1063.35,1065.76,109.33193112
1487599200,1063.75,1065.76,1065.75,1065.43,118.37878851
1487602800,1063.03,1065.99,1065.09,1065.99,119.53242371
1487606400,1065.26,1066.49,1065.99,1066.05,129.97931591
1487610000,1065.67,1066.99,1066.46,1066.72,205.87857659
1487613600,1065.5,1066.98,1066.24,1066.67,170.05239769
1487617200,1065,1066.99,1066.22,1066.99,195.79255073
1487620800,1064.3,1067.82,1066.99,1066.46,238.4418692
1487624400,1064.05,1066.64,1066.45,1066.06,133.79057213
1487628000,1064.73,1066.67,1065.52,1066.42,135.98826489
1487631600,1066.33,1095,1066.66,1089.82,1445.00276105
1487635200,1081.95,1089.99,1089.98,1086.1,410.80960977
1487638800,1085.08,1089.98,1086.1,1086,286.41771109
1487642400,1085.76,1088,1086,1086.83,230.71926137
1487646000,1086.5,1087.44,1086.83,1087.42,164.72649264
1487649600,1086.52,1090,1087.41,1089.99,167.13030073
1487653200,1087.33,1091.53,1089.99,1091.46,203.72210628
1487656800,1089.14,1103.4,1091.44,1103.02,426.10388259
1487660400,1093,1103.02,1103.01,1093,388.33208476
1487664000,1091.01,1104,1093,1100.03,185.0787488
1487667600,1096.01,1101.48,1100.85,1096.93,158.56931192
1487671200,1095.42,1104.13,1096.94,1102.77,129.52577652
1487674800,1101.56,1112.31,1102.63,1112.31,206.71375304
1487678400,1111.57,1118,1112.31,1117.88,293.00903739
1487682000,1110.95,1117.88,1117.87,1113.65,325.73009587
1487685600,1101.51,1117.99,1113.63,1110.8,609.5526199
1487689200,1098.05,1110.99,1110.88,1105.33,392.55844889
1487692800,1102.75,1106.03,1105.5,1104.08,266.89751295
1487696400,1102.66,1117.99,1104.55,1117.99,528.95090949
1487700000,1112.73,1119.07,1117.99,1115.66,335.42087772
1487703600,1113.15,1117.97,1115.74,1117.88,310.26382707
1487707200,1117.61,1118.99,1117.89,1118.98,157.54125404
1487710800,1116.06,1119.5,1118.98,1119.1,247.5039329
1487714400,1119.1,1130.88,1119.11,1127.93,659.5117379
1487718000,1126.82,1132.95,1127.92,1128.29,402.73472408
1487721600,1119,1130.53,1129.67,1126.5,314.59720843
1487725200,1120,1127.16,1127,1121.1,310.02063788
1487728800,1118.05,1123.98,1121.13,1122.97,239.54985905
1487732400,1119.17,1126.11,1122.4,1124.84,241.11470093
1487736000,1124.75,1126.66,1125.29,1124.86,136.42163328
1487739600,1104.9,1125.55,1124.91,1115.52,490.89702615
1487743200,1114.87,1121.69,1115.51,1117.79,215.99161526
1487746800,1114.28,1119.15,1115.88,1117,98.7049239
1487750400,1108.88,1118.46,1117,1108.88,144.46507246
1487754000,1108.91,1117.35,1110.36,1115.75,68.63834326
1487757600,1111.44,1118.63,1115.75,1118.2,130.19798788
1487761200,1114.32,1118.24,1118.22,1117.39,156.36841487
1487764800,1115.52,1120.95,1117.38,1119.98,109.51797548
1487768400,1119.63,1124.81,1120.2,1124.81,192.46618046
1487772000,1124.01,1128.81,1124.81,1127.11,198.90766284
1487775600,1125.5,1132,1127.09,1131.74,342.94982443
1487779200,1122.32,1132,1131.9,1124.26,386.16802085
1487782800,1120.47,1134.08,1124.25,1134.08,332.70596296
1487786400,1131.85,1140,1134.08,1136.68,397.50617741
1487790000,1132.01,1138.02,1136.07,1135.99,305.69532452
1487793600,1131.7,1139.99,1135.99,1139.85,400.65806877
1487797200,1131.52,1139.85,1139,1131.52,306.34667133
1487800800,1126.33,1132.68,1132.63,1129.66,315.62622269
1487804400,1126.92,1132,1129.66,1128.71,200.3079525
1487808000,1128.33,1136.34,1129.87,1135.95,267.27679752
1487811600,1133.99,1136.98,1135.95,1136.7,207.94095128
1487815200,1132.58,1138.54,1136.69,1138.51,266.40434485
1487818800,1128.22,1138.89,1138.51,1132.47,245.95168312
1487822400,1129,1132,1132,1131.18,129.65750393
1487826000,1131.17,1133.36,1131.17,1132.15,137.25609782
1487829600,1130.5,1133.49,1132.17,1132.49,77.55268767
1487833200,1128.97,1132.5,1132.25,1132.5,129.53692962
1487836800,1130.91,1140.78,1132.5,1140.77,247.53452888
1487840400,1138.47,1143.76,1140.77,1138.47,130.30019951
1487844000,1135.74,1142.78,1138.47,1141.91,127.46231687
1487847600,1140,1145,1141.84,1145,163.89749079
1487851200,1145,1149.98,1145,1149.97,235.02168369
1487854800,1149.97,1157.59,1149.98,1152.51,481.66629526
1487858400,1150.2,1154.99,1153.3,1154.99,340.30772592
1487862000,1154,1160,1154.98,1158.83,393.17513267
1487865600,1152,1159,1158.78,1153.1,375.6439989
1487869200,1153.1,1157,1153.1,1156.98,307.44153796
1487872800,1156.68,1170,1156.96,1167.23,617.26777775
1487876400,1162.7,1167.99,1167.01,1167.66,268.6748934
1487880000,1167.25,1173.1,1167.68,1169.91,352.62354999
1487883600,1163,1169.91,1169.91,1168.68,342.97906503
1487887200,1165.28,1182.04,1168.68,1182.04,729.8438375
1487890800,1165.25,1197,1182.04,1186.9,999.04292927
1487894400,1180.78,1196,1185.81,1184.87,532.71487602
1487898000,1178.01,1188.84,1184.87,1187.08,387.2384758
1487901600,1186.99,1193.99,1187.87,1193.99,302.24814837
1487905200,1193.24,1199.99,1193.98,1199.99,501.6582987
1487908800,1199.99,1221.93,1199.99,1203.31,1143.93986417
1487912400,1204.36,1215,1204.75,1210.98,372.11822929
1487916000,1207.35,1215,1210.98,1207.67,416.96501285
1487919600,1103.32,1207.63,1207.39,1168.49,3045.65268936
1487923200,1157.34,1181.83,1168.48,1181.8,308.74211963
1487926800,1158.35,1190,1181.84,1182.45,554.50951497
1487930400,1161.46,1182.34,1182.34,1177.95,237.68975112
1487934000,1137.5,1178.33,1177.96,1169.86,409.41351132
1487937600,1160,1179.4,1169.76,1178.87,247.41409239
1487941200,1175.43,1199.07,1179.57,1192.59,446.85318366
1487944800,1190.88,1203.99,1192.6,1198.01,444.89022743
1487948400,1197.99,1204.99,1198,1199.48,377.54574232
1487952000,1186,1200.99,1199.02,1194.62,348.24768832
1487955600,1187.8,1206,1194.62,1199.75,657.66205554
1487959200,1182.22,1199.88,1199.75,1189.18,470.93042383
1487962800,1180.31,1190,1189.15,1184.9,351.26597186
1487966400,1170,1184.99,1184.91,1170.01,402.05346566
1487970000,1170,1183.98,1170,1178.15,329.216077
1487973600,1176.97,1185.99,1177.95,1185.19,282.89857688
1487977200,1182.72,1189.1,1185.08,1186.91,175.07945197
1487980800,1182.31,1189,1186.91,1184.71,210.15947872
1487984400,1185.12,1189.11,1187.98,1188.99,177.17928297
1487988000,1187.08,1189,1188.98,1189,161.21490458
1487991600,1188,1189.06,1188.97,1189.06,140.92819577
1487995200,1182,1189.49,1188.79,1182.5,180.95122992
1487998800,1179.71,1184.79,1182.47,1180.99,168.20588821
1488002400,1171.01,1180.52,1180.52,1175.61,199.69540237
1488006000,1175.59,1185,1176.94,1184.91,84.06448529
1488009600,1184.25,1185.97,1184.39,1185.96,43.93551519
1488013200,1184.5,1185.97,1185.97,1185.5,57.38497935
1488016800,1180.98,1185.59,1185.05,1185.48,83.69794912
1488020400,1184.5,1186,1185.22,1185.05,63.06921463
1488024000,1183.43,1186,1185.08,1184.48,61.69967289
1488027600,1177,1184.6,1184.37,1177.43,184.83066893
1488031200,1151,1184,1177.43,1170.41,427.99726538
1488034800,1155.37,1170.42,1170.41,1165.28,337.44361945
1488038400,1110,1165.21,1165.21,1144.17,1714.20708344
1488042000,1131.33,1146.76,1144.21,1145.76,407.00653467
1488045600,1145.75,1159.61,1145.75,1152.59,333.5477325
1488049200,1150.77,1156.14,1153,1154.09,256.04818553
1488052800,1150.78,1160.75,1154.12,1153.83,196.70135883
1488056400,1146.01,1160.75,1153.84,1157.53,186.65182722
1488060000,1153.44,1162.02,1157.52,1154.86,186.09407658
1488063600,1152.31,1158.34,1155.8,1158,171.18787675
1488067200,1152.11,1158.98,1157.98,1155.83,172.17979623
1488070800,1133.11,1155.82,1155.82,1136,443.73792478
1488074400,1130.88,1143.14,1138.95,1141.03,545.06637457
1488078000,1138.09,1143.14,1141.02,1139.94,141.65733317
1488081600,1139.94,1154.85,1139.94,1152.99,151.23384621
1488085200,1152,1157.98,1153,1154.9,135.12388607
1488088800,1148.82,1157.11,1154.15,1154.01,95.62887256
1488092400,1152.65,1161.99,1154.01,1161.99,176.69358378
1488096000,1161.98,1163.98,1161.99,1163.32,105.60887591
1488099600,1163.04,1168,1163.32,1168,105.9073363
1488103200,1157.57,1175,1167.99,1163.84,156.01668748
1488106800,1161.37,1170,1163.83,1168.69,49.25482136
1488110400,1167.93,1171.5,1168.69,1168.09,65.51694646
1488114000,1167.9,1168.99,1168.09,1168.55,76.59605489
1488117600,1168.35,1169.99,1168.36,1169.94,78.41902919
1488121200,1169.74,1171.99,1169.95,1171.95,123.05667173
1488124800,1171.92,1185.34,1171.95,1182.63,357.0723704
1488128400,1170,1187.33,1182.63,1172.78,574.22079602
1488132000,1172.97,1182.32,1172.97,1175.51,123.60248384
1488135600,1175.9,1179.91,1175.91,1177.5,110.65945242
1488139200,1173,1178,1177.5,1175.71,147.72234023
1488142800,1175.22,1178.23,1175.66,1177.79,152.02104859
1488146400,1177.79,1183,1177.79,1182.23,156.75025016
1488150000,1181,1185,1182.23,1184.91,210.69721261
1488153600,1181.06,1195.52,1184.91,1195.01,377.37042094
1488157200,1193.9,1195.06,1195.06,1194.96,188.5395406
1488160800,1188.25,1194.99,1194.95,1191.23,178.40073465
1488164400,1189.59,1194.74,1191.23,1194.08,174.57244671
1488168000,1190,1194.99,1194.16,1192.31,108.2523122
1488171600,1176,1192.68,1192.14,1186.35,299.98274202
1488175200,1182.96,1186.4,1186.35,1184.99,136.36893836
1488178800,1182.97,1185.1,1184.99,1184.84,96.0052995
1488182400,1179.53,1185.1,1185.04,1182.08,87.46175228
1488186000,1181.03,1188.23,1182.07,1186.56,133.88200221
1488189600,1181.5,1188.2,1187.94,1185.95,85.93064999
1488193200,1183.73,1189.11,1185.95,1187.79,93.68457186
1488196800,1177.5,1188.02,1188.02,1183.66,132.98280075
1488200400,1181.12,1184.79,1183.66,1183.91,158.6988369
1488204000,1180,1186.23,1183.99,1185.11,222.74689624
1488207600,1180.51,1188.74,1185.11,1187,217.36299201
1488211200,1179.51,1198.48,1187,1198.47,585.00251537
1488214800,1192.84,1198.99,1198.44,1194.33,375.52515408
1488218400,1189.26,1197.97,1194.47,1196.47,266.28588386
1488222000,1191,1196.46,1196.46,1194.6,305.1380801
1488225600,1186.01,1195.27,1194.52,1194.27,444.59685561
1488229200,1189.14,1195,1194.72,1193.56,422.9653991
1488232800,1190.51,1195.99,1194.8,1190.51,262.45669644
1488236400,1189.52,1195.81,1191.35,1195.81,422.24269489
1488240000,1195.84,1206.2,1195.84,1206.2,531.9505918
1488243600,1204.5,1210.45,1206.2,1208.95,528.86434218
1488247200,1195.01,1214,1208.95,1210,591.49469222
1488250800,1179.64,1214.94,1210.04,1197.73,864.94285448
1488254400,1181,1200.92,1197.79,1196.85,512.56099586
1488258000,1192.53,1200,1197.39,1199.17,425.23343337
1488261600,1193.67,1200.92,1199.16,1194.85,337.96932248
1488265200,1191.7,1197.92,1194.67,1192.65,236.86392544
1488268800,1190.38,1194.97,1192.64,1193.21,227.59402636
1488272400,1182,1195.88,1193.41,1193.29,289.05784571
1488276000,1187.45,1194.9,1193.3,1190.97,181.79550785
1488279600,1187.77,1191.63,1191.04,1188.54,82.42409253
1488283200,1185.7,1190.81,1188.66,1186.37,142.66547753
1488286800,1186.02,1191.99,1186.21,1191.11,149.55629086
1488290400,1184.07,1192.93,1191.14,1188.84,374.94117774
1488294000,1188.57,1192.95,1188.84,1189.75,247.67688749
1488297600,1189.65,1197.96,1189.75,1196.5,221.78700562
1488301200,1193.03,1198,1196.5,1198,305.35443578
1488304800,1192.27,1199.92,1198,1197.4,326.83522836
1488308400,1194.13,1200,1196.97,1195.08,140.81423576
1488330000,1085.71,1198.32,1194.53,1197.69,114.22949984
1488333600,1197.08,1199.57,1197.64,1198.28,70.65800862
1488337200,1194.42,1204.49,1197.72,1201.38,433.34388295
1488340800,1197.28,1203.95,1201.36,1203.94,368.0153384
1488344400,1197.98,1204.14,1203.93,1199.65,345.26248488
1488348000,1191.01,1199.98,1199.66,1194.95,294.11016886
1488351600,1191.41,1195.96,1194.06,1195.2,249.20738712
1488355200,1192.99,1198.99,1195.2,1197.99,157.13027416
1488358800,1196.38,1198,1197.99,1197.46,98.88336677
1488362400,1195.48,1199.93,1197.49,1199.32,171.92114809
1488366000,1197,1202.1,1199.33,1201.85,233.06899457
1488369600,1201.91,1211.99,1202.07,1209.99,369.75527429
1488373200,1208.1,1225,1210,1224.99,586.28049522
1488376800,1218,1226.96,1224.99,1226.96,441.78005328
1488380400,1218.18,1230,1226.98,1219.97,866.64552881
1488384000,1218.94,1222,1219.98,1221.99,422.35339058
1488387600,1221.13,1226,1221.99,1225.64,628.91985046
1488391200,1222.6,1228.44,1225.98,1227.96,403.80063148
1488394800,1217.77,1227.85,1226.29,1227.32,414.40325905
1488398400,1222.36,1227.5,1227.3,1224.76,409.94239242
1488402000,1220.16,1226.5,1224.62,1226.49,321.05688256
1488405600,1225.27,1228.9,1226.14,1228.27,321.39935738
1488409200,1226.66,1230,1228.27,1230,400.76801319
1488412800,1230,1234,1230,1234,478.38503209
1488416400,1227.29,1234,1234,1232.65,353.25470615
1488420000,1230.34,1233.1,1232.66,1233,290.0236694
1488423600,1225.05,1233,1233,1225.17,365.58042084
1488427200,1220,1227.96,1225.59,1227.7,401.22648183
1488430800,1222,1227.7,1227.69,1224.85,186.99405254
1488434400,1222.68,1227.79,1224.85,1227.75,183.47465101
1488438000,1225.5,1228.25,1227.73,1228.22,149.40755193
1488441600,1226.46,1230,1228.16,1230,205.90395393
1488445200,1229.95,1232.5,1230,1232.5,165.01289164
1488448800,1228.35,1232.5,1232.28,1232.49,181.49680077
1488452400,1228.36,1233.1,1232.37,1233.09,209.51332795
1488456000,1230.29,1235,1233.1,1234.95,264.80825245
1488459600,1232.83,1239,1234.72,1238.97,280.83307965
1488463200,1237.01,1239,1238.97,1238.99,407.6697877
1488466800,1238.99,1260.68,1238.99,1260.09,634.77604537
1488470400,1255.84,1264.2,1260.08,1262.84,461.87904793
1488474000,1261.86,1298.61,1262.84,1295,1119.85341847
1488477600,1265,1298.04,1295.31,1277.06,495.8367244
1488481200,1275.12,1278.75,1277.74,1275.12,19.47669337
1488484800,1269.65,1288.99,1277.38,1279.31,377.41956479
1488488400,1237.57,1279.89,1279.66,1267.02,928.44309337
1488492000,1255.4,1268.55,1266.13,1266.84,428.87741925
1488495600,1266.92,1271.97,1266.92,1269.17,350.13668429
1488499200,1268.02,1273,1269.17,1273,346.66529822
1488502800,1272.23,1279.5,1272.88,1277.02,334.30887681
1488506400,1272.98,1276.99,1276.76,1275.64,287.90863235
1488510000,1270.69,1279.96,1275.64,1279.96,484.46370566
1488513600,1267,1279.99,1279.81,1268.21,387.59553845
1488517200,1265,1273,1268.21,1269.36,225.28605376
1488520800,1255.61,1271.99,1269.36,1265.5,643.88983446
1488524400,1265.2,1275.5,1265.5,1271.3,405.20690655
1488528000,1270,1282.2,1271.35,1281.49,526.60166362
1488531600,1277.96,1282.98,1281.49,1282.98,141.36438921
1488535200,1277.17,1290.71,1282.98,1280,317.68035219
1488538800,1279.99,1290,1279.99,1290,154.28901441
1488542400,1288,1294.99,1289.71,1294.98,201.66467892
1488546000,1268.38,1294.99,1294.95,1284.42,663.78097812
1488549600,1275.44,1286.99,1284.28,1286.54,294.01218301
1488553200,1280.01,1286.99,1286.85,1280.3,282.77899057
1488556800,1278.7,1281.99,1280.34,1279.47,391.03083127
1488560400,1270.14,1279.99,1279.29,1277.85,346.9537679
1488564000,1270.82,1277.86,1277.86,1275.75,330.60734252
1488567600,1270.01,1276.53,1275.76,1275.66,256.61492087
1488571200,1275.35,1282,1275.46,1279,364.50829293
1488574800,1277.18,1283.84,1279,1283.01,274.5413449
1488578400,1280,1289.33,1283.76,1288,307.3231052
1488582000,1285.56,1294.97,1287.8,1292.86,321.56150819
1488585600,1285,1294.06,1293.06,1289.93,268.18391203
1488589200,1288.88,1290.04,1289.92,1289.47,115.25524185
1488592800,1284.01,1292,1289.46,1291.98,288.43545764
1488596400,1288.1,1294.48,1291.92,1290.5,243.65202403
1488600000,1287.28,1293,1290,1291.82,160.24445315
1488603600,1288.19,1294.48,1291.76,1293.01,226.40149357
1488607200,1289.05,1294.07,1293,1293.11,163.1781008
1488610800,1288.21,1293.5,1292.72,1290.01,139.86731246
1488614400,1286.34,1293.68,1291.49,1292.76,214.72314683
1488618000,1290.64,1293.79,1293.25,1292.18,65.6695318
1488621600,1287.45,1293.75,1292.19,1291,115.69686792
1488625200,1288,1293.14,1291.01,1289.12,87.66946394
1488628800,1277.11,1289.12,1289.11,1287.27,305.59900899
1488632400,1282,1291.8,1287.28,1287,147.24363372
1488636000,1273.66,1288.01,1286.56,1274.33,357.69096141
1488639600,1263.23,1274.99,1274.32,1268.42,527.47318172
1488643200,1226.41,1270.99,1268.9,1263.3,1085.3168962
1488646800,1259.98,1270.99,1263.26,1260,421.35197058
1488650400,1259.99,1273,1260,1269.35,334.45897513
1488654000,1262.61,1271.53,1269.35,1271.39,217.79254312
1488657600,1264.39,1271.87,1270.65,1267.44,246.45732041
1488661200,1264,1268.8,1267.43,1268.12,176.0098225
1488664800,1265.95,1274.77,1268.08,1274.68,259.12742037
1488668400,1272.58,1274.99,1273.54,1273.97,217.53216616
1488672000,1264.48,1273.95,1273.94,1269.91,212.52982164
1488675600,1266.24,1270.19,1269.91,1270.1,143.64508184
1488679200,1268.32,1270.99,1270.1,1270.97,154.40286941
1488682800,1266,1273,1270.95,1266.62,130.08614218
1488686400,1266,1269.97,1266.61,1266.62,123.38172415
1488690000,1260.52,1266.63,1266.62,1265.5,142.69046477
1488693600,1260.01,1265.96,1265.5,1263.13,92.69377258
1488697200,1247.11,1264.83,1263.13,1251.09,259.53855524
1488700800,1249.28,1257.83,1251.1,1253.33,385.18119672
1488704400,1249.76,1255,1253.34,1254.99,125.99781231
1488708000,1254.06,1260.33,1255,1255.31,88.05107633
1488711600,1252.79,1260.41,1255.46,1259.58,69.18067886
1488715200,1259.68,1266,1259.68,1265.13,61.00267376
1488718800,1258.82,1266,1265.17,1262.39,96.58061438
1488722400,1262.39,1267,1262.39,1266.99,101.16270509
1488726000,1266.86,1271.19,1266.99,1270.96,223.25318895
1488729600,1269.47,1271.99,1270.98,1271.99,172.480885
1488733200,1271.98,1275,1271.99,1274.71,199.57394044
1488736800,1268.26,1275,1274.96,1272.27,214.29162744
1488740400,1270.51,1275,1272.27,1274.57,169.37208738
1488744000,1271.86,1278.97,1274.58,1273.08,247.67163137
1488747600,1271,1277.77,1273.22,1277.75,245.14313426
1488751200,1274.4,1278.2,1277.4,1277.98,151.28498922
1488754800,1277.88,1278.99,1277.98,1278.98,187.62050641
1488758400,1278.5,1279,1278.63,1279,118.52116903
1488762000,1278.99,1284.99,1278.99,1284.98,197.17851552
1488765600,1280.76,1285,1284.98,1282.2,141.80793254
1488769200,1268.78,1282.22,1282.21,1270.48,396.0737754
1488772800,1269.18,1279.12,1270.47,1279.1,148.58031648
1488776400,1275.46,1281,1279.07,1278.11,148.57437249
1488780000,1277.09,1282.33,1278.01,1281.86,96.13212594
1488783600,1281.24,1282.33,1281.85,1281.94,129.44050173
1488787200,1281.51,1282.5,1281.88,1282.5,74.0042961
1488790800,1282.49,1283.99,1282.49,1282.98,68.63194267
1488794400,1281.99,1283,1282.92,1282.99,108.92502576
1488798000,1281.85,1284,1282.99,1282.03,76.28821181
1488801600,1281.59,1285.11,1281.93,1284.57,84.0884556
1488805200,1276,1288,1284.98,1282.31,262.94550373
1488808800,1280.22,1284.96,1280.88,1284.96,169.68515209
1488812400,1282.02,1284.98,1284.93,1284.92,171.83620004
1488816000,1279.5,1285.5,1284.81,1281.36,245.96206957
1488819600,1275.6,1281.99,1281.36,1281,274.35008364
1488823200,1277.36,1281.92,1281,1280.22,277.0587839
1488826800,1279.75,1284,1281.33,1281.89,214.95460218
1488830400,1278.15,1282.7,1281.9,1280.43,458.35301604
1488834000,1276.73,1282.4,1280.42,1279.14,435.72774027
1488837600,1278,1282.61,1279.13,1282.61,264.32509848
1488841200,1280,1285,1282.61,1284.99,200.12842054
1488844800,1282.14,1285,1284.99,1284.99,244.15846376
1488848400,1280.78,1285,1284.97,1284.65,303.07976767
1488852000,1283.52,1288,1284.59,1285.38,262.91397145
1488855600,1284.25,1287.98,1285.28,1286.41,160.1775741
1488859200,1277,1286.52,1286.42,1277.21,341.84142418
1488862800,1270.08,1281.48,1277.21,1279.49,455.94128738
1488866400,1273.23,1281.99,1279.26,1280.71,221.83143083
1488870000,1277,1282.25,1280.71,1278.99,100.72909462
1488873600,1276.25,1280.98,1279,1276.41,54.55955154
1488877200,1258.93,1277.72,1276.57,1264.12,437.52029556
1488880800,1244,1264.15,1264.12,1257.62,378.28182055
1488884400,1050,1262.16,1257.48,1214.76,2163.57853175
1488888000,1199.05,1239.54,1212.29,1239.03,614.45721338
1488891600,1228.5,1250.5,1239.53,1250.5,584.59848107
1488895200,1233,1250.5,1250.49,1233,372.20011304
1488898800,1225.43,1235,1233,1232.09,610.97402241
1488902400,1230.01,1255.24,1232.09,1254.94,532.71154009
1488906000,1247.08,1259.99,1254.55,1256.92,268.18642419
1488909600,1225.99,1256.36,1256.33,1249.07,749.8403806
1488913200,1244.01,1252.38,1247.83,1252.35,318.80818967
1488916800,1237.07,1252.35,1252.29,1243.38,436.92051085
1488920400,1239,1249.5,1243.38,1248.36,400.12152458
1488924000,1230,1249,1248.36,1230,509.87834509
1488927600,1230,1242.4,1230.35,1237.36,287.824845
1488931200,1234.13,1241.69,1237.36,1238.41,283.78008455
1488934800,1238,1246,1238.02,1243.67,305.05687767
1488938400,1235.71,1246,1242.76,1237.79,164.33375417
1488942000,1207.01,1240.35,1237.79,1207.72,774.32542429
1488945600,1163.91,1219.26,1207.72,1183.21,2172.22593895
1488949200,1155,1199,1183.69,1180.82,1240.14955011
1488952800,1168.54,1189.35,1181.34,1168.54,630.36819934
1488956400,1167.5,1188.09,1169,1185.39,497.83050061
1488960000,1177.64,1212.49,1185.48,1207.35,414.94429801
1488963600,1204.81,1213,1207.35,1212.54,139.09355366
1488967200,1212.25,1225.7,1212.26,1219.43,161.50351131
1488970800,1204,1222.34,1219.34,1204.9,296.01885929
1488974400,1200.99,1215.12,1204.9,1203.13,169.02255918
1488978000,1192.76,1213.55,1203.14,1196.89,267.38184647
1488981600,1183.85,1206.39,1198.27,1189.16,305.50144878
1488985200,1171,1190,1189.17,1181.98,845.86545064
1488988800,1181.02,1194.04,1181.68,1194.03,315.13292904
1488992400,1166,1197.51,1194.03,1188.95,906.94783732
1488996000,1184.69,1195,1188.94,1187.81,287.12281176
1488999600,1176.19,1189.32,1187.62,1177.85,331.18883892
1489003200,1155,1177.85,1177.85,1166.82,883.99851987
1489006800,1156.27,1175.49,1166.19,1164.87,499.28073526
1489010400,1153,1169.74,1165.49,1169.74,287.76349035
1489014000,1128,1169.6,1169.6,1150.22,846.13591043
1489017600,1131.11,1156.46,1150.22,1133.37,497.86899888
1489021200,1133.38,1154.25,1133.38,1145.99,378.20742893
1489024800,1144.01,1159,1145.99,1159,377.99001213
1489028400,1151.5,1168.15,1158.99,1157.02,407.24161543
1489032000,1151.6,1164.79,1157.01,1153.27,264.14129067
1489035600,1149.74,1160,1153.27,1160,195.72857393
1489039200,1159.95,1174.98,1160,1174.98,337.32922385
1489042800,1167.03,1174.99,1174.98,1174.99,185.22268905
1489046400,1174.97,1186.61,1174.98,1186.53,223.20872219
1489050000,1173.25,1190,1186.68,1180.43,174.627221
1489053600,1172.95,1179.52,1179.07,1175.39,164.88673752
1489057200,1162.33,1176.67,1175.36,1170.97,155.75012396
1489060800,1171.1,1184.5,1171.1,1184.5,251.60387591
1489064400,1176.33,1184.5,1183.88,1176.53,241.19450018
1489068000,1175.59,1185,1176.55,1183.96,287.48397762
1489071600,1180.39,1196.99,1183.95,1190.1,556.94742202
1489075200,1190.1,1209.37,1192.22,1209.37,601.43759119
1489078800,1165.21,1214.95,1209.37,1202.52,1236.76525367
1489082400,1200,1204.67,1203.38,1200.34,323.19902965
1489086000,1198.3,1205.5,1200.34,1204.68,322.68425946
1489089600,1194.94,1205.99,1204.55,1205.6,287.93320789
1489093200,1204,1208.88,1205.6,1207.07,297.77608935
1489096800,1198.64,1209.66,1207.06,1199.26,300.92764467
1489100400,1190.97,1199.97,1198.5,1197.3,454.30964417
1489104000,1193,1207.1,1197.3,1206.1,390.93418129
1489107600,1204.1,1207.1,1206.21,1207,327.85679089
1489111200,1205.88,1208.99,1207,1207.42,234.03825702
1489114800,1202.92,1207.99,1207.44,1205.83,285.92630746
1489118400,1201.68,1206.49,1205.17,1206.23,245.85643211
1489122000,1202.09,1207.87,1205.72,1204.94,219.89878374
1489125600,1194,1207.99,1204.94,1197.59,399.33297423
1489129200,1190.06,1203.07,1194.4,1196.88,283.42006029
1489132800,1195.04,1203.24,1195.36,1198.01,146.63089555
1489136400,1196.5,1207.88,1197.64,1202,206.47260707
1489140000,1197.17,1205.89,1202,1205.81,226.08829752
1489143600,1201.7,1209.55,1205.09,1205.15,249.25900243
1489147200,1204.13,1215.37,1205.15,1209.74,310.01160886
1489150800,1190,1360,1209.75,1274.99,3833.31872777
1489154400,1260.01,1295,1274.99,1262.25,1518.03122992
1489158000,1224.32,1262.25,1262.19,1239.03,913.59157977
1489161600,1232,1266.36,1243.49,1246.72,1274.11603438
1489165200,1247.69,1265,1251.48,1261.5,511.77374917
1489168800,1110,1261.49,1261.49,1252.96,1578.96123647
1489172400,1252.95,1278,1252.95,1272.14,615.13154561
1489176000,1269.65,1294.99,1272.99,1290.01,764.41267269
1489179600,956.85,1292.97,1290.03,1104.25,6363.92234592
1489183200,1081,1125.35,1104.12,1089.41,3260.42785075
1489186800,1060.5,1117.77,1089.41,1109.01,1540.29430807
1489190400,1107,1135,1111.92,1129.24,1166.19617297
1489194000,1129,1155.14,1129.04,1153.59,1112.79163533
1489197600,1131.7,1168.99,1153.58,1139,918.83726132
1489201200,1139,1156.82,1139,1150.99,372.80535236
1489204800,1150.99,1166.69,1150.99,1162.19,699.20178307
1489208400,1153.76,1169.98,1162.12,1167.5,297.01273464
1489212000,1162.8,1174.39,1167.49,1174.38,225.94247704
1489215600,1173.51,1199,1173.96,1196.86,424.33575507
1489219200,1181.97,1219,1196.85,1215.66,617.72207066
1489222800,1194.6,1215.73,1213.41,1198.12,244.62438212
1489226400,1185.5,1204.67,1196.88,1201.99,165.96322335
1489230000,1195.05,1203.68,1202,1198.25,131.98910739
1489233600,1196.31,1217.45,1198,1199.79,272.28129295
1489237200,1199.29,1213.91,1199.78,1210.38,240.21149471
1489240800,1195,1213.43,1210.38,1202.46,377.87078017
1489244400,1189.95,1202.66,1202.46,1195.99,379.78173465
1489248000,1189,1195.99,1195.99,1189.98,345.5090734
1489251600,1189,1194,1189.9,1190.87,288.91449834
1489255200,1175.01,1194.02,1190.88,1183.99,538.90764849
1489258800,1178,1192.15,1183.99,1179.22,292.42610556
1489262400,1167.32,1179.98,1178.97,1178,417.22530223
1489266000,1167.53,1179.95,1177.44,1178.41,261.98994839
1489269600,1177.05,1185,1178.33,1181.95,253.58412
1489273200,1181.49,1188.11,1181.97,1188.11,235.11419533
1489276800,1150,1194.06,1188.11,1182.83,740.90953443
1489280400,1181.23,1191,1183.01,1188.28,265.54426117
1489284000,1176.01,1190,1188.25,1184.95,267.35170128
1489287600,1183,1187.27,1184.61,1186,131.4835407
1489291200,1185.83,1192.58,1186,1192.57,134.88205261
1489294800,1180.86,1193.45,1192.58,1181.64,164.78284203
1489298400,1181.59,1190.97,1181.59,1190.91,121.02800385
1489302000,1180.84,1190.92,1190.92,1189.94,187.93905968
1489305600,1184.21,1190.19,1189.93,1189.53,133.87184934
1489309200,1187.42,1192,1188.96,1192,107.89125613
1489312800,1184.44,1192,1192,1191.13,141.18544817
1489316400,1188.7,1192,1191.12,1190.17,50.62133448
1489320000,1187.95,1195,1190.17,1194.97,125.07849822
1489323600,1187.99,1198.98,1194.97,1192.11,175.9977918
1489327200,1189.99,1212.8,1191.26,1209.88,666.66168829
1489330800,1204.02,1223.16,1209.52,1218.16,421.74839044
1489334400,1218.09,1236.1,1219.07,1233.33,542.45344546
1489338000,1223.94,1237.99,1233.32,1237.74,583.1970181
1489341600,1227.14,1242.4,1237.74,1240.53,587.26014457
1489345200,1233.76,1244,1240.52,1239.44,381.24612588
1489348800,1229,1239.03,1239.03,1231.88,194.68261866
1489352400,1231.87,1240,1231.87,1240,200.63139539
1489356000,1238.41,1243.75,1240,1240.37,155.94734171
1489359600,1235.25,1240.45,1239.89,1235.58,246.75599312
1489363200,1231.5,1235.57,1235.27,1233.52,299.95743574
1489366800,1231.12,1240,1233.52,1232.88,408.8398341
1489370400,1227.03,1236.22,1232.77,1231.55,249.28053108
1489374000,1228.96,1245,1231.54,1239.47,489.98636784
1489377600,1237.21,1249,1239.47,1246.74,317.40330917
1489381200,1206,1249,1246.73,1232.62,974.77509812
1489384800,1220,1234.3,1232.6,1232.67,360.71997172
1489388400,1215.44,1232.69,1232.63,1223.5,455.20522352
1489392000,1220,1232.69,1222.56,1229.94,196.64607497
1489395600,1220.98,1234.1,1229.93,1224.55,164.71865469
1489399200,1218,1237.43,1223.97,1236.89,174.93397449
1489402800,1231.43,1243.24,1236.95,1243.24,255.12285819
1489406400,1235.2,1248,1243.22,1246.05,272.08094887
1489410000,1239.11,1249,1246.04,1243.88,348.79835742
1489413600,1230,1244.13,1244.13,1233.69,364.60141729
1489417200,1231,1246,1233.68,1244.68,513.45040754
1489420800,1231,1246,1244.65,1241.24,361.65118249
1489424400,1236.91,1245,1241.01,1242.75,441.60944951
1489428000,1237.1,1245.98,1243.19,1238.67,568.58733114
1489431600,1210,1241.95,1238.64,1239,877.71896573
1489435200,1236.79,1247,1239,1247,478.33551443
1489438800,1238.4,1248,1247,1244.83,345.55419006
1489442400,1238,1247.52,1245.4,1246.45,355.10734034
1489446000,1244.1,1248,1246.44,1245.49,309.331575
1489449600,1244.7,1248.35,1245.5,1248.27,197.56991832
1489453200,1244.5,1248.75,1248.23,1248.43,356.70060891
1489456800,1246.74,1250,1248.25,1249.87,310.81224816
1489460400,1246.39,1249.92,1249.38,1247.93,249.41963797
1489464000,1240,1247.97,1247.93,1241.59,232.48287048
1489467600,1241,1246.92,1241.58,1241.48,160.42251424
1489471200,1232.59,1241.2,1241.2,1232.59,198.59237596
1489474800,1229.87,1235,1233.63,1231,264.77884986
1489478400,1230.98,1242,1230.99,1240.14,123.07864015
1489482000,1236.14,1240.66,1240.13,1236.96,113.43765607
1489485600,1235.36,1242,1236.95,1241.48,94.98457617
1489489200,1239.47,1247.99,1241.71,1247.48,133.71551031
1489492800,1241.7,1247.97,1247.46,1247.95,190.68670017
1489496400,1247.67,1250,1247.95,1249.98,345.45226055
1489500000,1249.98,1262,1249.98,1260.99,837.72851485
1489503600,1253,1260.99,1260.98,1253.99,401.64963656
1489507200,1251.18,1260.54,1253.99,1259.46,258.26441145
1489510800,1254,1260.51,1259.45,1257.98,254.48573144
1489514400,1213.55,1260.78,1258,1245.31,1223.63058724
1489518000,1241.18,1251.06,1245.31,1251.05,339.01568998
1489521600,1248.66,1254.21,1251.06,1253.99,363.19197583
1489525200,1247.79,1254.42,1253.99,1247.81,253.6817825
1489528800,1241.26,1250,1248.25,1249.99,356.33808605
1489532400,1245,1250.25,1249.79,1247.42,204.13891214
1489536000,1245.85,1250.1,1247.43,1247.43,187.29265714
1489539600,1246.54,1251.13,1246.93,1251,229.88601995
1489543200,1249.2,1251.18,1251,1251.17,182.04489289
1489546800,1246.79,1254.12,1251.16,1246.91,284.79062888
1489550400,1245.21,1248.37,1247.32,1247.2,240.71257983
1489554000,1245.5,1251.6,1247.28,1251.6,127.36252268
1489557600,1251.03,1254.99,1251.6,1254.87,129.10052221
1489561200,1251.52,1254.99,1254.87,1254.97,117.19556252
1489564800,1253.93,1255,1254.95,1255,78.06486363
1489568400,1248.58,1255,1255,1250.64,224.92428603
1489572000,1248,1253.84,1250.64,1252.61,143.98186763
1489575600,1249.17,1255,1252.61,1253.99,157.17998878
1489579200,1251.66,1259,1253.98,1258.68,260.15873404
1489582800,1254.53,1259.81,1258.52,1258.6,390.71668436
1489586400,1255,1258.6,1258.59,1257.48,325.58691894
1489590000,1256.54,1257.5,1257.48,1256.63,155.46869196
1489593600,1246.16,1256.83,1256.83,1253.04,313.34593388
1489597200,1251.88,1253.94,1253.29,1252.23,385.08352027
1489600800,1251.52,1254.1,1252.21,1252.87,570.93810452
1489604400,1240,1253.83,1252.87,1248.6,745.10174354
1489608000,1249.11,1254.1,1249.62,1252.64,443.06043286
1489611600,1252.01,1256.7,1252.59,1256.09,447.21920244
1489615200,1252.36,1259,1256.29,1258.98,531.34361145
1489618800,1257.69,1264.55,1259,1263,602.74899387
1489622400,1258.7,1268,1263.55,1267.1,832.58179298
1489626000,1264.47,1277.27,1267.1,1270.32,825.97327865
1489629600,1255,1271.11,1271.1,1261.27,706.72238641
1489633200,1242,1261.99,1261.26,1249.65,872.4538072
1489636800,1240.06,1250,1249.82,1245.29,651.25831729
1489640400,1220.11,1245.49,1245.29,1229.9,631.04987609
1489644000,1229.2,1249.65,1229.9,1249,363.85773243
1489647600,1237.57,1250,1248.99,1239.67,423.18339471
1489651200,1229.2,1240.4,1240.4,1233.41,200.80515311
1489654800,1220.51,1234.5,1233.48,1222.75,306.80817017
1489658400,1220.52,1239.49,1222.91,1237.69,187.97132757
1489662000,1224.3,1239.25,1237.69,1233.84,288.91425892
1489665600,1220,1240.66,1233,1224.41,362.92494916
1489669200,1220.15,1226,1224.41,1223,296.82827169
1489672800,1219,1223.96,1222.57,1223.41,576.38845734
1489676400,1218,1224,1223.41,1219.34,474.14821119
1489680000,1216.64,1219.49,1219.3,1219.4,323.13307595
1489683600,1218,1219.99,1219.39,1219.98,310.79511653
1489687200,1217,1220,1219.99,1217.8,333.02211852
1489690800,1173.5,1218.67,1217.8,1178.77,1867.50428063
1489694400,1139.52,1189.05,1178.77,1152.76,2192.15810952
1489698000,1117.77,1178.77,1153.65,1166.17,1918.00816187
1489701600,1144.51,1186.01,1166.17,1176.56,1106.20589138
1489705200,1173.33,1190.76,1176.7,1175.11,546.5935709
1489708800,1157,1175.11,1175.11,1168.9,215.81228835
1489712400,1159.66,1169.16,1168.98,1164.7,324.09812934
1489716000,1125.1,1166.24,1164.7,1140.72,734.99157861
1489719600,1088.88,1140.77,1140.73,1123.63,1917.44498816
1489723200,1093.31,1136.45,1123.63,1128.96,1019.03460282
1489726800,1110.11,1139.18,1128.94,1138.02,634.16650768
1489730400,1088.88,1139.46,1138.02,1102.1,962.48679386
1489734000,1101.01,1130.14,1102.1,1107.5,1162.2495853
1489737600,1101,1139,1107.01,1108.32,1179.6751369
1489741200,1094.21,1123.72,1108.01,1117.43,581.08395937
1489744800,1112.26,1137.66,1117.13,1134.53,404.66706967
1489748400,1128.98,1151.8,1134.69,1151.67,514.95547442
1489752000,1142.95,1154.99,1151.67,1154.87,630.4640999
1489755600,1147.97,1160,1154.86,1150.32,563.13270816
1489759200,1149.44,1168.99,1150.32,1168.98,696.74220493
1489762800,1159.63,1170,1168.47,1160,517.5444949
1489766400,1151.8,1160.95,1159.99,1155,664.68176957
1489770000,1132.33,1155,1155,1134.9,676.07236246
1489773600,1110,1134.9,1134.89,1114.41,826.5607354
1489777200,1113.88,1127.53,1113.89,1124.44,562.46058094
1489780800,1109.56,1124.45,1124.44,1110.02,727.29471569
1489784400,1080,1115.18,1109.56,1109.95,1732.2276574
1489788000,1071,1109.99,1109.96,1083.99,1204.15630311
1489791600,1065.74,1092.5,1083.95,1069.57,770.89183724
1489795200,1068.78,1096,1068.78,1083.94,666.04904178
1489798800,1074.88,1096,1083.93,1077.81,445.12714913
1489802400,1057.01,1086.76,1077.96,1058,802.37530856
1489806000,1053,1066.62,1058.46,1054.52,481.41142482
1489809600,1053.5,1089,1054.87,1067.27,1007.46578354
1489813200,1048,1072.57,1066.96,1062.32,797.94890707
1489816800,1054.64,1071.96,1062.97,1062.37,436.53474695
1489820400,1058.87,1080.94,1062.36,1068.71,509.12680593
1489824000,1063.09,1071.99,1068.71,1071.87,188.92422893
1489827600,1065.81,1087,1071.95,1086.99,212.61749401
1489831200,1085,1092.09,1087,1085.01,199.00836966
1489834800,1074.81,1087.41,1085.36,1082.28,160.63620845
1489838400,1062,1082.93,1082.93,1062.01,269.7655183
1489842000,1020,1065.18,1062.01,1036.53,1129.71269488
1489845600,992.04,1038.06,1037.75,997.74,2334.34468404
1489849200,925,1010.87,997.23,970.52,3626.22646711
1489852800,957.11,1005,970.51,1004.98,2097.1943313
1489856400,991.2,1010.55,1004.97,1008.97,1209.37353265
1489860000,970.01,1008.99,1008.1,983.45,1148.05998049
1489863600,970.03,992.58,982.42,977.74,1052.82793357
1489867200,919.44,983.93,978.35,946.97,1969.84673088
1489870800,932.32,980,947.02,978,1557.92061322
1489874400,938.32,980,978.02,943.47,876.90104948
1489878000,938,970,943.48,970,789.37226011
1489881600,969.97,989.99,970,984.99,1088.50462922
1489885200,977,1006.54,984.98,999.54,1145.52776377
1489888800,997.48,1010.1,999.53,1010.1,727.85791995
1489892400,993.67,1012.11,1010.1,1000.63,675.54117703
1489896000,976,1002.79,1001,1001.31,675.81241395
1489899600,995.66,1006.62,1001.05,1003.97,169.48415098
1489903200,997.77,1007.86,1003.96,1005.67,368.52912615
1489906800,1002.61,1010.99,1005.67,1007.24,238.77817909
1489910400,1001.51,1010.99,1007.11,1008.66,238.99455562
1489914000,961.59,1008.84,1008.84,979.81,520.46554227
1489917600,975.1,993.71,979.81,990.49,240.19137175
1489921200,990.01,997.88,990.49,992.21,128.81197572
1489924800,991.84,1001.87,994.3,996.82,156.15062321
1489928400,985.79,998,996.43,993.17,309.06947082
1489932000,991.05,994,993.18,994,372.91972515
1489935600,993.99,1035.34,994,1032.28,828.21055407
1489939200,1031,1051.83,1034.42,1048.89,1120.38927517
1489942800,1027.81,1048.99,1048.39,1037.11,781.30199977
1489946400,1033.8,1048.65,1037.1,1043.12,649.75451392
1489950000,1042.44,1062.92,1045.17,1055.38,718.24548565
1489953600,1045,1055.71,1055.31,1054.29,650.54682439
1489957200,1040,1057.71,1054.16,1040.48,437.58277813
1489960800,1021.1,1041,1040.14,1037.78,681.03610412
1489964400,1011.99,1038.53,1037.78,1019.49,594.68335385
1489968000,1011,1024.6,1019.1,1022.21,540.76749388
1489971600,1017.48,1030.71,1022.21,1028.97,503.11015479
1489975200,1027.61,1040.68,1028.71,1033.97,307.9787359
1489978800,1031.15,1043.7,1033.88,1035.36,329.39295478
1489982400,1030.4,1040.27,1034.97,1037.92,370.33878779
1489986000,1029.74,1039.51,1037.81,1031.4,218.34571815
1489989600,1015,1031.41,1031.41,1022.45,431.53543854
1489993200,1013.54,1027.11,1022.43,1023.02,415.52924688
1489996800,1011.02,1025.7,1024.43,1012.2,231.89174764
1490000400,1011.81,1027.11,1011.81,1027.11,114.8063023
1490004000,1027.1,1037.11,1027.1,1037.11,149.57528037
1490007600,1037,1044.42,1037.11,1044.42,312.90233802
1490011200,1040,1045,1044.41,1045,225.97505381
1490014800,1042.05,1051.97,1045,1047.74,503.55801718
1490018400,1036.99,1048,1047.97,1037.3,369.20894974
1490022000,1037.29,1044,1037.3,1041,432.28715574
1490025600,1041.01,1047.65,1041.32,1046.85,514.05268054
1490029200,1042.45,1048,1047.18,1044,360.01166544
1490032800,1040.72,1050,1044,1050,472.48566208
1490036400,1025.75,1050,1049.78,1034.57,451.35345234
1490040000,1026,1037,1034.57,1027.44,335.08135899
1490043600,1027.8,1045.8,1027.87,1042.69,460.50129091
1490047200,1041.28,1047,1042.7,1046.1,311.60432104
1490050800,1038.2,1047,1045.37,1044.96,557.12161466
1490054400,1042.68,1048,1046.75,1047.95,599.6005976
1490058000,1046.23,1052.99,1047.95,1052.99,437.0551097
1490061600,1047.29,1054.8,1052.99,1049.53,431.2462733
1490065200,1049.47,1065.09,1051.79,1064.33,507.77302363
1490068800,1059.5,1087.93,1064.33,1079.46,799.18348422
1490072400,1079.46,1087.65,1079.46,1082.72,498.39891056
1490076000,1073.21,1086.91,1083.9,1085,300.87343989
1490079600,1080.7,1090,1085,1081.44,238.02126675
1490083200,1075.3,1081.51,1081.43,1079.88,187.16729696
1490086800,1074.13,1082.47,1079.87,1076.06,187.87153115
1490090400,1069.56,1078.45,1076.89,1071.93,154.63308857
1490094000,1070.5,1088.23,1071.47,1087.95,240.16002817
1490097600,1087.44,1094.12,1087.94,1091.73,237.34038403
1490101200,1083.13,1093.15,1091.73,1089.68,241.8226183
1490104800,1088.44,1093.98,1089.68,1090.12,332.41248128
1490108400,1089.88,1093.97,1090.12,1091,243.20204954
1490112000,1073,1107,1091,1106.98,1349.91725404
1490115600,1080.67,1120,1106.98,1109.09,1866.17530428
1490119200,1105.67,1112.53,1111.01,1106,569.48412483
1490122800,1100.62,1110,1106.16,1108.94,462.1462468
1490126400,1085.05,1114.99,1109.16,1095.72,782.25423881
1490130000,1095.11,1108,1096.58,1106.96,578.5385963665178
1490133600,1104.05,1119.65,1106.85,1114.82,549.1905848
1490137200,1097.78,1115.78,1114.79,1114.42,698.69036981
1490140800,1086.07,1114.96,1114.42,1092.81,1167.97549877
1490144400,1085.05,1101.22,1092.27,1096.24,1002.76632325
1490148000,1080,1096.51,1096.51,1083.18,601.57463788
1490151600,1077.77,1085.85,1083.19,1080.23,483.15292662
1490155200,1080.22,1090,1082.2,1090,361.75852931
1490158800,1089.98,1098.8,1090,1098.8,276.95335652
1490162400,1090.09,1098.84,1098.8,1091.46,136.62978112
1490166000,1055.05,1091.48,1091.47,1055.05,443.80375428
1490169600,1050.05,1070.86,1055.93,1050.33,543.00682965
1490173200,1050,1067.13,1050.05,1067.13,283.73770536
1490176800,1058.18,1079.7,1065.67,1078,268.82801049
1490180400,1066.63,1082.09,1078.19,1067.71,179.05542573
1490184000,1052.22,1068.41,1066.66,1054.56,341.27935596
1490187600,1011,1059.96,1053.01,1016.79,1044.84540005
1490191200,1000.05,1025.38,1016.62,1015.87,1042.64213317
1490194800,998.6,1019.01,1015.86,1009,881.43310745
1490198400,1005.51,1029.36,1009,1020.44,758.85520489
1490202000,1007.25,1020.54,1020.44,1011.03,518.4369098922373
1490205600,985.17,1013,1012.88,998.83,1415.70604291
1490209200,990.82,1021.5,1001,1011.04,789.64313296
1490212800,999,1012.52,1011.05,1009.9,524.85574507
1490216400,1008.4,1021.72,1009.31,1011.71,414.5673557
1490220000,1010,1025,1015.31,1023.96,365.9748442
1490223600,1023.51,1041.28,1023.51,1034.57,730.42801227
1490227200,1029,1043.67,1038.94,1029.69,354.58875949
1490230800,1023.6,1032,1029.69,1025.5,312.58806631
1490234400,1025.49,1036.37,1025.5,1030.77,333.94893853
1490238000,1028.84,1036,1030.77,1033.32,227.05777363
1490241600,1021.1,1033.33,1033.33,1021.1,282.93730408
1490245200,1014.04,1023.65,1021.84,1018.5,281.36186062
1490248800,1015.72,1029.57,1017.95,1029.57,82.85800713
1490252400,1029.17,1037.97,1029.17,1037.97,232.19706555
1490256000,1031.5,1039.47,1038.09,1038.32,109.48678487
1490259600,1030.09,1040.97,1038.31,1031.81,184.27230227
1490263200,1030.01,1036.95,1031.75,1036.95,81.94296159
1490266800,1036.91,1057.41,1036.95,1046.64,351.46762746
1490270400,1045.67,1053.44,1046.64,1046.56,220.90916868
1490274000,1046.81,1050.99,1046.81,1050.99,196.52482435
1490277600,1044,1051.93,1050.99,1046.18,272.57894211
1490281200,1042.59,1050,1046.44,1046.45,316.48594995
1490284800,1040.36,1046.43,1046.12,1042.46,281.74739156
1490288400,1031.5,1043.99,1042.39,1042,447.16798698
1490292000,1034.99,1042,1042,1036.1,254.41329811
1490295600,1034.99,1040.23,1038.12,1040,622.90658693
1490299200,1036.16,1044.27,1039.92,1036.59,355.59254388
1490302800,1022.12,1039.59,1036.58,1026.25,542.2619271
1490306400,1017,1031,1027.95,1020.41,602.8852883
1490310000,1013,1028,1019.84,1025.14,834.40609039
1490313600,1021.09,1030.3,1025.13,1021.1,335.43997373
1490317200,1015,1024.96,1021.02,1016.51,424.87882711
1490320800,1015,1018,1016.5,1016.99,332.96396296
1490324400,1015.5,1019,1016.99,1016.15,338.29609454
1490328000,985.22,1016.3,1016.1,1001.24,1378.50566481
1490331600,994.47,1012.05,995.47,1011.83,346.32198126
1490335200,1004.44,1013.09,1011.98,1013.09,177.95194426
1490338800,1012.27,1017.99,1012.27,1014.22,95.54013259
1490342400,1006.64,1017.97,1014.22,1009.07,177.14539873
1490346000,1000.3,1009.46,1008.81,1004.46,208.40427277
1490349600,991.59,1007.42,1004.47,994.89,484.20963219
1490353200,981.5,1001.62,994.94,992.47,817.6655486
1490356800,968.34,997.47,992.46,968.34,928.1344701
1490360400,967.58,986.78,972.58,978.31,851.20747548
1490364000,978.31,995.9,978.31,992.48,749.7201283
1490367600,989.7,999.37,991.71,991.76,655.91837681
1490371200,961.6,991.72,990.83,983.35,1270.7116961
1490374800,980.47,995.99,983.32,991.97,919.00435187
1490378400,975.01,991.96,990.51,979,541.53470133
1490382000,962.76,980.49,978.47,980.37,681.66308964
1490385600,963.01,980.45,979.97,963.04,750.02407743
1490389200,947.5,965,963.02,954.78,1983.931981
1490392800,930.31,954.97,954.8,932,2243.17947972
1490396400,920.1,950.64,932.33,934.87,2311.05199442
1490400000,912.76,944.1,933.93,936.84,1459.68047904
1490403600,928.03,941.64,936.17,934.78,805.42170618
1490407200,922.44,937.01,934.79,934.04,664.62271902
1490410800,920.51,936,934.4,921.97,509.13079134
1490414400,900,924.52,922.31,902.14,1519.12321173
1490418000,898.02,913.78,901.68,898.99,1010.60121948
1490421600,898.22,908.26,900.21,900.51,563.43123154
1490425200,899.07,942.23,900.52,929.45,796.99912083
1490428800,890.05,934.47,931.04,891.59,565.64366081
1490432400,890.4,916.99,890.99,916.99,307.42475621
1490436000,907.7,919.37,916.99,909.34,244.47514976
1490439600,896.88,912.51,909.59,908.99,605.15123429
1490443200,907.32,922.85,908.99,921.94,473.94072429
1490446800,915.69,955,921.65,936.88,856.43732356
1490450400,925.6,945.44,938.77,945.01,626.74718355
1490454000,932.6,945.86,945.01,936.02,474.9214443
1490457600,920.31,936.02,936.02,924.99,795.55365529
1490461200,924.99,954.64,925,951,902.54243466
1490464800,943.71,952.03,950.99,949.95,461.38352743
1490468400,941.92,950.31,949.95,944.1,401.6792287
1490472000,931.03,945.76,943.63,944.47,640.87162375
1490475600,943.65,961.11,944.68,954.95,638.83746883
1490479200,944.91,958.36,954.94,958.36,458.75753709
1490482800,958.24,973.99,958.35,963.72,881.72228263
1490486400,958.72,968.18,963.72,963.96,560.37357376
1490490000,956.36,967.49,964.49,966.26,324.10060238
1490493600,958.89,967.48,966.31,967.47,295.54683352
1490497200,966.46,976.78,967.21,971,363.50573059
1490500800,961.05,974.18,971,969.99,263.97432148
1490504400,968.4,975.47,969.99,969.68,284.00790513
1490508000,967.15,971.37,969.66,967.88,209.51491446
1490511600,943.9,968.22,968.21,955.22,482.62798281
1490515200,949.32,961.84,955.23,961.84,156.71797633
1490518800,960.59,968.26,961.83,967.65,121.79673692
1490522400,965.94,973.79,967.74,973.79,81.86611506
1490526000,969.27,978.72,973.8,971.2,191.06464629
1490529600,970.61,984,971.2,978.01,428.96501099
1490533200,977.8,996.98,978.3,991.07,622.89033688
1490536800,982.07,995.96,991.07,987.41,710.04015043
1490540400,986.4,1005,987.51,998.92,729.39630864
1490544000,992,1000.99,999.14,996.36,483.96220273
1490547600,974.28,999.95,996.2,983,792.57013459
1490551200,977.69,992.06,983,982.68,413.66166019
1490554800,973.1,987.65,981.46,987.47,342.30684515
1490558400,976.39,991.05,987.46,979.7,221.57331111
1490562000,953,987,979.39,960.45,658.41111532
1490565600,953,971.55,960.46,960.33,483.66568181
1490569200,958.27,974.25,960.34,973.08,282.21849396
1490572800,961.1,974.35,973.97,966.63,337.16728051
1490576400,966.4,976.2,966.64,973.82,298.28021076
1490580000,970.12,978.97,973.81,972.81,667.91887154
1490583600,965.3,975.41,975.41,972.34,279.914622
1490587200,968.6,972.62,972.17,972.61,190.66131413
1490590800,966.49,973,972.61,967.12,156.68322243
1490594400,966,982.23,966.96,981.57,211.79669296
1490598000,978.31,998.49,981.8,996.6,460.42269392
1490601600,985.47,999,996.65,989.55,216.2134028
1490605200,987.52,997.77,989.51,995.54,76.20119373
1490608800,983.1,997.9,995.52,988.78,202.14517373
1490612400,986.62,995.95,988.78,991.3,150.65758184
1490616000,991.05,1012.86,991.05,1010.52,620.88531363
1490619600,1010.91,1029,1011.47,1027.2,1055.99631837
1490623200,1016.08,1035,1027.98,1024.97,786.26364623
1490626800,1015.72,1028.9,1024.66,1028.9,492.10923755
1490630400,1023.18,1030,1028.9,1027.43,433.29272573
1490634000,1019.91,1028,1027.42,1024.38,304.73237056
1490637600,1022.76,1028.38,1024.34,1025.34,282.70740692
1490641200,1015,1025.29,1025.29,1017.49,515.3026125
1490644800,1015,1027.74,1017.5,1026.87,369.0680903
1490648400,1025,1037.71,1026.87,1036.37,930.07389387
1490652000,1034,1045.9,1036.36,1037.7,702.77739386
1490655600,1037.65,1044,1037.7,1042.08,494.61932278
1490659200,1031.29,1043.56,1042.27,1034.34,588.13035782
1490662800,1031.39,1038.82,1034.73,1031.39,387.94384537
1490666400,1028.05,1038.96,1031.71,1038.45,395.47238326
1490670000,1035.8,1042.93,1038.65,1038.33,340.79352826
1490673600,1035.87,1038.95,1038.32,1037.83,185.74454894
1490677200,1026.13,1038.3,1037.76,1028.68,212.39515992
1490680800,1028.66,1039.21,1028.7,1038.96,234.93873644
1490684400,1038.94,1048.23,1039.38,1048.23,155.8052431
1490688000,1042.96,1048.88,1048.22,1048,339.97375251
1490691600,1048,1059,1048,1059,382.07789529
1490695200,1055.63,1061.76,1059,1058.52,180.27470769
1490698800,1048.91,1069,1058.49,1066.71,325.03960751
1490702400,1061.52,1066.93,1066.73,1065.8,250.82323538
1490706000,1056,1069.39,1065.74,1061.14,360.04887
1490709600,1051.02,1062.26,1062.26,1051.05,583.17560901
1490713200,1050.02,1061.76,1051.05,1059.51,367.29809176
1490716800,1050.66,1059.98,1059.19,1052.77,340.77900916
1490720400,1048.5,1055,1052.75,1048.5,453.38101647
1490724000,1032.02,1049.61,1048.59,1038.16,679.84963468
1490727600,1016.25,1038.39,1038.26,1026.63,603.36542492
1490731200,1025.11,1037.58,1025.97,1031.57,707.31838932
1490734800,1029.11,1039.88,1031.2,1035.93,362.31362538
1490738400,1032.57,1044.93,1035.99,1043.27,332.71529278
1490742000,1042.87,1046.74,1043.45,1045.4,285.69399912
1490745600,1029.72,1045.98,1045.54,1039.76,251.48120594
1490749200,1026.95,1039.84,1039.44,1028.03,423.78733411
1490752800,1016.76,1030,1028.03,1019.1,982.98595313
1490756400,1007,1019.55,1018.02,1009.99,507.03216563
1490760000,1005.77,1026.82,1009.96,1024.43,505.09935997
1490763600,1022.96,1033.36,1024.41,1033.09,216.86930753
1490767200,1012.31,1032.87,1032.87,1015.74,203.98433978
1490770800,1012,1020.56,1016.36,1018.2,279.81169461
1490774400,1018.1,1039.2,1018.19,1036.66,374.65579019
1490778000,1030.47,1039.61,1037.01,1039.61,168.33504404
1490781600,1039.05,1048,1039.61,1041.7,194.46770587
1490785200,1037.67,1058.16,1041.36,1049.91,503.36845099
1490788800,1048,1054.27,1049.93,1053.99,263.3466336
1490792400,1040,1053.99,1053.99,1043.2,386.23952114
1490796000,1041.93,1048,1043.2,1047.95,250.22586317
1490799600,1039.47,1049.36,1047.95,1039.9,259.49623936
1490803200,1039.89,1049.96,1039.9,1046.22,336.75087837
1490806800,1031.98,1046.38,1046.38,1032.09,411.0719634
1490810400,1020,1039.08,1032.09,1034.9,533.38600904
1490814000,1028.42,1039.98,1030.01,1038.52,375.41863466
1490817600,1035.82,1040.75,1038.52,1040.75,325.65644699
1490821200,1037.61,1046,1040.18,1045,409.69823321
1490824800,1037.01,1045,1044.98,1037.01,320.19957855
1490828400,1038.01,1043.45,1039.1,1043.27,192.93441585
1490832000,1043.09,1052.94,1043.09,1052.34,727.4980256
1490835600,1042.42,1052.41,1052.22,1044.4,465.80101044
1490839200,1033.98,1050,1044.39,1046.7,563.12342378
1490842800,1037.23,1048,1046.69,1044.54,251.64182256
1490846400,1040.78,1050,1044.54,1044.8,426.88672779
1490850000,1043.83,1049.99,1044.8,1047.66,184.28536863
1490853600,1045,1047.66,1047.66,1045.95,127.60184891
1490857200,1045.49,1051.9,1045.98,1051.12,263.3509306
1490860800,1035.46,1051.99,1051.12,1041.18,297.32347848
1490864400,1023,1042,1041.18,1031.9,428.19623928
1490868000,1031.57,1038,1031.89,1037.84,212.1806212
1490871600,1034.7,1042,1037.84,1038.56,238.80253005
1490875200,1031.34,1038.56,1038.56,1035,220.9762213
1490878800,1022,1037.91,1035,1028.39,435.70440087
1490882400,1026.4,1031.99,1028.4,1030.48,364.29930401
1490886000,1030,1031.99,1030.4,1030.52,271.59660377
1490889600,1027.19,1036.97,1030.53,1034.9,462.32769671
1490893200,1030.92,1052,1035.1,1037.08,775.0289525
1490896800,1033,1038.54,1037.08,1035.97,323.57579571
1490900400,1030.97,1035.99,1035.97,1031.46,261.45047346
1490904000,1031.25,1036.72,1031.39,1036.72,227.09240522
1490907600,1034.88,1039.97,1036.72,1039.69,274.21120904
1490911200,1033.41,1041.69,1039.94,1039.13,289.52714189
1490914800,1034.34,1042.34,1039.13,1042.34,220.33142428
1490918400,1038.11,1050,1042.32,1048.45,467.30637755
1490922000,1048.26,1049.89,1048.46,1049.2,320.81701756
1490925600,1049.19,1055,1049.2,1055,669.93772876
1490929200,1053.26,1059,1055,1056.5,490.78732375
1490932800,1053.75,1059,1056.86,1056,419.70277019
1490936400,1050,1058.48,1056,1053.11,372.84204013
1490940000,1045,1054.98,1053.11,1052.89,264.1135903
1490943600,1050.31,1055,1052.11,1051.18,228.077618
1490947200,1051.5,1054.97,1051.5,1053.98,135.68528344
1490950800,1046.07,1054.11,1053.98,1050.17,157.2070406
1490954400,1046.27,1055.32,1050.17,1054.46,166.16837108
1490958000,1049.17,1054.45,1054.44,1050.01,152.86763105
1490961600,1047.28,1054.93,1050.02,1051.73,285.99400884
1490965200,1048.52,1053.57,1051.47,1052.41,414.20393233
1490968800,1049.45,1062,1052.42,1061.98,847.00438668
1490972400,1060.85,1094.1,1061.83,1094.08,1301.77331413
1490976000,1075,1094.49,1094.06,1076.18,877.10816873
1490979600,1063.67,1083.42,1076.18,1078.19,758.04198998
1490983200,1077.21,1086,1078,1081.39,621.11028785
1490986800,1081,1084.99,1081.24,1084.7,351.24592305
1490990400,1078.18,1087.68,1084.71,1079.34,492.3804069
1490994000,1074.9,1086.48,1078.7,1086.45,564.10104971
1490997600,1085.99,1091,1086.45,1091,488.74964015
1491001200,1084.87,1091,1090.99,1088.99,426.87317684
1491004800,1088.83,1096.89,1088.99,1095.17,411.42469788
1491008400,1084.6,1095,1094.97,1086.97,223.73817843
1491012000,1083.88,1088.61,1086.97,1083.88,233.27435967
1491015600,1081.69,1087.5,1085.19,1086.67,157.49649959
1491019200,1085.02,1088.91,1086.31,1087.68,132.28366751
1491022800,1080.5,1088.54,1087.43,1088.1,153.57541531
1491026400,1082.41,1089,1088.1,1088.05,128.81977252
1491030000,1085.31,1098,1088.05,1098,152.67582619
1491033600,1094.51,1098,1098,1097.99,274.88067807
1491037200,1097.99,1109.45,1098,1103.85,611.21852338
1491040800,1103.28,1110.22,1103.86,1109.46,161.96242012
1491044400,1095.45,1110.57,1109.46,1102.5,238.4791077
1491048000,1101.61,1110.95,1102.05,1105.01,192.39652305
1491051600,1095,1107.04,1104.49,1102,245.62945743
1491055200,1082.39,1102,1102,1082.77,652.88911249
1491058800,1071.45,1085.87,1082.94,1084.45,594.66420714
1491062400,1077.6,1086,1084.46,1085.66,288.49895476
1491066000,1079,1085.86,1085.61,1081.84,305.02431265
1491069600,1081.25,1086.5,1081.84,1084.04,249.09767901
1491073200,1082.03,1086.5,1084.04,1082.07,235.6354815
1491076800,1074.82,1082.46,1082.06,1080.27,484.92976577
1491080400,1079.15,1083,1080.16,1082.16,224.8064221
1491084000,1082.1,1085.74,1082.12,1085.52,187.52431485
1491087600,1085.47,1092,1085.52,1092,186.0450509
1491091200,1087.88,1094,1092,1088.32,227.961337
1491094800,1085.95,1091.16,1088.91,1090.05,163.60940615
1491098400,1084.62,1090.01,1090.01,1087.72,193.64146373
1491102000,1081,1087.72,1087.56,1086,168.42546801
1491105600,1081.02,1086.36,1085.99,1084.03,146.36380632
1491109200,1081.28,1087.72,1084.06,1086.76,103.74797794
1491112800,1086.64,1090.01,1087.25,1090.01,90.35306322
1491116400,1090,1097.36,1090.01,1097.33,223.16460502
1491120000,1087.86,1097.36,1097.33,1089.08,132.30250822
1491123600,1086.2,1090.52,1089.12,1088.22,97.90949681
1491127200,1086,1096.72,1088.21,1095.77,112.96241257
1491130800,1085.7,1096.31,1095.12,1089.18,174.58822557
1491134400,1080,1089.97,1089.19,1086.88,320.54130874
1491138000,1084,1092.61,1086.23,1089.92,188.77829225
1491141600,1086.54,1093.67,1089.65,1093.08,160.66530986
1491145200,1091.56,1110,1093.67,1108.62,1055.68431683
1491148800,1100.53,1109.5,1108.63,1100.99,523.62312224
1491152400,1097.75,1107.46,1100.99,1105,779.49854094
1491156000,1102.98,1110.32,1104.36,1109.51,503.95124222
1491159600,1107.36,1116.29,1108.79,1116.29,753.3372987
1491163200,1110,1119,1116.41,1111.59,616.62030604
1491166800,1106,1113.54,1112.11,1110.53,410.57553474
1491170400,1106.49,1112.81,1110.53,1112.81,308.53663849
1491174000,1108.94,1114.23,1112.81,1113.99,425.51257343
1491177600,1112.24,1155,1113.23,1148.1,1845.31642934
1491181200,1133.49,1149.53,1147.1,1138.91,892.4826622
1491184800,1132.39,1144.56,1138.11,1141.54,571.44410893
1491188400,1141.53,1159.18,1141.53,1158.49,793.32868353
1491192000,1133.48,1159.95,1158.48,1134,732.36330564
1491195600,1132.53,1150.8,1134,1144.2,613.06760639
1491199200,1142.91,1147.71,1144.2,1142.91,154.56643676
1491202800,1140,1145.5,1142.98,1140.01,132.51339439
1491206400,1127.87,1142,1140.27,1139.52,338.90669142
1491210000,1124,1141.98,1140.26,1141.6,339.9154408
1491213600,1131.97,1142,1141.6,1137.88,165.65334857
1491217200,1134.47,1143.5,1137.05,1141.97,239.62883894
1491220800,1133.2,1143.87,1141.95,1133.89,244.05210645
1491224400,1131,1137.98,1133.87,1132.35,257.53659074
1491228000,1131,1139.48,1132.3,1139.48,276.28571527
1491231600,1138.24,1143,1139.3,1142.96,471.95955072
1491235200,1140.79,1143.45,1142.97,1141.56,409.50794018
1491238800,1137,1143.1,1141.55,1139.07,528.37254623
1491242400,1136.5,1142,1138.72,1142,559.05114846
1491246000,1142,1154.29,1142,1154.1,654.21680065
1491249600,1145.86,1156,1154.08,1154.82,454.67726076
1491253200,1155.12,1165.18,1155.12,1157.69,696.92569259
1491256800,1154.01,1168.72,1158.77,1154.07,702.11146413
1491260400,1138.33,1157,1154.16,1152.6,620.19484595
1491264000,1143.08,1161.45,1152.09,1154.95,573.03841616
1491267600,1142.07,1156.99,1154.95,1143.69,396.99193555
1491271200,1141.32,1151,1143.7,1149.85,443.06844879
1491274800,1147.16,1151.99,1149.82,1149.46,309.54710796
1491278400,1147.94,1155.85,1148.84,1153.07,267.4323464
1491282000,1150.17,1155.4,1153.12,1154.98,283.66471212
1491285600,1146.02,1155.39,1154.97,1155.39,376.00596986
1491289200,1155.12,1156.12,1155.39,1156.12,190.90117112
1491292800,1156.11,1164.14,1156.12,1163.2,384.12828592
1491296400,1153.59,1163.35,1163.27,1159.74,185.04240754
1491300000,1157.82,1163.5,1159.74,1161.64,282.40048292
1491303600,1145,1163.07,1161.5,1148.69,351.11869006
1491307200,1145,1152,1148.5,1146.12,211.05573754
1491310800,1145,1153,1146.13,1148.3,308.40434771
1491314400,1131.78,1149.48,1148.44,1131.87,435.24293649
1491318000,1124.98,1137.25,1131.9,1135.15,1135.2976117
1491321600,1126.23,1139.99,1135.24,1132.23,435.3959931
1491325200,1128.87,1141.99,1131.08,1141.99,435.14047166
1491328800,1139.51,1144.98,1141.99,1142.7,280.43130183
1491332400,1134.41,1145,1142.7,1144.85,406.74988964
1491336000,1137.92,1145,1144.2,1142.19,354.53918589
1491339600,1137.09,1143.99,1142.24,1143.98,352.6549663
1491343200,1136.5,1143.98,1143.98,1141.26,298.29575973
1491346800,1141.2,1143.99,1141.21,1143.99,264.00519667
1491350400,1139.7,1144.99,1143.98,1144.89,369.22832475
1491354000,1141.85,1144.98,1144.9,1144.05,234.56898767
1491357600,1135.15,1144.07,1144.04,1138.41,289.01142925
1491361200,1132,1140,1138.41,1140,436.57476714
1491364800,1136.36,1141.85,1140,1137.87,217.01677769
1491368400,1137.4,1140.1,1137.92,1138.85,242.14788235
1491372000,1135.4,1139.9,1138.3,1136.33,142.3145398
1491375600,1126.95,1137.98,1136.18,1128.63,239.31793751
1491379200,1114.9,1130.3,1127.9,1120.21,299.33540163
1491382800,1120.02,1127.56,1120.3,1127.41,181.75042925
1491386400,1121.26,1136.28,1126.21,1133.59,371.02937
1491390000,1128.09,1134.58,1133.72,1134.47,126.3493022
1491393600,1128.88,1135.89,1134.57,1133.22,255.61783481
1491397200,1124.46,1133.6,1132.79,1126.84,366.3739127
1491400800,1125,1128.97,1126.84,1127.86,354.92984274
1491404400,1121.97,1127.99,1127.86,1122.24,327.70814237
1491408000,1120,1124.98,1122.1,1120,604.03960653
1491411600,1120.07,1130,1120.46,1123.21,700.71148128
1491415200,1122.81,1133.88,1124.37,1130.85,930.99107964
1491418800,1125.26,1131,1130.47,1131,642.78342579
1491422400,1124.63,1131.3,1130.99,1127.71,408.01673732
1491426000,1124.22,1129,1127.71,1128.98,273.545187
1491429600,1122.27,1128.99,1128.99,1127.65,327.8268955
1491433200,1127.56,1132.99,1127.64,1132.99,364.73088921
1491436800,1132.98,1149.99,1132.99,1143.89,1125.40181204
1491440400,1141.74,1146,1143.9,1146,272.30657698
1491444000,1142.28,1149.17,1145.99,1149.17,444.40297891
1491447600,1147.38,1153,1149.22,1153,514.390418
1491451200,1152.3,1162.95,1152.3,1155.61,483.96007763
1491454800,1150.44,1158.68,1155.61,1153.21,342.30433987
1491458400,1152.27,1165,1153.2,1160.78,215.4249095
1491462000,1155.1,1165,1160.77,1156.22,399.18950303
1491465600,1155.97,1160,1156.23,1160,151.4630978
1491469200,1156.49,1160,1160,1159.93,123.97657629
1491472800,1159.92,1165,1159.93,1165,239.47330102
1491476400,1165,1173.69,1165,1173.69,301.18870912
1491480000,1167.44,1175,1173.69,1171.97,343.71323469
1491483600,1160.78,1171.96,1171.96,1163.51,216.70262169
1491487200,1163.65,1170.59,1163.65,1169.23,337.48563194
1491490800,1165.66,1170,1169.24,1169.28,403.4789775
1491494400,1168.92,1176.17,1169.19,1172.81,395.90847507
1491498000,1171.81,1178.76,1172.7,1174.32,348.95901234
1491501600,1174.05,1190,1174.07,1183.34,860.15243036
1491505200,1175.88,1189.96,1183.04,1185.14,951.92733985
1491508800,1182.86,1199.99,1185.79,1199.99,1117.87584929
1491512400,1187.62,1206.97,1198.82,1200,754.664281
1491516000,1189.14,1202.3,1200,1198.5,530.75675719
1491519600,1191.98,1198.5,1198.49,1192.3,358.38980973
1491523200,1183.84,1195,1192.29,1187.01,309.23933581
1491526800,1186.95,1199.51,1187.02,1193.47,249.71581038
1491530400,1192.63,1199.74,1193.46,1192.71,230.91810355
1491534000,1177.79,1192.7,1192.7,1178.93,323.07456011
1491537600,1175.26,1190.2,1178.92,1190.2,303.26696556
1491541200,1179.24,1191.29,1188.87,1181.77,379.48491016
1491544800,1181.7,1188,1181.73,1185.99,198.04459504
1491548400,1185.98,1193.44,1185.98,1193.44,119.76143396
1491552000,1193.43,1197.9,1193.43,1194.19,142.93379313
1491555600,1193.4,1198.65,1194.19,1198.65,138.59059768
1491559200,1184.23,1198.4,1198.32,1194.29,147.64503684
1491562800,1188.55,1196.19,1194.29,1192.2,177.68073679
1491566400,1187.74,1192.51,1192.21,1192.2,314.57139599
1491570000,1189.59,1193.46,1192.21,1192.19,275.07702538
1491573600,1189.42,1194.98,1192.3,1193.18,215.94957302
1491577200,1190,1196.32,1193.1,1196.31,345.78790698
1491580800,1190.1,1196.99,1196.32,1194.9,297.23938747
1491584400,1189.58,1194.99,1194.94,1192.32,318.27603927
1491588000,1187.91,1193.54,1192.49,1193.54,346.77759653
1491591600,1193.54,1198,1193.54,1198,549.56063433
1491595200,1196.02,1203,1198,1198,405.39055931
1491598800,1190.74,1201.84,1197.98,1194.28,489.39112087
1491602400,1186.03,1195.41,1194.95,1190.75,378.05029528
1491606000,1185.5,1194.45,1190.75,1194,327.94056584
1491609600,1180.03,1194.99,1194,1184.19,410.81248697
1491613200,1177.54,1189.5,1184.07,1188.7,394.16668221
1491616800,1187.93,1192,1188.68,1191.24,187.80483953
1491620400,1190.52,1198,1191.24,1196.93,242.72560932
1491624000,1191.92,1196.89,1196.84,1195.66,168.94700447
1491627600,1192.91,1195.94,1195.67,1194.23,149.90101091
1491631200,1187.84,1194.29,1194.22,1189.78,120.93821411
1491634800,1189.62,1194.95,1189.78,1194.55,99.49659655
1491638400,1192.93,1196.01,1194.04,1195.5,75.39255088
1491642000,1190.18,1196,1195.5,1192.38,89.07602471
1491645600,1181.01,1193.68,1192.35,1182.04,149.4602725
1491649200,1181.5,1191.57,1181.85,1191.05,96.02309429
1491652800,1187.85,1191.72,1191.58,1191.34,105.89068773
1491656400,1188.66,1191.34,1191.34,1190.31,108.26507369
1491660000,1187.8,1191.91,1190.5,1190.51,164.13285052
1491663600,1185,1190.59,1190.58,1185.54,214.50689003
1491667200,1184.85,1191,1185.55,1190.38,169.3298022
1491670800,1188.39,1190.99,1190.5,1190.36,203.91906927
1491674400,1170,1190.36,1190.36,1177.01,418.50732264
1491678000,1174.57,1184.12,1177.02,1182.98,265.05479295
1491681600,1180,1183,1182.89,1183,143.79625271
1491685200,1180.99,1182.99,1182.83,1182.95,141.97837023
1491688800,1182.01,1182.98,1182.95,1182.1,127.66941422
1491692400,1181.67,1184.5,1182.38,1184.5,175.31266878
1491696000,1184.48,1189,1184.5,1188.21,184.49112154
1491699600,1182.9,1188.2,1188.2,1185.23,175.14844587
1491703200,1184.14,1185.5,1185.27,1185.25,118.01037928
1491706800,1184.97,1187.65,1185.3,1186.36,186.41411866
1491710400,1183.82,1187.69,1186.4,1185.81,165.51425648
1491714000,1182.69,1186.5,1185.75,1185.07,72.88374725
1491717600,1185.09,1186.23,1185.1,1186.22,58.56623341
1491721200,1185.05,1186.23,1186.21,1185.89,99.23966085
1491724800,1182.98,1185.89,1185.89,1183.22,88.21496576
1491728400,1182.99,1183.56,1183.22,1183,75.89480579
1491732000,1180.03,1183,1183,1181.35,101.27739109
1491735600,1176.4,1181.43,1181.36,1176.52,113.93712009
1491739200,1175.8,1188,1177.18,1187.56,289.35998557
1491742800,1185.47,1187.93,1187.32,1187.23,191.46407255
1491746400,1185.84,1189.05,1187.21,1189.05,250.16869432
1491750000,1189.03,1198.99,1189.04,1198.97,396.38602256
1491753600,1198.87,1221,1198.97,1207.67,1075.66782025
1491757200,1207.22,1215.6,1207.69,1211.93,437.89891656
1491760800,1206.33,1212.41,1211.93,1206.38,269.76797245
1491764400,1206.28,1214.99,1206.79,1214.77,491.99466005
1491768000,1206.4,1215.44,1214.7,1207.99,444.13907172
1491771600,1205.24,1210.56,1207.26,1209.34,224.66282727
1491775200,1209.34,1213,1209.34,1211.94,139.64320893
1491778800,1209.34,1212.9,1211.94,1210.97,169.12578332
1491782400,1210.5,1212.99,1210.99,1212.46,327.2796757
1491786000,1210.58,1212.98,1212.78,1211.79,149.84256412
1491789600,1211.69,1219.78,1211.7,1216.73,328.50701126
1491793200,1215.9,1218.8,1216.95,1218,601.75434756
1491796800,1215.9,1218,1218,1215.91,166.923741
1491800400,1214,1215.91,1215.91,1214,94.47317981
1491804000,1208.12,1214.01,1214,1210.59,145.49915501
1491807600,1208,1210.69,1210.65,1208.03,53.91106944
1491811200,1208.15,1215.1,1208.36,1213.92,102.48128498
1491814800,1213.51,1218,1214.2,1217.98,114.00889668
1491818400,1214.64,1218,1217.98,1217.66,74.3082548
1491822000,1215.4,1218,1217.67,1215.4,84.12376846
1491825600,1212.25,1215.4,1215.4,1214.34,131.13697396
1491829200,1211.68,1214.35,1214.34,1213.97,238.84454516
1491832800,1211.22,1214.35,1213.97,1212.5,294.87462681
1491836400,1209.45,1213.77,1212.5,1212.44,449.61350833
1491840000,1211,1212.99,1212.41,1212.62,363.4736342
1491843600,1211.78,1212.76,1212.62,1212.23,242.50778441
1491847200,1204.31,1212.25,1212.05,1206.89,345.37049302
1491850800,1204.3,1212,1206.89,1208.45,285.35690588
1491854400,1201,1209.45,1208.25,1202.44,367.33663854
1491858000,1201.02,1204.5,1202.44,1203.2,238.16801408
1491861600,1201.28,1207.91,1203.31,1207.91,231.48441558
1491865200,1206.5,1210,1208,1210,213.68098737
1491868800,1209.99,1214.39,1210,1214.39,189.88719995
1491872400,1211.83,1214.4,1214.32,1214.38,186.66408432
1491876000,1209.24,1214.49,1214.38,1209.24,189.71545461
1491879600,1201.28,1209.99,1209.49,1203.37,251.62147598
1491883200,1200,1204,1203.37,1203.6,177.74047257
1491886800,1201.5,1204.98,1203.07,1204.28,123.07168611
1491890400,1203.63,1208.94,1204.28,1208.84,174.95192138
1491894000,1203.06,1208.99,1208.85,1206,116.98186035
1491897600,1205.03,1208.49,1206,1208.12,80.82135484
1491901200,1200.6,1209,1207.93,1207.82,207.03578053
1491904800,1204.08,1211,1207.82,1211,95.05435102
1491908400,1208.31,1212.84,1211,1212.38,138.53553837
1491912000,1211,1213.78,1212.36,1213.49,151.08591211
1491915600,1212.35,1213.99,1213.65,1213.3,163.17080289
1491919200,1212.5,1215,1212.94,1214.99,257.761085
1491922800,1213.33,1223.95,1214.99,1223.54,612.76802626
1491926400,1223.5,1234,1223.54,1232,420.7174595
1491930000,1225,1232,1232,1230.51,320.89608074
1491933600,1225.96,1230.5,1230.5,1227.2,275.5106018
1491937200,1221.17,1227.21,1227.19,1222.54,283.55439522
1491940800,1221.28,1225.99,1222.54,1225.92,312.51503261
1491944400,1225.88,1230.72,1225.89,1228.89,264.74114957
1491948000,1225.94,1228.9,1228.89,1226.07,226.00752625
1491951600,1222.7,1228.32,1226.66,1223.99,260.27404636
1491955200,1223.03,1227.86,1224,1226.23,207.43555165
1491958800,1224.01,1227.28,1226.24,1224.82,210.83183184
1491962400,1224.01,1227.86,1224.81,1226.72,187.49345685
1491966000,1224.73,1227.49,1226.67,1226.1,198.23764534
1491969600,1223.97,1226.85,1226.08,1224.1,238.538468
1491973200,1220,1224.1,1224.1,1220.01,268.23596277
1491976800,1215,1220.64,1220.01,1217.67,327.31749499
1491980400,1215.17,1219.5,1217.12,1217.64,270.04947819
1491984000,1216.76,1225.25,1217.91,1222.08,118.47319444
1491987600,1219.13,1223.96,1223.12,1220.99,188.15426186
1491991200,1215.1,1221.45,1220.97,1218.27,154.405235
1491994800,1216.57,1220.34,1218.68,1219.16,153.57438899
1491998400,1213,1219.2,1218.94,1213.81,142.01313498
1492002000,1211.62,1220.46,1213.7,1220.03,375.43587496
1492005600,1216.99,1221.75,1220.46,1220.96,324.46841394
1492009200,1215.52,1220.98,1220.96,1219.27,267.3954345
1492012800,1211.46,1219.4,1219.29,1216.16,468.08165028
1492016400,1214.68,1218.47,1216.16,1217.58,216.86111418
1492020000,1216.13,1220,1217.41,1220,212.61905647
1492023600,1215.01,1221,1219.83,1215.67,635.94808723
1492027200,1214.08,1218.67,1215.82,1216.29,364.22791215
1492030800,1210,1216.46,1216.46,1214.3,343.64280381
1492034400,1209.61,1216.18,1214.17,1211.09,309.30583115
1492038000,1211.28,1218.32,1212.32,1214.17,311.40527805
1492041600,1212.96,1216.85,1214.68,1216.85,249.19056851
1492045200,1216.85,1218.92,1216.85,1218.62,220.36486692
1492048800,1215.35,1219.49,1218.63,1218.1,226.58897635
1492052400,1210.37,1218.55,1218.44,1213.24,407.3547422
1492056000,1210.95,1216.74,1213.18,1216.37,248.75740358
1492059600,1210.24,1216.82,1216.26,1211.35,191.13986672
1492063200,1168.51,1211.35,1211.35,1182.82,850.89810817
1492066800,1182.99,1196.93,1182.99,1195.98,190.21880178
1492070400,1182.27,1196.44,1195.26,1188.53,239.18744304
1492074000,1183.64,1190.04,1188.3,1185.4,161.05687551
1492077600,1183.06,1194.1,1185.45,1193.99,229.77411268
1492081200,1193.99,1198,1193.99,1197.59,176.72737702
1492084800,1195.36,1197.6,1197.59,1196.45,206.23525193
1492088400,1188.72,1197.8,1196.46,1189,334.44388035
1492092000,1175,1190.95,1188.99,1178.09,305.29826527
1492095600,1168.3,1186.95,1178.2,1176,730.98378198
1492099200,1169.8,1179.39,1176,1169.94,660.01292003
1492102800,1148.98,1172.18,1171.26,1159.25,1018.60439103
1492106400,1155,1166.7,1159.31,1166.01,636.7693317
1492110000,1162.76,1174.68,1165.99,1171.33,519.22768697
1492113600,1165.2,1171.69,1171.49,1169.03,278.55003878
1492117200,1165,1175.78,1168.99,1174.06,747.92245021
1492120800,1172.46,1177.5,1174.06,1175.67,294.4363426
1492124400,1169.55,1177.05,1175.67,1177.05,302.79397357
1492128000,1171.32,1178.97,1177.05,1178,180.65640253
1492131600,1177.2,1184.99,1177.2,1184.91,419.03266783
1492135200,1180.39,1184.93,1184.92,1181.3,244.71835723
1492138800,1178.73,1182.98,1182.5,1182.92,195.25547452
1492142400,1182.3,1185,1182.93,1184.94,182.16207025
1492146000,1184.93,1189.33,1184.93,1189.33,86.03683103
1492149600,1189.31,1195.9,1189.33,1195.21,154.52800069
1492153200,1185.87,1196.92,1195.2,1191.6,116.16446457
1492156800,1181.85,1192.28,1191.05,1181.86,75.71338611
1492160400,1170.14,1181.85,1181.85,1175.47,252.60748673
1492164000,1171.87,1177.69,1175.42,1176.89,74.82316214
1492167600,1173.31,1177.24,1176.9,1175.61,181.28127207
1492171200,1172.96,1178,1175.61,1178,318.9430139
1492174800,1174.13,1184,1178,1184,238.0345958
1492178400,1182.65,1189.49,1184,1185.8,508.63261967
1492182000,1179.96,1188.82,1185.79,1187.99,448.63710129
1492185600,1182.12,1188,1187.99,1187.44,283.05481197
1492189200,1183.12,1188.9,1186.76,1188.89,332.3128664
1492192800,1186.16,1188.98,1188.9,1187,279.47782491
1492196400,1178.01,1188,1187.81,1180.77,187.27847793
1492200000,1176.53,1184.66,1180.98,1180.79,227.81758983
1492203600,1176.01,1183,1180.79,1180.49,204.22637143
1492207200,1172.76,1180.49,1180.2,1172.76,191.89185618
1492210800,1171.69,1176,1173.83,1173.74,283.02823859
1492214400,1170.26,1174.86,1173.13,1173.33,290.31065371
1492218000,1171.6,1177,1173.32,1176.86,311.05184223
1492221600,1169.91,1177.43,1176.02,1175,312.48148378
1492225200,1172.77,1180.86,1174.98,1180.09,154.36851348
1492228800,1178.01,1181,1180.09,1180.14,96.97116734
1492232400,1177.2,1182.2,1180.32,1181.6,138.27052599
1492236000,1177.78,1182.99,1181.58,1180.33,85.4500258
1492239600,1173.78,1182.94,1179.79,1180.03,168.08377644
1492243200,1176.9,1181.51,1179.16,1180.98,99.98280584
1492246800,1176.02,1181.47,1181.47,1180.51,88.71764228
1492250400,1179.09,1182.82,1180.5,1182.03,57.41274942
1492254000,1179.89,1182.74,1180.57,1180.28,61.86670186
1492257600,1176.96,1182.13,1180.23,1180.88,180.30828957
1492261200,1180.88,1182.95,1180.88,1182.76,235.11378933
1492264800,1182.48,1183.98,1182.84,1183.98,206.28253623
1492268400,1183.98,1188.99,1183.98,1188.99,173.38119232
1492272000,1188.53,1189.98,1188.97,1188.56,178.84858495
1492275600,1183.49,1190.99,1188.64,1185.5,255.0095302
1492279200,1180.65,1186,1184.29,1183.35,377.32594508
1492282800,1182.2,1182.99,1182.98,1182.99,11.36003139
1492297200,0.06,1186.6,0.06,1178.85,489.40535858
1492300800,1175.82,1184.73,1178.84,1184.73,154.31141111
1492304400,1180.25,1186.37,1184.71,1182.7,176.37766791
1492308000,1181.87,1183.99,1182.31,1183.96,128.70119319
1492311600,1183.96,1187.99,1183.96,1186.7,124.38460648
1492315200,1180.2,1187.99,1187.78,1187.99,198.59369363
1492318800,1185,1189.84,1187.97,1189.8,93.56132651
1492322400,1187,1189.93,1189.61,1188.8,65.07058752
1492326000,1187.01,1189.2,1188.8,1188.98,42.44007381
1492329600,1183,1188.99,1188.41,1183.32,63.79952197
1492333200,1181.77,1185.71,1182.7,1185.7,87.35651839
1492336800,1185.3,1187.84,1185.7,1187.22,40.07635161
1492340400,1184,1187.42,1187.28,1184.06,68.82909963
1492344000,1179,1184.06,1184.06,1179.39,78.90913488
1492347600,1177,1179.9,1179.39,1177.22,110.67322848
1492351200,1173.11,1179.88,1177.33,1173.9,172.09899939
1492354800,1171.7,1183.3,1175.89,1178.5,179.65116977
1492358400,1177.8,1180,1178.65,1179.45,221.63488997
1492362000,1179,1180,1179.36,1180,160.11754219
1492365600,1178.97,1180,1179.99,1180,172.89966585
1492369200,1176.54,1181.79,1180,1180.5,177.18590527
1492372800,1177.08,1181.61,1180.5,1179.75,100.80915872
1492376400,1178.23,1180.81,1178.84,1180,158.97887431
1492380000,1178.04,1180.82,1179.99,1179.97,138.05716858
1492383600,1175.03,1180.82,1179.97,1177.99,170.00724937
1492387200,1173.56,1177.98,1177.63,1176.77,176.10280628
1492390800,1173.74,1177.1,1177.05,1174.66,193.64118119
1492394400,1172,1177.18,1174.66,1176.72,190.95742985
1492398000,1175,1178.99,1176.29,1177.98,184.72170596
1492401600,1174.22,1178.83,1177.98,1175.85,202.89275906
1492405200,1170.85,1176.2,1174.42,1174.36,194.5287791
1492408800,1171.05,1177.84,1174.36,1172.3,304.00836261
1492412400,1172.15,1174.99,1173.37,1174.56,95.59962491
1492416000,1174.01,1178.72,1174.54,1178.04,160.07180259
1492419600,1171.77,1178.4,1177.98,1178.4,197.61482114
1492423200,1171.79,1178.73,1178.39,1173.57,74.12678469
1492426800,1172.63,1174.67,1172.69,1173.78,144.5033305
1492430400,1171.77,1177,1173.79,1176.96,204.67305263
1492434000,1172.28,1177,1176.65,1173.59,191.26092835
1492437600,1172.2,1177,1174.51,1176.99,189.33055634
1492441200,1176.98,1187.1,1176.99,1186.18,668.58792649
1492444800,1181,1187.99,1186.06,1187.99,651.27937084
1492448400,1181.06,1187.99,1187.99,1184.44,340.35030392
1492452000,1181.29,1197.6,1184.45,1193.96,716.69284144
1492455600,1187.04,1194.9,1194.01,1192.01,254.86270912
1492459200,1187.56,1194,1192.02,1190.6,406.09207076
1492462800,1180.05,1192,1190.63,1186.8,220.61074938
1492466400,1184.21,1193,1186.46,1191.98,305.71970894
1492470000,1188.74,1194,1191.81,1189.91,279.83695688
1492473600,1189.83,1193.99,1190.95,1193.29,347.41463317
1492477200,1189.76,1193.94,1193.26,1193.94,251.1591683
1492480800,1192.04,1195,1193.94,1195,293.69837989
1492484400,1194.54,1197,1195,1196.54,318.70784505
1492488000,1196.54,1200.99,1196.54,1200.35,430.7075838
1492491600,1192.02,1200.98,1199.03,1194.39,355.07194407
1492495200,1193.76,1198.49,1194.07,1196.65,174.80980143
1492498800,1195.73,1198.69,1196.67,1197.01,160.01582036
1492502400,1197,1198.69,1197.79,1198.69,92.5326336
1492506000,1194.07,1198.69,1198.67,1196.48,134.96720692
1492509600,1193.01,1198.5,1196,1196.55,152.57348568
1492513200,1194.76,1200.99,1196.55,1200.82,233.88599691
1492516800,1200.83,1206.65,1200.84,1205.23,227.6700952
1492520400,1198.31,1205.23,1205.22,1198.31,247.95493611
1492524000,1192.32,1202.83,1198.27,1201.15,394.49368581
1492527600,1194.5,1202.53,1201.17,1201.14,255.82631616
1492531200,1198,1201.76,1201.25,1200,303.53309923
1492534800,1199.78,1203.92,1199.99,1203.91,362.58778513
1492538400,1201.5,1204,1203.91,1202.3,264.54786598
1492542000,1201.5,1203.77,1202.3,1202.92,239.52576497
1492545600,1198.49,1202.95,1202.16,1200.6,349.97700697
1492549200,1197.28,1201.66,1200.79,1200.41,230.40862957
1492552800,1198.5,1201.49,1200.98,1200.81,205.3932857
1492556400,1198.65,1203.1,1201.4,1201.94,242.44629486
1492560000,1198,1201.88,1201.88,1198.69,252.32798698
1492563600,1198.65,1204.63,1198.68,1204.31,260.60334703
1492567200,1197.11,1206.51,1204.21,1205.58,275.80407298
1492570800,1203.55,1207.44,1205.54,1204.6,186.99428494
1492574400,1203.25,1206.99,1204.6,1205.88,181.93464057
1492578000,1196.5,1206,1205.86,1200.17,486.03639629
1492581600,1194.11,1201.18,1200.17,1195.24,198.99694096
1492585200,1191.26,1195.24,1195.24,1192.51,124.00801789
1492588800,1191.09,1195.77,1194.48,1193.7,66.55162699
1492592400,1191.23,1199.17,1193.7,1197.09,140.93437835
1492596000,1196.5,1198.5,1197.88,1197.01,99.66982921
1492599600,1196.5,1200.19,1197.07,1199.71,126.49256697
1492603200,1197.55,1201.94,1199.7,1201.32,176.59308799
1492606800,1199.33,1201.99,1201.37,1200.29,133.92865452
1492610400,1198.52,1203,1200.25,1200.71,260.66016357
1492614000,1199.79,1202.99,1200.71,1201.99,367.75212361
1492617600,1201.5,1202.74,1201.87,1201.99,266.89926191
1492621200,1201.25,1202.99,1202.41,1202.03,443.39218523
1492624800,1201.69,1203,1202.21,1203,242.77900229
1492628400,1201.5,1206.3,1203,1206,339.13172127
1492632000,1200.01,1206.21,1206,1205.09,344.68556483
1492635600,1202.53,1206.5,1205.09,1203.99,362.32955126
1492639200,1200.29,1206.82,1203.99,1206.33,355.54231165
1492642800,1205.51,1215.32,1206.34,1214.21,579.56765885
1492646400,1214.22,1220,1214.22,1218.02,596.52775125
1492650000,1213.12,1218.99,1218.02,1213.59,358.02184931
1492653600,1212.01,1216,1213.59,1215.87,257.57005502
1492657200,1215.51,1218.69,1215.88,1217.79,202.24141197
1492660800,1215.15,1219.54,1217.74,1218.58,202.82109659
1492664400,1216.76,1219.98,1218.57,1219.8,165.08593518
1492668000,1218.71,1219.98,1219.8,1219.02,122.65602541
1492671600,1218.97,1220,1219.38,1219.99,145.38596827
1492675200,1219.99,1225,1220,1223.43,235.54040668
1492678800,1219.77,1224.85,1223.79,1224.8,154.52969692
1492682400,1222.16,1225,1224.24,1224.92,119.52909416
1492686000,1222.03,1224.98,1224.87,1223.2,143.9187154
1492689600,1220,1223.2,1223.2,1222.08,163.13645268
1492693200,1219.35,1223,1222,1220.92,487.87785577
1492696800,1220.91,1225,1220.91,1224.92,413.37887109
1492700400,1223.57,1230,1224.98,1229.61,463.42372262
1492704000,1226.2,1237.98,1229.56,1236.99,874.56641387
1492707600,1231.58,1240.6,1236.99,1232.87,583.61332003
1492711200,1230,1235.8,1232.87,1232.8,412.2143887
1492714800,1228,1233,1232.8,1232.54,466.18769635
1492718400,1232,1240,1232.54,1239.49,345.10269263
1492722000,1231,1239.49,1239.48,1231.62,367.78174022
1492725600,1231,1235.79,1231.51,1234.75,208.39115534
1492729200,1232.06,1236.85,1234.75,1236.15,257.72278147
1492732800,1236.15,1243.86,1236.15,1242.11,277.69098788
1492736400,1239.01,1243.99,1242.11,1243.08,257.83592048
1492740000,1242.19,1246.78,1243.32,1246.63,355.92928051
1492743600,1241.61,1247,1246.62,1241.62,297.17230085
1492747200,1240.76,1246.03,1242.71,1246.03,202.8775421
1492750800,1245.89,1247,1246.03,1246.94,133.06205797
1492754400,1246.17,1249,1246.93,1249,106.40711438
1492758000,1245.54,1249.65,1249,1249.28,91.19093559
1492761600,1245.78,1254.13,1249.38,1253.43,199.39284422
1492765200,1251.07,1255.9,1253.51,1254.82,179.93609453
1492768800,1254,1257.33,1254.85,1256.92,142.58803458
1492772400,1251.41,1258.77,1256.92,1252,241.35557336
1492776000,1246.99,1256,1252.7,1251.21,596.71371193
1492779600,1246.6,1253.69,1251.22,1247.84,355.89122636
1492783200,1242.08,1249.99,1247.84,1245.81,399.30926565
1492786800,1242,1247.35,1245.61,1244.01,313.73405859
1492790400,1244,1247,1245.23,1244.58,323.70230233
1492794000,1244,1247.09,1244.49,1246.54,242.6877829
1492797600,1243.03,1248.5,1246.87,1248.09,321.57544497
1492801200,1243.06,1248.79,1248.07,1246.34,395.35462739
1492804800,1245.2,1247.89,1246.34,1246.43,340.6734219
1492808400,1245.35,1249.5,1246.43,1247.29,265.22912054
1492812000,1244.63,1247.79,1247.24,1245.82,280.03931688
1492815600,1244.46,1250.07,1245.83,1249.99,348.79620305
1492819200,1247.58,1250.73,1249.98,1248.76,220.66368752
1492822800,1249,1249.99,1249.47,1249.99,172.43047176
1492826400,1248.66,1249.99,1249.99,1249.75,136.51808688
1492830000,1248.51,1250,1249.72,1249.72,237.7403298
1492833600,1245.69,1249.74,1249.74,1248.37,302.31711832
1492837200,1245.07,1248.56,1248.37,1247.59,167.25596004
1492840800,1246.48,1249.99,1247.59,1249.5,159.0869028
1492844400,1246.37,1249.55,1249.45,1249.33,116.69278308
1492848000,1244.61,1249.61,1249.33,1245.26,94.18408934
1492851600,1243.52,1247.26,1245.26,1244.86,107.1049246
1492855200,1243.06,1245.22,1245.07,1243.97,159.69534211
1492858800,1243.06,1244.15,1244,1243.66,109.84889047
1492862400,1238.4,1244.24,1243.67,1238.4,229.84644535
1492866000,1221.51,1239.61,1238.83,1225.5,282.64501714
1492869600,1225.49,1234.87,1225.49,1233.7,388.72419615
1492873200,1233.16,1240.56,1233.7,1240.3,297.87293601
1492876800,1240.06,1247.44,1240.52,1247.25,385.65509115
1492880400,1241.27,1247.4,1247.19,1242.66,412.31553701
1492884000,1241.4,1247.98,1242.64,1247.97,424.46591479
1492887600,1247.42,1249.99,1247.96,1248.99,424.71514153
1492891200,1246.35,1249.93,1248.98,1249.93,223.91576802
1492894800,1249.04,1253,1249.74,1250,575.26311031
1492898400,1247.06,1252.49,1249.99,1249.96,311.7256682
1492902000,1243.1,1250,1249.97,1247,206.66426895
1492905600,1242.5,1247.5,1246.79,1244.4,273.35173265
1492909200,1240.68,1244.4,1244.38,1243.47,260.08686858
1492912800,1241.74,1245.41,1243.44,1244.77,251.72390581
1492916400,1236.2,1245.95,1244.76,1238.73,171.51917553
1492920000,1236.79,1241.49,1238.73,1238.53,219.00404254
1492923600,1237,1242.94,1239.28,1242.68,188.13413544
1492927200,1242.11,1249,1242.77,1248.39,120.8546703
1492930800,1248.01,1249.96,1248.38,1249.94,65.54728497
1492934400,1246.6,1249.99,1249.98,1247.03,92.39553914
1492938000,1242.29,1247.35,1247.06,1245.75,142.41960818
1492941600,1244.64,1248.74,1245.75,1248.4,79.22505109
1492945200,1244.51,1248.83,1248.72,1247.66,90.2730286
1492948800,1245.01,1248.25,1247.68,1247.02,123.87671383
1492952400,1245.82,1250,1247,1247.96,230.6806624
1492956000,1247.32,1250,1247.95,1250,335.84391928
1492959600,1249.18,1251.67,1250,1251.66,252.54127133
1492963200,1251.01,1254,1251.25,1251.75,348.66060049
1492966800,1247.51,1251.98,1251.87,1249.9,219.27937784
1492970400,1248.73,1252.99,1249.89,1252.79,232.82886539
1492974000,1248.2,1252.99,1252.8,1249.17,242.96855134
1492977600,1246.11,1250.48,1249.02,1249.99,312.35696928
1492981200,1248.01,1250,1249.98,1248.36,313.59773396
1492984800,1247.55,1250,1248.51,1249.98,207.89352339
1492988400,1248.79,1252.49,1249.85,1251.98,248.46274665
1492992000,1246.31,1251.99,1251.91,1248.01,329.42792355
1492995600,1246.95,1251.99,1248.93,1248.62,319.39777514
1492999200,1248.89,1251.91,1248.89,1251.34,131.08322232
1493002800,1249.55,1254.45,1251.09,1253.22,331.13886495
1493006400,1248.51,1255,1253.22,1254.5,339.98929909
1493010000,1252.56,1255,1254.6,1253.56,111.00045983
1493013600,1253.5,1254.5,1253.58,1254.4,74.24761284
1493017200,1248.39,1254.32,1254.32,1249,238.88868937
1493020800,1247.18,1253,1249,1247.42,235.34486482
1493024400,1247,1249.15,1247.41,1249.15,139.28483033
1493028000,1247,1250,1249.15,1250,83.61824155
1493031600,1248.71,1251.99,1250,1251.99,104.76952009
1493035200,1248.17,1251.96,1251.96,1250.02,181.3660514
1493038800,1248.33,1250.17,1250.01,1248.75,231.44420268
1493042400,1248.41,1251.2,1248.83,1249.99,275.38142638
1493046000,1247.87,1250.48,1249.99,1249.92,358.09456806
1493049600,1249.91,1252.17,1249.92,1252.17,295.70850046
1493053200,1251.02,1254.3,1252.16,1254,294.77191956
1493056800,1253.73,1259.99,1254,1257.5,479.34709142
1493060400,1257.49,1260,1257.5,1259.5,376.05493677
1493064000,1257.59,1259.99,1259.5,1258.96,268.57064836
1493067600,1258.02,1259.4,1258.95,1258.99,219.10947671
1493071200,1258.8,1261.16,1258.99,1259.91,236.38348954
1493074800,1256.3,1260.47,1259.88,1257.29,251.83542295
1493078400,1256.16,1259.24,1256.65,1259,245.84501052
1493082000,1258.36,1261.64,1259,1260.5,250.6010675
1493085600,1259.14,1262.99,1260.56,1262.15,191.78989227
1493089200,1260.99,1267.14,1262.21,1266.51,276.85621098
1493092800,1265.04,1269.47,1266.52,1269.47,197.02257923
1493096400,1266,1270.13,1269.47,1266.97,226.06402861
1493100000,1266.59,1267,1266.97,1267,107.49314804
1493103600,1266.99,1268.89,1267,1268.89,139.05663435
1493107200,1267.81,1268.89,1268.88,1267.94,89.16312468
1493110800,1267.4,1269.78,1268.31,1269.66,163.28030526
1493114400,1268.32,1276.19,1269.71,1275,168.44279568
1493118000,1274.84,1279.39,1274.99,1279.39,267.00693835
1493121600,1276.68,1280,1279.38,1276.68,216.11402242
1493125200,1269.75,1279,1276.68,1270.63,541.17003929
1493128800,1270.53,1274.52,1270.85,1274,236.62614539
1493132400,1273.51,1279.87,1273.99,1279,890.98941695
1493136000,1277.94,1287,1278.99,1285.96,933.17743072
1493139600,1278,1286,1285.95,1283.42,590.70222157
1493143200,1276.96,1285.41,1284.51,1280.79,293.41077059
1493146800,1279.79,1284.99,1280.86,1284.99,356.86276688
1493150400,1282.73,1285.42,1284.99,1284.89,412.78561301
1493154000,1278.85,1285.4,1284.99,1283.26,455.58987167
1493157600,1279.31,1283.27,1283.25,1281.99,499.63679362
1493161200,1279.1,1282.19,1281.94,1281.16,368.18110617
1493164800,1279.53,1283.36,1281.18,1282.69,294.89015544
1493168400,1280.43,1282.91,1282.66,1281.13,192.21538238
1493172000,1279.5,1281.78,1281.12,1280.76,236.73782384
1493175600,1279.51,1284,1280.89,1283.98,299.26498959
1493179200,1283.98,1288.04,1283.99,1287.26,306.24591852
1493182800,1285.34,1289.5,1287.24,1288.67,387.9497352
1493186400,1288.6,1290.98,1288.67,1290.48,234.15725782
1493190000,1289.44,1290.5,1290.49,1289.44,110.71665856
1493193600,1288.73,1290.5,1289.47,1290.48,137.84503333
1493197200,1281.46,1290.5,1290.48,1282.81,260.14905833
1493200800,1282.31,1287.34,1282.8,1285.37,267.20627999
1493204400,1284.87,1290.5,1284.97,1290.2,186.00134329
1493208000,1289.03,1297.99,1290.2,1297.03,319.58454459
1493211600,1294.54,1299,1297.09,1298.75,422.70462351
1493215200,1298.13,1308.66,1298.75,1308.5,615.37686735
1493218800,1300.3,1314,1308.46,1314,540.73975944
1493222400,1311.33,1319.92,1313.98,1317.06,560.63266194
1493226000,1315.46,1320,1317.32,1320,752.02032626
1493229600,1309.11,1320,1320,1311.81,819.75404506
1493233200,1305.46,1312.14,1311.77,1306.63,553.29865637
1493236800,1289.22,1307.32,1306,1295.36,848.98006256
1493240400,1292.21,1300,1295.3,1297.5,429.85923466
1493244000,1298,1307,1298.01,1300.98,492.57511688
1493247600,1295,1301.81,1300.93,1298.44,328.67527451
1493251200,1295.41,1299,1297.56,1296.5,238.01132062
1493254800,1295.39,1301,1296.5,1300.67,297.74534603
1493258400,1300.57,1302.99,1300.66,1302.86,285.84404552
1493262000,1301.85,1306.11,1302.84,1306,231.6791846
1493265600,1302.9,1312.03,1305.94,1312.02,331.49091214
1493269200,1309.36,1315.95,1312.03,1315.95,182.89002939
1493272800,1315.82,1319.73,1315.95,1317.9,169.49174663
1493276400,1314.67,1318.86,1317.9,1318.28,238.41070514
1493280000,1313.24,1319.62,1318.71,1317.78,282.19321022
1493283600,1313.23,1318.94,1317.78,1314.39,203.74312622
1493287200,1307.55,1314.76,1314.75,1309.35,257.13885014
1493290800,1307.56,1318,1308.96,1317.09,423.2558184
1493294400,1308.68,1319.95,1317.08,1313.65,650.9690604
1493298000,1312.51,1328.95,1313.65,1328.8,758.86078465
1493301600,1327.16,1337,1328.82,1336.98,859.93009797
1493305200,1335.07,1346.71,1336.99,1340.24,745.29770595
1493308800,1336,1343.2,1340.21,1340.48,504.49832297
1493312400,1335.5,1340.5,1340.49,1338.97,407.21894402
1493316000,1332.81,1338.99,1338.94,1334.12,334.3685205
1493319600,1332.85,1340.47,1334,1340,435.20071964
1493323200,1339.83,1357.58,1340,1356.15,770.91800178
1493326800,1346,1360,1355.21,1352.28,948.93089439
1493330400,1348.5,1356.99,1352.28,1354,441.31684592
1493334000,1346.38,1355.49,1354,1349.26,485.5194227
1493337600,1336.19,1350.5,1349.77,1341.45,421.09689613
1493341200,1340.52,1357.99,1341.32,1357.02,764.18466221
1493344800,1354,1381.01,1357.12,1375.99,861.21851514
1493348400,1358.85,1377.56,1375.99,1362.77,706.26890678
1493352000,1355.02,1366.71,1362.79,1355.03,700.28812924
1493355600,1354.02,1360.07,1355.03,1359.8,401.11543147
1493359200,1343,1359.8,1359.8,1345.91,496.40609823
1493362800,1343,1358.91,1345.92,1349.87,422.26713267
1493366400,1343.01,1349.86,1349.86,1344.96,305.6788027
1493370000,1336,1345.92,1344.96,1344.07,377.18131626
1493373600,1335.27,1344.91,1344.07,1337.09,544.20622581
1493377200,1305.55,1337.11,1336.95,1320,695.40151356
1493380800,1320,1343,1320,1342.4,390.62803879
1493384400,1336.1,1348.01,1342,1340.17,403.72786663
1493388000,1338.18,1348.95,1339.13,1339.7,380.26642116
1493391600,1325.43,1342.43,1339.69,1342.43,608.20396069
1493395200,1327.62,1344.03,1342.46,1328.99,607.03262449
1493398800,1320.2,1330.24,1328.99,1324.99,561.39607939
1493402400,1308.36,1324.78,1324.78,1308.95,563.68845164
1493406000,1300.2,1320.32,1308.94,1318.98,729.04032627
1493409600,1305.41,1320.35,1319.31,1310.04,753.07730441
1493413200,1310.04,1326.2,1310.08,1325.36,766.1767418
1493416800,1321.36,1341.87,1325.36,1341.68,603.45495793
1493420400,1340.95,1359.12,1340.95,1353.34,946.47101337
1493424000,1348.61,1363,1352.96,1360.19,1233.412073
1493427600,1354.13,1361.03,1360.19,1354.25,662.75285387
1493431200,1348.02,1355.94,1354.73,1351.7,432.6518529
1493434800,1348.18,1354.95,1351.91,1354.27,345.74721602
1493438400,1353.24,1364.95,1354.33,1364.94,342.29146996
1493442000,1358.91,1364.99,1364.94,1360.62,364.78308415
1493445600,1352.5,1361.55,1360.59,1360.02,383.88262576
1493449200,1350.5,1360.68,1360.01,1360.63,249.87850825
1493452800,1352.3,1361.55,1360.61,1354.51,219.38298091
1493456400,1345.86,1365,1354.51,1363.27,410.19395755
1493460000,1355,1364.78,1363.24,1355.12,201.61099687
1493463600,1338.96,1355.2,1355.12,1338.98,257.72094252
1493467200,1335.64,1344.59,1338.98,1336.02,361.86642358
1493470800,1336.07,1349,1336.07,1349,550.46203551
1493474400,1345.01,1351,1348.99,1350.94,370.64757245
1493478000,1341.58,1354,1350.7,1353.98,434.61309306
1493481600,1346.88,1358,1353.94,1354.15,395.30556036
1493485200,1354.86,1363,1355.7,1359.71,403.06413859
1493488800,1357.64,1362,1359.71,1361.97,359.31127237
1493492400,1357,1365,1361.04,1361.6,365.45569102
1493496000,1359,1365,1361.6,1361.5,326.06667566
1493499600,1360.51,1368.77,1362.31,1368.58,267.31672469
1493503200,1362.21,1369.5,1368.31,1366.33,332.09818788
1493506800,1356,1367.5,1366.86,1365.43,398.74984175
1493510400,1360,1367.99,1364.98,1362.5,351.05089977
1493514000,1350.9,1366,1362.5,1360.38,481.99378945
1493517600,1353.5,1362,1360.26,1360.82,239.86495432
1493521200,1342.53,1360.81,1360.81,1346.17,340.67913546
1493524800,1334.02,1347.08,1346.25,1345.35,691.07747935
1493528400,1344.19,1352.33,1346.7,1351.38,169.02694458
1493532000,1341.58,1351.39,1351.38,1349.49,101.84583591
1493535600,1344.55,1350.86,1349.87,1347.22,83.40919154
1493539200,1340.1,1348.46,1347.22,1345.9,138.78070997
1493542800,1338.5,1345.9,1345.9,1344.8,133.05765442
1493546400,1339.99,1351.34,1344.8,1347.24,257.69715998
1493550000,1340.46,1347.24,1347.24,1343,341.91884982
1493553600,1336.07,1344.51,1343,1343.74,348.87374019
1493557200,1340.39,1347,1343.43,1344.31,216.60618422
1493560800,1342.4,1349.5,1344.08,1348.69,287.00567079
1493564400,1341.72,1350,1348.68,1343.35,243.97132259
1493568000,1340.25,1348.9,1343.41,1343.13,386.38503093
1493571600,1340.01,1349.9,1342.61,1347.98,641.7288845
1493575200,1343.1,1360.99,1347.26,1360.96,603.98056482
1493578800,1340.97,1361.5,1360.78,1357.76,1496.00067227
1493582400,1357.5,1376.17,1357.77,1375.26,947.94429384
1493586000,1375.25,1394.51,1375.25,1381.27,795.45957313
1493589600,1370,1384.91,1381.92,1383.98,623.55359491
1493593200,1373.95,1391.99,1383.97,1384.55,621.27138024
1493596800,1370.98,1397.9,1384.55,1382.96,1071.65021175
1493600400,1382.72,1396,1382.95,1389.1,638.95340486
1493604000,1387.63,1399.99,1389.1,1399.99,620.08594841
1493607600,1398.02,1427.34,1399.53,1421.42,958.52939564
1493611200,1410,1424.17,1421.44,1420.36,586.75260727
1493614800,1413.06,1428.01,1420.18,1419.4,631.13729623
1493618400,1414.63,1425,1419.4,1417.97,449.38458868
1493622000,1411.5,1418,1417.96,1411.99,332.13026327
1493625600,1401.27,1415.46,1413.81,1405,383.23444534
1493629200,1391.16,1405.01,1405,1398.28,464.96678787
1493632800,1395.16,1401.83,1398.28,1399,283.96808683
1493636400,1397.27,1400.25,1399,1400.1,378.49090129
1493640000,1400.09,1407.5,1400.1,1407.49,582.52289556
1493643600,1406.43,1421,1407.5,1418.2,649.29411864
1493647200,1417.5,1458,1418.2,1457.93,996.14500682
1493650800,1440,1466.69,1457.8,1441.4,1043.58941104
1493654400,1441.03,1460,1441.49,1452,1147.47604712
1493658000,1437.74,1463,1452,1440.81,1511.81168274
1493661600,1430,1454.37,1441.42,1447.82,1035.06203294
1493665200,1440.12,1457.22,1447.77,1454.51,675.09121705
1493668800,1446.61,1459.95,1455.02,1458.99,757.13754613
1493672400,1454.34,1465.09,1458.95,1461.88,846.85402924
1493676000,1450,1461.88,1461.88,1452,371.27828187
1493679600,1436.5,1453.96,1452,1436.5,576.75479037
1493683200,1426.51,1436.5,1436.5,1434.94,709.93877191
1493686800,1432.72,1443,1434.95,1443,408.44802422
1493690400,1442.9,1447,1443,1446.86,269.76550105
1493694000,1440.01,1447.47,1446.87,1443.41,293.12082622
1493697600,1443.13,1456.78,1443.41,1452.87,331.86117773
1493701200,1449.3,1467.83,1452.87,1464.08,721.68330404
1493704800,1448.5,1464.07,1464.07,1448.5,286.95162936
1493708400,1445.43,1449,1448.51,1448.33,356.72272453
1493712000,1447.51,1458.2,1448.31,1452.5,454.00862052
1493715600,1451.73,1464.75,1452.5,1464.74,512.87020261
1493719200,1464.15,1475,1464.75,1473.98,524.40522451
1493722800,1465,1490.84,1473.99,1484.22,724.97237198
1493726400,1471.51,1490.06,1484.32,1488.87,525.85046894
1493730000,1483.52,1492.93,1488.2,1483.81,506.52405527
1493733600,1466.03,1489.74,1483.76,1473.37,596.01971292
1493737200,1468.45,1489.32,1473.35,1478.99,475.22711215
1493740800,1474.19,1478.98,1478.95,1478,511.90593735
1493744400,1470,1478.98,1477.85,1472,460.10644246
1493748000,1441.11,1472.3,1472,1449.64,668.00361205
1493751600,1437.5,1463.18,1450.46,1453,714.93204536
1493755200,1444,1455.61,1453,1448.1,530.1611614
1493758800,1446.17,1454,1448.53,1450.67,431.09298312
1493762400,1448.92,1471.33,1450.66,1465.29,523.36379439
1493766000,1462.11,1472,1465.28,1471.99,493.64848652
1493769600,1469.5,1479.93,1471.79,1478.95,376.10068399
1493773200,1476.61,1482.29,1478.94,1479,779.21896627
1493776800,1466,1480.5,1478.99,1468.22,453.9947984
1493780400,1466.41,1476.57,1468.23,1473.96,416.05186691
1493784000,1471,1475,1473.88,1473.23,245.65433807
1493787600,1460,1474.26,1473.23,1460,271.21590091
1493791200,1453.68,1461.4,1460,1455.79,539.8655042
1493794800,1455.55,1459.5,1455.91,1457.47,187.76333493
1493798400,1456.39,1461,1457.47,1460.99,189.06114057
1493802000,1457.77,1473.47,1461,1473.47,514.41110648
1493805600,1460.79,1476,1473.46,1475.99,279.18419053
1493809200,1473.63,1480,1475.96,1478.48,333.89963464
1493812800,1477.64,1483,1478.47,1477.64,287.45107751
1493816400,1467.25,1479.58,1477.65,1472.45,463.56922896
1493820000,1464.54,1476.93,1472.52,1472.85,484.86687901
1493823600,1472.9,1481.25,1473.32,1480,627.31267648
1493827200,1465.6,1481.25,1480,1476.03,1348.27256561
1493830800,1473.91,1497.83,1476.03,1497.83,1922.89554347
1493834400,1490,1502,1497.83,1501.99,1505.84554733
1493838000,1501.6,1517.11,1501.6,1509.72,1103.73064658
1493841600,1504.91,1524,1509.15,1524,861.87730137
1493845200,1503,1524,1524,1513,1255.72045674
1493848800,1505.58,1525,1513,1524.01,1001.39880079
1493852400,1511.6,1533,1524.01,1533,869.64290717
1493856000,1531.42,1539.09,1533,1536.97,743.93094129
1493859600,1536.96,1546.32,1536.96,1543.18,771.86661831
1493863200,1525.21,1544.26,1544.26,1531.68,1251.86827695
1493866800,1528.48,1554.69,1532.09,1554.56,641.50366794
1493870400,1554.56,1576.67,1554.56,1572.69,941.57633766
1493874000,1559.82,1585,1572.69,1580,912.20973429
1493877600,1547.95,1580,1579.95,1559,1123.1234189
1493881200,1551.95,1572.5,1559,1572.5,488.44039574
1493884800,1572.5,1589.14,1572.5,1587.5,535.84578909
1493888400,1568.92,1587.49,1587.49,1573.02,601.19580527
1493892000,1561.51,1573.36,1573.32,1563.58,612.30108278
1493895600,1560.85,1576.26,1563.57,1576,559.74110862
1493899200,1569.02,1578.35,1576,1574.83,762.6442165
1493902800,1567,1590,1574.83,1590,754.42457893
1493906400,1587.62,1600,1590,1591.61,1017.7754661
1493910000,1589.99,1624.35,1591.6,1617.38,1532.87252415
1493913600,1611,1620.61,1617.37,1615.23,905.16454843
1493917200,1612,1642,1615.24,1642,1480.82220244
1493920800,1640,1665,1642,1646.38,1930.98194923
1493924400,1516,1646.37,1646.37,1555.67,3105.52624622
1493928000,1525.04,1564.85,1555.58,1528,1904.04887952
1493931600,1482.06,1554.02,1528,1544.71,1963.49911569
1493935200,1533.35,1564.13,1545.19,1543.54,1150.70341183
1493938800,1528.55,1563.67,1543.54,1563.39,1029.13960685
1493942400,1553.38,1567.1,1561.47,1563.58,886.61716521
1493946000,1564.13,1597.94,1564.55,1594.92,937.94530039
1493949600,1575.16,1595.98,1594.92,1593.04,604.98894009
1493953200,1581.92,1595.99,1593.04,1594.72,526.24808412
1493956800,1586.78,1610,1594.38,1608.4,516.40566603
1493960400,1607.66,1624.99,1608.44,1624.99,482.72499772
1493964000,1621.11,1630,1624.97,1629.32,433.60369277
1493967600,1601.5,1630,1629.3,1618,356.93595561
1493971200,1606.62,1630,1618,1625.55,490.45785496
1493974800,1608.79,1627.34,1625.64,1615.36,429.06823894
1493978400,1609.6,1617,1614.86,1614.96,562.88649293
1493982000,1585,1615,1614.94,1606.02,692.75537295
1493985600,1605.77,1623.1,1606.02,1616.41,768.27593807
1493989200,1608.98,1616.99,1616.4,1616.99,610.81134719
1493992800,1606.04,1618,1616.28,1606.04,791.07320523
1493996400,1570,1607.01,1606.84,1578.7,1104.34975209
1494000000,1535.11,1582,1578.53,1538,1102.36352959
1494003600,1535.11,1592.73,1538,1591.88,998.46945519
1494007200,1573.19,1591.95,1591.38,1574.11,437.46626095
1494010800,1555,1576.34,1573.94,1556.43,520.1577154
1494014400,1540,1557.95,1556.57,1550.12,1239.6091509
1494018000,1540.09,1560.1,1550,1560.1,899.15636295
1494021600,1560.08,1570.1,1560.1,1568.9,949.70344301
1494025200,1536.02,1570.1,1568.9,1551.3,546.11413655
1494028800,1551.3,1566.98,1551.3,1566.98,418.68778411
1494032400,1566.94,1579.99,1566.94,1579.94,445.51555703
1494036000,1577.39,1579.99,1579.94,1577.45,308.0544295
1494039600,1568.89,1578.99,1577.4,1578.79,332.59766707
1494043200,1574.22,1583.28,1578.9,1576.07,329.85249282
1494046800,1575.07,1582.43,1576.05,1577.87,200.11848289
1494050400,1574.05,1589.18,1577.91,1586.34,243.33935994
1494054000,1582.17,1591,1586.34,1590.99,247.88552945
1494057600,1590.16,1597.83,1590.99,1597.02,177.62601517
1494061200,1577.79,1597.66,1597.65,1583.2,170.89356934
1494064800,1560,1585.47,1583.13,1579.38,348.09744824
1494068400,1579.39,1594.23,1579.39,1592.85,276.40273133
1494072000,1587.69,1594,1592.85,1588.26,156.38901552
1494075600,1580.94,1598.88,1588.26,1598.62,444.3031694
1494079200,1586.01,1598.89,1598.3,1591.98,428.23685399
1494082800,1573.78,1592,1591.95,1575.99,592.77297792
1494086400,1570,1582.36,1575.75,1577.51,660.80104898
1494090000,1575.48,1585,1577.51,1584.95,478.09505469
1494093600,1584.93,1590,1584.93,1590,563.53626377
1494097200,1588,1590.47,1590,1590.25,410.49564621
1494100800,1585.78,1590.25,1590.24,1590.22,462.78193719
1494104400,1575.27,1590.25,1589.8,1585.87,802.00490971
1494108000,1580.01,1588.3,1585.86,1581.93,437.10800449
1494111600,1578.01,1588.93,1581.71,1585.39,432.10906378
1494115200,1581.67,1587.38,1585.49,1587.38,273.86282084
1494118800,1584.97,1589.79,1587.1,1588.2,617.87975147
1494122400,1587.69,1600,1588.2,1598.99,755.33822985
1494126000,1588.35,1602.91,1598.64,1601.68,492.67523731
1494129600,1598.85,1603,1601.69,1602.59,404.34197919
1494133200,1600,1603.69,1602.59,1603.39,309.20127806
1494136800,1596.52,1603.4,1603.39,1599.25,293.55449847
1494140400,1582,1599.24,1599.19,1582.03,299.01722678
1494144000,1580.91,1594.5,1582.02,1594.5,261.1776649
1494147600,1590.66,1594.81,1594.5,1593.65,246.58484733
1494151200,1585.42,1594.52,1594.2,1589.65,483.06349112
1494154800,1586.89,1589.69,1589.64,1588.17,199.84466698
1494158400,1570.39,1589.67,1589.42,1577.6,443.76347824
1494162000,1563.87,1579,1577.6,1568.85,617.29537469
1494165600,1568.85,1578.12,1568.85,1576.88,511.3579344
1494169200,1572.74,1580.42,1577.64,1579.4,409.86590859
1494172800,1575.06,1579.99,1578.79,1578.31,487.650763
1494176400,1567.46,1581.99,1577.66,1581.96,699.7884597
1494180000,1569.45,1586.99,1581.97,1583.9,497.79288043
1494183600,1582.63,1596.73,1583.88,1596.73,612.04862668
1494187200,1590,1600,1596.58,1599.96,654.4747114
1494190800,1595.12,1600.83,1599.91,1599.2,571.05861652
1494194400,1599.2,1610.32,1599.2,1609.99,728.56287001
1494198000,1605.92,1618.31,1609.99,1609.57,867.36866324
1494201600,1608,1615.48,1611.1,1613.99,695.51722034
1494205200,1613.67,1629.05,1613.99,1623,1214.49666501
1494208800,1612.67,1625.88,1622.99,1618.21,426.43825011
1494212400,1614.54,1623.85,1617.37,1623.85,486.38115128
1494216000,1619.93,1630,1623.86,1628.48,588.43796795
1494219600,1628.5,1655.74,1628.5,1655.74,1011.9696436
1494223200,1646.45,1670,1655.74,1657.21,672.72422464
1494226800,1644.89,1660,1657.46,1645.74,507.32987275
1494230400,1633.69,1652.73,1645.74,1635.91,707.35872133
1494234000,1630.02,1637.5,1634.81,1635,538.30302711
1494237600,1616.59,1635,1635,1616.59,310.20961746
1494241200,1613.13,1625.99,1616.59,1624.18,396.11796817
1494244800,1623.6,1631.6,1623.62,1630,433.59855938
1494248400,1616.65,1637.35,1629.9,1626.17,851.73054688
1494252000,1621.14,1633,1627.66,1631.43,523.94438458
1494255600,1623.6,1636.2,1631.43,1630.98,537.5738346
1494259200,1628,1638.42,1630.25,1634,558.35884186
1494262800,1632,1646.19,1633.25,1646.17,435.24238862
1494266400,1644.55,1649,1645.78,1648.98,583.09861754
1494270000,1646.44,1651.99,1648.98,1651,562.22893048
1494273600,1650.99,1677.82,1651,1677.82,1191.01181099
1494277200,1655.78,1680,1677.75,1664.94,1023.18541574
1494280800,1658.86,1686.46,1664.84,1686.46,655.15070849
1494284400,1683.63,1713,1685.85,1713,984.51169544
1494288000,1636.5,1713,1712.99,1681,1237.25448484
1494291600,1660.05,1687.95,1681,1682.69,1112.17867065
1494295200,1682.67,1712.99,1682.68,1712.94,1077.90439851
1494298800,1630,1715,1712.94,1679.81,1426.26246005
1494302400,1679.5,1700.3,1679.56,1700,629.89406158
1494306000,1696.88,1707.99,1700,1701.99,646.61726267
1494309600,1698.79,1706.78,1700.84,1706,498.90008788
1494313200,1683.34,1712.99,1706,1711.41,1017.79126078
1494316800,1702.2,1740,1710.53,1740,736.89096684
1494320400,1721.26,1744.44,1740,1729.5,463.58424831
1494324000,1725.81,1742.58,1729.5,1732,560.07191877
1494327600,1731.04,1759.33,1731.99,1759.33,475.97280365
1494331200,1746.31,1770.62,1758.5,1747.21,837.22394958
1494334800,1720.53,1751.34,1747.16,1749.7,820.29107759
1494338400,1735.59,1753.56,1748.45,1748.99,524.26768562
1494342000,1742,1758.48,1749,1742,721.67595656
1494345600,1736.82,1743.1,1742.01,1739.67,401.27201286
1494349200,1738.48,1778.14,1739.69,1777.97,788.15594055
1494352800,1767.85,1794.7,1776.27,1788.97,861.97776298
1494356400,1772.25,1794.7,1788.26,1778.22,534.78620783
1494360000,1681.03,1778.89,1778.49,1730.39,1534.90192779
1494363600,1689.96,1731.61,1731.61,1716.74,1128.32822001
1494367200,1713.74,1740.18,1716.99,1740.18,808.87502842
1494370800,1711.78,1740.94,1740.17,1720.43,1033.89043708
1494374400,1707.43,1735.42,1720.24,1734.15,585.13230518
1494378000,1727.32,1742.57,1734.15,1737.07,421.99892938
1494381600,1732.72,1741.57,1737.07,1740.98,491.28490355
1494385200,1703.93,1741,1741,1706.05,708.02190104
1494388800,1691.3,1716.95,1705.03,1716.95,708.16631426
1494392400,1714.61,1740,1716.94,1730.5,345.33232842
1494396000,1720.66,1734.99,1729.38,1728.61,309.37491803
1494399600,1725.73,1737.46,1728.61,1731.67,512.57970327
1494403200,1730.78,1754.96,1731.46,1747.08,669.64430273
1494406800,1729.29,1753.27,1748.5,1737.29,306.67275649
1494410400,1729.3,1751.02,1737.3,1746.3,384.54612064
1494414000,1744.57,1756.46,1748.06,1755,394.09324198
1494417600,1755,1767.96,1755,1766.99,686.90236565
1494421200,1766.99,1783,1766.99,1780.32,1028.12429841
1494424800,1772.04,1797,1780.32,1795.82,703.98390206
1494428400,1787.77,1799.99,1796.95,1794.99,889.10792394
1494432000,1782.89,1795,1795,1789.97,751.71826523
1494435600,1770,1790,1789.98,1781.91,554.51548716
1494439200,1770.6,1787.96,1781.52,1787.96,453.39126709
1494442800,1776.57,1787.95,1787.95,1777.96,438.98022694
1494446400,1771.26,1789.69,1777.98,1784.2,655.71439493
1494450000,1760.38,1784.2,1784.2,1782,608.12029368
1494453600,1778.95,1785.07,1782,1782.96,361.92345937
1494457200,1782.96,1794.99,1782.96,1794.99,488.91756713
1494460800,1770.95,1795.9,1794.95,1780.9,481.68833238
1494464400,1776.28,1786.97,1780.9,1785.54,339.20326777
1494468000,1779.31,1790.02,1786.34,1788.85,429.58030018
1494471600,1783.46,1795.6,1788.85,1795.52,589.07595543
1494475200,1795.42,1825,1795.5,1822.28,988.57242015
1494478800,1819.42,1845,1821.45,1843,990.18515022
1494482400,1828.98,1845,1842.99,1840,633.56042894
1494486000,1839.99,1885.5,1840,1877.6,563.23681927
1494489600,1852,1889,1877.61,1866.97,644.40936855
1494493200,1865.27,1887.9,1866.95,1880.91,524.22293941
1494496800,1860.02,1881.01,1880.94,1860.86,521.34391496
1494500400,1834.44,1867.75,1860.86,1867.74,581.46489218
1494504000,1839.96,1869.24,1867.75,1850,574.45932177
1494507600,1849.51,1854,1849.98,1853.51,504.12663869
1494511200,1851,1853.51,1853.51,1852.95,509.87796431
1494514800,1852.8,1859.75,1852.95,1859.73,698.61381428
1494518400,1858.94,1865,1859.73,1864.89,845.5772038
1494522000,1851.9,1864.9,1864.89,1857.78,723.76995157
1494525600,1847.71,1858,1857.87,1849.99,588.08855492
1494529200,1827.01,1850,1849.99,1845.99,874.93156011
1494532800,1800,1846,1845.98,1824.88,1348.14286016
1494536400,1801.95,1839.51,1824.84,1833.98,766.22851548
1494540000,1830,1838.73,1833.98,1832.97,622.21390318
1494543600,1832.49,1838.05,1833,1837.93,383.53052565
1494547200,1826.58,1838,1837.98,1829.73,445.32330833
1494550800,1826.58,1832.24,1829.27,1828.99,300.98197565
1494554400,1819.4,1829,1828.97,1819.89,351.27335169
1494558000,1773,1819.7,1819.7,1799.08,1256.44958454
1494561600,1753.39,1799.99,1799.1,1756.68,947.98358617
1494565200,1728.53,1768.86,1756.57,1762.4,1333.29555325
1494568800,1763.54,1797.97,1766.08,1788.98,450.67268114
1494572400,1780,1791.64,1788.97,1789,263.39271202
1494576000,1780,1797.4,1788.99,1797.39,304.7268607
1494579600,1797.39,1820,1797.39,1820,276.03297611
1494583200,1807.64,1825,1819.99,1813.74,232.43374204
1494586800,1811.64,1824.37,1814.23,1817.07,306.25822896
1494590400,1780,1818.49,1817.06,1804.48,598.21274691
1494594000,1776.99,1804.48,1804,1778.99,597.63480798
1494597600,1775.85,1781.38,1778.99,1778.83,513.55508171
1494601200,1750,1780,1778.92,1752.21,682.78409334
1494604800,1745.97,1765,1751.91,1764.97,517.12820003
1494608400,1753.3,1764.95,1764.95,1760.43,410.31055201
1494612000,1732.1,1760.69,1760.15,1732.73,405.05621644
1494615600,1651.01,1733.41,1732.78,1664.2,2190.8070262
1494619200,1664,1723,1664.16,1684.31,1327.65094341
1494622800,1660,1717,1683.8,1716.76,1023.95270875
1494626400,1700.21,1740,1716.77,1736.35,957.09032943
1494630000,1685.2,1737.1,1736.36,1695.61,834.79648561
1494633600,1677.79,1707.71,1695.56,1687.97,869.78307798
1494637200,1636.35,1691,1687.31,1639.99,998.73504089
1494640800,1610,1658.19,1639.99,1638.27,1604.37572769
1494644400,1634.01,1666.36,1637.02,1658,571.22401538
1494648000,1637.26,1680.32,1657.98,1679.68,418.2839384
1494651600,1675.34,1723.26,1679.08,1717.96,517.33849813
1494655200,1686.03,1726,1717.95,1699.9,480.41101557
1494658800,1675.85,1700,1699.04,1697.36,277.0110519
1494662400,1692.96,1725,1696.51,1719.5,272.54488883
1494666000,1718.1,1729.99,1719.51,1729.95,234.61935355
1494669600,1725.21,1731,1729.98,1730,266.03542085
1494673200,1730,1743.97,1730,1735.51,348.07869194
1494676800,1731.16,1741.99,1736.69,1731.98,306.44357243
1494680400,1724.08,1734.25,1731.95,1732.98,245.38934017
1494684000,1671.14,1732.99,1732.98,1699.45,862.03228942
1494687600,1699.44,1713.99,1699.45,1711.94,299.47755225
1494691200,1705,1713.7,1711.83,1713.69,395.99780173
1494694800,1713.68,1731.99,1713.69,1731.68,487.82858853
1494698400,1726.54,1737.43,1731.92,1734.99,274.65192966
1494702000,1725.61,1735.23,1734.98,1734,278.23211736
1494705600,1734,1753.87,1734,1753.68,447.12454157
1494709200,1753.67,1782.65,1753.68,1774.79,928.10206138
1494712800,1767.5,1780,1774.79,1777.98,478.0777855
1494716400,1770.4,1792.96,1777.87,1792.73,518.19543346
1494720000,1788.12,1805,1791.7,1805,790.8541114
1494723600,1804.98,1814.61,1805,1808.53,611.21442462
1494727200,1770.38,1809.3,1808.78,1782.58,637.94514646
1494730800,1774.34,1808,1784,1802.96,434.66812996
1494734400,1781.66,1804.99,1802.97,1789.73,232.24959738
1494738000,1789.99,1804.89,1790,1800.38,138.26475058
1494741600,1796.28,1804.13,1800.39,1801.34,115.66734809
1494745200,1801.31,1822.96,1801.31,1821.92,169.64044926
1494748800,1812.99,1824.1,1821.91,1818.08,146.8531344
1494752400,1817.47,1826.81,1818.08,1825.74,139.36304363
1494756000,1808.14,1829,1826.8,1808.54,187.45902973
1494759600,1790.04,1812,1808.14,1799.68,228.07792325
1494763200,1792.3,1803.39,1800.39,1802.39,205.40370989
1494766800,1800.42,1806.71,1802.07,1803.99,234.37674435
1494770400,1798.95,1804.95,1803.79,1804.95,209.7345274
1494774000,1783.4,1804.95,1804.95,1784.7,237.20113449
1494777600,1763.33,1795.41,1784.7,1772.37,422.87404268
1494781200,1773.8,1790.9,1773.81,1778.1,220.76232162
1494784800,1777.83,1789,1778.1,1785.82,187.28554662
1494788400,1772.48,1786.43,1785.81,1774.85,237.31894684
1494792000,1775.45,1802,1776.08,1798.87,328.94464376
1494795600,1792.67,1799.33,1799.22,1798.99,223.50421439
1494799200,1796.5,1798.99,1798.98,1798.82,221.23682106
1494802800,1794.76,1799.99,1798.84,1799.99,245.58537728
1494806400,1798.48,1802.99,1799.98,1799.61,178.71392277
1494810000,1786.65,1801.39,1799.74,1793.91,270.67999283
1494813600,1782.89,1799,1793.89,1786,331.48205188
1494817200,1784.53,1797.69,1785.99,1788.64,326.30129195
1494820800,1760.97,1788.66,1788.64,1767.2,423.59932612
1494824400,1758,1774.68,1765.69,1767.55,301.63883852
1494828000,1764.78,1775.94,1767.52,1775.94,173.04231782
1494831600,1760.82,1777.99,1775.65,1761.09,119.73345845
1494835200,1725.8,1760.86,1760.86,1736,593.95930351
1494838800,1717.98,1747,1736,1747,397.94227578
1494842400,1743.06,1760,1747,1754.41,313.05224779
1494846000,1749.6,1767.34,1754.41,1764.62,215.58909366
1494849600,1746.7,1766.37,1765.14,1753,212.49159055
1494853200,1737.02,1756.25,1753,1750,579.66754247
1494856800,1721.09,1750,1750,1730.99,484.37150165
1494860400,1702.42,1731,1731,1728.3,835.7296294
1494864000,1720.05,1736.07,1727.28,1734.06,653.58890972
1494867600,1728.71,1743.98,1734.35,1731,580.72674495
1494871200,1719.83,1740.26,1730.93,1723.42,575.23858721
1494874800,1715.01,1724,1721.77,1718,539.21143336
1494878400,1715.01,1730.8,1718,1726,376.31407595
1494882000,1723.37,1749,1726,1743.99,753.09762368
1494885600,1743.97,1759.56,1743.98,1759.3,437.89800327
1494889200,1737,1760,1759.49,1747.81,517.78448564
1494892800,1721.09,1748.99,1747.81,1733.69,658.94248334
1494896400,1728.16,1737.76,1733.61,1737.33,470.97681228
1494900000,1725.33,1741.5,1737.34,1728.59,334.97053597
1494903600,1690.14,1728.66,1728.56,1709.76,1303.73506436
1494907200,1697.55,1724.18,1707.83,1722.01,684.6887032
1494910800,1708.34,1722.01,1722.01,1709.81,412.2923704
1494914400,1708.94,1727,1709.81,1719.88,563.4050568
1494918000,1710.46,1719.92,1719.88,1714.27,228.72689974
1494921600,1713.81,1728.95,1714.27,1727,202.8175468
1494925200,1727,1741.52,1727,1730.98,404.40985403
1494928800,1724.24,1747,1730.97,1741.51,531.68760037
1494932400,1735.79,1745.9,1741.49,1740.08,258.18765373
1494936000,1736.18,1749.98,1740.58,1749.98,315.10990682
1494939600,1745.02,1752.86,1748.94,1752.74,394.21963692
1494943200,1752.72,1760,1752.74,1759.46,590.61142879
1494946800,1759.19,1769.88,1759.92,1767.99,602.82242237
1494950400,1765,1774.4,1767.99,1772.71,412.63742482
1494954000,1770,1776.79,1771.2,1774.98,499.84248875
1494957600,1759.6,1774.98,1774.96,1762.71,421.63122311
1494961200,1759.45,1768.18,1762.21,1768.18,412.2576109
1494964800,1765,1768.18,1768.18,1768.18,325.74808805
1494968400,1753,1771.15,1768.17,1759.74,500.2006125
1494972000,1750.2,1767.15,1758.98,1764.01,405.65559144
1494975600,1763.02,1777.76,1764.01,1777.48,478.93172676
1494979200,1768.99,1778,1777.49,1773.99,531.66160377
1494982800,1750.1,1773.97,1772.77,1757.15,937.94343343
1494986400,1745.05,1789.04,1757,1777.93,1468.76373979
1494990000,1777.93,1810,1777.94,1809.04,1030.38739754
1494993600,1809.03,1823.68,1809.85,1812.83,467.57173594
1494997200,1812.8,1832.89,1813.07,1830,352.51851885
1495000800,1826.62,1840,1830,1827.72,739.41268672
1495004400,1800,1830.99,1827.73,1823.93,662.75836071
1495008000,1813.51,1831.05,1823.93,1819.88,225.69432923
1495011600,1818.15,1839,1819.88,1837,280.619488
1495015200,1832.3,1840,1837,1840,363.47243245
1495018800,1814.97,1840,1839.99,1819.3,388.34128489
1495022400,1815.26,1828.73,1817.74,1828.73,490.19781448
1495026000,1828.56,1835.99,1828.73,1835.99,490.97089617
1495029600,1828.95,1838.69,1835.97,1834.97,545.13580969
1495033200,1825,1837.6,1834.86,1834.76,613.75678136
1495036800,1827.21,1834.99,1834.76,1833.9,533.64559329
1495040400,1817.5,1836.99,1833.99,1819.46,401.75964128
1495044000,1812.1,1831.02,1818.98,1824.63,638.28636067
1495047600,1815.8,1826.34,1824.64,1822.03,393.66213137
1495051200,1800,1823.34,1822.31,1812,866.39406675
1495054800,1800,1816.46,1811.99,1800.55,455.46496592
1495058400,1799.78,1816.97,1800.56,1815.5,430.09281441
1495062000,1800,1816.59,1816.01,1813.23,504.709551
1495065600,1809,1816.96,1813.23,1811.16,418.86839594
1495069200,1800,1816,1811.18,1814.16,710.62780562
1495072800,1806.01,1815.99,1814.01,1812.84,295.23409427
1495076400,1804,1816,1812.95,1806.36,388.30642569
1495080000,1805.44,1816.98,1807.12,1816.53,297.11954873
1495083600,1814.51,1819.99,1816.54,1818.47,240.28251233
1495087200,1815,1823.99,1818.62,1823.96,565.29382114
1495090800,1815.1,1824.99,1823.27,1824.98,389.52694915
1495094400,1808.29,1825,1824.98,1809.88,412.67364833
1495098000,1801.7,1810.52,1809.94,1808.65,376.13591209
1495101600,1805.51,1816.06,1808.63,1815.67,201.25101859
1495105200,1800.23,1820,1815.99,1816.58,320.84132792
1495108800,1814.33,1821.53,1816.61,1818.16,303.07607712
1495112400,1811,1829.99,1818.14,1829.81,512.57958873
1495116000,1828,1849.99,1828.64,1849.99,577.42621125
1495119600,1845.4,1862,1849.99,1853.92,770.51066512
1495123200,1852,1869.5,1853.12,1866.3,574.65955961
1495126800,1850,1868.99,1866.29,1860.11,650.52430811
1495130400,1857,1868.2,1860.13,1857.84,508.86726323
1495134000,1850,1865,1857.37,1865,497.27688835
1495137600,1865,1879.98,1865,1873.71,543.43519247
1495141200,1868.94,1880.05,1875.97,1880.01,528.6869226
1495144800,1879.48,1898.46,1880.02,1898.46,680.47895835
1495148400,1890.28,1900,1898.47,1899.16,627.3262791
1495152000,1898.5,1919.99,1899.47,1914.25,1065.54525008
1495155600,1890.73,1917,1914.24,1902.2,1191.87084184
1495159200,1900,1909.81,1902.25,1900.44,1225.40782886
1495162800,1900.39,1923,1900.44,1918.63,819.10846753
1495166400,1912.27,1926.04,1918.88,1925.55,493.51952199
1495170000,1918.9,1939.87,1925.18,1932.2,520.0274063
1495173600,1922.74,1939.46,1932.2,1925.95,452.97693415
1495177200,1918.87,1932.92,1925.96,1923.72,685.99448816
1495180800,1918.85,1935,1922.54,1925.33,621.03589864
1495184400,1921.2,1939,1925.32,1939,230.81410871
1495188000,1938.25,1957.8,1938.85,1951.77,570.87939329
1495191600,1930.65,1963.63,1951.72,1945.87,524.44643274
1495195200,1942.02,1955.98,1945.89,1955.98,572.43011352
1495198800,1949.99,1960,1955.98,1954.91,533.24440244
1495202400,1954.9,1966.69,1954.91,1965,738.82916996
1495206000,1950.41,1964.91,1964.5,1957,1101.35166544
1495209600,1931.78,1956.98,1956.98,1939.57,1232.9454482
1495213200,1930.22,1942,1938.62,1936.99,843.9986016
1495216800,1912.02,1940,1936.99,1927.01,923.40004715
1495220400,1927,1940,1927.75,1938.86,501.36286326
1495224000,1932,1944.99,1938.86,1939.52,627.02238545
1495227600,1938.04,1972.63,1939.52,1971.48,1112.89500145
1495231200,1962.74,1980,1971.48,1966.13,1696.91061379
1495234800,1966.01,1978,1969.74,1976.23,685.75385621
1495238400,1970.04,1985,1976.22,1984.62,501.9806381
1495242000,1981.61,1989.59,1984.9,1988,624.50193766
1495245600,1982.95,1989.99,1988,1989.93,435.1034422
1495249200,1977.72,1990,1989.65,1985.92,563.39985323
1495252800,1981,1990,1985.93,1987.45,583.47865508
1495256400,1980,1993.88,1986.98,1993.88,289.80278322
1495260000,1985.58,1997.83,1993.15,1994.04,475.0301214
1495263600,1988.87,1996,1994.05,1995.99,269.21990074
1495267200,1991.53,1998.87,1995.97,1998.81,177.10829197
1495270800,1988.87,1998.8,1998.8,1991.58,238.11245511
1495274400,1977,1994.07,1991.58,1977.31,257.9745089
1495278000,1970.05,1984.96,1977.04,1983.99,354.96271089
1495281600,1983.99,1993.87,1983.99,1991.61,264.96234658
1495285200,1987.07,1995,1991.59,1993.8,407.95573616
1495288800,1985.3,1995.5,1993.86,1994.97,492.03522347
1495292400,1987.14,1995.99,1994.46,1992.34,370.7166242
1495296000,1988.26,1994.96,1992.38,1994.18,574.86784569
1495299600,1992.87,2007.33,1994.18,2006.98,1009.53532437
1495303200,2006.98,2017.9,2006.99,2017.9,863.68407189
1495306800,2017.9,2035,2017.9,2033.5,1002.25157413
1495310400,2031.12,2042,2032.06,2042,795.46971606
1495314000,2030.04,2050,2042,2046.94,884.72584718
1495317600,2044.12,2051,2045.02,2049.99,897.67067492
1495321200,2047,2059,2049.99,2058.91,841.73243044
1495324800,2045.01,2059,2058.89,2052.9,717.99997055
1495328400,2052.82,2057.23,2052.9,2054.01,557.37845169
1495332000,2045,2057.23,2054.96,2056.6,518.77629667
1495335600,2053.48,2069.39,2056.61,2068.43,463.82556575
1495339200,2058.13,2088.87,2069.06,2069.83,863.0928296
1495342800,2055.39,2072.48,2067.19,2072,628.94927995
1495346400,2062.25,2080,2071.9,2077.87,397.74770992
1495350000,2060.06,2080.16,2077.85,2060.81,607.70054865
1495353600,2060.11,2070,2060.81,2067.85,546.75353425
1495357200,2062.09,2068.98,2067.85,2062.41,615.91017272
1495360800,2062.32,2094.09,2062.41,2093.29,588.13228064
1495364400,2079.67,2102.68,2093.26,2080.8,1141.45209865
1495368000,2010,2087.83,2080.8,2011.83,1378.46433579
1495371600,1988.6,2050.96,2011.82,2043.6,978.65236366
1495375200,1995.3,2051,2043.65,1996.6,681.13435669
1495378800,1996.12,2039.7,1996.6,2031.9,659.73005147
1495382400,2006.4,2039.98,2031.9,2025.7,633.93745365
1495386000,2014.61,2035.49,2025.54,2032.44,808.91663583
1495389600,2029.02,2049.61,2032.42,2049.59,934.09914411
1495393200,2037.19,2051,2049.58,2043.98,1042.67748419
1495396800,2035,2051,2043.98,2039.99,932.92207763
1495400400,2035,2046.84,2039.93,2046.8,540.34733096
1495404000,2041.19,2055.99,2046.81,2049.97,712.34684561
1495407600,2047.96,2060,2049.97,2057,811.53757249
1495411200,2043.05,2083.99,2056.99,2083.97,1098.61572067
1495414800,2067,2085.81,2083.98,2078.22,780.29494346
1495418400,2068.6,2089.89,2078.2,2085.52,1052.2264866
1495422000,2079.98,2110,2085.81,2105.73,1097.51479532
1495425600,2101.59,2137.86,2104.77,2130.01,1033.76238151
1495429200,2125.41,2184.62,2130.75,2179.47,1990.8432093
1495432800,2162.16,2189,2179.25,2173.41,888.92993832
1495436400,2163.5,2187.21,2173.4,2172.53,758.2522393
1495440000,2134.54,2195,2172.59,2171.83,972.11789737
1495443600,2112.17,2171.82,2171.82,2148.37,845.17774413
1495447200,2143.08,2176.42,2145.47,2160.34,868.18981704
1495450800,2155,2194.99,2160.33,2194.72,914.70121766
1495454400,2181.41,2195,2194.66,2187.95,793.59302161
1495458000,2174.01,2193.79,2187.95,2193.2,1203.68903433
1495461600,2191.82,2235.95,2193.24,2233.99,1120.17512512
1495465200,2229.84,2260.63,2233.99,2260,1634.19240187
1495468800,2242.27,2286.95,2260.18,2250.5,2046.0703534
1495472400,2241.15,2280,2250.5,2280,872.07576559
1495476000,2275.61,2298,2280,2286.99,994.99154114
1495479600,2166.66,2289.29,2287,2193.84,1726.23594056
1495483200,2170,2226.64,2194.65,2177.96,1479.02022269
1495486800,2105.1,2177.95,2176.46,2141.17,1282.7059817
1495490400,2003.03,2141.18,2140.99,2003.03,1464.29025997
1495494000,1975,2129.48,2004.54,2123.29,2513.87030753
1495497600,2117.7,2167.88,2123.29,2154.06,605.96255201
1495501200,2150.5,2187.98,2154.06,2161.71,532.15205338
1495504800,2100.86,2161.71,2161.71,2159.11,1287.29383592
1495508400,2141.55,2170,2159.11,2169.99,590.44307804
1495512000,2169.87,2202.01,2169.99,2190.86,586.71510883
1495515600,2181.25,2210.39,2193.75,2209.99,331.49400533
1495519200,2161.06,2209.99,2209.99,2170.76,732.58832088
1495522800,2170.75,2198.55,2170.76,2192.97,580.05966943
1495526400,2165,2194.56,2194.55,2182.63,599.79403766
1495530000,2162.52,2183.93,2183.09,2179.34,401.32577767
1495533600,2179.31,2219.99,2179.32,2216.58,427.31345521
1495537200,2206.62,2253.09,2219.1,2225.27,829.37554972
1495540800,2225.56,2240,2225.57,2238.82,632.80308385
1495544400,2218.71,2255,2238.81,2255,759.29019667
1495548000,2254,2279,2254,2278.38,1065.58740173
1495551600,2255.2,2283,2276.58,2270.06,1334.2399169
1495555200,2166,2274.98,2270.44,2237.74,937.39711631
1495558800,2224,2249.18,2236.85,2241.86,784.69671442
1495562400,2238,2270,2241.85,2263.03,815.88404864
1495566000,2258.3,2270.98,2261.81,2262.01,577.40833693
1495569600,2230,2264,2262,2243.94,1035.71167859
1495573200,2238,2245.98,2245.74,2244.39,648.86871542
1495576800,2244.39,2268,2244.49,2262.51,840.84400471
1495580400,2255.55,2272.75,2262.49,2272.75,703.69985764
1495584000,2272.74,2295,2272.74,2293.72,1044.83294643
1495587600,2286.44,2326,2293.73,2312.24,1176.72204001
1495591200,2282.24,2324.47,2311.92,2319.81,959.54407591
1495594800,2266.51,2319.8,2319.28,2310.95,857.05205403
1495598400,2290,2316,2309.08,2312.12,996.01412609
1495602000,2280,2315.57,2312.29,2303.74,1064.44045489
1495605600,2295.22,2323.23,2303.74,2323.23,574.88089532
1495609200,2311.84,2325.16,2323.04,2320.68,628.39012681
1495612800,2320,2350,2320.68,2346.71,707.15265596
1495616400,2286.18,2348.68,2346.71,2332.09,702.96381108
1495620000,2325,2349.05,2332.08,2349.05,350.91984443
1495623600,2338.12,2384.94,2347.72,2384.92,922.08188331
1495627200,2367.01,2393.09,2384.5,2393.09,1133.51834914
1495630800,2349.69,2399.41,2393.05,2351.93,1583.13600896
1495634400,2331.43,2388.02,2351.02,2386.54,1713.92928021
1495638000,2386.5,2417,2388.01,2415.97,1403.72333856
1495641600,2400,2425.95,2415.96,2422.81,1719.3791124
1495645200,2405.83,2431,2422.82,2429.99,1027.0111574
1495648800,2410,2454.18,2429.97,2454.18,970.6657506
1495652400,2452.89,2474.69,2454.02,2473.21,928.43969213
1495656000,2418.81,2473.4,2473.39,2454.56,1185.1929695
1495659600,2440,2468.47,2454.57,2465.01,763.49673797
1495663200,2380,2469.9,2465,2394.59,963.52445288
1495666800,2390.6,2445.22,2394.59,2432.97,1282.72248973
1495670400,2431.62,2464.48,2432.96,2460,382.59624691
1495674000,2459.94,2523.52,2459.99,2519.05,1171.99055179
1495677600,2506.36,2550,2519.06,2550,1318.60552212
1495681200,2542.72,2589.09,2550,2589.06,1191.47082028
1495684800,2540,2598.93,2589.06,2553.1,1403.03970056
1495688400,2514.8,2619.48,2553.53,2614.35,1442.64223857
1495692000,2612.45,2680.58,2614.98,2664.95,1729.60014228
1495695600,2601.6,2684.77,2665.98,2663.04,1084.81338975
1495699200,2644.56,2678.93,2664.29,2675.72,443.07544615
1495702800,2670.25,2700,2676.68,2700,502.82369996
1495706400,2699.9,2767,2700,2753.27,919.23594597
1495710000,2711.19,2767,2753.27,2766.99,828.01407632
1495713600,2754.58,2790,2767,2786.1,1105.90906812
1495717200,2747.09,2788,2788,2754.27,1402.33367079
1495720800,2752.01,2806,2754.27,2780.96,1640.42054674
1495724400,2601,2784.99,2780.84,2689.94,1845.99114985
1495728000,2440,2720,2689.94,2515,3956.20823254
1495731600,2226.86,2527.79,2526.58,2445.98,4103.50845236
1495735200,2366.08,2579.95,2445.98,2556.25,2530.5795684
1495738800,2374.7,2569.95,2556.26,2464.2,1801.12000801
1495742400,2452.07,2527.32,2464.2,2514.98,1109.54691915
1495746000,2514.03,2592.51,2514.98,2567.7,1414.62633354
1495749600,2480.01,2589.99,2567.69,2553.1,1208.74929817
1495753200,2268,2570,2549.54,2355,2657.9365852
1495756800,2355.02,2473,2362.17,2473,1106.12540979
1495760400,2383.02,2524,2472.99,2436,1077.74823827
1495764000,2424.69,2500,2439.03,2483.06,641.7419948
1495767600,2455,2499.99,2483.25,2470.05,773.51631487
1495771200,2436,2490.99,2470.04,2487.03,835.56713279
1495774800,2487.02,2623,2487.03,2568.06,1232.91679628
1495778400,2525.01,2614.29,2566.34,2595.23,671.41998746
1495782000,2550.01,2606.79,2593.54,2605.77,464.32022415
1495785600,2566.05,2683.18,2600.75,2673.05,896.24076646
1495789200,2579.78,2673.25,2670.48,2604.42,524.16734892
1495792800,2557.14,2619.44,2605.4,2584.01,374.97479691
1495796400,2578.35,2607.78,2584.01,2581.19,458.70116382
1495800000,2455,2581.19,2581.18,2506.88,1144.18241032
1495803600,2420.35,2510,2506.85,2430,1550.51553737
1495807200,2351.33,2440,2430,2431,1681.91015413
1495810800,2383.56,2431,2431,2430.86,1019.20369809
1495814400,2390,2463.68,2430.86,2393.79,957.18899924
1495818000,2227,2396.92,2396.91,2235.93,2053.53049857
1495821600,2179.61,2339.27,2227.04,2223.34,3033.64969946
1495825200,2052.01,2299.69,2227.7,2297,5076.24660657
1495828800,2251.07,2388.88,2296.99,2316.71,2316.9270603
1495832400,2280.96,2345,2315.02,2285.19,997.26313288
1495836000,2199.69,2294.89,2284.98,2272.22,1528.30232274
1495839600,2243,2331.52,2273,2272.7,1339.54232981
1495843200,2247,2312,2276.46,2299,698.93020487
1495846800,2297.99,2353.35,2299,2306.86,939.20549227
1495850400,2200,2312.32,2307,2222.15,1095.75542982
1495854000,2140.96,2267.93,2222.19,2267.92,1447.47953566
1495857600,2185.31,2267.93,2267.92,2199.89,1313.44698098
1495861200,2110,2250,2199.93,2126.99,1416.29714478
1495864800,1990,2139.92,2126.98,2123.27,4801.78125855
1495868400,2070,2173,2123.94,2142.91,1271.5885904
1495872000,2032.98,2154.42,2142.92,2050.14,917.83492948
1495875600,1961,2071.67,2050.14,1971.46,2020.33033989
1495879200,1913.19,2063.77,1971.05,1953,2569.75301578
1495882800,1951.25,2069.99,1954.43,2069.07,1449.83558012
1495886400,2049.29,2128.66,2069.99,2080.88,1427.30700993
1495890000,2033.21,2083.99,2081.08,2059.06,892.566376
1495893600,2037.05,2115,2058.25,2047.87,993.34392014
1495897200,2039.18,2101.18,2047.85,2099.87,1249.10907397
1495900800,2099.9,2178,2099.9,2131.92,1990.50611089
1495904400,2123.21,2163.22,2131.93,2151.33,876.56006486
1495908000,2102.96,2169.99,2151.33,2139.05,976.0440114
1495911600,2133,2169.99,2139.02,2169.99,579.23165509
1495915200,2035,2170,2169.99,2094.05,1549.49789955
1495918800,2030.53,2094.4,2094.4,2051.9,784.08010243
1495922400,2050.43,2115,2052.67,2096.88,627.94861469
1495926000,2069.1,2099.99,2095.55,2099.99,577.73789272
1495929600,2099.86,2160,2099.99,2139.64,1230.69820632
1495933200,2133.94,2157.94,2139.84,2145.4,806.2469974
1495936800,2140.16,2188.11,2143.13,2188.11,960.78661742
1495940400,2188.11,2234.28,2188.11,2226.91,1211.29026943
1495944000,2226.91,2296,2226.91,2261.93,1425.80355661
1495947600,2166.07,2275,2260.02,2199.83,845.83630353
1495951200,2169.49,2224.66,2193.88,2222,661.3390115
1495954800,2217.59,2317.07,2221.98,2316.13,788.42020697
1495958400,2235.84,2327.54,2316.11,2297.04,1086.00986607
1495962000,2297.04,2342.99,2297.04,2325.88,627.43278018
1495965600,2264.99,2325.65,2324.99,2273.17,574.58997071
1495969200,2228.02,2303.48,2273.01,2274.05,656.17774474
1495972800,2259.53,2290.49,2274.05,2283.76,364.30124156
1495976400,2260.78,2301,2283.73,2269.68,596.59882517
1495980000,2181.27,2269.99,2269.64,2199.13,1101.12304146
1495983600,2129.46,2212.03,2199.13,2187.71,946.4001241
1495987200,2155.07,2215.74,2187.57,2209.99,575.37217595
1495990800,2180,2239.99,2209.97,2213.99,632.26777924
1495994400,2200,2240.75,2206.32,2227.95,488.57296236
1495998000,2196.88,2232.82,2229.78,2209.8,462.42093827
1496001600,2179,2211.06,2209.74,2183.59,474.89016026
1496005200,2180,2222,2180.88,2222,446.32339951
1496008800,2222,2258.49,2222,2238.82,662.68663322
1496012400,2227.96,2255,2238.49,2232.78,717.0931591
1496016000,2233.84,2242.19,2237,2238,380.1778355
1496019600,2198.2,2245,2238,2222.12,452.29816647
1496023200,2155.51,2227.99,2222.1,2156,998.36581618
1496026800,2141.12,2214.49,2155.98,2212.51,702.63630098
1496030400,2158.28,2224.45,2212.51,2184.98,588.73483219
1496034000,2170,2214.99,2184.94,2214.15,428.43128457
1496037600,2198.99,2228.2,2214.15,2228.2,289.07286178
1496041200,2214.48,2243.83,2228.2,2215.65,587.553771
1496044800,2214.66,2231.92,2215.65,2227.83,417.16144853
1496048400,2227.02,2250,2227.83,2233.97,501.77906513
1496052000,2233.96,2277.16,2233.97,2273.99,681.17843612
1496055600,2234.12,2278,2273.99,2234.82,389.52463304
1496059200,2229.88,2259.57,2234.82,2241.08,299.69810668
1496062800,2222,2247.26,2241.07,2223.55,348.09180464
1496066400,2222.79,2265.84,2223.64,2262,579.10854057
1496070000,2251.05,2264.96,2262,2263.03,522.401515
1496073600,2260,2290,2263.79,2267.86,1077.23729182
1496077200,2260.01,2281.14,2267.71,2274.37,602.92544362
1496080800,2273,2331.1,2274.38,2330.56,1493.32813375
1496084400,2330,2349.62,2330.56,2335.92,985.58870785
1496088000,2324.67,2335.99,2335.94,2334,767.97317093
1496091600,2301,2357.86,2333.99,2322.94,1812.61821157
1496095200,2262.01,2339.61,2322.93,2282.96,1130.28062795
1496098800,2266.26,2304.03,2282.96,2279.48,890.17856689
1496102400,2200,2288.05,2279.18,2251.99,1188.03741683
1496106000,2246.6,2274.75,2248.44,2266.51,467.78830721
1496109600,2240.79,2300,2269.23,2292.76,720.4747144
1496113200,2275.76,2320,2293.98,2311.4,925.54340937
1496116800,2306.46,2336.88,2313.77,2314.86,607.30360982
1496120400,2280.01,2328.15,2314.85,2319.42,672.18509888
1496124000,2287.04,2323.21,2319.14,2296.22,424.66607886
1496127600,2273,2298.51,2296.21,2280.96,545.24101036
1496131200,2278.18,2306,2281.94,2293.41,441.75699395
1496134800,2250,2302,2293.26,2300,600.21930254
1496138400,2293.98,2323.99,2299.41,2310.04,302.89183375
1496142000,2292.99,2320,2310.03,2304.46,513.90340764
1496145600,2287.5,2316.94,2304.8,2291.99,482.42040001
1496149200,2258.84,2302.96,2291.99,2279.53,805.73192161
1496152800,2225,2281.89,2279.58,2235.36,1304.04914084
1496156400,2225,2258,2235.37,2240.65,1044.06136538
1496160000,2235.58,2273.81,2240.56,2266.84,676.28848612
1496163600,2225.31,2266.82,2266.81,2248.97,726.00695545
1496167200,2227.76,2260,2248.97,2232.96,840.15182302
1496170800,2231.42,2252.27,2232.97,2235.34,835.66436828
1496174400,2235.01,2269,2236.18,2248.93,761.53337871
1496178000,2205.52,2248.84,2248.84,2212.99,1413.59550672
1496181600,2112.31,2227.46,2212.98,2153.67,3020.03711262
1496185200,2137.69,2195.45,2153.67,2191.58,1596.44835243
1496188800,2184.01,2238.1,2191.6,2233.15,1236.81156621
1496192400,2200.7,2238,2233.1,2217.37,783.67192542
1496196000,2183.06,2240,2217.32,2239.98,1620.87717198
1496199600,2173.8,2244,2239.98,2188.03,654.33967079
1496203200,2175,2213.01,2188.03,2205.93,1321.61671269
1496206800,2189.1,2230.93,2205.82,2230.93,1624.00491757
1496210400,2221.04,2243,2231.77,2242.9,809.27885343
1496214000,2192.01,2259.94,2242.9,2225.03,844.17514555
1496217600,2198.67,2239.26,2225.27,2211.26,991.3399539
1496221200,2202.27,2227.58,2211.26,2227.58,271.43808523
1496224800,2227.57,2248.96,2227.57,2244.89,281.03691292
1496228400,2236.99,2253.35,2244.92,2239.64,521.82806549
1496232000,2200,2241.43,2239.4,2211.02,730.33928462
1496235600,2202.86,2222.98,2210.96,2222.3,599.38426699
1496239200,2218.31,2237.57,2223.02,2229.8,613.91691022
1496242800,2229.85,2304.98,2230.5,2271.79,2505.5552017
1496246400,2267.26,2313.91,2271.35,2295.13,1002.34948936
1496250000,2294.17,2336.46,2295.09,2336.46,940.91292038
1496253600,2311.64,2338.91,2336.46,2320.82,998.14736387
1496257200,2272.75,2321.7,2321.49,2294.98,935.02768969
1496260800,2284,2299.99,2294.97,2286.24,610.30636338
1496264400,2273.79,2297.91,2285.36,2288.4,525.72902315
1496268000,2279.51,2310,2288.17,2304.01,796.80917857
1496271600,2295.23,2316.91,2304.06,2303.29,508.03418289
1496275200,2302,2323.35,2303.61,2323.32,622.5587738
1496278800,2315.02,2371.88,2323.33,2371.5,1251.16505922
1496282400,2340,2390,2371.83,2359.9,1831.10600849
1496286000,2354.56,2389.99,2359.9,2378.67,843.35279754
1496289600,2370.17,2415.86,2378.9,2410.26,979.29035262
1496293200,2390.56,2414.99,2410.28,2404.75,861.04007111
1496296800,2392.01,2410,2405.12,2407.68,806.95177066
1496300400,2396.55,2418.93,2407.46,2418.93,974.85366508
1496304000,2418.18,2459.95,2418.94,2452.59,930.19875809
1496307600,2435,2459.44,2452.31,2444.68,752.21857141
1496311200,2426.18,2448.55,2444.65,2442.38,814.36871392
1496314800,2435.01,2472,2442.35,2472,579.50382529
1496318400,2460,2488,2471.99,2460,777.30192417
1496322000,2449.16,2474.99,2460.54,2474.89,643.78361153
1496325600,2428,2478.73,2474.85,2428,898.51721774
1496329200,2380,2439.27,2428,2399.98,1666.83638515
1496332800,2357.04,2399.99,2399.46,2367.99,1080.52416847
1496336400,2318,2381.84,2367.98,2381.83,1263.44427452
1496340000,2370.01,2391.87,2381.83,2375.61,924.28634556
1496343600,2360.88,2388,2374.54,2387.98,669.56946753
1496347200,2387.98,2417.61,2387.98,2413.47,776.50226621
1496350800,2401.12,2419.98,2413.46,2401.64,516.24050947
1496354400,2378,2411.79,2401.65,2392.11,477.12049856
1496358000,2391.05,2419.99,2394.37,2419.99,449.60000712
1496361600,2393.77,2420.54,2419.98,2404.38,591.3485544
1496365200,2387.87,2414.36,2404.32,2413.39,562.37515276
1496368800,2404.91,2433.63,2413.03,2425.04,578.53464297
1496372400,2425.02,2445,2425.54,2443.1,588.27490856
1496376000,2426.1,2443.06,2443.05,2431.01,440.37774167
1496379600,2410,2438.7,2431,2423.51,443.65120194
1496383200,2412.09,2435,2423.35,2434.99,363.63655848
1496386800,2432.53,2449.8,2434.68,2443.86,232.31413992
1496390400,2420.81,2443.87,2443.86,2423.81,240.10886734
1496394000,2418.98,2441,2423.81,2441,278.94657399
1496397600,2425.49,2444.32,2441,2428.72,296.90375127
1496401200,2419.39,2432.84,2428.61,2432.84,290.49165858
1496404800,2422.89,2439.56,2432.95,2429.71,386.71225088
1496408400,2379.44,2434,2429.43,2389.99,920.00185188
1496412000,2380,2410,2389.98,2408.97,562.94790416
1496415600,2404.21,2426,2407.94,2426,723.32212607
1496419200,2416.07,2439.99,2426,2425.34,824.51564257
1496422800,2395,2429.26,2425.35,2421.44,624.11398437
1496426400,2402.83,2430.86,2421.48,2419.39,598.9852032
1496430000,2405,2419.77,2419.76,2414.41,564.3966053
1496433600,2412.39,2434.88,2415.67,2427.51,809.46419527
1496437200,2425.01,2436.15,2428.24,2436.15,701.17763279
1496440800,2434.93,2447.99,2436.15,2447.99,602.67536027
1496444400,2447.98,2478.99,2447.99,2478.99,665.38233507
1496448000,2478.99,2494.63,2478.99,2494.63,662.11190637
1496451600,2478.92,2494.64,2494.62,2486.6,381.23791519
1496455200,2486.58,2494.98,2486.6,2489.97,335.22120554
1496458800,2465.38,2499,2489.97,2465.38,476.44089474
1496462400,2457.57,2481.35,2470.85,2458,420.57820796
1496466000,2456.49,2475.5,2458,2460.24,347.84629362
1496469600,2448,2469.66,2456.5,2467.26,355.2852322
1496473200,2465.87,2489.89,2467.3,2483.63,176.53575545
1496476800,2485,2498.52,2486.19,2498.52,203.43931741
1496480400,2487,2500,2498.4,2499.51,396.9732348
1496484000,2493.52,2540,2500,2526.74,509.19324101
1496487600,2512.52,2531.27,2526.79,2531.02,273.50925482
1496491200,2517.4,2536.19,2531.02,2531.72,425.84276072
1496494800,2529.98,2540,2532.68,2530.01,473.32652225
1496498400,2529.99,2550,2530.49,2548.99,633.79205304
1496502000,2542,2572.75,2549,2572.74,692.24326205
1496505600,2554,2583.3,2572.75,2583.3,697.31314753
1496509200,2582.04,2599,2582.38,2596.35,916.79432719
1496512800,2560,2596.99,2596.35,2561.5,784.28306501
1496516400,2552.21,2583,2561.5,2564.52,1193.14660596
1496520000,2544,2583.06,2565.2,2564.36,729.28166448
1496523600,2540,2576.48,2564.68,2550.29,778.74427966
1496527200,2548.08,2570.97,2550.34,2564.33,897.24898484
1496530800,2538,2564.33,2564.33,2548.05,681.49966585
1496534400,2477.5,2553.62,2548.3,2515,2111.7367853
1496538000,2503.03,2530.78,2514.62,2519.41,822.67033392
1496541600,2480.42,2520.11,2519.41,2507.26,620.45924757
1496545200,2495.59,2511.4,2507.27,2502.81,664.66774095
1496548800,2495.01,2539.58,2502.81,2531.52,529.36472996
1496552400,2515.44,2541,2531.47,2518.57,329.50028999
1496556000,2495.02,2519.2,2518.57,2519.19,572.44277751
1496559600,2505.39,2521.99,2519.16,2521.99,223.1858655
1496563200,2521.98,2556.1,2521.99,2549.93,266.47774359
1496566800,2535.77,2556.1,2549.92,2538,457.49220897
1496570400,2510.97,2539.83,2538.98,2524.7,298.63332179
1496574000,2524.66,2543.76,2524.66,2543.74,191.53902888
1496577600,2529.75,2544.78,2543.75,2530.23,181.47459408
1496581200,2505,2534,2531,2507.95,828.76596717
1496584800,2502,2530,2507.9,2517.74,678.93785611
1496588400,2509.92,2521.9,2517.74,2516.83,511.21061958
1496592000,2498.74,2529,2511.52,2520.29,434.39679041
1496595600,2511.36,2528,2520.29,2519.84,465.15520525
1496599200,2513.19,2525.33,2519.98,2520.01,302.46477687
1496602800,2486.51,2520.01,2520.01,2487.99,557.95265347
1496606400,2469.98,2498,2487.99,2497.81,1213.86926305
1496610000,2498,2519.5,2498,2510.36,451.12444123
1496613600,2499.01,2524,2510.31,2521.22,493.46442669
1496617200,2511.39,2538.46,2523.83,2521.36,613.80643179
1496620800,2517.02,2547.05,2521.43,2545.44,415.98873984
1496624400,2545.43,2600,2545.44,2561.1,1342.87140475
1496628000,2554,2567.1,2563.96,2567.1,410.10182755
1496631600,2567.09,2589.01,2567.1,2584.98,445.4295481
1496635200,2576.69,2592,2585.02,2588.93,497.71297883
1496638800,2560,2588.71,2587.86,2570.13,384.81999943
1496642400,2560.28,2585.1,2567.26,2585.1,428.70552431
1496646000,2573.07,2589.95,2585.09,2573.07,175.98719422
1496649600,2573.06,2580,2573.09,2578.33,235.91610048
1496653200,2565.21,2580.33,2578.33,2579.39,227.93960577
1496656800,2579.08,2599.23,2579.39,2597.56,295.54463875
1496660400,2583.82,2597.56,2597.56,2592.55,289.9454155
1496664000,2570,2594.99,2593.99,2589.28,540.59343665
1496667600,2579.52,2592.78,2589.28,2587.98,396.63624346
1496671200,2582.49,2624.44,2587.99,2612.5,557.73665623
1496674800,2610.06,2620.1,2612.57,2616.49,635.37335882
1496678400,2587.15,2619.08,2615.72,2604.38,855.06274164
1496682000,2604.13,2629.76,2604.38,2628.94,583.7721048
1496685600,2610.15,2629.61,2628.95,2626.92,874.5779441
1496689200,2626.01,2645,2626.92,2642.06,720.38742861
1496692800,2644.13,2663.99,2644.9,2663.99,998.4913898
1496696400,2644.99,2689,2663.99,2663.17,953.54927922
1496700000,2660.1,2677.02,2663.18,2676.78,703.51350636
1496703600,2673.94,2698,2676.98,2698,629.11183712
1496707200,2691.04,2749.98,2698,2749.96,1462.12617902
1496710800,2700.05,2749.94,2749.94,2743.8,1762.10979482
1496714400,2744.23,2849,2744.23,2848.28,2731.34714224
1496718000,2769.91,2873.27,2848.28,2813.22,2397.79214929
1496721600,2811.35,2862.99,2811.44,2850.12,968.4332311
1496725200,2802.1,2857.66,2850.11,2832.07,1116.6493191
1496728800,2825,2866.19,2832.07,2838.14,596.41694695
1496732400,2830,2850.97,2836.15,2836.55,299.85154274
1496736000,2830.7,2849.79,2836.55,2844.03,279.76091588
1496739600,2840,2879,2844.83,2875.93,398.39075665
1496743200,2839.89,2875.99,2875.93,2854.7,312.83329878
1496746800,2848.98,2879.21,2854.7,2871.34,487.88123358
1496750400,2861,2924.69,2871.35,2921,1146.97270657
1496754000,2915,2938.55,2919.78,2923.48,871.47523143
1496757600,2820.89,2923.48,2923.47,2823.15,1992.02047912
1496761200,2817.68,2864.99,2820.98,2836,1406.57401136
1496764800,2674.69,2838,2836,2728.79,2844.44661656
1496768400,2681,2791,2733.4,2779.98,2065.41285689
1496772000,2779.97,2830,2779.97,2809.71,1467.03565676
1496775600,2795.31,2868,2809.69,2850,866.34380285
1496779200,2825.42,2883.87,2849.99,2882.27,747.65359285
1496782800,2854.38,2889.12,2882.25,2879.92,867.85461781
1496786400,2851.32,2885,2879.92,2859.4,850.35415188
1496790000,2855.89,2880,2859.98,2871.29,669.91074948
1496793600,2823,2885,2871.29,2829.36,806.23091913
1496797200,2803.21,2868.99,2829.32,2845.45,874.38772321
1496800800,2845.45,2875,2845.45,2874.37,592.78599802
1496804400,2853.23,2880,2874.17,2864.34,400.24113025
1496808000,2858.22,2877.08,2864.34,2868.18,300.27569114
1496811600,2854.27,2873.75,2868.22,2859.25,222.87608659
1496815200,2780.26,2864.35,2859.25,2817.98,1041.40175287
1496818800,2792.97,2841.44,2817.93,2837.56,499.28669113
1496822400,2811.18,2838.22,2837.53,2822.72,421.351294
1496826000,2815,2851.99,2822.71,2851.98,250.41760543
1496829600,2833,2860.91,2851.98,2860.74,608.06572805
1496833200,2842.06,2860.71,2860.3,2849.62,258.42423174
1496836800,2848.75,2859.38,2848.8,2859.37,308.54307562
1496840400,2831.88,2860,2859.37,2832.05,534.25541238
1496844000,2805.94,2840.62,2832.86,2821.93,880.88505041
1496847600,2751,2821.93,2820.95,2794,1337.31527624
1496851200,2780.14,2819.3,2794,2815.08,895.72768158
1496854800,2793.49,2825.4,2815.07,2808.94,545.3429981
1496858400,2779.92,2810.37,2808.95,2795.95,864.09995228
1496862000,2769.98,2804.95,2795.94,2770,754.94977374
1496865600,2721,2779.31,2770,2726.93,1293.72326213
1496869200,2656.79,2746,2726.91,2659.8,2044.70027555
1496872800,2598.7,2727.19,2659.33,2719.89,2533.84339877
1496876400,2680,2721.85,2719.95,2685.64,1207.05268258
1496880000,2611.41,2698.66,2690.02,2679.92,1329.7245241
1496883600,2661.82,2716.27,2678.26,2712.66,862.57998675
1496887200,2696.6,2747.36,2714.09,2731.07,888.60822163
1496890800,2708.19,2731.99,2731.07,2722.6,449.8260399
1496894400,2722.59,2772.72,2722.6,2770.87,746.89356217
1496898000,2755.82,2784.17,2770.87,2784.16,346.26077993
1496901600,2781.63,2800,2784.16,2799.89,417.23150301
1496905200,2760.3,2808.78,2799.89,2779.62,368.94162136
1496908800,2775.96,2791.09,2779.37,2791.09,238.80279011
1496912400,2774.02,2793.84,2791.08,2785.99,260.65660695
1496916000,2785.35,2794.99,2785.99,2789.16,199.79491064
1496919600,2759.08,2789.84,2788.8,2759.98,275.92923212
1496923200,2733.29,2765.99,2759.07,2763.1,644.545008
1496926800,2725,2763.04,2762.87,2730.64,446.95383206
1496930400,2710.5,2758,2730.64,2710.52,676.94701809
1496934000,2710.51,2738.54,2710.51,2727.75,448.85547086
1496937600,2726.52,2749.99,2727.76,2734,622.23058362
1496941200,2705.73,2737.97,2734,2730.63,536.42486243
1496944800,2720.66,2745,2729.4,2731.59,605.58950959
1496948400,2729.22,2753,2731.59,2753,604.56774755
1496952000,2740.01,2755.98,2753,2749.26,638.3116146
1496955600,2747.77,2777.99,2749.17,2772.7,629.04473837
1496959200,2761.11,2794.99,2772.67,2791.72,714.09762758
1496962800,2778,2799.99,2791.92,2799.73,500.87136829
1496966400,2795.36,2804.95,2799.76,2802.42,431.01540624
1496970000,2797.16,2836.9,2802.42,2827,646.11169503
1496973600,2818.32,2844.2,2831.26,2833.45,458.3563816
1496977200,2802.49,2834.99,2833.44,2805.59,488.59293551
1496980800,2802.17,2825.57,2805.6,2824.43,453.31260193
1496984400,2805.92,2826.79,2824.43,2808.79,360.75038061
1496988000,2800,2810,2808.67,2802.76,269.52806642
1496991600,2786.2,2807.58,2802.72,2805,198.03365251
1496995200,2804.99,2826.08,2805,2823.17,181.78625444
1496998800,2805.97,2822.64,2822.4,2811.26,240.85350843
1497002400,2801.86,2822.6,2810.61,2818.46,261.76816211
1497006000,2808.42,2818.34,2812.86,2813.22,160.35654609
1497009600,2809.93,2825,2812.4,2824.97,349.28518986
1497013200,2823.27,2839,2824.97,2838.35,324.99757654
1497016800,2836.4,2849.69,2838.35,2845,598.58553158
1497020400,2844.2,2861.58,2845,2858.83,852.02264593
1497024000,2831,2858.16,2858.16,2838,908.09265191
1497027600,2837.99,2858.27,2838,2856.48,610.70566357
1497031200,2815.22,2857.99,2856.22,2829.31,673.20036124
1497034800,2822,2840.99,2828.34,2839.08,540.35284564
1497038400,2828.04,2839.08,2839.08,2837.1,452.76724567
1497042000,2810.39,2838.95,2837.08,2825.4,805.04013527
1497045600,2810,2826.72,2826.43,2811.34,514.68226251
1497049200,2793.11,2812.44,2811.34,2811.39,660.13791491
1497052800,2806,2823.8,2811.37,2810.16,527.04236712
1497056400,2803.53,2833.07,2808.08,2825.92,503.69889401
1497060000,2824.12,2837.9,2825.92,2835.17,324.56019682
1497063600,2821.17,2837.04,2835.17,2825.95,267.8578782
1497067200,2809,2830.23,2826.2,2819.21,327.53972998
1497070800,2803,2819.2,2819.2,2804.27,387.42221325
1497074400,2801.25,2818.48,2803.57,2818.46,426.88249338
1497078000,2810.3,2829.3,2817.3,2813.74,348.2047294
1497081600,2808.12,2826.67,2813.74,2818.47,203.64064221
1497085200,2811.65,2825.54,2818.47,2821.91,314.04021865
1497088800,2820.27,2874.69,2821.9,2874.69,538.26557129
1497092400,2859.22,2885,2874.69,2884.37,427.71238408
1497096000,2883.14,2910.98,2884.37,2910.38,1035.0731818
1497099600,2882.57,2926,2910.38,2910.62,1219.28514169
1497103200,2883.48,2914.99,2910.59,2901.99,608.9008241
1497106800,2825.03,2901.98,2901.98,2846.75,743.92669084
1497110400,2848.59,2887.12,2848.73,2879.5,1252.40232674
1497114000,2871.78,2920,2878.83,2876.61,1647.94820511
1497117600,2840.11,2893.05,2879.42,2875.66,1431.85375953
1497121200,2866.9,2895,2878.9,2893.93,795.47478758
1497124800,2855,2909,2894.18,2856.56,936.27469202
1497128400,2809.5,2873.06,2856.55,2822.18,1112.17569207
1497132000,2821.51,2897.97,2826.51,2893.89,1200.3294008
1497135600,2884.38,2942.04,2893.99,2931.15,2154.33988482
1497139200,2896.86,2937.25,2931.16,2919.98,1391.18008062
1497142800,2905.33,2926.91,2919.55,2923.09,1180.91397684
1497146400,2913.09,2930,2923.09,2929.99,524.01958465
1497150000,2899,2934.99,2930,2900,491.75201819
1497153600,2892.54,2916.34,2900,2905.45,870.10641107
1497157200,2890,2905.98,2904.55,2903.5,377.34115213
1497160800,2890.1,2911,2903.05,2909.59,344.42788861
1497164400,2892.13,2909.58,2908.99,2893.59,310.16336353
1497168000,2881,2905.5,2893.06,2905.5,552.12926143
1497171600,2903.5,2914.16,2905.45,2911.5,288.75510593
1497175200,2904.75,2914.98,2910.51,2904.94,301.62607155
1497178800,2895.17,2910,2904.76,2898.47,342.0398831
1497182400,2892.96,2906,2901.87,2905.99,640.10904812
1497186000,2896.04,2920,2905.99,2908.45,886.90152413
1497189600,2896.17,2909.99,2908,2909.87,624.77761702
1497193200,2907.01,2990,2907.2,2979.28,1281.3297345
1497196800,2942.51,2988.46,2979.27,2978.74,1096.09409956
1497200400,2953,2979.99,2978.73,2966.86,503.36169596
1497204000,2953,2973.88,2966.85,2962.3,580.57481479
1497207600,2960.2,2972.99,2962.27,2967.06,601.9492745
1497211200,2950,2968.12,2967.06,2961.43,537.3313644
1497214800,2958,2979.97,2961.42,2970.14,803.41020777
1497218400,2968.47,2982.22,2968.87,2980,795.81155754
1497222000,2975,2998.99,2980,2998.98,969.38730046
1497225600,2969.5,2998.98,2998.98,2997.02,766.93803603
1497229200,2990,2999.98,2995.75,2999.98,730.65040099
1497232800,2969,2999.99,2999.98,2969.01,1152.76638161
1497236400,2969,2990.47,2969,2987.49,538.94608685
1497240000,2987.49,2995.98,2987.49,2991.12,306.77231486
1497243600,2975,2994.19,2991.31,2978.99,751.94766843
1497247200,2961.4,2978.99,2978.99,2961.53,495.26197042
1497250800,2936.07,2961.54,2961.54,2944.9,826.97593436
1497254400,2918.52,2960.98,2947.82,2937.02,792.79138594
1497258000,2922.9,2948,2937.01,2937.01,538.84628536
1497261600,2730.03,2942.58,2937,2764.51,2683.75605363
1497265200,2710,2850,2756.76,2779.02,2880.31480592
1497268800,2778.92,2861.91,2779.02,2835.04,1902.96377849
1497272400,2784,2838,2837.16,2819.84,1544.76557287
1497276000,2819.81,2859.44,2819.82,2823.27,1093.74783005
1497279600,2784,2840,2823.26,2806.73,1208.14763462
1497283200,2668,2810,2806.67,2689.92,2580.41241178
1497286800,2463.89,2689.92,2689.92,2569.01,4044.40772471
1497290400,2569.01,2694.39,2569.01,2611.71,2522.55986281
1497294000,2500,2611.71,2611.71,2551.99,2964.4350744
1497297600,2549.3,2670.61,2551.94,2633.54,2086.11652432
1497301200,2627.23,2705,2627.25,2678.99,2467.38382101
1497304800,2600,2687.64,2679.83,2628.76,2042.66884068
1497308400,2628.73,2700.76,2628.75,2655.71,2017.60574317
1497312000,2649.47,2704.02,2654.36,2690,1514.52235259
1497315600,2651.41,2710,2691.11,2669.99,1635.09802429
1497319200,2661.24,2700.71,2669.99,2673.73,944.73940634
1497322800,2653.16,2682.71,2673.71,2674.03,887.5581143
1497326400,2660.18,2688.81,2674.03,2679.58,731.00334275
1497330000,2674.78,2722.58,2679.55,2699.17,910.53747314
1497333600,2697.44,2757.85,2699.16,2750.98,808.71651341
1497337200,2731.45,2757.99,2751,2751.75,519.72526635
1497340800,2750.63,2798.99,2751.75,2758.6,729.23277052
1497344400,2704.03,2760.19,2756.85,2705.1,550.3478321
1497348000,2700.97,2740.78,2705.04,2700.97,410.99128865
1497351600,2680,2716.24,2702.45,2716.16,502.36953274
1497355200,2706.69,2748,2715.26,2711.82,565.24745053
1497358800,2706.66,2735.01,2712.5,2730.62,780.32448041
1497362400,2699.38,2737.45,2731.47,2710,675.79452666
1497366000,2700,2726.27,2708.54,2726.27,612.27773075
1497369600,2726.27,2743,2726.27,2743,657.5467732
1497373200,2736.7,2748.5,2743,2737.03,774.54627025
1497376800,2700,2736.72,2736.72,2718.86,1486.65690507
1497380400,2706.55,2731.08,2718.85,2715.12,1306.38661821
1497384000,2680,2718.89,2715.11,2705.21,905.64464285
1497387600,2701.21,2729.25,2705.21,2709.23,704.97934698
1497391200,2695.12,2728,2709.23,2699.99,590.31116042
1497394800,2699.94,2714.58,2699.99,2709.01,512.416369
1497398400,2703.77,2734.91,2709.02,2734.89,554.42311782
1497402000,2734.24,2791.6,2734.9,2770.12,810.9673569
1497405600,2769.85,2789.95,2770.12,2783.85,580.87361352
1497409200,2751.31,2787,2784.01,2761.3,812.21125544
1497412800,2760,2769.73,2763.78,2766.65,322.98075672
1497416400,2766.2,2802,2766.65,2800.7,708.12956832
1497420000,2791.23,2827,2800.7,2795.11,1151.77340642
1497423600,2769,2799.41,2795.01,2780.18,378.80051333
1497427200,2750,2789.31,2780.18,2781.33,609.49773983
1497430800,2771.48,2787.89,2780.86,2773.17,307.76993246
1497434400,2763.41,2780.99,2773.18,2780.95,203.82722774
1497438000,2766,2780.96,2780.96,2766.92,225.435684
1497441600,2751.7,2776.24,2768.05,2751.7,655.92022916
1497445200,2555.18,2754.25,2754.25,2627.57,3949.75657441
1497448800,2527.59,2648.84,2626.36,2644.48,2539.64661889
1497452400,2611.57,2648.27,2645,2626.97,1241.91773185
1497456000,2518.33,2630.77,2626.91,2571.68,1716.27675307
1497459600,2502.14,2576.14,2571.23,2568.5,2006.19198636
1497463200,2566.21,2594,2568.48,2580.36,1124.52145101
1497466800,2528.64,2590,2580.36,2546.77,870.66859878
1497470400,2525,2559.77,2549.74,2552.03,826.55896064
1497474000,2410,2554.98,2552.88,2469.34,2573.64005846
1497477600,2330,2486.18,2465.05,2390.19,2921.29797694
1497481200,2386.63,2443.22,2399.43,2432.21,1164.0477456
1497484800,2355,2464.37,2432.21,2449.99,1736.62117287
1497488400,2442.24,2525,2449.99,2487.44,1888.8171067
1497492000,2480.02,2513.58,2484.29,2486.32,935.42269699
1497495600,2438.95,2494.09,2487.72,2483.22,980.90555175
1497499200,2419.32,2485.68,2483.17,2419.32,709.37559716
1497502800,2331.1,2422.52,2419.16,2331.1,1313.57279753
1497506400,2210,2382.98,2332.49,2376.47,3274.43438424
1497510000,2345.97,2446.57,2376.44,2434,1317.3171458
1497513600,2427.62,2487.14,2433.99,2469.64,613.50512071
1497517200,2390.15,2479.13,2469.45,2395.67,425.12600759
1497520800,2300,2434.9,2391.21,2312.16,1212.04459007
1497524400,2251,2329.18,2315.44,2270.45,2431.04419874
1497528000,2268.23,2347,2271.27,2276.08,2073.28394174
1497531600,2060,2281.9,2276.07,2071.01,2791.3117277
1497535200,2050,2279.85,2071.01,2217.54,2933.41425908
1497538800,2160.1,2247.54,2215,2209.33,2177.18928321
1497542400,2209.33,2364.52,2209.33,2322.97,3431.44461611
1497546000,2215.96,2335.37,2325.34,2224.17,2499.21735189
1497549600,2200,2285.99,2224.12,2263.39,1385.56543967
1497553200,2249.01,2330,2263.38,2329.66,1578.7487275
1497556800,2294.28,2361.68,2328,2351.11,1522.90126199
1497560400,2327.4,2399.33,2351.21,2382.69,1765.04928584
1497564000,2346,2408.99,2382.68,2406.98,1350.42655975
1497567600,2377.54,2421.1,2406.98,2409.98,1678.30305628
1497571200,2330,2409.98,2409.98,2356.85,1349.23327859
1497574800,2304.79,2396.81,2354.56,2304.79,1158.46653627
1497578400,2287.84,2349.53,2306.54,2349.52,1079.0381854
1497582000,2333.98,2389.98,2349.53,2381.48,816.83853255
1497585600,2381.02,2432.99,2381.02,2405,826.54930333
1497589200,2404.99,2430.01,2405,2424.14,539.72642569
1497592800,2416.07,2462.5,2424.14,2460.07,628.61167999
1497596400,2441.82,2471.23,2460.08,2450.36,936.60046868
1497600000,2448.61,2472.44,2450.36,2469.9,602.18658012
1497603600,2469.51,2494.95,2469.55,2489.62,865.15542021
1497607200,2479.5,2508.08,2490.81,2502.49,706.74810749
1497610800,2420,2524.65,2502.49,2457.7,1113.94094798
1497614400,2391.4,2480,2466.16,2399.82,1131.15815714
1497618000,2375,2427.26,2399.82,2427.26,1398.43496742
1497621600,2417.58,2470.01,2428.5,2461.97,956.89669893
1497625200,2422,2461.95,2458.18,2437.14,840.54670841
1497628800,2436.53,2491.92,2437.14,2479.52,1194.1538086
1497632400,2468.5,2498,2479.02,2487.93,464.14412977
1497636000,2449.69,2487.93,2487.93,2451.23,704.5818295
1497639600,2442.74,2498,2451.15,2495.27,1155.70188273
1497643200,2468.07,2498,2497.01,2473.34,1031.58989119
1497646800,2452.72,2482.23,2472.53,2469.01,836.90460169
1497650400,2424.69,2473.48,2469.01,2457.09,708.94585416
1497654000,2458.44,2489.77,2458.44,2480.43,845.80372238
1497657600,2451.1,2485.26,2480.44,2453.53,750.01345077
1497661200,2413.96,2461.82,2453.55,2436.92,1056.22880989
1497664800,2422.07,2453.16,2436.92,2443.59,640.19295982
1497668400,2435.39,2479.9,2444.82,2477,712.05717971
1497672000,2461.43,2499.99,2477.01,2497.9,618.5130265
1497675600,2480.06,2504.97,2497.89,2489.93,424.76184671
1497679200,2481.95,2522.99,2489.93,2509.19,605.14847164
1497682800,2491.73,2510.1,2509.18,2500.14,330.55617858
1497686400,2494.65,2517.68,2500.9,2512.15,367.23126187
1497690000,2510.75,2545,2512.05,2538.88,446.53499812
1497693600,2536.64,2564.42,2538.84,2558.32,533.53741483
1497697200,2557.96,2572.97,2558.87,2572.87,474.04434388
1497700800,2540,2572.88,2572.88,2547.96,518.9516338
1497704400,2528.6,2555.99,2547.4,2538.97,376.04122672
1497708000,2529.04,2550,2538.96,2545.33,495.72517569
1497711600,2541.18,2586.21,2545.3,2586,1301.42758973
1497715200,2560.74,2600,2586,2588.41,1421.70827458
1497718800,2583.97,2645,2588.39,2626.01,1273.39780053
1497722400,2626.1,2671,2626.1,2656.61,801.4561056
1497726000,2637.59,2661.99,2656.66,2652.36,1062.22731536
1497729600,2631,2660.42,2654.77,2643.86,852.69695236
1497733200,2635.44,2656.98,2643.85,2654.35,684.98972924
1497736800,2654.18,2675,2655.2,2673.99,884.97144275
1497740400,2633.78,2679.24,2673.99,2634.94,968.90092092
1497744000,2615,2648.01,2634.94,2627,1133.56022253
1497747600,2626.51,2655.77,2626.72,2654.57,499.61771746
1497751200,2651.42,2670,2654.57,2661.5,404.32933636
1497754800,2650.93,2670,2660.79,2660,403.58867175
1497758400,2629.27,2660,2659.5,2636.19,557.6796481
1497762000,2620.53,2655.97,2636.16,2635.25,515.43260625
1497765600,2584.27,2640.5,2637.89,2597.94,466.67314966
1497769200,2510.75,2599.64,2597.94,2512.14,727.23731568
1497772800,2479,2568.94,2512.07,2561.1,1372.27428012
1497776400,2540.43,2573.58,2563.4,2550.43,297.37651914
1497780000,2547.51,2590.82,2550.38,2581.16,292.84708628
1497783600,2555.86,2590.87,2582.5,2573.42,224.07015821
1497787200,2571.71,2594.98,2573.74,2583.27,362.89673411
1497790800,2529.02,2586.49,2583.4,2530.92,530.01887431
1497794400,2508.08,2549.58,2530.95,2533.31,800.63956504
1497798000,2521.18,2556.91,2533.47,2556.89,377.7448032
1497801600,2545.04,2570.2,2555.89,2560.52,504.27498196
1497805200,2550,2564.85,2560.49,2556.04,250.9407495
1497808800,2508,2556.04,2556.04,2527.66,493.830494
1497812400,2455.01,2538.4,2527.4,2495.2,1167.39797263
1497816000,2457.58,2499.88,2495.2,2472.1,797.16243323
1497819600,2455.1,2497.3,2472.1,2484.04,603.85154076
1497823200,2456.98,2504,2484.04,2501.64,636.97053533
1497826800,2490.37,2520,2502.06,2515.25,411.19325288
1497830400,2510.19,2542.95,2515.25,2527.87,731.51333875
1497834000,2500.02,2539.49,2527.96,2513.35,589.93253215
1497837600,2510,2550,2511.26,2550,704.34145297
1497841200,2549.91,2568.78,2550,2559,661.74221585
1497844800,2554,2564.51,2558.99,2561.76,260.7940201
1497848400,2560.84,2574.69,2561.76,2572.06,293.34776065
1497852000,2553.67,2578.92,2572.58,2569.55,647.82730682
1497855600,2558.52,2580,2570.05,2563.88,486.81350899
1497859200,2551.04,2563.87,2559.41,2561.98,231.26358681
1497862800,2502.86,2562.06,2561.97,2519.15,468.26320586
1497866400,2516.31,2543.99,2516.34,2519.49,261.99137421
1497870000,2481.92,2519.16,2519.14,2515.99,576.24859471
1497873600,2508.83,2540.28,2515.98,2525.01,548.53663001
1497877200,2525.09,2566,2525.15,2565.78,702.74503246
1497880800,2553.38,2567.84,2565.08,2553.38,912.86066995
1497884400,2536.82,2556.53,2553.38,2539,716.64086369
1497888000,2538.13,2568.21,2538.94,2567.72,759.94324696
1497891600,2567,2591.02,2567.74,2586,693.69520701
1497895200,2572,2591.59,2586,2579.79,719.77974266
1497898800,2547.8,2579.99,2579.79,2550.39,797.59473086
1497902400,2550.4,2575.33,2550.4,2571.85,754.26041034
1497906000,2561.23,2576.62,2569.93,2569.3,406.5884167
1497909600,2568,2583,2569.3,2581.26,458.64962204
1497913200,2580,2597,2581.26,2596.98,543.18521457
1497916800,2596.98,2623.86,2596.99,2607.88,1396.35663199
1497920400,2595.7,2620,2608.71,2616.23,652.95426017
1497924000,2596.57,2620,2616.48,2599.79,580.85491291
1497927600,2590,2613.55,2599.79,2592.99,693.67954967
1497931200,2590.77,2602.77,2592.99,2591.96,637.9240773
1497934800,2590.03,2608.63,2591.89,2604.31,252.98645143
1497938400,2599,2632.11,2604.36,2624.57,359.80763745
1497942000,2609.58,2632.07,2624.56,2613.41,395.4477075
1497945600,2605.63,2623.23,2613.3,2605.63,236.3659619
1497949200,2585.42,2608.21,2605.64,2601,378.27763386
1497952800,2589.5,2605,2601.17,2599.99,268.69704831
1497956400,2599,2621.73,2599.77,2621.42,234.18018129
1497960000,2616.64,2639.49,2621.42,2638.97,512.52694102
1497963600,2625.97,2639.99,2638.99,2639.99,801.20849975
1497967200,2634.5,2655.01,2639.99,2655.01,958.14962211
1497970800,2646.61,2662,2655.01,2646.61,672.02025754
1497974400,2638,2659.93,2648.93,2659.93,572.127701
1497978000,2659.93,2700,2659.93,2697.73,1017.55624461
1497981600,2697.83,2776.95,2697.84,2739.99,2996.2686166
1497985200,2725,2775,2740,2771,1670.1107498
1497988800,2733.11,2771.27,2771.27,2765.01,1214.30779598
1497992400,2740,2773,2765.01,2763.96,807.11155076
1497996000,2716.58,2764.79,2763.36,2757.27,986.55804442
1497999600,2720.01,2757.3,2757.3,2725.08,934.64814334
1498003200,2695,2736.77,2725.11,2720.55,840.55978404
1498006800,2686,2720.46,2720.46,2711.56,1007.66518119
1498010400,2702.13,2711.52,2711.51,2705.89,376.40880769
1498014000,2705.88,2739.53,2705.89,2738.34,526.23742116
1498017600,2738,2780.01,2738.33,2780,666.73530895
1498021200,2662.72,2781.59,2780.01,2708.03,1320.99208578
1498024800,2640.82,2708.03,2708.03,2691.81,965.60729475
1498028400,2675,2718.53,2691.81,2718.52,323.0999371
1498032000,2711.53,2735.43,2718.52,2730.24,309.80982805
1498035600,2687.01,2730.22,2730.2,2691.65,268.7586642
1498039200,2678,2701.11,2691.65,2695.92,237.93331076
1498042800,2695.93,2722.61,2695.93,2719.51,214.23480027
1498046400,2719.51,2745.89,2719.51,2739.24,749.10910593
1498050000,2697.08,2740.8,2739.24,2715.38,940.73248548
1498053600,2666,2725,2715.61,2670.88,1211.20656743
1498057200,2628,2683.07,2670.14,2676.03,1799.21196051
1498060800,2659.1,2705,2676.04,2702.27,583.36545925
1498064400,2649.01,2702.27,2702.26,2662.36,993.40979085
1498068000,2659.34,2707,2662.36,2677.9,779.24647121
1498071600,2627,2704.64,2677.91,2652.15,1261.51482034
1498075200,2644,2667.22,2651.9,2658,298.91838775
1498078800,2559.51,2700,2658,2560.01,988.53893416
1498082400,2560.05,2605,2561,2588.99,685.15704163
1498086000,2563.13,2644.88,2588.87,2643.35,716.63850454
1498089600,2643,2677.06,2643.33,2658.77,623.24341463
1498093200,2607.82,2658.77,2658.77,2633.01,693.35895128
1498096800,2610,2641.75,2633.01,2629.8,348.69368871
1498100400,2625.13,2649.18,2629.8,2634.09,319.9373607
1498104000,2598,2645,2634.98,2598.58,414.48676406
1498107600,2598.45,2627,2598.56,2615.21,429.90853662
1498111200,2614.9,2645,2615.04,2635.24,229.77501601
1498114800,2623.74,2647.07,2635.24,2647.07,168.4289913
1498118400,2625.19,2647.65,2647.07,2629.9,180.52360264
1498122000,2623.02,2664,2629.9,2664,120.91089771
1498125600,2663.47,2674.48,2664,2672.7,162.6804392
1498129200,2651.26,2673.84,2672.47,2664.62,197.40266075
1498132800,2653.36,2674.55,2664.91,2664.86,400.80733882
1498136400,2661.91,2690.98,2665.97,2686.01,674.49552898
1498140000,2685,2700,2686.01,2700,622.75263434
1498143600,2690.41,2715,2700,2714.99,798.57586301
1498147200,2700.3,2724.69,2715,2715.36,646.28956322
1498150800,2704,2723,2712.3,2704.02,869.93953421
1498154400,2697.53,2717,2704.02,2716.41,597.70181531
1498158000,2672.11,2718.14,2716.42,2694.84,1055.19798249
1498161600,2664,2702.88,2694.83,2668.57,843.5084295
1498165200,2650,2685.75,2668.54,2678.22,884.56574145
1498168800,2677.01,2699.6,2678.24,2677.02,389.63604593
1498172400,2665,2685.3,2678.17,2679.99,506.73298139
1498176000,2678.19,2715,2679.93,2712.11,348.81826895
1498179600,2701.47,2724.49,2712.01,2723.77,428.50001604
1498183200,2715.98,2743,2723.79,2719.46,748.6906007
1498186800,2712,2723.61,2718.95,2719.98,322.29710719
1498190400,2719.87,2727,2720,2721.32,184.68396644
1498194000,2716.01,2727.67,2721.33,2727.45,433.17202852
1498197600,2695.03,2727.45,2727.44,2707.92,567.18332021
1498201200,2701.96,2713.96,2707.9,2704.71,235.98343882
1498204800,2665,2707.92,2706.32,2674,1115.05454093
1498208400,2674,2686.82,2674.34,2679.18,294.61553937
1498212000,2679,2704.84,2679.91,2699.01,253.75055265
1498215600,2688.81,2701.87,2699.01,2696.97,251.46130385
1498219200,2683.1,2696.95,2696.95,2683.51,203.91998031
1498222800,2680,2706.1,2683.5,2700.01,321.90354568
1498226400,2700,2713.99,2701.95,2713.95,335.50422861
1498230000,2700.76,2720,2713.96,2710.35,357.38533791
1498233600,2700,2720.67,2710.35,2718.7,370.90734546
1498237200,2713.13,2720.99,2719.29,2715.81,318.14620702
1498240800,2703.09,2715,2714.3,2707.26,547.05163385
1498244400,2700,2711.9,2707.26,2711.9,537.35061502
1498248000,2702.6,2715.5,2711.89,2714.49,289.11849238
1498251600,2694.05,2715,2714.49,2705.5,530.45630774
1498255200,2695.96,2708.8,2705.49,2704.49,274.45025316
1498258800,2680,2704.57,2704.49,2690.76,403.7355158
1498262400,2690.7,2702,2690.76,2701.35,283.66702327
1498266000,2700.52,2709,2701.35,2703.89,298.30361237
1498269600,2703.88,2707.81,2703.89,2706.32,240.78834428
1498273200,2695,2706.97,2706.32,2699.81,375.35255542
1498276800,2695.09,2706.14,2699.74,2705.41,256.52155338
1498280400,2705.03,2715,2705.41,2715,312.13974657
1498284000,2705.03,2716.26,2714.81,2706.23,193.18479894
1498287600,2704.96,2710.65,2706.56,2708.04,205.96852363
1498291200,2704.85,2708.06,2707.16,2707.65,184.81069924
1498294800,2688.31,2708.49,2707.64,2704.44,224.55521452
1498298400,2704.23,2711.98,2705.91,2707.98,88.62341947
1498302000,2707.93,2716.57,2707.97,2711,159.88171162
1498305600,2700.39,2718.37,2710.52,2707.45,270.04043544
1498309200,2630,2708.12,2707.43,2630.02,1112.47353537
1498312800,2623.03,2667.09,2630.07,2625.02,855.88012843
1498316400,2625,2659.09,2625.02,2657.24,553.44656227
1498320000,2620,2657.22,2657.22,2627.46,599.74809333
1498323600,2620,2641.49,2627.46,2628,536.77701814
1498327200,2541.4,2628.03,2628.02,2568.67,1605.13216011
1498330800,2511.81,2576.3,2568.68,2516.06,1506.8745237
1498334400,2503.05,2576.61,2516.19,2576.61,1216.95908753
1498338000,2560.07,2597.96,2576.61,2588.48,604.01469302
1498341600,2552.87,2592.61,2588.48,2555.69,594.76399389
1498345200,2536.36,2586.02,2555.69,2574.84,528.57053104
1498348800,2540,2575.43,2574.86,2541.79,396.63583282
1498352400,2503.07,2553.07,2541.78,2529.86,1139.88571987
1498356000,2508.99,2548.89,2529.87,2548.73,638.73512296
1498359600,2523.96,2548.72,2548.72,2544.28,527.69453514
1498363200,2541.3,2573,2544.15,2573,460.41902972
1498366800,2572.99,2581.92,2573,2578.06,319.67200161
1498370400,2577.9,2586.33,2578.06,2585.03,253.93202458
1498374000,2571.03,2585.95,2585.02,2575.84,174.62466169
1498377600,2569.8,2598,2575.84,2598,333.64005511
1498381200,2589.9,2614.89,2598,2606.23,226.77302774
1498384800,2578.57,2606.22,2606.22,2596.97,132.05263348
1498388400,2592.03,2625,2596.96,2623.62,367.59687254
1498392000,2601.77,2623.54,2619.04,2608.78,283.76450715
1498395600,2600,2610.35,2608.79,2605.72,223.25825108
1498399200,2578.46,2607.96,2605.72,2583,329.21345641
1498402800,2551.18,2583,2583,2559.16,665.17492873
1498406400,2557,2580.76,2557.04,2577.87,332.6107086
1498410000,2568.99,2595.22,2577.86,2587.04,396.05919409
1498413600,2517.65,2589,2587.04,2518.02,1366.70586269
1498417200,2464.01,2531.71,2518.59,2464.17,1611.08034716
1498420800,2464.01,2514,2464.01,2472.48,667.17932483
1498424400,2430.05,2483.97,2472.47,2468.66,956.79403628
1498428000,2447,2496.47,2473.43,2477.19,1212.45425103
1498431600,2470,2509.99,2477.19,2505.61,723.21495051
1498435200,2487.76,2521.53,2505.61,2521,929.20717332
1498438800,2503.49,2553.78,2521,2549.67,1019.92697634
1498442400,2525.97,2549.66,2549.65,2545.32,540.06349681
1498446000,2526.05,2552.45,2545.31,2550.6,352.48782207
1498449600,2503.51,2563.9,2552.09,2504.99,421.70259759
1498453200,2503.51,2529.33,2504.88,2516.59,390.88359428
1498456800,2475,2516.62,2515.26,2475.17,442.56604288
1498460400,2459.47,2504.6,2475.17,2498.69,456.88256927
1498464000,2447,2498.03,2497.63,2447,574.98008286
1498467600,2446.98,2524.69,2447,2522.98,583.84537022
1498471200,2487.97,2524,2522.91,2487.97,528.6557455
1498474800,2479.54,2502.22,2487.97,2480,443.87286103
1498478400,2456.89,2497.64,2479.86,2487.89,354.37976653
1498482000,2450,2497.22,2487.89,2455.21,666.82324325
1498485600,2430,2469.71,2455.21,2430,1041.02729103
1498489200,2342.09,2430.01,2430.01,2371.34,809.36132838
1498492800,2355,2403.42,2371.33,2397.23,535.00877351
1498496400,2369,2395.13,2395.13,2371.04,469.1201322
1498500000,2258.34,2372.83,2371.04,2299.98,2071.33574604
1498503600,2294.67,2348.2,2299.99,2320.03,1290.76206291
1498507200,2281.6,2370.73,2322.83,2349.08,1366.45222265
1498510800,2343.51,2415.14,2349.04,2387,2059.28023986
1498514400,2356,2416.31,2389.88,2416.22,1566.36415348
1498518000,2400.41,2439.99,2416.06,2407.91,1347.77286094
1498521600,2386.3,2431.22,2407.91,2402.85,1108.37011982
1498525200,2398.7,2439.78,2402.85,2437.46,663.18762725
1498528800,2434.68,2468.68,2437.99,2467.67,701.24460011
1498532400,2444.75,2470.12,2468.71,2449.99,501.70076279
1498536000,2407.34,2452.93,2449.98,2431.81,735.65809885
1498539600,2425.47,2456.37,2432.86,2444.25,299.27735308
1498543200,2400.31,2453.05,2444.38,2406.71,461.11202762
1498546800,2355.05,2406,2405.99,2368.3,606.40713351
1498550400,2350.05,2399.41,2369.23,2371.2,366.0940437
1498554000,2351.02,2400,2369.61,2380.01,310.75307569
1498557600,2373.87,2418.28,2380.01,2397.11,531.06286059
1498561200,2350,2399.74,2399.72,2361.52,1095.44176841
1498564800,2342.67,2390.82,2361.9,2370.57,967.45423679
1498568400,2316,2374.87,2368.88,2318.06,1093.86986424
1498572000,2275.05,2332.55,2319.59,2294.28,1837.94863969
1498575600,2280,2320,2294.13,2313.95,997.46308982
1498579200,2264,2324.69,2313.94,2306.37,1113.00271952
1498582800,2282,2344.38,2308.27,2340.88,884.81936564
1498586400,2316.23,2372,2340.88,2372,1181.0937627
1498590000,2370,2420.37,2371.1,2406.43,1349.70940989
1498593600,2409.62,2471.26,2409.62,2456.09,1189.45034993
1498597200,2422.13,2466.89,2456.09,2447.58,1016.58473859
1498600800,2446.2,2520,2447.57,2520,1524.21436383
1498604400,2480,2575.75,2520,2575.75,1615.59960876
1498608000,2521.49,2581.47,2573.22,2521.49,547.49056916
1498611600,2457,2526.99,2521.49,2457.05,1226.03900718
1498615200,2457.04,2507.24,2457.05,2472.64,394.99014214
1498618800,2472.58,2549.69,2477.04,2531.16,775.09103347
1498622400,2495.1,2536.47,2528.36,2498.59,521.81427955
1498626000,2475,2498.6,2496,2497.02,393.73850483
1498629600,2480.9,2500,2497.25,2494.78,419.69651586
1498633200,2494.77,2519.69,2494.77,2518.35,381.20078802
1498636800,2468.37,2524.68,2518.25,2490.17,531.85403634
1498640400,2486.24,2519.19,2490.16,2519,774.25583652
1498644000,2511.05,2533.68,2519.02,2513.8,518.1679019
1498647600,2501.63,2529,2513.8,2529,271.11020241
1498651200,2528,2550,2528.99,2546.62,712.11532466
1498654800,2543.59,2580,2546.62,2573.76,1564.60820261
1498658400,2540.98,2574.99,2573.54,2548.65,744.06153247
1498662000,2535.01,2568.2,2548.41,2546.62,632.75196929
1498665600,2515.51,2550.9,2546.76,2542,473.36480023
1498669200,2540.95,2562.5,2541.99,2553.21,700.14405823
1498672800,2540,2556.4,2553.71,2552.92,288.42392974
1498676400,2536.93,2571,2552.91,2570,530.99987005
1498680000,2562.56,2600,2570,2597.98,1155.12659314
1498683600,2579.31,2605,2597.98,2588.2,1229.90461169
1498687200,2534.07,2588.2,2588.2,2560.01,913.01458337
1498690800,2550.2,2577.23,2560.01,2553.12,540.99032815
1498694400,2545,2567.14,2553.13,2548.16,523.30691535
1498698000,2545,2566.34,2548.16,2555.69,427.39188219
1498701600,2546.69,2568.61,2555.69,2555.72,263.53618258
1498705200,2545,2571,2552.27,2568.65,485.54572871
1498708800,2556.65,2574.99,2568.65,2559.64,461.06556251
1498712400,2550.02,2564.94,2559.39,2550.02,347.11591878
1498716000,2548.28,2577.58,2550.02,2563.24,202.44416787
1498719600,2558.26,2568.32,2564.2,2565.82,327.41409012
1498723200,2565.82,2585.38,2565.82,2571.39,453.70435406
1498726800,2555.39,2583.55,2571.39,2566.93,269.41583389
1498730400,2532.2,2571.52,2565.77,2548.37,586.12790094
1498734000,2532.2,2548.21,2548.21,2548.03,349.15300336
1498737600,2506.1,2548.03,2548.03,2520.98,376.8276259
1498741200,2516,2544.3,2520.93,2537.09,290.37085189
1498744800,2536.07,2552.84,2537.09,2549.77,348.40904359
1498748400,2541.2,2558.08,2549.47,2555,311.44129228
1498752000,2554.02,2581.5,2555,2577.49,313.82605293
1498755600,2577.1,2591.98,2577.46,2588.05,584.36434591
1498759200,2560.02,2589.89,2588.05,2571.15,393.50156527
1498762800,2560.21,2575.99,2573.8,2571.56,362.26329928
1498766400,2550,2572.98,2571.52,2558.74,372.65039509
1498770000,2542.52,2570.03,2557.81,2556.21,314.62963433
1498773600,2541.49,2560,2556.21,2545.29,290.645924
1498777200,2525.77,2558,2545.89,2530,393.00944965
1498780800,2531.16,2550,2531.16,2550,331.33099262
1498784400,2533.94,2554.01,2549.99,2537.65,301.26053987
1498788000,2514.2,2545,2540.6,2517.38,587.74697807
1498791600,2500,2527.8,2517.38,2513.58,677.2677917
1498795200,2510,2530.49,2512.04,2527.99,411.87495026
1498798800,2504,2528.8,2528.8,2510.28,237.00580248
1498802400,2507.15,2519.51,2509.79,2514.9,151.29617896
1498806000,2504.11,2517.97,2514.89,2513.99,187.28071587
1498809600,2512.15,2537.38,2513.98,2519.77,305.38358702
1498813200,2519.37,2531.58,2519.37,2522.37,128.71801892
1498816800,2514.8,2537.49,2522.37,2536,368.59320606
1498820400,2536.79,2549.69,2537.48,2540.01,251.93054296
1498824000,2510,2542.25,2540.01,2510.76,249.02690593
1498827600,2472.61,2523.43,2510.72,2479,784.44257249
1498831200,2474.49,2502.07,2479.52,2502.07,420.82698953
1498834800,2496,2529.55,2502.07,2511.16,603.53531417
1498838400,2511,2520,2511.16,2519.15,535.48452105
1498842000,2510.59,2527.07,2519.15,2526.96,622.14854907
1498845600,2520.19,2529.6,2526.24,2521.05,266.16828025
1498849200,2478.06,2522.45,2522.44,2499.24,609.75430523
1498852800,2490.01,2502.8,2499.14,2498.1,874.86024887
1498856400,2460.84,2503.66,2498.12,2460.84,1313.21331215
1498860000,2453,2484.39,2461.88,2453.01,838.47685574
1498863600,2446.2,2460,2453,2455.19,803.33227663
1498867200,2452.23,2468.43,2455.19,2461.03,326.87190724
1498870800,2441.07,2469.33,2461.04,2441.11,387.24181775
1498874400,2428.03,2444.24,2441.09,2437.87,472.36332711
1498878000,2432.14,2445.15,2438.34,2436.11,303.63739865
1498881600,2430.8,2462.42,2436.11,2462.42,302.48812039
1498885200,2454.53,2471.68,2462.42,2464.41,438.15207052
1498888800,2460.2,2504.01,2463.56,2488.3,436.90620059
1498892400,2481.02,2509.29,2487.15,2506.99,335.07633578
1498896000,2493.16,2512.82,2506.99,2496.32,154.84770966
1498899600,2475.03,2515,2496.32,2497.02,298.64232966
1498903200,2483.39,2508,2497.15,2505.56,164.448392
1498906800,2495.12,2513.38,2503.88,2509.17,114.59906636
1498910400,2484.99,2512.87,2510,2488.43,157.55252284
1498914000,2454.4,2487.08,2487.08,2454.43,280.27667604
1498917600,2450.83,2473.93,2454.44,2459.35,291.00631412
1498921200,2450,2475,2459.35,2467.83,276.8231864
1498924800,2450,2469.99,2467.79,2460.01,330.00723193
1498928400,2428.03,2460.68,2460.01,2445.99,370.26488741
1498932000,2414,2455.86,2446.01,2425.94,539.62372422
1498935600,2406.44,2437.86,2424.92,2435.99,461.22259462
1498939200,2404.61,2438.95,2435.99,2408.25,673.22412189
1498942800,2401,2420,2408.25,2416.62,632.93228852
1498946400,2400,2425,2416.62,2424.99,344.87371603
1498950000,2414.8,2431.94,2425,2423.63,355.00685883
1498953600,2389.99,2426,2424.08,2391.87,566.35724777
1498957200,2385,2419.9,2391.85,2409.9,370.85921443
1498960800,2385.52,2411,2409.96,2407.81,387.75320447
1498964400,2397.63,2410,2407.78,2404.99,200.61201218
1498968000,2398.36,2412,2404.74,2412,202.25935558
1498971600,2411.99,2439.99,2412,2439.97,375.56912897
1498975200,2415.19,2439.99,2439.97,2421.55,138.81924796
1498978800,2418.33,2439.97,2421.88,2431.95,219.88886149
1498982400,2428.98,2461.99,2431.99,2461.99,308.04629054
1498986000,2450,2461.99,2461.98,2457.54,214.10084337
1498989600,2427.87,2457.51,2456.64,2436.07,98.16924454
1498993200,2427.76,2450,2434.6,2449.6,112.66611498
1498996800,2431.65,2450.03,2449.61,2440.87,100.99839142
1499000400,2429.9,2450.35,2440.86,2435.62,269.8442213
1499004000,2425.43,2444.29,2435.74,2442.99,221.07821374
1499007600,2443.18,2463.86,2443.28,2463.86,393.41878686
1499011200,2462.17,2479.25,2463,2475.74,435.07449098
1499014800,2474.23,2507.54,2475.74,2496.37,1217.18227977
1499018400,2490,2526.72,2498.96,2490.08,796.3481911
1499022000,2478.43,2506.11,2490.37,2492.61,649.87714252
1499025600,2488.01,2504.41,2492.79,2504.09,297.53303163
1499029200,2495.56,2525,2504.09,2525,604.23078561
1499032800,2506,2525,2525,2517.01,454.32108808
1499036400,2507.57,2545,2517.01,2516.66,463.28180957
1499040000,2499.2,2519.9,2515.37,2500.97,536.40291254
1499043600,2495.36,2501,2500.97,2500,449.02134523
1499047200,2490.32,2501,2500,2491.4,371.83952107
1499050800,2487.04,2497.67,2491.39,2490.83,330.7857162
1499054400,2487.04,2499.92,2489.42,2498.92,484.39811487
1499058000,2481.72,2499.99,2497.68,2497.61,660.14252292
1499061600,2490.56,2499.99,2497.58,2499.98,185.13886685
1499065200,2481.72,2502,2499.99,2481.72,297.38629104
1499068800,2481.72,2492.19,2482.44,2483.72,166.94185979
1499072400,2479.75,2493.77,2483.98,2489.09,181.48574872
1499076000,2480.11,2496.13,2489.06,2482.09,186.97585237
1499079600,2479.75,2502.3,2483.17,2502.3,377.00295348
1499083200,2502.05,2524,2502.3,2519.38,487.46340061
1499086800,2518.46,2570,2519.38,2560,753.51703091
1499090400,2539.37,2584.78,2560.39,2550,811.50825663
1499094000,2543.83,2576.45,2550.01,2569.98,543.25516929
1499097600,2555,2573.97,2569.98,2563,447.43041666
1499101200,2550,2564.92,2563.01,2552.37,372.56595182
1499104800,2526.83,2553.62,2551.64,2528.8,617.21540491
1499108400,2528.1,2548.02,2528.79,2547.43,332.4478358
1499112000,2547.16,2559.12,2547.43,2556.02,416.77446098
1499115600,2550,2559.99,2556.03,2559.98,386.00262742
1499119200,2552.01,2573.84,2559.99,2552.05,387.24161198
1499122800,2541.9,2557.15,2552,2542.41,262.88894901
1499126400,2542.18,2564,2542.41,2560.93,247.02910419
1499130000,2560.92,2570,2561.27,2566.27,279.14501501
1499133600,2566,2610.77,2566.26,2607.1,830.79317884
1499137200,2601,2625,2607.1,2616.28,1266.56244439
1499140800,2605.17,2625.47,2616.79,2620,467.04110467
1499144400,2611.3,2636.04,2620,2621,644.39687602
1499148000,2615,2628.15,2621,2625.9,329.46245957
1499151600,2621.02,2636.1,2624.9,2630.93,202.34861181
1499155200,2594.49,2630.93,2630.93,2594.49,345.53476322
1499158800,2593.86,2609.99,2594.49,2605.1,112.83630494
1499162400,2581.12,2605.12,2605.09,2594.83,143.89421423
1499166000,2595.09,2614.94,2596,2614.93,369.19850314
1499169600,2609.03,2621.57,2614.93,2616.22,256.14070559
1499173200,2610.07,2626,2616.19,2617.88,449.95570767
1499176800,2610,2621.01,2618.13,2612.72,495.71076518
1499180400,2577.88,2616.13,2611.36,2587,547.14497847
1499184000,2560,2587.06,2583.85,2570.25,1010.4241685
1499187600,2567.37,2595.89,2569.05,2594,489.30613758
1499191200,2579.56,2595.72,2594,2586.71,305.56030621
1499194800,2566.51,2588.24,2586.99,2566.51,318.24501875
1499198400,2563.02,2586.99,2567.88,2580.17,216.49403866
1499202000,2574.71,2590.05,2579.13,2582.36,442.74400143
1499205600,2579.41,2596,2582.37,2595.98,328.93980927
1499209200,2591.32,2611.45,2595.97,2602,581.65700438
1499212800,2577.51,2602.82,2602,2578.97,833.52843703
1499216400,2576.25,2593.51,2579.34,2584.27,394.04898469
1499220000,2571.36,2584.32,2583.93,2580.85,397.48117196
1499223600,2572.89,2587.64,2580.85,2576.12,301.49913931
1499227200,2559.01,2579,2576.11,2572.85,283.03042814
1499230800,2561.49,2572.47,2571.36,2571.76,260.02292685
1499234400,2555.34,2576.77,2571.76,2563.24,285.4559826
1499238000,2553.04,2567.07,2563.19,2558.37,304.65158696
1499241600,2552.37,2571.65,2558.44,2570.7,282.99829831
1499245200,2560.8,2574.57,2570.62,2568.4,192.24961472
1499248800,2567.34,2575.03,2568.39,2570.01,155.34990248
1499252400,2569.43,2578.93,2570.01,2572.06,213.96333063
1499256000,2555.72,2573,2572.41,2555.72,476.20623647
1499259600,2551.06,2575.72,2556.92,2574.62,873.8477715
1499263200,2556.68,2576.99,2574.4,2567.01,638.20890979
1499266800,2556.38,2575.75,2567.01,2573.91,417.40382075
1499270400,2570.71,2585.47,2573.91,2578.96,484.24471792
1499274000,2573.02,2598,2578.98,2598,445.00139287
1499277600,2593.24,2612,2598,2602.5,827.78148649
1499281200,2594.39,2624,2602.5,2623.79,458.31521976
1499284800,2604.1,2623.99,2623.79,2608.6,456.34660788
1499288400,2597.92,2615.15,2609.99,2615.15,430.77934678
1499292000,2611.64,2630.24,2615.14,2611.64,392.55195491
1499295600,2602.11,2620,2611.64,2616.96,378.66283443
1499299200,2608.93,2623.54,2616.96,2615.85,348.66007135
1499302800,2600.14,2615.85,2615.85,2603.01,393.31182852
1499306400,2603,2610,2603.49,2610,234.32905862
1499310000,2606.86,2617,2609.99,2616.99,245.4319466
1499313600,2606.22,2617,2616.99,2607.97,224.52370692
1499317200,2596.57,2609.93,2607.26,2600,217.51351915
1499320800,2597.23,2607,2600,2605.8,148.36871124
1499324400,2593.82,2609.1,2605.8,2608.09,356.81498131
1499328000,2601.22,2613,2607.88,2612.34,228.13346805
1499331600,2580.73,2614.93,2612.85,2585.05,492.41171721
1499335200,2582.96,2604.09,2585.01,2598.16,199.0356343
1499338800,2590.36,2603,2598,2602.98,297.2987367
1499342400,2597.44,2607,2602.98,2598.54,382.96729389
1499346000,2585,2600,2598.2,2591.6,380.24168601
1499349600,2585.23,2597.93,2591.88,2585.23,447.34277006
1499353200,2580.77,2590,2586.16,2583.95,518.45429268
1499356800,2580.69,2594.99,2583.94,2594.47,420.84327229
1499360400,2590,2598.96,2594.47,2594.05,413.29645115
1499364000,2590.95,2596.28,2595.35,2590.96,353.99476584
1499367600,2590.91,2600,2591.22,2600,358.6039845
1499371200,2593.2,2608.98,2600,2597.51,311.26260043
1499374800,2594.04,2599,2597.48,2598.44,427.49672039
1499378400,2590.76,2605.1,2598.45,2604.46,503.13891933
1499382000,2600,2605.5,2604.46,2604.84,304.52044033
1499385600,2600.26,2606,2604.89,2606,396.55933788
1499389200,2591.63,2606.52,2606,2602.6,407.3866174
1499392800,2590.02,2607.61,2602.91,2591.1,675.94417072
1499396400,2589,2597.75,2591.09,2597.31,348.98649772
1499400000,2589,2599.42,2597.32,2594.55,303.94958223
1499403600,2589.16,2596.89,2593.45,2595.53,166.19640786
1499407200,2576,2597.88,2595.57,2576.01,436.74365544
1499410800,2568,2576.57,2576.01,2575.71,486.19039556
1499414400,2567.52,2575.72,2575.72,2570.13,193.22423602
1499418000,2567.61,2574.49,2570.12,2573.32,117.11231269
1499421600,2572.09,2586.62,2573.31,2582.68,146.47350284
1499425200,2556,2582.76,2582.76,2556,373.34451079
1499428800,2532.62,2559.97,2556.03,2535.12,827.04216268
1499432400,2510,2539,2535.12,2517.1,378.62957608
1499436000,2505.26,2531,2517.1,2514.79,626.07999075
1499439600,2490.91,2526,2514.68,2525.33,633.41980499
1499443200,2515,2525.99,2525.98,2518.03,837.79922169
1499446800,2518.02,2529.99,2518.03,2528.99,637.14825071
1499450400,2501.1,2535.29,2528.99,2515.95,823.62292797
1499454000,2515.66,2529.95,2515.95,2527.99,343.82179243
1499457600,2515,2529.29,2527.49,2515,447.5929388
1499461200,2493.17,2523.51,2514.87,2494.81,502.37818134
1499464800,2473.12,2494.91,2494.33,2473.13,990.24842487
1499468400,2472,2502.03,2473.13,2501.15,540.88707169
1499472000,2485.98,2503.02,2501.15,2492.78,371.11286505
1499475600,2471.22,2493,2492.77,2476,544.20602197
1499479200,2476,2494.92,2476,2483.36,415.94725259
1499482800,2478.22,2501.18,2483.26,2500,432.58754251
1499486400,2500,2529.18,2500,2525.96,526.66827317
1499490000,2504.87,2529.99,2526.7,2517.11,277.87010447
1499493600,2491.19,2518.44,2517.01,2502.46,258.42442704
1499497200,2497.08,2523.95,2501.65,2498.58,227.65894756
1499500800,2492.29,2513.29,2500.78,2513.29,157.64866533
1499504400,2504.48,2518.64,2513.29,2514.9,76.89510844
1499508000,2506.45,2525.71,2514.9,2520,177.26810664
1499511600,2500.12,2521.31,2520,2508.25,151.77730929
1499515200,2509.07,2537.33,2509.65,2525.87,542.23606596
1499518800,2522.45,2529.44,2525.87,2525.48,285.97111864
1499522400,2521.48,2533.69,2525.74,2533.67,578.72553204
1499526000,2521.55,2533.35,2532.63,2526.18,354.14260519
1499529600,2523.07,2533.69,2527.43,2524.57,239.2938916
1499533200,2506.41,2524.59,2524.37,2509.02,355.11987449
1499536800,2509,2533.69,2510.51,2533.69,190.1762592
1499540400,2521.51,2549,2533.69,2541.86,266.24718874
1499544000,2540.23,2553,2542.93,2541.41,208.1301258
1499547600,2541.01,2547.48,2541.38,2541.67,167.93568836
1499551200,2541.07,2563.5,2541.67,2561.88,451.11641474
1499554800,2552.68,2561.75,2561.74,2561.11,612.72192395
1499558400,2560,2572.93,2560.84,2565.42,376.64763424
1499562000,2556.99,2566.95,2564.44,2564.37,226.82011525
1499565600,2555.01,2565,2564.27,2564.66,165.47246368
1499569200,2560,2569.83,2564.66,2566.99,272.21097105
1499572800,2566.13,2579.84,2567,2572.95,272.24959289
1499576400,2555,2572.95,2572.94,2559.39,287.42944732
1499580000,2548.5,2560.46,2559.99,2555.95,141.54839014
1499583600,2548.53,2557,2555.95,2549.65,94.54259756
1499587200,2548.5,2550.42,2549.65,2548.63,130.8162934
1499590800,2548.5,2556.28,2548.51,2553.98,179.66771541
1499594400,2550.02,2559.09,2553.32,2554.6,97.1535997
1499598000,2550.94,2559.46,2554.65,2553.34,99.11741255
1499601600,2548.5,2555.88,2552.6,2552.78,121.25500401
1499605200,2524.17,2557.24,2552.78,2552.33,442.14461138
1499608800,2551.06,2557.4,2551.12,2556.92,182.20588761
1499612400,2556.93,2567.43,2556.95,2561.8,281.59743114
1499616000,2553.62,2561.96,2560.74,2555.67,270.03132163
1499619600,2552.44,2555.7,2555.61,2553.79,214.86317677
1499623200,2539.42,2554.79,2553.78,2539.82,201.63992792
1499626800,2520.44,2543.62,2539.82,2542.72,386.89073693
1499630400,2537.36,2545.8,2542.72,2538.99,228.74105647
1499634000,2528.08,2539.95,2539,2535,221.42933442
1499637600,2512.37,2535.89,2535.33,2522.98,400.07632069
1499641200,2500,2522.99,2522.99,2508.99,352.88322733
1499644800,2495.5,2514.12,2508,2497.15,252.85255298
1499648400,2495.93,2517,2496.7,2517,268.41702472
1499652000,2495.78,2523,2516.95,2513.55,343.83357598
1499655600,2510,2513.8,2513.8,2511.02,98.98860972
1499659200,2499.3,2513.38,2511.02,2512.94,323.09508629
1499662800,2510,2517.3,2512.53,2516.73,106.46538456
1499666400,2509.63,2516.84,2516.27,2516.29,132.38878717
1499670000,2513.38,2520.99,2516.03,2515.91,229.13973636
1499673600,2513.38,2516.81,2515.6,2515,157.89691285
1499677200,2512.35,2520.79,2515.01,2517.83,140.30594532
1499680800,2508.25,2519.96,2517.83,2514.75,108.21087492
1499684400,2492.66,2515.14,2514.62,2494.88,357.64425647
1499688000,2460,2501.07,2492.66,2471.95,829.01765442
1499691600,2419.69,2481.23,2471.2,2430.73,583.72354512
1499695200,2376,2444,2430.82,2403.21,1730.80365939
1499698800,2369.71,2425.46,2404.11,2383.14,981.36065957
1499702400,2383.13,2429.85,2383.14,2412.81,742.3740869
1499706000,2401,2426.77,2412.81,2420.19,615.53513432
1499709600,2390,2420.19,2420.19,2399.22,880.21041328
1499713200,2397.11,2419.41,2399.22,2404.61,680.65716874
1499716800,2365,2409.06,2404.61,2390,757.3574046
1499720400,2330.05,2390,2389.96,2341.31,1574.30340891
1499724000,2315.24,2363.65,2341.31,2331.41,989.36306344
1499727600,2250,2348.98,2331.41,2331.05,2670.06014887
1499731200,2329.68,2377.42,2330.93,2363.43,1106.98035139
1499734800,2354.55,2377.85,2364.58,2373.38,845.64359752
1499738400,2325.52,2381.04,2373.36,2361.5,828.24071643
1499742000,2318.65,2368,2361.5,2333.3,703.69102599
1499745600,2290.94,2340,2333.3,2326.78,747.56010535
1499749200,2325.99,2352.14,2326.79,2331.47,592.67561359
1499752800,2265,2331.5,2331.5,2280,800.97994346
1499756400,2277.85,2350,2279.02,2345.59,734.41783487
1499760000,2324.55,2347.9,2345.59,2325.01,347.44780667
1499763600,2322.34,2362.9,2325,2362.9,490.4003273
1499767200,2342.85,2371.97,2362.89,2358.24,299.58086392
1499770800,2353.17,2374.99,2358.85,2360.1,403.0977738
1499774400,2359.98,2408.76,2361.23,2408.02,1057.11602953
1499778000,2351.84,2410,2408.7,2374.97,856.16515757
1499781600,2335,2377.04,2374.94,2368.96,592.0058934
1499785200,2360,2373.46,2369.02,2365.7,416.76196402
1499788800,2356.02,2368.96,2364.38,2360.5,678.37222674
1499792400,2355.62,2365.8,2360.5,2361.42,475.66651474
1499796000,2339.98,2362.27,2361,2346.82,394.98992942
1499799600,2309,2350.5,2346.82,2310.83,931.3266144
1499803200,2309.01,2337.23,2310.92,2333.01,533.77062273
1499806800,2324.14,2343.99,2333,2329.63,523.9436852
1499810400,2322.41,2356.73,2330.06,2341.45,520.12296783
1499814000,2300,2342.5,2341.45,2310.01,789.59308137
1499817600,2262.73,2310,2310,2281.8,689.67798802
1499821200,2260,2293.24,2281.79,2260.3,480.40033793
1499824800,2250,2268.89,2260.29,2255.49,844.14183593
1499828400,2254,2293.72,2255.49,2261.42,738.40583229
1499832000,2258.25,2322.03,2261.29,2311.11,712.24115363
1499835600,2290,2313.98,2311.11,2300.75,727.84168377
1499839200,2293.5,2311.15,2300.74,2303.08,351.76033781
1499842800,2291.28,2309.99,2303.08,2309.27,331.17793793
1499846400,2297.03,2328.62,2309.26,2323.6,472.13555109
1499850000,2323.56,2344.69,2324.11,2337,445.00308689
1499853600,2321.54,2343.52,2337.01,2338.54,247.06012251
1499857200,2331.33,2365.49,2338.49,2353.23,419.32557309
1499860800,2340,2365.12,2353.22,2341.99,440.29268721
1499864400,2340,2346,2340.7,2344.3,262.35455007
1499868000,2343.06,2355.96,2343.35,2354.99,505.20298056
1499871600,2354.13,2380,2354.99,2370.03,813.5644425
1499875200,2367.05,2393.95,2370.03,2393.62,737.28081519
1499878800,2383.24,2415,2393.62,2403.61,930.01447323
1499882400,2386.19,2403.61,2403.6,2400,544.79293935
1499886000,2391.01,2410,2400,2397.69,861.02734951
1499889600,2361.69,2403.94,2397.68,2378.52,556.20833324
1499893200,2350.05,2378.58,2378.58,2364.43,593.74624621
1499896800,2358.35,2382.14,2364.23,2376.99,557.30023784
1499900400,2357,2387.73,2376.89,2383.42,573.51547883
1499904000,2375.01,2393.4,2384.35,2383.62,409.23411094
1499907600,2377.26,2392.97,2384.36,2392.96,259.85402447
1499911200,2392.55,2404.99,2392.95,2404.99,277.37601348
1499914800,2404.71,2416.79,2404.99,2410,382.68983382
1499918400,2386.1,2410,2410,2387.13,421.03341018
1499922000,2377.72,2393.7,2387.09,2385,487.17358735
1499925600,2382.16,2385.01,2385.01,2384,275.70022447
1499929200,2371.04,2384,2384,2371.04,328.2590269
1499932800,2362.5,2379,2371.04,2378.65,472.43909925
1499936400,2371.12,2378.66,2378.66,2371.39,192.92178837
1499940000,2367.04,2378.46,2371.39,2373.01,261.78241538
1499943600,2370.54,2385.76,2373.01,2385.76,176.87539464
1499947200,2380.02,2389.95,2385.76,2380.02,255.81294623
1499950800,2356.04,2380.28,2380.27,2362.94,393.51608381
1499954400,2350.05,2370.65,2362.93,2367.54,420.65253282
1499958000,2320.52,2367.45,2367.45,2330.98,878.7806019
1499961600,2330.5,2341.39,2330.98,2340.01,552.95799691
1499965200,2308.14,2340.01,2340.01,2319.43,788.09083831
1499968800,2308.18,2339.19,2319.32,2326.28,555.96975773
1499972400,2312.64,2335.9,2328.13,2335.22,305.90392377
1499976000,2323.71,2339.19,2335.87,2338.6,377.11418343
1499979600,2320.95,2339.99,2338.6,2334.5,384.26296893
1499983200,2324.6,2347.88,2334.15,2345.24,423.93171813
1499986800,2336.83,2351.15,2345.34,2340,259.20695189
1499990400,2329.16,2349.03,2340,2336.67,349.88643322
1499994000,2312,2339.87,2336.67,2312.02,556.44879529
1499997600,2301,2312.67,2312.01,2301.83,359.95680925
1500001200,2301.08,2316.01,2301.98,2308.5,296.8308829
1500004800,2308.49,2326.23,2308.5,2323.34,372.0386232
1500008400,2320.13,2329.73,2322.22,2325.03,178.13100908
1500012000,2325.08,2340.92,2325.08,2340.39,259.8920423
1500015600,2337.11,2349.28,2340.39,2340,344.58094554
1500019200,2327.67,2342.18,2340,2337.38,162.244944
1500022800,2333.19,2340.01,2337.03,2335.42,192.45212037
1500026400,2327.01,2342.79,2335.02,2342.15,94.32413612
1500030000,2328.07,2342.16,2342.16,2328.09,124.72280725
1500033600,2268.91,2328.09,2328.09,2270,1228.08478577
1500037200,2265.68,2287.6,2269.99,2270.07,762.15364224
1500040800,2250,2270.87,2269.66,2269.79,1041.60332719
1500044400,2245,2281.1,2269.17,2246.49,786.96818204
1500048000,2187,2262,2246.22,2206.5,1600.10334585
1500051600,2178.92,2207,2206.48,2199.61,988.69713248
1500055200,2180,2219.69,2199.98,2217.41,695.21185365
1500058800,2195.06,2218,2217.42,2200,509.59266882
1500062400,2156.25,2200,2200,2162.02,793.57706188
1500066000,2150,2188,2161.96,2177.91,679.42347349
1500069600,2166.33,2210.07,2177.91,2203.01,515.94522753
1500073200,2200.58,2228.14,2202.98,2217.24,656.30756044
1500076800,2200,2224.82,2217.02,2211.5,463.04989191
1500080400,2185.32,2217.14,2211.5,2187.79,546.2334304
1500084000,2135,2187.79,2187.79,2136.68,681.88275637
1500087600,2100.59,2162.77,2136.68,2101.02,885.66997961
1500091200,2095.01,2145.34,2101.02,2130.03,827.36393001
1500094800,2093.93,2137.52,2130.03,2095,596.21437558
1500098400,2091.5,2127.14,2095,2106.19,495.80787829
1500102000,2056.55,2108.8,2104.89,2064.96,507.55689841
1500105600,2047.29,2084.41,2064.96,2065.71,485.11548219
1500109200,2053.2,2100,2065.7,2078.45,422.30817517
1500112800,2074.86,2103.49,2078.45,2095.35,206.93233704
1500116400,2058.85,2095.4,2094.33,2065.79,345.48835381
1500120000,2015.1,2065.79,2065.79,2041.98,898.17076789
1500123600,2016.27,2070.19,2041.98,2022.94,740.06206544
1500127200,1975.01,2022.91,2022.01,2011.26,1416.40940527
1500130800,1995,2043.88,2011.24,2031.1,1187.30359907
1500134400,2021.82,2073.95,2031.42,2055.96,723.34931029
1500138000,2052.07,2110.06,2055.96,2082.99,918.40975762
1500141600,2065.5,2097.41,2082.99,2076.07,489.54519945
1500145200,2070.4,2094.98,2076.18,2085.96,458.05522563
1500148800,2012,2085.96,2085.96,2012.98,776.6080438
1500152400,2001.03,2053.52,2012.01,2031,595.48328837
1500156000,2018.53,2055.95,2031,2026.65,526.32893548
1500159600,1964.31,2045.63,2026.65,1964.31,1141.33956007
1500163200,1933.96,1996.99,1964.33,1954.7,1527.17153204
1500166800,1941.54,2004.36,1955.44,1980.59,982.34939913
1500170400,1977.05,2030.52,1980.6,2018.45,447.1583196
1500174000,2012.71,2043.94,2018.46,2018.67,435.85676059
1500177600,1991.28,2028,2018.22,1998.95,513.27248585
1500181200,1990.28,2017.23,1999.01,1999.91,330.19859407
1500184800,1948.63,1999.92,1999.92,1984.86,1272.82152192
1500188400,1952.65,1987.78,1986.8,1956.31,433.80843069
1500192000,1950.63,1972.7,1956.32,1964.42,312.51852694
1500195600,1905,1964.43,1964.42,1905.5,715.18442419
1500199200,1900.01,1921.19,1905.61,1906.61,656.35659891
1500202800,1843.56,1906.64,1906.64,1843.92,1291.10419456
1500206400,1785.01,1858.27,1843.88,1785.01,1947.25113802
1500210000,1758.2,1928.03,1785.95,1890.96,1854.28264388
1500213600,1852,1898.67,1890.96,1875.53,1019.55585152
1500217200,1875.53,1919.99,1875.53,1886.52,739.70878939
1500220800,1887.96,1956.07,1889.98,1954.01,1017.46676557
1500224400,1912.97,1954.01,1954,1938.02,897.79615061
1500228000,1891.73,1938.2,1938.02,1904.17,1164.77590128
1500231600,1853.56,1903.99,1902.95,1854.27,1165.97719277
1500235200,1852,1904.98,1854.2,1866.15,817.22706158
1500238800,1852.06,1898,1865.23,1888.7,755.42625465
1500242400,1872.27,1921.91,1888.78,1921.91,744.56086816
1500246000,1891.07,1938,1921.91,1911.78,699.06333443
1500249600,1909.58,1939.95,1911.79,1936.96,735.75690009
1500253200,1923.95,1979.19,1936.96,1972.37,878.44966709
1500256800,1946.85,1978.71,1976.3,1947.4,835.2039976
1500260400,1921.22,1955.67,1947.4,1952.77,610.73147997
1500264000,1953.97,1974.99,1954.22,1972.98,425.12727874
1500267600,1956.43,1979.99,1972.98,1978,304.38848394
1500271200,1977.99,2029.64,1978,2028.48,966.6871034
1500274800,2024.51,2078.81,2028.47,2055.87,895.81068483
1500278400,2046.55,2090.16,2056.82,2068.01,706.00805824
1500282000,2039.95,2086.95,2067.85,2071.62,867.50549167
1500285600,2025.47,2073.33,2071.61,2028.44,1096.28006588
1500289200,1998.98,2050.69,2029.14,2006.71,637.40435685
1500292800,1976,2017.97,2005.66,2000,958.60354549
1500296400,1995.12,2021,2000,2007.98,616.26677901
1500300000,2007.99,2063,2007.99,2063,947.347772
1500303600,2045.01,2079,2063,2045.09,868.72735604
1500307200,2043.31,2067,2045.09,2057.99,506.93031361
1500310800,2057.45,2145.2,2058,2133.21,1692.70043497
1500314400,2116.94,2149.9,2132.45,2139.17,1067.39443465
1500318000,2111.21,2146,2137.21,2124,644.48506346
1500321600,2123.99,2186.75,2124,2174.6,1562.14036044
1500325200,2149.99,2189.8,2174,2156.51,1213.51076728
1500328800,2156.51,2200,2156.51,2200,974.7694307
1500332400,2198,2238.07,2200,2235.19,1424.53471115
1500336000,2186.65,2236.65,2235.14,2193.91,1149.51194542
1500339600,2146.79,2199.99,2194.97,2198.8,1067.45228481
1500343200,2170.3,2199.95,2198.79,2194.99,504.27218441
1500346800,2156.08,2198,2194.98,2164.49,542.58917802
1500350400,2134.37,2193.97,2164.49,2182.93,909.81133607
1500354000,2169.58,2228,2182.93,2223.27,690.05505804
1500357600,2219.9,2249.68,2223.27,2245.99,765.41475979
1500361200,2245.99,2276.76,2245.99,2253.1,1115.90319792
1500364800,2245,2272.47,2252.78,2245,357.94623428
1500368400,2216.02,2254.37,2245,2253.05,318.39892035
1500372000,2215.76,2252.72,2252.72,2241.46,393.27912114
1500375600,2237.86,2305.65,2241.11,2285.94,1066.42397743
1500379200,2276.32,2305,2285.91,2300,813.2915984
1500382800,2295.1,2322.78,2300,2319.9,956.98620097
1500386400,2315.72,2363.15,2319.89,2360.43,1746.32391288
1500390000,2336,2365.84,2361.36,2354.19,1920.16977767
1500393600,2278,2354.19,2354.18,2302.01,1439.67706941
1500397200,2285.81,2335.72,2301,2326.69,725.3792483
1500400800,2326.46,2354.32,2326.46,2341.97,841.95302271
1500404400,2338.9,2374,2342.71,2352.65,1779.46203413
1500408000,2347.05,2393.43,2352.99,2366.69,772.09898169
1500411600,2329.16,2365.23,2365.22,2349.96,1106.61406362
1500415200,2256.23,2349.87,2349.87,2281.22,1726.70516119
1500418800,2278.43,2317,2281.97,2308.15,1085.87487388
1500422400,2244.69,2308.22,2307.48,2263.27,680.23086413
1500426000,2246.21,2298,2263.19,2281.12,742.10635664
1500429600,2255.08,2287.51,2281.12,2279.99,603.16461816
1500433200,2279.99,2349.1,2279.99,2346.87,931.60872382
1500436800,2297.06,2346.82,2344.98,2323.24,707.85805091
1500440400,2316.97,2350.84,2323.24,2349.39,821.69482084
1500444000,2337,2370.06,2348.36,2348.33,725.99548731
1500447600,2340,2388.99,2347.63,2376.56,545.94082401
1500451200,2367.28,2396,2376.56,2372.79,489.98514358
1500454800,2344.58,2372.79,2372.79,2359.46,459.16011674
1500458400,2358.43,2379.3,2359.43,2363.9,359.1454215
1500462000,2340.05,2365.09,2363.44,2345.47,367.8031909
1500465600,2311,2344.66,2344.66,2322.46,651.59505526
1500469200,2289.16,2327.99,2322.99,2290,714.62969923
1500472800,2288,2342.59,2289.91,2340.08,1059.26262261
1500476400,2307.1,2347.98,2340.11,2315,871.46094803
1500480000,2275,2324.9,2315,2297.04,830.14900962
1500483600,2273.09,2308.82,2297.04,2279.83,505.12322387
1500487200,2264.01,2285,2279.8,2280.68,879.55677584
1500490800,2217.2,2283.2,2280.71,2217.25,1729.65913302
1500494400,2216,2255,2217.97,2255,1467.42420204
1500498000,2245.01,2282,2255,2259.45,1103.43143223
1500501600,2251.12,2279.42,2259.43,2261.4,524.85052184
1500505200,2242.63,2273.98,2261.4,2258.99,795.63987039
1500508800,2258.99,2279,2258.99,2274.25,648.99491027
1500512400,2271.76,2317.56,2274.25,2312.36,715.02315226
1500516000,2296.06,2335,2312.25,2328.26,801.86468804
1500519600,2316.43,2332.68,2328.61,2320.01,746.33875486
1500523200,2316.5,2326.99,2320.73,2319.43,576.2716474
1500526800,2317.5,2344.74,2319.51,2339.85,465.91818714
1500530400,2316,2349.22,2341.17,2318.55,391.94030669
1500534000,2302.05,2323.39,2318.55,2315.7,364.08616143
1500537600,2309.12,2329.48,2315.02,2329.48,290.59616788
1500541200,2311.69,2329.81,2329.48,2322.62,250.38386638
1500544800,2322.2,2339.39,2323.65,2332.79,487.35795685
1500548400,2332.25,2469,2332.72,2462.41,1503.52824903
1500552000,2427.54,2557.67,2462.35,2511.24,2848.20783699
1500555600,2502.25,2615,2511.24,2607.66,2294.16702387
1500559200,2552.79,2626.03,2604.69,2573.5,2341.19111314
1500562800,2573.5,2661.24,2573.5,2622,2087.6665223
1500566400,2584.25,2682,2622,2588.14,2020.30993037
1500570000,2584.11,2637.99,2585.67,2600.08,1516.17695025
1500573600,2565,2649.98,2600.88,2649.59,1373.78018881
1500577200,2628.08,2682.5,2649.53,2651.94,1647.65803906
1500580800,2650.4,2729.99,2651.92,2729.99,2505.07260315
1500584400,2700.73,2769,2729.99,2740,2139.90127185
1500588000,2739.99,2847.84,2739.99,2845.99,2281.18380073
1500591600,2741.01,2957,2846,2873.48,6211.68654542
1500595200,2681,2880,2873.45,2746,4249.71939369
1500598800,2743.09,2811.94,2746.55,2798.81,1504.37166292
1500602400,2700,2800,2798.81,2715.03,1969.97447588
1500606000,2653.2,2724.69,2719.28,2721.54,1447.69384528
1500609600,2678.42,2770,2721.54,2759.34,1082.48096223
1500613200,2732.21,2797,2759.34,2787.91,774.43316197
1500616800,2745.5,2794.83,2787.9,2766.66,799.81667118
1500620400,2726.85,2773.01,2766.66,2773.01,711.58382639
1500624000,2700.49,2773.01,2773.01,2705.31,411.47760621
1500627600,2703.86,2758.98,2705.41,2735.5,314.72422587
1500631200,2690.06,2735.11,2735.11,2690.77,307.20574981
1500634800,2690.05,2764.9,2691.46,2764.81,664.10297421
1500638400,2752.63,2798,2764.81,2797.87,709.85748704
1500642000,2752.55,2798,2797.75,2763.04,798.48729106
1500645600,2735,2770,2763.04,2746.63,435.35079183
1500649200,2714,2753,2746.67,2719.52,710.14786738
1500652800,2708.01,2743.23,2719.52,2727,524.70738556
1500656400,2665.04,2727.02,2727.02,2677.89,1246.42253226
1500660000,2632.37,2712.06,2677.9,2633.2,900.14690184
1500663600,2612.1,2651.71,2632.7,2626.47,953.62779751
1500667200,2608.27,2649,2626.48,2632.94,826.55271445
1500670800,2617,2646.27,2632.94,2632.9,595.41703491
1500674400,2622.33,2694.25,2630.41,2692.92,660.81922872
1500678000,2650.63,2699.69,2692.93,2657.45,463.06384134
1500681600,2646.95,2694.88,2661.05,2673.15,348.73701251
1500685200,2671.59,2719.12,2672.14,2702.09,491.96849596
1500688800,2690.97,2741.08,2702.1,2732.6,633.6437158
1500692400,2709.5,2734.03,2732.6,2714.9,270.36456746
1500696000,2698.01,2719.14,2717.68,2707.07,250.386376
1500699600,2707.05,2743.5,2707.05,2741.47,426.84948499
1500703200,2736.52,2757.15,2741.48,2752.15,244.08500288
1500706800,2739.92,2765.94,2752.15,2760.69,306.81368803
1500710400,2760.69,2797.52,2760.69,2789.48,620.0013123
1500714000,2789,2809.98,2789.48,2804,533.08386031
1500717600,2795,2865,2804,2840,570.46009932
1500721200,2802.16,2869.88,2840.01,2811.98,643.48923029
1500724800,2790,2824.95,2812,2809,447.82829272
1500728400,2740,2809.02,2809.02,2745.99,571.2976663
1500732000,2745.99,2780.49,2745.99,2769.99,380.9719356
1500735600,2758.14,2800,2769.99,2789.8,548.18590029
1500739200,2789.8,2834.8,2789.8,2825.01,874.37024723
1500742800,2804.11,2841.73,2825.01,2839.58,581.56955239
1500746400,2792.2,2839.59,2839.59,2792.2,582.74733311
1500750000,2785,2818.82,2792.2,2815.6,572.05054114
1500753600,2788.47,2820.47,2815.89,2801.99,485.07199143
1500757200,2801.99,2826.5,2801.99,2821,818.26730468
1500760800,2813.13,2832,2820.5,2824.4,590.98718676
1500764400,2805.59,2830.75,2824.44,2825.27,432.38683929
1500768000,2817.9,2848,2825.27,2846.91,550.51583015
1500771600,2826.5,2847.99,2846.92,2836.42,450.7067368
1500775200,2805,2836.41,2836.41,2808.12,467.54217575
1500778800,2808.12,2835,2808.12,2820.86,267.96745985
1500782400,2750,2832.91,2820.42,2810.59,1080.61640081
1500786000,2780,2825,2805.95,2790.99,457.03625021
1500789600,2782,2805.97,2791.04,2783.08,261.69715258
1500793200,2746,2783.52,2783.48,2746,484.15183387
1500796800,2736,2765.67,2746.01,2746.53,328.2966942
1500800400,2745.65,2781,2746.61,2761.79,243.23374924
1500804000,2715.17,2761.79,2761.78,2732.01,325.94052728
1500807600,2692.29,2738.48,2732,2708.09,521.0860332
1500811200,2691,2744.78,2708.09,2742.7,356.70422598
1500814800,2741.22,2758.47,2742.7,2755.99,360.93891354
1500818400,2753.73,2816.33,2755.99,2790.5,548.99377567
1500822000,2776,2800,2790.28,2789.37,245.02713705
1500825600,2765.05,2796.57,2789.38,2781.94,235.47393807
1500829200,2770.5,2805,2781.94,2779.95,352.89260993
1500832800,2770,2794.47,2780,2783.13,312.32593268
1500836400,2778.87,2788.49,2783.12,2783.6,282.79594271
1500840000,2775.7,2805.99,2783.52,2790.8,281.18460687
1500843600,2775,2791.97,2790.79,2777,229.63572001
1500847200,2720,2776.86,2776.85,2726.24,1234.1700154
1500850800,2726.22,2762.92,2726.22,2754.28,316.04108834
1500854400,2730,2765,2755.19,2765,350.55235184
1500858000,2761.5,2774.57,2765,2767.05,217.91957186
1500861600,2764.14,2776,2767.01,2776,206.15818216
1500865200,2751.74,2776,2775.75,2763.86,326.47072624
1500868800,2756.41,2765.01,2763.85,2763.02,234.49400819
1500872400,2726.8,2763.02,2763.01,2729.01,418.10658074
1500876000,2727.04,2754.13,2729.01,2732.24,190.19438686
1500879600,2728.83,2759.82,2732.24,2748.01,140.49929675
1500883200,2732.75,2759.99,2748.48,2758.95,208.48978297
1500886800,2758.94,2772.99,2758.94,2764.95,138.45163118
1500890400,2756.96,2770.45,2764.61,2764.96,84.67041179
1500894000,2761.54,2779,2764.2,2765,225.0508555
1500897600,2745.5,2770,2764.99,2766.57,462.28732601
1500901200,2760.1,2794.95,2766.57,2790.61,594.96763046
1500904800,2768.73,2799.2,2790.6,2781.88,437.47669678
1500908400,2760.07,2786,2782.2,2762,389.52413124
1500912000,2757.41,2769,2762,2760,425.83999758
1500915600,2729.02,2760,2760,2729.51,537.30251518
1500919200,2728.01,2744,2729.5,2739.86,595.34715039
1500922800,2729.35,2774.69,2739.86,2774.62,570.42285928
1500926400,2760,2774.68,2774.63,2760,256.45906578
1500930000,2748.91,2760.01,2760.01,2750.96,289.43521683
1500933600,2747.13,2762.97,2750.96,2760.68,527.96405717
1500937200,2755.01,2763,2760.01,2762.26,277.5606797
1500940800,2761.64,2782.44,2761.68,2771.63,615.91464587
1500944400,2751.96,2774.98,2771.69,2757.74,273.81143238
1500948000,2752.3,2765,2757.74,2755.87,380.70176536
1500951600,2748,2756.2,2755.87,2748.83,314.93059626
1500955200,2748.84,2767,2749.99,2762.01,222.95086555
1500958800,2759.76,2769.98,2762,2765.08,158.31868079
1500962400,2650,2773.96,2765.08,2688.57,1977.23668772
1500966000,2630,2690,2689.09,2668.13,848.98844414
1500969600,2651.22,2705,2668.12,2689.97,491.10508403
1500973200,2654.68,2700.65,2689.27,2659.9,359.37989593
1500976800,2588.04,2684.01,2659.9,2598.42,973.93909648
1500980400,2550.25,2599.78,2599.78,2567.11,1116.781225
1500984000,2521,2598,2567.42,2532,1253.43306387
1500987600,2516,2569.98,2530.8,2562.02,1209.796429
1500991200,2551.06,2598,2562.02,2570.01,1120.51428799
1500994800,2568.75,2590,2570.01,2576.01,432.99538271
1500998400,2526.88,2582.68,2576.01,2542.98,717.21759905
1501002000,2520.01,2561.39,2542.98,2555.05,598.92042054
1501005600,2500,2554.61,2554.07,2500.01,862.80042456
1501009200,2449.69,2500.01,2500,2477.54,1241.72767699
1501012800,2450,2491.68,2479,2462,1037.9015107
1501016400,2462,2577,2462,2564.02,1441.33576896
1501020000,2526.98,2566.17,2564.14,2543.31,1012.35920845
1501023600,2540.83,2567,2541.55,2564,532.76241503
1501027200,2564,2614,2564,2587.28,859.19176341
1501030800,2565,2587.97,2587.28,2569.4,403.57822642
1501034400,2489.26,2569.4,2569.4,2512.19,995.49621806
1501038000,2474.2,2530,2511.2,2514.66,837.4287465
1501041600,2508.14,2537.29,2514.66,2510.01,409.24724755
1501045200,2450,2512.04,2510.1,2480.03,888.8571507
1501048800,2441.21,2480.01,2480.01,2452.47,518.68555755
1501052400,2452.47,2493.5,2452.47,2484,294.75825639
1501056000,2476.48,2529,2484,2516,279.37047911
1501059600,2475.12,2518.37,2516.87,2502.21,200.21704133
1501063200,2496,2522.99,2502.21,2518.85,315.1006303
1501066800,2501.67,2551.47,2518.85,2536.26,284.6391233
1501070400,2523.95,2551.99,2536.27,2526.31,505.98079358
1501074000,2465,2524.21,2524.21,2475.01,582.03358269
1501077600,2461.05,2500.47,2475.01,2489.69,422.36255096
1501081200,2404.58,2489.39,2489.39,2429.99,1016.65450405
1501084800,2403,2447.55,2429.99,2432.21,932.30766513
1501088400,2430,2481.58,2432.21,2470.37,598.83577441
1501092000,2470,2494.19,2470.36,2474.01,376.07693439
1501095600,2465.83,2484.8,2474.01,2478,280.34264631
1501099200,2472.48,2497.97,2477.98,2497.94,384.43942517
1501102800,2449.02,2505,2497.94,2453.42,506.20998574
1501106400,2446.85,2499.99,2449.17,2499.99,428.18159496
1501110000,2499.05,2535.75,2499.99,2525.99,699.03864341
1501113600,2514.1,2541.2,2525.98,2531.79,307.04796956
1501117200,2531.78,2554.46,2531.79,2546.69,338.18577403
1501120800,2521.29,2547.54,2546.93,2536.14,326.63747263
1501124400,2520,2553.2,2536.13,2548,366.66518075
1501128000,2547.99,2583,2547.99,2564.82,438.48205065
1501131600,2543.79,2567.11,2564.81,2564,287.36916481
1501135200,2560,2564,2564,2561.19,132.35665892
1501138800,2535.59,2561.19,2561.19,2541.2,158.46832931
1501142400,2536.21,2552.2,2541.2,2552.11,119.63729092
1501146000,2550,2570.2,2552.2,2570.2,140.07777361
1501149600,2565.58,2600,2570.19,2588.91,496.34975178
1501153200,2569.9,2588.91,2588.9,2574.02,305.57359355
1501156800,2558.36,2578,2574.03,2565.61,499.47834212
1501160400,2560.25,2576.19,2565.54,2571.61,231.90157256
1501164000,2545.16,2573.33,2571.62,2545.18,380.49757824
1501167600,2528.77,2559.98,2545.18,2536,559.64625807
1501171200,2526.82,2569.7,2536,2560,746.18479428
1501174800,2556.55,2578,2560,2577.99,350.09015252
1501178400,2561.94,2578.99,2577.52,2569.51,363.65016426
1501182000,2553.33,2571,2569.5,2569.21,358.28684281
1501185600,2552.22,2585,2569.2,2584.99,530.10233436
1501189200,2584.99,2655.2,2584.99,2646.73,1441.9883934
1501192800,2634.6,2682.92,2646.72,2680.18,654.47628823
1501196400,2650.75,2686.2,2681.01,2664.99,501.37333435
1501200000,2664.99,2737.28,2664.99,2719.01,1154.09497684
1501203600,2690,2719,2718.99,2700.27,616.88255331
1501207200,2670,2702.15,2700.27,2677.82,698.20445922
1501210800,2658.52,2683.19,2677.89,2677.46,623.0802483
1501214400,2655.55,2678.76,2676.22,2656.98,466.5066666
1501218000,2656.87,2683.38,2656.95,2679.99,276.79920969
1501221600,2679.99,2693.05,2680,2682.99,235.76808054
1501225200,2675,2734.32,2682.01,2734.32,697.69149116
1501228800,2722.33,2777,2734.31,2760.08,804.03926989
1501232400,2741.2,2767.89,2760.08,2763.76,480.05730946
1501236000,2731,2764.89,2763.76,2755.18,643.75949995
1501239600,2751.01,2825.11,2755.19,2817.78,1681.45266457
1501243200,2772.44,2817.8,2817.79,2788.47,946.00260653
1501246800,2752.2,2800,2788.48,2763.19,954.72762565
1501250400,2763,2781.99,2763,2770.17,665.52644211
1501254000,2711.79,2770.16,2770.16,2744,1051.62389147
1501257600,2729.4,2780.98,2741.77,2759.53,911.71035765
1501261200,2741.8,2779.84,2759.53,2764.17,735.33417833
1501264800,2752,2765.71,2764.17,2759.99,480.9125422
1501268400,2730.01,2767.91,2759.99,2744.17,653.98617067
1501272000,2725.75,2749.94,2745.2,2749.93,489.21650658
1501275600,2743.6,2775.96,2749.93,2774.99,739.64961493
1501279200,2770.28,2803,2774.99,2783.64,946.66317263
1501282800,2777.37,2798,2783.41,2786.07,235.55720376
1501286400,2776,2790.99,2786.07,2780.21,165.7481534
1501290000,2747.69,2780.21,2780.21,2749.2,316.96192353
1501293600,2712,2749.23,2749.23,2729.02,574.90779636
1501297200,2680,2740.99,2729.02,2682.99,964.40189081
1501300800,2656,2709,2683,2698.46,704.78208377
1501304400,2698,2730,2698,2726.99,324.1178318
1501308000,2715.36,2750,2727,2740.61,288.32351183
1501311600,2723,2743.75,2740.15,2734.25,275.58297117
1501315200,2723,2744.28,2734.56,2744.28,100.05003924
1501318800,2728.1,2760.67,2744.28,2728.12,196.03464101
1501322400,2688,2735.84,2728.12,2708.78,309.57507274
1501326000,2679,2709.18,2705.22,2679.01,241.61155149
1501329600,2675.01,2706.69,2679.01,2705.05,258.58860988
1501333200,2680.67,2709.14,2705.07,2690.4,331.72547861
1501336800,2682.82,2694.41,2690.4,2686.07,289.90160087
1501340400,2683.87,2723.95,2686.07,2707.69,516.08119009
1501344000,2697.99,2708.23,2707.69,2699.25,545.32276886
1501347600,2697.99,2744,2699.16,2718.4,585.59536987
1501351200,2719.2,2745.94,2719.2,2745.94,582.15182764
1501354800,2728.59,2753.93,2745.94,2740.51,490.49846034
1501358400,2711.22,2741.62,2740.51,2728.16,383.90803229
1501362000,2711.24,2733.76,2728.16,2718.33,326.45424029
1501365600,2689.05,2717.2,2717.2,2699.6,617.89387353
1501369200,2699.61,2719.38,2699.61,2700.21,469.91332126
1501372800,2692.22,2729.75,2700.2,2700.01,442.17605225
1501376400,2700,2716.98,2700,2708.56,232.35100952
1501380000,2697.16,2711.76,2708.56,2700.8,189.1707951
1501383600,2689.39,2710.17,2700.59,2704.94,302.17896169
1501387200,2697.81,2708.19,2704.91,2707.98,174.66804743
1501390800,2500,2713.19,2707.97,2628.82,2878.71878312
1501394400,2569.81,2642.15,2628.82,2625.66,705.30566919
1501398000,2620.65,2644.49,2626.17,2639.88,207.70543594
1501401600,2623.62,2640,2639.88,2639.17,81.52919705
1501405200,2639.17,2659.2,2639.17,2642.81,151.75508001
1501408800,2631,2653,2644,2631.01,96.43918591
1501412400,2631,2668.24,2631.01,2667.25,203.00024863
1501416000,2662.23,2680,2667.26,2673.37,126.36932303
1501419600,2660,2673.51,2673.32,2670.14,127.01592875
1501423200,2670,2716,2670.2,2710,387.82647262
1501426800,2709.99,2730,2709.99,2729.01,358.36042391
1501430400,2700,2729.01,2729.01,2702.71,246.47711619
1501434000,2700.07,2713.86,2702.71,2706.07,185.28168512
1501437600,2706,2739.98,2706.04,2739.05,216.02583869
1501441200,2712.54,2739.07,2739.06,2713.89,296.91108415
1501444800,2713.6,2721.65,2713.9,2717.4,189.53804744
1501448400,2716.2,2729.2,2717.2,2726.36,246.03330554
1501452000,2718.01,2730,2726.39,2724.19,221.76362136
1501455600,2718,2725,2722.2,2723.99,193.58145536
1501459200,2700,2733.24,2723.99,2705.1,352.45005605
1501462800,2700,2709.09,2705.11,2701.18,760.24434115
1501466400,2700.02,2718.9,2701.08,2716.93,388.16996027
1501470000,2715,2721.9,2715.21,2720.69,427.08527278
1501473600,2710,2720.68,2720.68,2714.04,273.70507145
1501477200,2710.61,2728,2712.51,2727.26,230.61657378
1501480800,2716.64,2740.01,2726.93,2731.55,387.67915729
1501484400,2728.2,2749,2731.55,2732,220.25895848
1501488000,2731.21,2750,2731.63,2750,309.60290597
1501491600,2712.78,2750,2750,2726.06,295.19142154
1501495200,2724.06,2754.35,2726.05,2754.35,332.60481241
1501498800,2753.27,2781,2754.35,2781,373.08060335
1501502400,2780.99,2800,2780.99,2800,580.02727967
1501506000,2783,2800,2800,2783.38,326.90293966
1501509600,2756.24,2787.02,2784.09,2765.6,424.58294068
1501513200,2747.51,2777.75,2765.6,2773.44,509.68313838
1501516800,2765.96,2794,2775.2,2789.77,361.94472256
1501520400,2770.96,2794.17,2789.77,2778.19,458.15248118
1501524000,2773.15,2799.99,2778.18,2799.25,456.88819354
1501527600,2791,2850,2799.8,2845,882.29311618
1501531200,2841.57,2887.74,2844.82,2887.74,1136.68163456
1501534800,2840,2900,2885.74,2866.25,1198.55448027
1501538400,2841,2871.99,2866.43,2859.17,413.65025762
1501542000,2837.73,2867.68,2857.26,2856.88,362.12992188
1501545600,2816.01,2858.14,2856.89,2819.56,462.27011015
1501549200,2819.17,2856.69,2819.57,2848.94,374.64304746
1501552800,2837.75,2849,2847.5,2849,242.22377631
1501556400,2831.82,2863.89,2849,2862.91,371.31828097
1501560000,2827.86,2889.61,2862.27,2885,866.85982302
1501563600,2869.64,2925,2885,2902.1,571.81444668
1501567200,2860.86,2912.12,2903.54,2871.46,435.40756463
1501570800,2775,2879.75,2871.46,2776,513.12681802
1501574400,2689.8,2825,2776.03,2710.21,569.44494806
1501578000,2688.85,2783.15,2711.2,2740,418.01888276
1501581600,2738.6,2778.97,2740,2778.47,303.3137476
1501585200,2775,2825,2778.48,2824.16,398.65786576
1501588800,2703.89,2832,2824.99,2784.98,522.63205654
1501592400,2676.01,2790.42,2790.42,2765,453.81686773
1501596000,2727.65,2782.09,2737.86,2774.15,219.28574041
1501599600,2745.22,2774.15,2774.14,2759.62,183.11709583
1501603200,2740.1,2782.99,2758.2,2782.01,302.19461957
1501606800,2766,2790.81,2782.19,2768.27,256.99705734
1501610400,2750,2797.53,2768.27,2777.05,494.90096436
1501614000,2750,2782.25,2777.96,2780.66,472.31374033
1501617600,2747.2,2780.66,2780.66,2747.2,274.8399821
1501621200,2725,2750,2746.43,2725.99,375.01941113
1501624800,2707.23,2734.19,2725.81,2707.24,384.36827386
1501628400,2704.37,2738.02,2707.24,2732.59,306.38435439
1501632000,2700,2734.49,2731.6,2701.01,521.10501416
1501635600,2700,2722.97,2701,2722.96,390.94959366
1501639200,2719.2,2754,2721.2,2742.26,467.95466583
1501642800,2723.12,2744,2742.27,2734.2,183.7304185
1501646400,2731.24,2745.14,2734.2,2741.96,235.36626788
1501650000,2737.23,2757.52,2741.99,2741,300.42906897
1501653600,2732.5,2745.16,2741.01,2732.61,100.94599105
1501657200,2718.21,2736,2732.61,2718.21,158.50701845
1501660800,2710.84,2721,2718.2,2718.44,168.58267332
1501664400,2710.1,2738.99,2718.44,2735.21,133.24309105
1501668000,2712.44,2735.21,2735.21,2720,219.54502073
1501671600,2719.99,2758.06,2720,2753.2,309.27916206
1501675200,2727.37,2756.19,2753.19,2737.21,402.19536922
1501678800,2665.89,2737.21,2737.21,2675,853.3086818
1501682400,2675,2700,2675,2692.06,574.35804433
1501686000,2686.86,2702.48,2692,2699.08,418.01610148
1501689600,2695.2,2709.99,2698.47,2704,341.31280203
1501693200,2701.11,2715,2704.01,2705.97,618.86612743
1501696800,2703.32,2712,2705.97,2709.3,244.88599192
1501700400,2700,2713.6,2709.3,2700,322.3267458
1501704000,2683.2,2699.99,2699.99,2689.51,307.428637
1501707600,2650,2689.51,2689.5,2664.24,626.46250108
1501711200,2658.06,2699.9,2669.1,2692.71,326.73219424
1501714800,2679.01,2699.9,2692.45,2699.9,196.74419536
1501718400,2699.89,2717.93,2699.9,2717,386.64833977
1501722000,2700.93,2717,2717,2716.29,193.23468018
1501725600,2705.54,2716.3,2716.3,2711.6,197.0789514
1501729200,2712.19,2720,2712.2,2720,213.81364576
1501732800,2714.72,2720.1,2719.99,2714.88,186.75154949
1501736400,2708.4,2716.71,2714.88,2716.71,128.74412651
1501740000,2709.49,2719.81,2716.71,2712.28,115.4969635
1501743600,2712.28,2719.93,2712.28,2718.99,155.71027168
1501747200,2714.2,2719.93,2718.98,2719.93,153.79204563
1501750800,2719.92,2744,2719.93,2743.99,312.06767558
1501754400,2737.51,2743.99,2743.99,2739.01,152.80160928
1501758000,2732.94,2740.11,2740.11,2735.76,302.751507
1501761600,2720.2,2735.76,2735.76,2732.26,269.50246349
1501765200,2730.79,2740.95,2732.26,2734.64,429.36459604
1501768800,2729.4,2735.71,2734.57,2735,189.20711646
1501772400,2734.99,2758.88,2735,2758.88,428.83604852
1501776000,2752.64,2761.93,2758.88,2760.04,504.45209214
1501779600,2751,2764.36,2760.04,2751.96,326.75625319
1501783200,2751.71,2769.93,2751.99,2769.93,250.88601472
1501786800,2769.92,2795.15,2769.93,2789.99,678.2171379
1501790400,2777.06,2799,2790,2780,444.91317348
1501794000,2777.5,2789.28,2780,2779.99,415.81987223
1501797600,2779.98,2793.02,2779.99,2793.02,569.0811749
1501801200,2784.1,2798.92,2793.01,2787.02,420.03014741
1501804800,2787,2790.99,2787.05,2789.02,250.35315895
1501808400,2775.01,2789.16,2789.02,2779,437.83460477
1501812000,2775,2789.96,2779,2775,302.95689274
1501815600,2775,2786.55,2775,2781.2,208.52937099
1501819200,2768.75,2786,2781.21,2771.86,208.12374201
1501822800,2760,2782.99,2772.35,2782.99,247.46251777
1501826400,2779.06,2785,2782.99,2780.21,157.15233849
1501830000,2779.5,2805,2780.2,2805,303.55323285
1501833600,2798.54,2839.95,2805,2839.36,277.04769819
1501837200,2833.21,2851.55,2839.36,2840.45,365.85500034
1501840800,2830.51,2847.87,2840.45,2847.02,328.96577949
1501844400,2839.5,2869.87,2847.02,2839.5,394.31296788
1501848000,2838.7,2849.82,2839.5,2842,279.26460929
1501851600,2842,2853.99,2842.01,2848.27,302.03788769
1501855200,2848,2863,2848.28,2863,373.07575531
1501858800,2862.96,2877.79,2862.99,2863.6,420.5721766
1501862400,2848,2873.22,2863.6,2848,326.32158795
1501866000,2839.39,2857.13,2846.93,2852.98,300.75575353
1501869600,2833.96,2854,2853,2835.76,712.27273869
1501873200,2826.11,2841.54,2835.76,2826.65,382.76402842
1501876800,2826.65,2834.67,2826.65,2832,299.58118016
1501880400,2827,2840,2832,2839,307.27782766
1501884000,2838.99,2861.69,2839,2861.69,218.04922633
1501887600,2850,2868.11,2862.28,2857.34,310.86040363
1501891200,2857.34,2868.12,2857.34,2863.19,208.65694775
1501894800,2863.19,2883.54,2863.2,2873.15,455.44613218
1501898400,2871.8,2945.22,2871.8,2945.22,1105.07344122
1501902000,2945.01,3195,2945.21,3095.3,4261.01827283
1501905600,3050.01,3179.79,3095.3,3117.77,1780.87828864
1501909200,3075,3131.31,3117,3090.87,1158.19918171
1501912800,3090.17,3162.17,3090.17,3160,759.06814111
1501916400,3090,3160.01,3160.01,3099.16,633.57427414
1501920000,3095.55,3160.47,3099.17,3142.73,430.17293129
1501923600,3135.36,3200,3141.64,3151.81,839.20617517
1501927200,3147,3193.03,3151.82,3165.58,451.9816987
1501930800,3115.66,3165.59,3165.59,3125.01,430.64955359
1501934400,3119,3149.94,3125,3141.93,248.66482584
1501938000,3141.93,3169.96,3141.94,3162.11,360.09756123
1501941600,3157.88,3221.86,3162.1,3221.3,809.67588751
1501945200,3168.56,3221.3,3221.3,3191,719.06184443
1501948800,3191,3278.69,3191,3278.68,1078.56440976
1501952400,3257.76,3335,3278.69,3300.05,1473.86699797
1501956000,3243.08,3321.19,3300.1,3281.29,1005.69373006
1501959600,3240.01,3290.51,3281.28,3254.18,704.23841024
1501963200,3215,3276.91,3254.18,3231.41,589.98090041
1501966800,3155,3229.08,3229.08,3215.97,1200.19671877
1501970400,3211.02,3230,3215.97,3214.66,423.12795822
1501974000,3200,3243.69,3214.66,3243.49,487.50632846
1501977600,3232.07,3275,3243.5,3240.31,538.88486155
1501981200,3229.76,3270,3249.42,3229.77,329.2373129
1501984800,3195.79,3252.36,3229.77,3203.31,623.57788965
1501988400,3170,3204,3203.31,3199.62,456.42954136
1501992000,3185,3209.55,3199.63,3194.73,267.38209621
1501995600,3175,3197.49,3194.73,3189.02,319.21479585
1501999200,3189.02,3209.13,3189.02,3208.25,185.15016901
1502002800,3150,3208.25,3208.25,3169.48,295.47425068
1502006400,3150.01,3175.03,3169.48,3169.43,259.44877696
1502010000,3167.51,3196.69,3169.44,3172.38,201.09759425
1502013600,3151.09,3180,3172.42,3170.01,124.78900001
1502017200,3151.6,3186.5,3170.42,3155,118.11816757
1502020800,3155,3194.66,3155,3186.47,195.87976441
1502024400,3165.43,3191.83,3186.47,3174.52,286.44642854
1502028000,3170,3225,3174.5,3216.65,492.95891714
1502031600,3207.62,3228.2,3216.66,3222,359.62552039
1502035200,3220,3270,3222,3250,749.14777777
1502038800,3246.64,3270.1,3250,3260,478.67746713
1502042400,3250,3266.99,3260,3250.43,249.26384947
1502046000,3250,3269,3250.43,3256.36,238.51521257
1502049600,3256.37,3278.42,3256.37,3264.54,511.81125452
1502053200,3236,3264.54,3264.54,3259.99,506.84870601
1502056800,3249.25,3265,3260,3251.3,277.18418901
1502060400,3203.52,3251.3,3251.3,3222.22,601.03723922
1502064000,3210,3235.57,3222.22,3210.01,267.95236827
1502067600,3190,3220.37,3210.01,3201.2,322.12510288
1502071200,3196.81,3224.26,3201.21,3218.51,258.16688937
1502074800,3217.77,3234.03,3218.52,3234.03,227.71480255
1502078400,3214.37,3234.03,3234.03,3218.32,168.63658347
1502082000,3217,3238.27,3218.32,3238.05,122.06024782
1502085600,3230.42,3242.22,3238.09,3235,130.00346784
1502089200,3224.53,3240,3234.99,3232.32,117.90664593
1502092800,3229.6,3257.99,3230.12,3257.19,143.37555268
1502096400,3249.78,3274.96,3257.15,3268.75,213.51530696
1502100000,3263.53,3274.96,3268.1,3270,165.29311573
1502103600,3270,3350,3270,3341.41,818.70257095
1502107200,3341.41,3416,3341.41,3409.6,813.25122249
1502110800,3366.92,3410.88,3409.6,3398.01,756.96894125
1502114400,3353.54,3400.51,3398.01,3391.63,1027.08601387
1502118000,3372.57,3391.85,3391.73,3383.96,491.95111531
1502121600,3355,3388,3383.92,3380,617.82061802
1502125200,3353,3380,3379.99,3353.11,663.10510494
1502128800,3328,3361.99,3353.12,3331.32,568.98178314
1502132400,3331.46,3359.69,3331.75,3353.12,755.17737358
1502136000,3339.53,3358.5,3353.12,3340,952.19285781
1502139600,3340,3371.07,3340,3371.06,443.85293349
1502143200,3362.65,3395.66,3371.06,3395.66,616.74477461
1502146800,3382,3409.15,3395.66,3398.23,662.83080984
1502150400,3366,3398.23,3398.23,3369.7,482.95862425
1502154000,3369.7,3390.54,3369.7,3390.54,378.86585933
1502157600,3390.53,3420,3390.54,3419.99,823.79226108
1502161200,3419.99,3455.18,3419.99,3450.01,964.53496949
1502164800,3433,3478.8,3450,3464.66,774.25982766
1502168400,3413,3467.37,3464.64,3436.31,702.61884544
1502172000,3414.11,3453.35,3436.3,3441.01,387.86466829
1502175600,3431.31,3450,3440.87,3450,333.20318023
1502179200,3450,3489,3450,3483.24,418.48322233
1502182800,3420.87,3483.24,3483.24,3443.35,567.26399263
1502186400,3413.46,3450,3444.35,3413.46,346.99329881
1502190000,3408.33,3448.19,3413.45,3443.68,380.72456758
1502193600,3437,3461.45,3443.68,3439.38,389.37938096
1502197200,3368,3444.08,3439.57,3383.77,967.447508
1502200800,3369,3399.89,3383.77,3379.1,623.14540808
1502204400,3378.7,3401,3379.11,3384.66,612.13924481
1502208000,3349.91,3385.14,3384.66,3371.66,1079.50743117
1502211600,3371.66,3395,3371.66,3393.17,557.17538328
1502215200,3367.95,3400.9,3393.17,3399.99,684.5985349
1502218800,3395,3447,3399.99,3442.14,1338.89477983
1502222400,3435.81,3459.8,3442.13,3447.34,652.45922015
1502226000,3406.5,3451,3447.35,3436,1071.76513185
1502229600,3431.97,3455,3436,3455,702.20629767
1502233200,3414,3461.97,3455,3422.43,773.72474487
1502236800,3380.88,3428.29,3423.28,3380.88,775.90539233
1502240400,3370,3410,3380.89,3371.33,799.10542539
1502244000,3350,3409.29,3371.48,3400.9,652.14567229
1502247600,3370.01,3410,3400.91,3384.7,457.5037963
1502251200,3357,3395.93,3385.48,3357.01,491.68836762
1502254800,3354,3380,3357,3380,276.30125519
1502258400,3380,3402.59,3380,3402.58,170.82111642
1502262000,3385.02,3409.02,3402.58,3405.9,367.48173216
1502265600,3377,3410,3406,3383.73,361.58799058
1502269200,3355,3386.68,3383.73,3355,347.57785953
1502272800,3260,3355.01,3355,3299.87,1070.08499065
1502276400,3257.13,3313.99,3299.87,3311.99,709.82984393
1502280000,3288,3326.93,3311.99,3311.5,483.85008869
1502283600,3288,3313.05,3311.5,3292.38,342.01209635
1502287200,3232.62,3291.49,3291.49,3242.11,1173.31988316
1502290800,3242,3297.8,3242.21,3285.06,485.1089628
1502294400,3276.07,3318.19,3285.01,3309.82,598.50200868
1502298000,3303,3321.99,3309.3,3321.99,425.90488067
1502301600,3313.23,3324.12,3321.99,3320.49,366.77504589
1502305200,3313.84,3336.6,3320.49,3333.34,457.40031681
1502308800,3330.21,3375,3333.35,3361.7,702.6904702
1502312400,3351.08,3361.7,3361.7,3353.78,458.30610038
1502316000,3300.01,3359.84,3353.78,3300.02,650.84214088
1502319600,3300.02,3359.85,3300.02,3342.8,451.40083386
1502323200,3329.28,3352.89,3342.8,3334.62,254.73085039
1502326800,3334.65,3359.86,3334.86,3354.71,312.39566348
1502330400,3331.65,3354.81,3354.71,3335.7,314.85840087
1502334000,3317,3341.42,3335.69,3330.92,268.11596751
1502337600,3324.25,3341.03,3330.93,3340.5,166.73659964
1502341200,3336.01,3371.79,3340.51,3370.01,271.16395839
1502344800,3361.29,3371.94,3370.01,3362.01,147.19510238
1502348400,3361.35,3394.78,3362.01,3394.75,280.00714803
1502352000,3383.28,3397.8,3394.75,3397.8,223.94221762
1502355600,3397.8,3423,3397.8,3412.49,319.71659309
1502359200,3389.02,3415,3414.95,3391.03,310.41257963
1502362800,3391.02,3412.67,3391.03,3400.44,198.61099181
1502366400,3387,3400.45,3400.43,3394.17,376.96063664
1502370000,3393.2,3400.59,3394.17,3400.59,285.0045096
1502373600,3399.5,3440,3400.68,3440,639.71645713
1502377200,3430,3446.99,3440,3444,518.41093677
1502380800,3429.01,3445.91,3443.99,3430,454.91026723
1502384400,3411.99,3429.99,3429.01,3421.12,720.46723093
1502388000,3402.6,3421.74,3421.13,3411.85,485.79623835
1502391600,3402.18,3426.4,3411.85,3418.62,598.96033038
1502395200,3401.5,3428.3,3418.62,3424.49,640.59333874
1502398800,3424.49,3441.1,3424.49,3427.9,616.01954972
1502402400,3408,3441.1,3427.91,3441.09,502.12347358
1502406000,3433.1,3448,3441.09,3444.98,441.51010674
1502409600,3428.59,3448.39,3444.98,3433.22,446.16063622
1502413200,3416.86,3439.68,3436.75,3436.96,441.79616598
1502416800,3436,3448,3436.96,3447.74,319.75240098
1502420400,3440.01,3453.1,3447.76,3450,361.8714727
1502424000,3450,3455.99,3450.97,3455.99,272.91548027
1502427600,3455.97,3490,3455.98,3481.55,494.44952947
1502431200,3467.95,3488.87,3481.61,3472.23,342.29969008
1502434800,3472.22,3498,3472.23,3495.35,352.69259646
1502438400,3481.53,3498,3494.95,3495.36,286.60041378
1502442000,3493.65,3499,3495.36,3498.98,293.44605653
1502445600,3485.42,3499,3498.95,3488.85,227.45743026
1502449200,3487.08,3515.9,3488.85,3515.9,370.19546026
1502452800,3501.02,3545.32,3508.45,3544.58,911.21362654
1502456400,3528.01,3550,3544.58,3548,766.67351133
1502460000,3537.98,3555,3548,3537.99,609.14997691
1502463600,3537,3551.28,3537.99,3546.21,439.13271726
1502467200,3525,3548.8,3546.22,3525.9,878.673786
1502470800,3519.26,3542.3,3525.9,3541.99,708.63992034
1502474400,3538,3543.89,3541.99,3543.01,712.83249326
1502478000,3531.54,3543.65,3543.01,3543.65,542.73752308
1502481600,3542.99,3578.99,3543.64,3578.61,832.50912991
1502485200,3578.61,3642.81,3578.61,3623.5,1584.43197685
1502488800,3594.52,3685.13,3623.5,3683.99,1522.20654866
1502492400,3641.55,3725,3684,3656.15,1597.91381815
1502496000,3650,3687.86,3656.14,3650,1052.65069036
1502499600,3624.87,3660.78,3650,3630.04,655.85065125
1502503200,3622.87,3656.66,3630.04,3644.61,534.11886973
1502506800,3643.77,3675,3643.78,3674.84,539.26738323
1502510400,3674.8,3735,3674.85,3735,449.56951309
1502514000,3700.11,3736,3733,3722.99,607.76022656
1502517600,3723,3796.64,3723,3768,1096.4878656
1502521200,3750,3829,3770,3804.04,1092.85685036
1502524800,3746.1,3805.01,3804.04,3789,428.74072428
1502528400,3766.83,3819.18,3789,3817.07,300.87735187
1502532000,3813.33,3839.49,3817.03,3823.13,329.92469948
1502535600,3801.99,3840.61,3823.13,3835.07,321.39830658
1502539200,3774.26,3837.25,3837,3803,478.77006816
1502542800,3785.51,3803,3803,3799.59,344.80937442
1502546400,3797.01,3814.43,3799.59,3805.68,731.99179793
1502550000,3805.68,3899,3805.68,3886.66,1698.55407913
1502553600,3850,3974,3886.7,3851.91,1859.70302836
1502557200,3831,3916.9,3851.9,3890.15,1410.78590787
1502560800,3860.2,3934.36,3890.15,3890.1,905.71479849
1502564400,3875.01,3910,3894.99,3896,633.32234241
1502568000,3736.03,3896.01,3896.01,3807.65,1384.92811968
1502571600,3776.24,3845,3805.55,3817.45,947.74278322
1502575200,3809.89,3850,3817.44,3845.82,449.69486368
1502578800,3831.98,3892.17,3845.82,3874,716.62306016
1502582400,3873.99,3945,3874,3936.98,1028.44503891
1502586000,3936.98,4080,3936.98,4014.63,3488.44862132
1502589600,3970.95,4086.61,4014.63,4086.01,1770.10559831
1502593200,4028,4126.7,4084.01,4056.2,1572.33772273
1502596800,3995.45,4096,4056.2,4060.24,721.82335096
1502600400,3942.31,4061.5,4060.5,4027.49,1159.38080325
1502604000,4019,4148.96,4027.48,4139.99,499.01105114
1502607600,4116.41,4172.01,4138.96,4159,856.93759837
1502611200,4108.19,4200,4159,4185.72,1302.05937854
1502614800,4111.64,4199.99,4185.72,4125.71,713.42004448
1502618400,4005,4125.72,4125.71,4120,595.39195368
1502622000,3946.21,4120,4120,3998.92,699.01013725
1502625600,3850,3999,3998.93,3900.77,1135.643652
1502629200,3852.28,4020,3900.77,4000,741.66074515
1502632800,3950.02,4000.61,4000,3984.02,494.5309994
1502636400,3969.87,4060,3984.02,4032,817.36061653
1502640000,4013.96,4094.99,4031.99,4062.63,585.29315348
1502643600,3980.93,4077.48,4062.63,4000,851.53187789
1502647200,3999.99,4075.46,3999.99,4060.01,655.34868472
1502650800,3962.07,4060.01,4060.01,3979.3,732.6146602
1502654400,3979.29,4040.02,3979.3,4016.01,1083.07127183
1502658000,4017.36,4125.78,4018.99,4107.49,823.26520587
1502661600,4085.11,4125.76,4105.23,4100.35,652.70322546
1502665200,4050.01,4100.41,4100.32,4060.47,542.74659423
1502668800,4060.47,4113.88,4060.47,4079.99,543.85530211
1502672400,4079.98,4099.98,4079.99,4087,402.14552199
1502676000,4060,4099.99,4087,4077.53,792.79386951
1502679600,3985.01,4079.23,4077.07,3996.29,812.1603866
1502683200,3986.68,4049.96,3996.29,4041.54,308.1628026
1502686800,4024.58,4059.2,4041.53,4030.58,278.59716562
1502690400,4030.58,4075,4030.59,4075,350.04541875
1502694000,4070.03,4094.34,4075,4070.8,321.4291466
1502697600,4070.8,4142.7,4070.8,4133.86,614.96487126
1502701200,4127.67,4195,4133.86,4195,675.38980272
1502704800,4156.04,4216,4195,4190.12,785.6427816
1502708400,4131.04,4207.9,4190.08,4165.01,459.41296664
1502712000,4139.02,4209,4165.01,4200,544.05860719
1502715600,4194.23,4275,4200,4250.09,1376.97225405
1502719200,4245,4297.41,4250.1,4263.3,1563.99607337
1502722800,4200,4309.97,4263.82,4247.01,1536.58929985
1502726400,4220.23,4289.98,4247.01,4289,1061.58197783
1502730000,4257,4328,4289,4291.74,1794.94760622
1502733600,4277.49,4302.24,4291.74,4289.1,1125.71246549
1502737200,4216.03,4289.1,4289.1,4224.99,1344.95424075
1502740800,4221.28,4271.99,4224.99,4262.99,615.94265521
1502744400,4257.91,4291,4262.99,4290.63,904.15988637
1502748000,4205.01,4291,4290.09,4256.99,909.08693824
1502751600,4250.86,4324.98,4256.99,4320.6,937.35992784
1502755200,4320,4369.69,4320.53,4354.88,1254.94183921
1502758800,4325.62,4369,4354.89,4369,1023.7289012
1502762400,4363.05,4420,4369,4407.95,1449.69329341
1502766000,4384.78,4434.42,4407.96,4412,986.29845125
1502769600,4344.01,4428.44,4412.01,4369.76,1339.22529519
1502773200,4369.01,4391.66,4369.77,4384.82,408.27994369
1502776800,4203.04,4384.82,4384.82,4251.99,1555.56474836
1502780400,4235.61,4305.65,4252,4305.65,562.8452597
1502784000,4210.98,4333.97,4305.65,4230.03,611.61730276
1502787600,4095,4261.81,4231.02,4146.04,1487.20451676
1502791200,3944.65,4146.04,4146.04,4063.35,2335.54264875
1502794800,4014.38,4160.52,4063.35,4137.58,970.58318449
1502798400,4032.68,4154.26,4137.58,4069.56,1086.04331461
1502802000,3955,4089.96,4069.56,3968.5,1352.3432187
1502805600,3807.14,3968.8,3968.5,3905,3875.44073978
1502809200,3880,4054.97,3905,3989.78,2063.78696736
1502812800,3960.01,4094.13,3989.81,4084.03,1317.09708744
1502816400,4057.56,4123,4084.03,4111.53,1480.05295695
1502820000,4059.01,4182.69,4111.53,4082.83,1711.81157223
1502823600,4035.49,4104.98,4084.42,4057,1140.7807718
1502827200,3985,4071.62,4057.01,4071.6,1160.23760625
1502830800,4057.6,4156,4071.6,4138.37,1035.04913928
1502834400,4138.36,4212,4138.37,4185.2,1139.30448781
1502838000,4142.08,4195.24,4185.2,4159.93,670.68830854
1502841600,4115.04,4200.36,4159.93,4135.69,836.48715387
1502845200,4056.87,4167.49,4135.7,4150.99,1021.27857896
1502848800,4029.35,4152.06,4150.02,4039.19,709.72255268
1502852400,4039.99,4094.98,4040,4072.86,462.94854496
1502856000,4033.97,4077,4072.8,4049.46,481.69622576
1502859600,3959.52,4049.48,4049.48,3988.17,889.3578709
1502863200,3928.82,4065.21,3988.17,4051.88,841.24110888
1502866800,4051.89,4114.9,4051.89,4072.6,505.74473358
1502870400,4053.3,4169.95,4078.41,4164.5,515.82205993
1502874000,4117.89,4165,4164.51,4141,263.67395138
1502877600,4089.94,4155,4141,4090.02,313.72593286
1502881200,4061.71,4102.4,4090.02,4079.77,426.84559774
1502884800,4040.01,4131.59,4079.77,4129.88,584.82399238
1502888400,4102.48,4130.42,4129.92,4128.84,482.43283576
1502892000,4099.26,4129,4128.84,4117,507.37037446
1502895600,4116.99,4330.89,4117,4304.99,2243.66102617
1502899200,4275,4373.99,4305,4293.53,1415.40242046
1502902800,4272.77,4320,4296.98,4285.02,636.097687
1502906400,4254,4302.89,4285.02,4302.85,952.85088784
1502910000,4279,4310.09,4302.85,4301,865.40986593
1502913600,4302.19,4349,4302.2,4348,850.59696127
1502917200,4305,4349.98,4348,4314,874.97328033
1502920800,4282.98,4325,4314.31,4324.99,555.43570784
1502924400,4320.54,4385.5,4325,4370.01,732.0268554
1502928000,4334.02,4397,4370.01,4355.23,1065.41793772
1502931600,4305.6,4374.05,4355.23,4337.7,578.29286654
1502935200,4302.84,4337.7,4337.7,4333.01,543.89727198
1502938800,4232.44,4335.08,4333.01,4280.01,871.84293607
1502942400,4238.01,4320,4280.01,4303.06,436.5598716
1502946000,4273.32,4325.88,4303.06,4314.8,348.65213568
1502949600,4300,4326.97,4314.77,4310,275.72170485
1502953200,4286,4340,4310,4340,430.55647153
1502956800,4338.7,4360,4340,4355.7,366.78525494
1502960400,4354,4440,4355.7,4440,1189.82576661
1502964000,4415.67,4458.3,4440,4455.01,428.70751156
1502967600,4413.29,4469,4455.02,4415.01,473.94526848
1502971200,4405.52,4443.59,4415,4431,468.34377125
1502974800,4425,4467.98,4431,4467.98,569.96514626
1502978400,4437.65,4469,4467.98,4456.45,916.71354073
1502982000,4350,4457.91,4456.45,4350.63,1116.11026919
1502985600,4254.1,4360.82,4350.64,4346.01,2350.9349396
1502989200,4255,4350.96,4346.01,4268.02,1286.94296047
1502992800,4203.12,4288,4269.52,4234.25,1905.88979682
1502996400,4180,4319.99,4234,4315.62,1485.05391993
1503000000,4246.93,4336,4315.62,4323.25,1003.63194163
1503003600,4313.16,4360.32,4323.25,4313.41,745.9455929
1503007200,4295.01,4339.02,4313.41,4320.01,532.60562968
1503010800,4275.01,4342.25,4320.01,4280.01,588.54909902
1503014400,4260.9,4322.14,4280.01,4260.91,476.47856106
1503018000,4200.35,4266.73,4260.91,4253.33,1148.34056869
1503021600,4250,4275,4253.33,4271.8,564.69855211
1503025200,4260.01,4297,4271.8,4269.99,309.57565311
1503028800,4240.79,4290,4269.99,4278.83,506.50501829
1503032400,4276.92,4319,4278.97,4295.11,577.80312687
1503036000,4266.08,4312.14,4295.06,4282.64,487.3834911
1503039600,4265.03,4304.28,4282.6,4300.25,317.92207633
1503043200,4259.99,4304.5,4300.25,4280.05,251.646267
1503046800,4280.05,4299.99,4280.05,4299.99,230.28844594
1503050400,4299.98,4350,4299.99,4339.21,455.40669189
1503054000,4306.88,4345.42,4339.21,4318.83,310.51917004
1503057600,4293.79,4341,4318.71,4309,359.74210915
1503061200,4260.84,4310,4309.01,4280.75,479.55301127
1503064800,4227.97,4280.75,4280.75,4255.01,1122.87793387
1503068400,4211.92,4255.01,4255.01,4233.01,643.35299449
1503072000,4233,4271.91,4233.01,4244.48,658.0572275
1503075600,4130.05,4244.99,4244.48,4199.38,1782.71002235
1503079200,4101,4200,4199.35,4109,967.58429357
1503082800,4025,4121.69,4108.99,4121.67,2563.55323438
1503086400,4005,4121.67,4121.67,4014,1777.09961261
1503090000,3960.47,4067.66,4013,4064.87,2270.41393882
1503093600,4064.85,4142.19,4065,4110,1681.10194271
1503097200,4085.22,4111.14,4110,4101.72,880.43747239
1503100800,4101.71,4178.86,4101.72,4167.42,1081.7919132
1503104400,4140,4183.39,4167.39,4145,508.51989573
1503108000,4137.58,4175.68,4145,4175,361.64419822
1503111600,4118.49,4175,4175,4127.04,344.71683908
1503115200,4112.01,4149.99,4127.04,4112.47,277.70098237
1503118800,4062.62,4127.15,4112.47,4090.03,342.162803
1503122400,4019.83,4097,4089.93,4019.84,324.47742165
1503126000,4000,4086.52,4019.84,4086.52,435.45086768
1503129600,4029,4091.26,4086.52,4042.83,245.8966646
1503133200,4030.59,4122,4042.83,4093.32,192.09604466
1503136800,4029,4096.91,4093.27,4058.19,314.66944443
1503140400,4001.07,4061.95,4058.19,4026.5,468.13896396
1503144000,4008.26,4150,4026.5,4126.95,572.73064486
1503147600,4078.8,4138.34,4126.95,4080,458.10344322
1503151200,4068.35,4100,4080,4070.01,373.81403257
1503154800,4011.07,4088.72,4070.03,4041.02,623.56356911
1503158400,4015,4077.55,4041.02,4040.07,565.43629224
1503162000,4040.02,4081.95,4042.02,4071.96,487.35484766
1503165600,4065,4099.75,4069.88,4099.75,395.26457655
1503169200,4076.89,4100,4099.75,4098.4,383.68604147
1503172800,4086.22,4129.98,4098.4,4128.76,547.66113565
1503176400,4125.1,4154.8,4128.76,4125.26,450.09696559
1503180000,4125.25,4171,4125.26,4156.8,369.45731589
1503183600,4155.1,4186.1,4156.68,4157.41,378.30592125
1503187200,4082.16,4157.43,4157.41,4120.21,660.75887707
1503190800,4048.94,4120.23,4120.21,4098,665.63221802
1503194400,4082.34,4118,4098,4108.12,194.50417002
1503198000,4078.48,4118.41,4108.12,4090.32,150.2061638
1503201600,4090.31,4101.6,4090.32,4098.99,140.56345217
1503205200,4095.15,4124.99,4098.99,4097.57,213.45061142
1503208800,4092.36,4107.05,4095.6,4098.55,194.02293176
1503212400,4096.24,4137.99,4098.04,4135,418.54657544
1503216000,4125.34,4137.95,4135,4137.95,172.06785189
1503219600,4089,4137.95,4137.95,4110,156.59187024
1503223200,4085.99,4127.46,4110,4086,140.8702213
1503226800,4052.3,4091.69,4086,4090.63,333.99898084
1503230400,4074.92,4115,4090.63,4114.03,270.95316564
1503234000,4065.45,4114.74,4114.03,4087.2,216.94697517
1503237600,4070.8,4097,4087.18,4094.74,201.55066259
1503241200,4071.47,4097.51,4094.74,4097.51,293.7641005
1503244800,4080,4102,4097.51,4100.99,406.69592728
1503248400,4091,4114.28,4100.99,4103.27,437.1172065
1503252000,4097.33,4132.39,4107.56,4132.39,310.01206177
1503255600,4132.39,4190.21,4132.39,4142.35,687.12176949
1503259200,4110.51,4146.01,4143.58,4125.01,333.71255848
1503262800,4112.89,4134.99,4125.02,4134.49,194.49620519
1503266400,4130.64,4148,4134.49,4144.92,241.46740592
1503270000,4044.52,4144.87,4144.78,4050.99,1296.82039629
1503273600,4050.99,4084,4050.99,4084,441.99950167
1503277200,4071.01,4089.99,4084,4078.28,298.59158653
1503280800,4045,4081.27,4078.28,4066.29,510.53674066
1503284400,4050,4069.28,4066.29,4066.02,263.93485639
1503288000,4065.97,4082.57,4066.02,4074.42,251.58308876
1503291600,3999,4074.42,4074.42,4012.68,1091.83433705
1503295200,3950.88,4019.94,4012.63,3992.04,823.23317633
1503298800,3992.04,4021.33,3992.04,4017.92,475.08377461
1503302400,4010.51,4063.87,4017.92,4063.81,495.91782193
1503306000,4040.68,4074.99,4061.27,4068.43,319.85077873
1503309600,4047.5,4072,4068.44,4072,298.1150315
1503313200,4024.25,4074.79,4071.95,4030.96,509.27146718
1503316800,4025.97,4043.89,4030.97,4034.9,379.50217829
1503320400,3990,4036.05,4032.07,3996.53,929.81854394
1503324000,3972.24,4015.78,3994.23,4010,651.44632982
1503327600,4009.99,4034.73,4010,4010.01,486.69209318
1503331200,3995,4019.72,4010,4002.4,524.86324487
1503334800,3990,4009.99,4002.4,3996.66,542.07153608
1503338400,3980,4003.32,3996.66,4002.08,463.07457305
1503342000,3999.09,4020,4002.06,4016,434.14748903
1503345600,3994.98,4018.37,4016,3997.99,532.90460323
1503349200,3994.89,4048.9,3997.99,4029.65,685.80099722
1503352800,4006.08,4029.92,4028.99,4011.01,365.38314723
1503356400,3985.1,4011.01,4011.01,4002,642.00017827
1503360000,3875.02,4002,4002,3891.97,2149.23924412
1503363600,3820,3940.01,3891.97,3850.01,2207.63725778
1503367200,3850,3907.78,3850.01,3884.99,881.65425387
1503370800,3835.31,3894.5,3884.95,3840.51,619.24830359
1503374400,3662.73,3840.53,3840.52,3662.74,2229.38514833
1503378000,3583.46,3793.95,3662.74,3780,2355.36972694
1503381600,3765.01,3856,3780,3816,1180.09268514
1503385200,3790,3820,3816,3820,443.48591025
1503388800,3812,3834.95,3820,3834.93,237.19307147
1503392400,3834.93,3960.62,3834.93,3945.68,508.72313907
1503396000,3900,3952.96,3945.68,3904.18,328.73149973
1503399600,3900,3926.9,3904.16,3924.96,352.47359227
1503403200,3924.96,4000,3924.96,3984.79,652.51756036
1503406800,3910,3985,3984.79,3910,513.21486427
1503410400,3867.78,3918.84,3914,3904.08,569.60833455
1503414000,3904.07,3934.1,3904.08,3914.01,461.33127658
1503417600,3898.37,3972,3914.01,3954.06,632.30084901
1503421200,3950,4012.49,3954.04,4005,1095.3570341
1503424800,4005,4145,4005,4101,1662.36484173
1503428400,4099,4141,4101,4127.01,746.43284581
1503432000,4057.36,4127.01,4127.01,4072.74,600.15218601
1503435600,4071,4101,4073.01,4100.01,318.26249498
1503439200,4050.01,4100.01,4100.01,4050.02,378.98791939
1503442800,4021.59,4099.91,4050.03,4092,798.73327099
1503446400,4070,4093.04,4092,4071.12,160.10371095
1503450000,4071.11,4125.11,4071.12,4125.11,503.32900153
1503453600,4058.26,4139.99,4125.11,4102.59,735.23996801
1503457200,4092,4126,4102.59,4106,545.27697694
1503460800,4080,4112,4106.01,4104.46,381.50780871
1503464400,4075.99,4106.04,4106.04,4088,229.04978886
1503468000,4083.05,4112.27,4088,4110.06,297.71767031
1503471600,4096,4115.98,4110.99,4115.97,197.57649193
1503475200,4108,4155,4115.99,4155,495.07701148
1503478800,4155,4235,4155,4226.86,788.8107919
1503482400,4206.59,4244.99,4226.86,4229.6,267.68738882
1503486000,4198.89,4231.91,4229.61,4222.86,261.32514098
1503489600,4205.53,4247.88,4222.99,4215,354.9713153
1503493200,4180.01,4215,4215,4202.87,473.12461781
1503496800,4179.38,4202.87,4202.87,4183.44,419.86863838
1503500400,4180,4210,4183.44,4209.29,394.34507087
1503504000,4209,4243.95,4209.98,4226,716.71982071
1503507600,4168,4226,4226,4175,720.26320867
1503511200,4160.04,4187.8,4175,4162,391.25730612
1503514800,4124.02,4162,4162,4124.02,640.4581718
1503518400,4080,4134.97,4123.01,4134.37,1130.11946454
1503522000,4091.7,4142.35,4134.37,4097.99,816.23604805
1503525600,4090.15,4145,4097.99,4143.02,446.6571585
1503529200,4138,4158.99,4143.02,4143.49,379.28157863
1503532800,4132.37,4159,4142.5,4141.01,345.18328033
1503536400,4134.9,4218,4141.01,4170.63,766.75192057
1503540000,4145.59,4198.99,4170.63,4148.95,513.21074001
1503543600,4112.76,4157.08,4148.95,4133.05,422.31666106
1503547200,4121.01,4143.29,4133.05,4143.27,259.31293952
1503550800,4134.61,4160.97,4143.28,4156.31,258.69029571
1503554400,4155.32,4172,4156.31,4164.88,153.22120788
1503558000,4164.3,4190,4164.85,4179.85,231.6014384
1503561600,4179.85,4210,4179.85,4210,220.61003672
1503565200,4179.19,4213,4210,4179.99,105.18808077
1503568800,4164.37,4187.23,4179.98,4187.23,136.97198852
1503572400,4171.06,4195,4187.23,4192.32,280.50622045
1503576000,4150,4193.03,4184.17,4171.46,302.44051764
1503579600,4166,4190,4171.47,4186.03,336.44802144
1503583200,4186.03,4238.88,4186.03,4238.88,972.18757089
1503586800,4216.37,4244,4238.88,4234.44,421.63395241
1503590400,4217,4242.73,4234.43,4217.02,429.81287945
1503594000,4200,4218.56,4217.03,4205.6,388.52197412
1503597600,4186.05,4230,4205.59,4230,429.8167167
1503601200,4214.85,4231,4230,4230.53,301.10579741
1503604800,4220.08,4235.36,4230.52,4234,390.17376693
1503608400,4223,4238.32,4234,4236.44,429.54095722
1503612000,4234.22,4334.91,4236.44,4329.99,1286.4798391
1503615600,4311.43,4349.99,4330,4312.03,866.25740586
1503619200,4312.02,4368.16,4312.03,4368.16,601.14544012
1503622800,4335.77,4368.99,4368.16,4350,436.70492627
1503626400,4330.33,4361,4350,4349.41,389.34514078
1503630000,4312.5,4349.42,4349.42,4344.01,458.93587528
1503633600,4325,4354.97,4344.01,4325.01,286.87042312
1503637200,4300.1,4329.89,4325.01,4324.47,346.80211472
1503640800,4302,4327.3,4324.48,4327.3,258.80882011
1503644400,4327.3,4348.49,4327.3,4340,217.10743325
1503648000,4314.54,4351,4340,4351,164.80542419
1503651600,4350.99,4361.28,4351,4361.05,133.14464732
1503655200,4342.99,4361.05,4361.05,4349.99,100.25117558
1503658800,4331.88,4355.62,4349.99,4346.4,138.83032189
1503662400,4337.19,4350.08,4346.4,4349.98,230.94125071
1503666000,4345.32,4350.33,4349.98,4350.33,262.47674287
1503669600,4350.32,4370,4350.33,4370,351.24804105
1503673200,4369.99,4449.99,4370,4418.04,1309.61223344
1503676800,4418.03,4450,4418.04,4450,505.59797184
1503680400,4405.01,4453.9,4450,4424.99,763.07030436
1503684000,4424.98,4441,4424.99,4440.95,309.97584596
1503687600,4300,4440.96,4440.96,4335.37,1429.55330769
1503691200,4284.01,4345.02,4335.38,4329.03,905.36010272
1503694800,4322.58,4360,4329.03,4343,659.77713013
1503698400,4327,4376.09,4343,4375.47,346.58798958
1503702000,4330,4375.47,4375.47,4360,311.82706538
1503705600,4360,4374.39,4360,4363.13,261.73525275
1503709200,4324.2,4363.13,4363.13,4331.99,423.32334418
1503712800,4300,4331.99,4331.99,4300.01,489.35933083
1503716400,4260.01,4319.76,4300.01,4310,441.18112949
1503720000,4309.99,4325.1,4310,4311.19,229.79535209
1503723600,4290.2,4321.2,4311.19,4319.78,244.72879525
1503727200,4313.07,4324.01,4319.69,4323.88,168.91453405
1503730800,4315,4350,4323.98,4341.94,162.67445121
1503734400,4327.77,4344,4341.95,4329.47,120.48377135
1503738000,4283.16,4329.5,4329.45,4305.78,170.95245013
1503741600,4305.6,4320,4305.78,4319.99,80.77388275
1503745200,4311,4319.99,4319.98,4311.01,83.52790151
1503748800,4265,4311.01,4311.01,4279,330.25741885
1503752400,4276.77,4296.84,4279,4286,232.99085052
1503756000,4275,4289.5,4286,4281.13,297.27725979
1503759600,4281.12,4299.89,4281.13,4297.43,420.60407153
1503763200,4288,4309.49,4297.43,4307.02,289.0874501
1503766800,4293.1,4308,4307.02,4300,213.57105859
1503770400,4295.59,4328.09,4300.8,4328.09,240.82418549
1503774000,4328.09,4353,4328.09,4336.69,365.21914714
1503777600,4334.26,4349.99,4336.69,4349.99,194.43158853
1503781200,4335.6,4349.81,4349.81,4336.28,181.81926282
1503784800,4331.85,4346.03,4336.28,4342.19,241.0354538
1503788400,4336.3,4349.84,4342.18,4344.32,261.91081931
1503792000,4335.75,4349,4344.32,4342.67,258.57642349
1503795600,4339.75,4392,4342.67,4388.37,380.90984259
1503799200,4354.78,4388.37,4388.37,4356.99,257.66000795
1503802800,4320.84,4359.99,4356.99,4323.82,490.81921368
1503806400,4323.82,4347.83,4323.82,4326,200.04101849
1503810000,4309.87,4333.6,4326,4330.99,250.16734767
1503813600,4330.98,4356.51,4330.99,4343.82,251.8487
1503817200,4338,4352.26,4344.82,4338.67,115.87540795
1503820800,4330,4342.42,4338.67,4330.01,58.43007625
1503824400,4315.04,4339.21,4330.01,4318.09,161.19064416
1503828000,4315,4323.73,4317.34,4316.6,136.32075531
1503831600,4315.24,4344,4316.6,4341.99,219.92585548
1503835200,4315,4341.95,4341.95,4316.58,231.56471872
1503838800,4315,4338.09,4316.58,4322.73,261.77867992
1503842400,4322.73,4343.53,4322.73,4343.5,141.29756112
1503846000,4340,4349.12,4343.5,4345.01,198.18098139
1503849600,4340.22,4350,4345.01,4345.03,487.9236853
1503853200,4345.05,4354.99,4346.03,4351.78,380.12048194
1503856800,4345,4361.88,4351.81,4361.88,402.88241923
1503860400,4347.6,4362.99,4361.88,4362.97,274.32152961
1503864000,4360,4376,4362.98,4369.5,445.97396538
1503867600,4355,4370,4369.51,4365.04,399.04240136
1503871200,4352.33,4369,4365.04,4356.55,355.6850955
1503874800,4339.4,4358.67,4356.55,4340.11,680.80738928
1503878400,4301.37,4343.5,4343.5,4302.38,878.87403005
1503882000,4302,4319.96,4302.38,4310.62,353.42420916
1503885600,4308,4316.99,4310.61,4313.95,334.90340934
1503889200,4285,4316.11,4313.92,4291.64,451.49943788
1503892800,4200,4291.64,4291.64,4261.26,1398.31638504
1503896400,4229.99,4261.74,4261.26,4239.82,370.07770477
1503900000,4239.82,4266.49,4239.82,4266.01,195.60434164
1503903600,4264.26,4300,4266.01,4299.98,157.71793361
1503907200,4292.01,4306,4299.98,4292.42,208.64681234
1503910800,4282,4305.69,4292.45,4300.56,153.73601726
1503914400,4295.23,4315,4300.56,4314,259.03572272
1503918000,4313.85,4319.99,4314,4314.99,176.11720872
1503921600,4291.21,4316.22,4314.99,4295.04,305.67887923
1503925200,4291.05,4324,4295,4319.12,379.56329138
1503928800,4303.75,4319.12,4319.12,4311.9,405.63273938
1503932400,4285,4311.99,4311.97,4298,335.82389135
1503936000,4298,4325,4298,4325,535.37135222
1503939600,4324.99,4348.99,4325,4342.37,483.6908301
1503943200,4327.89,4342.37,4342.37,4330.02,470.66809009
1503946800,4330.01,4345,4330.02,4336,260.95654769
1503950400,4332.58,4342.4,4336,4339.98,251.00291838
1503954000,4339.54,4375,4339.82,4374.99,743.88615315
1503957600,4358.5,4396,4375,4373.5,834.17775328
1503961200,4366.78,4385,4373.5,4384.99,508.19816195
1503964800,4363.04,4389.79,4384.99,4371.46,434.43296786
1503968400,4370.06,4384.44,4371.46,4378.42,339.70463505
1503972000,4352.61,4378.42,4378.42,4377.49,330.26002844
1503975600,4377.48,4399,4377.49,4385.62,670.04468103
1503979200,4377.73,4392,4385.62,4389.47,260.88343289
1503982800,4370.32,4391.02,4389.47,4370.33,350.01399884
1503986400,4370.32,4371.95,4370.33,4371.25,158.601199
1503990000,4350,4371.25,4371.25,4350.02,210.80641554
1503993600,4350.01,4370,4350.02,4366.8,284.38944678
1503997200,4350,4366.88,4366.8,4354.61,171.50143292
1504000800,4350,4367.93,4354.61,4366.65,183.31225244
1504004400,4366,4396.93,4366.65,4383.97,292.43113794
1504008000,4368.82,4434.97,4383.97,4434.97,647.8641586
1504011600,4420.78,4656.83,4434.97,4609.81,2812.03133726
1504015200,4550.03,4614.86,4605.8,4565.01,1382.59435249
1504018800,4558.48,4615,4565.01,4581.5,989.09389856
1504022400,4534,4584.97,4581.5,4559.97,773.00651907
1504026000,4534,4560,4559.97,4557.57,424.23845017
1504029600,4557.56,4580.46,4557.57,4569.84,438.32088876
1504033200,4558.47,4588.79,4569.51,4588.69,444.18950788
1504036800,4588.63,4614.57,4588.69,4592.05,1138.44779529
1504040400,4592.05,4643.92,4592.05,4615.72,835.0603986
1504044000,4586.96,4615.7,4615.69,4598.5,511.88972588
1504047600,4598.5,4611.49,4598.5,4599,426.8394625
1504051200,4572.84,4599.58,4599.01,4599.58,412.64558512
1504054800,4599.57,4634.95,4599.58,4617.59,619.46028706
1504058400,4597,4620.07,4617.55,4608.74,592.37217396
1504062000,4600.99,4614.1,4608.74,4608.03,316.16770014
1504065600,4597.77,4635.21,4608.03,4618.74,549.50239015
1504069200,4602.05,4628.49,4618.74,4617.64,294.82188657
1504072800,4615.01,4632.89,4617.91,4615.02,314.32107088
1504076400,4576.64,4617.02,4615.02,4580.62,387.22878699
1504080000,4575,4598.67,4580.62,4591.5,276.05356993
1504083600,4505,4591.5,4591.5,4535.05,564.33915217
1504087200,4500.55,4546.21,4535.06,4531.6,599.20246264
1504090800,4526.03,4564.33,4531.6,4550.82,302.72456725
1504094400,4550,4575.47,4550.75,4575.47,464.92979769
1504098000,4575,4575.47,4575.47,4575.01,355.18523878
1504101600,4551.72,4575.01,4575.01,4554.73,337.17019286
1504105200,4547.3,4574.37,4554.73,4573.73,473.5672796
1504108800,4573,4587.99,4573.73,4587.92,398.61446699
1504112400,4587,4587.99,4587.99,4587.76,352.9879932
1504116000,4574.9,4591,4587.75,4579.35,576.96215562
1504119600,4549,4579.36,4579.35,4550,528.25271311
1504123200,4545,4574.99,4550,4574.99,473.61405417
1504126800,4550,4578,4574.99,4578,596.45878171
1504130400,4570,4580.88,4578,4580.85,246.24296169
1504134000,4580.85,4591,4580.85,4581.98,350.60903632
1504137600,4580.84,4599.98,4581.98,4599.98,438.50088108
1504141200,4599.97,4629.16,4599.98,4614,665.66492955
1504144800,4600,4626.61,4614,4626.61,455.11745279
1504148400,4626.6,4635.21,4626.61,4630.01,514.39091433
1504152000,4627.39,4637.4,4630.01,4633.78,466.61353957
1504155600,4631.13,4637.96,4633.81,4637.96,333.54804956
1504159200,4610.26,4638.99,4637.96,4610.28,358.02833727
1504162800,4610.28,4630.28,4610.28,4628.47,197.70660891
1504166400,4616.65,4634.99,4627.26,4619.01,184.50952682
1504170000,4610,4624.69,4619.01,4622,302.57598472
1504173600,4622,4679.37,4622,4665.22,657.11582531
1504177200,4665.21,4699.99,4665.21,4699.99,410.03548857
1504180800,4682.49,4711.29,4699.99,4697.66,583.19923055
1504184400,4695.89,4726.94,4697.66,4726.94,810.8226139
1504188000,4700,4729.98,4726.94,4703.01,804.1719044
1504191600,4665.01,4711.2,4707.99,4705.33,772.97390957
1504195200,4705.64,4744.02,4705.65,4737.3,945.73542375
1504198800,4731.96,4738.99,4737.3,4738.01,757.18587034
1504202400,4735.1,4758.98,4738.01,4758.98,987.44430612
1504206000,4717.29,4769.03,4758.98,4727.1,1032.75357458
1504209600,4724.29,4743,4727.1,4743,468.0683681
1504213200,4740.34,4743.99,4743,4740.35,467.07549394
1504216800,4740.34,4743.7,4740.35,4743.7,383.88079532
1504220400,4740.51,4743.96,4743.7,4743.94,631.34874906
1504224000,4743.93,4765.49,4743.94,4765.49,532.07658541
1504227600,4765.49,4781.96,4765.49,4773.97,502.7922671
1504231200,4760.04,4773.97,4773.97,4766.47,374.65366822
1504234800,4751.73,4773.5,4766.47,4756.66,319.70449149
1504238400,4715.79,4756.66,4756.66,4715.8,621.91450888
1504242000,4715.79,4746.34,4715.8,4720.29,205.79782351
1504245600,4706,4732.07,4720.29,4732.07,525.07724871
1504249200,4733.77,4742.91,4733.78,4742.91,404.02456355
1504252800,4742.9,4789,4742.91,4789,418.17444102
1504256400,4788.99,4795.25,4789,4793.01,372.29707986
1504260000,4790.01,4800,4793.01,4800,544.67822395
1504263600,4771.96,4822,4800,4822,678.97106032
1504267200,4821,4867.27,4822,4857.03,862.77272532
1504270800,4831.11,4874.99,4857.03,4831.11,811.76135125
1504274400,4790,4838.05,4831.11,4822.49,1117.02431279
1504278000,4815,4839.95,4822.49,4839.88,557.19417765
1504281600,4830,4840,4839.88,4830.34,844.77160895
1504285200,4830.33,4844.99,4830.34,4844.94,972.13749387
1504288800,4835.67,4845.88,4844.94,4838.5,850.12011022
1504292400,4830,4875.98,4838.5,4871.83,1290.76774429
1504296000,4849.99,4920,4871.83,4883.69,1809.86567259
1504299600,4842,4887.59,4883.69,4869.99,866.75513075
1504303200,4869.98,4894.31,4869.99,4894.31,601.09240779
1504306800,4893.06,4948,4893.21,4947.99,678.38111089
1504310400,4929.07,4962,4948,4931.76,876.48544516
1504314000,4930,4974.81,4931.76,4967.32,814.75610901
1504317600,4885.14,4980,4967.32,4915.19,1062.70640044
1504321200,4823.93,4935.84,4915.19,4830.57,1200.25344829
1504324800,4830.47,4880.51,4830.58,4850.01,403.57239533
1504328400,4551.08,4850.01,4850.01,4628.11,2441.63082745
1504332000,4606.19,4774.99,4635.58,4768.1,1173.73882153
1504335600,4733.37,4824.51,4768.1,4769.9,497.60200233
1504339200,4672.89,4770,4769.9,4749.64,350.9624339
1504342800,4635,4752.68,4749.64,4698.92,464.86053407
1504346400,4650,4750,4698.91,4749.46,314.14055612
1504350000,4749.46,4764.79,4749.46,4750.65,335.8482208
1504353600,4651.01,4767.4,4750.65,4702.71,440.71312445
1504357200,4684.9,4723.91,4702.71,4704,319.91452001
1504360800,4500,4704,4704,4600,1880.70453585
1504364400,4520,4651.85,4600.04,4639.18,1492.24618085
1504368000,4593.03,4673,4636.9,4624,935.58472898
1504371600,4620,4690,4624,4675,702.41886937
1504375200,4631.4,4675,4675,4632.28,800.90634565
1504378800,4600,4658.82,4632.24,4650,476.76928621
1504382400,4551.51,4660,4650,4593.57,786.69229624
1504386000,4520,4610.91,4593.57,4544.95,848.5112884
1504389600,4540,4600,4544.95,4551.01,474.60974329
1504393200,4550,4654.26,4551.02,4649.99,481.56063176
1504396800,4642.39,4699.99,4642.39,4699.99,761.91947092
1504400400,4692.23,4749.99,4699.99,4732.14,688.37108236
1504404000,4670.82,4735,4734.88,4671.12,405.72189408
1504407600,4650,4686.87,4671.12,4667.68,424.00283253
1504411200,4663.99,4728.48,4667.68,4718.94,468.70095515
1504414800,4703.08,4737.3,4718.94,4737.01,398.00494468
1504418400,4650.07,4742.87,4737.01,4669.98,497.38499752
1504422000,4651.12,4690,4669.99,4669.68,243.8184282
1504425600,4655.02,4713.94,4669.68,4706.09,175.73492309
1504429200,4609.78,4706.61,4706.09,4631.46,242.91929758
1504432800,4625,4645.25,4631.46,4635.29,116.55695298
1504436400,4604.02,4657.73,4635.29,4646.43,307.91942309
1504440000,4611,4670.21,4646.43,4669.99,334.6264337
1504443600,4524,4676.29,4669.99,4524.25,960.02663095
1504447200,4524,4586.22,4539.99,4573.51,700.91032063
1504450800,4538.32,4612.37,4573.51,4606.76,568.79568136
1504454400,4606.86,4634.99,4608.8,4620.52,470.82462703
1504458000,4618.46,4650.09,4628.99,4623.49,392.50575779
1504461600,4560,4623.49,4623.49,4561.48,733.84627917
1504465200,4555.01,4620,4561.48,4596,813.69988525
1504468800,4580.97,4596,4595.99,4581.55,210.05722118
1504472400,4560,4609.99,4581.55,4609.99,957.60732083
1504476000,4600,4615,4609.99,4603.79,402.67095853
1504479600,4603.78,4650,4603.79,4626.05,292.73444678
1504483200,4585.24,4628.05,4626.05,4587.96,411.76866611
1504486800,4565,4597.28,4587.96,4579.92,384.4974748
1504490400,4571.5,4589,4579.92,4586.53,220.54026908
1504494000,4566.8,4586.53,4586.53,4586.44,199.40480246
1504497600,4567.02,4589,4586.45,4578.28,169.81695946
1504501200,4563.24,4588.98,4578.28,4577.4,229.99569862
1504504800,4559.14,4577.4,4577.4,4567.03,354.3292623
1504508400,4471.51,4579.83,4567.03,4471.53,1208.45960402
1504512000,4370.05,4480,4474.63,4425.1,1632.48045807
1504515600,4373.83,4501.21,4425.14,4456.49,784.72330466
1504519200,4455.97,4535.79,4456.53,4499,621.13085574
1504522800,4372.3,4499.58,4498.99,4419.67,524.49043643
1504526400,4357,4503.46,4419.5,4483.69,920.1937609
1504530000,4410.11,4541.1,4483.69,4499.99,745.45609627
1504533600,4300,4499.99,4499.99,4300.19,1592.71001781
1504537200,4250,4372.24,4300.19,4351.57,1922.3546114
1504540800,4298,4401.88,4351.57,4355.51,1629.1300308
1504544400,4234.17,4361.14,4355.51,4247.67,1198.80291198
1504548000,4234.16,4408,4247.36,4388.73,1305.24417028
1504551600,4385.13,4555,4385.13,4510,1443.74464465
1504555200,4425,4547.93,4510,4520.01,856.0038788
1504558800,4462.34,4581.84,4520.01,4520.39,936.45364112
1504562400,4495,4571.97,4520.39,4505.95,661.12380266
1504566000,4466.22,4511.99,4508.97,4498.25,566.02912443
1504569600,4378.4,4498.46,4498.46,4407.8,874.71441937
1504573200,4242.38,4448,4409.16,4245.27,1631.03491154
1504576800,4242.38,4379.99,4242.53,4345,1197.94037103
1504580400,4280,4352,4345,4293.99,858.64081076
1504584000,4243.44,4346.99,4293.98,4345,965.85404041
1504587600,4258.74,4346.91,4345,4282.79,370.05119298
1504591200,4250.04,4348.01,4278.21,4333.99,525.25360662
1504594800,4334.06,4430,4346.51,4429.98,459.8899221
1504598400,4370,4448.59,4429.51,4380.99,383.94239822
1504602000,4328.19,4405.5,4380.99,4360.99,276.36446351
1504605600,4352.54,4399.98,4360.99,4399.97,222.28467089
1504609200,4378.87,4450,4399.97,4445.42,609.09944465
1504612800,4406,4474,4449.95,4424.55,744.59003427
1504616400,4388.47,4458.97,4424.55,4439.98,657.76732965
1504620000,4372.33,4439.98,4439.98,4405.28,812.47482147
1504623600,4340.01,4408.61,4408.61,4363.94,1117.70852378
1504627200,4302.06,4398.01,4362.97,4390,658.89744907
1504630800,4371.93,4439,4390.01,4407.04,630.58490006
1504634400,4387.21,4439.99,4407.49,4434,857.74358966
1504638000,4433.25,4503.2,4434,4469.99,1044.26747289
1504641600,4445,4490,4469.99,4457.06,639.31195551
1504645200,4420,4457.21,4457.06,4435.85,365.94668611
1504648800,4435.84,4488.87,4435.85,4488.76,539.83681332
1504652400,4432.12,4514.95,4488.76,4432.51,871.23036414
1504656000,4432.51,4488.48,4432.51,4479.04,603.28954711
1504659600,4477.7,4525.76,4478.9,4525.51,812.12561928
1504663200,4490.01,4530,4525.51,4491.1,1089.75990087
1504666800,4489.53,4529.48,4491.1,4513.23,824.4529792
1504670400,4431,4521.84,4513.23,4449.59,1479.19196805
1504674000,4438.8,4494.9,4449.59,4490.24,505.4561445
1504677600,4465,4520,4490.24,4520,443.1555039
1504681200,4510.05,4593.31,4520,4593,571.551869
1504684800,4575.68,4658,4593,4657.52,647.02852426
1504688400,4627.2,4692,4657.52,4659.01,645.1765009
1504692000,4632,4678.99,4659.01,4660.99,377.39677776
1504695600,4636.8,4680,4660.99,4679.98,507.16914449
1504699200,4620.52,4686.27,4679.98,4679.98,663.13806294
1504702800,4595.01,4679.99,4679.99,4599.96,1190.10653625
1504706400,4598,4599.96,4599.96,4599.39,540.56111746
1504710000,4598,4674.9,4599.39,4673.51,651.49193594
1504713600,4620.6,4673.98,4673.51,4620.61,766.31435878
1504717200,4603.77,4656,4620.61,4655.97,393.92621428
1504720800,4613.71,4656,4655.97,4619.63,515.17696404
1504724400,4590.08,4642.71,4616.56,4621.29,548.19173245
1504728000,4540.46,4621.29,4621.29,4569.25,842.91834935
1504731600,4543.65,4594.03,4569.25,4594.01,514.83396906
1504735200,4561.35,4620,4594.01,4615.9,505.36861137
1504738800,4578.96,4629.99,4615.9,4616.18,536.52199981
1504742400,4560,4616.18,4616.18,4560,429.40426044
1504746000,4502.7,4577.96,4560.01,4511.9,852.49339251
1504749600,4502.13,4539.89,4511.88,4536.88,394.65592991
1504753200,4505,4559.31,4537.12,4527.47,344.45504253
1504756800,4517.77,4553,4527.47,4552.95,200.03123664
1504760400,4552.66,4574.99,4552.98,4565.46,168.97460607
1504764000,4525.31,4565.46,4565.46,4529.06,218.82528503
1504767600,4475.01,4529.05,4529.05,4489.99,661.87548059
1504771200,4487.09,4548,4489.99,4547.99,167.00619642
1504774800,4539.12,4596.2,4548,4595,159.23918057
1504778400,4580.63,4600,4595,4600,139.8108288
1504782000,4591.51,4628,4600,4624.1,295.89656368
1504785600,4599,4650,4624.1,4650,397.78896765
1504789200,4641.18,4660,4649.95,4660,437.99589414
1504792800,4640,4660,4659.99,4640.01,413.80971271
1504796400,4633.02,4653,4640.01,4652.69,308.44040684
1504800000,4630,4665.44,4652.69,4630,459.26628647
1504803600,4610.01,4630.01,4630.01,4624.9,356.65782348
1504807200,4601,4625,4624.9,4610,361.54930497
1504810800,4610,4624.92,4610,4617.01,339.95572294
1504814400,4575.47,4617.01,4617.01,4575.48,338.27388994
1504818000,4573.93,4614.11,4575.48,4612.03,485.56585602
1504821600,4612.02,4636.32,4612.03,4625.94,269.21080099
1504825200,4624.17,4636.96,4625.94,4624.18,253.85881049
1504828800,4601,4624.18,4624.18,4609.61,250.26487623
1504832400,4590.03,4609.99,4609.61,4600,399.95045166
1504836000,4600,4620.7,4600,4612.99,265.94864652
1504839600,4611,4620,4611.08,4620,108.70805192
1504843200,4584.97,4625,4620,4584.97,424.55772488
1504846800,4584.97,4612,4584.97,4612,182.51463453
1504850400,4611.7,4639.19,4612,4639.19,155.97576647
1504854000,4627.61,4645,4639.19,4645,149.29273974
1504857600,4644.99,4679.99,4645,4679.99,276.64391978
1504861200,4645,4679.99,4679.99,4659.85,130.57858944
1504864800,4630,4659.94,4659.85,4634.27,129.28338014
1504868400,4634.26,4643.06,4634.27,4637.89,134.48623777
1504872000,4637.88,4646.52,4637.89,4640.42,155.74941739
1504875600,4385,4640.42,4640.42,4470.07,2588.78548327
1504879200,4260,4470.93,4470.08,4383,3400.92811211
1504882800,4326.13,4451.72,4383,4435,2152.05203634
1504886400,4410.56,4479.14,4435.01,4416.15,1219.12210662
1504890000,4301.03,4425.55,4416.15,4335.35,1496.65593932
1504893600,4323.51,4388.9,4335.44,4343.1,1050.59008946
1504897200,4201.69,4348.98,4340.24,4201.97,1913.01799419
1504900800,4140,4267,4201.97,4249.99,2323.98968086
1504904400,4151,4250,4249.98,4208.11,1270.51931451
1504908000,4205,4360,4208.11,4345.68,1112.14510631
1504911600,4325.06,4398.86,4346.49,4350,810.95815914
1504915200,4294.7,4381.07,4350,4370,472.14820373
1504918800,4250,4400,4369.99,4290.58,668.17850363
1504922400,4253.71,4338.1,4290.59,4338.1,440.58394596
1504926000,4336,4372.99,4338.07,4353.31,295.44698021
1504929600,4299.45,4372.98,4353.04,4372.98,398.39084489
1504933200,4372.48,4437.13,4372.98,4437.13,425.71506895
1504936800,4420.96,4437.13,4437.13,4431.47,223.40514218
1504940400,4377,4449.95,4431.47,4399,274.44736159
1504944000,4364.01,4414.58,4399,4371.98,166.42250224
1504947600,4367.63,4419,4371.98,4415.48,278.31730423
1504951200,4390,4419,4415.48,4390.1,90.04433907
1504954800,4362.9,4395.01,4390.1,4377.01,364.86984795
1504958400,4357.6,4389.75,4377.01,4358.95,245.17479462
1504962000,4295.47,4360.99,4358.95,4306.47,488.20254378
1504965600,4270.62,4315.19,4306.59,4300.11,728.03662255
1504969200,4272,4309.99,4300.11,4294.5,453.39607672
1504972800,4292.18,4309.99,4294.51,4298.41,417.43724254
1504976400,4241,4298.42,4298.42,4273.57,552.62069725
1504980000,4200.05,4273.57,4273.57,4205.03,689.23293917
1504983600,4180,4309.98,4205.01,4291.04,988.73467989
1504987200,4280.06,4301.01,4295.89,4285.93,284.19586555
1504990800,4273.88,4295.5,4285.93,4279.89,204.01665186
1504994400,4278.04,4340.06,4279.89,4335,608.54429323
1504998000,4316,4350,4335,4334.36,316.33313488
1505001600,4300.47,4334.36,4334.36,4309.72,214.28052115
1505005200,4285,4314.98,4309.72,4309.97,214.69335785
1505008800,4238.07,4309.97,4309.97,4249.43,593.17605983
1505012400,4235.19,4274.98,4249.5,4247.01,340.10415798
1505016000,4247,4281.15,4247.01,4256.28,413.77910363
1505019600,4210,4258.01,4256.26,4213.64,467.14108925
1505023200,4150,4214.09,4213.64,4151,810.18858754
1505026800,4150,4235,4151,4218.89,393.12566999
1505030400,4205.5,4266.88,4218.22,4240.21,251.08482095
1505034000,4198.25,4240.21,4240.2,4198.43,152.94942025
1505037600,4150.12,4200.01,4200.01,4192.07,249.92253776
1505041200,4156.11,4260,4192.08,4259.9,315.67264283
1505044800,4215.15,4259.99,4259.99,4238.76,204.0116223
1505048400,4160,4249,4238.76,4180,915.34913643
1505052000,4139,4197,4180.56,4196.99,769.15085637
1505055600,4180.04,4197.77,4196.99,4186.55,334.94786701
1505059200,4177.64,4278.12,4188.54,4275.64,461.36351603
1505062800,4273,4349.99,4275.65,4337.14,711.56619235
1505066400,4301.26,4338.07,4337.15,4330.16,350.24096601
1505070000,4315,4338.05,4331.58,4329.45,287.8368509
1505073600,4289.43,4329.45,4329.45,4289.43,361.08891053
1505077200,4253.64,4289.01,4289.01,4257.25,430.65649094
1505080800,4255.91,4301.45,4256.66,4285.01,428.70948511
1505084400,4240,4289,4285.01,4251.36,407.65999375
1505088000,4220,4271.47,4251.36,4233.56,329.50155865
1505091600,4231.55,4320.99,4233.56,4317.01,389.40511982
1505095200,4301.32,4325,4317.01,4303.47,314.1354188
1505098800,4303.46,4365,4303.47,4347.57,411.8255103
1505102400,4156,4347.58,4347.58,4199.99,945.64124493
1505106000,4111.14,4221,4200,4160.02,843.06454469
1505109600,4133.34,4222,4160.02,4172.7,442.87579595
1505113200,4158.87,4213.52,4172.61,4182.63,217.50087969
1505116800,4132.13,4182.69,4182.36,4167.03,275.18479229
1505120400,4167.03,4212,4167.04,4183.26,225.8485405
1505124000,4171.71,4206.08,4183.22,4193.99,234.07072041
1505127600,4160.02,4204.96,4192.23,4190.67,165.46197128
1505131200,4185,4202,4190.67,4202,192.19822415
1505134800,4179.52,4298,4202,4259.33,498.82175089
1505138400,4236.45,4271.04,4259.44,4247.77,249.39253734
1505142000,4220,4250,4247.78,4235.59,395.01933035
1505145600,4235.58,4261.61,4235.59,4261.61,363.87461269
1505149200,4218.13,4272.39,4261.61,4219,467.67436215
1505152800,4205,4229,4219,4226.78,274.66418858
1505156400,4175.01,4227.61,4226.78,4199.14,433.19367538
1505160000,4175,4200,4199.14,4192.46,374.52403302
1505163600,4190.38,4204.93,4192.47,4198.73,417.15943019
1505167200,4198.73,4227.99,4198.73,4218.5,429.24539065
1505170800,4203.04,4224.32,4218.5,4210.72,177.97144292
1505174400,4210.71,4239.98,4210.72,4239.58,392.12040319
1505178000,4230,4243.95,4239.59,4230.88,284.96908819
1505181600,4220,4249.99,4230.88,4249.99,362.17181655
1505185200,4247.37,4285.04,4249.99,4284.94,356.55697613
1505188800,4256,4298.88,4284.95,4286.05,340.9951627
1505192400,4280.16,4300,4286.05,4292.21,446.16268845
1505196000,4292.2,4358.97,4292.21,4357.45,668.62449862
1505199600,4322.55,4375,4357.45,4358.56,306.05361009
1505203200,4258.36,4360.68,4358.56,4306.36,302.03573863
1505206800,4295,4330,4306.36,4324,154.13180665
1505210400,4289.79,4375.37,4324,4353.74,249.56719018
1505214000,4335.81,4365.89,4353.74,4342.83,263.25897024
1505217600,4316.8,4350,4342.83,4320.01,240.11164143
1505221200,4260,4320.01,4320.01,4266.81,474.59852305
1505224800,4261.89,4290.43,4266.81,4279.26,280.96718763
1505228400,4250,4293.33,4279.26,4250,433.64419273
1505232000,4241,4263.85,4250.01,4263.73,483.25230496
1505235600,4191.11,4264.99,4263.73,4191.11,582.39625091
1505239200,4080,4191.1,4191,4109,2601.34167768
1505242800,4097.72,4174,4109,4167.01,810.94426966
1505246400,4125,4179.95,4167.01,4179.95,672.01500892
1505250000,4150,4207.89,4179.95,4201.97,655.87559385
1505253600,4164.92,4202,4201.99,4182.91,576.06609398
1505257200,4129.13,4182.91,4182.91,4164.52,435.53788328
1505260800,4100,4174.53,4164.52,4145,772.35704757
1505264400,4105,4151.22,4145,4108.13,469.79543768
1505268000,4016.38,4110.98,4106.99,4024.02,1397.83556766
1505271600,3950.01,4059.14,4024.69,3953.52,1788.01548392
1505275200,3904,4015.29,3953.52,4010.15,1519.36323005
1505278800,3960.05,4020.99,4010.15,3982.42,836.25642362
1505282400,3981.99,4043.97,3982.42,4025.01,616.6296756
1505286000,3929.69,4033.92,4025.01,3955.01,455.19649537
1505289600,3921,3995.64,3955.01,3950.01,294.80585324
1505293200,3929,3987.14,3950.01,3929.01,233.02666585
1505296800,3850,3940,3929.01,3853,666.2702997
1505300400,3801.28,3859.74,3853,3821.35,1097.88003545
1505304000,3776.37,3888.05,3820.89,3879.62,1777.02609895
1505307600,3822.95,3920,3872.59,3833.19,1010.85885595
1505311200,3726,3841.14,3833.19,3760.01,1662.59933173
1505314800,3760,3874.9,3760.01,3819.99,1249.51356732
1505318400,3807.62,3945,3820,3945,1244.39864723
1505322000,3885.21,3959.99,3945,3909.07,1330.61150918
1505325600,3851.37,3928.04,3909.02,3891.01,1041.65583108
1505329200,3838.58,3891.73,3891.01,3850.25,683.7597712
1505332800,3838.58,3898.99,3849.82,3894,506.4464603
1505336400,3870.12,3898.98,3894,3875.99,500.67368974
1505340000,3875.98,3949.99,3875.99,3923.67,1064.93954884
1505343600,3850.06,3929.29,3923.67,3855.32,622.61672829
1505347200,3855.61,3923,3855.61,3914.7,413.2055116
1505350800,3888.09,3914.99,3914.61,3914.72,252.51888025
1505354400,3860.8,3914.73,3914.72,3877.74,437.70406017
1505358000,3800,3877.74,3877.74,3800.01,874.83213144
1505361600,3761.32,3825,3800.01,3808.96,557.41804848
1505365200,3808,3849.99,3808.97,3808,460.0096541
1505368800,3806.47,3832.32,3808.01,3832.32,352.76863152
1505372400,3832.32,3896.84,3832.32,3870.24,366.6653839
1505376000,3830.51,3895,3870.24,3835.01,309.11076462
1505379600,3780,3835.01,3835.01,3780,338.21715915
1505383200,3700.01,3804.37,3780.01,3734.26,1231.9414321
1505386800,3600.73,3748.21,3734.26,3613.08,2296.03996107
1505390400,3499,3669.97,3614.29,3499,2861.72687751
1505394000,3425.52,3588.15,3499,3550,3421.91704633
1505397600,3474.01,3620.49,3550,3585.29,2171.19999623
1505401200,3459.98,3590.7,3585.1,3520,2008.85542174
1505404800,3437,3525,3520,3447.12,1255.74736005
1505408400,3304.05,3455.5,3447,3315,3394.87375051
1505412000,3240,3449.68,3315,3410.57,3232.84654186
1505415600,3335.7,3490,3410.79,3361.91,2768.53013926
1505419200,3335.99,3450,3361.91,3399.38,1698.02235803
1505422800,3301,3402,3399.08,3307.96,2079.86622084
1505426400,3280,3365.91,3307.76,3313.57,1737.20176714
1505430000,3230.05,3322.01,3311.92,3250.4,1842.70591421
1505433600,3234.98,3375,3249.99,3348.52,1885.68908567
1505437200,3346.68,3431,3348.52,3409.98,1786.43020521
1505440800,3375.54,3464.99,3409.98,3386.13,1716.77027507
1505444400,3355,3404.44,3386.13,3367.78,877.67375481
1505448000,3275,3374.01,3367.78,3317.3,908.91098966
1505451600,3250,3334.08,3317.44,3334.08,875.43411268
1505455200,3130,3350,3334.08,3130,1944.10929962
1505458800,3060,3169,3130.01,3123.14,1779.76903907
1505462400,3065.01,3213.75,3123.14,3142,1408.17324553
1505466000,3045,3179.71,3146.25,3049.87,1326.75352132
1505469600,3022.3,3118.62,3049.53,3025,1542.36277536
1505473200,2975.01,3075,3024.83,3027,3006.04900999
1505476800,3007.29,3415,3028.5,3375.04,5391.83233801
1505480400,3200,3407.44,3375.03,3399,3419.51129849
1505484000,3399,3739.77,3399,3696.93,5886.28517665
1505487600,3585.08,3889.16,3695.02,3850.01,3980.50893696
1505491200,3560.53,3894.48,3850.01,3667.12,4502.84438132
1505494800,3472,3679.17,3662.92,3595.22,2799.13684826
1505498400,3570.38,3695.79,3595.22,3603.76,1951.47686389
1505502000,3603.76,3799,3603.76,3679.55,1892.23619301
1505505600,3660,3738.47,3679.76,3725,1469.54917253
1505509200,3720.59,3839.46,3725,3813.35,1881.06598479
1505512800,3700,3824,3813.44,3780.48,1413.14448228
1505516400,3670,3782.88,3782.88,3740.02,842.7654293
1505520000,3707.83,3796.33,3740.02,3750.01,671.6665737
1505523600,3750,3796.99,3750.01,3793.38,652.76358516
1505527200,3766.1,3840,3793.38,3783.2,927.54725887
1505530800,3774.18,3823.44,3783.2,3823.01,399.60218846
1505534400,3816,3843.26,3823.01,3843.01,503.03141774
1505538000,3841.95,3964.64,3843.01,3905.84,1559.66963025
1505541600,3813.04,3924.79,3905.84,3866.84,879.31640421
1505545200,3854.51,3945,3866.96,3933,576.68133037
1505548800,3905,3988.8,3933.18,3976.59,698.62191836
1505552400,3853.58,4042.98,3983.72,3902.29,1043.90916157
1505556000,3675,3914.33,3914.33,3690.49,1385.18020163
1505559600,3690.22,3868.24,3693.98,3814.3,1231.60786826
1505563200,3700,3814.26,3814.26,3726.55,591.9145843
1505566800,3670,3796.98,3726.95,3759.74,820.04911171
1505570400,3702.22,3775.15,3753.99,3718,816.58080955
1505574000,3601,3759.68,3718,3620.98,1341.88967481
1505577600,3600,3679.93,3620.56,3654.46,981.00284228
1505581200,3629.26,3679.97,3654.46,3678.35,654.01434631
1505584800,3675.46,3753.99,3679.97,3748.36,901.89817467
1505588400,3655.39,3750,3748.33,3723.55,782.30906748
1505592000,3694.52,3738.02,3722.51,3708.51,370.34209828
1505595600,3659.89,3727.99,3708.51,3727.99,584.01946623
1505599200,3718,3757,3727.99,3737.78,323.39727052
1505602800,3705.76,3750,3737.78,3726.51,334.67098745
1505606400,3673,3726.51,3726.51,3674,431.4880615
1505610000,3621.21,3674.01,3674.01,3642.1,920.14240764
1505613600,3621.21,3680,3642.1,3664.11,441.40737559
1505617200,3626.77,3664.11,3664.11,3639.93,222.82451623
1505620800,3571.05,3639.93,3639.93,3614.44,623.77246619
1505624400,3581.97,3626.93,3613.98,3589.01,220.39786831
1505628000,3551,3599.65,3588.94,3555.22,333.67333471
1505631600,3530,3584.8,3560.95,3530,280.18833552
1505635200,3475.64,3535.31,3530.01,3535.31,659.90961322
1505638800,3525.94,3629.03,3535.31,3601.88,620.78765526
1505642400,3581.27,3660.93,3605.61,3598.35,588.10766019
1505646000,3562.85,3618.95,3598.34,3581.12,309.35545209
1505649600,3574.39,3619.81,3581.12,3612,366.84904972
1505653200,3606.22,3696,3612.01,3690.81,700.13318493
1505656800,3644.86,3713.99,3690.81,3685,468.46203803
1505660400,3678,3720,3685,3716.48,430.94007346
1505664000,3716.05,3774.65,3716.48,3766,934.21328695
1505667600,3759,3836.34,3767.26,3820.81,796.65674977
1505671200,3760,3841,3821.58,3790.01,729.49324042
1505674800,3769.79,3807.85,3790.02,3787.02,261.13795235
1505678400,3757.1,3807.82,3787.02,3761,428.26730457
1505682000,3719.85,3770.06,3761,3749.38,375.0394395
1505685600,3741,3788.23,3749.38,3758.98,238.27485163
1505689200,3713.02,3759,3758.98,3719.97,337.35828389
1505692800,3717.56,3769.99,3719.98,3766.28,460.1772813
1505696400,3750,3805.19,3766.29,3775.01,730.43780291
1505700000,3775.15,3828,3775.16,3827.26,820.27648035
1505703600,3775.77,3827.25,3827.25,3791.98,539.54183372
1505707200,3774.41,3801.01,3791.64,3790.01,455.54624385
1505710800,3790.01,3888.88,3790.01,3884.88,614.98979532
1505714400,3859.74,3931.93,3884.88,3928.47,746.79376401
1505718000,3903.58,3984.71,3928.47,3955,760.81506026
1505721600,3930,3980.14,3954.99,3965.85,329.99176446
1505725200,3924.9,3990,3968.12,3928.72,515.57565228
1505728800,3882,3969.95,3928.76,3969.95,602.67990147
1505732400,3950,3988,3969.94,3960,507.76201824
1505736000,3956.4,4096.9,3960,4059.86,1261.87308884
1505739600,4051.15,4130,4059.81,4110.01,1524.15078526
1505743200,4004,4113,4110.01,4018,1072.10594996
1505746800,3986,4066.64,4019.26,4032.12,992.65516586
1505750400,3986.24,4034.99,4032.04,4016.03,731.24173391
1505754000,3948.17,4015.97,4015.97,4000,776.01268394
1505757600,4000,4039.99,4000,4031.02,636.97837826
1505761200,3985.32,4032.06,4030.59,4020,479.13093611
1505764800,3995,4021.76,4019.99,4007.05,447.36255184
1505768400,4007.04,4092.68,4007.05,4080,667.57921819
1505772000,4057.52,4124,4080,4071.21,786.97874109
1505775600,4060.01,4100,4071.21,4100,446.06655855
1505779200,4001.21,4125.22,4100,4012.96,1125.43336895
1505782800,3918.59,4043.52,4012.97,3969.44,1749.00003882
1505786400,3938.33,4005.7,3969.37,3999.98,611.77559407
1505790000,3950.13,4015,3999.98,3990.41,597.32929421
1505793600,3896,3997.99,3990.41,3908.02,626.56565649
1505797200,3850.44,3927.55,3907.98,3902.45,738.65771489
1505800800,3889.86,3979.98,3902.46,3965.21,537.2204688
1505804400,3885.64,3965.21,3965.21,3913.57,300.36360749
1505808000,3913.56,3988,3913.57,3958.29,291.31408206
1505811600,3937.07,3978.99,3958.29,3963,177.60692878
1505815200,3963,4023.9,3963,4023.04,348.91403971
1505818800,3980.02,4024.99,4023.13,3999.94,374.61078169
1505822400,3997.08,4037.59,3999.94,4017.36,287.66115842
1505826000,3957.73,4019.64,4017.36,3960.09,410.65982036
1505829600,3951.8,3996.79,3959.29,3978.95,579.88616767
1505833200,3960.45,4022.96,3978.95,4020.01,504.71482986
1505836800,3998.74,4020.01,4020.01,4005.01,567.7157786
1505840400,4000.12,4049,4005.01,4000.13,632.69012823
1505844000,3981.9,4019.99,4000.13,3991.62,360.24146051
1505847600,3900,3991.61,3991.61,3910.01,946.2096754
1505851200,3874.29,3929.99,3910.01,3904.96,758.34742473
1505854800,3892.2,3943.63,3904.78,3908.91,646.77751073
1505858400,3891.31,3931.92,3906.76,3923.07,342.87742669
1505862000,3910.1,3941.23,3923.07,3910.11,264.58242926
1505865600,3898.66,3919.67,3910.11,3909.88,330.65167971
1505869200,3893.54,3918.59,3909.88,3893.54,464.66004438
1505872800,3890,3935.4,3893.55,3900.01,745.287977
1505876400,3885,3905.03,3900.01,3889.51,357.0515445
1505880000,3850.1,3889.51,3889.51,3860.48,613.57736271
1505883600,3850.01,3915.08,3860.48,3900.84,623.02722639
1505887200,3875.99,3959,3900.84,3955.24,402.87778054
1505890800,3935.6,3965.35,3955.01,3949.96,277.33636874
1505894400,3927,3949.85,3949.85,3936.52,99.83572378
1505898000,3923.51,3950.87,3936.52,3923.51,209.596201
1505901600,3900.85,3930,3923.52,3930,191.50429879
1505905200,3900.85,3930,3930,3920.88,166.56458161
1505908800,3910.8,3954.53,3918.3,3938.96,232.22527759
1505912400,3927.93,4012,3938.97,4003.4,371.88422554
1505916000,3990,4044,4003.5,4009.98,713.03826493
1505919600,3988.64,4009.99,4009.98,3990.7,448.21985395
1505923200,3987.78,4018,3990.7,4018,447.91454343
1505926800,3990,4022.81,4018,3994.71,435.25966495
1505930400,3972.03,3999,3994.71,3999,435.85074194
1505934000,3941,3999,3999,3952.95,405.0605105
1505937600,3949.2,3971.86,3952.55,3960.51,343.02090401
1505941200,3938.55,3971.88,3960.51,3947.92,278.6294746
1505944800,3945.37,3965,3947.92,3949.02,213.1964138
1505948400,3865,3957.02,3949.02,3872.06,1104.1304499
1505952000,3811,3900,3872.07,3844.05,1274.19714754
1505955600,3820.25,3863.3,3844.05,3850.08,651.26731851
1505959200,3850.19,3889.02,3850.23,3876.89,352.36123554
1505962800,3830.99,3877.01,3876.89,3833.36,312.37116404
1505966400,3820,3869.71,3833.36,3862.58,448.62054213
1505970000,3854,3877.7,3862.58,3871.89,166.6242441
1505973600,3861.56,3879.9,3871.89,3871.99,216.49300036
1505977200,3869.87,3900.54,3872,3898.33,199.72097559
1505980800,3854.29,3903.57,3898.52,3865.87,214.87470466
1505984400,3850,3872.9,3865.87,3864.25,143.6604162
1505988000,3859,3895,3863.99,3890.75,105.9675783
1505991600,3858,3890.75,3890.75,3862.11,104.08284416
1505995200,3845.87,3868.95,3862.11,3860.87,242.24289701
1505998800,3859.1,3876.94,3860.87,3864.96,173.30825442
1506002400,3768.53,3875.54,3864.96,3778.99,878.25366837
1506006000,3700,3797.97,3779,3755,1966.43887472
1506009600,3641.93,3758.99,3756.77,3696.28,1496.15370337
1506013200,3664.2,3739.43,3696.28,3688.58,920.4862143
1506016800,3675,3723.01,3688.57,3695.02,634.90129478
1506020400,3615.75,3695.02,3695.02,3634.95,1123.10709245
1506024000,3571,3670.36,3634.94,3654.94,1405.8561555
1506027600,3638.54,3707.88,3654.94,3648.97,860.60281376
1506031200,3622.89,3679.98,3648.97,3628,472.5755955
1506034800,3587.93,3648.42,3628,3617.47,614.3176907
1506038400,3605.8,3658.98,3617.47,3658.07,579.82102342
1506042000,3655.01,3680,3659,3655.01,455.73622203
1506045600,3631.01,3680,3655.01,3635.55,393.09361758
1506049200,3629.02,3707.14,3635.4,3704.18,663.00606375
1506052800,3684.74,3767.77,3704.18,3735.24,935.88072705
1506056400,3702.87,3753.47,3735.24,3726.57,389.62392559
1506060000,3718.87,3757.29,3726.58,3755,270.33648709
1506063600,3676.01,3756,3755,3678.8,292.44457822
1506067200,3640,3689.2,3678.8,3671.98,351.57630615
1506070800,3605.32,3671.97,3671.97,3612.19,410.15558445
1506074400,3590,3635.3,3612.19,3598.38,474.13776778
1506078000,3558.41,3624.94,3598.37,3558.48,524.20784677
1506081600,3540,3614,3558.49,3610.52,579.19463909
1506085200,3565.08,3611.34,3611.34,3573.34,356.81991726
1506088800,3572.16,3633.7,3572.16,3600.01,536.07448343
1506092400,3509.79,3610,3600.01,3531.57,1328.82021284
1506096000,3534.56,3586.69,3536.21,3568,499.61497771
1506099600,3531.01,3570.67,3568,3555.02,690.63177149
1506103200,3550,3575,3555.01,3558.95,472.26959452
1506106800,3558.31,3595,3558.57,3590,534.1046065
1506110400,3589,3629,3590,3614.55,602.1758577
1506114000,3581.56,3646.97,3616,3631.3,603.33666618
1506117600,3610.66,3649.52,3631.21,3617.88,498.25462906
1506121200,3605,3640,3617.88,3619.01,207.7037951
1506124800,3580,3624.57,3619.01,3609.12,306.56302426
1506128400,3580,3609.13,3609.13,3599.97,199.27109126
1506132000,3598.68,3644,3599.95,3640.26,224.8117401
1506135600,3618.21,3640.26,3640.26,3627.21,143.32700632
1506139200,3627,3714.81,3627.21,3708.79,475.42215268
1506142800,3684.22,3725.39,3708.79,3699.99,379.6648407
1506146400,3699.98,3719.99,3699.99,3710.47,285.15297323
1506150000,3700,3710.47,3710.47,3701.1,140.35780756
1506153600,3701.09,3749.76,3701.1,3741.16,266.83650335
1506157200,3720,3741.98,3741.04,3725.71,76.59557037
1506160800,3725.5,3769.76,3725.71,3769.76,314.29581358
1506164400,3751.57,3800,3769.95,3800,374.13923751
1506168000,3769.55,3818.89,3800,3781.99,430.84640117
1506171600,3735.55,3798,3781.99,3797.5,330.48297789
1506175200,3766.69,3799.71,3797.5,3784.47,318.26523907
1506178800,3721.11,3784.75,3784.47,3750.01,481.92124913
1506182400,3731,3777.56,3750.01,3777.54,195.45557939
1506186000,3736.92,3777.55,3777.54,3746.5,328.57034909
1506189600,3746.49,3769.39,3746.5,3754.26,183.68048799
1506193200,3747.21,3779.99,3754.26,3772.7,264.70221695
1506196800,3766.02,3779.99,3773.07,3779.14,148.00379051
1506200400,3740.77,3779.14,3779.14,3744.19,267.76021823
1506204000,3742.06,3759.43,3744.19,3755.99,145.10613327
1506207600,3755.98,3789.99,3755.99,3787.33,314.70290306
1506211200,3759,3789.36,3787.33,3759.01,204.2816665
1506214800,3755.54,3783.79,3759.01,3773.98,215.98286236
1506218400,3760.18,3774.02,3773.98,3773.01,283.89197329
1506222000,3772.54,3786.69,3773.01,3783.03,220.50656628
1506225600,3659.79,3783.59,3783.03,3688.7,669.69424611
1506229200,3655,3703.25,3688.71,3696.78,256.85654326
1506232800,3635.32,3703.24,3696.78,3644.42,272.24383976
1506236400,3630.01,3662.98,3644.42,3662.5,154.19716244
1506240000,3660,3679.01,3662.5,3669.4,127.01144734
1506243600,3655.5,3677.97,3669.36,3667.36,102.94923095
1506247200,3645.01,3674.95,3667.36,3645.89,68.20164073
1506250800,3645.67,3688.86,3645.89,3685.29,103.82356382
1506254400,3677.01,3690.58,3685.29,3690.57,83.51327399
1506258000,3690.57,3736,3690.57,3716.97,146.18827556
1506261600,3700.25,3729.25,3721.65,3700.82,137.92867666
1506265200,3690,3720,3700.82,3707.48,156.97555635
1506268800,3695.61,3715.01,3707.48,3703.59,207.07562017
1506272400,3694,3703.49,3703.49,3694.01,143.08786702
1506276000,3656.5,3694.01,3694.01,3676.44,376.3556383
1506279600,3660.87,3692.92,3676.56,3692.92,181.64215977
1506283200,3660.09,3692.99,3692.99,3669.85,148.56624448
1506286800,3663.56,3684.88,3669.85,3670.12,146.21372448
1506290400,3667.87,3694,3670.12,3693.38,116.417193
1506294000,3667.86,3693.38,3693.38,3669.01,169.18592982
1506297600,3669.01,3677.53,3669.01,3676.97,156.71924086
1506301200,3676.96,3691.98,3676.97,3690.01,153.05197238
1506304800,3689.06,3789.99,3690.01,3764.03,696.58770955
1506308400,3747,3775.11,3764.04,3763.97,436.92116733
1506312000,3763.98,3814.09,3763.98,3789.99,602.42811612
1506315600,3766.4,3799.99,3789.99,3773.8,235.94320667
1506319200,3760.01,3787.74,3773.8,3773.07,183.50986095
1506322800,3764.73,3776.85,3773.07,3775.13,106.09333925
1506326400,3775.13,3775.13,3775.13,3775.13,5.92867381
1506337200,3740,3775.12,3775.12,3765.65,99.7046329
1506340800,3760,3774.87,3765.63,3774.85,219.22383169
1506344400,3767.08,3795,3774.86,3770,251.8908193
1506348000,3769.99,3954.95,3770,3929,1740.35506962
1506351600,3901.99,3929.98,3929,3929.94,649.1899264
1506355200,3859.31,3969.37,3929.94,3908.07,1002.42596371
1506358800,3879.21,3911,3908.06,3888.42,714.3218953
1506362400,3878.4,3924,3888.42,3902.89,655.66519769
1506366000,3901,3930,3902.89,3929.24,274.34889382
1506369600,3915.79,3959.45,3929.23,3938.02,346.83433274
1506373200,3925,3958.51,3938.02,3953.94,399.93376266
1506376800,3913.86,3957.92,3953.93,3924.01,361.95514033
1506380400,3905.23,3928.97,3924.01,3919.78,290.70483603
1506384000,3902.57,3935.63,3919.98,3928,299.97650097
1506387600,3928,3933.62,3928.01,3932,129.9985705
1506391200,3932,3939.99,3932,3939.98,327.18540498
1506394800,3905.01,3939.99,3939.99,3908.2,278.1178877
1506398400,3894.77,3921,3908.2,3913,231.19192533
1506402000,3854.29,3914.43,3913.01,3857.01,376.18980091
1506405600,3857.01,3890.85,3857.01,3890.03,156.64435893
1506409200,3885.54,3924.5,3890.15,3922.76,117.25412372
1506412800,3899.98,3922.8,3922.75,3919.54,201.75653526
1506416400,3884.5,3925.99,3920,3925.99,156.8822654
1506420000,3925.99,3948.93,3925.99,3940.01,190.08872484
1506423600,3937.71,3948.49,3940.01,3946,126.69672996
1506427200,3945.99,3960,3946,3955.81,384.85132288
1506430800,3940.02,3956.95,3955.81,3943.14,230.29765284
1506434400,3937.79,3945.5,3943.14,3940.79,198.63861271
1506438000,3915.13,3940.79,3940.79,3927.33,298.07736155
1506441600,3888,3927.33,3927.33,3909.49,370.62506816
1506445200,3907.9,3922.91,3908.19,3920.11,264.87772948
1506448800,3910,3920.03,3920.03,3910.05,250.20625585
1506452400,3908.15,3919.68,3910.05,3914.01,363.6204848
1506456000,3905,3914.14,3914.01,3908.39,212.72388093
1506459600,3905.06,3919.98,3908.39,3915.99,222.60400165
1506463200,3888,3916.58,3915.94,3888.01,310.66962827
1506466800,3885.08,3896.28,3888.01,3885.09,194.04871071
1506470400,3880.36,3905.37,3885.09,3904.06,224.33471682
1506474000,3904.06,3915,3904.06,3905.01,185.29240409
1506477600,3895.48,3911,3905.01,3910.03,187.04548714
1506481200,3908.01,3946,3910.03,3936.36,754.49144391
1506484800,3936.35,3940,3936.36,3938.55,196.60978726
1506488400,3925,3941,3938.56,3941,229.77396469
1506492000,3930.68,3950,3941,3936.51,283.32814505
1506495600,3930.58,3946.82,3935.9,3939.58,213.2813458
1506499200,3927.74,3941.32,3939.58,3934.69,84.46788132
1506502800,3934.69,3956.25,3934.69,3956.25,88.62062378
1506506400,3956.25,4058.89,3956.25,4058.88,959.95552199
1506510000,4055.15,4080,4058.89,4078.86,557.89510526
1506513600,4065,4090,4078.86,4079.72,424.64406089
1506517200,4046.99,4079.72,4079.72,4055.15,445.14957132
1506520800,4055.15,4096.85,4055.16,4092,573.31915218
1506524400,4064.49,4092,4092,4073.78,440.42334476
1506528000,4073.78,4085,4073.78,4084.97,299.96791842
1506531600,4083,4089.93,4084.98,4089.92,276.03151787
1506535200,4089.91,4184.66,4089.92,4184.51,1845.88030979
1506538800,4163.53,4185.42,4184.51,4182.01,835.56215135
1506542400,4150,4182.01,4182.01,4154.27,619.61357508
1506546000,4150,4189.98,4154.27,4189.98,596.12404899
1506549600,4180,4210.75,4189.98,4199.02,959.23580549
1506553200,4190,4228.39,4199.02,4200,791.62081249
1506556800,4168.1,4210,4200,4179.05,512.7274618
1506560400,4170,4192,4179.05,4180.03,251.53106412
1506564000,4150.56,4180.78,4180.03,4169.8,414.87573637
1506567600,4155.71,4198,4169.8,4197.99,374.04223189
1506571200,4193.6,4258.87,4197.99,4251.5,628.99186318
1506574800,4230.02,4253,4251.5,4237.77,326.52579707
1506578400,4222.69,4250.74,4237.77,4245.08,221.68190001
1506582000,4220,4245.09,4245.09,4232,154.98067669
1506585600,4231.99,4269.95,4232,4262.92,164.48232532
1506589200,4249.46,4269.93,4262.92,4266.26,133.60923282
1506592800,4167.91,4266.27,4266.27,4184.29,566.92149656
1506596400,4175,4213,4184.3,4201.1,255.68025095
1506600000,4180.7,4213.61,4202.41,4212.21,232.06652228
1506603600,4190.2,4213.61,4212.2,4190.29,293.44054313
1506607200,4127.75,4190.29,4190.29,4138.96,633.16076903
1506610800,4122,4148.03,4138.97,4139.02,354.5816437
1506614400,4139.03,4168.13,4139.03,4155.57,296.66082127
1506618000,4155.57,4199.67,4155.57,4188.02,450.28557291
1506621600,4150,4188.02,4188.02,4150.01,289.3879383
1506625200,4142.31,4160.09,4150.01,4150.02,310.5113373
1506628800,4149.99,4164.51,4150.02,4164.5,309.58016849
1506632400,4164.5,4194.48,4164.5,4193,321.81568709
1506636000,4180,4198.28,4193,4180.02,250.02303767
1506639600,4175.92,4191.99,4180.02,4189.42,156.38281259
1506643200,4185,4193,4189.42,4193,166.80890644
1506646800,4155.99,4196.92,4193,4155.99,337.44244902
1506650400,4064.57,4156,4156,4078.07,1154.67546047
1506654000,4017.72,4117.34,4078.06,4057.5,1230.25421705
1506657600,4051.03,4110.67,4057.49,4073.2,721.52328438
1506661200,4015.17,4073.01,4073.01,4032,528.49935441
1506664800,4031.99,4056.46,4032,4051.82,234.01180091
1506668400,4050.97,4100,4051.82,4099,189.97983663
1506672000,4079,4125.68,4099,4109.01,206.70897166
1506675600,4081.19,4119.01,4109.01,4102.13,174.6723337
1506679200,4100,4144,4102.13,4144,192.45503863
1506682800,4143.99,4200,4144,4199.41,351.19769496
1506686400,4178.95,4212.99,4199.42,4212.99,505.71142022
1506690000,4165.72,4212.99,4212.99,4184.81,535.53742977
1506693600,4170.96,4204.21,4184.81,4179.41,327.56276952
1506697200,4179.4,4196.16,4179.41,4187.37,267.5700566
1506700800,4187.36,4209.99,4187.37,4201.27,651.33055119
1506704400,4139.91,4201.99,4201.28,4166.76,693.20920282
1506708000,4151,4190,4166.77,4165.98,538.60733031
1506711600,4165.5,4169.99,4165.98,4168.33,248.11062061
1506715200,4155.36,4184.93,4168.33,4172.35,486.395673
1506718800,4166.81,4180,4171.75,4178.52,146.03704007
1506722400,4147.36,4183.13,4178.52,4160.02,209.22767132
1506726000,4135,4160.72,4160.03,4156.99,263.30476702
1506729600,4143.52,4169.99,4156.99,4167.98,208.91495376
1506733200,4167.98,4200.08,4167.98,4200.08,373.37334397
1506736800,4200.07,4201.18,4200.08,4201.18,177.82903291
1506740400,4174.83,4201.99,4201.18,4196.86,245.95077341
1506744000,4189.7,4198.02,4196.86,4195.02,137.80427827
1506747600,4191.51,4210,4195.02,4210,323.98873163
1506751200,4210,4248,4210,4248,215.31379986
1506754800,4232.35,4284.97,4248,4280.09,279.13777515
1506758400,4245.49,4280.1,4280.1,4254.96,149.00059511
1506762000,4246.8,4259.24,4254.96,4253.8,96.2416624
1506765600,4253.8,4273.99,4253.8,4266.1,268.69523546
1506769200,4258,4279.39,4266.1,4259,157.478662
1506772800,4257.13,4275,4259,4275,120.97478119
1506776400,4270.34,4284.88,4275,4274.99,189.48440293
1506780000,4275,4295.73,4275,4295.73,254.40103442
1506783600,4295.72,4330.36,4295.73,4330.26,579.08372787
1506787200,4290.01,4349.16,4330.26,4315.07,653.34780812
1506790800,4307.5,4320.1,4315.08,4320,236.94099637
1506794400,4318.87,4350,4320,4330.11,304.4242606
1506798000,4321.93,4336.75,4330.11,4332.53,211.41517916
1506801600,4332.88,4350,4332.88,4338.75,331.92501443
1506805200,4310.68,4356.28,4338.75,4311.19,375.6936734
1506808800,4311.18,4340,4311.19,4336.03,226.52821768
1506812400,4330.81,4339.01,4336.03,4339,117.13051594
1506816000,4335.2,4357.85,4339.01,4337.83,477.85564932
1506819600,4300.78,4337.83,4337.83,4318,494.50600172
1506823200,4269.58,4322.97,4318,4269.58,368.10172001
1506826800,4256.92,4295.97,4269.58,4295.96,207.48200497
1506830400,4293.99,4307.48,4295.96,4300.97,172.01665597
1506834000,4293.99,4309.37,4300.97,4302.03,117.13356692
1506837600,4302.02,4315,4302.03,4314.91,94.96905392
1506841200,4313.34,4325.14,4314.91,4325.13,84.70662712
1506844800,4303.05,4325.14,4325.14,4303.27,88.13877316
1506848400,4300.02,4310.81,4303.27,4300.06,51.35402369
1506852000,4300.05,4321.01,4300.06,4308.56,59.87478063
1506855600,4308,4311.93,4308.56,4308,89.65350288
1506859200,4270.38,4308.01,4308.01,4279.95,275.60466478
1506862800,4257.02,4280.21,4279.95,4270.44,331.93499996
1506866400,4270.43,4292.01,4270.46,4290.23,155.60748914
1506870000,4281.26,4308.14,4290.24,4306.1,177.55220489
1506873600,4304.24,4318.5,4306.03,4316.01,123.08236773
1506877200,4292.73,4316.01,4316.01,4299.91,131.98111322
1506880800,4299.91,4313.96,4299.91,4309.95,163.92380052
1506884400,4306.18,4320.87,4309.95,4308.01,276.17768238
1506888000,4306.69,4335.84,4308.01,4335.84,298.57501687
1506891600,4335.84,4346.5,4335.84,4346,203.24671897
1506895200,4345.99,4383.2,4346,4378,519.50993366
1506898800,4377.99,4396.99,4378,4394.81,403.92361754
1506902400,4388.11,4420,4394.81,4420,726.45854959
1506906000,4405,4424.95,4420,4405.02,480.48721346
1506909600,4393.98,4414.5,4405.02,4399.94,253.51286551
1506913200,4384.32,4409.89,4399.94,4409.01,210.43598183
1506916800,4409,4437.51,4409.01,4419.99,267.61075958
1506920400,4419.98,4449,4419.99,4448.33,199.6232496
1506924000,4440.08,4449,4448.33,4445.13,137.63272892
1506927600,4435,4455.55,4445.13,4435.01,187.92857315
1506931200,4435,4448.98,4435.01,4448.85,85.50803706
1506934800,4448.84,4470,4448.85,4464.49,165.16694662
1506938400,4450.27,4469,4464.49,4461.63,198.4956979
1506942000,4399,4461.63,4461.63,4399.51,331.11588148
1506945600,4378.22,4417.91,4399.51,4383,552.34226281
1506949200,4382.99,4414.98,4383,4407.01,385.56922918
1506952800,4406.1,4423,4407.01,4423,368.01210569
1506956400,4371,4423,4423,4376.81,548.6491443
1506960000,4376.8,4413.66,4376.81,4394.77,407.64817588
1506963600,4367.73,4399.58,4394.78,4372.32,557.00018291
1506967200,4361.99,4386.27,4372.32,4375.6,557.82922032
1506970800,4375.59,4407.25,4375.6,4399.98,359.46746536
1506974400,4357,4404.96,4399.98,4380,644.13820863
1506978000,4354.23,4399,4380.01,4375.91,460.42420744
1506981600,4364.36,4378.18,4378.09,4368.07,221.15845925
1506985200,4368.06,4394.2,4368.07,4392.71,341.54284547
1506988800,4375.33,4392.71,4392.71,4381.72,180.64909846
1506992400,4378.27,4415,4381.72,4409.27,280.39247291
1506996000,4406.64,4419.95,4409.27,4410.86,296.32825881
1506999600,4409,4417.98,4410.86,4417.01,145.56038686
1507003200,4412.43,4417.01,4417.01,4412.43,119.23478745
1507006800,4300,4412.44,4412.44,4305.36,835.39039892
1507010400,4275.73,4323,4305.36,4292.01,580.37906737
1507014000,4267.01,4314,4292.01,4290.32,292.65361448
1507017600,4282.45,4360,4290.32,4333.99,1482.31502352
1507021200,4296.95,4333.99,4333.99,4297.33,162.1565304
1507024800,4255,4360,4297.33,4333.99,1735.43503387
1507028400,4302.59,4334,4334,4311.89,248.79872047
1507032000,4264.37,4311.89,4311.89,4264.37,343.82062062
1507035600,4242.42,4277.19,4264.38,4245.97,540.56980053
1507039200,4240,4295.47,4245.97,4278.77,661.32577605
1507042800,4277.23,4300,4278.77,4293.75,288.25188269
1507046400,4273,4311.41,4294.99,4282.42,465.56709829
1507050000,4280,4285,4282.42,4285,240.11258909
1507053600,4284.99,4298,4285,4298,242.25210625
1507057200,4261.77,4298,4298,4274.01,344.59411148
1507060800,4265,4286.99,4274.01,4282.46,251.36908086
1507064400,4275.93,4291.86,4282.47,4276.19,227.65459592
1507068000,4276.18,4294.99,4276.19,4294.99,232.24888045
1507071600,4294.98,4309.31,4294.99,4307.99,409.0462837
1507075200,4282.57,4312.78,4307.99,4289.99,334.12441986
1507078800,4276,4300.59,4290,4300.02,230.29852141
1507082400,4283.52,4300.52,4300.02,4297.95,203.44787035
1507086000,4295.11,4306.8,4297.95,4300.35,162.83461665
1507089600,4300.35,4309.04,4300.35,4308.33,144.93032942
1507093200,4308.33,4344,4308.33,4336.78,424.27428751
1507096800,4330,4343.53,4336.78,4330.01,118.28854912
1507100400,4327.27,4340,4330.01,4330.56,184.15350472
1507104000,4256.9,4330.56,4330.56,4282.21,310.57149491
1507107600,4250,4289.26,4282.21,4250.01,153.36386583
1507111200,4225.11,4250.39,4250.01,4250.39,223.76229876
1507114800,4238.08,4250.79,4250.38,4246.77,116.21800383
1507118400,4175.3,4259.9,4246.77,4200.08,513.69131286
1507122000,4183.6,4227.98,4200.08,4223.03,568.1867657
1507125600,4210,4223.04,4223.04,4210.01,305.25072361
1507129200,4201.17,4224.95,4210.01,4218.75,299.88240728
1507132800,4192.5,4220,4218.75,4210.03,350.21912617
1507136400,4202.84,4214.81,4210.03,4207.94,236.89864139
1507140000,4185,4207.94,4207.94,4196.34,256.30569157
1507143600,4188.99,4209.89,4196.35,4208,233.81088041
1507147200,4195.01,4208.01,4208.01,4199.88,200.99214247
1507150800,4199.87,4215,4199.88,4214.99,297.60764082
1507154400,4207,4233.29,4215,4226.27,211.09745339
1507158000,4201.39,4232.94,4226.27,4214.84,475.06042068
1507161600,4210.32,4224.24,4214.84,4222.01,134.15770631
1507165200,4222,4241.15,4222.01,4232.56,202.59516437
1507168800,4230,4235.51,4232.56,4230.03,147.03023837
1507172400,4170,4230.99,4230.03,4178.82,442.45601001
1507176000,4151,4178.82,4178.82,4165,386.34168942
1507179600,4150.01,4166.81,4165,4150.02,195.26794821
1507183200,4150.01,4164.75,4150.02,4158.22,156.79987379
1507186800,4154.87,4162.97,4158.22,4162.05,72.86204261
1507190400,4151,4164.69,4162.05,4154.01,83.97417121
1507194000,4154,4202.8,4154.01,4202.01,170.14502667
1507197600,4202.01,4241.8,4202.01,4241.79,233.27204875
1507201200,4241.74,4249,4241.8,4243.82,149.67006507
1507204800,4243.81,4325.99,4243.82,4318.15,500.15542217
1507208400,4297.04,4331.33,4318.15,4315.01,437.27169875
1507212000,4288.82,4316.51,4315.01,4299.99,305.03542926
1507215600,4300,4334.3,4300,4321.98,305.20028753
1507219200,4307.16,4321.98,4321.98,4308.31,312.89385684
1507222800,4280.11,4308.36,4308.31,4297,282.37729304
1507226400,4297,4338.88,4297,4336.01,398.69512446
1507230000,4331.46,4365.21,4336.01,4356.63,334.31380733
1507233600,4339.9,4356.64,4356.64,4346.19,440.65361954
1507237200,4331,4349.77,4346.23,4331.01,247.71356734
1507240800,4331.01,4362.65,4331.02,4358.78,198.22159651
1507244400,4300,4358.78,4358.78,4320.04,345.22409683
1507248000,4299.99,4322.98,4320.02,4322.98,151.764131
1507251600,4322.97,4329.99,4322.98,4324.7,237.97723226
1507255200,4318.59,4325.97,4324.7,4318.59,101.35705546
1507258800,4318.57,4326.18,4318.59,4326.18,112.21047417
1507262400,4318.58,4326.18,4326.18,4324.99,111.67556324
1507266000,4324.48,4389.69,4324.99,4384.84,424.24383121
1507269600,4373.96,4397.96,4384.83,4393.9,371.0347703
1507273200,4380.82,4400,4393.9,4397.66,188.15848732
1507276800,4388.34,4400,4397.67,4396.21,130.07837491
1507280400,4384,4399.98,4396.21,4399.97,100.86009578
1507284000,4391.26,4407,4399.98,4391.26,255.20059062
1507287600,4385.5,4398.02,4391.26,4396.75,129.42852558
1507291200,4378.78,4399.99,4396.76,4383.02,221.79477194
1507294800,4348,4383.02,4383.02,4360.51,376.88958277
1507298400,4355.42,4392,4360.51,4387.86,267.3155577
1507302000,4379.8,4389,4387.86,4382.01,390.00949017
1507305600,4361.01,4383,4382.01,4381,525.20776801
1507309200,4350,4395,4382.92,4350.02,436.23854688
1507312800,4328.19,4354.03,4350.02,4343.51,460.56907136
1507316400,4320,4344.17,4343.51,4344.01,317.94337291
1507320000,4337.7,4350.72,4344.01,4346.46,224.42558382
1507323600,4338.05,4346.46,4346.46,4340.47,304.33073786
1507327200,4339.96,4351,4340.46,4347.82,292.14666758
1507330800,4347.28,4374.6,4347.82,4362.99,310.86532078
1507334400,4360,4387.15,4363,4370.6,256.68784651
1507338000,4360,4374.1,4371.02,4368.57,204.04100108
1507341600,4350.03,4369.04,4368.18,4362.47,200.84276442
1507345200,4355.83,4369.04,4362.47,4369,123.20283083
1507348800,4366.3,4369,4369,4368.3,80.35178164
1507352400,4363.1,4368.69,4368.3,4368.68,126.45011273
1507356000,4345,4370,4368.69,4345.04,131.02178851
1507359600,4329.17,4345.04,4345.04,4331.33,102.28809446
1507363200,4331.32,4345,4331.33,4345,52.24253257
1507366800,4343.47,4346.64,4345,4343.48,35.90551935
1507370400,4327.76,4345.33,4343.48,4327.76,39.92265844
1507374000,4320,4331.53,4327.46,4325.01,111.96931418
1507377600,4325,4340.19,4325.01,4340.19,62.67293533
1507381200,4340.18,4357.99,4340.19,4357.99,85.94058324
1507384800,4341.55,4358,4357.99,4341.61,119.66660042
1507388400,4336.82,4346.98,4341.61,4346.98,214.27245081
1507392000,4328.7,4348.58,4346.98,4342.26,214.83126959
1507395600,4341.49,4356.25,4342.26,4356.25,105.11840792
1507399200,4351.11,4356.25,4356.25,4352.02,99.48774183
1507402800,4345.01,4352.02,4352.02,4346.8,106.69298702
1507406400,4326,4348.96,4346.8,4339.99,355.00034405
1507410000,4336.33,4347,4339.99,4346.81,126.00400365
1507413600,4344.03,4444,4346.81,4444,714.05738608
1507417200,4419.9,4449.42,4441.52,4425,509.57993822
1507420800,4424.99,4449.22,4425,4442.01,233.91031003
1507424400,4437.04,4446.49,4442.01,4446.49,149.07434942
1507428000,4420.01,4446.49,4446.49,4433.99,161.45116038
1507431600,4433.5,4443,4434,4443,142.47825578
1507435200,4421.04,4443,4443,4424.78,199.44789542
1507438800,4424.77,4438.09,4424.78,4438.09,124.90181789
1507442400,4437.75,4463.89,4438.09,4463.68,254.12975422
1507446000,4450,4463.69,4463.69,4450.01,154.30859286
1507449600,4450,4464.03,4450.01,4456.09,146.145549
1507453200,4454,4457.92,4456.09,4456.25,82.42369603
1507456800,4456.25,4477.99,4456.26,4477.98,144.69457602
1507460400,4477.98,4477.99,4477.99,4477.98,102.14890521
1507464000,4460.01,4477.99,4477.99,4469.76,156.63125532
1507467600,4467.5,4525.28,4469.76,4518.84,904.2319185
1507471200,4518.01,4542.09,4518.85,4528,415.90768427
1507474800,4527.99,4569.99,4528,4569.99,625.42910311
1507478400,4547.52,4574,4569.99,4557.33,480.46962797
1507482000,4557.32,4570,4557.33,4565.13,276.83002999
1507485600,4539.76,4569.01,4567.13,4547,311.9255091
1507489200,4543.12,4587.82,4547,4587.82,353.70635324
1507492800,4583,4612,4587.82,4583,711.04260046
1507496400,4568.16,4590.24,4583.01,4586.8,414.19428197
1507500000,4584.88,4607.38,4586.8,4607.38,401.78298202
1507503600,4600,4608.99,4607.38,4603.49,212.5055752
1507507200,4572.03,4605.04,4603.5,4585,399.01445125
1507510800,4585,4609.01,4585,4609.01,287.49005593
1507514400,4599.99,4620,4609.01,4616.85,364.36692654
1507518000,4615.27,4631.78,4616.86,4631.78,379.9845732
1507521600,4580.19,4633.7,4631.78,4580.2,483.99314325
1507525200,4580.19,4616.37,4580.2,4588.61,320.89435127
1507528800,4561,4593.3,4588.62,4561.02,240.72531884
1507532400,4561.01,4580.59,4561.02,4579.92,114.8443867
1507536000,4570,4581.78,4579.92,4570,116.17848925
1507539600,4567.09,4580.1,4570.01,4580.1,129.98258764
1507543200,4580,4605,4580.1,4593.11,149.48041392
1507546800,4585.88,4609.28,4593.11,4585.88,156.40909776
1507550400,4580.75,4600,4585.89,4583.83,175.7074078
1507554000,4579.63,4610,4585.48,4609.02,344.62523661
1507557600,4604.51,4670,4609.02,4662.61,838.8507852
1507561200,4645.25,4668.36,4662.61,4645.25,510.64997719
1507564800,4629.99,4647.08,4645.26,4644.24,343.26373687
1507568400,4644.23,4700.31,4644.24,4700.31,855.86764374
1507572000,4685.05,4750,4700.31,4750,1462.2469361
1507575600,4749.99,4875.39,4750,4801.36,2620.79560418
1507579200,4751,4842.18,4802.69,4842.18,1848.03629068
1507582800,4789.99,4842.18,4842.18,4810.92,545.47706034
1507586400,4735.12,4825,4810.92,4740,979.28989705
1507590000,4739.99,4805.61,4740,4769.55,605.69395751
1507593600,4769.55,4850,4769.55,4850,1071.77464509
1507597200,4803.5,4857.12,4850,4803.5,713.00411681
1507600800,4787.15,4817.84,4803.51,4817.02,458.17020158
1507604400,4777.72,4817.02,4817.02,4780.01,314.19608715
1507608000,4780,4819.21,4780.01,4798.48,279.43019867
1507611600,4781.73,4813.83,4798.48,4813.69,452.86853013
1507615200,4813.69,4836.96,4813.7,4836.95,338.42309857
1507618800,4790,4838,4836.95,4790.03,265.9598785
1507622400,4760,4807.67,4790.03,4788.01,449.71983269
1507626000,4767.01,4797.77,4788.01,4776.51,211.22228989
1507629600,4760,4807.09,4776.51,4800.05,292.0713529
1507633200,4800.01,4819.67,4800.05,4803.63,186.35713493
1507636800,4803.56,4830,4803.63,4830,242.97141416
1507640400,4803.1,4839,4830,4818.03,300.9009593
1507644000,4788.85,4827.99,4818.03,4793.86,330.70216563
1507647600,4793.03,4802.1,4793.86,4802.01,340.35542733
1507651200,4799.5,4856,4802.01,4855.99,774.19542903
1507654800,4855.99,4898.98,4856,4894.11,1347.54388086
1507658400,4853.78,4925.65,4892.99,4875,1619.16268716
1507662000,4849.76,4882,4875,4866.41,848.28104498
1507665600,4861,4878.63,4866.41,4869.67,338.65578839
1507669200,4808.1,4869.67,4869.67,4816,532.2732148
1507672800,4706,4816,4816,4774.58,1264.43979762
1507676400,4701.53,4794.47,4774.89,4750,737.02888635
1507680000,4720.21,4768,4750,4722.69,394.94167022
1507683600,4722.7,4755,4722.7,4755,293.36070427
1507687200,4754.99,4774,4755,4772.41,413.98922024
1507690800,4730,4774.99,4772.41,4735.87,306.24012266
1507694400,4725.1,4745.31,4735.67,4745,307.8621068
1507698000,4734.54,4759.62,4745,4757.29,144.93660165
1507701600,4757.28,4774.99,4757.29,4764.6,153.78698258
1507705200,4764.59,4789.99,4764.6,4788.91,224.01088043
1507708800,4788.04,4819.99,4788.91,4814.28,260.50453974
1507712400,4798.77,4814.29,4814.29,4799.87,107.34100798
1507716000,4799.87,4829.99,4799.87,4809.99,218.40062751
1507719600,4794.36,4824.42,4809.99,4794.37,168.25610362
1507723200,4757.48,4799.87,4794.37,4762.01,207.41645614
1507726800,4762,4775,4762.01,4774.01,227.10849438
1507730400,4765.18,4790.97,4774.01,4778.24,238.21043475
1507734000,4774.98,4839.71,4778.24,4839.01,454.82163958
1507737600,4834.34,4858,4839.01,4840.97,418.90964047
1507741200,4821.57,4856.1,4840.97,4831,338.30768306
1507744800,4815,4834.95,4831,4834.95,326.55181937
1507748400,4828,4869.97,4834.95,4837.22,610.71729032
1507752000,4824.89,4847.9,4837.22,4827.44,304.97776343
1507755600,4790,4827.59,4827.44,4798.01,538.2013838
1507759200,4789.05,4820,4798.01,4814.56,366.7669272
1507762800,4807.64,4814.99,4814.56,4814.99,213.25866159
1507766400,4809.59,4833.05,4814.99,4832.21,488.64683434
1507770000,4822.81,4839.5,4833.04,4832.05,342.28835138
1507773600,4831,4849.99,4832.05,4849.78,551.26240893
1507777200,4835.5,4849.95,4849.76,4848,244.03820452
1507780800,4838,4849.99,4848,4838.01,272.79387574
1507784400,4832.22,4888,4838.01,4886.55,670.50465707
1507788000,4883,4898,4886.55,4897.98,372.22349357
1507791600,4892.88,4971.15,4897.98,4971.15,914.94657621
1507795200,4971.15,5180.99,4971.15,5102.77,2906.79337214
1507798800,5088.24,5187.75,5102.77,5150,1009.31492856
1507802400,5090,5190,5150,5188.99,752.76565479
1507806000,5150.01,5230,5189,5159.1,903.94429149
1507809600,5161.67,5218,5161.68,5195.64,591.13562207
1507813200,5165.01,5205.13,5195.64,5170.65,851.56766089
1507816800,5170.64,5190,5170.65,5190,437.33370099
1507820400,5190,5298.11,5190,5297.06,1037.19158094
1507824000,5274.38,5394.86,5297.06,5334.66,1857.23269846
1507827600,5241.01,5370,5334.2,5266.45,1375.13593625
1507831200,5216.29,5341.91,5266.64,5313,855.73770679
1507834800,5278,5318.9,5313,5289.08,801.21956081
1507838400,5289.07,5345,5289.08,5316.56,577.10598912
1507842000,5272.33,5337,5316.57,5296.97,501.02980672
1507845600,5280,5329.5,5295.95,5315.01,367.72200296
1507849200,5315,5440.92,5315.01,5440,1415.75354037
1507852800,5390,5474,5440,5410,1304.24060686
1507856400,5400.56,5537.75,5410,5537.75,1135.9819957
1507860000,5537.07,5867,5537.75,5629.5,5228.35348165
1507863600,5571,5739.95,5653.58,5712.01,2415.64716669
1507867200,5692.47,5829,5712.01,5731.5,1373.7164255
1507870800,5491.01,5750,5731.5,5491.01,2479.36301545
1507874400,5420,5572.57,5491.01,5515.59,1515.84258613
1507878000,5450,5629.95,5515.59,5620.01,739.3486751
1507881600,5595.58,5710,5620.01,5630.97,529.74727714
1507885200,5630.96,5715.58,5630.97,5707.98,280.90988123
1507888800,5600,5713.75,5707.98,5621.75,326.12513918
1507892400,5564.73,5663.71,5622.49,5626.35,481.64674102
1507896000,5519.1,5640,5626.35,5534.96,819.16601183
1507899600,5534.96,5633.99,5534.96,5633.99,518.55864952
1507903200,5633.98,5780,5633.99,5728.25,1144.99095224
1507906800,5676.58,5729.1,5729.09,5714.95,540.32440942
1507910400,5656.38,5714.95,5714.94,5671.6,749.03096275
1507914000,5617.65,5713.33,5671.6,5690.02,740.51058654
1507917600,5634.19,5690.02,5690.02,5644.89,580.65255908
1507921200,5471.94,5645.01,5645.01,5495,1546.24695212
1507924800,5494,5619,5494.99,5618.9,714.4279972
1507928400,5535.23,5618.28,5618.28,5575.86,469.04432456
1507932000,5535,5610,5574.93,5610,523.65722694
1507935600,5576.04,5624.99,5610,5624.8,440.44163495
1507939200,5581.32,5625,5624.87,5591.01,275.72093083
1507942800,5585.55,5615,5591.01,5609.12,246.18191586
1507946400,5609.11,5689.87,5609.12,5655.76,559.08860202
1507950000,5652,5679.99,5655.59,5659.99,279.83507357
1507953600,5639.51,5679.97,5659.99,5639.52,295.07844113
1507957200,5588,5639.52,5639.52,5596.7,378.16397841
1507960800,5567.86,5596.7,5596.7,5588.2,250.66433182
1507964400,5588.2,5614,5588.2,5600.01,208.73848627
1507968000,5580,5631.22,5600.01,5611.3,239.60394975
1507971600,5584,5622.02,5611.31,5607.34,249.75655004
1507975200,5585,5675.45,5607.04,5675.45,309.95043763
1507978800,5675.45,5715.7,5675.45,5679.96,728.44153286
1507982400,5655.32,5704.01,5679.91,5676.71,270.53720767
1507986000,5669.37,5707,5676.71,5694.99,271.89981564
1507989600,5680.86,5736,5694.99,5726.15,516.77187735
1507993200,5697.55,5739.8,5726.15,5709.83,441.71413521
1507996800,5709.82,5749,5709.83,5749,406.83532019
1508000400,5723.72,5762.3,5749,5753.05,384.5871155
1508004000,5668.05,5755.92,5753,5696.51,539.35209202
1508007600,5686.93,5700,5696.51,5699.99,270.2558301
1508011200,5683.66,5700,5699.99,5698.99,214.08926518
1508014800,5695.01,5724.5,5698.99,5724.5,320.49491246
1508018400,5724.5,5739.99,5724.5,5739.98,258.8715386
1508022000,5739.98,5839.8,5739.98,5819.13,1082.57033583
1508025600,5802,5829.95,5819.13,5802.01,467.19383749
1508029200,5781.53,5833,5802.01,5820.24,679.24370838
1508032800,5820.19,5849.83,5820.19,5849.1,488.32652919
1508036400,5781.53,5849.1,5849.1,5795.01,432.20432923
1508040000,5737,5803.69,5795.01,5748.6,456.50048575
1508043600,5727.13,5759.72,5748.6,5756.1,203.53822891
1508047200,5730,5761.94,5756.1,5735.92,195.57237521
1508050800,5729.88,5765,5735.92,5754.45,189.74067969
1508054400,5518.04,5754.45,5754.44,5593.99,1354.23921199
1508058000,5465.02,5593.97,5593.97,5555.01,813.52193264
1508061600,5537.16,5598.99,5555.01,5585.08,432.45867971
1508065200,5455.5,5602.31,5585.08,5455.51,481.86698682
1508068800,5455.5,5535,5455.51,5490,680.19757503
1508072400,5475,5551,5490.01,5551,344.65220187
1508076000,5527.84,5566.51,5551,5566.45,318.61814074
1508079600,5548,5597.99,5566.45,5557.14,314.73793831
1508083200,5480,5568.38,5557.13,5516.46,601.48470573
1508086800,5508,5535,5516.46,5515.15,329.75765761
1508090400,5501.01,5542.11,5515.15,5528.82,206.67321908
1508094000,5517.21,5544,5528.82,5522.03,220.09108371
1508097600,5490,5532.39,5522.03,5524.56,700.02726659
1508101200,5503.02,5574.97,5524.56,5574.97,600.70346566
1508104800,5574.93,5709,5574.93,5708.99,787.92697111
1508108400,5657.19,5729.95,5708.99,5693.7,518.05107736
1508112000,5672.96,5723.02,5693.7,5715.99,315.06872579
1508115600,5651,5719,5719,5673.66,316.11960568
1508119200,5671.4,5712.29,5673.66,5677,417.62800987
1508122800,5607.27,5700,5677,5610.01,415.68561118
1508126400,5608,5634.9,5610.01,5608.01,196.14089566
1508130000,5602,5671,5608.01,5661.47,285.81828296
1508133600,5619.93,5661.28,5661.28,5661,214.39523053
1508137200,5576.52,5661,5661,5623.19,342.28567017
1508140800,5590,5639.82,5623.19,5615.01,149.14449252
1508144400,5575.55,5653.99,5615.01,5645,174.97791161
1508148000,5639.64,5725,5645,5705.01,297.62800598
1508151600,5705,5751,5705.01,5749.5,497.04129943
1508155200,5710,5753,5749.5,5719.97,327.37916937
1508158800,5672.41,5725,5719.97,5682.2,319.95408151
1508162400,5679.24,5705,5682.08,5696.61,339.67236328
1508166000,5670,5699.99,5696.61,5699.97,587.65565169
1508169600,5643.45,5699.97,5699.97,5648,411.66553408
1508173200,5647.35,5700.57,5648.01,5689.36,433.98643446
1508176800,5679,5697.49,5689.36,5693.21,392.06089002
1508180400,5692.59,5715,5693.21,5715,681.67823267
1508184000,5681.6,5735.87,5714.99,5694.7,419.66305731
1508187600,5684.59,5719.97,5694.7,5709.36,369.5027661
1508191200,5706.82,5716.9,5709.36,5716.89,200.14265588
1508194800,5716.88,5785.3,5716.89,5754.9,715.36582229
1508198400,5749.57,5769.69,5754.9,5762.57,288.04601128
1508202000,5610,5769.99,5763,5621.94,927.99371434
1508205600,5617.03,5671.55,5621.93,5655.75,451.66751677
1508209200,5612.13,5663.8,5655.76,5659.83,360.49465289
1508212800,5653.01,5682.07,5659.83,5671.01,264.38364698
1508216400,5621.28,5671.01,5671.01,5621.28,293.94100315
1508220000,5621.26,5686.99,5621.28,5663.23,252.24195372
1508223600,5650,5687,5663.23,5653.3,145.07448765
1508227200,5651.58,5687,5653.3,5686.99,113.84731846
1508230800,5669.9,5687,5687,5679.94,128.02121119
1508234400,5650,5680.22,5679.94,5650.01,104.77646247
1508238000,5561.59,5653.34,5650.01,5580,675.65599144
1508241600,5525,5587.6,5580,5563.15,735.33932385
1508245200,5563.14,5598.23,5563.15,5598.23,292.53067301
1508248800,5580.47,5620.84,5598.23,5580.48,353.68743851
1508252400,5578.88,5590,5580.48,5589.51,249.31560628
1508256000,5543.77,5590,5589.51,5575.79,607.46353738
1508259600,5557.45,5633,5575.79,5599.56,888.17245794
1508263200,5540,5625,5599.56,5606,421.71164807
1508266800,5606,5630,5606.01,5628.16,196.65163367
1508270400,5555,5630,5628.16,5580,380.3010797
1508274000,5577,5597.59,5580,5577.01,356.69277051
1508277600,5570,5597.84,5577.01,5571.34,245.94033572
1508281200,5568.01,5605.88,5571.34,5594,387.45637452
1508284800,5501.11,5596.76,5593.97,5517.01,724.51946428
1508288400,5490.01,5527.99,5517.01,5492.99,645.69217155
1508292000,5460.3,5524.52,5493,5501.01,584.02100303
1508295600,5460.14,5501.01,5501.01,5496.01,538.58927515
1508299200,5496,5541.87,5496.01,5530.01,315.70050401
1508302800,5508,5544.79,5530.01,5508.02,238.87724791
1508306400,5335.01,5508.51,5508.02,5340.01,1146.07346694
1508310000,5300.55,5387.57,5340.01,5309.9,554.04680495
1508313600,5259.02,5368.96,5308.51,5365.02,689.7761589
1508317200,5354.02,5411.68,5365.02,5368.27,309.36512943
1508320800,5273,5368.27,5368.27,5323.23,393.02361314
1508324400,5256,5324,5324,5306.51,638.54405237
1508328000,5281.75,5342.95,5306.51,5286,501.71001442
1508331600,5156.5,5286,5286,5156.5,990.79676868
1508335200,5102,5247.34,5156.51,5217.15,1683.74604211
1508338800,5200,5391.74,5217.15,5342.01,1507.72344784
1508342400,5342.01,5442.93,5342.02,5386,1553.24383476
1508346000,5364.04,5440.49,5386,5384.03,712.10849998
1508349600,5380,5440,5384.03,5403.14,581.84692776
1508353200,5390,5417.64,5403.14,5396.95,377.9065085
1508356800,5396.94,5520.87,5396.95,5520.87,925.71584649
1508360400,5500,5548.99,5520.87,5507.51,670.38552912
1508364000,5507.51,5599.13,5507.51,5587.95,756.84959468
1508367600,5560,5600,5587.95,5574.44,580.22959842
1508371200,5529.44,5575,5574.02,5555.97,473.24437639
1508374800,5549.23,5645,5555.98,5624.51,668.5552609
1508378400,5571.01,5636.25,5625,5595.39,400.94980065
1508382000,5588.32,5631.63,5595.39,5631.63,294.72839495
1508385600,5617.53,5650.89,5631.63,5636.01,349.60052747
1508389200,5588.43,5649.56,5636.02,5590,228.18327732
1508392800,5560,5623.34,5590,5560,187.7702029
1508396400,5536.53,5614.1,5560.01,5605.63,217.98077012
1508400000,5593.41,5656.56,5605.63,5623.83,206.08634726
1508403600,5607.33,5690,5623.83,5688.91,223.81436294
1508407200,5671.91,5718.94,5688.91,5686,377.43952092
1508410800,5671,5710.21,5686,5692.6,157.30366903
1508414400,5635,5699.97,5692.58,5662.23,374.04970542
1508418000,5650,5750,5662.22,5743,530.26892843
1508421600,5702.5,5743.01,5743.01,5712,576.7235474
1508425200,5614.23,5727.12,5712,5650.22,578.07050169
1508428800,5625.01,5697,5650.22,5678.42,392.57922926
1508432400,5655.12,5683.52,5678.42,5674.6,272.42341174
1508436000,5655.12,5676.06,5674.72,5673.11,247.44092891
1508439600,5626,5673.11,5673.11,5634.96,468.55913798
1508443200,5634.95,5719.49,5634.96,5701.69,557.74500715
1508446800,5691.09,5719.71,5701.69,5719.7,399.42958718
1508450400,5690,5730,5719.7,5711.71,448.23006509
1508454000,5689.97,5724.99,5711.71,5704.01,277.37996117
1508457600,5704,5714.9,5704,5714.9,220.69528475
1508461200,5692.31,5714.99,5714.9,5699.43,224.11576653
1508464800,5655.9,5702,5698.85,5677.28,305.19592952
1508468400,5671.14,5694.99,5671.3,5690.62,214.5211975
1508472000,5682.38,5702,5690.62,5694.2,346.24200115
1508475600,5651,5694.2,5694.2,5671.85,238.66402877
1508479200,5630,5678.05,5671.85,5631.06,273.24078309
1508482800,5631.05,5657.3,5631.06,5653.66,112.46871365
1508486400,5650.82,5676,5653.66,5654.02,112.18175741
1508490000,5642,5660.66,5654.02,5649.34,115.09693216
1508493600,5648.55,5672.81,5649.38,5670.11,91.20344336
1508497200,5653.32,5678.57,5670.11,5666.11,124.29899241
1508500800,5653,5666.11,5666.11,5661.99,114.49596282
1508504400,5661.97,5700,5661.99,5700,290.25133281
1508508000,5699.99,5950,5700,5903.45,3098.86934585
1508511600,5903.44,5997,5903.45,5958.1,2544.35165407
1508515200,5932.75,5988,5958.24,5970.3,961.17323546
1508518800,5892.2,5985.01,5985.01,5944.02,1132.32441059
1508522400,5944.01,5975,5944.02,5967.88,929.6236005
1508526000,5967.99,6050,5968,6050,1696.77477376
1508529600,5940.65,6063.99,6050,5972.63,1970.1597196
1508533200,5940.05,5992.77,5972.64,5971.96,631.01155536
1508536800,5950.8,5989.1,5971.96,5989.1,456.48390263
1508540400,5984.27,6019,5989.1,5989.1,505.53724025
1508544000,5956,5993.03,5989.1,5974.99,410.43005224
1508547600,5968.33,6071,5974.99,6050.43,993.98610361
1508551200,6049.99,6085.95,6050.43,6064.27,670.90360281
1508554800,6064.26,6111.4,6064.27,6099.89,926.25102021
1508558400,6009,6149.99,6099.88,6041.95,1414.56775391
1508562000,6025.55,6084.42,6042.49,6075.2,484.72602141
1508565600,6057.12,6089.88,6075.2,6080,235.14990963
1508569200,6079.99,6120,6080,6119.95,297.16089278
1508572800,6068.34,6119.95,6119.95,6094.99,289.15813243
1508576400,6071.28,6094.99,6094.99,6088.97,161.31123737
1508580000,6080.95,6123.6,6088.97,6109.95,225.46773318
1508583600,6109.94,6121.58,6109.95,6120.01,178.81654992
1508587200,6089,6143.78,6120.01,6100,550.71589759
1508590800,6099.99,6127,6100,6116.61,366.48576575
1508594400,6116.6,6189.1,6116.61,6140.7,1046.17995365
1508598000,6140,6172.73,6140.71,6165.91,546.37938381
1508601600,6126.02,6169.34,6165.91,6134.63,549.40057849
1508605200,5868.26,6134.63,6134.63,5991.52,2698.19868292
1508608800,5961.76,6066.16,5991.52,6066.16,720.55231624
1508612400,6018.54,6067.91,6066.16,6030.91,435.19501681
1508616000,6030.91,6111.11,6030.91,6098.01,411.01566622
1508619600,6065.34,6115.37,6098.22,6066.01,419.39208988
1508623200,6063.89,6094,6066.01,6091.28,272.43308111
1508626800,6010,6090.93,6090.93,6024.86,310.8578108
1508630400,6011,6082.3,6024.85,6070.84,310.22961267
1508634000,6050,6073.93,6071.19,6056.53,241.15484979
1508637600,5950,6056.53,6056.53,5958.78,829.11141591
1508641200,5950.1,5994.96,5958.79,5969.73,334.16579051
1508644800,5801.49,5969.73,5969.73,5805.01,1234.66990377
1508648400,5775,5920.01,5805,5879.39,933.15021162
1508652000,5810.11,5888.33,5879.39,5888.33,459.25734147
1508655600,5888.32,5968,5888.33,5944.89,304.43144822
1508659200,5898.06,5944.89,5944.89,5941.21,191.38671912
1508662800,5820,5943,5941.21,5836.03,281.22473557
1508666400,5806.05,5866.87,5836.02,5806.7,299.12952156
1508670000,5755.95,5835.51,5806.7,5830.36,638.1280659
1508673600,5770.01,5892.2,5830.36,5874.87,489.70449086
1508677200,5840.78,5893.47,5874.87,5860.01,234.3334509
1508680800,5855.7,5994.98,5860.01,5994.98,365.47892413
1508684400,5971.69,6042.13,5994.98,6018.87,454.86824195
1508688000,5950,6020,6014.91,5974.54,380.77436514
1508691600,5961.5,6002,5974.54,5990,292.90155586
1508695200,5897,5990,5990,5897,535.33294832
1508698800,5859.99,5930.55,5897.74,5890,568.80832674
1508702400,5856.08,5930,5890,5881.65,398.47329594
1508706000,5881.64,5919.68,5881.65,5919.68,261.62090464
1508709600,5919.67,5981.61,5919.68,5936.92,331.82070553
1508713200,5931,6030,5936.92,6005.05,400.27268681
1508716800,5949.99,6005.05,6005.05,5994.99,262.91226544
1508720400,5979.44,6050,5994.99,6026.99,367.6975595
1508724000,5993.78,6034.99,6026.99,5995.01,502.69508763
1508727600,5951.5,6003.15,5995.01,5985,310.25750704
1508731200,5979.61,6010,5984.99,6010,301.24064294
1508734800,5959,6057.02,6010,5968.39,632.88921937
1508738400,5884.01,5968.39,5968.39,5884.02,629.5926854
1508742000,5884.01,5948.68,5884.02,5910.01,253.3836814
1508745600,5820.98,5910.01,5910.01,5854.71,538.4571161
1508749200,5818.44,5864.37,5854.71,5864.37,292.91052399
1508752800,5864.46,5909.09,5864.46,5900.01,202.43130607
1508756400,5891.02,5927.27,5900.01,5922.37,219.92256316
1508760000,5785,5922.37,5922.37,5790.16,827.67291413
1508763600,5672.28,5800.98,5787.15,5735.29,1865.03699275
1508767200,5650.98,5775.71,5741.04,5719.15,1407.34167083
1508770800,5675.11,5824.98,5719.17,5797.14,1405.13253894
1508774400,5730,5850,5792.26,5844.21,1146.82922146
1508778000,5819.13,5866.62,5844.21,5851,819.669004
1508781600,5770,5883.99,5851,5820,836.37246174
1508785200,5816.43,5950,5820,5924.99,762.16632796
1508788800,5905,5995.06,5925,5915,854.82248774
1508792400,5861.73,5929.9,5915,5885,589.35497584
1508796000,5822,5898.01,5885,5868.29,758.62552748
1508799600,5851.47,5932.71,5868.29,5905.99,659.36904965
1508803200,5730.14,5906,5906,5780.98,1130.41954587
1508806800,5640,5840.01,5780.97,5665.83,2213.22004994
1508810400,5560,5705,5665.83,5643.8,2417.13593995
1508814000,5621,5698.99,5643.8,5657.35,836.83619174
1508817600,5600,5687.35,5657.35,5632.83,610.7782917
1508821200,5634.78,5740,5634.78,5735.01,485.90749912
1508824800,5719.99,5775,5735.02,5725.62,283.9931408
1508828400,5701,5754.77,5728.37,5742.51,181.83245562
1508832000,5707.78,5770,5742.51,5720.83,161.78872969
1508835600,5623.34,5729.95,5720.83,5673.05,419.52183092
1508839200,5654.7,5729.99,5673.05,5729.99,245.31477326
1508842800,5703,5739.99,5729.98,5731.15,221.95870827
1508846400,5641.54,5739.24,5735.66,5658.02,510.85186121
1508850000,5618.01,5700,5658.02,5668.74,514.97363411
1508853600,5632.07,5687,5668.84,5658.93,493.77576646
1508857200,5640,5686.99,5658.93,5649.06,525.79777839
1508860800,5649.98,5737.4,5649.98,5737.4,766.37733827
1508864400,5713.15,5737.4,5737.4,5720.24,438.90063417
1508868000,5680,5729,5720.24,5686.96,473.49565629
1508871600,5655,5686.96,5686.96,5680,667.32557654
1508875200,5566.01,5680,5679.99,5599,1365.15496359
1508878800,5462.19,5599.97,5598.99,5470.07,1543.52817008
1508882400,5469.48,5544.98,5470.07,5508.01,1139.84148424
1508886000,5496.57,5544.98,5508.01,5525.43,632.81004349
1508889600,5510,5537,5525.43,5511.71,430.83746688
1508893200,5376.71,5519.44,5511.71,5390.64,1681.16608701
1508896800,5380,5450.99,5390.61,5399.81,908.54884712
1508900400,5399.33,5560,5399.58,5560,1508.1500768
1508904000,5527,5571.61,5560,5544,555.4808464
1508907600,5473.08,5575,5544,5503.11,560.14627572
1508911200,5487.49,5552.17,5503.11,5531.55,261.02256445
1508914800,5535,5594.89,5535.23,5581.84,227.76314464
1508918400,5570.2,5640.04,5581.75,5640.04,278.33997082
1508922000,5615.23,5643.99,5641,5638.99,107.04274343
1508925600,5573.24,5641.99,5638.99,5580.01,230.60698802
1508929200,5521.13,5580.01,5580.01,5557.41,314.57346671
1508932800,5480,5560.67,5557.64,5531,484.27589644
1508936400,5504.41,5566,5523.83,5535.71,309.05430959
1508940000,5488.27,5549,5535.71,5492.24,441.91759095
1508943600,5443.11,5492.33,5492.24,5483.92,635.77866039
1508947200,5483,5560,5483.92,5530.46,514.55465076
1508950800,5499.98,5552.47,5530.46,5526.55,557.69338235
1508954400,5526,5569.99,5526.55,5555.27,441.46287274
1508958000,5553.72,5661.99,5555.27,5658.38,736.98540948
1508961600,5635.21,5694,5658.38,5678.37,884.81866686
1508965200,5670,5718,5678.36,5681.93,867.85390365
1508968800,5651,5692.51,5681.93,5691.02,416.50584463
1508972400,5677.32,5765,5691.01,5739.97,782.00159362
1508976000,5716.82,5750,5739.97,5745.06,496.97560891
1508979600,5701.23,5768,5745.06,5701.23,599.58656757
1508983200,5701,5746.84,5701.24,5746.84,306.41502477
1508986800,5735.91,5795,5746.84,5788.96,507.79772658
1508990400,5750,5788.97,5788.97,5759.99,356.14804088
1508994000,5725,5775.75,5759.99,5738.06,259.87684893
1508997600,5701.08,5748,5738.06,5747.99,226.12078762
1509001200,5706.01,5749,5747.99,5749,117.1248394
1509004800,5729.53,5750,5749,5731.42,130.74003536
1509008400,5722.78,5770,5731.42,5756.28,103.87867624
1509012000,5751.99,5767.95,5756.28,5756.45,107.68457366
1509015600,5756.44,5891.21,5756.45,5891.21,822.95074572
1509019200,5891.01,6000,5891.21,5952.59,1086.50579047
1509022800,5901.01,5985,5952.59,5901.02,784.22714065
1509026400,5901.02,5955,5901.03,5935.64,463.26630672
1509030000,5915,5967,5935.64,5951.26,539.91292267
1509033600,5935.25,5968.73,5951.26,5944.46,544.85330271
1509037200,5930.01,5967.35,5944.45,5959.69,352.80874552
1509040800,5874.23,5960,5959.69,5879.28,837.01028352
1509044400,5811.11,5911.88,5879.28,5908.02,956.56472852
1509048000,5825.62,5917.01,5908.01,5842,577.81595457
1509051600,5801.23,5865.52,5842,5829.52,591.93166594
1509055200,5785,5910.09,5829.44,5886.73,812.20807277
1509058800,5886.61,5919.99,5886.73,5891.61,268.42279854
1509062400,5873.49,5998,5891.61,5998,712.19105348
1509066000,5923.4,5998,5998,5946.99,477.0239425
1509069600,5936.01,5966.24,5946.99,5937,278.32989132
1509073200,5901,5943.79,5937,5929.49,256.71511475
1509076800,5895,5929.9,5929.49,5895.01,234.52963805
1509080400,5851,5907.45,5895.01,5851.01,277.52156405
1509084000,5805,5851.01,5851.01,5849.25,355.26299038
1509087600,5849.24,5894,5849.25,5894,174.90545707
1509091200,5865.02,5894,5894,5885,101.58016739
1509094800,5885,5928,5885,5911.96,190.45718297
1509098400,5833.38,5917.39,5911.96,5841.91,185.65662394
1509102000,5841.33,5858.4,5841.91,5852.5,175.67268604
1509105600,5781,5852.51,5852.49,5785.01,503.64121007
1509109200,5708.8,5785.01,5785.01,5750,777.32234098
1509112800,5723.48,5799.06,5750,5751.02,823.12910377
1509116400,5723.42,5779.99,5751.01,5756.38,486.16078337
1509120000,5756.37,5794,5756.38,5772.34,401.36513284
1509123600,5735,5780,5772.34,5735.01,372.92894052
1509127200,5710,5735.01,5735.01,5733.84,717.92949903
1509130800,5733.84,5781,5733.84,5751.74,399.25882096
1509134400,5725,5772.04,5751.75,5765.28,354.9007739
1509138000,5754.2,5795,5765.26,5762.31,426.53921736
1509141600,5759.52,5784.09,5762.31,5781.8,437.84003317
1509145200,5772,5794.98,5781.8,5780,216.9819569
1509148800,5780,5871.23,5780,5855.98,473.8863031
1509152400,5855.97,5894,5855.98,5861.02,333.64270824
1509156000,5808.03,5864.65,5861.02,5808.03,298.97538028
1509159600,5769,5808.04,5808.03,5769.01,257.71645802
1509163200,5769,5794.2,5769.01,5790.8,113.72800381
1509166800,5780,5818.69,5790.53,5818.69,200.66843038
1509170400,5818.68,5818.7,5818.69,5818.7,63.13256995
1509174000,5818.7,5829,5818.7,5829,85.99289811
1509177600,5783.19,5829,5829,5800,70.50121329
1509181200,5800,5816.38,5800,5800.01,73.60848724
1509184800,5778.01,5800.01,5800.01,5778.02,78.53278205
1509188400,5735.2,5778.02,5778.02,5735.27,348.27131961
1509192000,5720,5739.75,5735.27,5739.75,330.11596485
1509195600,5725.58,5741,5739.74,5741,286.83604537
1509199200,5725,5750.03,5741,5725.01,304.97403001
1509202800,5715,5725.01,5725.01,5715.01,240.79218941
1509206400,5715,5728.97,5715.01,5720.51,250.33428165
1509210000,5720.4,5778.22,5720.51,5737.04,295.96315698
1509213600,5737.03,5769.84,5737.04,5753.9,244.24376579
1509217200,5753.89,5810,5753.9,5805.51,345.34357651
1509220800,5740.21,5805.51,5805.51,5755.43,247.45322019
1509224400,5733.33,5755.43,5755.43,5739.66,205.73833997
1509228000,5739.67,5779.38,5739.67,5770.01,166.70559375
1509231600,5752,5778.59,5770.01,5752.01,136.64127033
1509235200,5739.99,5754.9,5752.01,5740,110.11391987
1509238800,5728,5760.89,5740,5730,174.62235819
1509242400,5729.99,5730,5729.99,5730,10.90376262
1509246000,5729.99,5764.03,5730,5761.85,180.766183
1509249600,5760.84,5805.95,5761.85,5794.01,232.11456698
1509253200,5776.4,5795.99,5794.01,5795.98,90.92267639
1509256800,5784.11,5802.5,5795.88,5802.49,81.44574575
1509260400,5802.5,5859,5802.5,5845,370.726939
1509264000,5825.05,5845,5845,5826.49,113.35179023
1509267600,5795.32,5835,5826.49,5810.8,88.19369445
1509271200,5810.79,5820,5810.8,5817.01,42.88313679
1509274800,5775.9,5845.09,5817.01,5801.38,310.32577656
1509278400,5780,5816,5801.38,5780.01,135.93200505
1509282000,5754.61,5788.4,5780,5778.6,285.53154211
1509285600,5778.6,5815,5779.9,5806.77,200.23904063
1509289200,5806.77,5984,5806.78,5978,1144.75632394
1509292800,5930.05,5992.12,5978,5950,1134.01904931
1509296400,5942.64,5976,5950.01,5942.64,326.45925209
1509300000,5942.01,5969.9,5942.65,5969.9,238.62257819
1509303600,5959.6,6128.99,5969.9,6128.99,1690.65982407
1509307200,6065.01,6298.99,6128.99,6190.01,3531.11404331
1509310800,6125.51,6220,6190.01,6186.76,917.82791468
1509314400,6128.36,6186.77,6186.77,6167.22,531.19692334
1509318000,6140,6208,6167.23,6140.01,567.12610433
1509321600,6096.84,6150,6140.01,6119.12,655.08972364
1509325200,6078.01,6133.38,6119.12,6133.38,523.46235609
1509328800,6105,6143.35,6133.37,6113.51,328.11391388
1509332400,6083,6147.38,6113.51,6147.36,399.1379549
1509336000,6140.33,6170,6147.37,6140.5,287.82180421
1509339600,6107.29,6150,6140.5,6111.32,256.32194168
1509343200,6111.33,6135.18,6111.33,6125,145.48298739
1509346800,6110.22,6160,6125,6135.07,133.52750018
1509350400,6122.23,6145.03,6135.07,6131,80.78212251
1509354000,6130.99,6169.38,6131,6160.01,113.97891667
1509357600,6159.82,6199.02,6160,6187.55,215.65041606
1509361200,6141.31,6200,6187.55,6162.01,224.33657423
1509364800,6113.54,6176.33,6162,6140.89,243.44414449
1509368400,6140.89,6170.49,6140.89,6149.99,226.02819565
1509372000,6045.12,6158.16,6149.99,6079.91,884.11870696
1509375600,6028,6096.66,6079.91,6087.02,505.17721462
1509379200,6054.71,6090.88,6087.02,6076,433.91411301
1509382800,6070,6115,6076,6112.9,391.13797402
1509386400,6112.89,6138,6112.89,6117.01,318.18561089
1509390000,6080,6117.36,6117.01,6086,471.98363473
1509393600,6085.99,6112,6086,6100.45,303.59756928
1509397200,6092.5,6117.36,6100.44,6092.72,283.92107856
1509400800,6092.71,6113.56,6092.72,6106.29,358.56710451
1509404400,6080.04,6144,6106.29,6124.16,557.75088783
1509408000,6104.41,6149,6124.16,6132.61,533.82457368
1509411600,6131.15,6148.69,6132.61,6143.35,242.48891598
1509415200,6126,6145,6143.35,6133.12,224.31289627
1509418800,6133.03,6136.06,6133.96,6136.06,209.81542861
1509422400,6136.06,6148.59,6136.06,6148.59,185.29903185
1509426000,6148.58,6169.9,6148.59,6165.67,325.96792876
1509429600,6095.96,6165.67,6165.67,6107.66,596.80695523
1509433200,6099,6119.13,6109.12,6101.72,113.76395284
1509436800,6099.99,6135.97,6101.72,6133.97,121.92896647
1509440400,6131.12,6163,6133.97,6163,64.97101071
1509444000,6160.01,6168.15,6163,6168.15,86.22993246
1509447600,6168.15,6238.33,6168.15,6234,476.3776084
1509451200,6203.69,6234,6234,6207.66,264.87728314
1509454800,6207.65,6347.89,6207.66,6347.89,1304.29029934
1509458400,6317.5,6420.13,6347.89,6366.99,1973.90642029
1509462000,6335,6422.68,6367,6365.68,1718.5511379
1509465600,6365.67,6392.98,6365.68,6380,725.2031783
1509469200,6322.01,6380.01,6380.01,6367.17,842.17189037
1509472800,6346.25,6369.9,6367.17,6351.51,534.72796817
1509476400,6307.71,6351.52,6351.51,6345,966.19979737
1509480000,6345,6377.99,6345,6377.45,546.8646731
1509483600,6372.01,6398.77,6377.45,6398.77,581.52197213
1509487200,6389,6421.2,6398.77,6389.01,969.18604871
1509490800,6371.24,6472.13,6389.01,6445.01,1415.20771496
1509494400,6370.02,6445.01,6445.01,6385.02,957.43025393
1509498000,6385.02,6420.25,6385.02,6420,381.99841214
1509501600,6410.99,6431.22,6420,6429.99,332.30281449
1509505200,6429.99,6461.4,6429.99,6445,531.49809991
1509508800,6363.59,6445,6445,6371.04,678.90167801
1509512400,6370.94,6422,6371.04,6406.01,280.18947804
1509516000,6394.08,6414.17,6406.01,6414.17,214.63792161
1509519600,6396.65,6414.17,6414.17,6409.46,177.67769981
1509523200,6409.45,6455,6409.46,6450.32,240.48342727
1509526800,6450.31,6548.98,6450.32,6546.09,923.07281724
1509530400,6503.01,6635,6546.13,6600,973.83350151
1509534000,6560.06,6613.02,6600,6590.58,862.36783761
1509537600,6493.38,6590.57,6590.57,6514.99,1164.03247203
1509541200,6483.34,6538.46,6517.11,6490.26,1057.03550173
1509544800,6490.25,6569.88,6490.26,6569,947.68617674
1509548400,6544.99,6572.71,6569,6564,764.68786989
1509552000,6564,6652.13,6564,6595,1551.22621304
1509555600,6582.74,6623.77,6595,6614.79,1122.87338964
1509559200,6580,6615.63,6614.79,6594.92,924.42867116
1509562800,6585.17,6620,6594.93,6619.99,819.14967325
1509566400,6551,6620,6620,6580,1180.48451008
1509570000,6579.99,6612,6579.99,6601,1017.74070993
1509573600,6589.8,6681.02,6601.01,6677.2,1542.37221531
1509577200,6655,6784,6677.2,6783.69,1925.47054132
1509580800,6759,6939.99,6783.69,6818.59,3248.34709144
1509584400,6790,6987.87,6818.59,6917.96,2792.17081296
1509588000,6821,6918,6917.97,6890,1672.68704788
1509591600,6856.03,6948,6890.01,6948,778.01224631
1509595200,6870,6951,6948,6951,845.49858427
1509598800,6925.75,6986.99,6951,6933.06,680.8900021
1509602400,6933.06,7083,6933.06,7083,1706.56160176
1509606000,6966.54,7089.99,7083,7009.99,915.32798032
1509609600,6995.23,7040,7009.99,7039.99,538.83812479
1509613200,7005.01,7049.9,7039.99,7040.83,642.00211451
1509616800,7040.83,7247,7040.83,7245.62,1531.7197875
1509620400,6769.74,7445,7245.62,7029.99,3963.4236828
1509624000,6825,7089.86,7029.92,7030.9,2103.20280927
1509627600,6971.27,7199,7026.8,7148.5,1874.67569967
1509631200,7000.5,7194.98,7148.5,7027.22,1845.35627338
1509634800,7020.29,7100,7036,7091.01,1290.70326062
1509638400,6930,7091.01,7091.01,6965.75,1775.7314322
1509642000,6904.2,7015,6965.76,7000.01,1370.07326365
1509645600,6855,7000.01,7000.01,6879.9,1474.41354338
1509649200,6873.74,6984,6879.9,6977.96,1030.33722435
1509652800,6961,7115,6977.96,7059.01,1349.90026688
1509656400,7047.32,7089.95,7059.01,7089.9,728.69459448
1509660000,7030.01,7089.9,7089.9,7030.01,910.01175347
1509663600,7009.99,7085.9,7030.02,7039.98,820.80899902
1509667200,6987,7051.17,7039.99,7000,808.30084686
1509670800,6955.89,7013.6,7000,7011.81,739.6316442
1509674400,7011.99,7055.99,7011.99,7052,597.01888461
1509678000,7050,7273,7051.99,7220.01,2226.45246019
1509681600,7118.02,7295,7220.01,7209.29,2743.16370189
1509685200,7145.1,7238.84,7209.3,7238.21,633.91756409
1509688800,7200,7266.39,7238.21,7210,516.48894369
1509692400,7210.01,7340,7210.29,7323.82,750.81841492
1509696000,7277,7400,7323.81,7400,748.9382157
1509699600,7350,7449,7400,7386.77,954.43416994
1509703200,7387.79,7449.99,7387.8,7417.25,508.55979964
1509706800,7251.16,7423.86,7417.25,7317.92,1134.42050202
1509710400,7279.79,7345.68,7317.92,7341.11,526.18142711
1509714000,7210,7341.11,7341.11,7241.15,1174.60246445
1509717600,7200,7320,7241.15,7293.2,1089.61656911
1509721200,7283,7373,7293.21,7373,948.93656458
1509724800,7300,7373,7373,7326.03,1106.68064567
1509728400,7300,7328.92,7326.03,7304.14,850.01242985
1509732000,7303.21,7355,7303.39,7343,833.03753019
1509735600,7274.99,7343,7343,7300,1074.79887745
1509739200,7235.19,7312.8,7299.99,7235.2,972.69522378
1509742800,7100,7235.19,7235.19,7144.99,2539.21532725
1509746400,7131,7233.26,7144.98,7175.01,754.50845239
1509750000,7170,7222.33,7175.01,7170.01,526.90064645
1509753600,7020,7170.01,7170.01,7124.92,1307.33974649
1509757200,7011.1,7124.92,7124.92,7120,794.78320007
1509760800,7120,7196,7120,7179.91,572.67875365
1509764400,7179.9,7249.69,7179.9,7249.69,367.751645
1509768000,7220.3,7298,7249.69,7265,488.76617286
1509771600,7195.81,7265,7265,7211.39,218.37573094
1509775200,7186.99,7214.49,7211.85,7191.22,200.48373366
1509778800,7191.21,7259.01,7191.22,7241.06,222.02611506
1509782400,7190.8,7242.65,7241.06,7194.42,104.02028115
1509786000,7167.99,7200.77,7191.05,7168,107.7126169
1509789600,7128.2,7179.49,7168,7156.31,204.15444131
1509793200,7135,7185.59,7156.31,7138.25,172.35170865
1509796800,7138.25,7210,7138.25,7210,200.99867481
1509800400,7205.11,7333,7210,7321.04,687.83232758
1509804000,7300,7349.55,7321.04,7308.14,1171.20957123
1509807600,7264.2,7331.1,7308.14,7331.1,468.66767359
1509811200,7331.1,7399.99,7331.1,7355.01,1095.24089851
1509814800,7320,7355.01,7355,7346.77,346.78875295
1509818400,7338,7360,7346.77,7352.01,270.49049112
1509822000,7351,7445.25,7352,7445,1327.65305851
1509825600,7394,7498,7444.99,7474.99,1235.98756654
1509829200,7455.08,7488.01,7474.84,7477.48,649.63012988
1509832800,7368,7477.48,7477.48,7428.58,785.61822099
1509836400,7385,7477,7428.57,7412.55,668.36176928
1509840000,7323,7413.52,7412.35,7361.01,805.0467914
1509843600,7361,7438.21,7361.01,7422.2,373.31970317
1509847200,7400,7425,7422.2,7413.14,244.25551989
1509850800,7380,7436.92,7413.14,7436.91,404.58256641
1509854400,7427.8,7463.9,7436.92,7448.78,220.39110003
1509858000,7442.39,7479.95,7448.78,7475.01,353.55808295
1509861600,7472.99,7489.98,7475.01,7489.97,257.00866822
1509865200,7412.94,7489.97,7489.97,7460,416.76463177
1509868800,7459.99,7479,7460,7477.42,97.60857303
1509872400,7440,7487.02,7477.42,7467.88,137.53487413
1509876000,7462.77,7479.99,7467.88,7479.99,88.59285426
1509879600,7479.98,7550,7479.99,7549.91,1174.31698014
1509883200,7475.01,7580,7549.01,7553.17,608.37440236
1509886800,7523.16,7629.7,7553.17,7610.01,1004.88890254
1509890400,7501.24,7630,7610.01,7545,1933.42503052
1509894000,7506.22,7584,7540.06,7551.16,912.69988761
1509897600,7508,7569.99,7551.16,7535,764.37300451
1509901200,7510,7552.18,7535.01,7540.4,562.41708224
1509904800,7540,7584.85,7540.4,7560.01,603.6863184
1509908400,7560.06,7589.99,7560.07,7589.99,509.68558364
1509912000,7550,7594.02,7589.99,7550.04,728.06028909
1509915600,7354.52,7566.91,7550.04,7383,2023.63433878
1509919200,7360.04,7458,7383.01,7366,1014.94927677
1509922800,7310,7420,7366.01,7392,1265.78318676
1509926400,7318,7432.49,7391.95,7368.81,793.81878607
1509930000,7325.8,7388,7368.81,7379.97,420.39790438
1509933600,7344.53,7408.95,7379.96,7348.22,518.75401576
1509937200,7200.6,7355.42,7348.21,7254.77,1416.46586853
1509940800,7027.09,7254.98,7254.98,7209.99,2518.61370044
1509944400,7205.27,7339,7205.27,7319.1,1027.49233637
1509948000,7275,7349.99,7315.01,7321.01,457.98134824
1509951600,7254.83,7326.98,7321.01,7298.55,308.90295985
1509955200,7298.54,7425,7298.55,7365.11,385.37226639
1509958800,7283.02,7366.77,7365.12,7328.4,270.24364675
1509962400,7280.07,7340,7328.33,7334.01,196.99405053
1509966000,7308.03,7366.1,7334.01,7348.54,211.87056611
1509969600,7330,7427.43,7348.55,7418.99,434.22464211
1509973200,7337.02,7419.63,7417.44,7348.93,439.79166708
1509976800,7225.35,7348.93,7348.93,7289.92,913.5148763
1509980400,7202.86,7290.13,7290.11,7260.01,679.64886929
1509984000,7136.73,7280,7260.02,7155.14,1199.2651273
1509987600,7001.01,7171.06,7155.14,7103.87,2843.33382259
1509991200,6900.73,7132.2,7106.59,7011.86,1745.97857427
1509994800,6940,7036,7011.86,7028.03,2024.13960978
1509998400,7022,7157.75,7028.03,7107.22,1784.27083726
1510002000,7056,7139.99,7107.22,7136.86,914.42168171
1510005600,7008.6,7181.07,7133.12,7008.6,1068.69017119
1510009200,6950,7060,7008.61,6969.76,1713.33358556
1510012800,6968.49,7099.3,6969.76,7075.91,1061.56748152
1510016400,7050,7130,7075.91,7080.2,691.8809536
1510020000,7024.53,7098.12,7080.2,7089.01,576.97139905
1510023600,7089.01,7170,7089.01,7128.99,850.94227176
1510027200,7123.05,7219.97,7129,7213.05,520.36191124
1510030800,7114.23,7224.98,7213.05,7140,805.73475119
1510034400,7100,7191,7140,7191,423.95040023
1510038000,7153.11,7198,7191,7187.01,244.60882052
1510041600,7175.94,7227,7187.01,7200.1,310.36823965
1510045200,7175.94,7229.98,7200.1,7175.95,304.90972018
1510048800,7175.01,7192.98,7175.95,7184.23,264.15503541
1510052400,7181.55,7210,7184.56,7205.94,161.74128293
1510056000,7185,7232.84,7206,7219,528.08816382
1510059600,7051,7219.98,7219,7089.01,945.19453589
1510063200,6980,7099.09,7089.02,7025,984.80725161
1510066800,7024,7068.29,7025,7065.21,589.50084125
1510070400,7005,7069.99,7065.21,7005.32,604.22377539
1510074000,7004.05,7105,7005.31,7100.02,832.22941114
1510077600,7075.01,7130,7100,7116.01,669.27304714
1510081200,7056,7134.9,7116.01,7105.98,731.10800258
1510084800,7010,7105.98,7105.98,7034.98,788.7529437
1510088400,7034.98,7082.4,7034.98,7082.39,583.71669626
1510092000,7055,7085,7082.39,7080,383.49046798
1510095600,7079.99,7133.23,7080,7126.63,648.21691807
1510099200,7090,7128.99,7128.99,7104.5,440.41043172
1510102800,7104.5,7346,7104.5,7309.96,2369.8513602
1510106400,7267.05,7334,7309.96,7318.93,929.83546286
1510110000,7318.92,7387.57,7318.93,7363.98,952.93889341
1510113600,7290,7368.99,7363.98,7368.98,752.91216599
1510117200,7338.98,7396.49,7368.99,7396.49,482.59753163
1510120800,7362.32,7430.8,7396.49,7412.99,655.17526934
1510124400,7337,7412.99,7412.99,7364.31,349.08566303
1510128000,7348.9,7399.11,7364.31,7394.99,256.14674338
1510131600,7342.84,7401,7394.55,7359.3,535.3373405
1510135200,7359.29,7389.38,7359.3,7367.83,227.48167945
1510138800,7367.83,7474.74,7367.83,7435.51,529.67761909
1510142400,7435.5,7500,7435.51,7466.52,548.06651366
1510146000,7437,7499.01,7466.52,7477.41,498.37198429
1510149600,7460.22,7550,7477.4,7509.98,932.64450716
1510153200,7481,7524.56,7509.98,7500,610.40425369
1510156800,7435,7500,7500,7479,761.41875009
1510160400,7478.99,7898,7479,7727,7314.13820188
1510164000,7031.66,7740,7727,7319.95,8623.30519059
1510167600,7200,7402.57,7319.95,7211.36,3285.29068811
1510171200,7148.43,7335,7212.01,7269.99,2815.66541695
1510174800,7240,7349,7265.96,7260.76,1349.56419115
1510178400,7250.01,7441.71,7260.76,7400.99,1662.24131492
1510182000,7348,7489,7400.99,7467.96,1302.07641657
1510185600,7310.14,7467.97,7467.97,7364.98,1109.92554127
1510189200,7290,7418.88,7364.98,7397.14,919.0180105
1510192800,7367.36,7470.01,7397.13,7390.02,822.13826288
1510196400,7340,7424.07,7390.02,7344.01,586.2239085
1510200000,7305,7370.8,7344.01,7340,514.23236008
1510203600,7339.6,7436.57,7340,7395,598.75928212
1510207200,7355,7400,7395,7379.26,293.20600153
1510210800,7350,7390.04,7379.26,7373.76,270.61651214
1510214400,7201.48,7409,7372.79,7260.01,1289.51564913
1510218000,7187,7265,7260,7254.01,930.21131912
1510221600,7201,7254.01,7254.01,7218.28,296.82320603
1510225200,7100.19,7218.28,7218.28,7134.01,1042.82622867
1510228800,7079,7216.39,7134,7212.51,1038.00543009
1510232400,7150,7218.18,7212.51,7154.74,498.81056768
1510236000,7130,7240,7154.74,7238.99,742.53603563
1510239600,7145,7239,7239,7174.24,852.58121304
1510243200,7151.2,7193,7174.24,7171.12,589.07431569
1510246800,7167.9,7193,7171.12,7189,494.53225369
1510250400,7180,7240.21,7189.01,7197.75,925.60994949
1510254000,7153,7197.9,7197.75,7178.46,632.77970533
1510257600,7165.01,7208.41,7178.46,7165.02,662.58715033
1510261200,7105,7182.73,7165.02,7128.27,1035.14057894
1510264800,7106.24,7159,7128.26,7130,987.5934549
1510268400,7094,7156,7130,7156,926.61474248
1510272000,7139.98,7349.99,7156,7349.01,1587.78466874
1510275600,7270.23,7350,7349.01,7270.23,805.10439648
1510279200,7257.5,7301.86,7274.25,7261.83,415.71198628
1510282800,7260,7298,7261.84,7271.86,369.87733281
1510286400,7271.85,7310,7271.86,7310,420.54638299
1510290000,7216,7320,7310,7227.92,505.99394716
1510293600,7206,7240,7227.92,7239.99,288.97310368
1510297200,7150,7240,7240,7161.88,494.87162807
1510300800,7158.81,7192.24,7161.88,7192.24,214.98359556
1510304400,7115,7223.1,7192.24,7120.01,522.44234787
1510308000,7110,7139.99,7120.01,7120.72,216.65949004
1510311600,6850.25,7120.72,7120.72,6895,2705.37300534
1510315200,6735,6942.55,6895,6803.42,2163.79300111
1510318800,6744.68,6874.82,6805.45,6869.01,1582.60518258
1510322400,6765,6879.09,6870,6765,1554.83500471
1510326000,6760,6860,6769.97,6857.26,1405.49002477
1510329600,6857.26,6949.99,6857.26,6915,1607.66018999
1510333200,6761.1,6923.97,6915,6780.36,1606.85991168
1510336800,6465,6780.01,6780.01,6472.98,4531.4762028
1510340400,6460.71,6665.08,6472.99,6604.5,3169.31123657
1510344000,6426,6604.51,6604.51,6452.58,2588.41154802
1510347600,6452.58,6674.32,6452.59,6589.95,2073.71325817
1510351200,6589.92,6743.03,6589.96,6705.41,2320.78289517
1510354800,6564.4,6706.01,6705.41,6577.62,919.67205448
1510358400,6565.78,6748.6,6577.63,6748.59,1064.17110696
1510362000,6745,6894.99,6748.6,6885.46,1438.18747266
1510365600,6781.01,6893.33,6893.33,6856.01,829.17857972
1510369200,6766.02,6856.02,6856.02,6805,479.08976548
1510372800,6771.5,6834.99,6804.99,6834.99,392.77672246
1510376400,6712,6834.99,6834.98,6724.18,703.91733729
1510380000,6724.17,6764.76,6724.17,6764.74,192.21653196
1510383600,6650.31,6763.71,6763.69,6693.28,520.99508915
1510387200,6680.03,6785,6693.28,6758.47,247.57683709
1510390800,6710.01,6759.91,6758.47,6717.25,142.15280381
1510394400,6650,6753.92,6717.15,6650.01,331.56968388
1510398000,6513,6650.01,6650.01,6513.01,908.9678851
1510401600,6352,6513.01,6513.01,6352,2199.29969355
1510405200,6259,6535,6352.01,6435.07,2836.03197363
1510408800,6400.73,6536.51,6435.06,6419.97,1286.98375247
1510412400,6322,6431.92,6419.97,6350.01,1462.9840801
1510416000,6350,6473.81,6350.01,6401.02,1439.86219112
1510419600,6350,6401.01,6401.01,6382.18,1010.01286372
1510423200,6201.01,6387,6382.18,6238.58,2221.78811883
1510426800,6205,6385,6238.58,6344.43,1776.70717584
1510430400,6258.7,6425,6347.18,6425,1133.86591015
1510434000,6358.88,6486,6425,6470.01,1236.85645773
1510437600,6322,6470.01,6470.01,6322.01,1000.48446504
1510441200,6300,6385.28,6322,6346.7,795.61758246
1510444800,6251.09,6346.64,6346.64,6251.09,1020.42559152
1510448400,6225,6326.01,6251.1,6225.01,1057.08297281
1510452000,6201,6299,6225.01,6219.47,1190.72363611
1510455600,6050,6226.29,6219.47,6063.17,2729.5605624
1510459200,6005,6125,6063.17,6005.01,1594.8078454
1510462800,5611,6005.01,6005.01,5850.98,6206.69620994
1510466400,5511.11,5850.97,5850.97,5640,3903.31352249
1510470000,5639.98,6240,5639.98,6172.93,6961.80390089
1510473600,6113.85,6485.67,6172.93,6201,4065.63355747
1510477200,6000,6289.99,6201,6241.81,1951.99578102
1510480800,6153.12,6398.87,6241.81,6375.01,1156.84924448
1510484400,6303,6486,6375.01,6370.31,1213.18309447
1510488000,6145.88,6370.03,6370.03,6146,1015.3605533
1510491600,5950,6210,6146,6164.96,1859.73322229
1510495200,6073.68,6228.3,6164.96,6090,1049.5816788
1510498800,6090,6302,6090,6239.99,1132.34911222
1510502400,6100.01,6251.23,6239.99,6127,941.72040934
1510506000,6050.11,6166.7,6126.99,6085.22,1230.3609688
1510509600,6053.01,6186.21,6085.22,6139.53,1048.75454848
1510513200,6000,6160,6139.53,6072,1386.74553066
1510516800,5928.02,6110,6072,5950,1375.72271039
1510520400,5815,5989.36,5950,5914.92,2335.861668
1510524000,5703,5916,5914.92,5707.96,2774.57891182
1510527600,5652.8,5947.54,5708,5886.35,3284.58729771
1510531200,5858.01,6053.97,5886.35,6046.01,2015.0531084
1510534800,5850,6046.01,6046.01,5890,1324.92831012
1510538400,5862.57,5979.79,5890,5945.29,1032.219177
1510542000,5910,6080.73,5945.29,5988.97,1224.74933636
1510545600,5970,6097.86,5988.97,6097,1129.20214815
1510549200,6050,6298.32,6097,6255,2788.60955903
1510552800,6218.07,6299.98,6255,6291.58,1012.60361397
1510556400,6200,6343.87,6291.58,6285,885.00232852
1510560000,6248.13,6342.51,6285,6280.01,596.3680912
1510563600,6274.54,6436.99,6280.01,6401.41,813.35873199
1510567200,6340.71,6450,6401.41,6446,693.06835396
1510570800,6445.99,6586.57,6446,6549.84,1672.65354368
1510574400,6523.01,6750,6549.84,6730.23,1836.34574478
1510578000,6605,6841.45,6738.54,6671.33,2484.96917438
1510581600,6500,6672.27,6671.34,6542,2180.05613525
1510585200,6540,6699,6542,6698.99,1494.70553059
1510588800,6431.21,6720.63,6698.99,6431.28,2068.1616249
1510592400,6425,6564.36,6431.28,6498.56,1516.22975618
1510596000,6312,6498.56,6498.56,6399.66,2105.81518242
1510599600,6341.86,6533,6399.66,6450.78,1661.97774902
1510603200,6370.99,6499,6450.67,6432.13,1071.38503132
1510606800,6432.13,6601.99,6432.13,6520.02,2299.21737882
1510610400,6475,6535,6520.02,6475.01,1332.19296918
1510614000,6450.49,6574,6475.01,6535.87,1196.58369621
1510617600,6535.86,6649.17,6535.87,6649.17,1217.23282303
1510621200,6600,6710,6649.44,6631.27,1944.5587276
1510624800,6610,6686.2,6631.27,6664.8,913.70867571
1510628400,6663,6748,6664.31,6679.01,1316.83464734
1510632000,6580,6690,6679,6636.76,1329.92069372
1510635600,6551.2,6636.77,6636.77,6560,877.34962455
1510639200,6560,6630,6560,6584.54,349.7408309
1510642800,6569.35,6600,6584.54,6583.55,417.45438891
1510646400,6450,6599.99,6583.55,6500.18,1193.82808464
1510650000,6493.2,6591.99,6500.18,6582.11,727.1920261
1510653600,6582.1,6639.45,6582.11,6619.93,573.60963248
1510657200,6511.99,6619.95,6619.93,6531.99,351.81400533
1510660800,6505,6557.94,6531.98,6550.01,429.64367458
1510664400,6520.05,6558,6550,6546.14,510.67157242
1510668000,6535.04,6607,6546.14,6607,1083.89446274
1510671600,6547.94,6610,6606.98,6581.92,1105.89403884
1510675200,6550,6599.99,6579.99,6588.79,609.46334251
1510678800,6560,6599.8,6588.79,6561.99,659.87414988
1510682400,6530,6587.5,6562,6538,855.44284753
1510686000,6538,6599.98,6538,6599.98,623.04086509
1510689600,6591.81,6648.71,6599.99,6625.75,982.84347396
1510693200,6575,6633.33,6625.01,6587,902.31057752
1510696800,6564,6619,6587,6573.04,774.75523415
1510700400,6555,6605,6573.04,6605,505.35459423
1510704000,6605,6763.9,6605,6739.05,2317.52290891
1510707600,6731.01,6798.5,6739.05,6781.1,1582.01934145
1510711200,6779.9,6923,6781.1,6871.81,2461.05846545
1510714800,6815.01,6887,6871.82,6879.99,1295.12060258
1510718400,6832.5,6880,6880,6848.92,511.66597551
1510722000,6840,6880.01,6848.9,6854.01,382.24513238
1510725600,6852,6881.37,6854,6880.98,372.10101975
1510729200,6880.98,6970,6880.99,6938.66,734.55199152
1510732800,6932.29,6962.88,6938.66,6961.01,307.62619455
1510736400,6930,6974,6962.84,6930.01,438.98474288
1510740000,6903.74,6988,6930.01,6988,512.27632207
1510743600,6988,7133.98,6988,7122.47,1079.29699694
1510747200,7106.04,7274,7122.47,7272.92,1567.17318632
1510750800,7131.97,7272.92,7272.92,7199.5,1423.22999084
1510754400,7160,7272.91,7199.5,7173.02,1593.14031328
1510758000,7173.01,7270,7173.02,7255,1265.67388097
1510761600,7101.01,7255,7255,7175.1,1998.75119687
1510765200,7156.04,7210,7177,7189.95,650.05647613
1510768800,7125,7189.95,7189.95,7150.08,829.44269873
1510772400,7139.99,7244.99,7150.1,7228,1117.80880011
1510776000,7205.99,7349,7228,7269.51,2257.42072488
1510779600,7232,7310.05,7269.52,7310.05,1382.11330302
1510783200,7261.07,7323,7310.05,7279.05,1018.68217839
1510786800,7206.3,7294,7279.05,7294,780.81385205
1510790400,7242,7294,7294,7242.01,520.85475007
1510794000,7130,7242.01,7242.01,7171.05,1569.33333653
1510797600,7131.25,7235,7177.46,7185.81,894.62521501
1510801200,7176.26,7260.88,7185.81,7260.88,651.76185311
1510804800,7204.04,7264,7261,7223.46,447.7370346
1510808400,7175,7234.99,7223.46,7220.08,354.98406996
1510812000,7220.07,7279.33,7220.08,7279.33,604.38049763
1510815600,7255.61,7381.04,7279.33,7380,1454.99584215
1510819200,7349,7400,7380,7398.96,866.99464031
1510822800,7398.96,7450,7398.96,7450,668.62802665
1510826400,7450,7500,7450,7494.51,888.13089306
1510830000,7370,7495,7495,7410.38,725.31662502
1510833600,7394.29,7474.16,7405,7420.1,450.12274501
1510837200,7381.41,7450.75,7420.1,7415,510.43159716
1510840800,7411,7489.99,7415,7473.96,710.22303851
1510844400,7450,7489.97,7473.96,7460,662.78326876
1510848000,7440,7480,7460.01,7467,723.5940333
1510851600,7466.99,7700,7467,7695,3449.12358816
1510855200,7642.83,7821.18,7695,7821.18,2741.60586079
1510858800,7660,7830,7821.18,7759.98,2493.5929608
1510862400,7681,7766,7759.99,7765.99,750.77144608
1510866000,7736.21,7894,7766,7893.01,1990.36700851
1510869600,7700,7985.37,7893.01,7789.33,3910.47404873
1510873200,7786,7850,7789.97,7838.53,1311.94377073
1510876800,7836.3,7979.99,7838.54,7926.02,1699.77153471
1510880400,7870,7988.5,7926.02,7886.29,1582.51822925
1510884000,7784.41,7921,7886.29,7921,1903.60956477
1510887600,7898,7975,7920.5,7935.45,1334.69070566
1510891200,7874.51,7946.5,7935.46,7900,924.45473521
1510894800,7821.13,7919.99,7900.01,7919.99,699.06394406
1510898400,7850,7919.99,7919.99,7864.14,445.92479805
1510902000,7536,7867.3,7864.14,7536,2617.84229011
1510905600,7537.3,7775.17,7537.3,7763.75,1090.47764664
1510909200,7700,7838,7763.76,7799.96,384.74269125
1510912800,7764.95,7880,7799.96,7880,280.26318819
1510916400,7815.4,7896.93,7880,7834,277.47568874
1510920000,7746,7899.99,7834,7755,485.98028927
1510923600,7752.66,7875.5,7755,7828.01,433.4903557
1510927200,7828,7938,7828.01,7908.99,794.07951647
1510930800,7908.99,7974.88,7909,7961.95,1063.02906642
1510934400,7865,7971.99,7961.95,7888,1010.27464351
1510938000,7800,7903.88,7888.01,7834.56,1050.16792821
1510941600,7814.99,7875.1,7834.56,7850.57,529.85937799
1510945200,7776.11,7850.57,7850.57,7826.18,947.43533437
1510948800,7640,7826.18,7820.92,7692.13,1794.75971882
1510952400,7585,7725,7692,7688.01,2037.46348985
1510956000,7688,7797,7688.01,7768.02,1090.44607857
1510959600,7699.99,7775,7768.03,7714.71,567.83218558
1510963200,7575,7714.71,7714.7,7625.03,1385.73746212
1510966800,7550,7655,7625.03,7550,905.60892399
1510970400,7502,7601.01,7550.01,7523.51,1554.26516134
1510974000,7525,7679.99,7525,7649.15,1736.10336875
1510977600,7600,7790.5,7649.17,7775.02,1261.45843025
1510981200,7702.8,7775.02,7775.02,7735.02,1038.83708715
1510984800,7645.06,7735.02,7735.02,7649.01,539.03305304
1510988400,7649,7748.13,7649.01,7748.13,254.16007196
1510992000,7721.78,7800,7748.13,7789.44,461.72996947
1510995600,7773.87,7799.99,7789.44,7785.54,114.93225492
1510999200,7724.26,7785.54,7785.54,7749.47,153.57783838
1511002800,7720.86,7793.31,7746.72,7793.31,173.33416215
1511006400,7671.33,7793.31,7793.31,7717.81,237.54577559
1511010000,7660,7750,7717.81,7661.04,289.96462832
1511013600,7661.04,7718,7661.04,7717.99,276.2598172
1511017200,7655,7715,7715,7685.01,411.4148639
1511020800,7658.96,7697.95,7685.01,7658.96,312.22985276
1511024400,7658.95,7758,7658.96,7737.66,436.96230149
1511028000,7723.47,7774.95,7737.66,7761.4,375.38140149
1511031600,7740.1,7770,7761.4,7750.11,350.05454277
1511035200,7750,7775,7750.12,7758,439.5002635
1511038800,7757.99,7847.98,7758,7837.34,1137.08984137
1511042400,7801,7837.34,7837.34,7820.7,419.61476097
1511046000,7777,7820.99,7820.7,7777.01,442.74101137
1511049600,7750.99,7790,7777.01,7751,381.81336051
1511053200,7750.99,7816.1,7751,7816.1,269.86439388
1511056800,7800.02,7817,7816.1,7802.89,177.3307824
1511060400,7789.53,7818.85,7802.89,7800,193.44939665
1511064000,7788.9,7816,7800,7788.9,158.88408944
1511067600,7754,7788.93,7788.93,7783,316.02063438
1511071200,7770,7794.21,7782.98,7777.77,350.78084283
1511074800,7700,7777.77,7777.77,7734.19,740.75228421
1511078400,7705.04,7748.99,7734.19,7738.99,191.74812676
1511082000,7738.99,7774.08,7739,7772.99,166.25184714
1511085600,7754.48,7774.99,7773,7772.21,146.58192642
1511089200,7730,7780,7772.21,7748.99,141.07049665
1511092800,7721,7758.44,7748.99,7727.92,151.342581
1511096400,7725,7802.09,7727.93,7802.09,277.30144019
1511100000,7772.19,7809.99,7802.08,7786,233.59814649
1511103600,7740.49,7795.99,7786,7759.95,370.32645101
1511107200,7759.94,7799.95,7759.95,7799.95,257.85569343
1511110800,7799.94,7961.9,7799.95,7961.89,2249.79219452
1511114400,7950,8060,7961.9,7987.99,3430.10545589
1511118000,7950,8048,7987.99,8040.99,1206.61361109
1511121600,8030,8098.62,8041,8045.65,1506.58606993
1511125200,8039,8069,8045.65,8040,500.97692707
1511128800,7960.01,8040.01,8040,8028.58,773.97522503
1511132400,7996,8049.99,8028.58,8031.82,572.94765869
1511136000,8028,8049.97,8031.83,8046.01,339.03615083
1511139600,8014,8072.41,8046,8027.01,543.77311072
1511143200,7990,8027.02,8027.01,7990.01,662.52927943
1511146800,7969,7996.85,7990,7974.99,669.68544368
1511150400,7975,8027.02,7975,8023.01,509.13984907
1511154000,7986.58,8023.01,8023.01,8021.9,279.33732337
1511157600,7991.13,8024,8021.91,8023.01,353.63675364
1511161200,8012.21,8036.99,8023,8025.01,265.19571209
1511164800,8025,8062.01,8025,8062.01,196.24023707
1511168400,8035,8062.01,8062.01,8040.02,130.25615476
1511172000,8040.01,8048.36,8040.02,8045.11,56.96926367
1511175600,8045.11,8072.59,8045.11,8058.02,206.38823558
1511179200,8058.02,8147,8058.02,8143.17,1073.08533731
1511182800,8140.8,8174,8143.17,8159.99,635.9642807
1511186400,8159.99,8263.49,8160,8262.28,1046.29517088
1511190000,8183.14,8263.14,8262.28,8223.51,967.78854393
1511193600,8217.18,8254.5,8221.08,8240.01,902.83391836
1511197200,8240,8292.93,8240.01,8268.01,1037.38736629
1511200800,8200,8275.59,8268.01,8219.88,1195.80160372
1511204400,8210.77,8249.97,8216,8212.5,715.3903566
1511208000,8188.88,8243.99,8212.5,8240,1089.57267015
1511211600,8230,8274,8240,8273.92,890.08178683
1511215200,8243.88,8283.21,8273.92,8281.02,1096.9245255
1511218800,8255.33,8293.25,8281.02,8256.01,829.94753176
1511222400,8250,8281.67,8256.01,8259.98,553.32887822
1511226000,8259,8269.98,8259.99,8264.52,383.47869528
1511229600,8062.31,8264.53,8264.53,8103.44,2835.9693232
1511233200,7802.99,8120,8105.55,7919.97,5017.54957546
1511236800,7826.22,8048,7919.9,7858.98,2921.02531881
1511240400,7863.19,8118.97,7863.22,8075,1887.35721514
1511244000,8066,8149.99,8075,8066.01,892.21449034
1511247600,8066.02,8165,8066.02,8150.66,832.10757118
1511251200,8150.65,8228,8150.66,8200,610.04573918
1511254800,8155.2,8220,8200,8220,314.22091905
1511258400,8184.53,8220,8220,8194.11,179.73673924
1511262000,8185.14,8237,8194.12,8207.43,382.62480694
1511265600,8207.43,8250,8207.43,8215.7,428.97518692
1511269200,8215.7,8248.5,8215.7,8223.74,371.43374997
1511272800,8223.73,8340,8223.74,8339.99,1457.41609123
1511276400,8304.35,8375,8340,8342.25,1424.53869835
1511280000,8265.01,8344.11,8342.25,8281.99,965.45505088
1511283600,8282,8330,8282,8299.9,659.73115691
1511287200,8262,8315,8299.91,8262.99,543.55447394
1511290800,8029,8280,8262.99,8134.52,2748.47634274
1511294400,8117.01,8229.95,8134.53,8229.95,1636.56566536
1511298000,8155,8264.04,8229.95,8161.69,1128.3040241
1511301600,8000.01,8161.69,8161.69,8000.5,2135.50025572
1511305200,8000.49,8144.94,8000.5,8109,946.65202294
1511308800,8108.99,8196.26,8109,8154.35,619.05917524
1511312400,8103.13,8169.99,8154.35,8169.99,584.3194402
1511316000,8107.95,8185.9,8169.99,8185.9,544.4007412
1511319600,8158.04,8215,8185.9,8189.98,491.81851492
1511323200,8125,8199.88,8189.98,8186.8,555.07828072
1511326800,8160,8187.54,8187.54,8170.04,218.48619386
1511330400,8145,8210.24,8170.04,8210.23,355.91526783
1511334000,8210.24,8255.23,8210.24,8255.23,426.52024855
1511337600,8255.22,8290,8255.23,8281,323.15862976
1511341200,8241,8296.69,8281,8264.96,238.59930084
1511344800,8264.95,8298.97,8264.96,8298.97,173.52082426
1511348400,8257.92,8298.98,8298.97,8279.35,175.94341901
1511352000,8241,8280,8279.35,8241.01,239.29317383
1511355600,8188.04,8265.54,8241,8188.05,501.47626325
1511359200,8149.68,8240,8188.05,8239.01,803.06212208
1511362800,8205.3,8250,8239.01,8230.01,464.36066796
1511366400,8175,8236,8230.01,8220,727.80335586
1511370000,8149.99,8220,8220,8158.81,1192.63939465
1511373600,8110.49,8161.34,8158.81,8157.96,1043.67975159
1511377200,8150,8198.5,8156.75,8197.86,1180.37787498
1511380800,8182.93,8199.9,8197.86,8199.9,732.57207659
1511384400,8188.99,8219.99,8199.9,8219.99,672.81367069
1511388000,8219.98,8275,8219.99,8265.06,854.31216791
1511391600,8225,8285.36,8265.05,8250,571.62120372
1511395200,8215,8274.98,8250,8236,602.55241226
1511398800,8200.02,8247.16,8236.01,8205.01,564.72755568
1511402400,8200.6,8244,8205.01,8236.01,348.30066017
1511406000,8188,8236,8236,8214,476.1255158
1511409600,8199.99,8229,8214,8221.94,337.80122726
1511413200,8221.95,8262.12,8221.95,8251.32,385.45037096
1511416800,8235,8260,8251.32,8251.01,225.21478412
1511420400,8161,8257.75,8251.01,8161.58,700.19012049
1511424000,8159,8214.39,8161.58,8184.29,497.07433588
1511427600,8177,8190.13,8184.3,8177.01,206.99194977
1511431200,8104,8177.01,8177.01,8133.65,815.91281467
1511434800,8103,8161.27,8133.65,8155.65,386.48138903
1511438400,8140,8191.17,8155.65,8175.5,368.56834445
1511442000,8175.5,8235,8175.5,8205.02,421.26239741
1511445600,8195,8215.44,8205.01,8195,500.68235877
1511449200,8185.1,8209,8195.01,8200.02,547.45308139
1511452800,8170,8200.02,8200.02,8178,611.94414897
1511456400,8150,8178,8178,8171.01,630.00669735
1511460000,8152,8171.02,8171.02,8152.01,483.48489711
1511463600,8151.77,8170.6,8152.01,8161.86,364.26386178
1511467200,8155,8186,8161.88,8186,334.56859215
1511470800,8170.5,8186.69,8186,8174.97,269.04816995
1511474400,8155,8177.7,8174.97,8155.01,284.17405507
1511478000,8031.16,8155.01,8155.01,8031.16,1557.6369602
1511481600,8015,8110,8031.16,8022.29,736.16674363
1511485200,7900,8040,8022.29,8001.07,1732.81812416
1511488800,8001.08,8130,8001.08,8130,656.5739145
1511492400,8089.99,8149.99,8130,8115.32,414.65535712
1511496000,8051.51,8115.32,8115.31,8090.01,285.27455671
1511499600,8090,8137,8090.01,8133.48,294.7661271
1511503200,8133.47,8198,8133.48,8198,404.82766958
1511506800,8160.26,8255,8197.99,8255,877.71926854
1511510400,8202.01,8324,8254.99,8257.47,1477.00268812
1511514000,8100,8262.79,8257.47,8222.22,531.76746516
1511517600,8165.73,8222.22,8222.22,8195,297.96010993
1511521200,8195,8260,8195,8260,178.96642445
1511524800,8215,8260.03,8260,8215.01,433.19273968
1511528400,8205,8223.99,8215.01,8223.97,278.14684007
1511532000,8179.15,8223.98,8223.98,8186.53,370.75343204
1511535600,8176,8210,8186.53,8189.41,488.28607424
1511539200,8175,8200,8189.42,8200,567.59434751
1511542800,8199.99,8237.19,8200,8237.19,918.6663182
1511546400,8229.98,8298,8237.2,8260.04,911.91356831
1511550000,8205,8291.1,8260.04,8240.4,690.64777688
1511553600,8205,8250,8240.4,8249.99,464.6960266
1511557200,8230.01,8286.99,8250,8274,542.40995096
1511560800,8274,8285.25,8274.01,8275,453.77737986
1511564400,8215,8277,8275,8215.01,740.13033453
1511568000,8214,8240,8215.01,8217.39,439.18649699
1511571600,8203.98,8219.51,8217.4,8214.99,626.12036024
1511575200,8210,8256.21,8215,8231.62,636.15683909
1511578800,8223.56,8256.97,8231.62,8229,355.74636384
1511582400,8228.99,8269.42,8229,8262.31,344.00665965
1511586000,8240,8264.99,8262.31,8253.55,264.3108342
1511589600,8248.96,8268.43,8253.55,8259.99,351.66898979
1511593200,8259.98,8325,8259.99,8325,979.47184258
1511596800,8324.99,8446,8325,8423.93,1863.53191492
1511600400,8407.62,8488,8423.94,8449.95,683.71077169
1511604000,8449.95,8484,8449.95,8450.01,445.74849057
1511607600,8403.4,8475,8450.01,8475,275.48581556
1511611200,8471.41,8640,8475,8637.61,1236.87983449
1511614800,8600,8650,8637.6,8642.01,613.77415099
1511618400,8570.83,8650.88,8642.01,8600,803.8747103
1511622000,8580.06,8666,8600.01,8666,723.31083247
1511625600,8641.94,8750,8666,8743,1147.88949356
1511629200,8692.94,8745.08,8743.01,8745,827.17694245
1511632800,8650,8750,8745,8685.31,1032.92979134
1511636400,8679.06,8700,8685.31,8700,548.89874073
1511640000,8699.99,8742.78,8700,8737.75,397.54898159
1511643600,8715.02,8743.01,8737.75,8743,432.75507807
1511647200,8715,8775.22,8743.01,8740,670.47147888
1511650800,8739.99,8795.5,8740,8795.5,781.67244447
1511654400,8795.5,8948,8795.5,8903,1611.81854396
1511658000,8826,8912.98,8903,8894.99,1001.86587862
1511661600,8880,8961.25,8895,8912.06,1164.30461422
1511665200,8880,8926,8912.05,8926,530.90998759
1511668800,8925.99,9100,8926,9008.24,1460.226164
1511672400,8950,9089.94,9011.45,9040,1450.67252895
1511676000,9039.98,9194,9039.99,9190,1050.12262199
1511679600,9070.05,9197.8,9190,9109.22,890.93209126
1511683200,8930,9170,9109.22,8930,955.88928434
1511686800,8926.01,9011.94,8930,8950,613.2618555
1511690400,8910,9007.77,8950,9007.77,275.99811289
1511694000,9007.76,9098,9007.77,9064.93,224.11485117
1511697600,9015,9079.96,9064.93,9052.05,365.38663359
1511701200,9050,9105,9052.05,9070.01,480.16803875
1511704800,9039,9100,9070.01,9040,561.04575994
1511708400,9039.99,9194,9040,9194,865.87778294
1511712000,9142.74,9384,9194,9383,2490.0747796
1511715600,9329.86,9495,9383,9394.55,2515.31059774
1511719200,9394.55,9594.98,9394.56,9594.98,2010.28985023
1511722800,9151.97,9596,9594.98,9341.57,4022.75443084
1511726400,9341.56,9471.98,9341.57,9428.02,1476.11999629
1511730000,9326,9435,9430,9434.99,1253.09582614
1511733600,9401.31,9455.03,9435,9429.65,725.85185949
1511737200,9362.07,9429.65,9429.65,9401.11,645.60550248
1511740800,9401,9585,9401.11,9558.39,1648.42054083
1511744400,9558.39,9725,9567.08,9686.99,2730.17474881
1511748000,9550,9749,9686.99,9680.91,2337.0319723
1511751600,9620.99,9680.9,9680.9,9675,872.57219206
1511755200,9671,9746.53,9675,9739,1335.31198
1511758800,9633.7,9739.01,9739.01,9710,888.02517652
1511762400,9685.91,9731.98,9710,9705.05,471.85553835
1511766000,9705,9749.4,9705.06,9749.4,481.39288342
1511769600,9737.11,9773.29,9749.4,9773.29,767.64088654
1511773200,9525,9774,9773.29,9702.99,2104.09125913
1511776800,9676.09,9775,9703,9759,504.4579941
1511780400,9701.07,9770,9759,9770,515.52015085
1511784000,9711.23,9795,9770,9711.26,764.56471586
1511787600,9680,9778,9711.26,9693,670.57265003
1511791200,9687.19,9724.99,9693,9688.21,542.01195349
1511794800,9660.07,9718.58,9688.21,9679.51,1074.24781458
1511798400,9552,9679.52,9679.51,9603.15,1464.23546426
1511802000,9438.01,9603.15,9603.15,9600,1827.51852919
1511805600,9589,9648.99,9600,9589,770.46412571
1511809200,9550,9600,9589,9555.1,1062.01228077
1511812800,9555.1,9625,9555.1,9624.51,653.00012325
1511816400,9624.5,9675,9624.51,9675,765.22929017
1511820000,9630.01,9694.02,9675,9692.16,465.97543493
1511823600,9692.16,9768.72,9692.16,9768.71,966.99854125
1511827200,9705.99,9780,9768.71,9748.99,1074.16528336
1511830800,9730.01,9772.21,9748.99,9758,522.2186946
1511834400,9708.82,9764.8,9758,9708.82,625.60054023
1511838000,9708.82,9749.9,9708.83,9749.9,472.93284022
1511841600,9726.01,9799.99,9749.9,9799.98,1058.04798186
1511845200,9799.98,9899,9799.98,9892.7,1909.23008037
1511848800,9857,9939.98,9892.7,9904.9,1386.92489931
1511852400,9881,9937.6,9904.9,9925.01,551.85301637
1511856000,9851,9930,9925.01,9899.01,440.05176414
1511859600,9881,9929.89,9899.01,9890.01,295.18113399
1511863200,9881,9924,9890.01,9923.79,196.33323725
1511866800,9923.78,9949,9923.79,9949,407.55901526
1511870400,9905,9967,9949,9967,677.51569849
1511874000,9840,9967,9967,9886.76,955.7566649
1511877600,9886.76,9949.95,9886.76,9949,522.8551999
1511881200,9900,9949,9949,9935,727.95022474
1511884800,9910,9940,9935,9938.94,718.82524662
1511888400,9923,9966.83,9938.94,9966.83,1034.35670189
1511892000,9966.82,9989.95,9966.83,9989.18,990.43764338
1511895600,9901,9989.95,9989.18,9985,1026.9411995
1511899200,9926,9985.01,9985.01,9926,925.15681513
1511902800,9925,9974,9926.01,9968.79,1063.83450127
1511906400,9940,9974.86,9968.79,9948.75,735.87938249
1511910000,9940.03,9968,9952.75,9949,640.81897319
1511913600,9945.96,9962,9949,9961.51,349.78186436
1511917200,9961.51,10098.99,9961.51,10083.39,3551.3362901
1511920800,10061,10190,10083.4,10189.99,1627.06328331
1511924400,10100,10399.99,10190,10325,3521.48116476
1511928000,10275,10499.99,10325,10497,2252.9482311
1511931600,10040,10928.47,10497,10110.5,7705.21167612
1511935200,10032,10599.98,10110.5,10425,3698.80774405
1511938800,10351.07,10627.65,10425,10596.98,1851.63472781
1511942400,10596.98,10740,10596.98,10727,1590.65860293
1511946000,10710,10850,10727,10850,1074.04575152
1511949600,10723.22,10941.7,10850,10941.69,939.23683111
1511953200,10805.01,10948,10941.69,10911.81,1009.49436128
1511956800,10900,10984,10911.81,10931.19,1020.75595259
1511960400,10930,11298.99,10934.46,11260.66,1841.53730371
1511964000,11175,11485,11260.66,11227.44,3038.95684628
1511967600,10450,11375,11227.44,10899,4733.45719723
1511971200,10774.84,11194,10898.95,10805.27,2113.14873045
1511974800,10510,10976.61,10789.99,10694.46,2648.84765455
1511978400,10279.45,10831,10694.46,10381.31,3214.49547065
1511982000,8595.55,10486.9,10392.25,9699,9516.27602299
1511985600,9525,10200,9699,9651.99,4663.90344451
1511989200,9551.01,10299.99,9651.99,10274.98,3224.68750287
1511992800,9850,10415,10274.98,10037.46,3184.46423767
1511996400,9720.27,10144.2,10043.81,9935.98,1852.76612839
1512000000,9814,10145,9920.81,10061.81,1324.2253583
1512003600,10030,10494,10061.81,10492.95,2039.74655357
1512007200,10300.01,10497,10492.96,10496.99,1444.6015656
1512010800,10496.99,10850,10497,10675,2891.94367443
1512014400,10620.08,10790,10675,10676.01,1543.839425
1512018000,10300,10700,10676.01,10486,1700.12747018
1512021600,9945,10486,10486,10264.56,2484.30013677
1512025200,10151,10430.41,10264.56,10370,798.26060115
1512028800,10280.03,10459,10370,10369.15,374.64787819
1512032400,10152,10370,10369.15,10258.72,416.69805693
1512036000,9710,10329.29,10273.38,9711,1396.88082708
1512039600,9709.99,10190.52,9711,9953.74,606.40877179
1512043200,9860,10209.67,9896.19,10017.99,778.89672072
1512046800,9289,10037.99,10018,9490.15,3090.56691178
1512050400,9135.6,9600,9490,9526.97,3292.42989995
1512054000,9210,9529.1,9526.18,9440,2217.03958637
1512057600,9353,9665,9439.94,9465.28,1918.84435747
1512061200,9371,9780,9464.3,9730.46,2182.19672897
1512064800,9673.26,9900,9730.46,9761.29,1879.88779469
1512068400,9760,10077.97,9761.29,9900.01,2441.47702454
1512072000,9427.68,9955.05,9900.01,9427.69,2498.55823706
1512075600,9425,9800,9427.69,9659.99,1227.80494435
1512079200,9660.02,9943.75,9678.95,9803,1545.77469361
1512082800,9803,10099,9803,9903,2441.15641669
1512086400,9810,10062.06,9903.01,9860.01,1536.22024408
1512090000,9700,9890.01,9860.01,9795.68,1348.47836184
1512093600,9572.43,9798.99,9795.67,9790.09,1345.33572611
1512097200,9628.59,9791.1,9790.1,9679.35,797.7186927
1512100800,9637,9876.32,9679.35,9824.03,1188.2028973
1512104400,9517,9824.03,9824.03,9575,1361.17741046
1512108000,9540.45,9650,9575,9540.46,460.37168393
1512115200,9540.46,9839.99,9540.46,9790.06,800.97464487
1512118800,9733.02,9996.68,9790.06,9990,993.06578151
1512122400,9775,9995,9990,9793.67,718.46101947
1512126000,9782.03,9948.5,9793.39,9936,587.36664085
1512129600,9936,10242.16,9936,10124.02,2244.71508458
1512133200,10124.01,10712,10124.02,10628.99,3354.65625987
1512136800,10400,10700,10628.35,10594.65,2434.44630617
1512140400,10420.02,10594.65,10594.65,10518.76,1420.64754218
1512144000,10459.35,10678.94,10518.76,10615.04,1788.72943179
1512147600,10411.01,10623.99,10623.99,10426.55,1732.45300956
1512151200,10423.72,10520,10428.54,10452,1211.29670152
1512154800,10450,10600,10452,10530.05,1418.40881965
1512158400,10530.04,10799.96,10530.05,10759.99,1858.10007243
1512162000,10712,10937,10760,10895,1974.16419784
1512165600,10780,10934.78,10895,10835,1601.39755301
1512169200,10722,10890,10836.13,10869.84,1081.18558608
1512172800,10866.99,10957,10869.85,10935.01,1119.32840383
1512176400,10905,11089.98,10935.01,11029.99,1831.08045613
1512180000,10910,11060,11030,11005.11,1283.77465008
1512183600,10930,11023,11005.1,10939.86,1065.64115905
1512187200,10701,11000,10939.87,10872.5,1934.15262943
1512190800,10755,10910,10874,10910,904.09533305
1512194400,10875,10985,10910,10875.01,654.44442347
1512198000,10822.81,10989,10875.01,10965.89,572.02892235
1512201600,10909.06,10988.5,10979.99,10969.33,497.36335251
1512205200,10969.33,11099.99,10969.33,11099.98,941.70225056
1512208800,11065.82,11100,11099.99,11090,339.25975749
1512212400,10905,11100,11090,10963.19,699.9569211
1512216000,10961.42,11094.5,10963.2,11094.5,395.28531028
1512219600,10988,11100,11094.5,11020.01,620.08816361
1512223200,10752,11088.88,11020.01,10922.96,1407.38505327
1512226800,10762,10972.3,10922.96,10784.46,870.71621052
1512230400,10784,10875.95,10784.46,10870.43,621.60481218
1512234000,10832.58,10948.99,10870.43,10918.46,686.46134355
1512237600,10918.45,10996,10918.46,10942.01,636.02421754
1512241200,10901,10971,10942.01,10935,488.95314786
1512244800,10928,10967.54,10935,10967.54,497.528012
1512248400,10960,11050,10967.54,11020,1060.85714708
1512252000,10981.27,11020.01,11020.01,10986.01,448.72283156
1512255600,10902,11006.99,10986.02,10930.24,620.56359303
1512259200,10851.81,10985,10930.24,10901.99,587.35799814
1512262800,10865,10929.94,10901.99,10929.94,382.78200425
1512266400,10912.37,10950,10929.94,10938.18,268.84878224
1512270000,10908.01,10979.99,10938.18,10978.2,484.83295889
1512273600,10978.19,11090.97,10978.2,11070,1072.82876336
1512277200,11010,11090.95,11070,11063.88,610.67257595
1512280800,10977,11100,11063.88,11099.96,789.26617396
1512284400,11099.95,11190.98,11099.96,11168.5,701.58024595
1512288000,11107.2,11196.95,11168.51,11152.01,368.98796848
1512291600,11111,11174.96,11152.01,11130.02,267.13521219
1512295200,11122,11190,11130.01,11130.01,314.70987411
1512298800,11122.22,11547,11130.01,11546.99,1728.85013644
1512302400,11305.01,11643,11547,11643,1628.64949727
1512306000,11614.48,11699.99,11643,11680,763.59790589
1512309600,11600,11699.99,11680,11635.99,1045.23042976
1512313200,11625.01,11798.5,11635.97,11755,1174.86211988
1512316800,11665.46,11799.99,11755,11695.37,1197.69815988
1512320400,11695.36,11771.12,11695.37,11735,599.86522784
1512324000,11724,11780,11735.01,11779.99,546.49296718
1512327600,11746.2,11780,11780,11767.35,541.11249607
1512331200,11226.23,11891,11767.35,11350,5007.11155559
1512334800,10800,11490,11350.01,11065,5236.17077634
1512338400,10601,11450,11069.38,11220,4541.23479508
1512342000,11101.01,11383.12,11220,11290,1555.92675144
1512345600,11250,11448.08,11290,11327.75,1413.14159323
1512349200,11322.98,11510,11322.99,11449.99,1458.72984202
1512352800,11250,11450,11450,11302.8,1095.60208319
1512356400,11302.8,11439.69,11302.8,11420,462.46340502
1512360000,11420,11521.65,11420,11499.99,968.07144318
1512363600,11365,11519,11499.99,11445.01,674.3933487
1512367200,11370,11486.43,11445.01,11449,501.70417767
1512370800,11380.01,11589.98,11449,11589.98,684.40350414
1512374400,11450,11589.98,11589.98,11536.65,285.76411889
1512378000,11385,11560,11536.65,11392.02,469.97126454
1512381600,11209.3,11392.02,11392.02,11370,601.06129644
1512385200,11190,11389.82,11370,11245.49,388.84539274
1512388800,11161,11340,11245.49,11244.42,533.50842001
1512392400,10950,11349,11244.42,11302.51,1474.69909662
1512396000,11253.31,11476.39,11302.51,11440.13,726.2596361
1512399600,11271,11467.01,11440.13,11416.01,633.76239575
1512403200,11281.01,11416.01,11416.01,11300,552.18204922
1512406800,11299.99,11370,11300,11318.73,539.71725747
1512410400,11212,11318.73,11318.73,11305,1007.97377317
1512414000,11283,11334.15,11305,11303.02,883.34827722
1512417600,11303.02,11548,11303.02,11445.01,1636.27213352
1512421200,11430,11550,11440.1,11500,1111.32084849
1512424800,11500,11525.99,11500,11511.5,742.46353718
1512428400,11511.02,11650,11511.5,11643.98,1335.22763462
1512432000,11553,11680,11643.99,11627.45,989.26969956
1512435600,11575.99,11629.79,11627.45,11590,616.66527
1512439200,11532,11683,11590,11574.36,1050.03759717
1512442800,11552.5,11643,11570.01,11635.97,563.19310507
1512446400,11564,11641.18,11635.97,11578.32,622.15691514
1512450000,11545.99,11630,11578.33,11603.42,499.44679919
1512453600,11603.41,11630,11603.42,11630,276.33086287
1512457200,11612.47,11789.35,11630,11789.35,1049.90522157
1512460800,11738.01,11796.36,11789.35,11794.15,547.9882381
1512464400,11657.77,11797,11794.16,11700,428.39490438
1512468000,11550,11727.94,11700,11676.6,505.38564706
1512471600,11639.84,11733.33,11676.59,11715,210.83265304
1512475200,11675.68,11787.31,11715.01,11787.31,395.35324499
1512478800,11761.11,11875,11787.31,11771.88,1421.19317962
1512482400,11764.49,11859,11771.87,11803,942.77573272
1512486000,11795.47,11850,11803.02,11848.99,918.40955071
1512489600,11651,11848.99,11848.99,11700.01,1525.36519792
1512493200,11700,11840,11700.01,11780,1014.25178907
1512496800,11760,11814.99,11779.01,11790,599.13885243
1512500400,11789.99,11825,11790,11791,655.93794744
1512504000,11777,11823.2,11791.01,11807.87,786.59746072
1512507600,11788.64,11810.11,11807.87,11810.1,422.72756177
1512511200,11710.8,11810.11,11810.11,11780.01,736.57123885
1512514800,11713,11780.19,11780.01,11718.35,933.56209222
1512518400,11717.5,11863.5,11718.34,11862.99,1159.12519204
1512522000,11850.01,11978,11863,11964.63,1576.49438482
1512525600,11934.19,12165,11964.63,12160.8,3621.43362909
1512529200,12090,12300,12160.8,12250.01,2829.30278438
1512532800,12150.01,12290,12250.01,12239.99,1673.66712324
1512536400,12204.01,12300,12239.99,12299.99,943.68749971
1512540000,12299.99,12450,12300,12450,1541.92417329
1512543600,12354.99,12540,12450,12429,1944.36476488
1512547200,12410.87,12589.55,12429.01,12560,1032.80664145
1512550800,12558.48,12731.19,12560,12700,1123.05215998
1512554400,12699.99,12920,12700,12920,1016.96764572
1512558000,12313.37,12947,12920,12778.79,1942.0471929
1512561600,12762.75,12864,12778.79,12854.68,726.25311541
1512565200,12810,12894.01,12854.69,12872.43,1079.56726008
1512568800,12872.42,12930,12872.43,12901.08,1274.28505339
1512572400,12589.18,12931.28,12901.08,12669.87,2441.67194327
1512576000,12510,12849.95,12669.45,12810,2349.81873029
1512579600,12805.23,12882,12816.88,12825.01,1071.04811791
1512583200,12825,12935,12825.01,12935,1118.53592207
1512586800,12932.4,13380,12934.99,13380,3660.78836727
1512590400,13125,13473.35,13380,13450,4053.7227939
1512594000,13400.01,13472.36,13450,13457,2064.54865354
1512597600,13456.99,14425,13457,14330,5877.6874039
1512601200,13748.53,14345,14334.98,14090,5235.94537636
1512604800,14089.99,14400,14090,14370.02,2534.31527082
1512608400,14126.02,14400,14370.03,14361.01,2532.68684805
1512612000,13500,14361.01,14361.01,13974.46,5388.25294579
1512615600,13841.93,14250,13974.45,13911.79,2216.45158409
1512619200,13900,14371.75,13911.8,14371.75,1715.95669201
1512622800,14206,14399.99,14371.75,14397,1703.6000762
1512626400,14300,14499.89,14397,14430,1885.53748618
1512630000,14340,14487.8,14430,14487.8,581.39095502
1512633600,14487.8,14900,14487.8,14842.39,2139.87449289
1512637200,14802.81,14995,14842.4,14994.99,915.13969441
1512640800,14994.99,15600,14995,15600,2284.10922009
1512644400,14580,15898,15600,14947.98,3657.90599751
1512648000,14805,15450,14947.98,15367.73,1964.3723086
1512651600,15229.02,15750,15367.72,15732.59,2579.21063564
1512655200,15720,16173,15732.56,16140,3836.79092672
1512658800,16140.01,16977,16140.02,16949,6425.73311753
1512662400,15101,19697,16949,16299.99,9595.96637872
1512666000,15100,17294.99,16260.01,16774.97,5320.8082243
1512669600,16640,17869.99,16766.27,16900.01,5785.93474039
1512673200,15305,16929,16928.99,15860,7028.1881685
1512676800,15735.01,16474.99,15864.92,16466.32,4004.58305369
1512680400,16346.69,16890,16466.32,16749.99,3672.38749282
1512684000,16749.99,17240,16749.99,17192,3782.35854788
1512687600,16800,17432,17192.99,17390.01,2976.54751355
1512691200,17310.1,17650,17390.01,17613.01,3025.56486417
1512694800,17401,17777.69,17613,17616.78,2446.11687819
1512698400,16777,17616.78,17616.78,17375.91,4260.72690196
1512702000,16090,17375.96,17375.95,16799.99,5420.57435798
1512705600,16099.99,17096,16800,16125.99,3776.55847639
1512709200,15142.42,16347.04,16125.99,16222,7884.96850976
1512712800,15650,16710.03,16222,16641.78,3588.25679614
1512716400,16202.12,16945,16644.8,16602,1936.27073889
1512720000,15950,16720,16602,16013.46,1131.32562775
1512723600,15460,16366.98,16013.46,15897.5,2092.36515712
1512727200,15444.4,16206.99,15897.5,15444.4,1176.48479718
1512730800,13788.99,15700,15444.4,15280.04,4779.42495634
1512734400,15042.57,15745.56,15280.05,15370.58,1836.45724603
1512738000,14760,15600,15370.57,15470.51,2739.64001685
1512741600,15444.6,16711.31,15470.5,16587.77,2926.0484862
1512745200,15750,16630,16587.77,15900,2589.48354953
1512748800,15300,16200,15900,15877.93,2982.40246627
1512752400,15200,15839.99,15834.41,15375.1,2174.2217702
1512756000,15250,15690,15399.85,15690,2180.02209423
1512759600,15511,15958.19,15690,15660.62,2091.0907509
1512763200,15525,15790,15672.08,15659.97,1522.52225552
1512766800,15644,16379.99,15659.98,16263.52,2983.92551598
1512770400,16107,16469,16271.9,16329.89,1702.67603623
1512774000,16180,16492,16329.99,16367.03,1275.57538462
1512777600,16215,16499,16367.03,16250.03,1263.82965713
1512781200,15800.65,16299.99,16250.01,15811.12,1423.13996526
1512784800,15804.96,16230,15809.68,16084.42,1493.0410651
1512788400,15930,16172.78,16091.25,16069.17,859.31588921
1512792000,15810,16199.58,16069.18,15870.2,1435.1192746
1512795600,15411.15,15979.5,15870.21,15661.43,2554.80534568
1512799200,15625.02,15992,15661.42,15890.89,1178.07736161
1512802800,15890.88,16287.99,15890.89,16084.81,1381.20822609
1512806400,15711.54,16131.99,16084.81,15846.78,858.13938269
1512810000,15600,15950,15846.78,15731.57,829.07776163
1512813600,15500,15749,15731.58,15500,791.27994157
1512817200,15332,15875,15500.01,15859.99,929.31000328
1512820800,15525,15934.61,15859.99,15525.02,522.06953255
1512824400,15520,15795.99,15525.02,15752.01,539.12834785
1512828000,15640,15789,15752.7,15701.41,645.91463842
1512831600,15516,15701,15700.93,15517.02,710.29548607
1512835200,14620,15550,15517.03,15068,3467.14375147
1512838800,13550,15068.5,15068,14199,7942.18620186
1512842400,14198.99,15200,14199,14825.1,4893.77181909
1512846000,14505.07,14974.44,14825.1,14729.06,1688.82764978
1512849600,14729.06,15180,14729.06,14800,1777.36573479
1512853200,14800,15099,14815.01,15099,996.95280278
1512856800,15050.04,15495,15098.99,15237.02,1911.82330904
1512860400,15100.01,15310,15237.11,15309.98,1078.68444192
1512864000,14812,15309.99,15309.99,14934,1332.65163455
1512867600,14130.85,14934.01,14934.01,14447.43,2782.0916601
1512871200,14001,14650,14526.54,14024.01,1895.97958494
1512874800,13501,14213.13,14001.01,13502.41,4795.11207544
1512878400,13502,14200,13502.42,14100,4444.45673865
1512882000,13704,14152.61,14100,13900,1499.68686236
1512885600,13810,14494,13899.99,14422.49,2028.91284638
1512889200,13900,14499,14422.23,14218.56,1346.5712745
1512892800,13800,14254.92,14218.56,14039.99,864.97993767
1512896400,13929.01,14247.74,14040,14183.99,629.99970235
1512900000,14114.84,14556,14183.98,14265,760.57349084
1512903600,14051,14405.58,14265.01,14248.99,502.92759094
1512907200,14102,14400,14249,14387.01,473.82983765
1512910800,14388.07,15250,14388.08,15250,1979.97370514
1512914400,15250,15960,15250,15450.01,4116.07825135
1512918000,15145.11,15760,15450.01,15598.75,2682.29022187
1512921600,15449.68,15900,15598.75,15525,2123.36766485
1512925200,15411.24,15790,15525,15724.99,992.26619454
1512928800,15350,15725,15725,15499,1167.4355438
1512932400,15450,15888,15499.98,15800,1640.67414045
1512936000,15502.14,15879,15825.93,15603.22,1630.91757624
1512939600,14800,15697.5,15603.22,14862.57,3119.5226349
1512943200,14661.55,15273,14862.57,14890.25,2221.92045658
1512946800,14890.24,16300,14890.25,15290.01,7850.59632274
1512950400,15200,15625,15290.01,15570.01,2022.98959899
1512954000,15570,16200,15570,16158.49,3958.28768135
1512957600,16030,16796.17,16158.49,16796.17,3676.74368451
1512961200,16523.78,16988,16796.17,16637.99,5210.31342557
1512964800,16301,16888,16637.98,16550.01,2459.7590982
1512968400,16525,16730,16550.01,16574,879.95417697
1512972000,16557,16950,16574,16948,1268.9686459
1512975600,16733.78,16948,16948,16849.99,764.88655654
1512979200,16700,16940,16849.99,16775.92,686.90261066
1512982800,16631.48,16850,16775.92,16760.84,612.15152032
1512986400,16708,16888,16760.83,16801.65,350.94657278
1512990000,16600,16829.99,16801.65,16610.7,437.26368686
1512993600,16610.7,16900,16610.7,16825.8,511.03058079
1512997200,16517.67,16872.59,16825.8,16639.37,1246.51180847
1513000800,16414.75,16780.01,16639.38,16599.01,1317.70641154
1513004400,16532.95,16750,16599.01,16710,1032.26096704
1513008000,16550,16749,16710,16649.98,1015.02295826
1513011600,16529.46,16649.99,16649.99,16536,1043.13853532
1513015200,16535.99,16720,16536,16669.99,1001.39182585
1513018800,16669.98,17142.39,16669.99,17142.39,1175.1545128
1513022400,17000,17493,17142.38,17314.72,4670.22449137
1513026000,17000,17336.01,17314.73,17250,1913.87948248
1513029600,16900.51,17250.01,17250.01,17070.79,1936.65418832
1513033200,16800,17117.61,17070.8,16885.76,1977.54937144
1513036800,16640,16897,16885.76,16839.45,1859.59941639
1513040400,16600,16999.99,16839.45,16980,1662.44422774
1513044000,16755,17057.04,16980,16864.9,1621.03888847
1513047600,16375,16899.99,16864.91,16502.01,2409.74652341
1513051200,16450.12,16669.42,16502.01,16450.12,1269.088528
1513054800,16404.01,16766,16461.02,16765.99,1369.15979497
1513062000,16765.99,16958.15,16765.99,16918.17,1236.73594606
1513065600,16918.16,17100,16918.17,17070.54,1282.72345386
1513069200,16965,17100,17067.63,17005.04,554.08655224
1513072800,16837.42,17005.04,17005.04,16860,514.32178927
1513076400,16844.68,17000,16860.01,16895.97,528.03329834
1513080000,16690,16950,16895.98,16850,1172.52136814
1513083600,16846,17400,16850.01,17369.98,2604.43260158
1513087200,17050,17370,17369.99,17064.54,1260.2994389
1513090800,16958.89,17266.42,17064.54,17266.42,1824.8600842
1513094400,17100,17490,17266.42,17387,2042.59945194
1513098000,17242,17750,17387.01,17704.95,2575.64099152
1513101600,17576.38,18149.99,17704.93,17788.9,4922.91556464
1513105200,17509.32,17850,17788.9,17711.62,1743.45742915
1513108800,17520.02,17875,17711.63,17521.01,1330.88714221
1513112400,17410,17627.12,17521.01,17574.99,1180.11467982
1513116000,17574.98,17920.42,17575,17797.99,1852.29418601
1513119600,17600.96,17798.01,17797.99,17730.12,1402.40603866
1513123200,17730.11,17900,17730.12,17839,1284.74002971
1513126800,17550,17839.01,17839.01,17624.45,1303.90251949
1513130400,16750,17659.99,17624.45,17299,3486.38691987
1513134000,17021,17389,17299,17096.6,1683.05579618
1513137600,16870,17096.6,17096.6,17071.82,1805.29060454
1513141200,17005.03,17250,17071.82,17240,1347.91801547
1513144800,17090,17247.5,17241.77,17238.28,591.24287376
1513148400,17160.28,17248.47,17241.56,17220.02,485.93701002
1513152000,17200,17250,17220.02,17250,379.40294218
1513155600,17205,17250,17250,17250,372.88087936
1513159200,17185.02,17250,17250,17211,514.48541348
1513162800,17199.01,17250,17211.01,17249.98,552.85754436
1513166400,17249.98,17746.73,17249.99,17615,1402.73452453
1513170000,17401.01,17640,17614.97,17401.02,720.10274463
1513173600,17349.99,17540.95,17401.03,17349.99,889.00615741
1513177200,17215,17491.04,17350,17218.63,979.69606906
1513180800,16911.76,17292.5,17218.63,16999.99,1205.85566753
1513184400,16600,17011.68,17000,16750,2203.65325833
1513188000,15700,16757.27,16750,16399.02,4670.37256371
1513191600,16337.21,16750,16399.01,16623.43,1694.02194018
1513195200,16367.79,16718.52,16623.44,16420.71,1207.43876001
1513198800,16420.71,16998,16420.72,16950.07,1588.97316018
1513202400,16753.9,16995.01,16950.07,16758.88,622.37308248
1513206000,16515.52,16862.02,16758.89,16689.61,874.85321217
1513209600,16601,16898.7,16689.62,16894.99,704.09698017
1513213200,16556.79,16895,16895,16730,698.1191313
1513216800,16307.2,16745,16730,16414.7,1179.79041995
1513220400,16400,16590,16414.71,16570.78,699.65729695
1513224000,16570.78,16801,16570.79,16801,742.33854449
1513227600,16615.54,16801,16801,16700,713.63822777
1513231200,16650,16799.9,16700,16687.78,414.4966362
1513234800,16650,16895.89,16687.79,16895.89,311.14445897
1513238400,16895.89,17199.6,16895.89,17040,880.76288763
1513242000,16837.63,17138,17043.54,16837.64,373.27135392
1513245600,16750.01,17060.1,16837.65,16942.69,350.02479158
1513249200,16798.91,16972.88,16942.69,16925,331.70558082
1513252800,16864.36,17188,16925,17076,395.48066467
1513256400,16917.52,17086.23,17076,16936.11,425.95189958
1513260000,16570,16999,16936.12,16570,977.82718836
1513263600,16256,16764,16570.01,16760.87,1232.33676402
1513267200,16650,16795,16760.88,16700.01,809.07672287
1513270800,16677,16910,16700.01,16838.29,781.58878579
1513274400,16804.99,16949.11,16838.29,16838,829.65939799
1513278000,16750,16850,16838.01,16815,689.82336275
1513281600,16666.66,16840,16815.01,16666.66,613.20814517
1513285200,16604,16750.01,16666.67,16750,915.10370573
1513288800,16734.42,16837.8,16750,16749,664.28289137
1513292400,16705.01,16788,16749,16749.78,596.49001262
1513296000,16745,17143,16749.79,17143,1867.70341995
1513299600,16910,17250,17143,17158.01,1963.80358027
1513303200,17092.37,17899,17158.01,17490,5318.16475338
1513306800,17310.95,17698.56,17490.01,17398,2412.09191785
1513310400,17160.01,17419,17398.01,17337.38,1332.58674924
1513314000,17314,17499.98,17337.38,17437.96,924.46322242
1513317600,17328.8,17450,17437.96,17352.77,459.83442445
1513321200,17331,17442.51,17352.77,17358.97,359.18155147
1513324800,17252.47,17422,17358.97,17410,568.68694431
1513328400,17397.84,17632,17410,17632,780.70434492
1513332000,17619.11,17800,17632,17788.1,714.67722206
1513335600,17689.11,17836.42,17788.1,17836.42,522.1245407
1513339200,17732,17890,17836.42,17854.69,660.46521365
1513342800,17582,17855,17854.69,17798,1472.95258658
1513346400,17648.09,17825,17798,17658.11,954.20311427
1513350000,17500,17720,17658.12,17568.25,1350.08101869
1513353600,17522.67,17725.72,17568.26,17659.98,1373.7577629
1513357200,17590,17698.4,17659.99,17606.06,1005.30962763
1513360800,17520,17790,17606.06,17789.99,1006.33242194
1513364400,17668,17797,17790,17705.56,690.03700298
1513368000,17708.41,17800,17710.05,17754.55,670.15598092
1513371600,17601.01,17760,17755.03,17695.11,849.77643091
1513375200,17566.41,17735,17695.12,17732.71,764.79180428
1513378800,17689.99,17790,17732.71,17738.67,583.44189103
1513382400,17734.64,17849.88,17738.68,17800.01,529.94687846
1513386000,17687.25,17800.01,17800.01,17748.74,542.12029306
1513389600,17670,17775,17748.73,17687.91,354.05339792
1513393200,17630,17714.05,17687.9,17651.16,648.30110602
1513396800,17651.16,17770.28,17651.16,17726.09,347.22905529
1513400400,17726.09,17825,17726.1,17824.99,397.48307729
1513404000,17824.98,17980,17824.99,17978,808.38503246
1513407600,17977.99,18209.61,17977.99,18157.51,1939.71535462
1513411200,17936.01,18170,18157.51,18124.87,561.61612614
1513414800,18078.51,18179.01,18124.88,18179.01,222.44899417
1513418400,18120.03,18250,18179.01,18143.03,458.8914395
1513422000,18130.07,18350,18143.04,18320.1,375.87799562
1513425600,18285.9,18350,18320.11,18349.01,419.92643531
1513429200,18349,18699.49,18349.01,18599.99,1813.71419551
1513432800,18530.24,18799,18600,18798.99,1043.6528342
1513436400,18642.28,18991,18799,18991,1614.40210517
1513440000,18719.98,19000,18991,18969.98,1927.3754755
1513443600,18837.63,18992.5,18969.99,18908.63,924.67934054
1513447200,18901.01,18945.08,18908.65,18945.08,504.48415473
1513450800,18945.07,19423,18945.08,19422.46,3130.4154149
1513454400,19167,19479.94,19422.47,19433.21,2107.82136082
1513458000,19256,19480,19433.21,19450.01,946.29268707
1513461600,19450,19597,19450,19597,1275.35662937
1513465200,19592.1,19797,19597,19650.01,1959.49419712
1513468800,19228.46,19650.02,19650.02,19377.62,2009.89063448
1513472400,19010,19393.92,19377.62,19286.25,2171.21911152
1513476000,19137,19490,19286.25,19398.99,1005.47642981
1513479600,19250.01,19580.09,19398.99,19358.26,944.62010639
1513483200,19250,19429.99,19358.26,19369.42,511.29302435
1513486800,19350,19560,19369.42,19535.95,610.50906251
1513490400,19409.95,19521.81,19509.98,19500,463.55732535
1513494000,19499.99,19749.94,19500,19735,660.08317533
1513497600,19560,19748.99,19735,19624.31,416.3966127
1513501200,19545,19740,19624.32,19740,266.86154608
1513504800,19720,19750,19739.99,19750,237.10508427
1513508400,19614.95,19847.12,19750,19847.11,529.21316869
1513512000,19707.5,19891.99,19847.12,19770.01,506.12539718
1513515600,19725.98,19870,19770,19820,479.79842138
1513519200,19563.19,19820,19820,19684.96,545.93723203
1513522800,19420,19726.52,19684.97,19632.49,910.97152725
1513526400,19402,19691.44,19632.5,19405.01,1259.63189335
1513530000,19405,19550,19405.01,19536,498.96783225
1513533600,19251,19536.01,19536.01,19251,749.02613566
1513537200,19127,19437.93,19251.01,19299.99,1425.48493001
1513540800,19299.99,19557.6,19300,19421.56,871.47990586
1513544400,19370,19450,19421.57,19440.98,384.35016762
1513548000,19419.51,19787.99,19440.99,19690,1187.59498525
1513551600,19125,19719.99,19690,19378.99,2830.64138705
1513555200,18200,19385,19378.99,18214.06,4291.81523026
1513558800,18218.01,18880,18218.01,18800,3188.72847072
1513562400,18432,19098.82,18800,18545.56,2514.59934796
1513566000,18529.09,18833.56,18545.57,18799.96,1015.39802047
1513569600,18780,19099.99,18799.96,18984,1089.13728651
1513573200,18851.05,19183.75,18984,19141.57,779.45870506
1513576800,18960,19173.47,19141.57,19144,586.70842948
1513580400,18810.1,19144,19144,18853.77,461.46573784
1513584000,18853.82,19122.99,18853.83,19112.5,283.25396191
1513587600,18860,19112.5,19112.5,18980.01,248.28664292
1513591200,18970,19099,18980.01,19019.99,149.99467509
1513594800,19019.99,19349,19020,19231.9,464.17930828
1513598400,19059.33,19367.5,19231.9,19071,481.71060959
1513602000,18802.64,19138.99,19071.01,18900.28,629.96005018
1513605600,18478.71,18900.28,18900.27,18790,1445.84459299
1513609200,18790,18900,18790,18870,731.80811215
1513612800,18670.1,18900,18870,18670.1,791.76893946
1513616400,18577,18697.15,18670.11,18641.21,808.09480347
1513620000,18425,18641.21,18641.21,18550,1331.44455785
1513623600,18550,18855.38,18550.01,18849.99,984.40732367
1513627200,18648.78,18850,18850,18779.98,971.80176671
1513630800,18760.8,18849.99,18779.98,18836.93,698.86383828
1513634400,18715,18849.98,18837.19,18849.98,988.31482306
1513638000,18829.42,19175,18849.97,19039.01,1448.47829496
1513641600,18802.4,19099,19039.01,18873,871.6582511
1513645200,18830,18991,18873,18868.35,617.26816595
1513648800,18760.04,18900,18868.35,18851.9,962.63031316
1513652400,18707.67,19096.55,18851.9,19039,1254.81116029
1513656000,18920,19045,19040,18975,776.21569087
1513659600,18904.85,18990,18975,18914.37,606.52158901
1513663200,18780,18973.13,18914.36,18780.02,699.00534819
1513666800,18780.01,18898,18780.02,18841.01,389.54975406
1513670400,18841.01,18907.77,18841.01,18899.92,195.25216321
1513674000,18615.42,18899.92,18899.92,18658.98,540.41845676
1513677600,18300,18658.98,18658.98,18300,1497.45008169
1513681200,17763.48,18455.31,18300.01,17856,1901.0364612
1513684800,17855.99,18299.99,17856,18178.98,1133.58474983
1513688400,18178.99,18498.95,18178.99,18225.01,1038.42894021
1513692000,17900,18225.01,18225,18015.37,1700.89570163
1513695600,18009,18220.32,18015.37,18147.99,1057.64149054
1513699200,18131.5,18431,18148,18429.01,1087.38162241
1513702800,18321.75,18499.99,18416.18,18360.01,815.10551484
1513706400,18175.94,18360.02,18360.02,18320,838.36506087
1513710000,17929.67,18320.01,18320.01,18024,1547.30023416
1513713600,17621,18178.13,18024,17789.2,2494.63006524
1513717200,16800,17821,17789.2,17200.01,6203.26261507
1513720800,17200,17648.2,17200,17450.1,2663.57906887
1513724400,17430,17905.73,17450.1,17838.73,1256.35502211
1513728000,14001,17838.73,17838.73,16910,8485.24512052
1513731600,15500,17053.53,16915,16531.99,6286.0770023
1513735200,16531.99,17473,16532,17473,3932.31880259
1513738800,16963,17498.37,17473,16989.79,1671.45418803
1513742400,16701,17199.99,16980.01,17094.93,1175.4122766
1513746000,16611,17094.99,17094.93,16661.34,981.27548248
1513749600,15979.08,16718.85,16661.33,16456.33,2356.52368075
1513753200,16290,16848,16480.7,16551.59,1098.59193678
1513756800,16453.68,17098,16551.36,17098,767.21141852
1513760400,16906,17100,17098,17051.21,373.00097178
1513764000,17051.21,17499.98,17051.21,17388.72,631.75975252
1513767600,17250,17498.56,17388.72,17435.8,364.83650431
1513771200,17435.8,17890,17435.81,17889.97,747.56428897
1513774800,17049,17889.97,17889.97,17170,1028.71214618
1513778400,17150,17573,17170,17233.55,827.46511403
1513782000,16350,17233.56,17233.56,16487.26,1775.30651543
1513785600,16145,16600,16489.23,16401.59,2132.955174
1513789200,16353.65,16999,16416.61,16928.98,2212.81203819
1513792800,16606,16940,16928.99,16929.98,870.69077288
1513796400,16510.01,16985,16929.98,16857.45,2456.39005277
1513800000,16648,16950,16857.46,16743.61,1185.17332708
1513803600,16249.14,16743.62,16743.61,16370.11,1557.57790121
1513807200,15693.97,16493.16,16370.11,16396.01,3759.89738456
1513810800,16200,16605,16396.15,16496.89,1314.19239123
1513814400,16450,16794.95,16496.9,16719.33,1128.84402732
1513818000,16502,16719.93,16719.93,16550,653.53163032
1513821600,16392.19,16709.99,16550.01,16447.51,998.08654185
1513825200,16200,16950.5,16447.5,16950.5,1283.23121909
1513828800,16851,17158.34,16950.5,16949.99,1442.31079064
1513832400,16720.1,16950,16950,16870.01,686.95710728
1513836000,16829,17249,16829.01,17222.88,667.87378632
1513839600,17000.01,17364.57,17222.88,17215.02,788.19196331
1513843200,16865,17215.02,17215.01,16950.01,481.96437586
1513846800,16899,17070,16950.01,16960.91,166.45266512
1513850400,16608.31,16960.91,16960.91,16732.37,434.44828148
1513854000,16601,16851.49,16744.99,16753.64,361.13661121
1513857600,16720,16899.47,16753.18,16790.51,341.42142612
1513861200,16300,16790.52,16790.52,16353.72,885.934925
1513864800,16132.83,16541,16353.71,16132.83,1047.30530682
1513868400,15345,16200,16148.49,15699.99,4093.36648081
1513872000,15555,16002.27,15699.99,15768.01,2208.24193819
1513875600,15151,15900,15761.35,15445,2613.39670322
1513879200,15297.25,15678,15445,15509.74,1709.68938929
1513882800,15200,15573,15509.73,15457.93,1560.56305243
1513886400,15325,15583.09,15457.93,15381.85,1101.31940651
1513890000,15375,15839,15391.12,15758.31,1534.3731002
1513893600,15653.06,15999.99,15758.31,15760.53,1306.87626891
1513897200,15555,15815.02,15760.52,15758.8,1245.37668699
1513900800,15300,15974.95,15758.8,15309.02,1326.29423928
1513904400,14505.02,15390,15309.01,14829.74,4729.92135802
1513908000,13588.88,14992.84,14829.75,14170.18,6094.81420968
1513911600,12712,14500,14170.17,14225,12745.7820939
1513915200,14038.01,15297.98,14268.91,14960.48,6120.72298356
1513918800,14107.19,15069,14960.48,14307.86,2492.86164331
1513922400,13700,14660,14307.86,13734.99,1871.67508581
1513926000,12805,13988,13734.99,13660.91,5217.12469164
1513929600,13250,13888,13660.92,13550.01,2017.04923767
1513933200,13550.01,14249.98,13550.02,14013.38,1394.48677843
1513936800,13900,14699.99,14013.38,14250.11,1129.92347514
1513940400,13709.94,14330.87,14299.06,14039.65,978.5459388
1513944000,13600,14300,14074.07,13795.34,905.14262171
1513947600,12094,13836.17,13795.35,12094,5177.22164903
1513951200,10400,12590,12094.01,12117.99,12555.99765158
1513954800,11750,13595,12117.99,13299.99,8346.80735027
1513958400,12151.62,13300,13299.99,12998.19,5317.36301721
1513962000,12747.86,13450,12998.18,13130.13,1871.22692079
1513965600,12600,13499.99,13130.13,13489,2808.92338464
1513969200,13000,13599,13489,13410,3154.3165298
1513972800,13300.36,14826.02,13410,14765.88,5573.66065021
1513976400,14200,14791.12,14763.38,14475.04,3504.84583715
1513980000,14449,15490,14475.04,15452.97,3078.03507392
1513983600,13724.22,15452.98,15452.97,14210.57,4627.19179184
1513987200,14139.79,14790,14229.47,14470.89,2059.32721142
1513990800,14200,14591,14460.02,14357.44,1219.71071674
1513994400,14350.02,14740,14350.2,14550,1385.18733516
1513998000,14377.23,14980,14550.01,14976.01,1374.22997934
1514001600,14700,14991.99,14976,14799.99,1187.80327976
1514005200,14000,14850,14800,14318.74,1682.91141924
1514008800,13750,14344.99,14318.72,14279,2016.95848845
1514012400,14194.68,14693,14277.5,14503.02,941.96438607
1514016000,14463.14,14800,14503.01,14625.83,545.91427172
1514019600,14452,14873,14643.14,14863.52,590.53039003
1514023200,14684.44,15142.5,14863.52,15080.98,723.29199983
1514026800,15065.89,15459,15080.99,15459,740.98728377
1514030400,15057.45,15465,15459,15325,1059.50284411
1514034000,15150,15400,15325,15399.99,836.99626003
1514037600,15399.99,15997.8,15399.99,15997.79,1815.37156528
1514041200,15307.23,16261,15997.8,15505.7,2835.81143373
1514044800,15344,15774.99,15501.09,15771.86,1784.18149315
1514048400,15303,15771.86,15771.86,15590.44,1566.42560885
1514052000,15556,15686.48,15590.05,15574.48,641.38207908
1514055600,15574,15649,15584.8,15611.15,613.77357618
1514059200,15611.14,15891,15611.15,15765.51,1199.15563429
1514062800,15765.5,15945,15765.51,15830.72,787.72387599
1514066400,15376,15888,15830.72,15400,1081.58599617
1514070000,14680,15598.01,15400,15075.89,2105.16086688
1514073600,14567,15109.27,15075.89,14955.63,1384.01961111
1514077200,14500,15090.52,14955.63,14515.65,1266.5736864
1514080800,13818,14605.33,14532.98,13844.9,2473.24761724
1514084400,13826.99,14772,13844.55,14567.47,1995.35127368
1514088000,13900,14633,14569.98,14330.01,1271.58327074
1514091600,14300,14585.99,14330.01,14525,625.36235646
1514095200,14522.89,14869.99,14525,14818.76,651.34999007
1514098800,14500,14945,14839.63,14508.72,658.96280163
1514102400,14355.55,14753.88,14508.73,14694.84,395.3262874
1514106000,14190,14764.71,14694.83,14300,501.03753014
1514109600,13776,14340.43,14300,14010.15,974.30264585
1514113200,13573,14010.15,14010.15,13801,1219.39009765
1514116800,13210,13801.01,13801,13685.9,1354.63376737
1514120400,13600.01,14253.99,13690,14134.15,1042.85451852
1514124000,13903.43,14620,14134.16,14414.98,970.48779541
1514127600,13641.72,14414.79,14414.79,13924.92,1161.2875251
1514131200,13879.74,14250,13924.6,13993.43,940.80941362
1514134800,13690,14109.99,13992.08,13755.02,781.2408992
1514138400,13530,13850,13755.01,13629.1,905.89395306
1514142000,13356,13725,13629.1,13516.38,1097.97685291
1514145600,13500,14099.35,13501.02,13883.63,1087.90629912
1514149200,13689.72,13892.74,13883.63,13718.01,606.74105472
1514152800,13604,14149,13718,14085.01,638.91942241
1514156400,14035,14249.98,14085.02,14221.94,829.57495326
1514160000,14058.68,14360,14221.93,14168.9,1080.85953915
1514163600,13824.07,14180,14168.91,14084.01,687.32635202
1514167200,13680,14084,14084,13827.06,893.22728993
1514170800,13676,14075,13827.06,13790.97,890.82354537
1514174400,13450,14272.61,13790.97,14169,1738.52024844
1514178000,14000,14274,14169,14119.22,492.31072963
1514181600,13900.01,14286.27,14119.23,14025,674.80954671
1514185200,14008.85,14299,14025,14232.01,424.43435031
1514188800,14007.79,14456,14232.01,14455.4,605.04107942
1514192400,14200.01,14491,14455.19,14200.01,400.62860165
1514196000,14200.01,14389.99,14200.02,14292.33,218.03438135
1514199600,14270,14484.56,14292.33,14421.55,235.97117803
1514203200,14421.55,14774,14421.55,14679.99,624.89638976
1514206800,14000,14729.92,14680,14033.1,759.13270433
1514210400,13845,14147.22,14033.1,13939.32,1212.0656682
1514214000,13911.01,14239.99,13939.32,14177.19,280.40787052
1514217600,14155,14378,14177.19,14268.75,419.55018118
1514221200,14000.02,14305.91,14268.75,14199.99,537.89284824
1514224800,14188,14399.49,14199.99,14300.01,583.71742547
1514228400,14206.96,14310,14300.01,14276.44,386.9238529
1514232000,14071,14299,14276.44,14071.01,624.49160722
1514235600,14000,14162,14071.01,14089.99,501.0590258
1514239200,13973.21,14170,14090,14101.04,531.13925062
1514242800,14101.03,14200,14101.04,14171.98,622.08990562
1514246400,14171.98,14290,14171.99,14248,483.42117907
1514250000,14184.39,14248,14248,14204.01,216.48682663
1514253600,14190.03,14349.98,14204.01,14269,400.40296474
1514257200,14258,14999,14269,14888.38,1552.89131301
1514260800,14815,15320.99,14897.42,15194.99,2621.52126356
1514264400,15170,15710.76,15195,15366.36,2270.59024424
1514268000,15310.01,15630,15351.02,15574.98,838.56973101
1514271600,15256.02,15574.99,15574.98,15444.01,453.97329532
1514275200,15057.18,15499,15444.01,15084.99,362.40916532
1514278800,15059.84,15464.25,15084.99,15399.07,285.15918536
1514282400,15305,15484.24,15399.08,15305,150.18968896
1514286000,15110.99,15368.88,15305.01,15170.5,266.84926546
1514289600,15100.01,15439.9,15170.5,15346.14,473.60134756
1514293200,15207.67,15475.27,15346.15,15369.27,493.75476784
1514296800,15270.82,15850,15369.27,15850,1125.39821028
1514300400,15659,15890,15850,15820,1080.91037881
1514304000,15800,16148,15820,16115,2264.04275534
1514307600,15535.12,16114.99,16114.99,15709.98,1688.5550429
1514311200,15573.19,15814.99,15709.98,15710,796.59067959
1514314800,15709.99,15923.49,15710,15899,976.85265785
1514318400,15783,16085,15899,15877.88,1461.52795224
1514322000,15725,15991.2,15880,15920,691.78449108
1514325600,15719,16036.93,15920,15780,813.66486797
1514329200,15651.57,15860,15780.01,15790.88,693.55835056
1514332800,15665.66,15800,15790.88,15794.01,466.10535154
1514336400,15794,15995.43,15794.01,15935.01,758.17042549
1514340000,15810,15935.01,15935.01,15854.3,458.27067645
1514343600,15781,15879,15854.46,15879,419.61331596
1514347200,15878.99,16490,15879,16383.87,2970.09951111
1514350800,16275,16440,16383.89,16439.99,842.98332035
1514354400,16365,16484.62,16440,16400,569.32882407
1514358000,16105,16442.87,16400,16250,695.14039086
1514361600,16100.55,16318.7,16249.99,16100.55,404.00912538
1514365200,15823,16250,16116,15890,781.427287
1514368800,15550,15985.96,15890.01,15675,1066.54317233
1514372400,15651,15850,15674.99,15744.89,394.7197422
1514376000,15740.96,16043.66,15744.91,15970.99,453.64738338
1514379600,15568.09,15970.99,15970.99,15846.22,619.14628977
1514383200,15165,15870.99,15846.22,15288,1748.64423683
1514386800,15100,15457.25,15288,15334.98,1294.55343973
1514390400,14661.72,15446.1,15334.97,14790.83,2222.77623862
1514394000,14524.37,15086.96,14783.02,14918.33,2046.4680022
1514397600,14800,15197,14918.33,15030,1127.298273
1514401200,14750,15284,15029.99,14840,1337.46288675
1514404800,14636,15031.15,14840,14755.04,1368.86155985
1514408400,14725,15245,14755.05,15196.19,1179.6379799
1514412000,15140.01,15490,15196.19,15274.99,982.00972404
1514415600,15233,15462.32,15274.99,15367.08,750.711017
1514419200,15105,15431.12,15360.01,15213.3,790.99576001
1514422800,15150,15442.27,15213.3,15442.26,804.79125155
1514426400,14120,15489,15442.27,14450.01,3491.5312577
1514430000,13905,14774.91,14450,14441.69,3785.69824073
1514433600,14165,14760.1,14441.68,14475,2063.41734584
1514437200,13801,14521.25,14471.65,13880,2816.37019751
1514440800,13850,14175,13880.01,14010.01,1587.60767203
1514444400,14010,14375,14022.53,14230.03,840.74703472
1514448000,14000,14328.95,14230.04,14294.43,669.59832963
1514451600,14204.79,14490,14294.43,14334.68,518.72696758
1514455200,13807.5,14427,14334.68,13814,530.52282349
1514458800,13806.1,14086.35,13814.01,14078.01,797.1091624
1514462400,13935.68,14399.99,14078.01,14329.57,957.96616765
1514466000,14245.5,14464.9,14329.57,14278.96,583.22199073
1514469600,13845,14370,14278.96,14350.01,1063.36626044
1514473200,14287.11,14550,14350.02,14287.12,865.49442148
1514476800,14006.85,14330,14287.12,14061.02,1063.90737537
1514480400,13891.18,14205.87,14061.02,14114.1,1411.61686977
1514484000,13500,14200,14113.84,13584.51,1922.96198964
1514487600,13561.01,13979.57,13580.01,13927.05,1385.3974407
1514491200,13900.01,14126.67,13927.05,13926.37,909.1827992
1514494800,13730.31,14030,13926.36,13947.96,930.17394174
1514498400,13937.22,14239,13949.93,14098.65,818.407971
1514502000,14077.38,14468.77,14098.61,14450.01,664.76497946
1514505600,14280.23,14489,14450.01,14350.01,822.22503668
1514509200,14249.99,14396.8,14350.01,14377.23,421.10174913
1514512800,14377.23,15105.34,14377.23,14975.02,2144.30253286
1514516400,14800,14975.01,14975.01,14870,964.3293421
1514520000,14804.76,15037,14870,14804.76,1060.76947694
1514523600,14760.5,14994.53,14804.77,14920,516.93892569
1514527200,14901,15087,14922,14901.01,564.81681313
1514530800,14544.16,14926.7,14901,14598.01,858.88696387
1514534400,14500,14695.44,14599,14550.01,460.47791602
1514538000,14200,14588,14550.01,14200.01,495.93371394
1514541600,14041.81,14473.14,14200.01,14041.82,531.02345334
1514545200,14041.81,14385.91,14041.81,14359.02,447.53181438
1514548800,14125.44,14389,14359.01,14236.13,484.55109053
1514552400,14047.25,14349.93,14236.12,14320,586.61796351
1514556000,14316.4,14564.26,14319.99,14515.8,581.1434115
1514559600,14325,14599.99,14517.99,14530,844.52691502
1514563200,14500,14870,14530,14714.53,1151.01094984
1514566800,14589.53,14819.98,14714.53,14622.14,740.96978792
1514570400,14534,14640.01,14622.14,14550.01,617.30727967
1514574000,14500.01,14650,14555.25,14649.81,867.96074812
1514577600,14401,14649.81,14649.81,14440.01,820.39235945
1514581200,14359.2,14522.68,14441,14389.99,973.29625112
1514584800,14389.99,14677.37,14389.99,14674.02,649.50415046
1514588400,14561.34,14790.78,14674.01,14565.05,870.43334419
1514592000,14300,14639.79,14565.04,14495.94,992.00975325
1514595600,14050,14550,14495.93,14112.03,1511.67468002
1514599200,13750,14201,14112.03,13970.01,3031.04819966
1514602800,13804,14083.49,13970.01,13942.2,1606.24680786
1514606400,13642.21,13983.55,13940,13659.64,1562.06200133
1514610000,13601,14050,13649.98,14007.99,813.67902424
1514613600,13946.01,14054.98,14009.76,13950.02,611.4315712
1514617200,13905,14069.81,13950.02,14069.81,385.85403589
1514620800,13929.5,14100,14069.8,13929.5,356.21259458
1514624400,13837.4,13985.58,13936.21,13912,358.75914022
1514628000,13750.1,13950,13912,13768,353.7764311
1514631600,13740.01,13968.58,13768,13888.57,319.23061216
1514635200,13500,13903.08,13890.05,13500,698.28842045
1514638800,12845,13500.01,13500.01,13262.73,2178.15996787
1514642400,12941.38,13596.75,13294.95,13320.23,1216.47504617
1514646000,12900,13332,13320.24,13067,1751.07352748
1514649600,12500,13150,13067,12575,2672.33355899
1514653200,12550,13433.97,12574.99,13283.99,2405.79320704
1514656800,12850.02,13295.99,13283.99,13083.99,1436.38353206
1514660400,13083.98,13490,13083.99,13465.01,1225.74344722
1514664000,13088.23,13475.69,13465,13240,965.6797542
1514667600,13075,13250,13240,13213.99,675.40857566
1514671200,13168.22,13293,13214,13168.23,702.54099666
1514674800,12750,13200,13168.22,12839.99,957.87275527
1514678400,12633.8,13180,12839.98,13152.63,1589.10854255
1514682000,13121.66,13347.97,13152.63,13178.07,1043.08432209
1514685600,13039.74,13330,13178,13309.62,921.576101
1514689200,13070.09,13450,13309.62,13169.48,907.14089305
1514692800,12933.66,13170,13150,13060,629.24551892
1514696400,12916.26,13225,13060,12917.62,445.96366662
1514700000,12811,13071.91,12917.62,12841.29,693.96614495
1514703600,12810,13140,12841.3,13140,497.07082452
1514707200,12808,13200,13140,12849.69,424.18077435
1514710800,12701,12944.38,12849.7,12701,591.0867252
1514714400,12710,13020.07,12727.03,13020.07,273.92368672
1514718000,13018.6,13250,13020.07,13140.28,415.73732568
1514721600,13052.65,13333,13140.07,13143.69,560.35250349
1514725200,13079.01,13249.99,13144,13131.01,333.85126365
1514728800,13131,13424.23,13131.01,13376,754.38573525
1514732400,13230.19,13395,13376,13380.13,551.71884575
1514736000,13380.12,14196.1,13380.13,14009.99,2549.87142906
1514739600,13740.76,14062,14009.96,13980,1147.28436559
1514743200,13820.01,14050,13979.99,13874.5,587.94645499
1514746800,13874.49,14040,13874.5,13957.32,542.08432649
1514750400,13957.32,14280.26,13957.32,14168.54,1327.219009
1514754000,14049,14168.54,14168.54,14067,713.23230673
1514757600,13850,14095,14067,13947,630.57415855
1514761200,13852,13985.37,13947,13863.13,473.68084332
