time,low,high,open,close,volume
1577836800,128.12,128.54,128.54,128.34,1910.23945475
1577840400,128.32,130.14,128.33,130.14,4916.26114071
1577844000,129.91,130.5,130.23,130.37,3044.7458358
1577847600,129.38,130.44,130.38,129.57,3829.07914065
1577851200,129.5,130,129.58,129.56,5416.86864899
1577854800,129.47,129.94,129.55,129.83,1789.72782679
1577858400,129.82,130.25,129.83,130,909.71828672
1577862000,129.8,130.25,130,129.87,866.22584185
1577865600,129.61,130.01,129.87,130.01,1034.71834475
1577869200,129.96,130.22,130.02,129.98,830.42917385
1577872800,129.88,130.33,129.98,130.33,564.36166566
1577876400,130.23,131.42,130.33,130.36,1857.75926611
1577880000,130.36,131.31,130.38,131.28,1688.6394726
1577883600,131.04,132.08,131.28,131.41,4327.96619463
1577887200,130.93,132.05,131.36,131.66,1087.60675341
1577890800,131.29,132.15,131.71,131.75,1277.48157701
1577894400,131.51,132.56,131.73,132.55,2050.91384464
1577898000,131.94,132.68,132.56,131.97,1846.20527873
1577901600,131.24,132.14,131.97,131.64,2025.07846725
1577905200,131.15,131.72,131.55,131.34,1278.7266515
1577908800,131.23,131.87,131.45,131.73,1233.76265075
1577912400,130.97,131.99,131.81,131.41,8899.99013475
1577916000,129.36,131.41,131.41,129.77,3165.85896442
1577919600,129.24,130.27,129.78,130.19,1660.13038997
1577923200,129.67,130.18,130.14,130,2310.92264453
1577926800,129.69,130,130,129.76,819.75671348
1577930400,128.28,129.76,129.76,129.21,2467.13864111
1577934000,128.36,129.19,129.19,128.56,1231.62472474
1577937600,128.21,129.25,128.51,129.12,1201.78263409
1577941200,128.78,129.19,129.02,129.08,666.48023803
1577944800,128.59,129.44,129.07,128.78,690.31159846
1577948400,128.41,129.07,128.79,128.65,526.01618701
1577952000,128.61,129.7,128.61,129.68,1259.46806283
1577955600,129.07,129.67,129.67,129.46,404.71275703
1577959200,129.28,129.7,129.45,129.39,1033.0567624
1577962800,128.97,129.43,129.33,129.16,579.74515922
1577966400,129.06,129.52,129.16,129.51,697.75596192
1577970000,128.45,129.53,129.51,128.97,1297.98204062
1577973600,128.81,129.45,128.97,129.03,1452.04115127
1577977200,128.96,129.41,128.99,129.26,941.16763459
1577980800,126.4,129.36,129.26,127.22,11614.28243367
1577984400,125.83,127.21,127.21,126.91,7867.57770928
1577988000,126.66,127.33,126.92,127.12,1884.55336999
1577991600,126.68,127.32,127.11,127.25,1895.17253179
1577995200,126.51,127.29,127.26,126.82,3100.96479258
1577998800,126.75,127.51,126.8,127.39,2392.46247665
1578002400,126.84,127.39,127.39,127.01,1964.80479389
1578006000,126.59,127.01,126.95,126.81,911.78799619
1578009600,126.55,127.22,126.81,126.65,1134.05098761
1578013200,125.52,126.65,126.65,125.63,2631.28437425
1578016800,125.53,126.65,125.63,126.61,1713.94587603
1578020400,126.23,126.69,126.61,126.52,1669.17359948
1578024000,126.51,129.83,126.51,129.14,6914.14871797
1578027600,128.44,129.67,129.12,128.96,3584.39419088
1578031200,128.57,129.18,128.93,129.08,2197.93381485
1578034800,128.55,129.37,129.08,128.58,4958.64540787
1578038400,128.53,132.86,128.54,131.95,6275.28658513
1578042000,131.63,132.73,131.95,132.18,3327.17577773
1578045600,131.4,132.59,132.19,131.98,3225.6090366
1578049200,131.74,132.45,131.92,132.27,1707.98898222
1578052800,131.69,132.79,132.41,132.14,1533.21750315
1578056400,132.17,133.68,132.17,133.4,4447.3752581
1578060000,131,133.65,133.41,131.62,5141.44070982
1578063600,131.47,132.5,131.63,132.5,1945.3497834
1578067200,131.96,133.68,132.49,133.42,5732.01529999
1578070800,132.58,134.93,133.43,134.05,8909.50999118
1578074400,133.25,134.21,133.97,133.39,2151.01211275
1578078000,132.21,133.41,133.38,133.28,2458.75634567
1578081600,132.81,133.93,133.23,133.3,2178.77489587
1578085200,131,133.75,133.3,132.14,8670.95817709
1578088800,132.02,133,132.17,132.93,2604.56909754
1578092400,132.83,134.82,132.88,134.17,3539.27632323
1578096000,133.35,134.73,134.17,133.65,3015.27676965
1578099600,132.68,133.66,133.66,132.89,1258.71456036
1578103200,132.59,133.22,132.86,133.22,1397.82487233
1578106800,132.98,133.39,133.2,133.28,811.41324472
1578110400,132.84,133.7,133.23,133.45,488.32976995
1578114000,133.29,133.93,133.46,133.55,1321.6134726
1578117600,133.49,134.1,133.49,133.84,623.47698515
1578121200,133.24,134.16,133.83,133.84,481.44316176
1578124800,133.39,133.9,133.84,133.45,257.2430255
1578128400,133.03,133.89,133.5,133.87,908.62877334
1578132000,133.03,133.9,133.86,133.03,616.55906248
1578135600,132.83,133.6,133.09,133.6,385.09070347
1578139200,132.5,133.61,133.61,132.69,1986.23220676
1578142800,132.5,132.98,132.64,132.64,991.91112306
1578146400,132.59,133.1,132.63,132.82,683.62848806
1578150000,132.75,133.49,132.82,133.19,860.45904883
1578153600,132.8,133.34,133.19,132.96,843.54956625
1578157200,133.06,134.65,133.06,134.55,3106.36920651
1578160800,132.9,135.75,134.59,133.34,4766.31644666
1578164400,132.9,134.11,133.27,133.72,1884.98323626
1578168000,133.4,134,133.68,133.93,736.70659088
1578171600,133.53,134.38,133.99,133.95,1115.40093129
1578175200,133.68,134.37,134.05,134.11,1307.10461974
1578178800,133.81,134.36,134.1,134.14,1406.5712586
1578182400,134.14,135.09,134.14,134.66,1894.57457042
1578186000,134.71,135.71,134.72,135.59,2987.92192967
1578189600,135.07,135.9,135.62,135.35,1073.69910218
1578193200,135.32,136.12,135.35,136.12,1115.07388506
1578196800,135.6,137.1,136.09,135.77,1982.83802221
1578200400,135.59,136.4,135.84,136.1,1040.46302771
1578204000,135.88,136.49,136.1,136.07,832.87878158
1578207600,135.91,136.35,136.08,136.09,633.33291786
1578211200,135.01,136.19,136.09,135.48,784.43240269
1578214800,135.08,135.68,135.48,135.24,523.21188305
1578218400,134.75,135.4,135.21,134.89,477.66138657
1578222000,134.86,135.39,134.88,135.12,292.28259242
1578225600,135.11,136,135.12,135.94,1159.06673865
1578229200,135.4,136,135.87,135.66,1124.93910802
1578232800,135.59,136.09,135.63,135.68,1316.48573113
1578236400,135.64,138.19,135.67,137.26,3799.82148446
1578240000,136.79,138.07,137.23,137.2,3119.93328996
1578243600,136.89,138.97,137.19,137.96,4430.66396562
1578247200,136.98,138.23,137.97,137.91,2938.71006791
1578250800,137.33,137.99,137.91,137.99,1978.56617184
1578254400,137.66,138.13,137.98,137.95,1281.61539208
1578258000,135,137.89,137.89,135.3,5903.32814323
1578261600,134.27,135.76,135.32,134.78,2707.68337867
1578265200,134.15,135.36,134.77,135.31,1954.50913928
1578268800,134.78,135.64,135.31,135.64,1851.25821178
1578272400,135.35,137.38,135.59,137.18,3445.42551732
1578276000,137.19,139.53,137.19,139.03,6061.92765537
1578279600,138.12,139.59,139.12,139.45,5636.13992461
1578283200,139.06,139.73,139.45,139.3,1833.89041911
1578286800,138.58,139.52,139.38,139.1,1657.11705114
1578290400,138.73,139.31,139.07,138.82,1004.10259015
1578294000,138.65,139.01,138.81,138.82,1173.78103014
1578297600,138.78,141.15,138.81,140.39,5891.97153274
1578301200,139.58,140.66,140.39,140.66,3188.26893458
1578304800,140.49,142.31,140.67,142.06,3257.86336791
1578308400,140.69,142.99,141.96,141.25,3122.4856438
1578312000,141.3,142.57,141.36,142.33,3302.52456031
1578315600,139.06,142.99,142.32,140.08,8908.84494425
1578319200,139.6,141.37,140.08,140.99,5864.65891181
1578322800,140.11,141.37,140.98,140.13,3827.25978496
1578326400,140.03,141.31,140.11,140.58,2611.24649114
1578330000,140.43,141.67,140.58,141.66,2653.14474216
1578333600,140.6,141.66,141.66,140.94,3109.11837225
1578337200,140.73,141.53,140.98,141.27,2556.30620514
1578340800,141.06,142.27,141.26,142.06,3786.57073524
1578344400,141.57,142.62,142.06,141.75,3073.58007059
1578348000,141.62,143.85,141.75,142.98,6221.23426772
1578351600,142.66,144.51,143.02,144.19,7485.05416982
1578355200,143.19,145.25,144.2,143.65,11196.80866626
1578358800,143.5,144.16,143.72,143.84,2487.53874121
1578362400,143.86,144.92,143.86,144.01,3934.06200497
1578366000,143.58,144.46,144.01,143.59,1536.96082766
1578369600,142.3,143.67,143.6,142.59,6846.15255877
1578373200,142.3,143.18,142.58,143.07,2567.31818488
1578376800,142.64,143.17,143.07,142.86,1369.20026276
1578380400,142.59,143.09,142.88,142.76,1044.57842985
1578384000,142.77,143.29,142.82,143.14,649.95026913
1578387600,142.51,143.42,143.11,142.6,571.40381731
1578391200,142.52,142.93,142.59,142.88,807.71004239
1578394800,142.66,143.82,142.93,142.66,1348.78141817
1578398400,140.73,142.63,142.63,141.09,5261.85530028
1578402000,140.2,141.27,141.08,140.9,2050.21168389
1578405600,140.5,141.33,140.87,140.9,1744.19711079
1578409200,139.02,140.92,140.9,139.57,7720.98310449
1578412800,138.79,141.81,139.61,141.47,3935.74308812
1578416400,141.14,142.93,141.46,142.72,3023.64950171
1578420000,142.48,143.59,142.72,142.57,5132.20798845
1578423600,142.58,144.29,142.61,143.33,12991.44122567
1578427200,143.12,144.94,143.3,144.87,4207.66152081
1578430800,142.09,145.17,144.89,142.43,9802.47507915
1578434400,141.39,142.98,142.41,142.21,3010.75827077
1578438000,142.24,143.93,142.27,143.08,3283.77344072
1578441600,143,148,143.08,147.58,8612.02569159
1578445200,145.42,148,147.59,145.77,8521.1236057
1578448800,144.2,146.57,145.85,144.76,4684.55089089
1578452400,143.78,145.21,144.62,144.7,3285.35800982
1578456000,144.7,145.33,144.7,145.17,3062.83851753
1578459600,144.66,145.24,145.08,144.83,1624.74604483
1578463200,144.66,145.27,144.83,145.17,1886.5497182
1578466800,142.73,145.3,145.17,143.65,2576.13404804
1578470400,142.96,144.15,143.65,143.88,2904.30318697
1578474000,143.09,144.06,144,143.33,1291.1122087
1578477600,143.07,144.55,143.32,143.96,1013.92688196
1578481200,143.49,144.49,143.92,143.49,790.57124703
1578484800,142.08,143.61,143.49,142.33,2177.64879085
1578488400,140.63,143.46,142.32,142.98,5850.55913474
1578492000,140.78,143.02,142.98,141.75,5463.43320474
1578495600,140.28,142.29,142.01,141.12,6509.05134602
1578499200,137.76,141.76,141.38,138.89,10870.36810009
1578502800,137.15,139.32,138.9,138.96,11087.69907041
1578506400,138.49,139.89,138.8,139.34,3777.70505129
1578510000,137.82,139.49,139.32,137.82,4866.45892394
1578513600,137.03,139.46,137.82,139.16,4103.34038439
1578517200,138.61,139.65,139.17,139.02,3402.11593541
1578520800,138.5,140.52,139.01,140.33,1721.33278955
1578524400,139.95,141.26,140.33,140.6,1599.14013309
1578528000,139.49,140.68,140.64,139.85,2717.38192086
1578531600,139.68,141.38,139.85,140.81,2249.72048975
1578535200,140.25,141,140.81,140.26,1727.28941425
1578538800,139.4,140.26,140.26,139.85,1419.02463424
1578542400,139.45,140.41,139.9,139.96,2944.04332314
1578546000,138.8,139.95,139.95,139.15,2278.65183778
1578549600,138.79,139.75,139.14,139.43,2201.73836098
1578553200,139.28,140.12,139.44,139.85,2047.14761987
1578556800,138.9,140.02,139.88,139.28,1458.58320738
1578560400,137.93,139.28,139.28,138.28,4012.18237972
1578564000,137.66,139.01,138.24,138.7,832.62820715
1578567600,137.54,138.72,138.7,138.12,1422.24060735
1578571200,137.84,138.46,138.14,138.18,565.57977744
1578574800,138.14,138.85,138.34,138.14,977.65046143
1578578400,137.67,138.52,138.15,137.68,1203.26218946
1578582000,137.67,138.52,137.67,138.04,2233.7892688
1578585600,135.12,138.43,138.03,135.9,9338.06456356
1578589200,135.51,136.32,135.8,135.82,2067.92403296
1578592800,135.61,136.3,135.93,135.87,1861.27357811
1578596400,135.83,138,135.87,137.53,2712.13532415
1578600000,137.28,139.43,137.52,137.78,5531.73929551
1578603600,136.68,137.77,137.77,136.93,1961.1173439
1578607200,136.75,137.98,136.94,137.57,1296.13101039
1578610800,135.91,138.45,137.53,137.71,6125.70048979
1578614400,137.02,137.91,137.72,137.1,1478.18544224
1578618000,136.7,137.31,137.12,136.8,1737.21120463
1578621600,136.34,137.13,136.8,136.38,1086.77543124
1578625200,136.23,136.82,136.38,136.79,1723.94447305
1578628800,135.92,136.88,136.79,136.22,1255.47052144
1578632400,135.26,136.25,136.2,135.63,2315.30263915
1578636000,135.5,136.52,135.58,136.45,1122.48465667
1578639600,135.96,136.45,136.45,136.31,3840.48450572
1578643200,135.38,136.41,136.35,135.93,1352.22990389
1578646800,135.71,136.29,136.01,135.93,591.66063539
1578650400,135.31,136.58,136,136.58,797.69783861
1578654000,136.71,138.91,136.71,138.17,3434.9059573
1578657600,137.85,139.63,138.25,139.63,2926.86470608
1578661200,138.57,139.74,139.65,138.66,1355.33295086
1578664800,138.56,140.03,138.56,140.03,3762.68332487
1578668400,139.75,142.9,140.03,142.5,17375.921867
1578672000,140.21,143.54,142.5,141.18,25685.05153916
1578675600,140.75,142.53,140.99,142.04,6852.67302052
1578679200,141.94,145.2,142.03,142.75,24777.52127681
1578682800,141.23,145.81,142.75,143.63,23201.98614739
1578686400,143.15,144.08,143.47,143.2,3157.90543427
1578690000,142.79,143.93,143.2,142.81,1994.3785794
1578693600,141.69,143.09,142.83,142.9,2380.07633931
1578697200,142.72,144.97,142.96,144.72,3414.24983631
1578700800,143.3,144.9,144.89,143.59,2562.85913595
1578704400,143.61,145.25,143.67,144.15,3665.50229131
1578708000,143.36,144.53,144.15,143.85,1599.6468958
1578711600,142.87,144.06,143.87,143.59,2715.51132541
1578715200,142.9,144.08,143.6,143.26,1429.71544339
1578718800,142.26,143.26,143.26,142.88,811.04071897
1578722400,142.11,143.41,142.79,142.72,679.3737062
1578726000,142.72,143.73,142.72,142.86,551.06948191
1578729600,142.47,143.38,142.86,142.78,336.13582004
1578733200,142.74,143.98,142.76,143.83,394.08481519
1578736800,142.83,143.82,143.81,142.9,427.32876361
1578740400,142.5,143.19,142.84,142.66,981.02586054
1578744000,142.2,142.82,142.65,142.62,409.56631161
1578747600,142.51,143.72,142.64,143.59,1322.3089681
1578751200,142.39,143.68,143.57,142.39,1413.19009172
1578754800,142.31,143.4,142.4,143.38,1089.87757693
1578758400,142.55,146.7,143.37,146.43,4508.56430628
1578762000,146,148,146.5,146.61,4412.11265084
1578765600,145.61,147,146.65,146.57,2841.67518671
1578769200,145.79,147,146.57,146.35,1974.24861106
1578772800,145.2,146.92,146.34,145.91,2842.0459945
1578776400,142.9,147.71,145.93,144.12,9447.06538844
1578780000,142,144.25,143.85,143.4,3468.34030614
1578783600,142.3,143.45,143.45,142.63,2968.2191169
1578787200,141.83,143.59,142.51,143.35,2330.93764592
1578790800,142.86,144,143.16,143.33,1510.72995796
1578794400,143.06,144.39,143.19,144.04,1209.85370705
1578798000,143.51,144.44,144.11,143.7,636.10173314
1578801600,143.37,144.2,143.89,143.5,835.24120945
1578805200,143.48,144,143.5,144,683.45436271
1578808800,143.99,145.83,144,144.31,2413.11550678
1578812400,144.35,144.83,144.48,144.59,723.45391598
1578816000,144.49,145.32,144.59,144.82,1103.98963538
1578819600,144.1,144.91,144.84,144.25,720.3233313
1578823200,143.23,144.27,144.27,143.54,867.77799782
1578826800,143.23,143.71,143.46,143.23,574.99110405
1578830400,143.25,144.06,143.27,143.72,631.32756357
1578834000,143.24,145.3,143.78,145.08,2233.76117567
1578837600,143.76,145.5,145.19,144.19,1392.11191586
1578841200,144.1,145,144.2,144.82,964.19785362
1578844800,143.79,145.42,144.81,143.94,2032.41635886
1578848400,143.32,145.47,143.9,144.06,2405.48686504
1578852000,144.18,144.74,144.19,144.68,668.08856517
1578855600,144.27,144.92,144.66,144.35,1534.00772821
1578859200,144.38,144.8,144.38,144.7,1356.72744726
1578862800,144.44,144.87,144.69,144.57,744.39448414
1578866400,144.44,145.56,144.51,145.31,1446.3873256
1578870000,144.8,146.6,145.35,146.6,6431.7879328
1578873600,144.78,147,146.55,144.92,3336.34656813
1578877200,144.82,145.3,144.89,145.15,2285.02961617
1578880800,142.6,145.43,145.26,142.87,3904.76800685
1578884400,142.59,143.7,142.88,143.3,3352.33476979
1578888000,143,143.85,143.25,143.65,1882.76960281
1578891600,143,143.71,143.67,143.26,1067.23669887
1578895200,142.23,143.63,143.21,142.25,2036.77089891
1578898800,142.1,142.9,142.24,142.69,1485.07910736
1578902400,142.43,143.39,142.69,143.2,749.47250745
1578906000,142.68,143.44,143.4,143.08,407.56787151
1578909600,142.72,143.96,143.05,143.68,2473.32477895
1578913200,142.61,143.81,143.68,142.71,1045.11962249
1578916800,142.55,143.16,142.63,142.97,1225.91213986
1578920400,142.75,143.49,142.98,142.76,688.57546919
1578924000,142.4,142.92,142.75,142.75,1506.71250028
1578927600,142.66,142.93,142.74,142.67,1186.83219721
1578931200,142.27,143.3,142.66,143.05,3838.86888023
1578934800,142.92,143.85,143.26,142.92,2627.47283937
1578938400,142.9,143.14,142.92,143.12,894.86103995
1578942000,142.91,143.63,143.12,143.44,1857.98985383
1578945600,143.41,144.41,143.42,144.34,1930.54610146
1578949200,143.91,144.84,144.39,144.19,2357.46431913
1578952800,144,144.21,144.19,144,897.75742235
1578956400,143.5,144.22,144,143.51,1033.84582844
1578960000,143.45,145.89,143.5,145.44,5591.46761481
1578963600,145.44,148.59,145.44,147.54,15689.07314536
1578967200,146.59,147.63,147.49,147.1,5235.41364122
1578970800,146.81,149.46,147.13,148.98,6743.98178553
1578974400,149.08,151.54,149.08,149.21,21978.19128815
1578978000,148.19,149.41,149.2,148.54,5658.61436932
1578981600,148.05,149.12,148.52,148.99,2460.26069661
1578985200,148.72,149.56,149.01,149.03,2974.07315026
1578988800,148.95,149.53,149.01,149.23,1092.2768701
1578992400,149.26,151.72,149.26,149.72,5113.64503464
1578996000,149.24,150.38,149.72,150.38,3393.27070198
1578999600,150.17,151.42,150.37,151.42,2469.54758853
1579003200,150.58,153.21,151.49,150.89,7787.72693367
1579006800,150.85,154,150.88,153.93,3553.44944173
1579010400,153.21,157.76,153.96,155.93,15691.29073093
1579014000,153.77,157.79,155.94,155.94,11479.74409579
1579017600,153.16,159.54,156.05,159.44,13344.4183618
1579021200,158.89,165.82,159.44,164.03,46857.62433172
1579024800,162,170.83,164.08,165.72,37659.30048
1579028400,162.5,166.53,165.8,165.76,7529.2043513
1579032000,163.25,165.76,165.76,163.52,7783.01628652
1579035600,160.59,165.24,163.59,164.15,10227.16776614
1579039200,164.01,166.19,164.16,164.17,4757.26344911
1579042800,163.8,168.3,164.03,165.76,13338.59382503
1579046400,163.5,172.18,165.74,169.32,23562.79572643
1579050000,165.8,170.08,169.14,167.18,18552.09978598
1579053600,166.52,167.88,167.16,166.85,8292.8080807
1579057200,162.53,166.92,166.85,162.53,10439.88381335
1579060800,160.2,163.23,162.51,160.2,9750.99040185
1579064400,159.13,161.49,160.25,160.68,4671.01480794
1579068000,160.62,163.25,160.65,162.68,3527.23167793
1579071600,160.94,162.69,162.68,161.07,2910.22342562
1579075200,160.61,162.36,160.99,161.6,2659.78112839
1579078800,161.6,165.12,161.6,164.89,3330.80446278
1579082400,164.09,167.5,164.86,166.94,4988.9717793
1579086000,163.94,167.39,167.03,164.13,2393.11747488
1579089600,163.95,166.45,164.13,165.36,1616.10646219
1579093200,165.37,168.7,165.38,168.16,5094.40176597
1579096800,164.26,168.51,168.25,165.58,11180.0525576
1579100400,161.74,165.76,165.69,162.29,8716.43373414
1579104000,160.35,164.76,162.29,163.99,4861.87287092
1579107600,162.72,164.89,163.99,164.71,2522.24605957
1579111200,162.95,165.39,164.71,163.6,17150.23276721
1579114800,163.51,164.51,163.63,164.43,1896.02920989
1579118400,163.74,166.63,164.45,166.13,5066.61950771
1579122000,164.03,166.78,166.16,165.23,3462.68112007
1579125600,164.71,166.83,165.2,166.67,3082.61442667
1579129200,164.79,167.14,166.67,166.29,5563.67304856
1579132800,162.28,167.28,166.27,163.82,12175.55457441
1579136400,158.17,164.1,163.82,160.26,10651.58122142
1579140000,159.27,161.51,160.31,160.37,4532.80731107
1579143600,158.62,160.63,160.19,159.67,3783.52680632
1579147200,159.12,160.87,159.65,160.08,2105.01705983
1579150800,160.05,162,160.11,161.64,1985.27222055
1579154400,161.08,162.48,161.6,161.81,2748.29809543
1579158000,160.22,161.81,161.81,160.53,1030.5508947
1579161600,159.9,161.55,160.53,160.85,2436.04893628
1579165200,159.43,160.98,160.89,160.88,893.6251497
1579168800,159.92,162.23,160.88,162.23,4613.6190403
1579172400,161.2,163.88,162.23,163.88,3009.33054479
1579176000,162.22,165.33,163.86,162.22,2850.32133393
1579179600,160.77,162.69,162.37,161.52,4055.95702455
1579183200,160.01,161.93,161.43,161.9,2580.75269539
1579186800,161.9,163.04,161.9,162.28,1904.03812818
1579190400,160.28,163.21,162.29,161.38,3533.66750242
1579194000,161.36,163.99,161.48,163.16,4168.22271397
1579197600,162.2,163.91,163.16,163.1,3173.92101114
1579201200,163.01,163.79,163.07,163.28,2450.79962843
1579204800,163.26,165.63,163.26,165.43,2935.70250116
1579208400,162.37,165.7,165.47,163.06,4188.49713431
1579212000,162.65,164.13,163.08,163.95,3543.15638358
1579215600,163.22,164.81,163.95,163.93,2838.48239863
1579219200,162.01,164.87,164,163.55,2536.3484179
1579222800,163.3,164.79,163.55,164.64,1594.85075774
1579226400,164.34,166.86,164.68,165.47,7762.19177475
1579230000,164.63,167.17,165.43,164.9,5409.26031967
1579233600,164.66,166.5,164.9,166.31,2796.32323055
1579237200,165.82,170.29,166.38,169.88,12765.13932546
1579240800,167.64,171.31,169.94,167.85,10196.41108646
1579244400,167.5,171.23,168,170.74,4879.33932759
1579248000,169.6,174.52,170.78,171.33,7557.84100214
1579251600,170.82,172.98,171.43,171.73,5974.25143497
1579255200,169.5,172.25,171.74,170.51,3206.9543793
1579258800,169.6,170.76,170.4,169.71,1982.75899334
1579262400,167.01,169.93,169.65,168,4003.22382591
1579266000,167.77,169.19,168.01,168.32,2640.81892836
1579269600,164.93,168.37,168.37,166.25,6576.64157491
1579273200,165.84,168.27,166.15,168.06,4313.92618021
1579276800,167.41,171.12,168.04,169.73,10480.09739008
1579280400,169.16,171.06,169.73,169.93,4845.25490632
1579284000,169.93,173,169.93,172.03,6159.77632571
1579287600,166.5,173.47,172.03,169,13183.46227435
1579291200,168.25,170.21,168.88,168.86,5646.1827574
1579294800,168.83,171,168.83,170.86,1953.29493722
1579298400,170.56,173.15,170.86,171.51,4719.54943193
1579302000,169.45,172.35,171.65,169.59,3735.7679053
1579305600,168.84,173.36,169.54,172.89,5818.03901786
1579309200,171.38,173.47,172.96,172.43,4363.34915516
1579312800,170.4,172.58,172.43,171.1,3477.30224931
1579316400,170.47,172.3,171.01,171.85,2422.19096901
1579320000,167.86,171.83,171.83,168.59,4799.34942227
1579323600,166.88,169.55,168.59,168.12,5439.63489781
1579327200,164.92,168.01,168.01,167.7,6710.05531258
1579330800,166.64,169.06,167.71,167.98,3412.15654053
1579334400,167.22,168.66,167.94,168.46,774.38635621
1579338000,168.14,169.86,168.46,169.16,1064.99125157
1579341600,168.7,170.01,169.14,168.74,1439.32328874
1579345200,167.71,169,168.81,168.73,953.52930421
1579348800,168.53,171,168.72,170.82,1235.39294162
1579352400,170.1,176.01,170.81,174.07,12144.65400399
1579356000,173.87,179.32,173.96,177.23,17715.76489826
1579359600,173.42,178.25,177.12,175.41,8182.46087978
1579363200,172.35,177.3,175.41,173.86,9642.56053767
1579366800,172.96,175,173.66,174.8,3038.58153164
1579370400,172.57,175.1,174.75,173.66,2932.2309917
1579374000,173.29,174.89,173.67,174.67,3593.75056974
1579377600,174.53,175.65,174.71,175.27,2877.28990582
1579381200,175.33,176.76,175.34,176.64,3068.61573489
1579384800,175.68,176.96,176.63,176.87,2483.1900456
1579388400,173.82,177.09,176.92,174.06,5463.52304811
1579392000,173.18,176.37,174.05,176.18,3994.5796379
1579395600,174,178,176.18,175.18,13435.85008041
1579399200,174.5,176.9,175.23,176.24,5535.19882703
1579402800,175.93,177.57,176.25,176.05,3541.18004644
1579406400,175.42,176.21,176.05,175.7,2592.19870767
1579410000,175.03,176.35,175.63,175.81,3258.30153573
1579413600,174.35,176.52,175.9,174.85,2518.26746449
1579417200,174.42,176.66,175.04,176.39,1312.04075685
1579420800,175.65,176.59,176.4,176.1,1351.02249178
1579424400,174.66,177.14,175.82,175.41,1688.30743261
1579428000,174.08,175.6,175.4,174.08,1024.00305186
1579431600,163.34,174.1,174.1,166.37,26434.36225244
1579435200,162.11,166.04,166.04,165.34,7989.79620175
1579438800,161.7,165.3,165.3,164.25,7595.07736159
1579442400,163.94,165.65,164.2,164.35,3528.15553762
1579446000,163.51,165.28,164.41,164.67,2623.77706112
1579449600,164.09,166.43,164.55,165.01,5666.83000617
1579453200,164.5,165.28,165,165.04,2098.55294768
1579456800,163.8,165.04,165.04,164.23,2768.67574957
1579460400,163.71,165.1,164.23,164.84,1223.84816017
1579464000,163.97,164.95,164.83,164.39,785.19825814
1579467600,164.05,166.04,164.38,165.82,3712.47309565
1579471200,163.51,166.78,165.82,165.95,5575.8948608
1579474800,165.44,167.28,165.93,166.75,3180.09806568
1579478400,165.28,167.36,166.67,165.85,2527.07368054
1579482000,165.06,166.24,165.73,165.19,2045.45696632
1579485600,165.05,165.7,165.24,165.15,2367.79978597
1579489200,165.05,165.5,165.15,165.39,1766.78971292
1579492800,164.24,166.1,165.4,164.58,3402.572868
1579496400,164.61,165.51,164.61,165.49,1715.53377364
1579500000,165.33,165.92,165.49,165.46,1171.84795612
1579503600,164.93,166.13,165.53,165.27,1584.80304959
1579507200,164.39,165.97,165.38,165.13,2311.35478905
1579510800,164.01,165.42,165.15,164.42,2410.48080139
1579514400,164.33,164.99,164.33,164.77,1315.11021398
1579518000,162.2,164.91,164.77,162.56,4517.67794873
1579521600,161.65,163.91,162.74,162.18,4583.08600999
1579525200,161.1,164.71,162.18,163.77,4002.09466595
1579528800,163.54,166.19,163.72,165.95,3191.66891926
1579532400,165.47,166.87,165.94,166.57,2816.92158718
1579536000,165.81,167.75,166.68,166.59,5151.27061636
1579539600,165.98,166.83,166.61,165.99,2042.34113187
1579543200,165,166.64,166,166.27,5747.92295363
1579546800,166.18,167.72,166.24,167.36,1866.90435928
1579550400,166.73,167.57,167.36,167.01,1382.21217886
1579554000,166.62,167.03,167.02,166.9,1150.37125265
1579557600,166.77,169.3,166.91,167.38,3685.78252978
1579561200,166.27,167.67,167.38,166.68,3583.69659993
1579564800,165.34,167.01,166.66,165.9,3376.87077503
1579568400,165.96,166.81,166.11,166.8,986.12209261
1579572000,166.58,167.31,166.79,167.07,1692.29956456
1579575600,167.01,168,167.06,167.91,1531.10655554
1579579200,167.53,168.37,167.97,167.62,1000.62160464
1579582800,166.44,167.6,167.53,166.77,1760.88177915
1579586400,166.44,167.46,166.77,167.06,1269.98731398
1579590000,165.83,167.07,167.06,166.24,1746.59829912
1579593600,165.66,166.88,166.23,166.8,1872.78839376
1579597200,166.27,167.63,166.8,166.43,1025.65482232
1579600800,166.14,167.65,166.45,167.57,2198.32755438
1579604400,167.06,168.25,167.57,167.63,3043.52224042
1579608000,167,168.14,167.66,167.83,2265.11327963
1579611600,167.63,168.91,167.83,168.61,1700.36854142
1579615200,167.94,168.62,168.62,168.07,3499.62253151
1579618800,167.8,168.87,168.07,167.84,3897.27000581
1579622400,166.51,168.22,168.08,167.43,2941.06089916
1579626000,167.01,167.6,167.34,167.45,1013.64897486
1579629600,166.17,167.61,167.48,166.72,1764.28971725
1579633200,164.28,167.19,166.69,164.78,6212.09584531
1579636800,164.79,168.21,164.79,167.99,6359.2426179
1579640400,168,170,168,168.93,6529.58020738
1579644000,167.91,169.3,168.92,169.02,1737.97260677
1579647600,168.51,169.57,169.02,169.19,2093.44933569
1579651200,169.14,169.83,169.29,169.45,2080.88365277
1579654800,168.48,169.56,169.47,168.77,2074.25578351
1579658400,167.51,169.05,168.78,168.27,2228.68482458
1579662000,167.98,169.03,168.22,168.29,3595.78593361
1579665600,168.29,169.06,168.3,169.06,984.42691082
1579669200,168.57,169.13,169.05,168.66,1405.03580558
1579672800,168.58,169.52,168.66,169.52,1398.72582065
1579676400,168.55,171.05,169.5,168.6,4300.75808794
1579680000,167.16,169.13,168.78,168.03,4465.68553394
1579683600,167.39,168.57,167.86,168.54,964.93243615
1579687200,167.51,168.54,168.54,167.91,1050.17673178
1579690800,166.71,167.96,167.87,167.57,2118.66837584
1579694400,166.99,167.74,167.51,167.49,786.70333562
1579698000,165.66,167.55,167.55,166.07,3078.28508518
1579701600,165.65,166.85,165.87,166.41,2728.42657281
1579705200,166.2,167.42,166.42,166.94,2236.19387645
1579708800,166.07,168.54,166.94,167.86,3445.42945569
1579712400,167.13,168.39,167.85,167.77,1166.2554129
1579716000,167.12,167.82,167.77,167.43,983.61786952
1579719600,166.87,167.69,167.42,167.5,1503.74077926
1579723200,167.03,167.94,167.46,167.81,3727.59294926
1579726800,167.3,167.9,167.82,167.53,748.75411032
1579730400,167.09,167.64,167.53,167.16,1661.1170493
1579734000,167.01,167.86,167.14,167.68,718.3821681
1579737600,166.34,167.79,167.73,166.62,1022.61198903
1579741200,164.25,166.9,166.68,164.29,6126.01244456
1579744800,163.78,165.24,164.29,165.19,3270.73352041
1579748400,164.72,165.39,165.18,164.72,1864.51800415
1579752000,163.61,164.72,164.72,164.01,3519.28356589
1579755600,162.07,163.99,163.9,163.31,4764.99394469
1579759200,162.68,163.55,163.26,163.27,1205.87996287
1579762800,162.66,164.74,163.22,164.33,2130.87839494
1579766400,163.26,165.05,164.29,163.35,2189.92556433
1579770000,162.41,163.28,163.28,162.82,2613.52033575
1579773600,161.93,163.22,162.82,162.99,1872.8231598
1579777200,162.02,162.98,162.92,162.09,1442.43356996
1579780800,161.15,162.59,162.04,162.16,3249.27743027
1579784400,160.57,162.27,162.11,160.91,4582.72899031
1579788000,160.56,161.83,160.91,161.6,2035.04964047
1579791600,161.38,163.23,161.61,162.65,2018.4991058
1579795200,161.35,162.9,162.66,161.73,2547.42232492
1579798800,160.65,162.86,161.73,160.99,2406.20666299
1579802400,158.44,161.13,161.1,159.13,10355.10951816
1579806000,158.8,160.37,159.18,160.24,2417.85743499
1579809600,159.47,160.76,160.24,160.64,2138.75072472
1579813200,160.52,162.8,160.63,162.3,2123.0291122
1579816800,162.06,163.16,162.24,162.81,1866.06765161
1579820400,161.5,162.84,162.83,162.4,1545.43117954
1579824000,161.82,162.98,162.49,162.77,2109.42964709
1579827600,161.12,163,162.8,161.12,1762.29943542
1579831200,157.55,161.38,161.12,158.39,7432.78033029
1579834800,157.93,159.5,158.4,158.86,2358.77009185
1579838400,157.64,159.48,158.86,157.96,3007.05497867
1579842000,157.96,159.31,157.96,159.18,1755.19555437
1579845600,158.51,159.67,159.22,159.2,1645.12721142
1579849200,157.96,159.5,159.19,158.87,2562.00840832
1579852800,158.2,158.88,158.83,158.45,1436.10435095
1579856400,155.46,158.59,158.45,155.86,7482.77348252
1579860000,155.55,157.15,155.84,155.95,2909.34096613
1579863600,154.48,160.47,155.94,160.12,10829.99665945
1579867200,159.62,161.5,160.13,160.78,9996.95411637
1579870800,159.64,161.4,160.78,161.35,6151.51583129
1579874400,160.72,162.75,161.34,161.76,6089.96265225
1579878000,160.9,162.59,161.78,162.33,2266.73368896
1579881600,160.59,162.81,162.31,160.65,2565.57025442
1579885200,160.39,161.22,160.65,160.89,1119.54756174
1579888800,160.9,162.39,160.9,161.56,2737.73635071
1579892400,161.37,164.21,161.56,163.55,3235.45828794
1579896000,162.39,164.11,163.56,163.13,2042.02788041
1579899600,162.92,163.58,163.13,163.08,1368.11982332
1579903200,161.35,163.13,163.03,162.89,4077.21847062
1579906800,161.86,163.77,162.89,162.3,1568.37463233
1579910400,157.77,162.35,162.31,158.4,6040.54246304
1579914000,157.4,159.06,158.31,158.2,2525.47536642
1579917600,158.04,159.17,158.31,158.97,1200.79609261
1579921200,158.34,159.48,158.97,158.74,1937.14700258
1579924800,158.48,160.27,158.74,158.92,1804.88479907
1579928400,158.39,159.65,158.97,159.32,3063.62703191
1579932000,159.02,159.77,159.32,159.1,914.88620041
1579935600,158.97,159.83,159.11,159.14,521.37165211
1579939200,159.04,160.97,159.13,160.81,771.01434377
1579942800,159.78,160.89,160.89,159.99,538.52482342
1579946400,158.56,160.39,159.99,159.02,505.45854702
1579950000,158.49,159.35,159.05,158.96,757.4238262
1579953600,158.52,159.33,158.92,158.61,310.07129802
1579957200,158.48,160.65,158.52,159.74,1746.6726547
1579960800,159.67,160.56,159.85,159.67,811.89504663
1579964400,159.35,160.2,159.75,160.19,750.6536217
1579968000,159.73,161.28,160.2,160.76,2121.76059667
1579971600,160,161.03,160.84,160.14,1021.96688655
1579975200,159.62,160.61,160.04,160.39,846.90530006
1579978800,160.25,160.97,160.34,160.77,963.40355847
1579982400,160.48,160.96,160.77,160.86,621.94530973
1579986000,160.78,161.98,160.86,161.34,1535.7179877
1579989600,160.69,162.41,161.34,160.78,3524.78904425
1579993200,159.97,161.42,160.78,160.12,1840.59030486
1579996800,159.18,160.31,160,159.74,2038.70826794
1580000400,159.43,160.61,159.74,159.79,1736.0482993
1580004000,159.09,159.68,159.66,159.19,726.62104926
1580007600,159.12,161.26,159.18,160.67,1447.84480501
1580011200,160.09,160.67,160.67,160.28,1099.93646803
1580014800,160.29,161.26,160.29,160.48,758.55117283
1580018400,160.11,160.93,160.48,160.37,750.06765084
1580022000,160.28,160.84,160.38,160.84,456.24591762
1580025600,160.49,163.35,160.92,161.92,4102.67471653
1580029200,161.46,162.4,161.94,161.84,786.43873909
1580032800,161.51,162.71,161.51,162.46,728.94211574
1580036400,162.13,162.92,162.48,162.78,796.3557528
1580040000,162.47,163.68,162.83,163.19,1140.50374318
1580043600,162.4,163.55,163.29,163.11,1144.49309341
1580047200,162.6,163.32,163.01,163.02,644.07116247
1580050800,162.46,163.6,163.03,162.82,1493.93646489
1580054400,162.78,164.45,162.93,164.45,4402.61996231
1580058000,164.28,166.49,164.44,166.09,6477.76610611
1580061600,165.6,166.7,166.09,165.99,2948.62954638
1580065200,165.5,166.17,166,165.88,1617.93086017
1580068800,165.83,167.32,165.84,166.31,4286.34320535
1580072400,166.17,167.32,166.36,167.04,1682.50832211
1580076000,166.33,167.45,167.04,166.72,1653.84583805
1580079600,166.62,167.59,166.87,167.35,1732.65212708
1580083200,167.49,169.33,167.58,168.08,7480.72617482
1580086800,167.79,169.11,168,167.86,2669.29438695
1580090400,166.42,167.97,167.87,167.18,4431.07360883
1580094000,167,167.53,167.23,167.36,1471.61482731
1580097600,166.05,168.2,167.36,166.61,3899.79573063
1580101200,166,167.09,166.61,166.75,1852.94166343
1580104800,166.44,167.25,166.75,166.9,1097.54519338
1580108400,166.55,167.15,166.89,166.93,847.36526022
1580112000,164.89,166.93,166.93,165.34,3853.61155235
1580115600,164.9,166.37,165.33,166.06,2027.71665356
1580119200,165.26,166.8,165.98,165.46,985.2213188
1580122800,165.3,168.38,165.48,167.93,3161.75078229
1580126400,167.74,169.62,167.99,169.07,4456.74689522
1580130000,168.5,170.4,169.08,168.69,4185.44014707
1580133600,168.38,169.76,168.62,169.64,2128.24323825
1580137200,169.02,170.4,169.75,169.5,4423.52711698
1580140800,168.61,170.78,169.5,169.97,5779.89460715
1580144400,169.12,170.85,169.96,169.37,5655.75623102
1580148000,168.65,170.98,169.36,170.94,2452.34310408
1580151600,169.96,171.24,170.93,170.81,8091.90253526
1580155200,170.56,171.63,170.87,171.57,4089.48628875
1580158800,170.04,171.7,171.58,171.08,3866.77277054
1580162400,169.22,171.08,171.07,169.85,3049.17560269
1580166000,169.46,170.46,169.85,169.77,2505.93209496
1580169600,169.78,172.36,169.78,171.23,5708.69096591
1580173200,171.19,173.55,171.19,173.15,8628.52056603
1580176800,172.19,173.15,173.12,172.98,3895.84997545
1580180400,171.88,172.98,172.95,172.71,2653.01845263
1580184000,171.98,173.45,172.72,172.01,4240.80253543
1580187600,170.56,172.36,172.14,171.93,4674.72850424
1580191200,170.61,172.06,171.81,171.29,1968.73957064
1580194800,170.98,172.5,171.29,171.81,1272.82459762
1580198400,170.56,171.81,171.81,170.93,1903.27501038
1580202000,170.28,171.18,170.87,170.41,2571.30771634
1580205600,170.02,171.81,170.4,171.58,1270.96817841
1580209200,171.34,172.76,171.58,171.54,2049.98992247
1580212800,170.21,171.88,171.64,171.1,2003.85795121
1580216400,170.88,172.29,171.09,171.64,2485.71490832
1580220000,171.61,174.45,171.64,171.9,12351.68395112
1580223600,170.49,172.75,171.84,172.01,6100.64877369
1580227200,170.78,172.5,172.02,170.87,5263.54882725
1580230800,169.83,171.19,170.82,170.74,5762.17647532
1580234400,170.37,171.24,170.61,170.56,4615.55752476
1580238000,170.35,171.54,170.56,170.88,3480.68585933
1580241600,170.93,172.49,170.95,172.11,2953.04319528
1580245200,171.84,173.86,172.11,171.85,3497.95754316
1580248800,171.83,174.25,171.84,173.54,2799.86513695
1580252400,173.16,176.5,173.54,175.99,10110.718614
1580256000,175.03,177,175.91,175.64,9454.23994003
1580259600,175.63,177.41,175.63,176.7,6382.10630536
1580263200,175.6,177.14,176.7,175.83,4040.27103169
1580266800,175.75,176.68,175.77,176.27,3427.45663252
1580270400,175.53,177,176.33,176.1,4351.75918762
1580274000,176.02,176.92,176.09,176.75,1812.6255644
1580277600,176.62,178.31,176.65,177.26,4266.75314855
1580281200,176.78,178.16,177.27,177.9,1415.90310615
1580284800,177.5,178.1,177.9,178.02,1439.9427576
1580288400,175.85,178.13,178.07,176.06,2332.41591046
1580292000,174.5,177.95,176.17,177.49,6421.02447092
1580295600,174.66,177.6,177.49,175.81,5464.57471743
1580299200,174.61,175.99,175.91,175.29,1533.79162973
1580302800,174.86,176.3,175.29,175.54,3608.01220227
1580306400,174.92,176.27,175.53,176.24,2590.03262292
1580310000,174.71,176.29,176.23,174.84,2088.25707236
1580313600,174.34,176.8,174.84,176.3,5424.28097357
1580317200,175.64,176.5,176.18,175.75,1862.74137261
1580320800,175.64,176.42,175.75,175.95,1739.54622466
1580324400,175.22,176.65,175.96,176.26,3384.25971828
1580328000,175.29,176.55,176.4,176.23,2662.81777677
1580331600,175.15,176.88,176.24,175.73,3975.9403034
1580335200,174.9,175.93,175.69,175.45,1516.06328033
1580338800,173.13,175.71,175.45,173.45,4215.10812398
1580342400,170,173.68,173.41,172.63,11743.46683506
1580346000,171.5,173.5,172.63,173.4,2874.14308715
1580349600,171.63,173.4,173.4,171.92,2154.99852258
1580353200,171.88,173,171.95,172.93,2020.93154466
1580356800,172.91,174.21,172.92,173.95,4128.17132065
1580360400,173.22,174.01,173.98,173.43,1159.29853047
1580364000,172.94,173.96,173.32,173.54,1436.69106131
1580367600,173.59,175.96,173.6,175.51,3898.54240769
1580371200,174.94,176.38,175.52,175.39,3452.34873324
1580374800,174.42,176.18,175.39,175.29,1437.98181831
1580378400,174.35,175.65,175.3,174.35,671.01922269
1580382000,173.91,175.12,174.41,174.87,902.28692391
1580385600,174.7,176.39,174.97,176.05,4057.81671842
1580389200,175.63,177,176.05,176.62,2380.39648138
1580392800,175,177.18,176.74,175.43,4522.34455621
1580396400,175.31,177.32,175.48,177.32,2720.63211591
1580400000,174.5,180.1,177.36,177.16,16827.40485053
1580407200,177.48,180.98,177.48,180.91,2549.36090769
1580410800,180.2,181.99,180.9,181.26,7607.21127207
1580414400,181.27,185.14,181.27,184.4,11874.95104009
1580418000,183.19,185.03,184.39,185.03,3808.54635818
1580421600,183.9,186.63,184.95,186.62,5366.02980659
1580425200,182.99,186.89,186.54,184.55,6831.89979263
1580428800,183.48,185.68,184.52,183.82,6004.22179181
1580432400,183,184.73,183.82,183.89,2689.59738905
1580436000,182.03,183.82,183.81,182.87,6426.37616333
1580439600,182.8,183.99,182.88,183.07,2170.48861015
1580443200,181.4,183.38,183.08,182.05,4472.11262348
1580446800,180.59,182.48,182.02,180.94,3494.32518323
1580450400,180.52,183.25,180.94,182.65,3421.12937784
1580454000,181.31,182.84,182.83,181.92,2582.17770163
1580457600,180.86,182.61,181.92,182.42,1721.09653042
1580461200,181.51,182.95,182.46,181.79,2068.81891018
1580464800,179.78,182.32,181.77,181.08,4747.77286176
1580468400,179.98,181.07,181.06,180.44,2887.60227229
1580472000,176.18,180.36,180.36,177.47,9177.53908977
1580475600,175,178.43,177.65,177.73,8192.2973727
1580479200,175.57,178.44,177.78,177.58,11165.33230507
1580482800,177.34,179.5,177.58,179.49,7928.48094048
1580486400,177.06,180.51,179.49,178.12,6211.71270131
1580490000,177.63,178.5,178.17,178,2472.48906789
1580493600,177.99,179.13,178,179.1,3147.63430113
1580497200,178.71,179.57,179.1,179.19,1970.63798426
1580500800,179.13,180.51,179.19,180.31,5445.96945485
1580504400,179.98,181.04,180.32,180.66,3646.64127997
1580508000,180.03,182.24,180.66,181.73,4164.4191399
1580511600,179,181.65,181.59,179.74,2430.90357205
1580515200,179,181.41,179.72,181.06,3535.78728446
1580518800,180.98,183.64,181.06,183.59,5183.17886017
1580522400,181.93,184,183.57,183.61,9995.08344627
1580526000,182.41,183.81,183.66,183.16,1525.89171988
1580529600,181.34,183.49,183.3,181.74,3874.46837662
1580533200,181.46,182,181.74,181.47,3288.21037237
1580536800,181.46,182.29,181.46,181.92,897.31903829
1580540400,181.91,183.79,181.91,183.16,2115.4402625
1580544000,180,183.34,183.22,181.08,2430.73756111
1580547600,180.58,181.55,181.11,181.18,1369.20038832
1580551200,180.81,181.79,181.2,181.25,713.98922796
1580554800,179.74,181.24,181.24,180.49,1908.01619683
1580558400,179.57,180.81,180.69,179.76,1077.77001227
1580562000,179.75,182.25,179.84,181.81,2824.0227639
1580565600,180.53,181.81,181.81,181.37,2504.3774366
1580569200,181.02,182.4,181.43,181.18,4906.98064937
1580572800,181.1,183.39,181.18,183.03,2901.12429061
1580576400,182.59,183.73,183.14,182.89,2261.48444413
1580580000,182.63,183.8,182.76,183.29,1834.06921117
1580583600,182.11,183.32,183.32,182.47,1892.57265966
1580587200,182.05,183.39,182.27,183.08,3297.57548175
1580590800,182.06,183.55,183.08,182.54,1550.57406521
1580594400,182.42,183.41,182.52,182.95,1675.75077769
1580598000,182.85,184.2,182.95,183.5,2086.54398941
1580601600,181.04,183.56,183.49,181.43,2123.28803567
1580605200,180.83,181.96,181.43,181.79,2133.454365
1580608800,179.75,181.73,181.73,180.5,3858.25985533
1580612400,180,180.85,180.5,180.42,1664.50522022
1580616000,178.98,181.8,180.42,181.67,4524.55405841
1580619600,181.11,181.98,181.66,181.59,1331.41496209
1580623200,181.27,187.06,181.67,185.79,5945.97930314
1580626800,185.84,187.91,185.89,187.07,5089.94912256
1580630400,186.21,187.54,187.07,186.96,3167.4029081
1580634000,186.67,188.75,187.05,188.7,2417.93901935
1580637600,188.69,191.75,188.69,190.58,8862.72795145
1580641200,189.83,191.85,190.57,191.65,2043.88613194
1580644800,190.35,193.41,191.66,191.05,6872.4584326
1580648400,190.15,191.47,191.04,190.86,2601.86415986
1580652000,188.77,192,190.86,191.42,7731.25837466
1580655600,190.93,193.52,191.35,192.79,4252.7208967
1580659200,191.19,193.27,192.79,191.24,4394.55797598
1580662800,190.65,192,191.22,191.32,3380.80158562
1580666400,191.08,192.61,191.23,191.69,3329.63838132
1580670000,191.3,192.61,191.69,191.44,2865.3012732
1580673600,191.08,192.4,191.44,192.27,3279.13665881
1580677200,191.58,192.41,192.28,191.59,2585.38507494
1580680800,189.1,191.59,191.58,189.33,5468.88316973
1580684400,187.82,189.56,189.22,188.29,6213.47729347
1580688000,187,191.91,188.22,191.56,6266.27693316
1580691600,190.86,195.21,191.52,192.3,12507.63952013
1580695200,188.75,192.58,192.27,190,8134.70014698
1580698800,189.5,191.31,190.04,191.15,2558.61080571
1580702400,190.22,191.5,191.15,190.55,1500.75844124
1580706000,190.27,191.94,190.62,191.07,2247.59645389
1580709600,190.65,191.5,191.09,190.83,978.82554701
1580713200,189.16,190.83,190.81,189.7,2980.17097497
1580716800,189.33,190.48,189.7,189.76,1900.47472719
1580720400,188.2,189.79,189.72,188.37,1941.20077991
1580724000,187.32,188.43,188.36,187.65,3526.50639643
1580727600,187.2,190.16,187.61,189.4,2980.14335676
1580731200,188.96,190.43,189.46,189.43,1491.11018691
1580734800,187.47,189.79,189.44,188.3,2807.95122298
1580738400,187.62,189.5,188.34,189.2,4884.27288752
1580742000,186.66,189.22,189.2,187.12,5770.80006519
1580745600,186.25,189.17,187.12,187.47,5047.75161034
1580749200,186.7,188.5,187.47,188.5,2048.9176498
1580752800,187.54,189.39,188.49,189.39,2050.55652363
1580756400,188.78,189.78,189.38,189.78,3157.66494763
1580760000,189.89,191.63,189.91,190.24,6960.50937606
1580763600,188.78,190.49,190.25,189.35,2048.52642822
1580767200,189.07,190.44,189.35,189.08,2340.3529994
1580770800,187.89,190.15,189.11,189.42,2961.87797516
1580774400,189.36,191.37,189.41,190.59,5262.94769197
1580778000,189.01,191.27,190.59,189.04,2823.0686604
1580781600,189,190.36,189.03,189.68,2479.62868429
1580785200,187.6,189.79,189.69,187.74,3954.94165323
1580788800,186.51,188.7,187.73,186.78,5107.31950258
1580792400,185.81,187.72,186.76,187.72,4290.19509538
1580796000,187.14,188.12,187.73,187.7,2166.87564759
1580799600,187.52,188.77,187.71,187.93,1731.3231221
1580803200,186.55,188.18,188.01,186.59,1611.4150486
1580806800,184.78,187.37,186.54,185.17,4374.08099346
1580810400,184.38,186,185.16,185.2,1611.44293197
1580814000,184.52,187.69,185.2,186.52,2516.24374997
1580817600,184.29,186.79,186.51,185.19,7132.22180975
1580821200,184.5,185.6,185.19,185.42,2247.00767907
1580824800,184.49,186.38,185.49,186.38,3550.65766354
1580828400,186.1,188.3,186.34,188.01,4933.8376122
1580832000,187.4,189.3,187.99,188.76,6220.98583675
1580835600,188.01,188.86,188.75,188.66,3234.95807104
1580839200,187.4,189.44,188.59,188.14,6514.53037417
1580842800,187.19,188.2,188.19,187.26,3236.95760589
1580846400,185.37,187.7,187.25,187.66,9867.44138214
1580850000,187.21,187.99,187.71,187.44,1463.20600406
1580853600,187.05,188.71,187.43,188.7,1721.98012041
1580857200,187.65,188.88,188.7,188.24,1006.4476941
1580860800,188.16,189.96,188.25,189.12,3140.5685528
1580864400,187.76,189.89,189.13,188,3524.2303362
1580868000,187.68,188.82,187.94,188.81,1173.26051481
1580871600,186.89,189.26,188.81,189.19,3930.99590745
1580875200,188.54,189.7,189.18,189.66,2474.18272279
1580878800,189.24,190.85,189.67,190.69,3951.02018971
1580882400,190.29,191.5,190.69,190.51,2076.67399646
1580886000,190.01,191.43,190.58,190.36,1229.6872302
1580889600,189.87,191.06,190.35,190.87,1028.86487555
1580893200,190.53,191.44,190.88,190.78,1188.58105762
1580896800,190.65,195.79,190.81,194.82,10694.36822571
1580900400,193.98,197.65,194.81,197.22,7517.22608837
1580904000,195.39,198.29,197.32,195.97,6360.84035892
1580907600,196,198.11,196.01,197.39,6486.35066043
1580911200,196.08,198.11,197.39,197.39,6060.33088712
1580914800,196.85,199.1,197.38,198.66,5481.39247411
1580918400,198.32,200.69,198.66,199.98,11767.26438752
1580922000,199.45,201.45,199.99,201.16,6611.25400037
1580925600,201.11,205.3,201.16,203.95,20745.64450019
1580929200,201.51,204.83,203.95,202.33,7799.04209205
1580932800,202.2,204,202.21,203.58,6196.94026867
1580936400,203.3,207.93,203.54,206.67,8436.30351936
1580940000,204.5,206.97,206.68,204.75,6920.66020392
1580943600,204,206.97,204.75,204,9142.49161009
1580947200,200.54,205.3,204.01,203.09,12131.19784813
1580950800,202.5,204.81,203.1,204.03,4557.95999634
1580954400,202.34,204.52,204.03,203.02,7615.35087866
1580958000,202.84,206.48,202.99,206.37,6494.25976432
1580961600,204.7,206.49,206.4,205.88,7553.88189142
1580965200,205.2,207.35,205.75,206.79,4533.47854769
1580968800,205.39,207.98,206.75,207.1,5458.3793343
1580972400,206.57,212,207.09,209.06,10995.48141692
1580976000,208.18,210.05,209.06,209.24,3979.94527124
1580979600,207.5,209.52,209.25,209.52,1605.94423175
1580983200,208.84,210.55,209.51,210.31,4286.80342768
1580986800,208.68,210.92,210.31,210.23,3520.40118843
1580990400,210.22,215.56,210.23,215,9801.90017543
1580994000,205.41,216.49,214.99,210.88,18716.74630409
1580997600,208.56,215.72,210.78,213.88,11507.97238908
1581001200,209.51,214.36,213.88,212.32,10627.42504285
1581004800,210.7,214.3,212.31,213.23,8543.0677434
1581008400,212.12,214.44,213.24,212.85,6410.50374743
1581012000,211.16,213,212.83,212.45,5207.93868497
1581015600,211.19,213.12,212.57,211.58,3964.95771586
1581019200,211.06,213.31,211.59,213.3,4787.07235824
1581022800,212.67,213.88,213.29,213.35,3543.35325733
1581026400,211.05,213.93,213.35,211.1,2971.13957365
1581030000,210.69,213.49,211.09,212.95,3501.27588727
1581033600,212.94,218,212.94,217.35,16026.22489697
1581037200,216.91,219.41,217.46,218.85,12503.58585669
1581040800,218.67,220.81,218.85,218.73,14323.74328457
1581044400,216.69,219.91,218.8,216.71,7151.68796763
1581048000,215.57,219.29,216.71,218.22,7877.68457816
1581051600,216.88,219.06,218.22,217.37,3256.10054671
1581055200,217.27,218.62,217.52,217.69,2463.47557918
1581058800,216.63,218.66,217.73,218.55,3786.15749759
1581062400,216.45,219.3,218.55,217.51,4266.57916806
1581066000,217.08,219.19,217.5,218.54,2038.46152736
1581069600,218.39,222.63,218.55,221.96,4948.15685527
1581073200,219.88,224.78,221.98,220.32,8004.91283446
1581076800,217.23,221.56,220.38,218.37,7961.21429376
1581080400,218.43,220.85,218.43,220.11,4439.47635903
1581084000,220,223.56,220.12,222.12,7205.12748764
1581087600,220.18,223.02,222.13,221.2,10622.86844845
1581091200,219.43,222.59,221.2,221.38,7860.43817538
1581094800,220.49,221.89,221.38,220.55,3478.61824095
1581098400,220.24,222.27,220.61,221.92,2807.28956442
1581102000,220.67,222,221.92,221.14,4911.16018707
1581105600,218.72,221.56,221.14,218.72,5651.94073053
1581109200,218.27,220.41,218.76,219.55,5888.56921667
1581112800,219.55,222.52,219.56,222.19,4061.07564063
1581116400,221.32,224.02,222.19,223.22,10116.96593561
1581120000,220.69,224.29,223.22,221.03,8897.19877358
1581123600,219.57,221.35,221.03,221.08,4697.54267472
1581127200,214.92,221.52,221.08,216.53,12718.97193879
1581130800,213.24,217.83,216.37,217.44,16753.92974542
1581134400,217.11,220.49,217.35,219.86,5169.88858735
1581138000,218.6,222,219.87,220.37,4529.38721236
1581141600,219.75,221.75,220.25,220.24,3905.73728174
1581145200,219.88,220.87,220.21,220.16,1203.16717732
1581148800,220.16,226.67,220.18,225.06,13130.16397806
1581152400,222.5,226.32,225.18,224.49,4598.82694916
1581156000,224.53,227.81,224.53,225.23,4375.36433625
1581159600,225,226.72,225.35,226.44,2754.22045365
1581163200,225.35,227.12,226.4,225.98,3474.05787092
1581166800,223.55,228.4,225.71,225.88,5400.94582989
1581170400,225.54,227.25,225.88,227,4881.52026164
1581174000,224.72,227.35,227.01,225.29,3722.29450229
1581177600,224.36,226.25,225.28,225.58,4689.27024137
1581181200,223.36,225.58,225.58,224.15,5285.10293072
1581184800,222.3,224.77,224.15,223.32,4829.80350479
1581188400,223.35,225.39,223.35,225,7275.28129789
1581192000,223.64,225.01,225,223.67,2669.07875987
1581195600,223,224.49,223.66,223.14,3153.19049387
1581199200,221.94,224.33,223.15,224.23,6183.87080202
1581202800,223.16,225.11,224.22,223.37,3176.78599628
1581206400,223.16,226.91,223.36,226.75,5492.84712305
1581210000,225.45,227.01,226.83,226.57,7527.48843854
1581213600,225.66,227.75,226.57,226.93,5423.36060867
1581217200,226.82,229.29,226.93,228.75,12358.83666889
1581220800,227.37,229.16,228.74,227.82,6070.74997668
1581224400,226.66,228.87,227.78,228.7,3818.97670789
1581228000,228.21,229.12,228.72,228.67,4104.87199541
1581231600,228.45,230.9,228.68,229.94,8188.34707391
1581235200,228.44,230.27,229.94,228.92,4835.63296047
1581238800,227.53,229.6,228.92,227.91,1936.02487465
1581242400,227.1,229.31,227.86,229.28,1530.41748888
1581246000,227.96,229.77,229.27,228.16,2505.08403822
1581249600,228.17,229.47,228.17,228.82,1750.15645571
1581253200,227,229.19,228.82,227.49,3781.99466953
1581256800,225.51,228.26,227.48,226.33,2198.82206062
1581260400,224.25,227.42,226.34,226.83,7138.03024243
1581264000,226.07,228.1,226.87,227.83,7059.14050922
1581267600,226.77,228.5,227.82,226.77,3134.76094949
1581271200,226,226.92,226.77,226.04,3068.45949443
1581274800,226.02,227.4,226.29,226.8,2539.44943396
1581278400,224.14,226.97,226.8,224.64,4711.24718573
1581282000,224.62,225.9,224.63,225.5,2270.89922693
1581285600,225.45,227.98,225.49,227.81,2862.86303846
1581289200,227.52,229.39,227.86,228.8,6903.08970172
1581292800,227.57,229.6,228.8,229.13,5342.12838367
1581296400,227,229.14,229.14,227.12,2524.18352642
1581300000,225.88,227.39,227.13,226.68,4017.72833741
1581303600,224.6,226.69,226.69,225.31,4215.27503151
1581307200,222,225.7,225.31,224.41,6920.9578675
1581310800,219.13,225.39,224.36,220.62,6728.16737558
1581314400,220.13,224.98,220.41,223.34,8160.79842194
1581318000,223.1,224.63,223.34,223.98,3458.60274752
1581321600,220.15,224.13,223.99,221.32,3930.03612713
1581325200,216.31,221.26,221.19,218.79,10344.19046148
1581328800,217.71,220.19,218.87,219.94,4017.5083419
1581332400,217.03,220.18,220.01,218.32,3332.18558808
1581336000,217.01,219.77,218.3,219.65,3733.8138056
1581339600,219.03,220.42,219.7,219.4,2809.30982653
1581343200,219,223.68,219.41,223.31,5150.99248149
1581346800,222.87,225.05,223.28,223.48,5950.47413628
1581350400,221.09,224.28,223.48,221.8,4218.57165819
1581354000,220.77,223.02,221.76,222.91,2501.40818291
1581357600,221.02,223.62,222.84,221.54,4798.14270754
1581361200,220.29,222.42,221.61,220.67,1860.49087346
1581364800,220.81,222.9,220.82,222.78,1933.82299657
1581368400,221.16,222.84,222.79,222.49,3180.98860264
1581372000,221.59,223.55,222.5,223.3,3871.48058016
1581375600,222.85,224.98,223.31,222.85,3484.13181439
1581379200,219.29,223.39,222.86,220.18,6498.04784002
1581382800,218.41,220.95,220.15,220.32,7647.34855298
1581386400,218.79,220.97,220.29,219.09,5660.56394812
1581390000,218.25,220.16,219.05,218.74,5479.00304999
1581393600,217.83,219.63,218.75,218.33,9758.62117097
1581397200,218.44,220.44,218.44,219.17,2841.17274867
1581400800,218.67,220.52,219.17,219.7,2429.17621898
1581404400,218.01,220.11,219.63,218.34,2051.40099061
1581408000,218.03,220.42,218.35,220.42,2264.34829175
1581411600,220.04,222.31,220.42,221.09,3568.51150237
1581415200,220.01,222.13,221.08,221.03,2522.04913489
1581418800,221.01,222.95,221.02,222.87,4922.64665778
1581422400,222.27,224.39,222.78,223.48,6703.94233187
1581426000,223.11,224.68,223.46,223.56,5080.28686187
1581429600,222.11,224.38,223.56,222.5,3272.99900891
1581433200,222.53,231,222.54,229.71,20739.27390487
1581436800,228.52,233.86,229.71,232.52,25736.56337507
1581440400,232.64,238.89,232.64,236.95,19260.06755415
1581444000,236.2,239.92,236.96,237.82,10373.88584721
1581447600,237,239.47,237.72,239.21,5774.39881823
1581451200,237.8,239.71,239.22,238.84,7370.55681273
1581454800,236.84,239.54,238.88,237.4,4302.68985668
1581458400,237.24,239.35,237.48,237.91,5763.15126768
1581462000,236.51,238.46,237.91,237.98,4424.15153948
1581465600,237.95,249,237.99,248.27,25960.10079205
1581469200,244.76,248.24,248.24,245.97,14347.53143902
1581472800,243,247,245.96,245.39,9864.84509819
1581476400,244.22,246.29,245.24,245.16,6231.40896144
1581480000,245.16,247.45,245.17,245.91,6489.21356801
1581483600,245.58,247.93,245.94,247.7,4898.73398234
1581487200,246.1,249.28,247.7,249.28,4888.85582443
1581490800,248.42,257.57,249.27,254.34,14589.8219182
1581494400,250.87,254.65,254.14,252.82,6943.7776793
1581498000,249.67,253.53,253,253.45,3515.53639967
1581501600,251.43,256.46,253.32,254.88,6991.86577235
1581505200,254.27,258.77,254.89,256.49,7451.20587122
1581508800,254.07,256.67,256.41,256.1,6943.44998836
1581512400,255.76,257.5,256.1,256.96,6304.45525361
1581516000,253.01,258.75,256.96,256.84,16597.40436763
1581519600,252.22,256.78,256.73,255.02,13076.2744411
1581523200,254.15,264.58,255.02,262.76,17614.04058891
1581526800,262.1,267.99,262.64,265.18,22836.9135878
1581530400,264.11,267,265.18,266.73,10563.78744432
1581534000,264.15,267,266.74,265.8,10864.9075845
1581537600,265.27,274.88,265.88,274.35,19020.1351352
1581541200,262.81,276.15,274.06,270.34,29821.52035451
1581544800,265.93,272.26,270.33,268.33,13227.38995696
1581548400,262.78,270.43,268.53,266.49,14953.17359719
1581552000,265.4,273.5,266.63,272.7,15226.2530239
1581555600,270.09,275,272.7,274.57,14724.37923203
1581559200,271,275,274.57,273.01,11604.49532104
1581562800,268.19,273.9,273.03,269.59,11221.13299181
1581566400,269.51,272.19,269.68,270.09,4792.39186437
1581570000,270.01,272.81,270.09,272.81,3938.72976931
1581573600,271.73,274.34,272.7,273.34,8228.1046208
1581577200,265.73,273.56,273.36,266.89,12861.57463316
1581580800,253.75,269.55,266.92,262.05,27450.30114802
1581584400,257.04,262.2,262.07,261.16,9205.42028452
1581588000,258.57,264.6,261.16,262.73,5547.90751978
1581591600,259,263.5,262.72,262.46,5670.01526013
1581595200,261.19,270.45,262.68,268.04,11004.15910054
1581598800,268.04,278.01,268.04,268.75,26296.72952754
1581602400,262.5,273.96,268.75,270,25124.41945143
1581606000,266.5,273.17,269.96,270.76,13616.61464643
1581609600,266.03,273.02,270.81,266.5,12556.25425761
1581613200,263.84,269.3,266.48,267.26,10162.08544141
1581616800,266.56,269,267.05,267.05,3309.91394095
1581620400,266.39,270,267.04,269.04,5183.63711844
1581624000,265.56,269.29,268.94,266.13,5454.06000707
1581627600,262.34,266.13,265.87,262.7,9349.75956047
1581631200,262.26,267,262.69,266.15,4555.35928726
1581634800,264.99,269.11,266,268.42,7113.5493544
1581638400,264.01,269.5,268.37,268.23,6671.47887698
1581642000,266.78,270.72,268.2,267.47,11394.68913772
1581645600,267.36,268.83,267.47,268.12,2908.67264836
1581649200,265.51,268.32,268.12,266.71,6928.96846631
1581652800,264.62,268.55,266.7,266.78,6703.97485254
1581656400,263.74,267.37,266.78,264.02,5294.21820935
1581660000,262.5,264.95,264.39,264.31,8378.90370896
1581663600,260.13,265.2,264.32,262.49,5304.67787788
1581667200,262.21,266.43,262.55,265.46,3771.66308224
1581670800,265.11,268.34,265.41,267.8,3152.85310243
1581674400,266.66,272.47,267.98,269.93,6258.69276546
1581678000,267.41,271.57,269.91,270.86,4038.21133309
1581681600,268.73,272.5,270.9,270.42,5100.69092051
1581685200,269.07,271,270.56,270.07,3175.62857856
1581688800,270.02,275,270.03,272.08,11406.27062518
1581692400,271.56,274.5,272.14,273.07,8125.12287076
1581696000,272.49,278.27,273.13,278.16,18640.31771091
1581699600,276.12,280.45,278.16,279.48,12512.04967776
1581703200,279.47,285.2,279.47,285.05,16638.87829853
1581706800,280.23,286.09,285.04,283.44,14845.00806926
1581710400,281.38,284.22,283.45,283.24,6066.53914834
1581714000,281.64,284.5,283.24,282.79,7291.97342156
1581717600,281.32,284.53,282.79,284.13,9009.89392472
1581721200,282.68,287.98,284,286.27,7947.36585058
1581724800,285.1,290,285.95,286.39,17866.72783584
1581728400,278.76,287,286.4,279.55,17615.3541585
1581732000,278.27,282.9,279.51,280.85,11769.26904586
1581735600,280.52,283.49,280.79,282.37,6662.77418124
1581739200,280.49,282.88,282.36,281.76,4345.38656641
1581742800,278.56,281.78,281.56,278.7,2516.79791793
1581746400,277.41,281.69,278.76,280.89,6949.06298384
1581750000,278.05,281.07,280.74,279.72,8299.92493075
1581753600,279.17,282.76,279.69,282.66,3760.4029108
1581757200,281.54,284.57,282.66,284.04,1957.6839197
1581760800,282.6,285.34,284.3,282.88,2512.24857193
1581764400,280.59,283.74,282.91,281.77,1732.83799693
1581768000,280.1,282.89,281.77,282.89,2754.57221837
1581771600,281.69,283.7,282.89,282.18,2139.41788446
1581775200,281.5,283.65,282.21,281.79,2965.98800434
1581778800,266.57,282.07,281.79,273.78,31414.16961285
1581782400,264.52,280,273.92,266.79,47062.35718282
1581786000,262.03,270.89,266.9,262.52,22831.35713174
1581789600,261.35,268.68,262.58,268.57,19108.24987883
1581793200,265.33,270.13,268.53,266.36,15105.33598728
1581796800,265.54,267.47,266.37,267.03,9182.92379476
1581800400,266.04,269.21,267.04,268.01,4544.0066151
1581804000,266.58,269,268.01,267.5,2932.8105896
1581807600,262.89,267.49,267.45,264.92,5214.13227346
1581811200,258,266.04,264.83,265.8,11557.77209795
1581814800,265,268.16,265.89,267.87,7936.34462011
1581818400,267.09,274,267.88,273.53,12455.37379295
1581822000,270.63,273.95,273.73,271.45,4153.74971577
1581825600,269.85,273.33,271.48,273.11,4535.64717214
1581829200,268.58,273.85,273.05,270.96,4726.50839599
1581832800,270.17,271.94,270.98,271.29,3262.50160697
1581836400,270.27,272.62,271.28,270.36,1840.11719375
1581840000,268.55,272.7,270.45,271.04,2397.38844788
1581843600,269.42,273,271.84,269.97,2316.7713468
1581847200,266.39,270.84,269.93,266.53,3171.10967541
1581850800,265.5,269.78,266.59,266.16,4758.68745658
1581854400,263.41,267.81,266.21,265.73,4252.82026089
1581858000,260.5,267.3,265.73,267.05,7154.7058602
1581861600,262.12,268.35,266.85,262.59,6386.89653015
1581865200,256.43,264.11,262.6,259.04,17377.64873171
1581868800,236.37,263.21,259.04,246.1,56047.9100887
1581872400,241.4,252.89,246.07,250.64,23425.61689724
1581876000,250.64,256.8,250.65,253.96,14795.06378195
1581879600,246.66,253.92,253.92,250.22,14094.88896144
1581883200,248.85,253.21,250.22,252.81,10068.42124812
1581886800,251.43,254.44,252.81,251.86,4512.81036331
1581890400,250.53,255.5,251.96,255.41,7254.34951078
1581894000,255.2,263.85,255.39,258.5,20196.04062009
1581897600,254.82,261.5,258.58,255.4,9803.49508894
1581901200,253.82,259.08,255.62,254.73,6861.41607348
1581904800,250.8,254.83,254.71,252.62,9713.0796669
1581908400,246.5,253.57,252.66,249.79,9665.81791534
1581912000,242.36,249.71,249.69,246.03,21630.70952655
1581915600,245.82,252,246.03,249.88,10740.71216557
1581919200,248.47,253.83,249.92,249.28,5014.46329355
1581922800,248.19,253.17,249.28,248.78,5712.01348815
1581926400,247.79,252.79,249,252.2,3407.15045863
1581930000,250.35,253.86,252.24,251.31,4508.83065594
1581933600,245.42,251.49,251.27,247.71,6020.24032464
1581937200,242.92,251.45,247.71,248.61,17074.32183839
1581940800,247.52,252,248.19,249.08,4079.88575355
1581944400,244.82,250.79,248.97,245.78,6847.45077961
1581948000,243.78,253.97,245.77,252.52,10868.3717872
1581951600,250.19,259,252.52,256.81,14174.77496014
1581955200,255.32,263.49,257.06,261.65,14584.18927364
1581958800,255.01,262.74,261.34,259.24,6719.58900058
1581962400,256.59,260,259.03,259.32,3310.7024764
1581966000,258.11,262.25,259.41,260.92,4998.52828557
1581969600,257.75,262.74,260.74,258.57,6444.14711009
1581973200,257.82,261.9,258.6,260.09,3825.95550772
1581976800,259,261.5,259.92,261.15,4642.51970732
1581980400,260.53,269,261.14,268.03,14311.11963171
1581984000,263.71,268.94,268.2,265.66,6351.20195687
1581987600,265.61,272,265.61,269.27,16805.57902109
1581991200,267.95,271.66,269.3,268.24,8276.16251997
1581994800,267.12,271,268.14,269.2,9769.21860528
1581998400,268.11,271.83,269.29,271.38,9573.23346239
1582002000,268.34,271.83,271.35,269.08,4006.41755079
1582005600,266.28,269.78,269.14,267.57,4187.2511559
1582009200,266.73,270,267.59,269.16,2286.96464704
1582012800,267.5,269.16,269.15,267.64,2113.6396004
1582016400,262.37,267.59,267.59,264.75,7753.95461143
1582020000,262.57,267.57,265.15,267.34,3352.24541239
1582023600,265.66,268.43,267.24,268.02,3881.94245639
1582027200,263.38,268.18,268.04,264.25,4105.49670893
1582030800,259.24,265.33,264.25,263.48,10446.49958112
1582034400,262.07,266.7,263.63,266.13,5529.50222869
1582038000,266.13,275.54,266.31,274.73,20880.77094472
1582041600,273.94,283.07,274.7,281.26,22544.56016563
1582045200,278.88,282.67,281.32,281.47,9085.13876392
1582048800,280.01,284.89,281.47,280.97,8663.87242998
1582052400,280.12,286,281.1,285.3,8261.13245557
1582056000,282,286.5,285.24,284.62,14488.40671899
1582059600,277.02,286.87,284.73,281.58,13950.90336904
1582063200,278.75,281.72,281.58,281.5,4172.85496327
1582066800,281.5,285.5,281.5,283.31,11175.75775479
1582070400,277.82,283.6,283.34,278.7,10489.38914594
1582074000,278.6,281.65,278.61,279.22,9720.66423976
1582077600,279.35,283.25,279.37,281.93,4391.15657482
1582081200,280.03,281.97,281.81,280.75,3477.73604528
1582084800,278.51,281.09,280.75,279.1,4807.5385467
1582088400,279,281.58,279.09,280.99,2411.63568636
1582092000,276,280.99,280.98,277.98,4114.09101338
1582095600,275.76,278.94,277.91,277,3832.00919775
1582099200,275.01,283.33,277,283.33,7965.94947253
1582102800,278,283.32,283.32,279.26,6889.44287433
1582106400,277.23,281.95,279.17,280.65,7133.27093629
1582110000,280.52,283.77,280.64,283.62,4762.25059717
1582113600,278.21,284.7,283.76,280.07,6488.5877689
1582117200,278.58,281.15,280.16,279.6,2536.94406422
1582120800,278.91,281,279.61,279.57,4269.26295349
1582124400,278.94,280.48,279.48,279.93,5483.40972173
1582128000,279.32,283.72,279.92,282.19,9128.21660997
1582131600,279.22,287.13,282.2,281,17869.26907045
1582135200,280.01,282.44,280.93,281.77,6327.83389917
1582138800,276.99,281.93,281.77,277.38,5938.4405709
1582142400,270,278.13,277.38,275.37,19098.61166112
1582146000,250,275.63,275.55,262.59,49985.40581032
1582149600,255.18,266.89,262.78,264.88,25357.71329369
1582153200,257.81,265,264.91,258.66,17325.0248778
1582156800,257,264.26,258.51,262.45,11848.22044343
1582160400,260.76,263.25,262.54,261.75,5830.8780717
1582164000,257.42,262.19,261.63,261.29,15617.07027605
1582167600,260.64,262.83,261.44,260.74,4036.34092732
1582171200,258.83,261.36,260.74,260.3,8153.9919445
1582174800,257.18,260.75,260.29,259.23,5532.03971907
1582178400,258.48,261.83,259.12,261.81,2390.16056526
1582182000,259.41,262.02,261.79,260.84,2863.57309944
1582185600,253.64,260.87,260.87,256.79,7561.61664654
1582189200,254.25,258.5,256.95,258.3,2924.41769343
1582192800,256.72,259.2,258.31,257.95,3315.43504686
1582196400,252.18,258.61,257.96,253.38,4570.34504376
1582200000,248.6,255.9,253.58,250.95,7924.12518729
1582203600,246.67,256.93,250.7,256.42,19740.92495621
1582207200,253.86,259.53,256.42,257.54,16290.57742969
1582210800,254.31,258.71,257.54,255.12,8225.5197813
1582214400,245.25,260.09,255.3,256.93,24730.2430251
1582218000,250.68,258.22,256.92,253.07,13076.55194005
1582221600,251.29,255.33,253.02,253.48,5873.40601059
1582225200,253.49,257.15,253.49,256.02,4796.05666013
1582228800,254.08,257.45,256.13,256.99,7471.46459432
1582232400,255.27,259.38,256.99,259.34,5125.90478516
1582236000,257.94,262.45,259.35,259.29,8822.36481627
1582239600,257.01,261,259.27,257.4,6550.28689693
1582243200,254.1,257.72,257.2,256.47,7276.76871751
1582246800,255.13,260.7,256.35,260.46,5522.09142346
1582250400,257.39,262.76,260.47,259.43,15818.36893483
1582254000,258.63,263.33,259.43,262.57,6991.9362647
1582257600,260.79,264.36,262.37,261.25,5582.13336418
1582261200,260.15,262.81,261.25,261.53,5973.85659325
1582264800,260.42,262.35,261.42,261.02,3343.77706723
1582268400,258.98,261.59,260.97,260.47,4501.78277706
1582272000,257.92,261.72,260.43,258.96,3769.03409784
1582275600,257.94,261.06,258.95,260.89,4531.4820387
1582279200,259.92,262.24,260.74,261.29,2480.70074728
1582282800,261.26,263.61,261.26,262.16,5261.08297514
1582286400,262.12,267.14,262.12,266.33,9338.29882094
1582290000,263.59,266.33,266.32,265.41,5827.71367456
1582293600,262.53,266.24,265.55,262.9,3178.11941394
1582297200,262.34,265.86,262.85,265.53,3622.35057586
1582300800,263.21,268.71,265.69,267.56,6898.8006904
1582304400,265.41,268.41,267.55,266.13,4317.16843554
1582308000,265.56,267.15,266.06,266.05,2458.13532996
1582311600,263.07,266.81,266.04,264.51,5622.7974189
1582315200,260,265.85,264.44,264.37,11841.9786794
1582318800,262.21,264.49,264.14,263.18,4787.10237223
1582322400,262,264.56,263.17,264.07,2454.3830831
1582326000,263.08,267.03,264.07,265.8,5492.38349657
1582329600,264.55,267.04,265.79,265.68,3005.96869204
1582333200,263.12,265.7,265.7,263.33,2827.70285263
1582336800,261.99,263.85,263.32,262.7,3830.27645057
1582340400,262.72,264.77,262.73,262.87,3460.4781352
1582344000,260.59,262.95,262.92,261.31,4097.81042145
1582347600,260.23,263.1,261.31,260.88,2221.29182868
1582351200,256.3,260.95,260.88,258.38,6729.18983674
1582354800,256.95,260.09,258.38,258.88,2807.7902469
1582358400,258.35,261.44,258.69,260.45,3071.93532132
1582362000,258.1,260.45,260.45,259.02,1981.71545557
1582365600,258.89,260.58,259.08,259.94,1628.90246916
1582369200,259.95,262.48,259.95,262.43,2153.9055688
1582372800,261.99,264.62,262.33,262.89,2431.35016106
1582376400,262.15,264.11,262.87,262.95,1857.88219131
1582380000,261.89,263.8,262.95,262.27,1488.58699919
1582383600,260.26,262.47,262.26,261.37,2021.87586266
1582387200,258.96,262.85,261.36,262.4,4368.01978512
1582390800,260.86,263.87,262.4,262.58,2246.22710514
1582394400,260.5,262.58,262.58,262.05,2683.51938551
1582398000,261.17,263.15,262.01,261.3,2022.97717692
1582401600,261.29,263.15,261.3,262.03,1532.0272015
1582405200,262.04,263.34,262.04,263.34,1268.28148223
1582408800,261.8,263.37,263.35,262.39,1593.46654186
1582412400,261.1,262.74,262.39,262.08,2483.40995256
1582416000,261.94,264,261.94,263.98,3258.60841624
1582419600,261.53,264,264,262.43,1739.97693385
1582423200,262.12,263.77,262.46,263.69,1310.3713264
1582426800,263.31,267,263.68,266.08,5521.76492744
1582430400,266.22,269.3,266.22,266.79,12310.0159964
1582434000,266.53,270.45,267,269.58,5870.81510178
1582437600,269.29,272.77,269.58,271.94,8460.20516139
1582441200,270.65,272.5,271.93,271.27,4243.88901436
1582444800,270.43,272,271.27,271.79,3627.94194816
1582448400,271.38,274.1,271.8,273.06,8060.9777204
1582452000,270.99,275.79,273.02,271.11,4778.38403151
1582455600,268.26,272.28,271.1,269.18,3819.6135997
1582459200,269.08,271.35,269.2,270.68,2035.38221774
1582462800,270.4,272.88,270.7,271.74,1627.32229362
1582466400,271.16,273.7,271.61,273.09,4060.85756407
1582470000,270.13,273.89,273,270.64,3460.72467945
1582473600,269.62,272.02,270.64,270.86,1896.62562418
1582477200,270.51,272.6,270.82,271.32,1688.28987041
1582480800,270.62,272.36,271.34,271.72,2739.06533837
1582484400,271.05,272.41,271.71,271.46,2499.47221083
1582488000,270.03,271.51,271.46,270.73,2908.88257107
1582491600,270.73,272,270.73,271.96,1946.31646932
1582495200,270.52,273.71,271.84,273.31,4764.25419921
1582498800,273.02,276.62,273.31,275.48,11775.38268089
1582502400,274.28,278.13,275.48,276.91,13508.82459573
1582506000,272.98,276.94,276.91,272.99,9974.32278585
1582509600,265.85,275.02,272.98,268.47,19820.69453695
1582513200,266.23,269.63,268.5,268.5,6627.75252539
1582516800,265.94,268.43,268.39,268.09,8395.33439534
1582520400,267.24,269.2,268.05,268.93,3303.9775653
1582524000,266.65,268.96,268.96,267.04,5625.37824908
1582527600,264.01,268.03,267.04,267.97,7067.08587247
1582531200,267.02,268.56,267.91,267.97,3326.22569531
1582534800,265.51,268.1,268.1,266.32,5307.21474755
1582538400,265.41,267.99,266.32,267.69,3255.344217
1582542000,266.78,274.77,267.67,272.18,9472.99995243
1582545600,270.66,273.64,272.18,270.81,5342.395281
1582549200,268.81,271.67,270.76,269.12,5950.11847726
1582552800,268.14,272.58,269.07,268.65,7352.08065293
1582556400,266.12,269.85,269.01,267.77,9958.82765638
1582560000,266.48,270.62,267.76,267.61,7443.1467298
1582563600,263.02,268.12,267.65,264.22,11831.46583546
1582567200,256.06,264.22,264.22,262.22,21525.8205154
1582570800,261.26,265.56,262.2,263.04,10087.56085682
1582574400,261.18,264.99,263.04,261.56,7803.70193687
1582578000,259.31,262.47,261.59,261.99,7354.52131943
1582581600,261.65,264.72,261.99,263.71,4028.69826967
1582585200,262.17,266.47,263.7,265.31,3412.17559864
1582588800,261.16,266.24,265.53,263.67,4561.92028843
1582592400,261.6,265,263.67,261.97,2083.45767777
1582596000,260.62,263.98,261.97,263.25,3759.85941384
1582599600,261.69,264.29,263.25,261.78,1831.14590443
1582603200,261,262.55,261.78,261.04,2751.20192349
1582606800,258.3,261.95,261.12,259.74,5907.55940696
1582610400,255.27,260.39,259.74,258.3,7333.52832038
1582614000,255.51,258.4,258.26,257.76,2366.79407941
1582617600,256.6,260.25,257.57,258.31,2831.44961207
1582621200,258.05,261.29,258.31,258.99,2739.00447965
1582624800,258.27,260.45,259.19,258.91,1995.69218876
1582628400,255.83,263.4,258.83,262.6,4703.79614769
1582632000,260.72,265.01,262.68,261.19,3369.87412106
1582635600,258.93,262.15,261.38,259.3,3815.00462455
1582639200,251.46,259.29,259.29,253.44,18312.19930993
1582642800,249.9,254.48,253.44,251.43,14200.92891965
1582646400,245.78,254.71,251.65,246.96,16677.93322222
1582650000,246.05,251.14,246.81,248.84,9328.85779854
1582653600,248.52,252.83,248.84,251.75,3794.90230341
1582657200,248.68,251.82,251.75,249.82,8852.93614467
1582660800,246.11,250.13,249.83,248.37,7743.66601548
1582664400,244.44,251.78,248.31,250.2,14800.09389985
1582668000,249.38,253,250.19,251.72,4658.94219248
1582671600,245.77,251.82,251.82,246.5,4288.76566183
1582675200,244.39,250.84,246.28,246.51,11668.19111013
1582678800,239.04,247.51,246.52,239.47,20488.91583571
1582682400,234,240.96,239.46,239.48,26438.62697125
1582686000,236.8,239.57,239.47,238.54,9525.35629786
1582689600,236.67,240.69,238.38,240.09,9019.63025623
1582693200,238.09,240.49,240.01,240.38,5283.9736329
1582696800,239.65,241.98,240.39,241.43,7040.42342538
1582700400,236.75,241.59,241.33,237.45,4300.16907181
1582704000,234.64,239.62,237.4,237.98,12927.98984086
1582707600,234.68,238.24,237.98,234.7,8384.84480293
1582711200,234.14,237.76,234.85,237.15,5764.97836111
1582714800,234.47,237.27,237.17,235.07,5183.35194151
1582718400,231.3,241.22,235.08,240.44,19128.65042342
1582722000,231.5,240.49,240.43,233.8,10963.80918137
1582725600,229.17,235.24,233.72,231.05,25411.87244605
1582729200,225.55,231.58,231.07,226.01,26545.18201117
1582732800,215.33,228.27,226.01,221.69,90316.02942225
1582736400,219,223.51,221.68,222.14,27145.54384272
1582740000,221.48,232.52,222.05,231.66,27887.06628508
1582743600,226.33,231.96,231.81,229.45,16320.31544172
1582747200,226.51,231.5,229.45,227.91,10058.16698821
1582750800,223.6,229.67,227.97,223.6,7602.12542609
1582754400,221.67,228.31,223.6,225.14,8330.85288309
1582758000,223.3,228,225.12,223.5,8616.54975954
1582761600,215.08,223.85,223.78,216.33,36545.37113536
1582765200,209.26,220,216.32,218.07,51141.47512705
1582768800,214.29,219.87,218.15,216.98,20114.77811249
1582772400,214.29,219.84,216.98,218.59,11357.97553882
1582776000,216.65,219.38,218.75,218.24,7425.03430399
1582779600,218.01,221.93,218.03,221.3,9358.68282758
1582783200,220.44,224.88,221.24,223.67,6834.83352003
1582786800,222.74,226.07,223.67,225.32,8441.13450368
1582790400,224.39,231.12,225.21,227.9,11862.11552749
1582794000,223.33,230.61,227.83,223.81,8052.95237968
1582797600,223.23,227.94,223.71,227.83,7080.33849069
1582801200,224.9,228.89,227.94,226.76,3327.88615495
1582804800,225.15,233.28,226.6,226.73,19125.32186724
1582808400,225.78,229.79,226.62,228.92,5700.90702771
1582812000,228.02,231.83,228.93,230.16,9571.23165977
1582815600,229.74,232.85,230.01,231.14,11321.85512253
1582819200,231.13,239,231.13,236.67,34820.95198844
1582822800,234.81,238.41,236.64,235.97,10749.91140606
1582826400,233.06,236.88,235.88,233.61,10940.03410201
1582830000,231.02,235.5,233.93,234.68,11041.26591664
1582833600,231.86,234.95,234.85,232.62,5956.1029289
1582837200,225.11,233.47,232.62,226.37,15505.60467889
1582840800,222.2,228.91,226.24,228.25,13855.63343306
1582844400,223.96,229.57,228.92,227.63,12582.78196236
1582848000,226.61,231.8,227.6,230.3,13880.84043949
1582851600,227.87,233.93,230.29,233.11,10092.37311889
1582855200,230.29,234.9,233.11,232.16,12693.79154101
1582858800,228.49,233.37,232.07,229.85,10790.50917555
1582862400,227.93,230.99,229.8,229,5823.58778247
1582866000,226.41,229.74,228.99,227.32,10215.34239387
1582869600,225.34,227.86,227.32,226.15,6718.60442556
1582873200,222.75,226.42,226.16,224,8432.66677616
1582876800,223.65,226.85,224.13,223.65,3966.86571404
1582880400,217.68,223.9,223.67,219.45,14290.31332827
1582884000,216.76,222.06,219.32,221.31,14504.8259772
1582887600,219.11,222.6,221.31,220.47,7333.65433694
1582891200,213.63,220.93,220.47,217.56,23503.79764614
1582894800,216.02,224.87,217.67,223.29,19014.81525629
1582898400,220.12,224.68,223.36,224.19,14852.82894683
1582902000,221.79,227.32,224.19,227.07,11248.62800038
1582905600,223.5,228.32,226.91,223.77,10875.85905236
1582909200,220.22,224.18,223.88,222.85,10217.95669539
1582912800,221.22,225.89,222.84,221.4,9790.3691895
1582916400,220.21,223.12,221.49,222.41,6977.77697113
1582920000,222.01,226.36,222.33,223.64,11416.44204916
1582923600,223.3,226.87,223.51,226.12,6015.95238582
1582927200,225.68,230,226.1,229.9,9813.05920745
1582930800,226.53,231.7,229.9,227.37,5870.12716642
1582934400,227.04,232.2,227.13,229.81,6230.3739319
1582938000,227.38,231,229.89,227.45,3045.60499719
1582941600,227.19,230.33,227.29,229.23,4891.67309235
1582945200,228.17,230.83,229.15,230.41,5114.5059107
1582948800,230.32,233,230.35,232.09,3254.62086826
1582952400,231.16,233.32,232.01,232.13,3687.64233546
1582956000,228.03,233,232.35,228.67,6843.23868836
1582959600,227.84,230.06,228.64,229.73,2634.78673124
1582963200,228.32,230.38,229.57,228.78,973.25981627
1582966800,225.1,228.78,228.78,225.86,3907.40803044
1582970400,222.77,228.11,225.86,223.11,4685.57164306
1582974000,222.19,226.74,223.12,226.5,3047.70046355
1582977600,224.14,226.49,226.49,225.29,1594.00385908
1582981200,222.87,225.37,225.37,224.42,4809.4193092
1582984800,221.15,224.42,224.42,223.35,6654.88915086
1582988400,221.8,225.88,223.38,224.17,2457.68658273
1582992000,222.36,225.93,224.2,222.68,3097.75991062
1582995600,222.24,225.53,222.69,225.53,2720.24447306
1582999200,224.5,226.17,225.52,225.09,2203.72141352
1583002800,223.87,225.85,225.09,225.31,5567.91441803
1583006400,223.5,225.33,225.29,224.63,2281.95598452
1583010000,222.74,225.14,224.63,223.48,2508.05349269
1583013600,222.14,223.59,223.53,223.35,2407.30379774
1583017200,216.83,223.58,223.36,217.31,8781.98289141
1583020800,216.98,221.26,217.36,218.2,7840.23529166
1583024400,215.99,224,218.34,223.56,11915.10840509
1583028000,222.75,225.78,223.55,223.24,8596.87600871
1583031600,222.21,225.26,223.23,223.4,7840.22683082
1583035200,221.51,224.63,223.32,222.41,3700.63039653
1583038800,220.01,222.87,222.33,222.55,3731.16799003
1583042400,219.83,223.24,222.42,220.43,4223.66908514
1583046000,218.7,221,220.43,220,2763.47955282
1583049600,219.2,223.07,220,219.69,3405.72927246
1583053200,218.73,221.49,219.63,218.99,3452.56458986
1583056800,219.01,221.71,219.11,221.1,1666.21590916
1583060400,220.32,224.69,221.1,224.38,2438.82212167
1583064000,221.22,227.99,224.38,221.44,9444.07745696
1583067600,219.67,223.39,221.44,222.44,3373.79167334
1583071200,220.08,223.22,222.34,220.3,2744.7613728
1583074800,219.5,221.64,220.3,220.3,4175.92464588
1583078400,214.06,221.14,220.11,217.15,11462.59462519
1583082000,214.12,217.22,217.16,215.84,7200.7148302
1583085600,212.5,215.84,215.83,212.5,9269.84189615
1583089200,211.5,217.39,212.57,216.17,10786.43766377
1583092800,214.13,216.79,216.09,214.24,3856.12068275
1583096400,213.28,214.79,214.23,214.79,4169.90724833
1583100000,214.69,219.25,214.8,218.63,4699.39736731
1583103600,217.23,221.11,218.63,217.26,11581.61444151
1583107200,215.75,219.63,217.34,218.57,12258.81147209
1583110800,216.13,219.02,218.57,218.82,6254.54072113
1583114400,218.14,222,218.79,221.09,9903.36791636
1583118000,217.56,221.82,221.01,218.85,15053.02714616
1583121600,218.72,221.2,218.77,221.16,3969.02030306
1583125200,219.89,221.75,220.98,221.23,6323.28824277
1583128800,220.3,222.73,221.22,220.58,4077.67916527
1583132400,219.53,221.61,220.58,219.79,3815.43047506
1583136000,219.5,221.81,219.8,221.77,2346.15900248
1583139600,220.75,222.75,221.66,222.48,4630.80891729
1583143200,222.45,225.52,222.45,223.99,7093.83577944
1583146800,223.49,225.3,223.82,224.67,4526.99982246
1583150400,222.42,225.38,224.67,224.08,4032.25799743
1583154000,224.11,228.32,224.12,227.28,16018.33123586
1583157600,226.18,229.89,227.28,227.74,11182.01184728
1583161200,226.29,229.69,227.8,228.47,9724.18606151
1583164800,227.74,232.93,228.36,232.1,14054.52410017
1583168400,231.02,234.5,232.16,231.58,20927.01733922
1583172000,230.91,233.65,231.58,231.62,5003.32318512
1583175600,230.05,232.49,231.62,232.33,5462.14585459
1583179200,230.34,232.28,232.28,231.93,3743.23090238
1583182800,231.92,234.01,232.09,233.07,7789.84957197
1583186400,230.64,233.21,232.97,230.64,3663.7278617
1583190000,229.58,232.12,230.65,232.12,7193.95758704
1583193600,227.85,232.24,232.12,228.35,11581.8625183
1583197200,227.89,230.36,228.27,228.39,5958.39375892
1583200800,228.1,230.5,228.4,230.38,5150.99405126
1583204400,229.31,232.47,230.31,231.72,6083.18051986
1583208000,229.47,231.72,231.72,229.89,6101.65712387
1583211600,228.64,230.39,229.77,230.11,3802.2701884
1583215200,226.48,230.09,230.09,226.98,6276.42830503
1583218800,226.36,228.11,227.03,226.95,4229.21510981
1583222400,226.15,228.47,226.82,227.18,5393.81673975
1583226000,226.47,229.29,227.04,229.15,2543.10620112
1583229600,228.46,231.01,229.15,229.62,3870.35135124
1583233200,229.58,231.85,229.64,231.52,2161.59317151
1583236800,228.03,232.92,231.52,228.71,2985.93267607
1583240400,227.44,229.45,228.7,228.91,4650.3705811
1583244000,224,228.92,228.91,225.14,21867.86398421
1583247600,222.4,229.5,225.13,224.62,23330.27603928
1583251200,220,225.68,224.76,221.8,21678.44911188
1583254800,221.36,223.42,221.8,222.9,7065.26533919
1583258400,221.73,223.54,222.82,223.13,7414.82906856
1583262000,221.59,223.89,223.05,223.58,4730.74955244
1583265600,221.61,223.75,223.57,222.25,3835.25280752
1583269200,222.06,224.43,222.29,223.9,4415.95946634
1583272800,223.37,224.81,223.84,224.3,2014.08759278
1583276400,223.29,225.45,224.3,223.75,6846.00021531
1583280000,221.87,225.16,223.72,224.99,7935.35540495
1583283600,224.98,228.24,225.1,227.43,9202.52165271
1583287200,226.91,228.83,227.46,227.16,7531.45235044
1583290800,225.85,227.92,227.17,226.15,6140.85944878
1583294400,226.03,228.19,226.09,227.66,2671.28033769
1583298000,225.56,227.62,227.62,226.54,2919.60029603
1583301600,224.24,226.67,226.46,225.28,2819.68060906
1583305200,224.84,227.03,225.21,226.66,1816.29782517
1583308800,225.44,227.28,226.61,226.52,1996.0748523
1583312400,223.46,226.52,226.51,223.73,2434.00891333
1583316000,223,224.63,223.72,223.19,2980.41548751
1583319600,221.65,224.17,223.18,223.36,5665.82741456
1583323200,222.57,224.08,223.35,222.93,5925.6127597
1583326800,222.82,224.68,222.94,224.63,5380.80491219
1583330400,222.53,225.59,224.58,223.19,6371.97610054
1583334000,220.92,224.32,223.19,221.97,7941.60300225
1583337600,220.39,223.15,221.93,222.84,6862.2698586
1583341200,222.08,223.81,222.81,223.2,3004.2965879
1583344800,221.38,223.28,223.19,222.52,3039.45577039
1583348400,221.9,223.08,222.44,222.62,2465.11630522
1583352000,221.03,222.61,222.59,221.69,3921.46199126
1583355600,221.18,223.14,221.7,222.87,1837.77416058
1583359200,222.77,223.85,222.82,223.38,2103.50789734
1583362800,223.38,224.92,223.39,224.56,3879.50417925
1583366400,224.49,227.78,224.49,226.9,11601.86591873
1583370000,225.75,227.41,226.9,227.16,3483.96202743
1583373600,226.33,228.45,227.16,227.86,8687.2962119
1583377200,226.54,228.61,227.86,226.72,8977.34570744
1583380800,226.55,227.66,226.72,226.98,6879.80699924
1583384400,226.76,229.48,226.98,229.18,7757.00454597
1583388000,228.35,230,229.17,228.95,5254.96499054
1583391600,227.37,229.17,228.94,228,2739.94791496
1583395200,227.64,228.94,228.1,228.94,2531.33174505
1583398800,228.46,231.7,228.96,231.57,12355.72882537
1583402400,230.51,232.49,231.56,232.39,6345.8950858
1583406000,231.87,233.5,232.38,232.6,6734.62385461
1583409600,231.9,234.47,232.6,231.9,9357.29663335
1583413200,230.74,232.19,231.91,232.14,6329.21719476
1583416800,229.53,232.75,232.13,229.6,6855.34040652
1583420400,229.61,231.76,229.61,231.74,5886.08317874
1583424000,231.06,233.94,231.74,232.72,9146.21205844
1583427600,231.81,233.3,232.71,232.5,4229.2316399
1583431200,231.7,233.15,232.53,232.3,3440.26438037
1583434800,231.01,233.07,232.32,233.07,4121.30634894
1583438400,230,233.26,233.22,231.51,7170.08541759
1583442000,230.67,232.02,231.49,231.14,3880.91068326
1583445600,228.8,231.14,231.13,228.81,5362.34753364
1583449200,226.69,229.12,228.8,228.64,10897.84588277
1583452800,228,229.89,228.6,228.2,5974.38255992
1583456400,227.77,230.13,228.12,228.99,7014.18612506
1583460000,228.75,231.13,228.99,229.91,4653.86960931
1583463600,229.28,230.6,229.91,229.37,4765.50082492
1583467200,229.09,229.85,229.37,229.27,1999.43795943
1583470800,229.28,234.59,229.28,233.51,9185.95424356
1583474400,233.54,236.41,233.54,235.31,5874.5961549
1583478000,235.3,237.73,235.3,235.76,6151.01368751
1583481600,234.26,236.69,235.76,236.69,4079.68715219
1583485200,236.1,237.28,236.69,236.57,4045.26070242
1583488800,235.95,238.68,236.58,238.42,4517.42336146
1583492400,238.32,241.79,238.42,240.49,11824.38494291
1583496000,238,240.47,240.41,239.3,5119.37360535
1583499600,236.56,239.49,239.3,236.87,5321.51063956
1583503200,236.42,238.97,236.97,237.41,4615.92515071
1583506800,235.16,238.27,237.44,235.24,4869.81350635
1583510400,235.24,237.69,235.24,237.07,3858.63292264
1583514000,237.08,239.23,237.12,238.94,4267.83110082
1583517600,237.55,239.09,238.81,238.32,3531.06013293
1583521200,237.59,239.36,238.31,238.26,4628.45172802
1583524800,238.19,239.66,238.26,239.3,3364.04064024
1583528400,239.3,241.74,239.3,241.05,12009.19971495
1583532000,239.55,241.6,241.05,240.5,4290.17468383
1583535600,240.38,245.84,240.49,245.56,14345.50025233
1583539200,243.55,247.02,245.53,244.93,7909.18390961
1583542800,243,245.45,245.01,243.56,4819.78995052
1583546400,243.5,245,243.57,245,2116.26698763
1583550000,244.24,246.29,244.99,244.29,4814.93506227
1583553600,242.84,244.9,244.29,243.72,2880.1863546
1583557200,242.54,243.99,243.61,243.56,2057.63634629
1583560800,242.8,245.48,243.49,242.8,6752.78879028
1583564400,241.53,243.88,242.76,243.51,2112.65310099
1583568000,243.31,244.82,243.5,244.66,1805.5963717
1583571600,244.11,245.5,244.65,245.5,1074.41062505
1583575200,244.26,245.89,245.62,244.27,2096.27864305
1583578800,243.75,245.12,244.27,244.44,1771.4813152
1583582400,243.83,247.25,244.42,243.97,2330.6401256
1583586000,243,245.19,243.98,243.81,2326.94198716
1583589600,243.63,245.38,243.8,245.25,1496.54292928
1583593200,245.01,247.96,245.34,247.62,4012.99931937
1583596800,244.6,253.01,247.58,246.02,28831.7345587
1583600400,238.11,245.97,245.87,239.79,28931.49593598
1583604000,237.24,240.38,239.85,239.17,21133.32206458
1583607600,238.07,240.13,239.2,239.05,3341.6535473
1583611200,238.06,239.42,239.05,238.21,2548.17452997
1583614800,237.66,239.99,238.2,238.62,2417.46912516
1583618400,238.55,240.95,238.62,240.36,3547.52529543
1583622000,236.67,241.02,240.35,237.75,5896.16711559
1583625600,231.78,237.75,237.75,234.12,17084.44790424
1583629200,232.24,234.35,234.25,232.77,4655.85073304
1583632800,229.04,233.68,232.9,229.92,12657.67580905
1583636400,229.19,232.49,230.12,231.81,8639.70222011
1583640000,230.47,232.21,231.88,231.32,2343.40870224
1583643600,229.6,231.44,231.22,229.89,2331.35738978
1583647200,227.06,229.84,229.75,229.29,6377.57139276
1583650800,229.23,230.62,229.27,230.16,1408.53411619
1583654400,228.72,230.16,230.16,229.23,1437.44288165
1583658000,229.39,231.1,229.4,230.05,1376.12672046
1583661600,229.15,232,230.15,231.91,3764.79992802
1583665200,230.85,232.8,231.92,231.63,3438.75147946
1583668800,224.28,232.08,231.75,226.07,10226.19644221
1583672400,223.27,226.42,226,225.3,8962.7116304
1583676000,218.46,225.71,225.31,220.55,14258.00619676
1583679600,211.71,221.2,220.54,217.02,37102.76277513
1583683200,203,217.56,216.83,212.87,43089.85772332
1583686800,210.42,218.64,212.94,215.94,26944.97800326
1583690400,213.37,216.5,215.94,214.69,7323.02842935
1583694000,211.69,214.8,214.61,213.51,7953.20640924
1583697600,209.72,214.3,213.32,209.91,5538.62386592
1583701200,207.91,212.36,209.72,209.85,11496.51055396
1583704800,204,211.38,209.92,204.05,15202.76558059
1583708400,196,209.72,204.04,199.46,40348.07827721
1583712000,197.81,208,199.51,203.51,27982.51788622
1583715600,200.51,206.8,203.41,204.88,11545.03186011
1583719200,200.19,205.66,204.88,200.61,17761.54920546
1583722800,197.38,204.41,200.74,201.69,30496.36484496
1583726400,196.07,201.9,201.69,200.76,32893.58154409
1583730000,196.73,206.18,200.73,204.87,33434.91121975
1583733600,203.77,208.28,204.93,205.02,13581.1425947
1583737200,204.74,206.98,205.09,205.83,5231.51531844
1583740800,205.84,208.65,205.84,207.79,10247.10839902
1583744400,203.26,207.84,207.78,203.58,10118.20211943
1583748000,203.35,205.48,203.6,203.68,3820.75217152
1583751600,199.38,203.67,203.67,201.16,15650.63941181
1583755200,200.99,205.17,201.29,204.63,18979.35851127
1583758800,198.09,205.07,204.74,202.45,19165.27952557
1583762400,196.58,203.55,202.46,197.77,26134.59347952
1583766000,189.85,198.82,197.62,194.34,54680.48990233
1583769600,191.19,200.81,194.33,195.82,37241.90322509
1583773200,192.09,196.63,195.72,193.26,21065.72230466
1583776800,192.51,195.63,193.4,194.07,13887.43102364
1583780400,193.78,198.18,194.01,197.61,15485.9605295
1583784000,196.3,199.68,197.61,198.34,11873.80147206
1583787600,195.68,198.81,198.33,196.2,5762.4053805
1583791200,195.02,199.74,196.22,199,10048.89932523
1583794800,197.54,203.53,198.95,202.77,14749.96728118
1583798400,200.77,204.08,202.76,203.42,10300.03465892
1583802000,200.75,204.79,203.42,201.18,8135.69433694
1583805600,200.3,202.52,201.29,200.7,5136.376693
1583809200,199.91,202.98,200.55,202.65,5813.1386609
1583812800,201.83,203.85,202.52,203.31,5361.9598424
1583816400,202.03,203.61,203.27,202.84,2555.5001226
1583820000,200.05,203.34,202.79,200.43,3407.6293449
1583823600,197.25,200.42,200.42,198.93,7645.15907815
1583827200,198.24,200.57,198.99,199.24,3276.05699065
1583830800,197.74,199.37,199.1,198.32,2728.72723125
1583834400,198.04,204.47,198.32,203.47,15037.68604203
1583838000,202.36,205.38,203.47,203.23,9177.99614931
1583841600,203.02,206.28,203.23,205.79,9076.34974542
1583845200,201.41,206.19,205.73,202.85,10202.08202712
1583848800,202.57,205.26,202.85,203.42,5337.64552329
1583852400,196,203.41,203.41,196.55,21479.98423084
1583856000,195.17,199.8,196.55,199.36,6824.45802569
1583859600,198.4,201.47,199.18,201.22,7065.41467746
1583863200,198.39,201.21,201.21,199.31,7846.97667709
1583866800,198.9,202.55,199.31,202.26,5398.57924865
1583870400,200.88,204,202.26,203.12,10230.39532654
1583874000,201.82,203.5,203.06,202.68,3787.29099992
1583877600,202.1,203.56,202.69,203.08,5134.31654514
1583881200,199.97,203.07,203.07,200.5,13997.4864021
1583884800,199.9,202.52,200.63,202.23,2276.80396135
1583888400,201.35,202.98,202.2,202.48,3902.21910256
1583892000,200.51,202.71,202.44,200.96,2535.45444382
1583895600,200.32,202.41,200.78,201.84,2501.48167234
1583899200,200.62,202.22,201.92,200.62,2882.6343199
1583902800,198.32,200.62,200.62,199.38,4099.43942655
1583906400,198.24,200.36,199.11,198.25,2102.70682157
1583910000,197.52,199.71,198.33,199.07,2589.83727344
1583913600,197.93,201.02,199.08,198.3,4240.66262049
1583917200,196.69,198.87,198.3,197.49,3047.88932429
1583920800,194.73,197.49,197.49,197.37,6508.98732164
1583924400,195.83,198.44,197.24,196.67,3369.20405124
1583928000,195.51,197.49,196.67,196.65,3758.73076696
1583931600,196.54,198.85,196.63,196.87,5264.16712575
1583935200,193.05,197.37,196.86,193.92,9658.92381077
1583938800,190.33,194.88,193.92,191.92,13633.93828404
1583942400,191.02,193.97,191.95,191.93,13238.53427894
1583946000,183.11,192.05,192,184.25,37473.21727708
1583949600,181,190.41,184.21,189.79,40292.41848916
1583953200,186.95,191.29,189.93,190.09,14286.17997347
1583956800,189.34,193.37,190.09,193.37,19559.54548776
1583960400,188.89,193.67,192.75,189.38,9336.49800239
1583964000,188.36,195.14,189.32,194.41,20375.86315669
1583967600,192.36,196.58,194.39,194.61,13404.86954335
1583971200,192.02,195.64,194.62,193.44,8849.40593515
1583974800,183.47,193.71,193.38,184.43,26305.1916395
1583978400,182,187.3,184.8,183.7,26213.17652273
1583982000,181.32,185.04,183.69,182.55,16852.54041345
1583985600,177.16,182.57,182.56,181.11,28025.65804485
1583989200,179.59,181.6,181.08,181.43,12618.49290951
1583992800,171.14,181.53,181.49,173.41,49272.23347672
1583996400,168,173.79,173.39,171.38,41261.07999738
1584000000,166.24,172.07,171.54,169.16,27720.14343088
1584003600,167.08,169.88,169.17,167.5,14985.14229175
1584007200,126.28,168.3,167.51,134.67,121350.41028628
1584010800,126.29,151.19,134.67,136.83,120763.8181199
1584014400,135,144.63,136.83,137.67,67489.33224442
1584018000,126,139.8,137.7,135.39,74368.43174068
1584021600,131,144,134.81,140.79,63210.48472829
1584025200,137.5,141.58,140.78,141.24,24465.58847215
1584028800,134.53,142.49,141.15,139.25,29523.46865648
1584032400,138.32,146.17,139.32,141.8,35533.3824226
1584036000,136.52,143,141.97,137.04,18006.50229023
1584039600,136.43,139.69,137.13,138,27650.90753843
1584043200,124.04,138.96,138,128.15,156581.7176164
1584046800,122.83,132.14,128.46,130.3,50880.07338784
1584050400,124.83,134.25,130.46,126.78,69103.62395275
1584054000,101.22,126.82,126.81,110.3,179904.54193464
1584057600,102.92,117.5,110.3,107.09,93936.96322162
1584061200,97,110.99,107.03,98.88,80161.77741825
1584064800,90,127.74,98.85,117.02,178652.2016462
1584068400,115.15,148,116.65,130.91,154438.49220378
1584072000,106.43,129.95,129.79,111.87,64980.25174603
1584075600,110.75,124,111.95,116.87,54876.73668468
1584079200,114.45,127.93,116.86,127.28,47810.96562052
1584082800,120.83,129,127.28,127.57,42421.37905038
1584086400,121.94,133.1,127.63,127.12,53444.01049833
1584090000,126.62,136.53,126.86,133.8,21189.67832758
1584093600,128.9,134.99,134.14,132.6,26240.14361559
1584097200,126.01,133.17,132.55,128.93,25508.0599682
1584100800,126.95,134.6,128.99,131.35,29844.0991602
1584104400,128.99,140.95,131.36,134.03,70762.69633482
1584108000,125.5,137.9,134.11,128.39,28034.69722256
1584111600,116.06,128.9,128.48,124.85,60508.73610528
1584115200,120.17,129.51,124.67,124.08,35884.55102136
1584118800,121.63,127.42,124.29,124.47,22119.04435004
1584122400,115.5,124.85,124.5,119.51,40776.8766968
1584126000,117.1,132.02,119.5,129.94,60683.62427983
1584129600,126.87,131.99,129.94,128.87,52191.71933218
1584133200,127.71,133.99,128.88,130.68,22311.11927275
1584136800,130.5,134.83,130.52,134.79,16171.79780488
1584140400,131.5,138.9,134.78,135.51,39333.35821844
1584144000,131.79,135.9,135.44,134.21,18442.53112667
1584147600,130.5,135.2,134.2,134.28,20031.7519292
1584151200,130.73,134.5,134.24,133.48,9370.84427196
1584154800,132.63,135.75,133.35,134.26,10506.70958736
1584158400,131.9,134.82,134.14,132.77,5608.90875659
1584162000,130.89,133.45,132.77,131.35,5242.32445412
1584165600,130.65,132.12,131.35,131.25,3316.12650359
1584169200,130.57,132.8,131.2,132.8,4621.81448207
1584172800,126.11,132.81,132.81,128.89,17311.74574608
1584176400,125.58,129.03,128.88,126.35,6921.71481354
1584180000,125.66,129.85,126.45,129.38,8729.92424417
1584183600,128.5,130.9,129.34,129.65,7389.93206653
1584187200,126.99,129.65,129.64,129.16,14371.71768436
1584190800,125.45,129.44,129.17,126.23,14150.91013814
1584194400,126.02,128.61,126.35,127.71,7895.79543018
1584198000,126.17,128.5,127.7,126.79,12275.42480326
1584201600,125.92,130.68,126.88,128.43,16859.85864635
1584205200,126.98,128.79,128.4,128.39,9102.39962777
1584208800,127.81,130.65,128.36,128.9,11596.15842072
1584212400,127.33,129.78,128.9,127.55,6656.13789122
1584216000,126.1,128.19,127.56,127.27,11351.84135589
1584219600,125.86,127.55,127.31,126.45,8121.05292938
1584223200,123,127.09,126.47,124.53,25925.02260801
1584226800,120.71,124.55,124.47,122.17,28872.21183065
1584230400,120,123.48,122.11,122.52,18227.500148
1584234000,120.45,122.98,122.49,120.66,11130.86866806
1584237600,120.36,122.18,120.66,120.94,14186.94724639
1584241200,119.84,121.67,120.98,120.85,8508.04885697
1584244800,120.88,122.56,120.88,122.13,7425.7590872
1584248400,121.26,122.5,122.14,122.38,5666.29894989
1584252000,122.21,123.99,122.36,123.31,5455.3843257
1584255600,122.14,123.92,123.3,122.85,6013.22246504
1584259200,121.78,122.9,122.85,121.99,7817.1079782
1584262800,121.19,122.33,121.9,121.89,5463.57897271
1584266400,121.55,127.4,121.9,126.33,10792.4027229
1584270000,125.5,126.85,126.36,125.96,5857.72090286
1584273600,122.63,129.33,125.93,124.49,14098.14506986
1584277200,124.21,125.67,124.45,124.7,5087.53088178
1584280800,121.99,125.37,124.81,123.5,14980.27500352
1584284400,122.86,125.01,123.49,123.65,12464.36542498
1584288000,121.9,124.43,123.63,123.33,16827.87251196
1584291600,122.5,124.71,123.33,122.63,13842.47522121
1584295200,122.41,124,122.59,122.8,11165.19363833
1584298800,122.71,124.32,122.79,123.05,10233.54712032
1584302400,120,123.15,122.92,120.01,21125.79845655
1584306000,119.85,134.1,120,133.21,90329.21167616
1584309600,120.71,133.25,133.24,123.28,101618.37464188
1584313200,122.49,125.24,123.33,123.3,20074.20523547
1584316800,119.42,123.36,123.33,120.94,35111.33306686
1584320400,120.52,122.67,120.97,122.48,17580.65529575
1584324000,122.06,123.75,122.45,123.38,14385.21305268
1584327600,121.4,123.51,123.4,122.06,6327.40170895
1584331200,120.63,122.04,122.04,120.68,10138.18126125
1584334800,115.05,121.43,120.68,116.28,40197.13051243
1584338400,109.59,116.3,116.3,112.46,49747.34970168
1584342000,105.51,112.43,112.4,106.61,41814.67575428
1584345600,106.65,111.58,106.81,110.74,27198.00760724
1584349200,107.25,111.01,110.68,108,24217.12377672
1584352800,100.5,108.35,107.98,101.22,60792.39476168
1584356400,101.02,105.51,101.26,103.98,37426.15386762
1584360000,103.15,110.28,103.95,107.79,64317.58213697
1584363600,102.23,110.67,107.72,108.85,82838.1430935
1584367200,107.32,116.3,109.12,111.7,86308.01983357
1584370800,111.2,116.72,111.53,114.93,45349.89372671
1584374400,110.8,115.65,115,112.1,34705.53751788
1584378000,111.37,114.35,112.08,113.21,24101.42812747
1584381600,112.05,114.89,113.2,114.34,18489.50250588
1584385200,108.79,114.74,114.35,110.29,41205.13172039
1584388800,108,111.79,110.14,109.54,41970.98045201
1584392400,108.13,110.6,109.45,109.9,14561.65115365
1584396000,107.17,111.45,109.92,107.76,39414.69848112
1584399600,107.14,111.45,107.73,111.38,33040.39110585
1584403200,109.66,112.44,111.36,112.36,22727.72142923
1584406800,111.99,121.49,112.4,115.92,66670.37498603
1584410400,114.01,117.52,115.92,117.07,23963.44813895
1584414000,115.92,118.53,117.07,118.07,15784.38584169
1584417600,115.63,118.24,118.12,116.78,10371.67624955
1584421200,116.73,117.9,116.77,117.45,7218.73699944
1584424800,116.23,118.02,117.42,117.39,4846.23337862
1584428400,117.16,120.5,117.4,118.57,22932.5396757
1584432000,116.71,120.48,118.57,117.43,15701.23893847
1584435600,114.52,117.88,117.38,115.88,6545.01218128
1584439200,115.37,117.48,115.82,117.17,9962.99720979
1584442800,115.94,117.79,117.17,116.3,12784.85129502
1584446400,114.94,118.89,116.29,115.37,18572.7303528
1584450000,112.76,118,115.48,113.45,27521.52294297
1584453600,112.89,116.23,113.4,115.9,16365.65951248
1584457200,115.4,118.36,115.89,118.02,16773.58054206
1584460800,117.09,120.44,118.1,117.47,40744.92725119
1584464400,117.15,118.94,117.46,118.49,9670.60874614
1584468000,117.91,119.49,118.48,118.37,9329.77251634
1584471600,117.01,119.1,118.39,117.88,8411.11662944
1584475200,117.3,119.96,117.98,119.22,9959.68371014
1584478800,117.28,120.59,119.27,117.8,15293.96913957
1584482400,117.01,118.65,117.76,118.07,11515.29755615
1584486000,116,118.98,118.08,116.09,14884.47142187
1584489600,115.42,118.48,116.06,117.14,10857.96272955
1584493200,116.4,117.51,117.14,117.07,3422.60179554
1584496800,116.17,117.31,117.06,117.23,6855.18028976
1584500400,117.22,118.06,117.22,117.78,6238.84737085
1584504000,117,118.3,117.8,117.99,8157.69891308
1584507600,115.42,118.14,118,115.74,12292.5583038
1584511200,114.3,116.18,115.73,115.6,11400.82270487
1584514800,111.21,115.52,115.52,112.56,11585.87107214
1584518400,111.26,113.64,112.57,113.04,6321.30094045
1584522000,112.24,114.24,113,112.65,5731.91732537
1584525600,110.37,113.16,112.68,111.84,10003.33909703
1584529200,111.89,113.45,112.02,113.2,9541.58921384
1584532800,111.48,113.21,113.21,112.35,9998.73309844
1584536400,110.18,117.21,112.34,116.2,35413.9608063
1584540000,114.69,118.13,116.18,115.28,27614.66920207
1584543600,114,117.21,115.37,116.21,27411.38026417
1584547200,113.16,116.75,116.21,114.25,31631.14436947
1584550800,113.04,115,114.33,114.66,16307.0214672
1584554400,114.1,116.07,114.61,115.93,10696.87612267
1584558000,115.39,116.65,115.99,116.59,9234.08750091
1584561600,116.32,117.7,116.61,116.54,9416.12380964
1584565200,116.37,117.31,116.6,116.95,4023.25489251
1584568800,115.1,118,116.95,116.64,10625.98388201
1584572400,116.33,118.88,116.58,118.6,11523.68462948
1584576000,117.46,120.49,118.59,117.91,14750.49022421
1584579600,117.53,119,117.91,117.91,5891.48439151
1584583200,115.99,118.12,117.91,116.58,6806.73914277
1584586800,115.72,117,116.62,116.41,4159.9144246
1584590400,116.02,116.86,116.41,116.51,2277.12123279
1584594000,116.49,118.23,116.57,117.81,5825.19110853
1584597600,117.51,118.61,117.81,117.76,5604.65275631
1584601200,117.49,120.25,117.76,119.25,8870.83700808
1584604800,118.69,120.25,119.26,119.46,3095.72815264
1584608400,118.93,124.83,119.41,124.44,17418.21372534
1584612000,122.83,125.72,124.48,123.66,15637.95856178
1584615600,123.39,124.87,123.63,124.51,8972.74170098
1584619200,124.54,129.82,124.54,129.39,44902.93438034
1584622800,124.33,129.72,129.4,127.29,36611.2423345
1584626400,125.74,128.32,127.36,126.8,16281.73951589
1584630000,126.5,129.08,126.81,128.7,23331.58033177
1584633600,127.04,141.68,128.81,135.88,108125.4053131
1584637200,134.82,140.62,135.92,139,43205.63780653
1584640800,134.78,139.5,139.11,135,24976.38288492
1584644400,134,137.09,135,136.75,15016.50612226
1584648000,135.57,137.5,136.78,137.5,11847.36033794
1584651600,135.98,138.42,137.51,138.26,10519.3627729
1584655200,138.09,144.44,138.24,140.64,31680.40396119
1584658800,136.28,141.45,140.64,136.68,21141.58364227
1584662400,136.64,140.27,136.65,138.28,17313.76921207
1584666000,134,138.6,138.24,136.15,13958.35133336
1584669600,135.53,137.14,136.08,135.88,5805.88875965
1584673200,134.19,136.07,135.88,134.99,7307.90953357
1584676800,133.89,137.93,134.96,137,8632.25618692
1584680400,136.59,139.24,136.97,137.16,6830.43743289
1584684000,136.17,138.31,137.17,137.89,6054.05306085
1584687600,137.04,140.81,137.83,139.89,12237.99697984
1584691200,139.88,152.05,140.07,146.85,47676.54904065
1584694800,146.08,150.49,146.79,150.11,17132.08619225
1584698400,147.75,154,150.11,151.26,20273.0292553
1584702000,143.3,152.23,151.18,146.37,20263.24212586
1584705600,142.95,146.88,146.29,144.22,19337.20068348
1584709200,136.93,144.23,144.18,140.63,34634.26616644
1584712800,140.05,145.5,140.58,144.1,26015.08742831
1584716400,140.6,144.85,144.14,143.08,18088.80390288
1584720000,136.17,145,143.19,139.25,54230.60175701
1584723600,136.76,140.35,139.27,139.03,19235.46075255
1584727200,130.45,139.16,139.03,130.45,41194.28033272
1584730800,130.25,134.33,130.61,131.37,25730.87881083
1584734400,115.51,131.36,131.36,125.31,108297.70535709
1584738000,124.78,132.7,125.52,131.77,34965.59450047
1584741600,127.57,137.65,131.9,131.41,45802.13088677
1584745200,128.11,133.73,131.41,133.27,15507.87233377
1584748800,129.58,133.6,133.35,130.89,14838.77311076
1584752400,130.69,134.97,130.89,134.64,16631.63161985
1584756000,133.91,137.62,134.75,134.43,14159.63421086
1584759600,131.51,134.81,134.66,134.31,5294.04129776
1584763200,131.77,135.92,134.3,132.21,7568.43632303
1584766800,129.02,133.21,132.12,129.72,7650.49156958
1584770400,127.81,133.32,129.71,133.28,7614.70590915
1584774000,130.15,133.43,133.27,131.31,3047.58171678
1584777600,128.84,131.84,131.3,130.98,9636.94725109
1584781200,126.96,131.34,131.01,128.78,10452.30381014
1584784800,127.42,129.53,128.68,128.11,4951.27124794
1584788400,125.84,130.8,128.18,130.8,13403.5369566
1584792000,129.95,133.1,130.61,130.78,12714.0494788
1584795600,130.74,134.47,130.74,131.71,10086.66387785
1584799200,130.66,133.52,131.68,132,14052.84918861
1584802800,131.09,133.46,132.04,133.03,5727.5727929
1584806400,130.7,134.31,133.03,131.11,9900.40640683
1584810000,128.64,132.02,131.23,129.24,12277.22690927
1584813600,128.86,132.8,129.25,132.65,12165.30971717
1584817200,132.28,134,132.66,132.95,13667.18886727
1584820800,131.99,136.71,132.94,135.45,17007.02786398
1584824400,131.47,137.64,135.38,132.9,21008.06537564
1584828000,131.35,134.41,132.94,132.66,10296.46634126
1584831600,131.72,133.75,132.67,132.79,5228.12872133
1584835200,130.65,132.83,132.79,132.57,6672.37819
1584838800,131.94,135,132.54,134.56,9370.53600581
1584842400,133.68,136.03,134.58,134.02,4199.52336036
1584846000,133.34,136.21,133.82,136.2,6734.01791802
1584849600,134.55,136.91,136.21,135.01,8020.72590152
1584853200,134.94,136.92,134.97,136.1,5100.95759477
1584856800,134.3,137.38,136.15,134.84,3666.84033422
1584860400,134.16,135.53,134.84,134.73,1784.73290074
1584864000,131.73,135.05,134.56,132.72,6798.5363619
1584867600,131.75,134.44,132.78,134.13,5895.2572342
1584871200,131.82,134.37,134.09,133.01,5212.25908
1584874800,130.42,133.67,133.13,131.16,7865.34779044
1584878400,126.36,131.14,131.14,128.09,28738.40980468
1584882000,126.9,130.7,128.13,129.27,11556.24875331
1584885600,127.32,129.41,129.33,128.78,6675.76694924
1584889200,125,128.88,128.66,128.28,14387.23809114
1584892800,125.7,129.5,128.19,126.79,9877.22360871
1584896400,124.45,127.62,126.78,126.09,13397.55399017
1584900000,123.55,126.98,126.11,126.1,14974.17953317
1584903600,123.78,126.2,126.1,123.78,12890.33373111
1584907200,121.8,124.4,123.83,124.33,20618.30567239
1584910800,124.28,129.18,124.37,127.38,14336.65649858
1584914400,122.69,127.53,127.34,123.22,20985.8256306
1584918000,120.9,123.69,123.09,122.42,22198.238587
1584921600,119.2,125.35,122.31,124.11,31482.77347307
1584925200,122.74,124.68,124.18,123.49,11651.94508871
1584928800,122.51,124.45,123.5,124.34,4908.75619958
1584932400,123.87,126.11,124.36,125.39,7879.24250192
1584936000,124.36,126.54,125.45,125,5159.17303593
1584939600,123.96,125.39,125.01,124.5,4444.55709829
1584943200,124.26,125.63,124.43,125.39,4604.72986512
1584946800,123.98,125.66,125.4,124,4400.50865314
1584950400,121.4,125.08,124,121.83,8664.9077952
1584954000,120.71,122.95,121.82,122.26,8093.85060407
1584957600,122.03,123.77,122.24,123.66,7957.71563705
1584961200,122.43,124.72,123.72,123.21,6558.10789302
1584964800,123.18,135.27,123.2,132.97,48631.15429127
1584968400,128.48,138,133.14,132,44308.12776583
1584972000,129.6,132.2,131.91,129.97,15783.13820227
1584975600,127.19,130.81,129.96,129.74,12787.45308217
1584979200,129.3,133.19,129.7,133.08,29072.85531602
1584982800,130.08,133.28,133.14,130.43,19544.25454697
1584986400,129.38,131.48,130.34,130.07,8167.40897243
1584990000,129.79,131.44,130.13,130.53,6992.0350036
1584993600,130.35,132.82,130.5,132.32,9741.33349037
1584997200,131.37,134.14,132.45,132.33,11546.5349201
1585000800,131.25,133.77,132.39,133.77,18924.38405089
1585004400,133.39,137.01,133.76,137,61029.39708045
1585008000,134.35,138.58,137,135.42,45058.92929852
1585011600,134.79,137.26,135.49,135.34,16149.8325594
1585015200,134.73,136.84,135.31,136.79,6739.36191736
1585018800,134.5,136.99,136.8,134.51,11374.33623695
1585022400,133.04,135.28,134.52,133.86,10704.69845068
1585026000,133.5,135.19,133.88,134.65,4558.77002769
1585029600,134.39,136.74,134.67,136.33,10405.1350764
1585033200,135.79,137.92,136.37,136.29,6135.70922572
1585036800,136.07,144.16,136.22,140.33,29437.02611868
1585040400,139.99,143.07,140.4,141.19,13854.1839046
1585044000,139.61,142.41,141.22,140.75,9980.65884274
1585047600,139.33,142.01,140.75,141.4,10064.26303732
1585051200,136.62,141.51,141.37,139.06,13939.73514266
1585054800,138.07,141.02,139.04,138.62,15304.91011474
1585058400,137.46,140,138.62,138.09,16026.23843949
1585062000,134.79,138.42,138.02,136.59,22740.74574426
1585065600,134.76,138,136.7,136.57,15617.12916999
1585069200,136.22,138.17,136.53,137.34,9762.52620102
1585072800,135.52,137.74,137.37,137.15,8877.73378306
1585076400,136.66,140.29,137.17,139.73,15790.7555812
1585080000,138.52,140.67,139.82,139.77,10612.20497942
1585083600,136.21,140.15,139.77,138.31,8704.20882056
1585087200,137.78,140.64,138.34,140.03,7649.07485643
1585090800,138.52,140.29,140.04,139,8788.46443132
1585094400,137,142,138.95,140.22,17323.77130908
1585098000,138.05,141.32,140.19,138.1,9373.61335436
1585101600,136.82,139.91,138.09,137.86,12472.3713212
1585105200,135.3,138.15,137.86,136.37,14011.53537798
1585108800,135.63,137.37,136.31,137.37,3438.17643684
1585112400,137.2,139.16,137.35,139.16,8993.9140081
1585116000,138.06,139.29,139.17,139.03,5463.45206228
1585119600,137.75,139.12,139.09,138.72,3008.88020472
1585123200,137.47,140.58,138.68,140.07,5509.88515286
1585126800,139.76,142.79,140.04,140.79,13657.01194859
1585130400,135.92,141.63,140.77,136.65,21390.45002558
1585134000,132.92,137.41,136.67,134.57,17439.65039187
1585137600,134.37,135.82,134.67,135.8,7164.7731957
1585141200,134.69,138.39,135.79,134.69,15414.40098874
1585144800,133.71,136.3,134.69,136.07,10199.65480273
1585148400,135.55,136.83,136.13,135.94,7505.56080073
1585152000,135.39,137.04,135.95,136.17,5164.09708227
1585155600,136,136.69,136.18,136.2,3990.63607713
1585159200,135.16,136.85,136.19,136.55,5610.47334447
1585162800,135.85,136.75,136.54,135.89,3878.61553105
1585166400,135.42,136.41,135.98,135.45,4972.20385402
1585170000,132.5,135.46,135.45,134.37,18876.44133606
1585173600,134.39,136.4,134.4,136.19,7991.63847711
1585177200,135.45,136.65,136.18,136.26,5192.42675258
1585180800,136.35,138.19,136.35,137.27,11589.88102912
1585184400,135.98,137.56,137.24,136.21,4617.80119025
1585188000,135.42,136.64,136.27,136.39,4069.24354193
1585191600,136.18,137.59,136.36,137.39,6312.11194378
1585195200,137.4,139,137.45,137.41,8123.53023914
1585198800,135.06,137.91,137.41,135.24,4675.38678582
1585202400,134.1,136.06,135.24,135.45,6842.90912112
1585206000,134.6,135.76,135.4,135.05,5616.91985857
1585209600,134.32,135.77,135.16,135.37,3873.07575829
1585213200,134.89,136.01,135.38,135.4,2250.70284987
1585216800,134.67,135.8,135.42,135.25,4541.26358104
1585220400,134.39,136.51,135.34,134.78,5961.01848612
1585224000,133.8,135.1,134.78,135.03,5163.16328164
1585227600,133.52,136,135.01,135.35,12510.24925695
1585231200,134.38,135.3,135.3,134.6,5023.18245207
1585234800,134,135.13,134.61,134.95,6947.24657592
1585238400,133.93,135.14,134.94,134.8,5182.22542069
1585242000,134.5,135.49,134.77,134.78,5515.55659064
1585245600,134.73,135.33,134.73,135.23,3172.95489717
1585249200,134.89,135.73,135.23,135.58,6402.62088647
1585252800,135.43,136.98,135.54,136.8,6788.96401856
1585256400,136.31,138,136.8,136.52,8434.97066115
1585260000,135.56,136.58,136.52,136.57,5421.33808861
1585263600,136.54,140.36,136.56,139,29575.47954115
1585267200,139,142.5,139,139.71,37504.51974954
1585270800,138.47,140.07,139.7,139.32,7702.97180264
1585274400,138.72,139.5,139.32,139.5,6013.59843407
1585278000,139.19,139.88,139.5,139.81,3243.43349024
1585281600,138.74,140.92,139.81,138.74,6457.87824593
1585285200,136.5,138.74,138.73,137.1,10142.31065151
1585288800,136.75,137.83,137.09,137.33,2747.35003357
1585292400,137.31,138.28,137.31,137.97,3304.81515619
1585296000,136.82,137.94,137.91,136.86,7318.78510405
1585299600,136.16,137.21,136.89,136.3,2550.59750524
1585303200,135.03,136.56,136.27,136.02,4258.89256819
1585306800,135.94,137.15,136.05,136,3772.78628586
1585310400,135.35,136.6,136,135.77,3370.46161878
1585314000,134.66,135.99,135.71,135.19,8735.16400436
1585317600,134.8,135.69,135.18,135.57,3275.01359815
1585321200,135.45,136.76,135.56,136.26,4534.66863429
1585324800,135.25,136.84,136.27,136.55,9635.80010579
1585328400,135.66,136.8,136.58,136.52,4499.50287269
1585332000,136.28,137.67,136.53,137.01,4274.97287999
1585335600,136.44,137.56,137.01,136.84,4476.28432343
1585339200,136.42,137.6,136.84,137.6,4641.29961204
1585342800,136.55,137.84,137.6,137.5,6869.90652588
1585346400,136.65,137.5,137.49,137.16,2788.76847763
1585350000,130,137.19,137.17,131.56,21667.13843997
1585353600,128.02,131.56,131.56,130.37,29387.62439808
1585357200,128.68,130.29,130.27,129.26,7701.91378147
1585360800,128.57,129.94,129.25,129.21,5394.63035248
1585364400,125.01,129.46,129.21,126.29,19187.51379018
1585368000,125.26,128.72,126.28,128.3,19979.18158466
1585371600,127.51,128.62,128.28,128.07,4001.3164357
1585375200,127.03,128.28,128.1,128.11,3054.07032887
1585378800,128.06,128.55,128.16,128.4,1609.16609649
1585382400,127.88,129.83,128.36,129.75,3726.25586062
1585386000,128.68,130.09,129.7,129.03,2367.51394236
1585389600,128.2,129.53,129.02,129.1,2121.98624635
1585393200,128.18,129.86,129.14,128.18,2593.40528284
1585396800,127.62,128.65,128.18,128.28,2554.95171909
1585400400,126.88,128.64,128.33,128.56,3399.7448063
1585404000,128.57,129.51,128.57,129.32,3076.75654159
1585407600,128.17,129.6,129.32,128.38,3440.49172277
1585411200,128.09,129.11,128.37,128.66,2450.0863859
1585414800,125.5,128.78,128.68,125.5,7761.9751676
1585418400,125.51,128.93,125.51,127.71,13809.63749363
1585422000,127.68,129.2,127.7,128.64,3785.78655869
1585425600,128.64,133.8,128.64,130.99,13015.84232435
1585429200,130.1,131.73,130.99,131.06,5305.41415007
1585432800,130.36,132.76,131.06,131.17,5222.5243468
1585436400,130.01,131.82,131.22,131.35,7864.14708233
1585440000,130.12,132.18,131.36,130.6,6698.77290898
1585443600,129.38,130.67,130.6,130.18,2310.77512478
1585447200,129.74,130.74,130.18,129.92,2432.58199569
1585450800,129.4,130.43,129.91,130.22,1807.15641804
1585454400,129.95,130.31,130.21,130.27,1144.04474952
1585458000,129.56,130.27,130.27,129.6,2517.73709745
1585461600,128.9,129.81,129.67,129.26,1074.77940936
1585465200,128.79,129.72,129.28,129.55,880.29309956
1585468800,128.25,129.52,129.52,129.37,2880.74490211
1585472400,128.39,129.39,129.38,128.5,918.80754415
1585476000,128.47,130.36,128.49,129.71,2460.14503364
1585479600,129.06,129.93,129.71,129.23,1379.48283696
1585483200,128.05,129.33,129.22,128.76,2581.90270951
1585486800,128.31,129.19,128.73,128.97,1739.75136945
1585490400,128.86,129.6,128.92,129.33,1738.57358702
1585494000,128.82,129.45,129.37,129.15,2790.22829745
1585497600,127.58,129.38,129.15,128.01,4935.14194842
1585501200,127.52,128.51,128.01,128.25,4167.1941201
1585504800,126.5,128.25,128.25,126.9,3885.02485327
1585508400,124.5,127.36,126.9,125.1,18429.26265912
1585512000,123.72,125.96,125.01,125.83,10221.68309739
1585515600,124.79,125.89,125.82,125,6349.67596171
1585519200,124.25,126.47,124.79,125.72,4442.18251919
1585522800,124.34,125.97,125.67,124.35,5281.47789954
1585526400,124.05,125.93,124.43,125.63,5693.61194216
1585530000,125.16,126.31,125.62,126,6443.48206141
1585533600,125.94,127.24,126,126.75,6499.12163782
1585537200,126.55,127.09,126.76,127.05,2329.64280301
1585540800,126.79,127.67,127.08,127.63,2236.98763983
1585544400,127.61,130.75,127.61,129.99,10093.21094218
1585548000,129.44,130.7,130.01,129.93,2323.77149369
1585551600,130.01,131.77,130.01,130.41,4286.53877459
1585555200,130.46,131.38,130.46,131.05,3902.0169032
1585558800,130.58,131.38,131.09,130.58,1823.63122338
1585562400,130.63,132.28,130.63,131.53,4137.99748683
1585566000,131.53,135,131.53,133.98,10858.11675363
1585569600,132.1,134.41,133.96,132.51,3622.95728972
1585573200,131.8,133.07,132.5,131.8,3332.08103757
1585576800,131.41,132.53,131.81,132.22,3677.91616099
1585580400,131.96,134,132.22,132.36,20756.04975415
1585584000,131.86,133.46,132.48,133.08,7969.69258244
1585587600,131.99,133.29,133.08,132.58,6706.17635461
1585591200,131.61,132.62,132.59,132.39,3963.96104496
1585594800,132.05,133,132.35,132.41,4979.0064061
1585598400,132.3,134.88,132.41,134.11,14953.98067288
1585602000,133.25,135.48,134.11,134.43,10590.55967216
1585605600,133.33,135.4,134.56,133.7,8030.0682298
1585609200,132.24,133.96,133.69,132.32,4807.66046275
1585612800,132.09,133.4,132.3,132.67,3056.79020038
1585616400,132.68,134.33,132.68,134.29,2653.41657403
1585620000,133.13,134.32,134.28,133.32,1991.97886702
1585623600,131,133.16,133.16,132.37,6474.52779966
1585627200,130.66,132.39,132.39,130.98,3623.47882727
1585630800,130.45,131.92,130.98,131.65,1377.03950424
1585634400,131.02,132.53,131.6,132.28,1315.08413267
1585638000,131.55,132.32,132.32,132.08,987.20773295
1585641600,131.89,133.46,132.08,133.33,2502.76570381
1585645200,132.2,133.36,133.33,132.48,1341.99992049
1585648800,132.08,132.8,132.55,132.59,4522.41880776
1585652400,131.4,132.66,132.61,132.22,7813.39122811
1585656000,131.14,133,132.23,132.73,4281.19612717
1585659600,132.16,133.19,132.73,132.5,3149.52518414
1585663200,132.46,133.29,132.51,133.08,4214.94443471
1585666800,132.53,133.8,133.07,133.01,3989.34738146
1585670400,132.19,133.4,133.01,132.51,3731.53165297
1585674000,132,133.09,132.51,133.07,2478.27704495
1585677600,132.81,133.6,133.06,133,4160.73322897
1585681200,132.96,133.88,133.14,133.58,4091.57325018
1585684800,133.54,135.35,133.56,134.73,6483.3076728
1585688400,133.28,135.23,134.72,134.45,4884.55194886
1585692000,133.41,134.58,134.45,133.88,5380.48452508
1585695600,133.08,133.96,133.88,133.08,2107.65799115
1585699200,131.13,133.62,133.08,132.17,7840.03676931
1585702800,131.5,132.5,132.18,131.67,2950.36414366
1585706400,131.48,132.5,131.66,132.47,1548.07797812
1585710000,132.41,133.35,132.46,133.13,2544.14348458
1585713600,132.78,133.28,133.14,132.88,1813.55927221
1585717200,131.95,132.93,132.88,132.11,2516.30113831
1585720800,131.75,132.64,132.12,132.34,1684.54609095
1585724400,132.11,132.79,132.34,132.58,1759.57880737
1585728000,131.72,132.59,132.57,132.15,2046.90478769
1585731600,131.6,132.41,132.16,132.27,1255.00204824
1585735200,131.94,132.5,132.26,132.07,979.57914042
1585738800,131.77,132.35,132.07,132.35,1359.97670785
1585742400,131.39,133.32,132.38,131.53,5665.22183642
1585746000,130.59,131.75,131.52,130.89,2839.02059711
1585749600,130.63,132.01,130.91,131.71,3689.20117503
1585753200,131.16,131.86,131.83,131.31,2598.85612072
1585756800,128.84,131.26,131.26,129.53,8168.34022797
1585760400,129.15,130,129.53,129.78,4046.79316332
1585764000,129.6,130.16,129.79,129.71,2410.17788661
1585767600,128.6,130.3,129.72,130.22,6826.03449486
1585771200,130,132.89,130.14,132.11,5245.51789044
1585774800,131.82,132.86,132.1,132.16,2957.51224141
1585778400,132.15,134.95,132.18,133.69,12012.29400584
1585782000,133.52,137.4,133.68,136.14,14345.47784936
1585785600,136.1,138.95,136.14,136.5,22045.6883069
1585789200,135.5,137.21,136.56,135.55,4615.57462948
1585792800,135.56,136.94,135.61,136.57,6965.90841111
1585796400,135.82,136.79,136.59,136.73,3920.82714967
1585800000,136.06,137.29,136.74,136.32,3808.51479857
1585803600,135.94,136.63,136.34,136.63,2820.5494246
1585807200,136.3,137.43,136.5,137.43,1629.8671967
1585810800,137.01,138.21,137.43,137.67,3389.53080486
1585814400,136.7,138.08,137.76,137.73,3952.85329802
1585818000,137.03,137.75,137.69,137.15,2514.72755842
1585821600,137.09,138.27,137.13,137.43,3858.71611349
1585825200,136.95,138.37,137.43,137.86,3886.17663449
1585828800,136.8,138.83,137.86,137.42,5643.33461086
1585832400,136.38,137.67,137.42,136.55,5591.97371168
1585836000,136.49,140,136.58,139.27,10893.65606941
1585839600,138.36,140,139.27,139.45,5120.91225263
1585843200,139.28,143.89,139.45,143.76,20273.02869723
1585846800,143.73,150.5,143.73,145.62,47520.11753585
1585850400,140.12,145.97,145.62,140.52,18309.2829606
1585854000,138.6,142.74,140.51,141.09,12675.61242877
1585857600,138.6,141.23,141,140.75,8454.14412176
1585861200,140.16,143,140.72,142.53,5162.94339994
1585864800,140.77,143.28,142.59,142.59,5627.7938386
1585868400,140.01,142.62,142.62,141.53,5819.40704788
1585872000,140.77,142.01,141.48,141.19,3194.6132572
1585875600,140.7,142.66,141.16,142.34,2706.20298235
1585879200,141.65,142.82,142.38,142.47,3208.30863217
1585882800,141.61,142.89,142.49,141.75,2392.45144492
1585886400,141.28,142.07,141.69,141.89,2209.31000147
1585890000,141.22,142.07,141.88,141.85,1557.55320796
1585893600,141.54,142.85,141.76,142.36,1885.64324717
1585897200,142.3,145.5,142.38,145.03,8181.20738105
1585900800,143.24,145.95,145,144.25,4391.87877337
1585904400,143.54,145.59,144.25,145.11,2395.55770553
1585908000,144.42,146.77,145.19,146.34,2903.87722059
1585911600,144.79,146.81,146.33,146.4,6939.52737183
1585915200,143.6,146.72,146.34,145.03,7754.10449736
1585918800,143.3,145.17,145.1,143.62,8005.43979451
1585922400,138.8,143.88,143.56,142,11290.39237885
1585926000,140.68,142.93,142.01,141.55,7698.49073251
1585929600,138,141.71,141.51,141.17,10027.48002929
1585933200,139.76,142.21,141.25,140.85,5275.79559776
1585936800,140.05,142.05,140.89,141.71,6035.10871144
1585940400,141.53,142.56,141.82,142.46,7482.9000368
1585944000,140.45,142.96,142.47,140.73,7022.77436539
1585947600,140.01,142.24,140.75,141.37,3314.27911645
1585951200,140.68,142.04,141.32,142.03,2895.76106632
1585954800,141.34,142.44,142.05,141.54,1788.77624011
1585958400,140.68,141.96,141.48,141.5,8327.79145092
1585962000,141.29,142.45,141.5,141.52,1954.6522193
1585965600,139.8,141.52,141.52,139.81,3404.73045198
1585969200,139.04,140.33,139.81,139.89,2339.29449751
1585972800,139.48,140.91,139.89,140.5,1347.03143328
1585976400,140.24,141.26,140.51,140.24,1371.31952551
1585980000,140.02,141.06,140.18,140.96,1040.90936581
1585983600,140.85,141.57,140.93,141.29,929.4993287
1585987200,141.3,142.28,141.3,142.26,1872.36231926
1585990800,141.46,143.96,142.22,143.34,2787.9664173
1585994400,142.89,144.38,143.35,143.92,2384.17357784
1585998000,140.2,144.27,143.97,140.98,5726.83815135
1586001600,140.31,141.78,140.98,141.39,1342.05802967
1586005200,141,142.23,141.26,142.22,1798.04630397
1586008800,141.62,142.24,142.19,141.84,1569.90224271
1586012400,141.84,143.06,141.85,142.57,2303.88818463
1586016000,142.39,144.37,142.56,144.04,6600.04848149
1586019600,143.48,144.68,144.01,143.49,3459.10931917
1586023200,143.06,144.11,143.48,143.36,2968.17108614
1586026800,142.32,143.95,143.42,143.2,2816.28007888
1586030400,141.55,146.69,143.19,143.68,18081.33360506
1586034000,143.56,144.94,143.65,144.54,5942.28152321
1586037600,143.25,145.25,144.54,144.27,3340.36298864
1586041200,143.96,144.74,144.28,144.48,1702.05587754
1586044800,144.49,145.98,144.49,144.96,4856.71390827
1586048400,144.61,145.47,144.96,145.08,2069.74598538
1586052000,144.27,145.19,145.19,144.81,2832.84157816
1586055600,143.76,144.91,144.81,144.11,1530.87415031
1586059200,142.75,144.14,144.13,143.26,1745.85444195
1586062800,142.95,144.35,143.26,142.96,1199.15211583
1586066400,142.16,143.28,142.96,143.18,2354.5075878
1586070000,142.36,143.22,143.21,142.36,728.58225569
1586073600,142.27,143.18,142.35,143,457.85239091
1586077200,142.67,143.81,143,142.71,2703.95295958
1586080800,142.34,143.08,142.7,142.42,880.13844378
1586084400,142.36,143.44,142.38,143.02,2621.13421122
1586088000,142.74,143.68,142.98,143.5,987.68943927
1586091600,143.19,144.32,143.48,143.96,683.67816251
1586095200,143.36,143.96,143.96,143.36,1700.90218198
1586098800,143.1,144.21,143.36,143.84,1556.99145757
1586102400,142.49,143.84,143.83,142.85,4533.31592115
1586106000,140.81,143.87,142.84,143.59,11986.47502803
1586109600,142.94,144.12,143.64,143.21,1976.71035137
1586113200,143.15,144.01,143.25,143.55,3882.18565052
1586116800,141.91,143.52,143.52,142.49,3164.42262953
1586120400,142.05,143.06,142.48,142.81,2453.89391278
1586124000,142.75,143.8,142.81,143.52,5572.18475662
1586127600,142.75,143.69,143.56,142.79,2298.10130856
1586131200,142.79,144.91,142.79,144.79,7345.73423396
1586134800,144,145.23,144.78,144.45,4791.08113636
1586138400,143.27,144.66,144.44,143.94,3346.45366062
1586142000,143.9,144.37,143.91,144.3,2128.91485429
1586145600,144.27,148.81,144.28,148.28,16073.71930122
1586149200,147.04,149.57,148.25,149.15,14030.85093439
1586152800,148.49,151.66,149.15,150.56,17401.97432446
1586156400,148.64,150.99,150.56,149.72,13809.13836036
1586160000,149.41,150.88,149.75,150.11,6176.79774721
1586163600,150.11,155.78,150.12,154.66,29133.75810163
1586167200,153.39,155.78,154.66,153.44,19184.32754725
1586170800,153.42,154.76,153.44,154.55,12349.15844322
1586174400,153.98,157.13,154.57,156.51,14575.87282585
1586178000,155.03,159.21,156.54,156.26,26441.79090762
1586181600,154.72,157.01,156.21,156.45,10420.21643627
1586185200,156.03,161.93,156.41,161.62,26070.6269977
1586188800,160.66,169,161.62,163.99,43404.14210857
1586192400,162.68,166.82,163.99,166.37,26260.77848392
1586196000,163.92,166.52,166.37,166.34,16817.10976075
1586199600,165.32,167.67,166.29,165.36,21022.18336464
1586203200,161.67,166.32,165.35,164.09,17899.25569931
1586206800,163.5,166.25,164.06,166.22,10565.85006209
1586210400,164,166.22,166.22,165.88,8823.86970744
1586214000,165.33,172.19,165.77,171.5,30481.65625016
1586217600,170.59,176.82,171.56,171.41,103906.07779519
1586221200,169.52,173.65,171.4,169.92,23594.81437551
1586224800,167.4,171.74,169.97,170.2,25143.1185267
1586228400,168.28,171.5,170.21,171.22,8879.95628214
1586232000,168.69,171.26,171.21,169.46,10919.42485643
1586235600,168.88,170.94,169.49,170.33,5417.90409703
1586239200,169.01,171.26,170.33,171.13,7352.68145976
1586242800,171.02,174.59,171.2,174,14969.77782725
1586246400,171.8,174.28,173.99,173.2,7377.22962723
1586250000,172.15,174.2,173.19,173.98,4220.85461798
1586253600,173.54,175.76,174.01,174.87,9820.50340891
1586257200,172.5,174.8,174.77,172.63,9894.5010182
1586260800,170.29,175.28,172.67,170.87,21106.84988761
1586264400,170.58,173.32,170.82,171.23,18567.09313168
1586268000,167.24,171.22,171.22,168.41,22556.48835007
1586271600,168.11,170.35,168.36,169.37,8758.24023236
1586275200,169.3,173.99,169.3,172.87,13850.77136146
1586278800,170.95,173.04,172.89,172.31,9869.8059786
1586282400,168.93,172.39,172.3,169.66,10082.23261245
1586286000,169.1,171.15,169.74,169.22,7291.16660321
1586289600,161.47,169.26,169.26,163.53,38994.22698104
1586293200,162.38,168.78,163.47,167.03,43929.62698839
1586296800,165.4,167.35,167.05,166.24,18416.98788062
1586300400,162.7,166.53,166.24,164.57,88210.61731376
1586304000,163.58,165.77,164.54,164.52,6754.39645076
1586307600,163.49,165.54,164.47,163.84,10063.78063496
1586311200,163.76,169.2,163.83,168.87,12456.14527262
1586314800,168.65,173.39,168.81,172.23,27272.43692536
1586318400,170.93,173.49,172.25,172.62,14296.75045273
1586322000,171.01,174.26,172.6,174.26,6460.0611931
1586325600,169.01,174.77,174.26,170.11,10888.52432245
1586329200,170.15,171.65,170.19,170.33,3885.59295146
1586332800,167.33,170.94,170.43,168.87,6656.20689641
1586336400,168.01,170.32,168.87,169.11,4144.30264991
1586340000,166.18,170.31,169.03,167.48,6521.63968674
1586343600,166.91,169,167.41,168.81,3798.68700945
1586347200,167.54,170.69,168.83,169.17,4256.20790681
1586350800,166.73,169.9,169.18,166.86,4633.44231822
1586354400,166.91,168.94,166.91,168.52,4375.71672828
1586358000,168.54,170.13,168.62,169.27,6324.76590979
1586361600,168.45,171.21,169.25,170.71,13604.07553611
1586365200,170.2,171.4,170.76,170.54,6806.12235949
1586368800,170.32,171.5,170.65,171.04,7278.65090088
1586372400,169.2,171.73,171.03,170.57,6753.62978558
1586376000,170.49,172.8,170.62,172.12,8318.77911026
1586379600,171.59,173.29,172.12,171.86,6558.35697458
1586383200,171.56,173.23,171.84,172.85,4986.9562185
1586386800,172.49,174,172.91,173.36,5493.37420065
1586390400,171.72,173.5,173.43,173,6322.97284376
1586394000,170.28,172.99,172.99,171.22,7637.96158952
1586397600,170.57,171.96,171.21,171.77,3365.42994685
1586401200,169.94,171.73,171.73,170.37,4459.32456246
1586404800,168.32,170.29,170.29,170.08,5864.104293
1586408400,169.6,170.9,170.05,170.84,3077.01127031
1586412000,170.41,171.3,170.84,171.22,3272.04861311
1586415600,170.64,172.75,171.22,172.68,2689.03496429
1586419200,171.83,173.55,172.72,172.66,5409.82611283
1586422800,170.64,172.65,172.65,170.7,2286.33203109
1586426400,170.08,171.5,170.65,171.27,5279.52487499
1586430000,166.98,172.26,171.27,167.97,17065.95053205
1586433600,165.32,171.14,168.07,171.08,23065.93646561
1586437200,170.32,171.74,171.07,171.64,10055.15974637
1586440800,169.88,172.01,171.58,171.26,9530.81386422
1586444400,169.12,171.37,171.29,170.07,4677.46304168
1586448000,169.35,170.79,170.1,169.94,5806.54130606
1586451600,169.5,170.81,169.93,170.47,6865.43756006
1586455200,168.12,170.46,170.4,168.76,10373.16885473
1586458800,168.37,169.61,168.85,169.46,7865.65011638
1586462400,168.6,170.84,169.38,170.47,4620.99290278
1586466000,168.86,170.92,170.47,170.92,3587.02330061
1586469600,170.2,171.35,170.92,171.13,5862.85071275
1586473200,169.75,171.23,171.12,169.75,6214.24524036
1586476800,168.94,170.39,169.71,170.12,3710.5232782
1586480400,169.03,170.34,170.19,169.03,2294.52723246
1586484000,167.05,169.18,169.04,168.41,7743.44096271
1586487600,163,168.66,168.41,163.68,16366.60706255
1586491200,159.67,164.2,163.49,163.5,24504.20173349
1586494800,159.91,163.49,163.49,160.88,21186.43331699
1586498400,160.46,162.41,160.93,160.82,8996.28948938
1586502000,156.64,160.88,160.88,158.31,24613.21815359
1586505600,156.23,159.2,158.29,157.95,11975.23495833
1586509200,157.08,158.96,157.95,158.42,5743.01385378
1586512800,157.81,159.68,158.43,159.08,5189.46980747
1586516400,157.96,159.08,159.08,158.09,4170.35586115
1586520000,157.73,158.88,158.07,158.86,3581.94058329
1586523600,156.2,158.88,158.87,158.37,14277.46735782
1586527200,157,158.96,158.36,157.47,6124.75009591
1586530800,152.3,157.68,157.47,153.37,30200.62761979
1586534400,152.48,156.88,153.32,156.85,15401.74542112
1586538000,156.28,158.74,156.73,157.75,13497.18708802
1586541600,155.56,158.18,157.72,158.04,8868.91169307
1586545200,157.46,159.34,158.04,158.55,8107.31620637
1586548800,157.88,159.25,158.48,159.22,4788.7383691
1586552400,158.55,160.99,159.23,158.83,7490.15544746
1586556000,157.19,160.42,158.83,158.33,5097.47607307
1586559600,156.69,158.92,158.3,158.1,4880.53366848
1586563200,158.02,159.98,158.1,159.77,5662.41093542
1586566800,159.1,160.5,159.77,160.27,3537.85432501
1586570400,159.39,160.73,160.27,160.16,5718.89359516
1586574000,159.53,160.4,160.12,160.39,4858.25652589
1586577600,160.22,161.5,160.4,160.42,4372.62063445
1586581200,159.73,161.09,160.43,161.05,3899.570741
1586584800,160.15,161.3,161.04,160.58,2771.65978287
1586588400,158.32,160.65,160.65,158.94,4012.82028024
1586592000,158.56,159.68,158.94,158.95,947.23758468
1586595600,157.89,159.15,159.13,158.64,2865.96286262
1586599200,157.26,158.88,158.63,157.61,2048.044423
1586602800,157.25,159.45,157.54,159.23,2281.4741617
1586606400,158.53,159.68,159.3,158.9,2774.79075107
1586610000,158,159.02,158.9,158.35,2112.79098866
1586613600,156.9,158.34,158.34,156.92,6633.62854736
1586617200,156.93,158.35,156.93,157.72,3607.29739369
1586620800,155.34,158.49,157.69,156.11,7742.06777508
1586624400,155.35,157.13,156.1,155.94,4092.44963472
1586628000,155.67,157.71,155.94,157.13,4430.36063674
1586631600,155.64,157.29,157.08,155.91,2216.36672845
1586635200,154.2,155.93,155.9,154.92,5986.57641167
1586638800,154.44,157.34,154.94,157.25,4100.78622053
1586642400,156.79,158.87,157.27,157.85,6032.45374071
1586646000,157.17,158.91,157.92,158.55,3881.4576002
1586649600,157.8,159.8,158.68,157.8,4243.1332018
1586653200,157.39,158.43,157.81,157.5,1503.75725871
1586656800,156.51,157.81,157.51,157.21,3016.37240086
1586660400,155.85,157.34,157.25,155.91,3191.54018166
1586664000,155.31,156.95,155.92,156.78,2238.83383124
1586667600,156.43,157.73,156.76,157.33,1611.13782038
1586671200,156.69,157.67,157.33,157.09,1072.26545848
1586674800,156.44,157.42,157.12,157.42,952.88037094
1586678400,157.37,158.06,157.42,157.62,833.88127403
1586682000,157.64,158.79,157.64,158.05,1313.58463349
1586685600,157.4,158.4,158.08,157.56,781.83810665
1586689200,157.5,159.14,157.5,158.45,1616.42925126
1586692800,158.34,160.5,158.45,159.82,6118.25331985
1586696400,159.54,160.64,159.83,160.4,7754.42830801
1586700000,160.08,161.81,160.39,160.73,8252.63880609
1586703600,160.67,162.57,160.67,162.41,5602.27803676
1586707200,162,164.12,162.41,164.12,19929.34171215
1586710800,162.36,165.45,164.12,163.64,16101.27467037
1586714400,162.18,164.12,163.6,163.15,6980.53611245
1586718000,163.16,164.82,163.17,164.2,5517.99807238
1586721600,163.41,165.27,164.2,164.01,5993.10058791
1586725200,163.07,164.45,164.03,164.11,2598.82587489
1586728800,160.46,164.73,164.11,162.19,15674.33249619
1586732400,158.5,162.8,162.18,158.87,10138.9606613
1586736000,149.7,158.82,158.82,153.65,74178.44049192
1586739600,152.04,154.08,153.64,153.65,19873.41654971
1586743200,152.45,154.2,153.63,154.14,6741.93657298
1586746800,152.5,154.18,154.18,152.53,9641.46522788
1586750400,151.28,153.58,152.5,152.83,5781.52977626
1586754000,152.28,153.44,152.81,152.36,3615.95867709
1586757600,152.04,153.95,152.38,153.65,5086.67171173
1586761200,152,153.53,153.53,152.63,2630.70936815
1586764800,152.06,153.22,152.6,152.61,2679.42568312
1586768400,150.79,152.74,152.74,151.5,4501.13347939
1586772000,151.46,154,151.49,153.85,4728.54923616
1586775600,153.19,157.04,153.87,155.61,10866.12437283
1586779200,152.31,155.62,155.57,153.7,9779.72477265
1586782800,151.3,153.9,153.7,151.59,7773.26657816
1586786400,151.39,154.63,151.58,153.5,8667.94327298
1586790000,152.99,155.4,153.48,154.3,5588.70936494
1586793600,153.25,155.06,154.35,154.03,5408.16875542
1586797200,153.71,154.75,154.02,153.99,2931.26118062
1586800800,153.83,154.73,153.94,154,6569.93828088
1586804400,154.04,155.85,154.04,155.04,6742.74823108
1586808000,155.1,156.95,155.1,156.65,7552.74341456
1586811600,156.22,159.44,156.69,156.88,11417.12276191
1586815200,156.79,158.95,156.9,158.34,6179.58717865
1586818800,156.58,158.84,158.22,156.76,4912.4025187
1586822400,156.17,158,156.76,156.45,4632.90073366
1586826000,156,157.69,156.42,157.58,4523.41363121
1586829600,157.54,158.44,157.6,157.83,5482.85265595
1586833200,157.3,158.89,157.85,158.25,3453.67511565
1586836800,158.15,159.31,158.29,158.39,7367.32192408
1586840400,157.72,158.48,158.33,158.12,3333.37857269
1586844000,157.16,158.22,158.12,157.4,3097.28521946
1586847600,156.53,158.9,157.42,156.85,5267.99826019
1586851200,155.56,157.2,156.84,156.56,8145.4959259
1586854800,156.18,158.25,156.6,158.1,4201.36166244
1586858400,156.53,158.58,158.09,156.53,5545.26522879
1586862000,156.33,157.71,156.46,157.06,4327.25678085
1586865600,156.3,157.7,157.04,157.45,3702.66673973
1586869200,157.41,158.8,157.41,158.67,8378.38095787
1586872800,158.32,162,158.69,159.3,30548.38387744
1586876400,159.11,160.99,159.3,160.17,17699.67341691
1586880000,159.08,162.5,160.19,161.56,23685.71585876
1586883600,159.34,163,161.49,159.87,12185.4190238
1586887200,159.72,161.33,159.81,160.66,3053.78286863
1586890800,159.36,160.81,160.63,160.33,8381.68861718
1586894400,158.56,160.7,160.32,159.05,19176.60339196
1586898000,158.58,159.46,159.08,159.01,3263.28750659
1586901600,158.73,160.92,159.01,159.63,4999.46616331
1586905200,157.56,160.13,159.63,158.65,4385.95968819
1586908800,156,158.68,158.68,157.13,9333.46692503
1586912400,156.58,158.97,157.12,158.82,6681.59187854
1586916000,158.53,160.5,158.9,160.06,5612.69603641
1586919600,159.52,160.78,160.18,160.54,2403.54501819
1586923200,159.82,161.5,160.61,159.93,5279.82256366
1586926800,159.75,160.89,159.97,160.81,2945.15722172
1586930400,159.81,161.49,160.88,160.01,5897.72267131
1586934000,159.51,160.27,160.02,159.79,2789.01552023
1586937600,158.29,160.09,159.74,158.66,3902.44208438
1586941200,157.9,159.32,158.73,158.89,2631.99546685
1586944800,157.11,159.85,158.87,157.69,5172.16016696
1586948400,156.87,158.34,157.69,157.78,5141.85679632
1586952000,155.37,157.79,157.79,156,15422.31902016
1586955600,155.21,157.64,155.96,156.81,8468.97363568
1586959200,156.38,157.95,156.8,156.96,4552.76571622
1586962800,155.61,157.3,156.94,155.79,5850.81090574
1586966400,155.5,157.54,155.75,156.93,3759.06678316
1586970000,156.81,157.75,156.93,157.52,3464.50256573
1586973600,157.32,158.33,157.41,157.71,5737.06436202
1586977200,156.86,157.84,157.71,156.97,5150.37426094
1586980800,156.73,158.08,157.07,157.68,4884.70077076
1586984400,157.01,158.2,157.65,157.01,4561.34257665
1586988000,155.26,157.13,157.12,155.72,5410.86361085
1586991600,152.17,155.92,155.71,152.77,17435.25373208
1586995200,148.08,152.76,152.76,151.73,32979.52083974
1586998800,150.51,153.4,151.58,153.05,7610.40888452
1587002400,152.51,153.76,153.07,153.45,3907.24019463
1587006000,152.12,153.4,153.33,153.26,4674.47237992
1587009600,152.53,153.69,153.24,152.81,1635.59294918
1587013200,152.8,153.82,152.83,153.42,2245.08114748
1587016800,153.34,155.71,153.36,155.49,4853.5099664
1587020400,155.56,167.93,155.56,164.67,63136.41611089
1587024000,164.71,174.8,164.71,170.53,38113.44227243
1587027600,168.55,172.99,170.64,169.24,15442.7290937
1587031200,167,171.06,169.26,168.09,16577.86858558
1587034800,167.9,171.11,167.96,170.19,10848.92168245
1587038400,168.28,173,170.19,171.99,21090.32173332
1587042000,168.47,173,172.19,168.9,16184.9037141
1587045600,168.98,171.31,168.98,170.75,12162.01309769
1587049200,170.29,173,170.76,172.86,15646.95255223
1587052800,169.55,173.83,172.85,170.8,24854.24776361
1587056400,170.18,171.64,170.81,170.96,5387.89928854
1587060000,170.32,171.62,170.95,170.79,7293.85965539
1587063600,170.69,172.94,170.79,172.71,10823.21192921
1587067200,170.25,172.74,172.71,172.61,10949.60860361
1587070800,171.75,173.5,172.55,173.11,12498.16910002
1587074400,171.34,174.5,173.06,174.15,19150.27589596
1587078000,171.38,175.2,174.14,172.55,18062.59310789
1587081600,170.16,173.61,172.58,171.75,12449.83457726
1587085200,171.34,173.5,171.8,173.11,5801.9686969
1587088800,171.11,173.12,173.05,171.2,5240.0176801
1587092400,170.33,171.83,171.14,171.67,4641.52651425
1587096000,168.5,171.68,171.67,169.57,7767.79083208
1587099600,168.81,171.46,169.57,170.95,3166.56226604
1587103200,168.9,171.02,171.02,169.64,5170.81251826
1587106800,169.07,170.7,169.68,170.05,2840.20894696
1587110400,169.59,171.27,170.04,170.67,3785.66047311
1587114000,170.58,172.88,170.67,171.84,4300.08340889
1587117600,171.04,172.01,171.93,171.45,2084.51635698
1587121200,168.91,172.27,171.4,169.62,5791.3066538
1587124800,169.59,170.74,169.64,170.7,4294.54624132
1587128400,168.79,170.71,170.71,170.51,7824.58503172
1587132000,169.38,171,170.57,169.77,4075.4457499
1587135600,169.4,170.49,169.6,170.09,4031.96610832
1587139200,169.78,171,170.06,170.91,3117.36384021
1587142800,170.04,171.18,170.89,170.34,4414.61566008
1587146400,169.25,170.35,170.33,170.12,5564.76276539
1587150000,170.05,171.6,170.1,171.24,7128.39890947
1587153600,170.7,171.76,171.26,170.85,5527.35350308
1587157200,169.69,171.33,170.82,169.93,3892.53826468
1587160800,169.79,170.83,169.91,170.54,2057.69353013
1587164400,170.43,175.1,170.57,170.89,21568.02827971
1587168000,170.69,173.12,170.85,172.75,12237.58354005
1587171600,172.52,173.48,172.74,173.42,4603.44625677
1587175200,173.09,174.44,173.42,173.78,7136.11142455
1587178800,173.1,174.3,173.63,173.24,4633.81754228
1587182400,173,174.06,173.22,173,3610.13610853
1587186000,173,174.25,173,173.71,5740.87895267
1587189600,173.28,174.03,173.7,173.48,2615.87726804
1587193200,173.06,173.79,173.49,173.55,1631.96113291
1587196800,173.17,174.1,173.52,173.47,2257.76413851
1587200400,173.38,174.01,173.41,173.48,985.22662846
1587204000,171.77,173.63,173.5,172.64,3662.75711203
1587207600,172.09,174.76,172.72,174.36,3353.06515853
1587211200,173.55,180.53,174.42,179.05,26856.45808516
1587214800,178.29,185,179,183.86,35484.80816471
1587218400,182.33,184.7,183.85,183.17,18435.08813429
1587222000,182.4,185,183.18,184.73,11584.05003978
1587225600,181.48,185.38,184.74,182.9,20060.56940312
1587229200,181.91,183,182.97,182.5,4874.48067872
1587232800,181.99,182.78,182.54,182.57,5377.95653441
1587236400,182.29,183.38,182.63,182.9,6596.24056746
1587240000,182.52,183.59,182.89,183.36,5928.88948942
1587243600,183.35,184.57,183.35,184.5,16483.38053677
1587247200,184.38,191.22,184.5,188.08,72995.513471
1587250800,186.5,190.56,188.09,187.88,42946.52287422
1587254400,185,189.92,187.85,186.75,15653.33516227
1587258000,186.07,187.42,186.75,187.13,8594.09148367
1587261600,186.8,188.83,187.09,187.73,10668.2060887
1587265200,186.54,187.89,187.86,187.22,6109.22348518
1587268800,185.83,187.97,187.23,186.13,5839.41101044
1587272400,179.6,186.49,186.12,180.7,20735.56740784
1587276000,179.13,184.05,180.56,183.05,8345.52738017
1587279600,182.07,183.7,182.99,182.51,3376.48607578
1587283200,181.13,183.14,182.48,182.77,3968.16573115
1587286800,181.76,184.71,182.76,184.3,4883.45994506
1587290400,182.73,184.89,184.29,183.45,4973.06925098
1587294000,181.87,183.5,183.44,183.16,4801.97952315
1587297600,182.2,183.44,183.21,183.13,3158.62772038
1587301200,179.36,183.09,183.09,180.53,11004.25816155
1587304800,176.53,180.96,180.43,179.36,24102.49772277
1587308400,178.11,180,179.39,179.11,6673.58818635
1587312000,178.3,181.25,179,181.13,6603.15275163
1587315600,180.71,182.99,181.12,182.34,7723.19408089
1587319200,181.12,182.54,182.3,182.34,6256.43768708
1587322800,180.54,182.5,182.29,181.4,3201.22620494
1587326400,180.21,181.91,181.41,181.5,3801.02112639
1587330000,181.5,183.92,181.51,183.42,7416.78485474
1587333600,181.62,183.82,183.39,182.78,5946.23085185
1587337200,179.71,183.72,182.85,180.39,11064.5982942
1587340800,178.71,183.01,180.28,182.58,8300.17412739
1587344400,181.73,182.79,182.59,182.35,3756.48920908
1587348000,181.67,184.26,182.39,183.73,5139.30163796
1587351600,183.31,184.5,183.75,184.35,3789.91232837
1587355200,183.9,186.67,184.35,184.23,8855.50718753
1587358800,182.88,184.78,184.39,184.19,7248.75490756
1587362400,182.55,184.58,184.22,183.57,5408.59546286
1587366000,182.92,184.43,183.53,184.2,2645.42488507
1587369600,181.36,184.36,184.28,182.36,4629.31850019
1587373200,181.26,182.8,182.31,182.34,2725.56135263
1587376800,178.75,182.35,182.35,180.62,13283.45470424
1587380400,175.46,180.72,180.6,175.88,18503.82242609
1587384000,173.29,180.75,175.84,179.66,26471.90501757
1587387600,178.19,180.23,179.81,178.77,8685.22526087
1587391200,178.04,180.42,178.76,179.91,8007.56991371
1587394800,179.07,180.8,179.91,179.7,6474.98282712
1587398400,177.37,180.43,179.75,178.29,6693.6960091
1587402000,173,178.28,178.28,174.12,29766.11569763
1587405600,172.04,177.08,174.19,174.12,24357.87597343
1587409200,167.01,174.93,174.11,167.24,34551.93050696
1587412800,166.4,171.94,167.27,171.94,26282.15333805
1587416400,169.93,172.88,171.94,170.56,8973.73258932
1587420000,170.48,173.56,170.56,172.84,8211.86894078
1587423600,169.84,173.19,172.8,170.5,7290.59613018
1587427200,169.85,173.71,170.39,172.82,11637.59686373
1587430800,172,173.84,172.85,172.33,7152.12445336
1587434400,170.88,172.7,172.46,171.49,7869.48619614
1587438000,171.09,172.52,171.38,172.06,4110.14956846
1587441600,171.23,172.88,172.05,171.93,2418.32611356
1587445200,171.65,174.44,171.94,174.16,5563.13474522
1587448800,172.87,174.93,174.18,172.91,4793.50516458
1587452400,172.43,173.78,172.87,173.41,2467.93392987
1587456000,171.65,173.73,173.39,172.31,3459.7849118
1587459600,168.44,172.67,172.33,171.05,9171.00862494
1587463200,169.45,171.98,171.06,169.75,4482.85032042
1587466800,168.53,170.66,169.61,169.47,4850.73323699
1587470400,169.25,171.66,169.46,170.62,7288.28999682
1587474000,169.31,171.51,170.56,170.97,5883.81935134
1587477600,170.55,173.84,170.99,170.97,14282.7815944
1587481200,169.6,171.47,170.88,170.51,10101.10218394
1587484800,170.15,171.53,170.48,171.01,5381.40282291
1587488400,170.26,173.89,171.06,172.69,25299.46369893
1587492000,171.65,172.89,172.89,172.18,6133.12374192
1587495600,172.02,173.17,172.37,172.17,6806.11951286
1587499200,171.56,172.9,172.14,172.8,6239.68361431
1587502800,172.18,173.62,172.75,172.87,3691.84407857
1587506400,172.02,173.24,172.87,173.02,4905.75963548
1587510000,170.46,173.16,173.11,171.07,5885.04221056
1587513600,170.26,171.82,171.05,170.87,4855.26376292
1587517200,170.02,171.7,170.72,171.57,5493.92521673
1587520800,171.07,172.79,171.6,172.06,6383.80916659
1587524400,171.38,172.42,172.03,171.91,1842.14803807
1587528000,171.19,172.22,171.73,171.5,1752.31746997
1587531600,171.37,174.41,171.42,174.16,5505.79992256
1587535200,172.97,174.66,174.19,174.61,5233.41626271
1587538800,174,176.25,174.62,175.26,5179.29227999
1587542400,174.59,175.84,175.35,175.39,4034.63319504
1587546000,175.21,176.18,175.5,175.22,2433.7536455
1587549600,174.59,175.64,175.22,175.1,2259.53533917
1587553200,175.06,176.36,175.1,175.87,5186.375584
1587556800,175.2,176.36,175.9,175.95,6919.3498792
1587560400,175.63,181.9,175.97,180.4,26824.23076215
1587564000,179.69,183.37,180.45,182.28,21092.43775866
1587567600,181.1,183.37,182.28,183.19,15264.23494838
1587571200,181.6,184.41,183.22,181.93,12716.07210838
1587574800,181.01,182.85,181.94,181.41,7647.31843858
1587578400,180.84,182.36,181.28,181.86,7002.90061535
1587582000,181.68,183.09,181.84,181.99,7176.75763352
1587585600,181.78,183.49,181.92,183.06,7002.84292744
1587589200,181.2,183.33,183.07,181.31,6231.42776286
1587592800,181.15,182.7,181.27,182.37,7062.65941181
1587596400,182.09,183.18,182.36,183.11,3332.97665409
1587600000,181.67,183.71,183.1,182.58,7748.51589889
1587603600,182.31,187.35,182.48,186.28,16652.41848341
1587607200,183.93,187,186.16,184,11597.99106118
1587610800,182.56,184.98,184,182.56,4328.92472767
1587614400,181.56,183.31,182.58,183.29,7767.37045928
1587618000,181.79,183.76,183.19,181.91,3318.19754977
1587621600,178.46,181.77,181.77,178.92,15118.57209004
1587625200,178.44,180.71,178.9,180.07,2760.00439619
1587628800,179.31,181.95,180.06,180.96,4543.70128017
1587632400,180.07,182.29,180.86,182.29,2915.50861017
1587636000,180.88,182.81,182.29,180.93,2741.17053516
1587639600,180.76,184.56,180.88,183.83,4394.94078333
1587643200,183.33,185.47,183.83,184.72,6669.43629944
1587646800,183.3,187.06,184.65,185.95,13599.29154224
1587650400,185.95,194.86,186.14,189.68,70788.53221939
1587654000,186.93,191,189.68,189.47,16139.59313194
1587657600,187,191.13,189.55,187.7,20621.70024907
1587661200,187.71,189.78,187.79,189.61,6593.29029343
1587664800,188.64,190.16,189.59,189.5,6579.81761068
1587668400,188.85,189.87,189.5,189.42,4888.02755918
1587672000,189,189.98,189.42,189.09,6894.1948939
1587675600,189,191,189.07,190.66,5017.17997017
1587679200,188.94,190.92,190.67,189.09,7501.14180609
1587682800,183.3,189.2,189.1,185.66,22565.80649047
1587686400,185.31,187.19,185.65,186.5,5601.7846928
1587690000,186.26,187.79,186.49,187,3877.94179687
1587693600,186.79,188.99,186.93,188.65,5951.29491723
1587697200,188,189.71,188.61,188.4,6208.9609467
1587700800,187.64,189.35,188.4,188.9,6895.51165854
1587704400,186.66,188.99,188.9,186.66,3300.2921358
1587708000,186.41,188.63,186.67,188.44,3335.51262107
1587711600,187.97,189.91,188.44,189.53,7162.47831378
1587715200,187.38,189.77,189.71,188.64,3429.52186912
1587718800,188.47,189.9,188.69,188.91,3490.2589145
1587722400,186.72,188.84,188.84,188.26,2955.46050007
1587726000,185.36,188.5,188.28,186.28,6133.99654306
1587729600,185.46,187.71,186.28,187.09,4797.82128463
1587733200,186.64,187.84,186.97,186.77,8175.04838376
1587736800,184.97,187.51,186.76,187.3,9791.29008343
1587740400,186.81,188.13,187.28,187.71,6488.74073814
1587744000,186.6,188.33,187.72,188.07,5626.50368668
1587747600,187.42,188.28,188.12,188.02,3564.03517849
1587751200,187.99,189.27,187.99,188.36,4084.02387108
1587754800,187.47,188.7,188.44,188.7,5578.02538295
1587758400,188.06,189.65,188.7,188.09,6355.46458409
1587762000,187.4,189.25,188.27,187.4,4938.69270717
1587765600,186.38,188.29,187.43,186.71,4207.34303388
1587769200,186.7,188.13,186.71,187.84,3350.66438587
1587772800,185.97,187.95,187.92,186.87,4796.10877008
1587776400,186.34,187.62,186.8,186.82,2508.93770647
1587780000,186.78,187.6,186.82,187.1,1487.72564572
1587783600,187.1,188.45,187.1,188.43,2683.49585416
1587787200,187.69,188.56,188.41,188.27,3198.06810159
1587790800,188.26,194.5,188.26,194.4,19380.56694018
1587794400,193,196.68,194.4,196.09,12866.05364633
1587798000,194.03,197.15,196.05,194.99,7468.45770156
1587801600,192.69,195.49,194.92,193.81,4384.76126506
1587805200,193.17,194.97,193.75,194.79,1899.11228016
1587808800,193.72,195.19,194.76,194.82,2130.0833323
1587812400,192.68,196.15,194.84,193.72,6252.31758108
1587816000,193.65,194.73,193.65,194.36,3795.82795421
1587819600,194.33,196.36,194.33,196.36,4831.63047192
1587823200,194.22,196.68,196.36,195.65,9071.14018695
1587826800,192.95,198.2,195.67,193.48,16782.3995874
1587830400,191.66,195.1,193.59,194.29,9944.96252555
1587834000,193.19,194.67,194.29,194.18,4030.70649281
1587837600,193.07,194.26,194.01,193.9,8326.05838623
1587841200,193.5,194.68,193.9,194.27,4226.85775596
1587844800,194.09,194.89,194.31,194.16,4675.95131106
1587848400,191.99,194.17,194.1,193,6692.61251214
1587852000,192.77,194,193,193.6,2317.04561451
1587855600,192.66,194.73,193.55,194.42,3271.03142574
1587859200,193.86,195.9,194.42,195.76,5901.82120839
1587862800,194.55,195.89,195.72,195.27,5194.4873069
1587866400,194.87,196.04,195.32,195.32,6209.03996842
1587870000,194.52,195.49,195.31,195.07,2824.04464067
1587873600,193.71,195.16,195.13,194.6,4195.44901226
1587877200,192.59,194.6,194.6,192.87,3678.36458202
1587880800,192.54,193.94,192.73,193.88,1644.4489219
1587884400,193.3,194.37,193.86,193.8,1097.4904559
1587888000,193.19,194.2,193.79,194.17,953.43545338
1587891600,193.93,196.15,194.16,195.7,2838.40571782
1587895200,195.12,197.5,195.74,197.14,3984.42475872
1587898800,195.97,198,197.08,197.22,6615.54225451
1587902400,196.27,197.79,197.18,196.88,4935.92191736
1587906000,196.85,199.68,196.87,199.3,12876.07361948
1587909600,196.38,200,199.32,197.15,9400.14231473
1587913200,193.58,197.27,197.22,194.17,15847.56383415
1587916800,193.57,195.34,194.17,195.01,8440.69257144
1587920400,194.28,195.29,195,195.01,3435.60809335
1587924000,194.61,195.58,195.01,195.42,4762.64758384
1587927600,194.88,195.62,195.34,195.46,3872.03441866
1587931200,195.13,196.95,195.47,196.9,5588.21256418
1587934800,196.27,198.24,196.99,196.49,6099.62808741
1587938400,194.1,196.71,196.49,194.96,7922.60773732
1587942000,194.81,197.83,194.97,197.83,6587.23453868
1587945600,196.85,199.14,197.8,198.16,13807.28274662
1587949200,196.61,199.41,198.17,197.03,11958.03896952
1587952800,196.86,198.2,197.04,198.04,3130.31795636
1587956400,197.18,198.61,198.05,197.34,3230.32084155
1587960000,196.8,197.92,197.33,197.74,2700.19869212
1587963600,195.62,197.82,197.72,195.94,3688.91599733
1587967200,194.5,196.55,196.03,194.71,7042.11954625
1587970800,193.74,196.45,194.54,196.38,7165.10055909
1587974400,195.57,197.37,196.41,195.94,3629.43992808
1587978000,195.02,196.75,195.95,196.01,3178.5908003
1587981600,194.58,196.31,195.97,195.13,3098.18097695
1587985200,194.87,196.54,195.11,196.05,2265.45294089
1587988800,194.26,196.41,196.2,195.27,4000.50193438
1587992400,192.09,195.82,195.3,194.59,16209.37216819
1587996000,189.6,194.58,194.58,192.14,19224.0506083
1587999600,191.37,194,192.15,193.12,12381.97916098
1588003200,192.25,193.92,193.03,192.79,9343.02410333
1588006800,191.45,192.81,192.81,192.14,7888.12181218
1588010400,192.13,194.14,192.13,193.89,5742.52888768
1588014000,193.7,194.43,193.89,194.28,3141.29369441
1588017600,193.73,194.88,194.28,193.74,4495.15548249
1588021200,193.67,196.15,193.74,195.07,5895.8735754
1588024800,194.52,197.3,195.06,197.02,7267.33228329
1588028400,195.82,197.4,197.09,196.78,5052.80270911
1588032000,194.66,196.99,196.88,195.24,6004.06158366
1588035600,193.57,195.44,195.27,193.62,5817.49001399
1588039200,192.7,194.62,193.59,194.29,6936.02904445
1588042800,193.44,194.98,194.26,194.8,4862.3837665
1588046400,192.5,195.1,194.81,194.45,6717.98175645
1588050000,193.65,195.35,194.46,194.99,2887.04183505
1588053600,194.13,195.95,194.96,195.78,2388.77271329
1588057200,194.9,195.9,195.78,195.49,3237.93137906
1588060800,194.18,195.69,195.5,194.18,2671.5061692
1588064400,194.1,196.24,194.11,196.05,3862.59239738
1588068000,195.4,197.37,196.13,196.81,4817.99683732
1588071600,196.26,197.18,196.83,196.27,2605.48076996
1588075200,195.68,197.7,196.27,197.42,6905.6772634
1588078800,196.09,197.95,197.41,196.09,5136.45821925
1588082400,194.54,196.82,196.22,194.6,7555.71860841
1588086000,194.3,195.9,194.52,195.75,3590.58353857
1588089600,195.56,196.94,195.77,196.18,3496.32856799
1588093200,195.3,196.57,196.12,196.06,2999.66405659
1588096800,196,197.28,196.06,196.99,2892.37741345
1588100400,195.62,197.32,196.98,195.85,4055.66948917
1588104000,195.33,196.88,195.8,196.51,4322.75118833
1588107600,195.99,196.6,196.5,196.53,2730.82674156
1588111200,196.29,197.47,196.55,197.38,4936.69320741
1588114800,196.67,197.86,197.38,196.67,4176.40171829
1588118400,196.64,197.84,196.64,197.02,2345.32771475
1588122000,196.71,197.92,196.94,197.74,4771.56337483
1588125600,197.31,200,197.71,198.2,17816.11510618
1588129200,198.09,199.18,198.3,198.45,9242.7035331
1588132800,198,199.16,198.5,199.1,4000.39887609
1588136400,198.77,199.85,199.16,199.76,6206.13181697
1588140000,199.75,207.7,199.75,205.89,49910.08718953
1588143600,204.53,206.43,205.89,205.71,10066.31331408
1588147200,205.2,206.31,205.73,205.43,4812.0607166
1588150800,205.32,207.2,205.6,206.51,6663.69780984
1588154400,206.12,209.46,206.52,208.32,15096.31263281
1588158000,207.56,210.23,208.31,208.02,13750.58384899
1588161600,208,210.91,208.02,210.44,15867.20751377
1588165200,207.87,211.6,210.65,208.99,22939.81145668
1588168800,208.12,210.07,208.98,209.91,13493.78032413
1588172400,209,210.69,209.91,210.36,14795.794688
1588176000,209.55,219.59,210.37,214.91,49305.4327108
1588179600,214.86,218.71,214.91,215.52,40249.07285849
1588183200,211.61,215.98,215.53,214.86,23885.64164432
1588186800,214.74,216.97,214.87,216.27,12080.14455478
1588190400,215.76,217.01,216.32,216.82,9534.99345419
1588194000,214.56,217.3,216.9,215.64,13040.30663822
1588197600,213.12,215.85,215.66,215.12,11648.08345322
1588201200,214.8,215.94,215.01,215.66,5835.72805323
1588204800,214.6,217.25,215.74,217.03,5283.21182293
1588208400,216.57,218.8,217.03,217.6,13608.4955885
1588212000,216.76,219.13,217.68,218.57,12252.80549435
1588215600,217.22,226.28,218.58,225.98,44990.50240274
1588219200,220.65,225.93,225.91,223.05,22239.55757529
1588222800,222.95,227.3,223.05,226.35,15174.68195085
1588226400,223.24,227.5,226.27,223.6,14675.35320705
1588230000,216.66,224.02,223.6,220.51,22449.05827667
1588233600,216.75,220.91,220.52,216.77,6156.79200723
1588237200,206.48,216.77,216.7,206.48,33995.25388001
1588240800,202.41,212.77,206.49,212.4,27977.76522896
1588244400,211.63,214.3,212.39,211.79,17641.59576708
1588248000,207.58,213.5,211.77,209.28,16223.17467392
1588251600,208.04,212.56,209.26,211.41,9664.33001488
1588255200,210.65,212.48,211.44,211.56,9544.70656603
1588258800,206.34,212,211.56,208.39,19425.74734195
1588262400,204.26,210.41,208.32,207.6,22114.4032683
1588266000,202.3,207.84,207.52,205.96,35598.73243193
1588269600,206.05,210.58,206.05,209.3,14345.37368977
1588273200,209.11,213.04,209.24,211.58,14200.18293956
1588276800,210.25,212.69,211.6,211.67,11226.47599818
1588280400,208.67,212.21,211.68,209.16,6540.08218288
1588284000,207,210.51,209.16,210.5,6926.95801085
1588287600,205.41,210.81,210.5,206.23,8060.40137176
1588291200,206.18,209.8,206.22,209.08,8864.3755785
1588294800,207.9,209.85,209.08,208.2,3255.56536731
1588298400,207.89,210.65,208.21,210.2,5911.5477576
1588302000,208.02,210.58,210.19,208.92,4317.14827164
1588305600,209,212.46,209.01,212.35,6118.35862669
1588309200,211.44,215.24,212.32,214.49,7928.40634193
1588312800,212.52,214.48,214.48,213.06,4033.81221115
1588316400,210.13,213.82,213.04,212.96,8859.65315999
1588320000,211.85,213.75,212.94,213.47,4281.70215241
1588323600,212.8,214.97,213.44,214.7,2931.51092023
1588327200,213.31,215.18,214.66,215.18,4000.05226088
1588330800,213.93,217.58,215.18,215.49,12676.68146723
1588334400,211.09,215.93,215.54,213.17,11596.96845497
1588338000,210.19,213.99,213.17,210.97,8757.8905728
1588341600,209.52,212.59,210.97,212.21,7467.18896118
1588345200,209.88,213.1,212.15,209.89,6675.8374039
1588348800,208.49,211.29,209.89,209.98,7059.53413679
1588352400,209.28,211.03,210,210.92,4852.36320149
1588356000,210,211.96,210.94,210.15,4520.14485497
1588359600,208.69,210.56,210.15,209.32,7548.41693758
1588363200,208.2,210.15,209.35,209.9,4653.27045673
1588366800,209.85,212.39,209.85,212.39,5097.07883309
1588370400,211.48,212.45,212.38,212.27,4846.48143644
1588374000,211.95,213.92,212.24,212.09,6834.49541381
1588377600,211.22,213.55,212.08,212.95,6897.36980149
1588381200,211.96,213.3,213.07,212.45,4856.93599587
1588384800,211.44,212.89,212.45,212.33,3214.40258572
1588388400,211.96,213.63,212.26,213.3,3101.92887072
1588392000,212.46,213.92,213.17,213.16,2278.07087016
1588395600,212.18,213.22,213.17,212.9,2615.81825749
1588399200,212.55,213.33,212.82,212.8,1525.75842876
1588402800,210.66,212.79,212.73,211.29,2309.78799047
1588406400,210.57,212.16,211.27,210.91,3061.27577608
1588410000,210.89,212.29,210.89,212.12,2663.14686735
1588413600,211.85,212.81,212.13,212.3,1546.97175236
1588417200,212.3,213.35,212.3,212.49,2642.66374415
1588420800,212.38,213.87,212.42,212.73,2831.05677839
1588424400,212.58,213.53,212.65,213.42,2251.03992708
1588428000,213.09,214.25,213.42,213.48,3504.96209325
1588431600,212.09,214.4,213.53,213.26,4959.37131515
1588435200,212.8,215.59,213.23,214.39,8980.40796968
1588438800,213.83,215.18,214.42,214.75,5088.09946287
1588442400,211.75,214.78,214.74,212.88,7091.75524116
1588446000,212,213.87,212.8,213.67,3001.80809832
1588449600,213.02,214.25,213.69,214.18,4144.99643831
1588453200,213.3,214.25,214.24,214.05,2049.60912885
1588456800,213.43,214.27,214.03,214.27,1996.9550731
1588460400,213.6,214.59,214.26,214.25,3434.55088561
1588464000,213.74,218.35,214.25,217.6,13768.17739182
1588467600,216.32,219.48,217.6,217.44,11537.74728483
1588471200,216.78,218.44,217.35,216.78,4593.75239009
1588474800,216.78,218.77,216.78,218.21,2897.47657258
1588478400,217.22,218.69,218.2,217.31,3895.75797301
1588482000,216.31,217.56,217.25,216.73,2824.08804412
1588485600,212.45,216.89,216.73,214.03,14432.55460281
1588489200,213.26,214.76,214.01,213.99,3313.35491447
1588492800,213.24,214.88,213.86,214.59,3446.30056679
1588496400,214.49,215.55,214.6,215.42,1884.01425903
1588500000,213.17,215.92,215.43,213.93,3423.02847794
1588503600,213.86,215.3,214.04,214.17,2753.07552392
1588507200,210.82,214.26,214.22,212.88,9029.64037919
1588510800,211.08,213.39,212.73,212.74,7029.4339441
1588514400,207.14,212.58,212.57,207.99,11632.52157901
1588518000,205.28,209.34,207.94,208.37,12839.91797243
1588521600,207.25,209.81,208.33,208.97,4615.7575311
1588525200,207.13,209.84,208.94,208.21,5601.04657735
1588528800,207.73,209.25,208.25,208.15,3946.20940347
1588532400,208,209.24,208.18,209.01,2106.92809285
1588536000,206.97,209.25,209.05,208.04,2744.33575855
1588539600,207.22,210.88,208.08,209.61,6711.95541188
1588543200,209.58,211.69,209.61,210.1,6540.10029437
1588546800,209.44,210.73,210.1,210.24,3597.57385085
1588550400,207.6,210.96,210.24,207.92,9493.40092566
1588554000,202.2,208.92,207.84,203.85,21899.55359512
1588557600,203,205.34,203.71,203.93,6289.68742323
1588561200,203,204.7,203.9,203.73,6301.96268728
1588564800,197.21,203.74,203.74,199.18,24457.55328591
1588568400,195.17,199.98,199.23,198.42,18907.65070246
1588572000,197.55,200.14,198.36,199.18,5749.29352214
1588575600,197.4,199.77,199.18,199.6,4372.02351982
1588579200,199.51,202.58,199.6,202.42,4915.84518779
1588582800,198.42,202.57,202.42,199.2,4406.50484793
1588586400,198.13,201.28,199.21,199,7097.62504181
1588590000,198.46,200.86,199.12,199.91,4342.61211551
1588593600,199.22,203.51,199.94,201.5,7902.35559154
1588597200,201.49,206.36,201.49,206.12,9737.36958803
1588600800,204,207.6,206.11,204.05,11708.50012745
1588604400,204.05,206.73,204.06,206.41,3930.56108329
1588608000,203.37,207.22,206.41,204.98,7679.79097527
1588611600,202.65,205.6,204.98,203.85,6164.74521443
1588615200,203.91,205.5,203.91,204.29,5006.3788144
1588618800,202.56,205.28,204.28,204,11856.1970122
1588622400,203.93,208,203.95,207.39,10386.11233254
1588626000,206.17,209.03,207.28,208.98,6380.6304545
1588629600,206.86,209.41,208.95,207.56,6132.71219716
1588633200,205.72,208.53,207.67,206.86,4395.60695317
1588636800,206.69,208.85,207.02,208.71,3513.26094822
1588640400,206.58,208.79,208.75,207.99,4269.71932176
1588644000,205.37,208,207.98,205.97,4099.30143786
1588647600,204.62,206.85,205.78,206.3,3205.13013191
1588651200,206.3,210.77,206.31,210.07,9097.85187575
1588654800,208.58,212.17,210.08,208.88,7263.90109057
1588658400,207.77,209.96,208.88,209.43,3612.10644088
1588662000,208.46,210.45,209.43,208.68,4492.05160685
1588665600,208,209.91,208.65,209.45,3435.85271619
1588669200,206.52,209.95,209.45,206.88,6552.45860949
1588672800,201.33,206.69,206.69,203.52,15945.72112131
1588676400,203.05,204.94,203.5,203.5,4059.67114176
1588680000,202.55,204.5,203.64,203.79,6329.76458302
1588683600,202.77,206.19,203.8,205.05,7941.84144957
1588687200,203.2,205.15,205.15,204.1,5626.16577481
1588690800,202.85,205.31,204.02,203.87,6088.30739552
1588694400,203.32,205.14,203.87,204.35,5197.21491791
1588698000,203.3,204.98,204.34,203.79,5534.27006198
1588701600,203.23,204.32,203.78,203.77,5034.10277455
1588705200,203.54,204.57,203.75,204.54,3242.52085456
1588708800,204.33,205.67,204.45,205.01,2545.70292396
1588712400,205,206.15,205.09,205.1,3100.53224738
1588716000,204.01,205.62,205.19,205.01,3875.68782167
1588719600,204.28,205.75,205.07,205.43,2400.03879517
1588723200,202.12,205.92,205.5,202.95,5622.64579288
1588726800,202.66,204.99,202.95,204.74,3373.22438105
1588730400,203.7,204.99,204.75,204.83,2685.0264026
1588734000,204.37,209.09,204.83,206.84,13757.42639673
1588737600,206.69,208.74,206.92,206.69,5781.83210698
1588741200,205.97,207.79,206.67,206.88,4466.41784235
1588744800,206.74,208.01,206.99,207.65,3021.21217418
1588748400,206.91,208.87,207.68,207.84,2461.65342812
1588752000,206.44,209.69,207.86,207.2,5950.1364816
1588755600,207.18,208.57,207.26,208.18,1965.2225608
1588759200,207.73,210.29,208.17,209.07,6180.21694393
1588762800,208.66,211,209.1,210.51,7251.63418991
1588766400,207.82,211.21,210.51,208.23,12527.12997588
1588770000,206.85,208.88,208.23,208,5602.84261281
1588773600,207.53,208.38,208,208.19,4889.95769141
1588777200,208.2,209.11,208.22,208.46,3770.65925574
1588780800,207.59,209.18,208.54,208.73,5702.26269226
1588784400,207.66,208.75,208.73,208.27,4492.049719
1588788000,206.96,208.19,208.19,207.2,4026.05297719
1588791600,204.83,207.8,207.25,204.97,6392.57855732
1588795200,203.6,206.06,204.84,205.59,10267.68402155
1588798800,205.49,206.74,205.58,206.45,5204.84861641
1588802400,204.84,206.86,206.45,206.1,18678.50304979
1588806000,198.18,206.5,206.1,199.26,28071.31867002
1588809600,196.82,203.74,199.1,203.14,21554.23965532
1588813200,201.77,203.49,203.14,202.71,4922.89810366
1588816800,202.32,208.6,202.77,206.93,22173.21398353
1588820400,205.21,207.46,206.98,206.13,7244.4301528
1588824000,204.63,207,206.23,205.08,5210.55107499
1588827600,204.24,205.71,205.09,204.84,4212.40526102
1588831200,203.07,205.48,204.84,203.33,3227.08317536
1588834800,203.23,205.26,203.3,205.03,2948.52018884
1588838400,204.15,206.31,205.03,206.05,2913.25136279
1588842000,204.05,205.94,205.86,205.73,1834.92426897
1588845600,204.05,206.04,205.74,204.54,1224.46764005
1588849200,203.6,204.85,204.56,204.25,2889.5383516
1588852800,203.82,208.08,204.22,207.16,6290.08098153
1588856400,205.59,209.35,207.15,206.3,19669.72993141
1588860000,206.23,207.44,206.3,206.7,7463.94511496
1588863600,204,207.58,206.71,206.24,8912.56907607
1588867200,204.55,206.91,206.31,206.35,7339.1695307
1588870800,205.27,209.14,206.36,208.43,28567.41158011
1588874400,208.48,215.99,208.48,212.91,39577.89601067
1588878000,212.52,214.38,212.98,213.01,16442.36171398
1588881600,210.97,214.55,213.19,211.89,9862.33207278
1588885200,211.38,212.9,211.88,212.54,6272.9393487
1588888800,211.82,213.53,212.6,213.08,8520.21438643
1588892400,212.08,213.9,213.16,212.47,20640.3911842
1588896000,212.16,216.16,212.5,216.15,13611.13378993
1588899600,213.89,217,216.16,214.71,11014.89313742
1588903200,211.28,214.82,214.77,212.9,7455.2329381
1588906800,211.32,213.4,212.91,213.21,5831.9880023
1588910400,211.79,213.24,213.23,212.54,4886.72065804
1588914000,209.37,212.53,212.53,210.55,7510.43609348
1588917600,207.2,210.56,210.56,208.44,10734.73089375
1588921200,207.53,210.06,208.44,209.59,6464.48705697
1588924800,209.5,210.99,209.6,209.59,3785.84758473
1588928400,209.02,210.65,209.58,209.91,1691.53450639
1588932000,209.64,212.14,209.9,212.09,2810.28514249
1588935600,211.36,212.36,212.06,211.68,2920.4772176
1588939200,209.64,211.6,211.59,209.93,3247.3835347
1588942800,209.37,211.23,209.85,211.06,4312.64530852
1588946400,210.68,212.98,211.07,211.88,5545.73289037
1588950000,211.3,213.38,211.88,211.77,10057.90099076
1588953600,211,215.4,211.76,214.83,9911.01488638
1588957200,213.37,215.04,214.84,214.18,7031.55709209
1588960800,212.48,215,214.19,212.67,7430.35231821
1588964400,212.13,213.72,212.75,213.31,5726.25732453
1588968000,212.55,214.6,213.28,214.59,4889.13721045
1588971600,213.79,215.1,214.6,215.09,3174.31476307
1588975200,212.43,215.26,215.1,212.92,7238.49906983
1588978800,210.96,213.59,213.02,211.59,9281.60812723
1588982400,209.25,213.63,211.65,213.06,12360.20034478
1588986000,212.7,214.79,213.06,213.27,8335.20150534
1588989600,212.48,213.99,213.24,212.77,3687.020079
1588993200,212.78,214,212.98,213.97,3830.31847893
1588996800,212.22,214.44,213.96,212.8,2409.16309918
1589000400,211.51,213.83,212.77,213.82,4168.78782683
1589004000,211,214.31,213.82,212.1,4836.47623338
1589007600,210.5,213.29,211.98,210.97,9083.88331695
1589011200,210.72,211.95,210.84,211.94,2924.62267434
1589014800,211.17,212.24,211.91,211.72,3185.8706426
1589018400,210,211.9,211.78,211.19,3941.00180643
1589022000,208.27,211.49,211.21,210.31,7317.89958634
1589025600,209.62,211.14,210.18,210.66,3866.86222015
1589029200,210,212.1,210.6,212.1,3556.55085309
1589032800,211.7,213.26,212.15,212.79,4666.45528413
1589036400,211.81,213.19,212.84,213.07,6205.61019255
1589040000,212.77,214.4,213.06,212.88,6324.1470384
1589043600,212.33,213.62,212.88,212.96,2136.77069529
1589047200,211.14,213.01,212.86,211.28,3208.95095236
1589050800,210.6,213.07,211.27,212.67,7434.08734657
1589054400,211.81,213.55,212.74,212.14,4912.81520556
1589058000,210.8,212.31,212.13,210.97,4849.79426035
1589061600,210.26,211.99,210.82,210.94,3496.25639675
1589065200,209.63,211.89,210.89,210,3440.13477439
1589068800,180.01,210.06,210.06,192.95,138312.79827103
1589072400,189.15,193.2,192.59,190.61,41762.6810869
1589076000,187.54,190.57,190.57,188.01,28272.32288947
1589079600,181.97,188.01,188.01,185.93,40651.38431211
1589083200,183.23,186.36,185.89,186.31,20309.93306126
1589086800,185.88,188.08,186.22,187.71,12847.91140446
1589090400,186.66,188,187.71,187.57,10413.41718422
1589094000,187.15,191.31,187.57,190.82,9450.22056705
1589097600,190.22,193.18,190.86,191.37,11717.13938626
1589101200,190.59,192.16,191.33,190.59,3531.56161125
1589104800,189.52,191.4,190.62,191.1,4522.14572761
1589108400,188.31,191.16,191.13,189.96,7305.30755963
1589112000,189.04,190.38,189.99,189.63,6789.54233506
1589115600,189.37,191.21,189.63,190.49,9068.87102635
1589119200,186.36,190.81,190.53,187.59,11484.80048801
1589122800,187.14,189.41,187.67,188.53,9679.72105569
1589126400,180.33,189.79,188.55,180.74,37588.70999553
1589130000,180.66,185,180.66,184.7,15305.28231594
1589133600,183.76,185.89,184.74,184.43,8771.71458641
1589137200,184.42,186.69,184.42,185.55,6479.87491406
1589140800,185.54,189.51,185.54,188.01,15334.02351173
1589144400,187.64,190.85,188.01,189.28,7198.43950397
1589148000,187.79,190.02,189.24,188.61,6552.79109773
1589151600,185.39,189.33,188.57,187.73,15887.62907421
1589155200,187.65,191.23,187.65,190.12,7311.02398893
1589158800,188.43,190.54,190.08,189.06,4586.52174072
1589162400,188.68,190.7,189.05,190.07,3958.46206762
1589166000,188.45,190.48,190.08,188.76,3610.45068097
1589169600,187.01,189.09,188.71,187.26,6032.42473816
1589173200,186.8,188.41,187.22,188.15,3523.97650282
1589176800,187.64,188.79,188.11,187.85,2113.0159179
1589180400,185.58,188.18,187.85,187.3,4585.98949912
1589184000,184.37,187.92,187.35,186.61,5813.46350653
1589187600,183.89,186.65,186.55,184.02,5568.14927489
1589191200,183.94,189.23,183.94,187.69,5098.65598464
1589194800,186.98,190,187.78,189.03,5724.41346877
1589198400,187.57,193.77,189.11,187.71,24602.03682867
1589202000,186.41,189,187.57,187.77,6654.67778215
1589205600,187.41,188.88,187.77,187.98,5057.01917438
1589209200,187.21,189.25,188.04,188.56,4939.05624364
1589212800,180.76,189.12,188.5,183.48,39905.92196339
1589216400,182.53,185.31,183.65,183.6,16041.92209429
1589220000,176.43,184.89,183.52,183.87,54163.88998215
1589223600,181.22,188.26,183.95,187.42,24481.72500276
1589227200,185.55,188.41,187.42,186.89,12649.30828496
1589230800,183.48,188.39,186.85,185.79,8197.82140756
1589234400,185.06,186.69,185.81,186.05,4100.17732551
1589238000,184.01,186.84,186.04,185.93,7683.168597
1589241600,185.79,188.23,185.93,187.12,4821.13666745
1589245200,186.09,187.88,187.07,187.41,3363.13209618
1589248800,187.14,189.5,187.4,188.17,4339.82690263
1589252400,187.68,188.96,188.12,188.65,4655.2211989
1589256000,187.23,189.24,188.61,187.86,5004.12074015
1589259600,187.85,189.48,187.85,188.51,3523.99697934
1589263200,187.82,189.33,188.5,188.33,3100.41292287
1589266800,187.01,188.97,188.33,188.16,2510.92311423
1589270400,187.89,189.94,188.12,189.79,1722.77812125
1589274000,189.56,191.01,189.78,189.75,3263.74037149
1589277600,188.85,190.72,189.83,190.49,3408.26869149
1589281200,189.88,190.97,190.41,190.89,2183.25215198
1589284800,189.7,191.3,190.88,190.23,3017.95879164
1589288400,188.55,190.69,190.22,190.27,4641.50788713
1589292000,190.27,192.42,190.27,191.4,10009.51934054
1589295600,190.68,191.92,191.35,191.13,6730.71932012
1589299200,190.48,192.08,191.14,191.19,5948.41797153
1589302800,190.37,192.89,191.18,191.04,7864.34220321
1589306400,190.46,191.21,191.03,190.71,3925.39778694
1589310000,189.59,191.83,190.71,189.74,6114.91698204
1589313600,188.92,190.52,189.69,189.73,4307.7144279
1589317200,186.72,190.05,189.68,188.81,6239.63845761
1589320800,187.06,190.34,188.78,189.94,10603.46671282
1589324400,189.29,190.48,189.94,190.1,3108.22574428
1589328000,189.49,191.34,189.93,191.16,7323.82065019
1589331600,190.37,191.47,191.11,191.05,2404.9696492
1589335200,190.37,191.49,191.03,191.35,2652.01159582
1589338800,190.54,191.68,191.29,190.79,4142.68362094
1589342400,190.04,191,190.85,190.75,2066.60741056
1589346000,189.9,190.93,190.75,190.09,1703.03163926
1589349600,189.93,190.78,190.06,190.66,1132.44956479
1589353200,189.94,190.67,190.66,189.96,1260.73395814
1589356800,188.36,190.45,189.95,190.37,2642.72039068
1589360400,189.85,190.58,190.35,190.27,846.71490527
1589364000,189.74,190.75,190.41,190.63,1204.93848539
1589367600,190.08,191.27,190.75,191.2,6128.29364244
1589371200,190.58,194.69,191.09,194.59,14108.72966117
1589374800,193.51,195.13,194.58,194.8,7770.68076069
1589378400,194.8,198.39,194.81,196.9,14460.62792339
1589382000,196.63,198.76,196.9,198.27,12781.6486147
1589385600,196.27,199.47,198.41,197.12,7900.78903973
1589389200,195.63,197.24,197.09,196.77,5049.96606629
1589392800,196.32,197.41,196.76,196.48,4667.6398194
1589396400,196.2,197.19,196.47,197.07,8516.48726239
1589400000,196.84,199.12,197,198.25,9919.8836529
1589403600,197.71,201.59,198.3,200.84,11225.83939815
1589407200,198.54,201.53,200.91,199.55,9650.07898289
1589410800,198.76,200.57,199.55,199.92,5506.02820819
1589414400,198.42,201.27,199.92,198.75,6268.84344613
1589418000,197.29,199.27,198.7,197.51,4428.67388514
1589421600,196.78,199.09,197.5,198.97,3621.5708576
1589425200,198.03,199.2,198.99,199.2,2505.21976159
1589428800,197.71,199.18,199.18,197.72,2072.42414549
1589432400,195.7,199.68,197.71,199.07,6693.39917254
1589436000,198.31,199.57,199.15,198.95,3689.7833426
1589439600,198.44,200.8,198.95,199.88,4884.42120854
1589443200,198.8,202.5,199.87,201.83,7658.3476966
1589446800,201.88,205.35,201.88,204.88,10245.92304071
1589450400,200.73,206.25,204.92,202.12,20381.87184155
1589454000,202.13,204.16,202.13,202.44,7508.0646954
1589457600,200.8,202.62,202.43,201.75,9586.56991125
1589461200,200.8,202.22,201.48,201.76,4361.93137235
1589464800,201.23,203.24,201.76,202.1,6268.40022912
1589468400,201.03,202.69,202.09,202.57,5126.1330804
1589472000,197.35,203.18,202.57,199.25,18633.93961357
1589475600,196.33,199.36,199.36,198,6554.80741484
1589479200,197.61,200.54,197.99,200.38,3798.76956741
1589482800,200.11,204.7,200.35,203.6,12955.66676778
1589486400,202.05,205.29,203.6,202.79,10965.98817625
1589490000,202.24,203.3,202.8,203.12,3575.61953763
1589493600,202.97,204.57,203.12,203.89,5126.5834442
1589497200,202.85,204.05,203.9,203.4,3022.2684454
1589500800,202.1,204.3,203.4,202.9,6974.91783621
1589504400,201.6,203.08,202.9,201.76,2675.39067219
1589508000,196.82,201.77,201.77,199.5,28448.71121379
1589511600,199,200.82,199.52,199.33,6033.09076642
1589515200,198.48,200.01,199.32,198.66,3045.7866913
1589518800,198.3,199.83,198.65,199.68,4685.19999065
1589522400,199.65,201.49,199.69,200.58,3039.63824989
1589526000,200.37,201.91,200.41,201.15,4936.95810698
1589529600,200.12,201.35,201.16,200.12,2628.95157012
1589533200,199.36,200.44,200.07,199.73,1698.47987679
1589536800,198.62,200.31,199.66,199.86,2089.28751875
1589540400,199.83,201.55,199.91,200.84,2547.72805227
1589544000,198.73,200.88,200.88,199.43,3944.55352096
1589547600,198.67,200.42,199.39,199.54,3623.48451156
1589551200,199.57,200.47,199.57,199.74,3683.21794543
1589554800,196.44,199.72,199.72,197.75,10195.52361944
1589558400,197.15,198.68,197.75,197.23,5069.68299026
1589562000,197.01,198.87,197.23,198.24,3548.39994887
1589565600,197.99,198.89,198.27,198.06,2755.62678046
1589569200,194.05,198.18,197.99,194.5,13244.15066124
1589572800,191.35,195.06,194.5,193.4,14371.60123264
1589576400,192.92,196.46,193.4,196.06,7663.1571665
1589580000,195.57,197.85,196.07,196.1,4962.32786079
1589583600,193.84,196.7,196.1,194.7,4019.18272317
1589587200,193.24,196.98,194.66,196.78,8552.08369228
1589590800,195.63,197.92,196.68,197.15,3738.34014167
1589594400,197.14,199.57,197.14,199.11,7039.28506086
1589598000,198.15,199.73,199.11,198.62,3510.38159204
1589601600,198.52,201.83,198.62,201.75,6466.02238285
1589605200,200.03,202.5,201.75,200.21,6002.06287366
1589608800,199.97,201.08,200.32,200.86,2047.43029805
1589612400,199.27,201.47,200.86,199.4,2237.28502349
1589616000,198.57,200.5,199.4,200.5,1481.80003662
1589619600,199.09,200.65,200.49,200.22,1299.46138678
1589623200,199.39,201.05,200.14,200.87,1038.06544982
1589626800,200,201.27,200.78,200.25,871.33099792
1589630400,200.34,203.36,200.34,202.32,7047.25518907
1589634000,201.51,203.25,202.57,202.07,3109.56547483
1589637600,200.01,202.64,202.15,201.15,2678.64008943
1589641200,200.04,201.47,201.15,200.53,3989.36762481
1589644800,198.51,201.22,200.57,200.09,5210.97303126
1589648400,197.77,200.62,200.1,198.48,6465.18821083
1589652000,198.01,199.5,198.48,198.79,3274.04358847
1589655600,198.47,200.44,198.79,200.02,2564.60553795
1589659200,199.56,200.66,200.01,200.17,2366.38295173
1589662800,200.03,202,200.17,201.58,3487.5328018
1589666400,200.67,201.98,201.57,201.48,2512.23618747
1589670000,200.43,201.85,201.5,200.53,2057.29275993
1589673600,199.1,201.9,200.5,201.9,7501.91060999
1589677200,201.39,202.5,201.71,201.42,3778.40408923
1589680800,201.38,202.35,201.38,201.82,3494.36236442
1589684400,201.35,202.17,201.81,201.53,2171.13839242
1589688000,200.61,202,201.6,201.02,4105.80454004
1589691600,200.42,201.63,201.01,201.05,3517.28512977
1589695200,200.81,202.4,201.01,202.1,1327.67872777
1589698800,201.7,202.73,202.11,202.09,1596.56813556
1589702400,200.9,202.34,202.16,201.07,1976.89890049
1589706000,200.7,201.97,201.05,201.32,1442.566401
1589709600,201.27,201.95,201.39,201.95,1219.849839
1589713200,200.88,201.89,201.86,201.24,1541.46180254
1589716800,201.3,207.38,201.3,207.09,17013.90485954
1589720400,206.26,207.76,207,207.28,10158.62701713
1589724000,206.6,209.93,207.28,209.17,7736.3291581
1589727600,207.7,210,209.18,208.83,11868.36462241
1589731200,207.15,209.41,208.83,207.78,5794.987909
1589734800,207.56,208.3,207.79,208.12,3814.94992782
1589738400,206.51,208.26,208.12,207.74,3840.97677222
1589742000,207.24,208.07,207.74,207.89,3140.38718509
1589745600,207.24,208.03,207.89,207.99,2094.43361593
1589749200,207.99,209.88,208,208.86,6038.95769023
1589752800,206.05,208.87,208.86,207.58,6282.68439918
1589756400,206.34,208.02,207.56,207.05,3053.77847192
1589760000,206.99,209,207.05,208.58,4431.61349666
1589763600,208.12,215,208.6,214.5,26185.83193219
1589767200,213.18,215.62,214.48,214.4,11475.06218271
1589770800,214,216.11,214.44,215.02,7365.54955695
1589774400,214.6,216.99,215.02,216.47,8053.71544069
1589778000,215.27,216.86,216.41,215.56,5057.0017116
1589781600,213.33,216,215.49,214.39,6812.9584983
1589785200,213.4,214.89,214.41,214.14,4778.1659392
1589788800,210.36,215.17,214.06,212.07,12247.79868353
1589792400,209.17,212.68,212.07,210.65,7549.13557038
1589796000,210.41,212.25,210.65,211.83,4147.81035644
1589799600,211.64,212.6,211.83,212.01,4108.9773824
1589803200,210.41,212.48,211.98,212.2,5163.43491364
1589806800,211.97,212.95,212.16,212.35,5174.74679416
1589810400,211.56,212.95,212.38,212.59,4702.76526411
1589814000,209.92,212.75,212.52,211.24,7449.93637778
1589817600,208.75,211.94,211.19,211.2,6359.51647948
1589821200,210.24,212.26,211.2,211.8,5770.11082324
1589824800,211.56,212.68,211.89,211.9,3840.08174468
1589828400,211.76,213.38,211.89,213.09,4530.39948742
1589832000,212.55,213.23,213.08,212.9,2337.06038753
1589835600,212.55,213.61,212.9,213.27,4459.80450225
1589839200,212.87,214.93,213.28,214.57,5393.74450058
1589842800,214.03,215.28,214.62,214.97,5648.05894121
1589846400,211.3,215,214.86,211.98,7991.88782924
1589850000,211.65,212.74,211.92,212.34,1830.72393722
1589853600,209.74,212.48,212.34,211.58,7399.69182468
1589857200,209.46,211.93,211.58,210.17,3915.6632657
1589860800,209.22,211.01,210.11,210.68,2962.75558013
1589864400,210.49,212.39,210.68,212.25,1756.57411157
1589868000,211.46,212.5,212.26,211.91,1628.68856904
1589871600,211.05,212.26,211.82,211.3,1059.50968447
1589875200,211.28,214.98,211.28,214.19,6253.07247494
1589878800,213.67,214.6,214.19,214.04,2279.00137916
1589882400,213.28,214.42,214.05,213.82,2826.3364105
1589886000,212.11,215.84,213.82,212.81,4741.80915102
1589889600,210.41,212.81,212.81,210.91,8684.16163952
1589893200,210.76,212.45,210.91,212.1,4632.5396817
1589896800,212.1,212.85,212.11,212.61,2557.87791696
1589900400,211.5,212.66,212.61,212.31,3380.57282802
1589904000,211.94,214.57,212.3,213.71,6987.40028422
1589907600,212.21,214.05,213.71,212.86,2203.08069154
1589911200,212.76,213.62,212.9,213.11,4063.37517422
1589914800,211.45,213.56,213.13,211.5,5695.76291036
1589918400,210.26,212.6,211.5,212.56,4774.69579085
1589922000,211.92,212.99,212.63,212.41,3202.93075586
1589925600,212.05,214.1,212.42,213.27,2456.57929775
1589929200,212.81,215,213.28,214.71,5625.4829208
1589932800,213.65,214.97,214.8,213.81,3505.87719852
1589936400,213.51,214.64,213.81,214.01,3007.21554293
1589940000,212.35,214.12,214.09,213.26,2895.1596338
1589943600,212.52,213.89,213.25,212.85,2456.97510914
1589947200,212.44,213.46,212.83,213.18,1498.21297742
1589950800,212.82,213.57,213.16,213.57,1721.45919684
1589954400,211.83,215.5,213.57,212.66,6594.02992213
1589958000,212.33,214.06,212.56,213.22,1433.91731442
1589961600,212.75,214.33,213.21,213.73,1363.56472052
1589965200,213.15,214.21,213.68,213.97,1720.14151424
1589968800,213.03,214.31,214.02,213.39,1609.99892962
1589972400,212.55,213.67,213.48,212.89,969.00717167
1589976000,212.8,214.35,212.96,213.76,2495.48396848
1589979600,213.63,214.5,213.88,214.5,1901.01389567
1589983200,213.7,214.78,214.52,213.72,3039.10158465
1589986800,205.1,213.82,213.74,207.75,33565.14456331
1589990400,206.33,209.52,207.74,208.9,9056.00028234
1589994000,207.9,209.58,208.89,209.4,6270.20233952
1589997600,209,209.99,209.44,209.88,2514.42951327
1590001200,208.71,209.9,209.82,209.55,3279.12137447
1590004800,209.09,210.51,209.55,210.49,4961.01031442
1590008400,209.69,210.82,210.5,210.1,2313.11763418
1590012000,209.49,210.48,210.09,209.99,2663.34860481
1590015600,209.02,210.1,209.99,209.96,3270.288673
1590019200,209.31,211.52,209.95,211.45,3447.66587781
1590022800,209.87,211.45,211.45,210.21,2201.80605896
1590026400,209.19,210.74,210.28,209.57,2056.41606589
1590030000,208.7,209.85,209.58,209.1,2303.71029866
1590033600,208.35,209.52,209.07,209.03,2218.82974247
1590037200,209.06,209.76,209.09,209.56,1102.11954691
1590040800,208.73,209.75,209.57,208.74,832.46097781
1590044400,208.19,208.94,208.73,208.24,1151.10670147
1590048000,204.16,209.5,208.25,206.26,11765.3395299
1590051600,205.8,207.47,206.25,205.94,4670.65693802
1590055200,204.88,207.09,205.84,206.81,2849.06093328
1590058800,206.61,207.52,206.85,207.39,1875.90343345
1590062400,205.71,207.64,207.51,206.13,4632.28694623
1590066000,204.16,206.91,206.1,204.77,5685.1712255
1590069600,196.14,205.29,204.82,199.99,34013.6736638
1590073200,198.47,201.42,199.98,199,13494.08715844
1590076800,197.91,200.19,199.01,199.01,7459.76686296
1590080400,197.02,199.23,198.98,197.45,9327.70616888
1590084000,191.35,197.42,197.41,191.81,26421.57063077
1590087600,191.27,198.91,191.7,198.31,18467.55120902
1590091200,197.5,199.02,198.37,198.89,5801.09430797
1590094800,198.5,200.47,198.88,198.84,7767.40269628
1590098400,198.73,200.63,198.83,200.29,4386.22066021
1590102000,198.25,200.38,200.28,198.62,5600.69070854
1590105600,196.12,198.61,198.61,198.16,8190.52539481
1590109200,198.14,199.73,198.15,198.92,6588.3473912
1590112800,198.14,199.46,198.91,198.16,4137.60641669
1590116400,196.56,198.75,198.15,196.99,4746.03836144
1590120000,196.38,198,196.98,197.25,3653.29182329
1590123600,196.99,198.84,197.25,198.51,2182.79440077
1590127200,198.5,200.15,198.5,199.99,3968.59247621
1590130800,199.92,202.37,199.92,201.56,8968.26775644
1590134400,200.64,202.23,201.58,201.72,2289.31305027
1590138000,200.75,202.37,201.81,202.37,2053.61365508
1590141600,202.31,203.89,202.33,203.09,4930.02918094
1590145200,202.37,203.58,203.08,203.15,3600.93424123
1590148800,203.03,204.17,203.15,203.15,7068.88755081
1590152400,201.07,203.2,203.15,201.9,3555.71860286
1590156000,201.87,203.45,201.89,202.69,5740.26020421
1590159600,202.6,205.44,202.64,205.2,7656.51831428
1590163200,204.55,208.21,205.29,208.21,15199.28369096
1590166800,206.98,208.65,208.2,207.4,12570.58207394
1590170400,207.36,209.28,207.37,208.17,4064.54112527
1590174000,206.42,208.97,208.2,207.81,4666.4939664
1590177600,206.75,209.21,207.72,208.26,4040.70926489
1590181200,207.72,208.87,208.24,208.43,2879.48975764
1590184800,207.65,209,208.44,208.43,3652.45192785
1590188400,206.06,208.45,208.44,207.32,3193.89269231
1590192000,207.3,210,207.3,209.27,6006.71063072
1590195600,208.61,209.53,209.31,209.13,4013.13842024
1590199200,208.88,211.3,209.1,210.25,5257.13919258
1590202800,209.51,211.02,210.25,210.1,2550.80161539
1590206400,208.5,210.67,210.1,208.95,2268.83001938
1590210000,207.74,209.08,208.91,208.94,2152.21518028
1590213600,207.45,208.89,208.89,208.18,1150.67276499
1590217200,207.26,208.77,208.18,208.43,1204.71448338
1590220800,206.55,208.27,208.27,207.4,1400.97763826
1590224400,205.7,208,207.41,205.91,2023.86492198
1590228000,205.2,206.51,205.86,206.42,3016.78838616
1590231600,206.3,207.86,206.43,207.37,1720.15152245
1590235200,204.56,207.34,207.34,206.27,6156.5695035
1590238800,205.86,206.96,206.23,205.96,2184.89342244
1590242400,205.37,208.16,205.95,207.85,4239.76257594
1590246000,206.82,208.1,207.85,207.74,4101.75852165
1590249600,205.72,208.49,207.81,206.9,3500.66702208
1590253200,206.5,207.63,206.78,207.27,1076.54343182
1590256800,206.5,207.85,207.28,206.8,1400.65889987
1590260400,205.94,207.51,206.8,207.26,2378.73843715
1590264000,207.03,208.52,207.26,208.07,1992.63354484
1590267600,207.59,208.25,208.06,208.22,1639.37293173
1590271200,207.56,208.33,208.18,208.12,1758.29752456
1590274800,206.34,208.42,208.11,206.66,4270.95881009
1590278400,205.01,207.81,206.61,207.41,4123.14551322
1590282000,207.08,208.27,207.57,207.67,3476.60988055
1590285600,207.65,209.83,207.68,208.98,5411.63588611
1590289200,207.83,209.47,208.94,208.57,3439.89499782
1590292800,208.27,209.38,208.58,208.31,1188.56040436
1590296400,208.03,209.34,208.3,208.9,1027.64001589
1590300000,208.9,210.67,208.9,210.17,2662.42276128
1590303600,209.38,210.56,210.18,209.7,1171.98571748
1590307200,209.44,210.22,209.7,209.89,655.12738427
1590310800,209.61,210.62,209.88,209.89,1014.65364913
1590314400,209.42,210.15,209.87,209.57,634.25463548
1590318000,205.8,209.57,209.57,205.98,3962.17887253
1590321600,205.16,207.52,205.84,207.12,2252.62441497
1590325200,204.82,207.24,207.02,205.95,4643.69830146
1590328800,203.12,206.13,205.93,205.92,8145.53534048
1590332400,204.7,206.97,205.92,205.55,4726.46175616
1590336000,201.69,205.5,205.5,204.06,16019.11726305
1590339600,203.46,204.74,204.05,203.85,3437.88356688
1590343200,203.11,204.57,203.74,203.62,2584.37603601
1590346800,203.28,206.64,203.57,206.42,3484.38121021
1590350400,206.12,207,206.42,206.29,3898.06419638
1590354000,206.16,208,206.26,206.95,2764.36160573
1590357600,205.78,207.27,206.95,206.29,7111.58840151
1590361200,199.3,206.48,206.41,199.63,18258.89610591
1590364800,198.01,203.17,199.63,202.88,13281.51533066
1590368400,201.55,202.88,202.87,202.84,2749.49243633
1590372000,201.61,202.9,202.81,202.4,2273.5960747
1590375600,201.13,202.46,202.4,202.31,2750.69629157
1590379200,202.03,203.16,202.34,203,2077.71959487
1590382800,201.57,203.25,202.99,201.93,3407.83397678
1590386400,201.25,203.8,201.95,202.68,3359.9368085
1590390000,202.45,204.28,202.69,204.11,3618.81441492
1590393600,202.79,204.48,204.12,202.8,1534.24342592
1590397200,201.77,204.93,202.79,202.42,3990.5767325
1590400800,201.71,203.73,202.41,201.85,3438.97669982
1590404400,201.31,202.51,201.85,202.44,2122.02680477
1590408000,202.37,203.68,202.41,202.82,5897.10840996
1590411600,202.09,204.1,203.17,203.8,3205.97363216
1590415200,202.21,204.34,203.8,202.32,3273.44650901
1590418800,202.08,203.19,202.32,202.86,3902.5786706
1590422400,202.43,204.09,202.95,203.38,2742.10560711
1590426000,203.31,205.44,203.49,204.86,4075.65752023
1590429600,204.2,205.12,204.97,204.48,4219.56314005
1590433200,204.4,205.71,204.62,204.78,3143.43223359
1590436800,204.5,205.13,204.78,205.01,1850.61179533
1590440400,203.92,205.05,205.01,204.31,2196.87712578
1590444000,203.36,204.9,204.3,203.93,1658.40814543
1590447600,203.9,204.76,203.93,204.06,1226.10707488
1590451200,202.65,204.75,204.13,203.24,4173.64782715
1590454800,203.23,204.31,203.24,204.27,1870.54897769
1590458400,203.89,204.6,204.31,204.09,1315.8908837
1590462000,203.92,205.03,204.08,204.5,2479.22160655
1590465600,203.65,204.46,204.44,203.89,1516.79616035
1590469200,203.49,204.19,203.94,204.15,1125.95239786
1590472800,202.15,204.16,204.16,202.5,2807.11701555
1590476400,201.75,204,202.49,203.6,3003.54446836
1590480000,203.24,204.3,203.59,203.3,3203.62316695
1590483600,202.36,203.43,203.3,202.85,3922.98398206
1590487200,201.67,203.18,202.74,202.19,2844.10493136
1590490800,201.58,202.64,202.17,201.92,3033.04479297
1590494400,200.32,202.53,201.89,200.91,7318.9239118
1590498000,200.07,201.92,200.71,201.47,4547.72012428
1590501600,200.99,202.32,201.42,201.08,4885.45378457
1590505200,196.92,201.39,201,197.6,13508.07967424
1590508800,196.65,199.58,197.55,199.36,5640.31749002
1590512400,199.14,200.43,199.36,199.96,4122.65636585
1590516000,199.55,200.43,199.95,200.1,4370.68642133
1590519600,198.69,200.2,200.09,199.13,5375.82962761
1590523200,199.13,202.68,199.13,202.23,10354.16825043
1590526800,200.92,202.54,202.23,201.15,4368.55740829
1590530400,200.55,201.23,201.11,200.93,2004.40965759
1590534000,200.36,201.41,200.93,200.91,2910.59272165
1590537600,200.76,201.97,200.87,201.78,4350.17560346
1590541200,201.14,202.22,201.75,201.29,1961.00900408
1590544800,201.24,202.44,201.27,201.29,1790.36041142
1590548400,201.29,201.86,201.29,201.69,1819.02308225
1590552000,201.28,202.06,201.69,201.73,1622.52255743
1590555600,201.61,203.46,201.73,203.46,2661.68990906
1590559200,202.91,204.12,203.46,203.04,1688.86395938
1590562800,202.49,203.26,203.04,202.8,1436.24105521
1590566400,202.8,204.13,202.81,203.81,3216.70592443
1590570000,203.51,204.23,203.83,204.01,1519.36770643
1590573600,203.73,206.8,203.92,206.19,6783.80049756
1590577200,205.9,206.84,206.19,206.49,2437.06838501
1590580800,206.04,207.75,206.49,206.71,7185.38912621
1590584400,205.59,207,206.64,206.02,4239.26995616
1590588000,205.22,206.5,206.01,205.71,3667.81809513
1590591600,205.38,206.99,205.71,206,4385.15144781
1590595200,206,207.37,206,206.69,4087.90740261
1590598800,206.6,207.7,206.69,207.1,4162.91861569
1590602400,206.67,207.4,207.11,206.73,2214.91561113
1590606000,205.88,206.73,206.73,206.49,2691.89037801
1590609600,206.38,206.73,206.49,206.5,1949.87010461
1590613200,205.1,206.51,206.51,205.42,3956.36021147
1590616800,205.16,206.61,205.41,206.04,2124.25438463
1590620400,205.84,208.48,206.08,208.41,5227.0155882
1590624000,207.2,209.03,208.41,209,5919.68498522
1590627600,207.25,208.89,208.75,207.28,2052.04791516
1590631200,206.35,207.49,207.28,207.27,2530.07211093
1590634800,206.24,207.3,207.3,206.31,1705.9361615
1590638400,205.4,206.93,206.26,206.3,3464.5402435
1590642000,205.64,206.61,206.06,206.36,1202.73210779
1590645600,205.92,206.67,206.38,206.67,1600.0541163
1590649200,204.6,206.77,206.68,205.15,4201.92187448
1590652800,204.5,206.43,205.15,206.43,4249.06990332
1590656400,205.88,206.88,206.34,206.85,1717.30166957
1590660000,206,206.95,206.85,206.01,1383.85688385
1590663600,206.01,207.95,206.01,207.57,4069.88999962
1590667200,207.45,210.2,207.59,209.95,12284.94900124
1590670800,208.97,210.96,209.99,209.35,6013.78040505
1590674400,209.33,212.33,209.33,212.33,9415.48272569
1590678000,211.96,214.65,212.34,214.3,12438.33910592
1590681600,213.73,215.45,214.3,214.02,13500.34868527
1590685200,213.82,215.25,214.02,214.94,5667.49100668
1590688800,213.76,215.7,214.94,213.76,5731.88149295
1590692400,213.53,215.06,213.76,214.7,4387.15634238
1590696000,214.15,215.18,214.69,214.55,3959.58215253
1590699600,213.6,215,214.56,213.95,6164.10664556
1590703200,213.94,217.41,213.97,216.71,8484.6261255
1590706800,216.7,220.68,216.71,220.44,24352.9810204
1590710400,220.31,224.84,220.39,221.78,26103.93578868
1590714000,220.25,223,221.77,221.18,7453.32796112
1590717600,220.63,222.92,221.17,222.21,7803.45118124
1590721200,221.37,222.87,222.13,221.68,8580.64564517
1590724800,220.82,222.39,221.76,220.94,5569.28248856
1590728400,219.32,221.39,220.95,221.25,5323.06755087
1590732000,220.63,222,221.26,220.74,2649.55305629
1590735600,220.5,221.8,220.7,221.19,5494.41938065
1590739200,219.32,223.41,221.19,219.63,8094.27985967
1590742800,219.06,220.28,219.69,219.66,3645.8498982
1590746400,217.93,220.19,219.61,218.04,4445.03838774
1590750000,217.52,219.6,218.03,218.95,3501.97400154
1590753600,218.19,220.37,218.96,219.28,4383.02366515
1590757200,219.03,220.09,219.34,219.89,4413.72663105
1590760800,219.55,220.71,219.89,219.8,4145.36004366
1590764400,218.19,219.87,219.86,219.38,6500.46966098
1590768000,219.12,222.21,219.37,221.98,4888.29981986
1590771600,220.54,222.44,222.02,220.63,4371.89697265
1590775200,219.91,220.91,220.58,220.7,3337.78012738
1590778800,219.36,220.75,220.75,219.81,2911.25403166
1590782400,219.51,220.49,219.79,220.06,2515.28605304
1590786000,218.5,220.09,220.05,218.75,4093.48236583
1590789600,218.46,220.92,218.75,220.64,3320.1211439
1590793200,220.43,221.39,220.68,220.62,2074.99972305
1590796800,218.76,221.2,220.55,219.15,3225.49137327
1590800400,218.33,219.83,219.15,219.11,3849.99667722
1590804000,218.96,219.8,219.11,219.71,1582.99826919
1590807600,218.96,222.63,219.62,222.62,4409.21974326
1590811200,222.42,229.73,222.62,227.85,24702.68322598
1590814800,227.51,231.5,227.84,231.5,13827.57835099
1590818400,230.2,233.64,231.52,232.75,13445.00541387
1590822000,230.88,233.14,232.65,232.04,6909.21041091
1590825600,232.03,234.28,232.07,232.22,6771.1371137
1590829200,231.18,232.59,232.26,231.98,5204.95168312
1590832800,231.63,234.61,231.99,234.53,8026.14424166
1590836400,234.14,237.96,234.59,236.72,16029.86117286
1590840000,234.43,237.18,236.71,236.71,7902.54401547
1590843600,235.21,237.36,236.61,237.01,7753.86829873
1590847200,236.15,238.84,237.05,237.85,10428.69117356
1590850800,233.46,237.8,237.77,235.51,11757.92122682
1590854400,234.4,236.98,235.53,236.41,7206.64281683
1590858000,235.21,236.6,236.41,235.8,6205.3144119
1590861600,235.57,238.03,235.8,237.16,7247.04325657
1590865200,236.02,237.59,237.19,237.3,5787.35384545
1590868800,234.22,237.43,237.3,235.43,12447.89715117
1590872400,235.31,239.99,235.43,239.6,12340.03403956
1590876000,238.76,247.36,239.6,246.16,42779.94223783
1590879600,242,246.52,246.16,243.84,14838.38881962
1590883200,241.75,245.19,243.85,245.18,9913.64264432
1590886800,242.14,245.46,245.18,243.44,9827.79162968
1590890400,242.05,243.71,243.43,242.78,5540.26504119
1590894000,235.36,242.81,242.8,237.58,20900.01761058
1590897600,235.95,238.28,237.29,237.96,5697.46839047
1590901200,237.26,240.38,237.95,237.94,13111.94552734
1590904800,237.15,239.01,237.9,237.86,1885.15141056
1590908400,237.32,240.87,237.86,239.81,4530.75400086
1590912000,236.36,242.39,239.84,237.05,10152.88526564
1590915600,235.56,238.16,237.04,237.33,2209.14290672
1590919200,237.1,239.89,237.27,239.68,2834.69123358
1590922800,238,239.67,239.67,238.79,2320.56779106
1590926400,237.48,239.99,238.78,238.28,3294.01188401
1590930000,236.64,238.99,238.27,237.49,2564.49474772
1590933600,233.66,237.67,237.5,233.91,9354.79328541
1590937200,231.74,234.7,233.83,233.83,9976.09735288
1590940800,233.3,235.98,233.7,235.8,5370.08946878
1590944400,234.29,235.99,235.78,234.96,3364.08760781
1590948000,234.34,235.97,234.87,234.73,2123.69903473
1590951600,234.5,236.98,234.72,236.39,6335.53073754
1590955200,235.03,236.53,236.42,235.34,2058.06454575
1590958800,232.58,235.44,235.32,234.58,7664.76640774
1590962400,232.78,236.27,234.57,233.64,5949.35374759
1590966000,229.46,233.6,233.59,231.54,15603.66961848
1590969600,230.59,233.68,231.43,233.15,6020.40998571
1590973200,232.22,237.2,233.14,236.5,6382.78862333
1590976800,236.3,239.87,236.49,238.2,11175.0273125
1590980400,237.74,239,238.21,238.74,4951.81344563
1590984000,238.74,242.38,238.74,239.75,12259.49341025
1590987600,237.16,240.06,239.76,237.71,2713.04906434
1590991200,237.66,239.2,237.71,237.94,3445.10887817
1590994800,237.46,239.23,237.96,238.63,2961.88540938
1590998400,236.17,238.97,238.63,236.95,3824.55843612
1591002000,236.53,238.52,236.92,236.57,2835.62190153
1591005600,235.31,237.2,236.91,236.88,3055.55322308
1591009200,235.61,237.51,236.93,235.89,2192.32428576
1591012800,234.73,240.59,235.88,238.81,8144.85527253
1591016400,237.94,239.58,238.9,238.71,5067.25926882
1591020000,238.5,240.89,238.7,239.46,7956.02403823
1591023600,236.27,239.49,239.48,238.04,9478.2151387
1591027200,237.79,240.32,238.04,239.7,16992.50185037
1591030800,238.05,239.77,239.68,238.68,4247.56403964
1591034400,237.81,239.22,238.67,239.12,2795.88722412
1591038000,237.65,239.99,239.15,237.87,5009.97203519
1591041600,237.28,242.65,237.86,241.61,12601.94907332
1591045200,239.89,242.5,241.74,241.24,6217.33508432
1591048800,241.28,245.99,241.28,245.9,10921.54449495
1591052400,245.9,251.46,245.91,248.41,65122.89810342
1591056000,246.01,249.26,248.42,247.1,15472.27229976
1591059600,246.07,247.97,247.1,247.63,13826.28062189
1591063200,246.18,247.64,247.63,246.92,5513.27490668
1591066800,245.89,247.38,246.96,247.23,4832.79357915
1591070400,246.47,247.72,247.22,247.62,3606.07077576
1591074000,247.19,249.35,247.61,248.2,4648.0467038
1591077600,247.76,248.81,248.12,247.84,1985.60108535
1591081200,247.74,248.74,247.85,248.73,1884.9417056
1591084800,248.03,249.49,248.74,248.19,5026.60432575
1591088400,248.18,249.49,248.19,248.45,3137.54299123
1591092000,248.36,253.6,248.46,253.12,8704.80453357
1591095600,251.48,253.31,253.09,251.89,6357.21006235
1591099200,250.8,252.93,251.9,251.51,6247.98748356
1591102800,251.21,252.37,251.54,251.55,5682.96114837
1591106400,225.6,252.18,251.66,234.18,70389.09198819
1591110000,228,236.95,234.08,233.59,53172.15570312
1591113600,231.77,234.57,233.55,234.41,12542.57200088
1591117200,233.72,235.56,234.4,235.13,6563.5377054
1591120800,234.16,235.3,235.08,234.93,5752.86199149
1591124400,234.36,236.84,234.93,236.38,6387.59435385
1591128000,234.81,236.74,236.24,236.43,3958.54040808
1591131600,236.2,238.97,236.5,237.91,6621.78963402
1591135200,236.23,239.8,237.97,237.42,9358.8566892
1591138800,235.69,238.12,237.38,237.71,9120.12865141
1591142400,236.76,238.5,237.7,238.1,4871.28741891
1591146000,236.66,238.51,238.34,236.89,2512.41635966
1591149600,234.64,237.64,236.92,236,5410.77392734
1591153200,235.2,236.43,236,235.62,2291.91161236
1591156800,234.83,236.8,235.77,236.2,2489.76732537
1591160400,233.28,236.71,236.12,236.33,8168.51410432
1591164000,236.03,237.28,236.37,236.55,1375.68650537
1591167600,236,237.27,236.55,236.78,1187.0656063
1591171200,236.17,237.56,236.76,236.57,2089.97582176
1591174800,236.62,238.1,236.62,238.07,2374.92207128
1591178400,238.07,240.62,238.07,239.89,5485.35350332
1591182000,238.52,240.15,239.88,239.62,2755.38788284
1591185600,238.1,240.5,239.62,238.95,5095.93800681
1591189200,238.98,239.98,238.98,239.43,2253.53942779
1591192800,237.01,239.8,239.42,239.42,5018.68303623
1591196400,238.28,239.83,239.43,239.25,3493.93921177
1591200000,238.98,240.49,239.26,239.65,5152.76325175
1591203600,238.8,240,239.75,239,3137.4033444
1591207200,238.64,242.44,239.05,241.76,13198.27156407
1591210800,239.34,243.02,241.76,240.72,14860.51483056
1591214400,240.11,242,240.71,241.73,4502.23664482
1591218000,240.81,242.2,241.72,241.37,4099.87866232
1591221600,241.23,243.36,241.48,243.17,4033.69284502
1591225200,242.51,245.39,243.18,244.6,6778.21486069
1591228800,242.99,244.98,244.59,243.91,6513.64594981
1591232400,243.5,245.19,243.91,244.76,8950.29826511
1591236000,244.43,246.73,244.77,246,8800.79551011
1591239600,245,246.45,246,245.47,4782.35663918
1591243200,243.71,245.5,245.44,244.61,5229.71232099
1591246800,242.18,244.85,244.68,243.3,3315.1466562
1591250400,242.27,244.65,243.29,244,2591.03659451
1591254000,243.25,244.48,243.99,243.3,2656.58279328
1591257600,242.51,243.87,243.31,243.53,2566.63787747
1591261200,237.55,243.56,243.53,240.46,11153.61514966
1591264800,238.52,240.37,240.37,239.95,2361.14326312
1591268400,236.17,243.72,240.01,242.98,10963.73868947
1591272000,241.81,244.35,243.02,243.27,4133.73094097
1591275600,243.11,246.19,243.27,245.06,13654.78577397
1591279200,241.75,245.51,245.12,243.58,7341.74854265
1591282800,242.8,245.53,243.48,245.16,6000.10621392
1591286400,243.2,245.73,245.21,243.28,9463.18020426
1591290000,242.98,244.3,243.27,244.16,3180.52125832
1591293600,239.87,244.98,244.17,240.5,9128.23102061
1591297200,240.11,241.51,240.2,241.33,8315.2742343
1591300800,239.06,241.84,241.43,241.62,9317.35721804
1591304400,240.59,242,241.64,242,3677.94101861
1591308000,241.53,244.15,242,243.56,11194.49092481
1591311600,243.04,244.64,243.52,243.18,3740.94219493
1591315200,241.72,243.88,243.18,243.58,2857.15513735
1591318800,243.31,245.33,243.64,244.43,5407.60775363
1591322400,243.45,244.53,244.43,243.67,2052.8732278
1591326000,242.1,244.54,243.81,243.18,3657.66520162
1591329600,242.86,244.27,243.18,243.39,3220.59115344
1591333200,243.34,244.17,243.55,243.89,1547.7421801
1591336800,242.21,244.4,243.91,243.96,1911.89722597
1591340400,243.01,244.03,243.95,243.61,1187.42946254
1591344000,240.77,247.9,243.62,246.33,16537.34629174
1591347600,244.01,246.95,246.44,245.81,2963.32413305
1591351200,241.47,245.81,245.8,242.95,7666.27345306
1591354800,240.96,243.89,242.84,243.07,3241.95916068
1591358400,240.9,243.2,243.12,242.22,6750.43342423
1591362000,241.44,243.28,242.17,243.04,3942.13014615
1591365600,241.57,243.19,243,241.83,2608.30400618
1591369200,238.65,242.11,241.86,241.69,10446.11322599
1591372800,241.02,242.64,241.7,241.74,3883.5793696
1591376400,241.4,242.52,241.75,242.1,3818.69026635
1591380000,242.06,242.8,242.14,242.46,2552.22183515
1591383600,241.1,242.57,242.43,242.06,2374.50832138
1591387200,240.05,242.5,242,241.57,13111.94369738
1591390800,240.09,241.62,241.62,240.4,4173.14766081
1591394400,239.32,241.16,240.56,240.73,4475.72346986
1591398000,239.33,241.23,240.73,240.04,6780.04413236
1591401600,237.67,241.3,240.04,240.86,7986.68872887
1591405200,239.08,240.85,240.85,239.21,1765.71442472
1591408800,238.34,240,239.01,239.59,2430.70849107
1591412400,238.65,240.44,239.59,240.2,2578.22748958
1591416000,239.15,240.29,240.29,239.44,1342.16640853
1591419600,239.07,240.5,239.32,240.21,989.98657583
1591423200,240.03,241.25,240.09,240.49,1421.39082295
1591426800,239.96,241.08,240.7,240.11,1252.09123822
1591430400,239.41,240.23,240.13,240.21,594.50528431
1591434000,240.16,243.87,240.2,242.6,3255.16454463
1591437600,242.22,243.17,242.6,242.65,1445.64972171
1591441200,242.44,243.44,242.68,243.23,1382.62114454
1591444800,241.2,244.52,243.22,241.79,6122.22688904
1591448400,241.44,242.66,241.79,241.92,1673.47662666
1591452000,241.66,242.36,241.92,242.18,1398.30421426
1591455600,241.53,242.7,242.17,242.34,1136.54869731
1591459200,239.53,243.38,242.35,241.03,6470.39129262
1591462800,239.75,241.01,241.01,240.76,2909.69907611
1591466400,240.12,240.95,240.68,240.91,1070.07128826
1591470000,240.17,241.7,240.91,241.35,1404.75538551
1591473600,240.9,242.65,241.3,242.35,3201.07110043
1591477200,241.65,242.73,242.35,242.66,2371.09909982
1591480800,241.49,243.29,242.67,241.65,3000.83672738
1591484400,241.4,242.68,241.65,241.92,2898.2152799
1591488000,240.29,242.1,241.92,242.1,4413.87425702
1591491600,241.39,242.67,242.11,242.11,1478.10480579
1591495200,241.75,244.08,242.07,243.24,3713.51579732
1591498800,242.44,243.42,243.22,242.81,1299.26659619
1591502400,242.34,243.74,242.79,242.67,1872.69025433
1591506000,242,243.2,242.7,242.31,2004.39134047
1591509600,241.47,242.55,242.1,242.18,1515.92060386
1591513200,241.77,242.62,242.17,242.21,627.36196883
1591516800,238.83,242.48,242.09,241.77,7219.3379386
1591520400,240.87,242.3,241.92,240.94,493.85608982
1591524000,240.25,241.25,240.9,240.25,1489.50900049
1591527600,238.19,241.17,240.32,238.61,3879.55948825
1591531200,236.7,239.88,238.6,238.09,12012.1326591
1591534800,235.2,238.62,238.1,235.66,12771.88362889
1591538400,234.48,237.64,235.65,236.78,13451.3142563
1591542000,236.7,237.63,236.78,237.26,3216.04269828
1591545600,235.13,237.19,237.19,236.38,3132.58635502
1591549200,235.34,237.32,236.42,237.26,2506.58348805
1591552800,236.87,238.6,237.26,237.83,6292.79243814
1591556400,237.1,242.8,237.88,242.34,13480.63873153
1591560000,241.22,243.7,242.5,242.55,10490.38499764
1591563600,241.69,243.09,242.64,242.2,6867.62691815
1591567200,242.08,243.87,242.2,243.54,7208.14558854
1591570800,243.54,245.45,243.54,244.81,6935.04735702
1591574400,243.76,245.5,244.79,244.41,6119.3921045
1591578000,243.2,244.71,244.39,244.05,2110.20217203
1591581600,243.5,244.7,244,244,3852.79142155
1591585200,243.8,244.31,243.99,244.17,1441.49252497
1591588800,243.96,244.85,244.2,244.11,2923.15074557
1591592400,243.5,244.17,244.1,244.17,1304.39596694
1591596000,243.44,244.23,244.13,243.74,1041.00851914
1591599600,243.58,244.14,243.74,243.81,1054.75002811
1591603200,242.57,244.2,243.86,243.36,4287.98270362
1591606800,243.35,244.89,243.35,244.53,8663.48995971
1591610400,243.54,244.67,244.54,243.55,1857.4752245
1591614000,242.7,243.76,243.55,243.75,1877.59495749
1591617600,242.93,243.76,243.76,243,4585.73721593
1591621200,242.45,243.87,243,242.96,2885.91681199
1591624800,240.82,242.96,242.96,241.27,7706.64810211
1591628400,240.93,243.14,241.26,243.14,7705.41832246
1591632000,241.69,243.26,243.15,243.12,3808.43639953
1591635600,242.64,243.48,243.12,242.95,2829.22918264
1591639200,241.88,243.17,242.95,242.09,3669.96189886
1591642800,241.86,242.59,242.08,242.29,1788.79292728
1591646400,242.11,242.99,242.28,242.44,2553.37972122
1591650000,241.9,243.07,242.43,243.05,3019.69651152
1591653600,242.6,243.45,243.06,242.71,2014.18379422
1591657200,242.66,247.97,242.7,246.55,14226.62334892
1591660800,238.91,249.99,246.55,244.06,36625.83612621
1591664400,242.81,244.28,243.92,243.86,3996.15060427
1591668000,243.45,244.3,243.9,243.7,3661.08222555
1591671600,242.56,243.76,243.66,243.15,3518.30756586
1591675200,242.65,243.31,243.2,242.95,2189.92193392
1591678800,242.71,243.59,242.88,243.56,1531.30362906
1591682400,243.12,243.6,243.56,243.24,1285.83842662
1591686000,243,243.9,243.29,243.39,1888.93033698
1591689600,242.79,243.81,243.38,243.29,2007.0589508
1591693200,242.4,243.41,243.28,242.89,1701.46232082
1591696800,241.25,243.07,242.88,242.51,3219.90360502
1591700400,242.34,243.5,242.51,243.45,1566.35282907
1591704000,243.46,244.81,243.46,243.82,2599.92749304
1591707600,242.67,244.21,243.82,243.16,3970.20427493
1591711200,242.55,243.75,243.12,243.18,4706.16489265
1591714800,243.11,243.89,243.22,243.47,3999.02206743
1591718400,242.73,243.76,243.47,242.98,7326.6221118
1591722000,242.84,243.5,242.98,243.16,2448.56855035
1591725600,243,243.59,243.14,243,2277.63281079
1591729200,240.84,243.61,243.01,243.35,3503.32511002
1591732800,242.49,243.8,243.35,243.62,2529.04611836
1591736400,243.47,245,243.59,244.73,4378.80126646
1591740000,242.39,245.4,244.74,244.76,7065.17002788
1591743600,243.49,245.05,244.74,244.03,3408.89853225
1591747200,243.57,244.74,244.04,244.16,3946.23127035
1591750800,244.04,245.01,244.19,244.51,4050.18478602
1591754400,243.77,244.5,244.5,244.33,2254.24412016
1591758000,243.46,244.34,244.33,243.83,2157.72608783
1591761600,243.25,243.97,243.83,243.66,1550.89314426
1591765200,243.64,244.87,243.67,244.3,3220.79246732
1591768800,243.89,244.42,244.34,244.33,1333.66343881
1591772400,243.03,244.37,244.34,243.76,2152.35318359
1591776000,243.07,243.96,243.78,243.16,1474.84472743
1591779600,242.26,243.37,243.15,242.9,2569.3164541
1591783200,242.72,243.55,242.91,243.22,1728.89213783
1591786800,242.45,243.46,243.21,242.52,4018.91507498
1591790400,242.3,243.77,242.3,243.62,2085.54211136
1591794000,243.27,244.03,243.62,243.36,2975.769443
1591797600,242.89,243.66,243.37,243.41,4835.05553103
1591801200,243.04,243.74,243.41,243.6,3921.84024809
1591804800,243.25,243.97,243.59,243.33,3219.55442482
1591808400,242.36,243.49,243.32,243.3,6073.13123974
1591812000,242.13,250.56,243.27,245.32,54994.85449683
1591815600,244.31,248.5,245.35,246.81,12255.97371939
1591819200,246.76,248.72,246.81,247.81,8188.94636699
1591822800,245.99,248.15,247.73,247,3410.27028997
1591826400,246.47,247.81,247,247.64,2809.45982112
1591830000,247.05,248.16,247.66,248.16,7082.6988392
1591833600,248.06,249.5,248.27,249.12,8904.46280016
1591837200,248.56,250.26,249.12,249.71,8663.63857628
1591840800,248.69,250.12,249.71,249.08,8416.90429292
1591844400,247.88,249.54,249.07,248.29,5407.09013758
1591848000,247.87,248.88,248.29,248.29,2307.50441031
1591851600,247.7,248.42,248.24,247.82,1413.63816575
1591855200,244.9,248.1,247.81,247.05,10120.74478227
1591858800,246,247.04,247.04,246.07,1891.34707123
1591862400,245.81,246.8,246.07,246.41,1304.71759564
1591866000,244.76,246.63,246.43,245.57,2371.83912836
1591869600,244.65,246.2,245.53,246.1,3919.35501695
1591873200,243.71,246.09,246.09,245.32,4285.60368896
1591876800,242.38,245.31,245.31,243.55,7393.65368634
1591880400,238.97,243.66,243.5,240.59,17858.08857568
1591884000,239.77,241.82,240.58,240.65,7576.26138681
1591887600,237.48,240.6,240.6,238.64,13462.09703745
1591891200,225.2,239.44,238.64,225.23,45247.90918391
1591894800,225.26,235,225.5,234.89,38511.89497963
1591898400,232.38,235.04,234.81,233.66,8964.75538956
1591902000,231.58,233.85,233.68,232.1,8796.72129052
1591905600,228.78,232.55,232.09,232.38,14092.63363073
1591909200,231.49,233.78,232.38,233.1,8892.59018841
1591912800,230.87,233.28,233.21,231.72,3377.46365468
1591916400,229.91,232,231.71,230.15,6902.2481067
1591920000,227.84,231.96,230.14,231.25,20445.29138924
1591923600,230.81,232.77,231.35,232.6,6181.86294183
1591927200,232.09,233,232.61,233,3589.03469854
1591930800,233.03,234.16,233.03,233.2,5279.25951042
1591934400,232.3,234.15,233.21,232.43,2643.16740162
1591938000,232.26,233.97,232.42,233.97,2876.52131427
1591941600,233.31,234.66,233.94,233.59,1877.49193334
1591945200,233.34,236.51,233.56,235.3,15418.66753478
1591948800,235.3,237.5,235.31,236.95,5644.22140758
1591952400,235.46,237.04,237.03,236.33,2615.3479302
1591956000,235.96,236.91,236.43,236.2,2907.68850508
1591959600,236.36,237.67,236.37,237.4,3983.64324784
1591963200,236.09,237.81,237.51,236.64,4144.68499668
1591966800,236.38,239.08,236.65,239.08,6647.21615527
1591970400,236.07,239.54,239.07,236.22,6827.19801842
1591974000,235.22,236.67,236.22,236.17,8534.81479729
1591977600,235.8,237.37,236.17,236.26,5049.40831474
1591981200,233.84,236.29,236.24,235.02,7714.93562629
1591984800,234.87,236.53,235.03,236.32,4044.26091165
1591988400,235.9,237.05,236.32,236.75,5041.33859554
1591992000,236.41,238.45,236.77,237.51,4456.88503381
1591995600,236.79,237.8,237.51,237.21,3061.12358568
1591999200,236.84,238.05,237.21,237.59,2456.30098978
1592002800,236.55,237.92,237.58,237.53,1596.4837785
1592006400,236.1,237.96,237.57,236.59,1739.16641434
1592010000,235.61,237.18,236.42,236.74,1272.96236764
1592013600,235.61,236.73,236.73,236,1477.01834533
1592017200,235.47,236.51,236.14,235.7,871.42084209
1592020800,234.6,235.94,235.55,235.77,1980.33396712
1592024400,235.16,235.95,235.82,235.94,508.27132953
1592028000,235.41,236.5,235.94,236.32,510.84390331
1592031600,235.95,236.71,236.32,236.63,1248.14944328
1592035200,235.98,236.74,236.62,236.74,440.10975666
1592038800,236.47,237.34,236.74,237,587.27309051
1592042400,235.63,237.11,237.01,235.86,1088.03173503
1592046000,234.11,235.99,235.87,235.44,6028.31549623
1592049600,235.01,236.84,235.31,236.44,1446.05094011
1592053200,235.55,236.58,236.45,236.36,1052.54174518
1592056800,236.31,238.39,236.41,237.81,2617.96458052
1592060400,236.94,238.13,237.81,237.26,3065.11226105
1592064000,236.69,237.76,237.35,237.3,2135.71209415
1592067600,236.99,237.73,237.27,237.17,2236.2089544
1592071200,237.17,237.97,237.17,237.5,2341.39386541
1592074800,236.29,238.8,237.5,236.94,4118.93143434
1592078400,235.76,237.56,236.78,237.01,2451.76104455
1592082000,236.8,237.66,237.04,237.28,1556.95891309
1592085600,237.11,238.06,237.39,238.05,1715.15882673
1592089200,237.92,238.6,238.05,238.17,3826.29992951
1592092800,237.33,238.22,238.18,237.7,1639.01053836
1592096400,237.17,237.81,237.69,237.42,1248.36088853
1592100000,237.46,238.59,237.46,237.85,2703.01015903
1592103600,237.41,237.97,237.86,237.52,1196.86952388
1592107200,236.98,237.71,237.52,237.1,1420.65379912
1592110800,235.41,237.45,237.1,236.28,4927.09991426
1592114400,233.41,236.54,236.3,234.36,3814.55282662
1592118000,233.55,235.35,234.37,235,1357.28156199
1592121600,234.41,236.5,235,236.15,6738.8923542
1592125200,235.74,236.3,236.11,235.85,1139.78175917
1592128800,235.78,236.3,235.84,236.17,879.16084605
1592132400,236.05,236.93,236.06,236.17,1435.44821255
1592136000,235.14,236.49,236.17,235.83,1102.95172109
1592139600,234.62,235.91,235.91,235.46,2569.54214618
1592143200,232.58,235.5,235.47,234.17,4450.7540749
1592146800,233.93,235.85,234.17,235.39,4948.95070388
1592150400,234.31,235.5,235.39,234.66,2358.7880888
1592154000,233.89,235.33,234.67,234.83,2163.35453995
1592157600,234.16,235.81,234.79,234.78,5978.36513749
1592161200,234.64,235.18,234.76,234.89,1245.82009683
1592164800,234.08,235.2,234.9,234.11,1763.78484376
1592168400,231.62,234.2,234.11,232.74,4555.44403928
1592172000,229.75,234.19,232.72,233.49,14031.7755228
1592175600,231.33,233.64,233.47,231.34,34517.01442004
1592179200,229.95,232.48,231.34,231.06,45017.35832895
1592182800,227.62,231.39,231.06,227.97,17273.48565187
1592186400,227.51,229.63,227.97,228.93,10045.9397838
1592190000,224.36,229,228.99,225.3,12792.42035638
1592193600,224.36,227.11,225.3,226.36,8571.21994992
1592197200,220.01,226.46,226.37,221.99,14936.6324411
1592200800,217.79,223.02,221.85,221.53,17892.904629
1592204400,221.33,224.4,221.52,224.11,10066.2275583
1592208000,223.24,224.52,224.1,223.9,3266.20223813
1592211600,222.58,224,223.88,223.77,5436.26996174
1592215200,222.11,224,223.77,222.4,2495.2875879
1592218800,221.76,223.91,222.22,223.09,5818.11127818
1592222400,222.04,223.9,223.09,222.27,6438.6038593
1592226000,219.85,224.01,222.27,223.72,8468.47133658
1592229600,223.82,225.26,223.82,224.24,7119.44030859
1592233200,224.26,226.61,224.26,226.4,8916.71263298
1592236800,225.8,229.2,226.4,227.45,9467.78959133
1592240400,227.46,228.42,227.62,227.71,5071.82595445
1592244000,227.71,232.37,227.71,231.83,12457.84004538
1592247600,231.44,234,231.95,232.34,11702.20501995
1592251200,231.82,233.31,232.34,232.72,4377.60815118
1592254800,231.5,233.47,232.74,231.82,6351.45837342
1592258400,229.75,232.73,231.92,231.03,3879.96615684
1592262000,230.75,231.76,231.03,230.98,2317.5956889
1592265600,229.05,231.31,230.96,229.56,1984.58552141
1592269200,229.46,230.53,229.67,229.93,2804.5169585
1592272800,228.78,230.98,229.94,230.65,4144.90659985
1592276400,230.46,234.43,230.64,233.36,13742.52744821
1592280000,232.19,233.61,233.4,233.02,4516.73677571
1592283600,232.37,233.36,233.02,232.82,1436.28079208
1592287200,231.28,233,232.82,232.06,2048.99860853
1592290800,231.81,233.29,232.02,232.84,1966.69342077
1592294400,232.03,233.26,232.86,232.91,2040.27624595
1592298000,232.91,235.18,232.91,233.89,4205.11929645
1592301600,233.66,235.52,234.02,235.31,1514.52399993
1592305200,234.12,235.33,235.31,234.22,1529.4846627
1592308800,233.12,236.02,234.22,235.77,6921.91584354
1592312400,234.02,235.88,235.87,234.74,5785.40625174
1592316000,232.21,234.77,234.71,232.31,7530.85276317
1592319600,231.35,233.33,232.33,232.76,4925.36167762
1592323200,232.55,234.25,232.92,233.87,4715.68174153
1592326800,232.99,234.08,233.87,233.47,2367.91611587
1592330400,232.9,234.11,233.48,234.08,1750.11807236
1592334000,233.12,234.09,234.09,233.97,2199.58710217
1592337600,233.38,233.95,233.9,233.74,2024.17880638
1592341200,233.73,235.75,233.78,234.62,2697.45211421
1592344800,233.95,235.38,234.62,235.16,2073.91277539
1592348400,234.5,235.75,235.22,235.34,1538.28070803
1592352000,233.38,235.77,235.35,234.02,7250.96512681
1592355600,232.45,234.36,234.02,232.66,2736.04688131
1592359200,231.96,233.69,232.62,232.42,2770.34346265
1592362800,231.98,233.15,232.38,232.8,4121.30167885
1592366400,232.48,233.36,232.73,233.13,1991.97079228
1592370000,232.19,233.44,233.08,232.56,1679.27160654
1592373600,232.29,234.87,232.56,234.34,1657.18679312
1592377200,234.18,235.15,234.34,234.7,2639.76461489
1592380800,233.94,234.89,234.73,233.99,881.99359199
1592384400,233.24,234.27,234.07,233.32,827.35516429
1592388000,233.29,233.87,233.3,233.42,665.99539199
1592391600,233.07,234.27,233.43,233.51,1359.31820726
1592395200,233.38,234.43,233.51,233.97,3136.65126967
1592398800,232.68,237,233.98,233.12,8880.68199311
1592402400,230.5,233.49,233.02,231.75,8260.72375895
1592406000,231.02,232.83,231.72,231.22,4274.63803789
1592409600,230.05,232.06,231.12,230.66,4249.43218707
1592413200,230.52,232.21,230.65,231.63,4121.332141
1592416800,231.44,232.44,231.61,231.68,1662.06070702
1592420400,229.15,231.76,231.64,229.15,6072.63185378
1592424000,227.5,231.25,229.15,231.1,13143.82952966
1592427600,231.09,232.73,231.09,232.11,3111.59062163
1592431200,231.4,232.73,232.11,232.24,1675.02246686
1592434800,232.2,234.21,232.2,233.71,2206.29913433
1592438400,232.74,233.76,233.69,233.3,3209.05684332
1592442000,233,234.5,233.29,233.33,2434.03113249
1592445600,232.68,233.44,233.33,232.99,1411.29346615
1592449200,232.96,233.78,232.96,233.26,2228.6945783
1592452800,232.51,233.53,233.39,232.66,893.91653106
1592456400,232.25,232.96,232.61,232.77,1104.3234191
1592460000,232.27,233.45,232.77,233.03,702.06513528
1592463600,232.94,233.86,232.94,233.24,963.3710906
1592467200,232.98,233.56,233.27,233.04,786.5870611
1592470800,232.46,233.95,233.02,232.53,2421.04322064
1592474400,231.14,233.33,232.3,233.23,6448.11470526
1592478000,232.69,233.36,233.24,232.9,1539.05975227
1592481600,232.63,233.2,232.89,232.78,999.83338591
1592485200,231.03,232.83,232.78,231.71,2069.60271922
1592488800,230.65,232.53,231.71,232.41,2947.6266793
1592492400,230.78,232.5,232.43,230.94,2145.81685272
1592496000,230.62,231.65,230.99,231.47,2828.52630437
1592499600,231.01,232.03,231.44,231.76,1492.46444118
1592503200,230.64,231.75,231.75,231.08,2283.00932631
1592506800,229.51,231.42,231.08,231.11,5068.26353799
1592510400,227.37,231.11,231.11,228.73,7878.31475625
1592514000,227.47,230.37,228.68,229.81,5318.04218488
1592517600,229.53,230.86,229.79,230.49,4511.31372314
1592521200,230.12,232.43,230.59,231.05,2514.00451458
1592524800,229.24,231.11,231.05,230.18,1798.20836582
1592528400,228.05,230.38,230.13,228.16,1512.5464244
1592532000,226.43,230.29,228.15,226.95,6888.55662363
1592535600,226.46,227.72,226.74,227.35,3285.49985704
1592539200,226.83,228.49,227.34,228.1,2369.87569387
1592542800,227.68,228.82,228.1,228.82,1063.1483813
1592546400,228.22,229.1,228.95,228.43,899.54378897
1592550000,227.1,228.4,228.4,228.03,2232.79566837
1592553600,227.32,228.86,228.03,228.56,737.37357867
1592557200,228.57,231.1,228.57,229.71,3800.97412835
1592560800,229.53,230.33,229.79,230.11,1714.20741608
1592564400,229.7,230.68,230.17,230.17,1674.73487529
1592568000,229.97,231.9,230.14,230.64,7519.5378734
1592571600,230.38,231.32,230.7,230.97,2720.32262535
1592575200,230.09,231.36,230.97,230.3,1947.64869463
1592578800,230.2,230.81,230.31,230.66,2460.029449
1592582400,228.43,230.9,230.66,229.5,4880.49204295
1592586000,228.18,229.67,229.5,228.47,2088.75385991
1592589600,227.75,229.13,228.5,228.8,3511.81592534
1592593200,228.5,229.36,228.79,228.74,2110.79851447
1592596800,227.71,229.25,228.74,229.25,2419.77932784
1592600400,228.53,229.67,229.33,229.44,1859.43396583
1592604000,229.07,230.23,229.44,229.4,3239.57187272
1592607600,227.61,229.8,229.4,228.66,3543.60885247
1592611200,228.34,229.19,228.67,228.66,1921.50985166
1592614800,228.39,229.77,228.63,229.48,1476.88296492
1592618400,229.22,229.77,229.51,229.75,962.17338618
1592622000,229.74,230.67,229.75,230.12,2181.36706612
1592625600,228.99,230.29,230.06,229.84,1189.72987644
1592629200,229.56,230.2,229.92,229.74,949.30175454
1592632800,229.66,230.17,229.74,229.83,822.51217919
1592636400,229.48,229.86,229.84,229.55,804.5805653
1592640000,228.26,229.54,229.54,228.34,690.44738982
1592643600,228,228.85,228.32,228.27,604.35158232
1592647200,227.96,228.54,228.24,228.43,524.69159661
1592650800,225.5,229.29,228.44,228.91,9216.23924465
1592654400,228,229.08,228.91,228.13,1763.83935674
1592658000,227.31,228.38,228.13,227.54,1413.58769907
1592661600,226.67,227.78,227.54,226.86,2752.74902212
1592665200,225.7,227.16,226.8,226.48,4326.91195384
1592668800,226.12,227.44,226.48,226.64,1682.79130222
1592672400,226.5,227.2,226.63,226.98,2185.77463049
1592676000,226.74,227.58,226.92,227.51,1217.62982491
1592679600,226.73,227.61,227.52,226.81,1278.62711458
1592683200,226.8,227.82,226.81,227.65,1984.55645254
1592686800,227.63,228.25,227.65,227.96,1506.20414966
1592690400,227.87,229.62,227.96,229.38,2408.39699904
1592694000,228.65,229.42,229.38,228.8,912.19968237
1592697600,228.46,229.39,228.8,228.97,1264.80851119
1592701200,228.92,229.27,228.97,229.27,889.52112988
1592704800,229.24,230.19,229.26,229.83,5635.2824219
1592708400,229.3,229.92,229.84,229.62,934.00752403
1592712000,229.27,229.85,229.62,229.29,1682.29755815
1592715600,229.28,231,229.28,230.78,2348.92042038
1592719200,230.17,231.29,230.8,230.21,1421.96439949
1592722800,230.1,230.62,230.2,230.23,756.80563245
1592726400,230.07,230.5,230.22,230.18,1771.78238794
1592730000,230.12,230.74,230.17,230.46,1248.01558153
1592733600,229.34,230.42,230.41,229.65,847.72872594
1592737200,229.33,229.96,229.65,229.92,790.61780095
1592740800,229.39,229.89,229.87,229.42,461.44686227
1592744400,228.62,229.42,229.42,229.3,1968.81333853
1592748000,228.9,229.48,229.3,229.26,2904.12240262
1592751600,228.88,230.65,229.25,230.44,2097.43781874
1592755200,229.63,230.6,230.44,230.03,2494.30742796
1592758800,229.58,230.04,230.04,229.72,708.21585136
1592762400,229.02,230,229.61,229.1,1481.65179765
1592766000,228.78,230.17,229.11,229.75,1542.12285305
1592769600,228.52,229.83,229.74,229.06,1649.29153886
1592773200,228.88,229.87,229.09,229.22,1443.49178227
1592776800,226.86,229.18,229.14,227.93,5219.44840692
1592780400,227.2,228.01,227.95,227.68,2521.65218251
1592784000,227.2,228.72,227.7,228.37,3299.02611594
1592787600,228.34,233.23,228.35,233,10838.11114374
1592791200,232.5,233.79,233,233.4,6163.552576
1592794800,233.47,234.3,233.47,234.13,2751.72827978
1592798400,234.12,235.53,234.12,234.72,9767.90027418
1592802000,234.02,235.73,234.7,234.15,5768.7414552
1592805600,233.53,234.57,234.09,234.04,1306.98192734
1592809200,233.95,235.3,234.05,234.8,2011.49342587
1592812800,234.7,235.66,234.79,235.53,3148.6697736
1592816400,234.76,236,235.54,234.97,2272.00535628
1592820000,234.85,235.63,234.97,235.27,3240.39480885
1592823600,234.9,236.68,235.28,236.44,2559.69038826
1592827200,236.23,239.2,236.43,238.69,10481.46524567
1592830800,237.42,239.4,238.67,238.2,6006.7451607
1592834400,237.63,238.76,238.29,237.81,3547.82994813
1592838000,237.75,241.74,237.78,241.52,12210.33005008
1592841600,241,245.48,241.51,243.95,20930.21438983
1592845200,243.29,244.99,243.91,244.76,11102.31575758
1592848800,243.65,244.98,244.75,243.74,8179.78640486
1592852400,242.26,244.37,243.74,242.47,9504.76994277
1592856000,242.46,245.42,242.47,244.82,10145.96543304
1592859600,242.88,246.95,244.81,243.02,12480.73884034
1592863200,241.74,243.6,243.07,243.18,6266.74525934
1592866800,242.53,243.62,243.22,243.23,2932.59665685
1592870400,242.82,244.75,243.24,242.89,5078.1460348
1592874000,240.73,243.23,242.88,242,5033.81952833
1592877600,241.22,242.61,241.92,242.23,4385.52315468
1592881200,241.51,242.79,242.23,242.68,2847.8686472
1592884800,242.05,242.73,242.61,242.06,1613.97996503
1592888400,241.4,242.28,242.06,241.55,1862.17793447
1592892000,241.19,242.57,241.56,242.57,1638.45935105
1592895600,242.53,244.49,242.57,244.14,2603.57165832
1592899200,242.23,244.28,244.2,242.45,2845.48481474
1592902800,241.85,243,242.4,242.85,1873.8273309
1592906400,241.95,242.8,242.8,242.04,1715.30959005
1592910000,241.95,243.74,241.99,243.27,1876.14514031
1592913600,242.76,244.09,243.3,242.76,3034.26033625
1592917200,241.42,242.77,242.77,242.71,3975.79220136
1592920800,242.2,243.78,242.7,243,3270.25729708
1592924400,242.66,244.38,243,244.38,3941.8174525
1592928000,243.22,244.78,244.42,243.43,2860.70896319
1592931600,242.76,244.01,243.39,243.84,4891.19897447
1592935200,243.31,244.18,243.85,243.7,3108.99222192
1592938800,243.61,244.8,243.71,243.74,4267.13725356
1592942400,243.23,244.37,243.75,243.31,3365.76654859
1592946000,242.54,244.15,243.3,244.07,2793.3340909
1592949600,242.26,244.06,244.06,242.64,2560.96454456
1592953200,242.29,243.14,242.6,243.12,2172.71993116
1592956800,242.89,244,243.08,243.35,3201.48969409
1592960400,242.85,243.86,243.35,243.77,1740.38358325
1592964000,243.46,245.84,243.79,245.66,3892.37856439
1592967600,244.47,245.84,245.66,245.24,3780.90467041
1592971200,244.71,248.21,245.23,247.85,7345.36676045
1592974800,247.28,249.04,247.86,248.15,6422.92833414
1592978400,247.44,248.84,248.16,248.03,3835.80189157
1592982000,241.6,248.19,248.02,242.11,6194.40003623
1592985600,241.6,243.13,242.06,242.62,1731.90132605
1592989200,241.9,242.97,242.62,242.69,1805.26287417
1592992800,236.57,242.59,242.59,237.89,15579.12458665
1592996400,237.62,239.38,237.98,237.64,6172.18582604
1593000000,236.55,240.32,237.57,240.19,4560.81779694
1593003600,238.14,240.6,240.16,238.24,6468.73848731
1593007200,234.61,238.71,238.25,235.21,14541.47346035
1593010800,230.66,236,235.19,231.9,20027.59380767
1593014400,231,234.11,231.7,233.6,8788.74764424
1593018000,232.85,234.06,233.6,233.83,4578.51395823
1593021600,233.58,234.86,233.82,233.81,7052.31299145
1593025200,233.28,234.9,233.81,233.65,4615.47184265
1593028800,233.14,234.9,233.66,234.68,3666.09034532
1593032400,233.24,235.22,234.69,234.52,3523.25284426
1593036000,234.29,235.23,234.5,234.76,2142.31211213
1593039600,234,235.55,234.89,234.44,3672.93617233
1593043200,233.12,234.62,234.44,233.92,4006.64966243
1593046800,233.79,235.24,233.94,233.87,4440.787713
1593050400,231.65,234.17,233.98,233.11,4558.67287246
1593054000,227.05,233.11,233.1,229.25,24558.6302687
1593057600,229.1,230.62,229.35,229.74,7851.90534664
1593061200,229.18,232.13,229.7,231.61,4779.64512281
1593064800,231.58,232.41,231.62,231.96,2298.76124826
1593068400,230.26,232.14,231.97,231.17,2037.98119045
1593072000,231.22,234.8,231.22,234.23,3698.06216948
1593075600,233.54,234.54,234.27,233.79,2474.92299855
1593079200,233.42,234.42,233.77,233.87,1308.09315289
1593082800,233.36,235.13,233.88,234.12,2185.20672557
1593086400,231.49,234.33,234.12,231.91,3677.38348933
1593090000,231.48,233.15,231.91,232.45,2752.55193345
1593093600,232.51,234.68,232.51,233.76,4590.87385454
1593097200,233.03,234.22,233.76,233.45,3912.30250634
1593100800,232.88,234.5,233.46,233.95,10015.07250235
1593104400,232.87,234.03,233.96,233.45,4792.52961444
1593108000,232.8,233.75,233.49,232.86,2607.55388211
1593111600,232.3,233.81,232.86,233.65,5600.07751723
1593115200,233.52,234.06,233.65,233.59,2990.98168361
1593118800,233.59,234.74,233.59,234.05,2559.73336724
1593122400,231.04,234.38,234.05,232.62,4985.29539026
1593126000,231.97,232.68,232.57,231.97,2998.08292537
1593129600,230.61,233.25,231.94,232.94,3187.37897742
1593133200,232.46,233.24,233,232.5,1631.59787662
1593136800,231.84,232.51,232.51,232.18,2205.5390929
1593140400,231.24,232.18,232,232.08,2548.74629934
1593144000,231.6,232.81,232.08,232.5,1686.12434223
1593147600,230.83,232.69,232.51,231.29,3151.34270282
1593151200,230.41,231.65,231.28,231.09,2912.31634992
1593154800,227.81,231.09,231.09,228.64,7637.68431562
1593158400,228.41,230.11,228.71,229.23,2072.72841598
1593162000,228.18,231.51,229.19,231,4350.31085345
1593165600,230.79,231.99,231.06,231.2,1988.78094389
1593169200,229.28,231.25,231.2,230.41,2544.20554392
1593172800,230.41,231.8,230.41,231.34,3670.08946996
1593176400,229.72,231.85,231.34,229.85,4500.9647822
1593180000,227.3,230.44,229.76,228.64,8098.1696504
1593183600,228.49,231,228.63,229.81,4683.09548273
1593187200,227.85,230.04,229.82,229.27,5645.4281283
1593190800,229.07,230.08,229.22,229.47,4891.26027697
1593194400,229.09,230.15,229.46,229.25,2896.61884015
1593198000,228.96,230.23,229.33,229.93,3836.68689624
1593201600,229.83,230.62,230.03,230.09,3065.83435059
1593205200,230.08,231.41,230.08,230.21,2272.87570279
1593208800,229.79,230.88,230.28,229.87,1359.38697607
1593212400,229.29,230.12,229.86,229.44,1774.82349652
1593216000,228.25,229.6,229.45,229.36,2238.81207813
1593219600,228.27,229.75,229.44,229.26,2240.53597003
1593223200,228.54,229.42,229.26,229.08,2137.91047387
1593226800,228.64,230,229.08,229.41,2947.00329728
1593230400,228.62,229.78,229.41,229.28,1468.9716299
1593234000,228.93,229.63,229.32,229.63,1715.37704271
1593237600,229.31,230.36,229.62,230.27,1502.48475925
1593241200,229.72,230.49,230.27,230.25,828.9904442
1593244800,229.97,231.1,230.25,230.07,1783.08303912
1593248400,229.18,230.13,230.08,229.3,555.10109649
1593252000,229.07,229.95,229.31,229.17,832.48897196
1593255600,228.86,230.15,229.07,229.38,1539.81784128
1593259200,229.04,229.76,229.38,229.52,878.55458782
1593262800,229.12,229.96,229.52,229.49,1437.80391231
1593266400,227.92,229.49,229.48,228.67,2598.37587885
1593270000,226.19,228.67,228.61,227.36,5197.99097128
1593273600,224.15,227.76,227.38,225.66,12770.14116621
1593277200,224.29,226.93,225.66,224.6,7960.52269648
1593280800,224.12,225.51,224.59,224.85,4526.3289112
1593284400,215.16,225.09,224.81,217.64,33668.53470911
1593288000,215.52,219.89,217.55,218.5,19150.53848861
1593291600,218.37,222.26,218.5,221.77,10898.9696625
1593295200,219.24,221.87,221.63,219.39,7756.94208711
1593298800,218.95,221.57,219.38,220.76,5236.37462482
1593302400,218.76,220.74,220.74,219.46,4678.41777848
1593306000,218.6,219.87,219.47,219.08,3054.41353277
1593309600,218.34,219.38,219.08,219.37,3891.37622215
1593313200,217.35,219.57,219.37,219.08,3240.47882212
1593316800,217.79,219.14,219.1,218.55,2498.16120501
1593320400,218.25,219.42,218.52,218.32,1424.12715795
1593324000,218.36,220.79,218.39,220.14,2968.64062107
1593327600,219.43,220.64,220.19,220.38,1274.80385167
1593331200,219.75,221.89,220.38,221.53,1759.91726082
1593334800,221.12,223.66,221.65,223.12,2567.33147528
1593338400,222.5,223.54,223.11,222.67,664.9260415
1593342000,222.74,224.54,222.74,223.03,1450.35122872
1593345600,221.86,223.56,223.03,222.93,2125.57109752
1593349200,222.49,223.32,222.95,222.9,2266.60467634
1593352800,223.13,226.45,223.13,226.22,7640.72832316
1593356400,225.1,226.18,226.16,226.05,2414.06544118
1593360000,225.66,227.93,226.05,226.01,5896.78584224
1593363600,225.22,227,226.01,226.98,1924.56381951
1593367200,226.5,227.17,226.96,226.87,993.17461841
1593370800,223.85,227.27,226.88,224,6135.36624376
1593374400,223.98,225.54,223.99,224.91,1477.53046233
1593378000,224.42,225.6,224.91,225.02,2172.36354815
1593381600,223.77,225.2,225.01,224.58,2202.2059706
1593385200,223.79,225.12,224.59,224.76,2433.45074995
1593388800,223.87,225.36,224.94,224.73,2976.50518565
1593392400,224.69,226.5,224.72,226.42,3640.34329592
1593396000,225,226.56,226.47,225.25,1558.8891827
1593399600,224.08,225.21,225.13,224.4,2786.90260647
1593403200,223.87,225.01,224.34,224.7,1611.49121478
1593406800,224.24,225.79,224.65,225.1,1939.72880866
1593410400,223.07,225,225,223.13,2390.06523745
1593414000,222.23,223.32,223.13,222.61,1353.30799448
1593417600,220.98,222.89,222.62,222.78,1623.03468333
1593421200,222.22,224.28,222.76,224,1211.79026105
1593424800,222.63,224.02,223.98,223.05,1340.66822152
1593428400,222.33,223.5,223.03,223.42,1095.34244093
1593432000,222.6,224.9,223.42,224.14,3834.71375407
1593435600,221.45,224.15,224.15,222.29,3951.69278486
1593439200,222.12,223.48,222.34,222.29,4113.50433226
1593442800,222.25,224.27,222.25,223.84,4673.74504989
1593446400,223.41,224.61,223.85,224.05,5881.92860992
1593450000,223.85,226.39,224,226.25,4712.93559642
1593453600,225.49,227.09,226.25,225.66,3065.49849608
1593457200,225.56,226.21,225.65,225.92,3089.52351303
1593460800,225.93,227.99,225.93,227.38,7818.7578962
1593464400,227.38,229.6,227.38,228.36,7598.31984126
1593468000,227.64,229.98,228.35,227.76,5841.75660419
1593471600,227.24,228.47,227.76,227.81,3101.00059606
1593475200,227.31,228.69,227.81,227.57,3048.28004296
1593478800,226.78,228.21,227.59,228,1994.76384224
1593482400,227.13,228.13,227.95,227.67,1073.83250483
1593486000,226.8,227.74,227.71,226.8,960.25198412
1593489600,226.23,227.53,226.78,226.33,998.25605824
1593493200,225.71,226.76,226.31,225.84,4730.34691521
1593496800,225.84,227.14,225.85,227.05,1854.68091582
1593500400,226.18,227.29,227.06,226.47,2297.11216934
1593504000,225.87,226.47,226.46,225.9,2289.05271641
1593507600,225.9,227.5,225.9,226.81,2652.21992741
1593511200,226.67,227.37,226.79,227.14,856.98758737
1593514800,226.59,227.66,227.13,227.58,1442.48016672
1593518400,223.86,227.45,227.41,224.55,3697.13716455
1593522000,222.93,225.35,224.54,224.51,6202.24140932
1593525600,224.44,226.63,224.5,226.45,5319.46318883
1593529200,225.62,226.78,226.38,226.13,2993.38793105
1593532800,225.21,226.45,226.17,225.92,1574.11519479
1593536400,224.54,226,225.93,225.29,1578.64935908
1593540000,224.81,225.66,225.28,225,1116.51369255
1593543600,224.31,225.78,224.99,224.96,3102.47724164
1593547200,224.74,225.8,224.92,225.55,1596.09636789
1593550800,225.25,226.48,225.65,226.11,3161.91663826
1593554400,224.88,226.26,226.1,225.08,1078.97068867
1593558000,225.08,226,225.09,225.48,2059.12705157
1593561600,224.11,225.5,225.5,225.02,2328.77043886
1593565200,224.24,225.21,225.01,224.81,1292.57158636
1593568800,224.57,225.91,224.79,225.43,1903.44097785
1593572400,224.27,225.74,225.44,225.41,1999.92216875
1593576000,225.32,226,225.4,225.72,3863.75772313
1593579600,225.39,225.99,225.73,225.54,2337.18491816
1593583200,224.8,225.79,225.47,225.14,1742.09956516
1593586800,225.15,226.28,225.16,225.62,1624.23886508
1593590400,225.61,228.84,225.62,228.02,8668.39160644
1593594000,227.26,228.55,228.07,227.58,3801.79463963
1593597600,227.25,228.18,227.6,227.32,3155.0796038
1593601200,226.67,227.67,227.33,227.67,2698.29667746
1593604800,226.77,227.75,227.68,227.73,2476.45884139
1593608400,227.3,229.27,227.76,228.65,9655.57445745
1593612000,228.33,229.37,228.74,228.77,5605.96590682
1593615600,228.67,229.51,228.77,229.51,5154.93082402
1593619200,228.84,232.1,229.52,231.49,8702.13727687
1593622800,231.32,232.77,231.5,232.52,6382.33048161
1593626400,231.47,232.65,232.52,231.78,4516.15511413
1593630000,230.94,232.1,231.78,231.25,3116.05253122
1593633600,231.17,232.25,231.25,231.43,1441.16700206
1593637200,230.87,231.66,231.43,231.28,3848.13631167
1593640800,230.43,231.51,231.25,231.09,2523.25550142
1593644400,230.63,231.79,231.09,231.03,2444.76795066
1593648000,230.56,231.69,231.15,230.78,2618.44525177
1593651600,230.6,231.68,230.76,231.64,2976.32792135
1593655200,231.08,232.15,231.67,231.17,2326.41206516
1593658800,230.85,231.56,231.2,231.04,2231.50003151
1593662400,231,231.5,231.03,231.21,1884.81747082
1593666000,227.95,231.71,231.21,227.95,4119.25611982
1593669600,227.75,229.08,227.9,228.38,1846.67369426
1593673200,228.25,229.07,228.46,228.63,1577.33029588
1593676800,227.78,229.27,228.64,229.01,2068.27917807
1593680400,228.57,229.41,228.99,228.95,816.29509487
1593684000,227.72,228.99,228.99,228.64,1937.37058928
1593687600,226.77,228.66,228.66,228.15,3169.38221495
1593691200,227.63,229.76,228.15,229.56,6146.98701116
1593694800,229.18,231.48,229.57,230.55,3835.49716352
1593698400,228.7,230.98,230.65,228.77,3667.00434788
1593702000,224.61,228.85,228.77,225.08,15567.755535
1593705600,222.78,226.04,225.06,225.81,13324.89127608
1593709200,225.17,226.29,225.8,225.75,4738.5538992
1593712800,224.71,226.66,225.75,226.26,3049.07360905
1593716400,224.93,226.39,226.31,225.57,1842.25416178
1593720000,224.99,226.5,225.54,226.38,1232.63330086
1593723600,225.93,228.47,226.4,227.32,3519.77987517
1593727200,226.44,228.13,227.47,227.01,2835.92865248
1593730800,226.42,227.51,227,226.48,1991.70447355
1593734400,225.4,226.5,226.43,226.3,2490.84018764
1593738000,225.86,228.18,226.35,227.45,3112.11545966
1593741600,226.26,227.63,227.45,226.58,2117.63717691
1593745200,225.93,227.01,226.57,226.39,1316.53846442
1593748800,225.64,226.75,226.49,226.72,1275.05029607
1593752400,226.36,227.44,226.71,227.22,1326.11199292
1593756000,226.59,227.52,227.25,226.66,1212.98770285
1593759600,226.51,227.49,226.66,227.16,2432.71827362
1593763200,226.72,228.07,227.22,227.01,2237.50874306
1593766800,225.5,227.57,227.02,226.34,2264.45217158
1593770400,225.52,226.65,226.33,226.43,1885.24135544
1593774000,226.11,227.24,226.42,227.14,2762.24210253
1593777600,226.78,227.8,227.15,227.39,3727.95186839
1593781200,226.88,228.26,227.37,227.13,8199.53268684
1593784800,226.26,227.46,227.16,226.78,3961.8276928
1593788400,226.22,227.33,226.77,226.96,5134.19359776
1593792000,226.55,227.38,226.96,226.88,4034.78647425
1593795600,226.49,227.19,226.87,226.58,1719.02166931
1593799200,226.14,226.99,226.58,226.29,1875.81526455
1593802800,225.57,226.42,226.29,226.42,4700.92749298
1593806400,225.96,226.87,226.41,226.86,1736.96529413
1593810000,226.28,226.98,226.87,226.82,2288.7675658
1593813600,226,226.87,226.82,226.12,1821.8114398
1593817200,224.31,226.08,226.06,225.06,3927.64152837
1593820800,224.5,225.78,224.98,225.27,2558.90478773
1593824400,224.89,225.57,225.27,225.39,1524.39898678
1593828000,225.1,226.87,225.4,226.47,5433.14884736
1593831600,225.66,226.83,226.49,226.08,2178.25500393
1593835200,225.87,226.47,226.12,226.1,960.26835724
1593838800,225.9,226.59,226.1,226.56,1290.04484023
1593842400,225.91,226.58,226.56,226.19,799.88225747
1593846000,225.82,226.4,226.12,226.1,738.55984965
1593849600,225.99,226.47,226.09,226.26,830.44109504
1593853200,225.92,226.43,226.27,226.18,1260.20075414
1593856800,225.49,226.19,226.17,225.77,859.91237177
1593860400,225.54,226.17,225.77,225.7,1298.04915503
1593864000,225.38,226.45,225.7,226.33,1948.57488996
1593867600,226.11,226.63,226.35,226.43,1207.18910837
1593871200,225.93,226.67,226.44,226.06,1577.94402448
1593874800,225.19,226.07,226.02,225.9,1644.65519243
1593878400,225.58,226.09,225.91,226,1265.40209692
1593882000,225.8,231.04,225.99,230.44,8728.54790049
1593885600,228.5,230.56,230.49,228.83,7026.01289404
1593889200,228.23,229.58,228.81,229.23,2809.52173132
1593892800,228.97,229.55,229.26,228.97,1653.81849437
1593896400,228.48,229.28,228.98,228.81,892.42542107
1593900000,228.43,229.22,228.84,228.96,803.63471137
1593903600,228.47,229.38,228.93,229.34,1509.2035458
1593907200,229.01,229.93,229.34,229.01,1769.65071124
1593910800,228.81,229.31,229.03,228.94,722.51019611
1593914400,227.72,229.1,228.9,227.94,1147.44771792
1593918000,227.56,228.3,227.95,228.22,709.31512207
1593921600,227.8,228.43,228.22,228.26,1022.39074577
1593925200,226.26,228.39,228.25,226.72,2543.99160301
1593928800,226.48,227.12,226.7,226.7,1054.13026166
1593932400,226.36,227.02,226.71,226.7,1548.19637899
1593936000,226.47,227.06,226.7,226.9,649.38761701
1593939600,223.74,226.94,226.9,224.36,4646.17769276
1593943200,223.53,225.42,224.31,225.05,3597.65799335
1593946800,225,225.62,225.05,225.18,726.80219986
1593950400,224.34,225.63,225.18,225.63,1758.55547795
1593954000,224.57,225.62,225.62,224.65,1604.59687643
1593957600,224.69,225.4,224.78,225.32,906.16463859
1593961200,224.88,226.28,225.29,225.02,1958.6289202
1593964800,224.81,225.65,224.93,225.18,1553.41371546
1593968400,224.83,225.55,225.15,225.23,1393.31218468
1593972000,225,225.69,225.24,225.47,1453.37664834
1593975600,225.18,225.77,225.48,225.27,1199.82495963
1593979200,224.97,225.5,225.27,225,1688.08327225
1593982800,223.5,226.98,224.95,226.13,6259.62320403
1593986400,226.13,228.03,226.13,227.52,3465.26355079
1593990000,227.04,228.3,227.57,227.67,2256.59266911
1593993600,227.08,228.23,227.62,227.13,3142.12816794
1593997200,227.28,228.27,227.28,228.16,2026.96646343
1594000800,227.76,228.91,228.17,228.09,2826.25381884
1594004400,227.56,228.32,228.1,227.98,1737.765942
1594008000,227.78,228.33,227.98,228.03,1347.07343853
1594011600,227.87,228.93,228.14,228.93,1191.52445652
1594015200,228.69,233.1,228.99,232.65,9902.3909201
1594018800,232.16,234,232.66,232.76,8484.61249228
1594022400,232.48,233.44,232.77,233.41,3015.37110737
1594026000,232.58,233.88,233.44,233.88,1095.94437066
1594029600,232.93,234.4,233.88,233.59,2836.04436966
1594033200,233.43,235.85,233.6,235.79,6788.8100143
1594036800,234.59,237.63,235.79,237.17,8559.65255792
1594040400,236.4,237.39,237.17,236.86,11070.02310591
1594044000,235.27,237.15,236.87,235.99,4217.21778795
1594047600,235.3,238.99,236.01,238.71,8822.48139809
1594051200,237.87,240.73,238.78,239.47,23235.24956619
1594054800,238.66,239.97,239.41,239.61,5910.58390356
1594058400,238.55,240.11,239.61,238.87,5441.9411718
1594062000,238,238.93,238.88,238.54,3423.08185276
1594065600,237.33,238.71,238.5,238.28,6080.65800961
1594069200,238.27,239.79,238.27,238.74,4029.81693038
1594072800,238.2,239.6,238.73,239.49,7431.3642798
1594076400,239.25,241.99,239.5,241.65,8264.50918889
1594080000,240.57,243.82,241.71,241.39,15962.44784511
1594083600,238.86,241.4,241.3,239.68,7252.54872165
1594087200,238.06,239.67,239.67,239.26,2491.1571631
1594090800,238.34,240.45,239.2,239.25,6447.95792485
1594094400,238.57,239.49,239.25,238.64,3015.70194603
1594098000,238.2,239.31,238.63,238.91,1148.84379893
1594101600,235.91,238.94,238.91,237.29,3025.66393816
1594105200,235.91,237.31,237.31,236.96,2261.16026622
1594108800,236.53,237.73,236.89,237.41,651.23128052
1594112400,234.55,237.41,237.4,234.94,2233.9026519
1594116000,234.87,236.76,234.9,236.53,1402.491982
1594119600,236.05,237.95,236.53,237.58,1028.15094519
1594123200,236.89,238.18,237.58,237.8,2397.7541687
1594126800,236.55,237.89,237.8,237.4,2043.95407393
1594130400,236.91,239.65,237.38,237.23,4879.86728178
1594134000,237.01,238.95,237.27,238.91,5704.11483021
1594137600,238.07,239.77,238.91,238.5,3250.50826394
1594141200,238.28,240.26,238.49,239.84,3117.6332538
1594144800,238.27,239.97,239.84,238.88,2544.23426866
1594148400,237.75,238.89,238.89,237.88,3168.41492282
1594152000,236.59,238.56,237.95,238.56,4694.26498863
1594155600,237.15,238.88,238.56,238.18,1998.32999891
1594159200,237.79,238.97,238.22,238.93,1865.96761725
1594162800,238.35,239.93,238.97,239.37,1772.86020091
1594166400,237.91,239.68,239.37,238.53,2774.98802959
1594170000,238.48,240.46,238.49,240.46,3349.89549502
1594173600,240.23,242.26,240.47,241.48,7065.43014535
1594177200,240.22,242.2,241.47,241.78,11085.45317341
1594180800,238.34,242.49,241.77,239.12,4251.17618153
1594184400,238.3,239.65,239.12,239.19,2974.63361024
1594188000,239.19,240.27,239.19,239.8,2749.4197086
1594191600,239.38,241.58,239.82,240.82,3625.33737432
1594195200,240.11,241.56,240.8,240.73,1798.861865
1594198800,240.23,241.69,240.73,241.09,964.92980094
1594202400,241.1,244.25,241.1,243.74,4010.98762931
1594206000,242.61,244.74,243.65,244.07,5495.99722921
1594209600,241.23,244.68,244.29,241.98,5829.54243181
1594213200,242,246.83,242,246.5,10780.42379668
1594216800,245.22,247.7,246.51,245.79,8227.02621881
1594220400,244.75,246.56,245.79,245.83,8286.77135732
1594224000,245.13,246.96,245.9,245.67,5576.25966626
1594227600,245.1,246.87,245.68,246.87,3834.90160198
1594231200,246.01,247.41,246.93,246.77,6337.49000541
1594234800,246.64,248.98,246.73,248.77,9301.27517246
1594238400,245.75,249,248.77,246.32,12009.01295404
1594242000,246.08,248.03,246.32,247.61,4364.94183388
1594245600,246.85,248.4,247.62,247.45,5204.84922005
1594249200,246.25,247.43,247.43,247.14,5317.17036279
1594252800,244.13,247.11,247.11,245.78,6824.44668954
1594256400,244.62,245.98,245.78,244.67,3802.44285621
1594260000,243.1,245.54,244.65,244.58,6826.05074562
1594263600,243.96,244.98,244.51,244.81,3276.69695988
1594267200,244.38,245.76,244.73,244.94,2471.90655563
1594270800,244.62,245.64,244.93,245.22,2248.51505841
1594274400,245.08,247.52,245.09,247.4,2545.91460581
1594278000,246.33,247.53,247.44,246.79,1916.44009291
1594281600,245.77,246.79,246.79,246.09,1512.34907474
1594285200,245.34,246.65,246.1,246.09,1284.74376314
1594288800,244.62,246.23,246,244.76,1642.80969548
1594292400,244.36,246.54,244.76,246.54,2062.29841913
1594296000,246.25,247.67,246.46,247.42,4203.78286194
1594299600,244.86,247.64,247.38,245.65,4413.95071753
1594303200,241.29,245.72,245.63,242.36,9970.6721168
1594306800,237.04,242.23,242.23,240.05,22457.50625025
1594310400,239.21,240.83,239.78,240.35,6928.5237155
1594314000,239.42,240.91,240.32,240.05,5810.00302401
1594317600,239.91,240.92,240.06,240.47,4033.43800364
1594321200,238.41,240.57,240.49,240.03,4537.26502094
1594324800,239.4,241.63,240.05,241.34,2340.45081036
1594328400,241.12,242,241.34,241.85,2463.53228144
1594332000,240.91,242,241.83,241.79,1683.33976406
1594335600,240.86,242.11,241.79,242,2441.87825413
1594339200,240.57,242.12,242,240.57,1217.66200726
1594342800,240.19,241.29,240.57,240.87,1074.63425641
1594346400,239.87,240.99,240.82,240.76,1495.24075443
1594350000,239.87,241,240.78,240.36,2179.85113575
1594353600,236.19,240.36,240.36,236.84,7906.63814454
1594357200,235.56,237.96,236.76,237.69,6613.86250185
1594360800,237,238.16,237.68,237,5224.16906141
1594364400,236.72,238.42,237.08,237.74,7274.21758014
1594368000,237.74,240.12,237.74,238.79,2652.76083378
1594371600,238.12,239.16,238.91,239.03,839.39706028
1594375200,238,239.34,239.03,238.75,777.35999838
1594378800,237.72,239.54,238.88,237.92,2345.03887607
1594382400,238.05,239.3,238.1,239.02,1862.50857248
1594386000,238.35,239.47,239.02,239.08,2520.19097502
1594389600,238.12,239.81,239.03,239.31,2746.8353387
1594393200,239,240.59,239.3,240.46,5162.24216304
1594396800,239.01,240.63,240.48,239.57,2584.08813613
1594400400,238.46,239.61,239.56,239.29,2114.69522418
1594404000,238.56,239.29,239.28,238.95,2288.52932983
1594407600,238.89,239.84,238.96,239.5,2286.89767554
1594411200,239.02,239.95,239.51,239.16,1709.50668447
1594414800,238.51,239.58,239.15,239.07,1807.56249509
1594418400,238.68,240.36,239.06,239.9,1946.78562178
1594422000,239.7,241.59,239.92,241.2,4651.2066963
1594425600,240.86,241.58,241.26,240.86,1362.51436366
1594429200,240.19,241.35,240.86,241.27,1814.59604335
1594432800,240.83,241.58,241.29,241.19,1231.68766782
1594436400,239.39,241.25,241.22,240.46,5034.95873924
1594440000,239.62,240.81,240.44,239.89,1171.33248871
1594443600,239.7,240.52,239.88,239.7,1170.79705154
1594447200,239.7,240.16,239.73,239.88,926.37615889
1594450800,240.06,240.89,240.06,240.56,569.5535136
1594454400,240.13,240.57,240.57,240.27,573.409117
1594458000,237.65,240.27,240.26,238.36,2233.44288769
1594461600,238.27,239.17,238.31,238.7,623.4631283
1594465200,238.49,239.4,238.65,238.56,749.67104509
1594468800,238.33,239.22,238.5,239.01,1168.6639332
1594472400,238.23,239.26,239.01,238.83,1504.29305548
1594476000,238.35,240.34,238.82,240.21,1738.20066043
1594479600,239.47,240.23,240.23,239.53,1174.32645106
1594483200,239.01,240.34,239.53,239.07,1268.32640175
1594486800,238.61,239.52,239.09,238.96,1949.72252717
1594490400,238.61,239.2,238.96,239.07,1067.06682882
1594494000,237.43,239.09,239.07,237.94,7135.80696297
1594497600,237.98,238.7,237.98,238.7,1082.7247077
1594501200,238.49,238.97,238.7,238.94,792.94945695
1594504800,238.57,239.41,238.94,238.81,800.94099942
1594508400,238.6,239.74,238.8,239.17,1723.12830342
1594512000,239.1,240.01,239.18,240,2406.27831314
1594515600,239.91,240.75,240.01,240.27,2637.21521646
1594519200,240.22,240.89,240.22,240.49,1071.87061251
1594522800,240.51,241.55,240.57,241,5401.3453143
1594526400,240.37,241.59,241.01,240.76,2664.67909972
1594530000,240.32,241.11,240.75,241.08,884.77228588
1594533600,240.43,241.15,241.11,240.5,551.35766953
1594537200,240.22,240.71,240.5,240.55,608.66883684
1594540800,239.88,240.97,240.54,240.12,1080.09775335
1594544400,239.38,240.41,240.1,240.4,1298.15514209
1594548000,239.89,240.59,240.38,239.99,1103.00167807
1594551600,239.38,240.16,239.99,239.55,1010.98694064
1594555200,239.46,240.82,239.55,240.81,1493.29904306
1594558800,236.51,243.9,240.81,237.47,13027.91312385
1594562400,236.71,238.14,237.55,237.81,3348.38221753
1594566000,237.26,237.98,237.74,237.72,1764.04639498
1594569600,237.15,238.55,237.62,238.31,1494.51342081
1594573200,237.91,238.46,238.31,238.39,1276.35896602
1594576800,238.13,238.72,238.38,238.57,1138.72405393
1594580400,236.94,238.9,238.56,238.66,3361.73253039
1594584000,238.35,239,238.55,238.69,1644.4308947
1594587600,238.33,239.33,238.69,239.09,3214.16654568
1594591200,239.11,241.08,239.16,240.65,3761.89261656
1594594800,240.16,243.15,240.65,242.81,5277.99531568
1594598400,241.29,243.76,242.81,241.72,13051.1023996
1594602000,241.46,242.67,241.77,241.7,6370.75263009
1594605600,241.42,242.14,241.79,242.02,2920.01321595
1594609200,241.3,242.26,242.02,241.64,3521.22727866
1594612800,241.53,242.16,241.63,241.87,8527.68493014
1594616400,241.95,242.9,241.95,242.76,2215.5326815
1594620000,241.63,243.09,242.76,242,2610.46494417
1594623600,242,242.89,242.01,242.65,1689.11270413
1594627200,242.65,244.5,242.65,243.99,3102.56506895
1594630800,242.9,244.1,244.02,243.63,3436.703136
1594634400,243,243.9,243.68,243.89,1593.12326441
1594638000,243.73,245,243.89,244.58,2911.11511193
1594641600,243.19,245.37,244.6,244.76,3768.8545278
1594645200,243.77,244.95,244.77,244.28,6146.83157249
1594648800,242.79,244.41,244.27,242.96,6305.85222519
1594652400,242.04,243.65,242.95,242.6,3794.25738533
1594656000,242.6,243.56,242.61,243.39,3292.30647317
1594659600,242.76,243.7,243.32,243.27,4108.37443773
1594663200,240.2,243.27,243.27,241.28,5311.91046163
1594666800,236.97,241.29,241.29,238.36,20692.02857642
1594670400,237.54,239.4,238.35,238.89,6408.62596178
1594674000,238.42,239.97,238.88,239.72,3852.0183754
1594677600,238.85,239.79,239.69,239.6,4657.03246117
1594681200,238.51,240,239.59,239.44,3383.58510093
1594684800,238.48,239.56,239.25,238.62,3035.22429654
1594688400,238.22,240.01,238.65,239.36,1755.87830323
1594692000,238.87,239.77,239.36,239.22,1953.0575289
1594695600,238.55,239.55,239.25,238.55,1474.65618456
1594699200,236.66,238.7,238.55,237.61,3968.50767281
1594702800,237.28,238.05,237.63,237.98,1337.2623516
1594706400,237.63,238.7,237.96,238.17,922.29410731
1594710000,237.85,238.62,238.21,238.27,1521.10752587
1594713600,238.12,238.87,238.27,238.39,381.31683019
1594717200,238.32,238.98,238.39,238.76,716.41329735
1594720800,237.78,238.89,238.74,238.63,1573.63053701
1594724400,237.45,240.62,238.66,240.54,5135.30223789
1594728000,239.33,241.09,240.6,239.54,3042.21236451
1594731600,238.62,240.08,239.58,238.87,2730.88909547
1594735200,238.43,239.63,238.88,239.24,2370.10632817
1594738800,239.07,240.72,239.27,240.24,8935.98927358
1594742400,239.34,240.48,240.28,240.07,5451.64171805
1594746000,239.74,241.69,240.07,241.09,9361.09022439
1594749600,240.51,241.41,241.16,240.99,3661.40196191
1594753200,240.5,241.55,240.98,241.54,2557.44501533
1594756800,241.14,242.01,241.55,241.43,2799.3369872
1594760400,240,241.6,241.43,240.33,2180.11490586
1594764000,240.32,241.12,240.33,240.5,2235.99846345
1594767600,240.33,241.22,240.5,240.43,1421.29809417
1594771200,240.4,241.44,240.4,240.63,3412.45585321
1594774800,239.76,240.96,240.63,240.48,1902.28530538
1594778400,239.69,240.52,240.51,240.29,1778.45548213
1594782000,238.37,240.56,240.29,238.94,14280.22581219
1594785600,238.26,239.95,238.94,239.89,10730.23686596
1594789200,239.53,240.23,239.84,240.06,2022.97822352
1594792800,239.15,240.02,239.99,239.36,1770.59198585
1594796400,238.87,239.6,239.36,239.57,1928.20183573
1594800000,238.77,239.56,239.56,239.37,957.13580883
1594803600,238.11,239.66,239.33,239.01,1956.00953606
1594807200,238.74,239.97,238.94,239.73,1384.44771315
1594810800,238.89,240.04,239.63,238.98,2971.36873207
1594814400,238.87,239.73,238.94,239.62,5181.33750868
1594818000,239.21,239.85,239.62,239.5,2893.13414411
1594821600,238.95,239.96,239.5,239.75,4215.95885961
1594825200,237.73,239.8,239.77,238.03,9240.74803352
1594828800,236.51,238.47,237.97,238.01,8016.42638746
1594832400,237.43,238.27,237.92,237.56,3712.45114224
1594836000,236.66,238.33,237.56,236.9,17005.09364684
1594839600,236.36,237.59,236.9,237.1,11000.58126508
1594843200,237.08,238.36,237.12,237.99,3014.31277501
1594846800,237.88,238.76,238.01,238.76,2018.59376651
1594850400,238.1,238.82,238.74,238.27,1405.00418625
1594854000,237.8,238.82,238.28,238.33,3374.6310519
1594857600,237.7,238.64,238.35,238.58,2680.27341823
1594861200,238.22,239.16,238.59,238.88,3693.47697374
1594864800,238.12,239.15,238.93,238.18,2226.16557262
1594868400,237.94,238.49,238.19,238.28,1494.39183431
1594872000,238.1,238.68,238.34,238.16,1324.98613975
1594875600,237.34,238.54,238.16,238.18,2380.27445904
1594879200,233.36,238.34,238.12,234.62,8106.9031828
1594882800,229.77,234.81,234.62,232.21,9013.29153074
1594886400,231.49,232.89,232.21,232.42,2566.68554347
1594890000,230.51,232.41,232.41,230.79,3871.05975222
1594893600,229.9,231.56,230.71,231.55,4674.61251423
1594897200,231.19,232.07,231.55,231.28,2398.80708762
1594900800,231.27,232.57,231.28,231.76,2573.29107816
1594904400,231.5,232.29,231.76,232,4793.33277039
1594908000,231.55,232.75,232,232.55,3073.68352398
1594911600,232.27,233.19,232.6,232.91,4339.35858478
1594915200,232.43,233.79,232.94,232.63,3571.39141815
1594918800,232.63,233.29,232.64,233.15,2135.87329956
1594922400,232.34,234.49,233.16,232.54,27805.3432294
1594926000,230.87,232.83,232.66,232.13,40002.24508194
1594929600,231.61,232.74,232.13,232.65,3253.07674995
1594933200,231.05,233.52,232.66,232.71,3672.4550267
1594936800,232.71,233.46,232.71,233.36,1625.42717795
1594940400,233,233.97,233.36,233.41,2400.10352002
1594944000,232.71,233.87,233.47,232.76,2151.0445439
1594947600,232.78,234.33,232.79,233.49,3515.473319
1594951200,233.45,234.13,233.49,233.52,1831.56406692
1594954800,232.58,233.65,233.54,233.03,2235.1010331
1594958400,230.87,233.4,233.04,231.88,20283.75224249
1594962000,231.46,232.64,231.89,232.46,8448.8223729
1594965600,232.45,233.62,232.46,232.83,1832.9134083
1594969200,232.63,233.41,232.83,232.83,1419.65013196
1594972800,232.16,233.22,232.85,232.68,1474.26884087
1594976400,232.25,233.13,232.68,232.94,1594.85479202
1594980000,232.63,233.44,232.94,232.69,1621.65168766
1594983600,231.71,233.18,232.69,233.13,4085.59331515
1594987200,233.15,234.55,233.15,233.48,6080.90972
1594990800,232.93,233.79,233.49,233.21,1865.766771
1594994400,232.56,233.21,233.21,233.12,2575.42021722
1594998000,232.74,233.67,233.14,233.09,2824.95465852
1595001600,232.67,233.53,233.09,233.07,2035.31105526
1595005200,232.36,233.22,233.07,232.86,2172.08649533
1595008800,232.73,233.5,232.74,233.24,2161.49951716
1595012400,232.83,233.4,233.24,233.06,1860.61014485
1595016000,232.41,233.53,233.03,232.45,1297.63391132
1595019600,232.35,232.93,232.45,232.77,595.19303703
1595023200,232.43,232.99,232.82,232.96,2361.23041786
1595026800,232.61,233.33,232.96,232.63,1320.3037717
1595030400,232.47,233.29,232.59,232.6,1474.79448572
1595034000,232.5,233.07,232.6,232.56,2227.66485002
1595037600,232.24,233.3,232.54,233.03,2435.91790145
1595041200,232.45,233.1,233.05,233.03,2373.15329589
1595044800,232.9,233.5,233.04,233.15,2559.18615842
1595048400,232.87,233.3,233.16,233.14,1021.7878825
1595052000,233.01,233.39,233.15,233.1,1155.51992806
1595055600,233.07,233.51,233.09,233.3,645.87984002
1595059200,233.06,234.45,233.3,234.24,2448.29694089
1595062800,234.38,235.5,234.4,234.92,2733.40353382
1595066400,234.76,235.32,235.08,234.78,671.1232235
1595070000,234.87,235.5,234.87,234.95,1496.91572922
1595073600,234.78,235.5,234.95,234.86,1618.42848068
1595077200,234.2,235.31,234.87,234.65,1989.73258439
1595080800,234.38,234.99,234.65,234.94,1396.65433922
1595084400,234.42,235.14,234.97,235.13,1528.64553702
1595088000,234.5,235.19,235.14,234.7,2050.95023508
1595091600,234.77,235.12,234.78,234.93,1719.90780821
1595095200,234.78,236.4,234.93,235.87,7224.09025355
1595098800,235.4,236.97,235.86,235.72,3430.51240175
1595102400,235.68,236.62,235.73,236.36,2114.33836227
1595106000,235.65,236.4,236.36,236.16,1904.46495913
1595109600,235.5,236.16,236.15,235.64,1137.76033101
1595113200,235.61,236.17,235.67,235.72,988.95558066
1595116800,235.66,236.18,235.69,236.18,1263.75197286
1595120400,235.51,236.2,236.2,235.7,1690.29457894
1595124000,235.11,235.8,235.68,235.11,1300.58337324
1595127600,234.69,235.2,235.08,235.05,2667.1753985
1595131200,234.63,235.09,234.88,234.87,1077.5170941
1595134800,234.03,235.16,234.92,234.11,1264.44516501
1595138400,233.31,234.66,234.11,234.64,693.8240217
1595142000,234.21,234.71,234.6,234.61,1631.40728685
1595145600,234.31,234.92,234.61,234.88,444.99171014
1595149200,234.5,234.89,234.89,234.84,618.17731048
1595152800,233.38,234.88,234.84,233.8,1111.82841398
1595156400,233.32,234.15,233.73,233.76,561.39846302
1595160000,233.28,234.12,233.76,233.94,1332.60641173
1595163600,233.5,234.05,233.94,233.85,2016.99663886
1595167200,233.75,234.19,233.85,234.04,1022.7437855
1595170800,233.59,234.28,233.98,233.74,2470.33625195
1595174400,233.52,235.09,233.73,234.56,1795.11231901
1595178000,234.41,235.2,234.54,234.71,4247.76009296
1595181600,234.68,235.58,234.71,235.4,1530.62530997
1595185200,234.79,235.71,235.41,235.41,2087.50033978
1595188800,234.97,235.71,235.47,235.59,2330.86142306
1595192400,235.07,235.82,235.63,235.71,1713.03555906
1595196000,235.63,238.27,235.71,237.87,5966.38814197
1595199600,237.96,240,237.96,239.17,6761.52430989
1595203200,238.7,239.8,239.26,238.77,2329.49548417
1595206800,238.03,239.09,238.78,238.14,3644.46937766
1595210400,237.81,238.8,238.15,238.65,3957.10812277
1595214000,238.36,239.06,238.64,238.78,1660.77168827
1595217600,238.26,238.92,238.77,238.52,1271.92086398
1595221200,238.42,239.27,238.53,239.25,1815.93335057
1595224800,238.24,239.26,239.25,238.39,3523.53342266
1595228400,238.3,238.7,238.39,238.55,1588.40942875
1595232000,238.47,239.13,238.55,238.92,1342.73761781
1595235600,238.75,239.37,238.91,238.75,1572.71366048
1595239200,237.16,238.75,238.75,237.6,3398.88963011
1595242800,237.26,238.02,237.47,237.4,1834.53348096
1595246400,237.23,238.35,237.39,238.19,3764.02396655
1595250000,237.31,238.2,238.2,237.47,3368.39754995
1595253600,237.3,238.23,237.48,237.49,5496.84427456
1595257200,237.28,238,237.48,237.9,5211.25720072
1595260800,237.36,238.15,237.94,238.11,3166.6325812
1595264400,238.13,238.96,238.14,238.56,2488.5586817
1595268000,237.81,238.93,238.56,238.08,4200.06800588
1595271600,233.85,238.12,238.12,235.41,8978.5453159
1595275200,235.01,236.5,235.41,236.44,2920.95477291
1595278800,235.56,236.42,236.37,236.02,4036.25147454
1595282400,235.65,236.34,236.02,236.26,1484.11865932
1595286000,236.04,236.93,236.26,236.1,2279.25975409
1595289600,235.77,236.89,236.12,236.79,2112.43206798
1595293200,236.79,237.49,236.79,237.1,2805.14756588
1595296800,236.7,237.25,237.11,236.96,2450.1688997
1595300400,236.3,237.13,236.95,237.07,1089.64336811
1595304000,236.75,237.24,237.07,236.8,947.96194751
1595307600,236.71,238.19,236.8,238,1824.34006945
1595311200,237.38,238.3,238.04,238.04,1154.95915377
1595314800,237.89,242.73,238.04,241.87,8191.1434588
1595318400,241.32,243,241.95,241.45,4561.94063669
1595322000,241.45,242.52,241.45,241.82,3671.88647288
1595325600,241.81,243.23,241.82,243.19,4422.54296468
1595329200,242.29,243.5,243.19,243.29,14055.69009471
1595332800,243.29,244.8,243.3,244.18,12030.67929523
1595336400,243.16,245.25,244.16,244.23,10623.86719301
1595340000,243.1,244.63,244.23,243.72,5003.13231186
1595343600,242.75,243.91,243.72,243.73,5207.91871437
1595347200,243.5,244.23,243.74,244.12,7614.45574054
1595350800,244,244.56,244.12,244.55,5169.47851913
1595354400,244.54,246.93,244.56,246.38,14033.81678826
1595358000,244.98,247.18,246.39,245.63,9258.57082319
1595361600,244,246.09,245.61,245.37,3172.17211446
1595365200,244.11,246.22,245.37,244.92,6536.3233149
1595368800,244.15,245.26,244.92,244.66,3313.36071913
1595372400,244.34,245.88,244.65,245.65,2827.15540152
1595376000,244.35,245.92,245.64,244.48,3480.38100598
1595379600,243.5,245.18,244.49,244.71,2892.33284356
1595383200,244.1,244.79,244.63,244.38,3048.6082197
1595386800,243.95,244.79,244.29,244.6,1267.79233777
1595390400,243.76,244.59,244.59,243.79,1141.5539027
1595394000,243.2,244.3,243.78,243.87,2959.91450317
1595397600,243.7,244.2,243.87,243.72,1405.9581776
1595401200,241.62,244.61,243.77,242.28,3122.97461892
1595404800,241.65,242.96,242.29,242.39,2765.96046375
1595408400,242.27,243.32,242.39,243.08,1207.20001296
1595412000,242.98,243.77,243.08,243.65,1366.9963277
1595415600,243.57,244.58,243.65,244.05,2451.84242266
1595419200,243.1,244.06,244.05,243.35,1805.94404557
1595422800,243.07,243.79,243.36,243.7,3176.13779107
1595426400,242.76,244.54,243.7,244.54,4031.30025071
1595430000,244.03,245.34,244.54,244.72,4052.36976215
1595433600,243.6,244.86,244.72,243.61,2948.85376921
1595437200,243.59,245.18,243.61,244.91,2872.89623062
1595440800,244.51,245.39,244.9,244.99,4436.52457949
1595444400,244.79,245.8,245.01,245.39,3748.35329827
1595448000,244.98,246.27,245.39,245.89,4932.77597895
1595451600,245.54,247.8,245.89,247.79,7039.82177586
1595455200,247.21,269.49,247.8,262.8,62130.3042772
1595458800,262.23,266,262.64,264.28,24434.79982594
1595462400,263.57,266.42,264.28,264.82,14178.35488722
1595466000,263.56,266.47,264.87,266.03,12589.01878606
1595469600,263.8,266.15,266.02,263.99,8143.408593
1595473200,263.4,264.5,263.99,264.17,7065.29890618
1595476800,263.2,264.3,264.18,263.86,3952.72857101
1595480400,260.1,263.86,263.86,262.33,7461.64795363
1595484000,262.2,263.03,262.37,263.01,3460.73009325
1595487600,262.41,263.19,263.01,262.75,1999.05528701
1595491200,262.45,264.99,262.79,264.92,3293.09047933
1595494800,263.27,265,264.99,264.04,3978.34431232
1595498400,263.27,264.73,264.04,263.83,2941.41191307
1595502000,263,264.61,263.89,264.55,4391.81475358
1595505600,263.92,265.81,264.52,263.99,9324.07873783
1595509200,263.89,265.33,264,264.98,5750.24818364
1595512800,262.1,269.8,264.99,265.1,18806.69014322
1595516400,263.92,269.35,265.1,268.5,13198.67932616
1595520000,267.87,282.6,268.51,281.75,87054.50861104
1595523600,274.62,282.45,281.59,275.71,52924.45293821
1595527200,273.4,276.52,275.71,274.82,10629.54306092
1595530800,274.23,276.59,274.82,274.95,10134.3753855
1595534400,271.62,274.97,274.94,273.35,10594.21095874
1595538000,272.59,275.92,273.34,275.01,5594.26193142
1595541600,274.44,276.37,275,274.71,5806.27778798
1595545200,274.27,276.09,274.7,275.68,5820.11056682
1595548800,273.41,275.64,275.56,274.35,4657.53976469
1595552400,272.96,274.42,274.36,273.55,4403.8880596
1595556000,273.08,274.63,273.53,274.34,3366.344089
1595559600,271.9,274.54,274.34,273.21,4511.31402516
1595563200,271.4,273.52,273.11,271.4,3682.94336285
1595566800,269.32,273.85,271.3,273.63,6828.40154012
1595570400,268.39,273.65,273.65,269.13,7186.08517804
1595574000,268.55,271.14,269.12,271.14,4315.31798729
1595577600,269.82,271.59,271.14,270.84,3648.98816604
1595581200,270.84,273.27,270.84,273.25,3345.06012681
1595584800,272.41,276.49,273.25,275.46,6562.81046665
1595588400,274.71,276.6,275.57,276.4,1059.95735296
1595592000,274,276.41,276.4,274.77,1658.95737562
1595595600,272.47,276,274.77,272.47,3827.7905779
1595599200,272.51,275.41,272.51,275.28,6514.48168666
1595602800,274.58,279.92,275.2,278.65,14298.23980584
1595606400,275.29,280,278.56,278.94,9073.41069282
1595610000,276.51,279.55,278.76,279.4,6792.66293834
1595613600,278.68,284.79,279.39,282.34,30469.31817807
1595617200,281.02,283.93,282.34,283.5,8887.64971372
1595620800,282.13,287,283.5,286.16,13792.63601183
1595624400,285.13,287.8,286.16,285.25,10766.67922444
1595628000,280.3,286.02,285.32,281.02,11001.67050169
1595631600,278.1,282.23,281.01,279.59,10291.08407694
1595635200,279.62,282.8,279.66,280.92,10451.56951978
1595638800,280.31,283.4,280.92,283.17,7141.42410488
1595642400,282.29,284.15,283.17,283.49,6709.07986742
1595646000,283.03,284.7,283.48,283.2,7955.8885844
1595649600,282.18,283.71,283.2,283.7,3720.83241936
1595653200,282.94,285.42,283.7,284.65,8897.46373411
1595656800,284.1,286.24,284.64,284.66,3820.44224708
1595660400,282.96,284.66,284.66,283.42,3306.4373542
1595664000,282.96,284.93,283.34,284.17,3372.22316647
1595667600,283.03,285.15,284.1,283.43,2951.16680402
1595671200,281.82,283.85,283.43,282.93,3882.91547498
1595674800,282.61,284.12,282.92,282.98,1828.30331643
1595678400,282.78,285.57,282.93,285.31,5317.39822588
1595682000,282.2,288.26,285.32,284.4,15048.0193866
1595685600,283,284.72,284.43,284.27,4207.55635979
1595689200,283.95,286.83,284.26,286.55,7460.10156526
1595692800,284.18,291.18,286.55,289.43,12878.10544647
1595696400,288.8,298.17,289.28,298.02,29595.37591944
1595700000,292.6,298.39,297.81,296.36,17475.41985803
1595703600,294.38,297.53,296.37,297.16,11049.02303134
1595707200,297.12,308.76,297.12,306.34,34589.89072143
1595710800,302.1,307.75,306.35,303.76,18798.70888839
1595714400,303.07,307.62,303.78,306.89,9366.22073481
1595718000,303.52,310,306.89,305.66,15262.84420081
1595721600,300.21,305.59,305.55,302.79,11360.61606733
1595725200,300.71,303.01,302.75,302.28,8523.85093673
1595728800,301.84,304.15,302.38,303.24,8922.1708584
1595732400,302.32,304.16,303.24,303.07,7512.00830937
1595736000,301.4,303.65,303.07,303.11,4564.5096214
1595739600,302.56,304.21,303.12,303.25,3163.31780804
1595743200,302.98,307.44,303.24,306.94,4707.22053784
1595746800,305.49,312.17,306.78,311.66,13454.18607492
1595750400,310.59,318.73,311.65,316.21,18124.74531601
1595754000,313.35,316.98,316.38,314.35,7520.25085561
1595757600,304.6,319.86,314.34,310.83,26404.31708823
1595761200,307.5,310.86,310.82,309.45,6258.06767585
1595764800,301.5,309.91,309.45,304.1,15543.13990036
1595768400,302.98,308.32,304.22,307.18,8567.27615554
1595772000,306.8,314,307.06,313.22,13910.94236087
1595775600,310.4,313.97,313.21,311.17,12482.88215891
1595779200,306.32,314.43,311.14,306.33,14818.74244576
1595782800,306.81,310.88,306.81,308.42,7268.35733041
1595786400,304.16,309.17,308.39,308.73,10318.09664633
1595790000,306.28,309.97,308.73,307.15,6786.16630204
1595793600,306.19,311.69,307.15,310.78,8966.10130898
1595797200,309.56,313.2,310.72,310.66,9330.98458433
1595800800,310.58,313.19,310.58,311.79,6666.71128712
1595804400,310.11,312.48,311.78,311.35,3030.35436108
1595808000,311.38,319.38,311.43,314.67,17491.86073458
1595811600,314.47,326.45,314.66,324.54,36195.30903516
1595815200,321.31,325.27,324.33,324.47,13230.15162731
1595818800,324.39,329.99,324.39,325.72,33987.76182755
1595822400,322.08,327.43,325.71,323.62,16025.46839691
1595826000,323.44,326.82,323.63,323.66,7243.64996836
1595829600,323.45,328,323.6,327.85,6242.69146014
1595833200,320.06,327.85,327.85,320.32,6834.84250574
1595836800,316.98,322.88,320.34,322.52,7845.20894517
1595840400,321.95,324.97,322.49,324.62,3688.98571969
1595844000,322.68,325.41,324.57,324.24,3120.59521681
1595847600,322.72,326.5,324.35,325.52,5498.04226583
1595851200,323.53,327.32,325.66,325.86,9039.87107945
1595854800,322.01,327.34,325.76,325.17,13836.22652197
1595858400,318.15,325.32,325.16,319.61,25387.22837729
1595862000,311.56,319.68,319.34,313.21,27145.26885392
1595865600,313.14,320,313.36,315.82,23457.7113634
1595869200,315.99,324.56,316.04,324.56,22855.23028287
1595872800,321.68,325.99,324.47,323.47,16146.13355442
1595876400,321.79,324.91,323.51,324.68,7627.52347439
1595880000,323.07,324.99,324.68,324.48,7810.91265824
1595883600,320,324.48,324.48,322.86,12461.39346814
1595887200,321.54,334.34,322.89,328.32,54569.40523745
1595890800,313.84,328.44,328.31,322.24,34337.90372035
1595894400,322.41,327.34,322.41,325.1,11347.23174758
1595898000,321.93,326.8,325.2,324.38,8808.51896541
1595901600,318.2,324.4,324.11,318.42,12388.59714888
1595905200,316.61,320.65,318.62,319.74,11792.41628568
1595908800,318.26,322,319.82,321.99,7491.97676443
1595912400,316.45,321.96,321.96,317.49,5461.11269819
1595916000,315.95,319.33,317.48,318.09,5041.01530563
1595919600,315.45,319.44,318.12,316.05,3684.13716987
1595923200,312.67,316.86,316.05,313.49,11012.02187709
1595926800,306.36,314.84,313.49,310.33,14593.73022905
1595930400,306.29,314.29,310.27,313.52,13169.81143412
1595934000,313.18,318.24,313.58,317.3,4763.33762834
1595937600,312.22,318.7,317.3,315.85,4947.10828528
1595941200,313.23,317.28,315.85,315.62,7125.47107675
1595944800,314.85,320.62,315.58,320.1,12631.89437834
1595948400,316.91,322.39,320.1,322.35,10416.51057543
1595952000,314,323.49,322.35,316.39,17238.93307645
1595955600,315.26,318.94,316.47,316.87,6059.03604292
1595959200,315.61,319,316.86,316.59,8362.78758484
1595962800,315.1,319.04,316.61,318.79,7110.41949126
1595966400,317.62,321.54,318.83,319.96,6618.82045789
1595970000,317.5,322.03,319.96,318.51,7378.98053475
1595973600,316.31,319.35,318.55,318.17,5917.83799521
1595977200,316.96,320.13,318.1,317.59,5033.85364446
1595980800,314.49,319.5,317.52,314.73,8622.16482236
1595984400,312.66,316.87,314.74,315.62,6573.82774757
1595988000,314.78,316.59,315.63,316.02,4155.17949716
1595991600,316.02,317.94,316.03,316.82,6250.55103725
1595995200,314.9,317.12,316.96,315.64,6317.36809711
1595998800,314.52,319.45,315.64,318.38,8713.42242265
1596002400,317.92,322.98,318.38,322.28,7829.50200941
1596006000,320.04,322.51,322.28,321.32,2586.18368492
1596009600,321.26,325.35,321.32,324.94,4636.85263241
1596013200,319.69,325.05,324.99,321.06,6352.65874303
1596016800,320.34,323.53,321.03,323.42,2664.34577963
1596020400,320.74,324.09,323.13,323.21,3856.88624044
1596024000,321.43,323.66,323.21,321.48,5876.50810503
1596027600,320.01,322.75,321.47,322.31,5995.74270272
1596031200,318.81,325.85,322.3,321.33,14068.35190144
1596034800,320.71,323.5,321.09,321.9,10844.85430693
1596038400,321.75,323.73,321.9,322.51,7723.54428656
1596042000,320.11,322.86,322.51,321,12366.33351364
1596045600,321.01,323.72,321.03,322.41,11676.48866477
1596049200,321.7,322.93,322.41,321.99,8989.45922224
1596052800,321.7,323.33,321.99,322.63,2730.14968425
1596056400,321.6,323.89,322.6,323.71,3040.76201582
1596060000,321.5,323.79,323.71,321.82,4246.43194428
1596063600,315.74,321.82,321.82,318.16,10877.39427572
1596067200,315.38,319.76,318.15,319.52,6699.050225
1596070800,316.83,319.51,319.51,316.84,3284.15951754
1596074400,315.76,318.82,316.84,316.01,5955.11889194
1596078000,315.72,317.73,316.01,316.59,4772.34386088
1596081600,316.1,318.41,316.58,317.63,4725.23889404
1596085200,316.11,318.06,317.63,316.88,3222.67077952
1596088800,314.52,319.25,316.88,319.25,8824.41457811
1596092400,317.78,320.16,319.25,319.13,3892.54904766
1596096000,318.33,320,319.24,319.71,1209.95893772
1596099600,317.98,319.86,319.69,318.89,829.34746492
1596103200,317.01,319.02,319.02,317.31,2199.97395839
1596106800,316.69,318.46,317.3,317.94,1885.4371505
1596110400,317.45,319.45,318,317.45,3211.31360105
1596114000,315.33,319.82,317.46,318.89,6044.63982835
1596117600,317.29,319.16,318.66,317.63,3368.91661537
1596121200,317.04,319.24,317.63,319.22,4315.0911
1596124800,318.02,322.69,319.24,322.61,7369.48541225
1596128400,321.92,325,322.61,324.88,8089.83650664
1596132000,324.87,330.83,324.87,330.57,15795.84945615
1596135600,330.76,337,330.84,333.91,24366.412894
1596139200,333.6,342.4,333.86,338.57,30121.14826094
1596142800,333.63,339.83,338.57,335.68,11000.69853924
1596146400,334.02,338.08,335.69,334.94,7043.16328202
1596150000,333.54,337.26,334.93,335.31,7104.05766463
1596153600,333.77,336.99,335.25,335.3,4119.98882578
1596157200,330.18,335.8,335.31,333,9063.35664656
1596160800,331,333.7,332.99,331,8295.21372422
1596164400,328.35,333.03,331.01,329.48,6870.92559746
1596168000,329.37,333.47,329.58,333.03,4814.82164957
1596171600,332.16,333.44,333.01,332.42,3614.79366137
1596175200,332.3,338.67,332.42,338.22,7698.18244977
1596178800,335.51,338.4,338.26,337.29,6685.16404574
1596182400,336.07,340.7,337.31,338.56,8803.90452949
1596186000,336.9,339.94,338.55,337.85,2702.64269754
1596189600,337.25,344.28,337.71,343.21,6397.87340469
1596193200,341.76,347.13,343.24,344.04,12390.20990006
1596196800,341.82,345.55,344.07,345.54,7093.70048491
1596200400,339.21,345.78,345.55,343.11,10860.89218719
1596204000,342.3,348,343.11,347.84,16554.02296326
1596207600,343.1,348.37,347.83,345.19,16036.83694878
1596211200,340.34,346.69,345.18,346.02,14955.56820125
1596214800,343.14,346.19,345.86,343.26,5744.82340191
1596218400,342.01,344.47,343.22,343,5153.91117247
1596222000,342.62,345.99,343.07,343.87,9892.68698042
1596225600,343.93,346.04,344.03,345.49,5862.78463047
1596229200,344.94,349.74,345.61,347.83,10075.08158615
1596232800,344.04,348.39,347.82,344.12,8302.1178167
1596236400,343.23,346.99,344.07,346.86,7458.9762824
1596240000,344.11,347.99,346.86,344.49,6813.80514377
1596243600,343.75,346.78,344.54,345.82,5415.63732037
1596247200,345.44,348,345.83,346.97,6111.14130523
1596250800,345.78,353.16,346.97,352.58,13727.0466526
1596254400,350.54,355.25,352.61,354.36,13876.33072276
1596258000,353.85,358.69,354.31,356.22,15573.05091125
1596261600,355,358,356.21,356.42,8048.16341424
1596265200,354.13,356.92,356.38,355.25,5880.05895835
1596268800,355.24,357.64,355.25,357.18,6329.3555951
1596272400,356.22,360.82,357.18,359.7,7101.54630113
1596276000,351.7,360.2,359.7,355.21,8612.37385712
1596279600,353.35,356.79,355.23,356.53,4008.05449484
1596283200,355.89,357.76,356.53,357.49,6956.53136813
1596286800,352.95,357.43,357.35,353.95,7488.99322358
1596290400,353.63,357.42,353.96,356.6,5046.74804892
1596294000,356,358.5,356.56,358.4,6524.05042404
1596297600,358.06,364.5,358.39,362.72,17903.24671378
1596301200,362.72,374.27,362.74,374.12,27884.09135757
1596304800,367.2,374.39,374.12,372.3,15763.70205662
1596308400,372.31,389.81,372.31,384.51,45530.82765824
1596312000,383.18,388.77,384.35,386.87,20662.5215409
1596315600,384.5,394,386.7,385.24,24329.07987199
1596319200,379.03,387.79,385.23,387.77,18987.80759614
1596322800,384.46,388.75,387.77,387.4,9931.33549499
1596326400,386,392.33,387.4,388.74,12143.98212722
1596330000,388.36,399.7,388.73,399.7,25124.14626316
1596333600,395,399.71,399.55,397.7,13310.94851151
1596337200,395.72,408.4,397.63,407.87,26063.61349957
1596340800,325.75,415,407.53,373.47,151515.56470031
1596344400,365.03,386.97,373.14,370.5,58824.33018823
1596348000,363.99,375,370.51,373.71,46251.37126956
1596351600,371.66,383.43,373.74,380.3,38624.48296429
1596355200,373.64,381.78,380.23,375.65,7048.08807076
1596358800,372,378.23,375.46,378.07,6955.75618298
1596362400,369.49,378.89,378.07,372.67,9247.92839676
1596366000,351.11,373.78,372.71,361.76,25588.51720738
1596369600,357.82,368.07,361.74,359.05,15471.76237215
1596373200,358.63,366.67,359.05,365.58,10022.72003792
1596376800,361.56,372.62,365.58,369.17,12997.65058278
1596380400,367.51,371.98,369.24,368.57,14220.35525253
1596384000,368.33,383.08,368.57,382.17,15008.74585485
1596387600,382.04,389,382.17,385.04,21841.25504361
1596391200,382.18,386.7,385.03,385.65,8454.82791414
1596394800,374.02,387.26,385.66,379.52,19480.83940407
1596398400,372.71,380.31,379.53,373.19,8757.65405592
1596402000,369.47,378.83,373.2,377.74,10318.24297083
1596405600,372.25,381.34,377.74,373.71,7953.40871442
1596409200,368.33,376.16,373.7,372.21,7920.35325571
1596412800,366.34,379.32,372.19,377.94,13164.53026811
1596416400,377.97,383.93,377.98,379.73,13191.29569785
1596420000,379.66,386,379.71,383.82,5785.67296383
1596423600,378.18,384.97,383.7,379.65,4526.13865838
1596427200,379.7,382.85,379.7,381.31,4218.35302144
1596430800,379.25,384.48,381.4,384.48,5959.63202559
1596434400,382.39,386.74,384.47,384.06,7741.4661329
1596438000,383,387.35,384.22,384.97,5179.82664418
1596441600,381.57,386.4,384.96,381.65,4002.69962071
1596445200,380.27,384.57,381.65,380.49,2864.67403005
1596448800,380.27,385.75,380.38,385.61,3618.43727653
1596452400,383.68,392.12,385.57,390.87,16055.90666826
1596456000,386.52,391.59,390.87,389.74,11494.74424212
1596459600,389.38,395,389.66,393.71,13840.66920475
1596463200,392.12,399.69,393.71,394.53,18563.04067764
1596466800,388.95,397.43,394.55,394.26,17320.5682186
1596470400,389.8,398.5,394.25,390.66,16765.48230907
1596474000,389.5,396.57,390.75,395.47,9833.27027346
1596477600,393,396.6,395.58,395.51,11934.30073491
1596481200,391.5,395.53,395.53,394.11,9856.53366765
1596484800,389.71,395,394.13,391,9750.56881795
1596488400,382.56,393.46,390.99,384.5,8478.52671512
1596492000,380.37,391,384.85,384.15,14110.08705245
1596495600,380.08,387.46,384.15,386.22,18340.14173746
1596499200,384.03,403.64,386.27,400.19,31356.96736028
1596502800,396.74,400.99,400.2,398.02,21163.07212814
1596506400,391.66,399.77,398.02,393.08,9181.02813575
1596510000,386.66,395.38,393.09,391.43,12366.88207113
1596513600,388.51,394.44,391.28,393.91,8781.11317133
1596517200,390.35,394.86,393.9,393.12,8361.3004574
1596520800,389.11,393.17,393.16,391.35,4034.58369858
1596524400,390.95,395.9,391.35,394.94,4550.995278
1596528000,391.07,397.21,394.97,391.66,3726.68246568
1596531600,390.74,393.1,391.62,392.26,5175.70683663
1596535200,390.08,394.77,392.23,390.94,5063.05292484
1596538800,382,394.24,391.06,386.11,12586.23191829
1596542400,384.61,389.03,385.99,388.25,8544.57316754
1596546000,380.67,388.38,388.25,384.16,27083.08026384
1596549600,384.34,390.64,384.34,389.82,16128.13548612
1596553200,387.72,391.86,389.96,390.55,13245.21807706
1596556800,384.72,392.49,390.6,386.84,15375.38322527
1596560400,386.23,390.42,386.78,390.04,4180.94072924
1596564000,386.74,390.73,390.05,387.59,5321.50047214
1596567600,385.55,389.25,387.57,386.97,6185.4169193
1596571200,386.97,390.8,386.97,388.05,8988.36649126
1596574800,387.08,392.99,388.05,391.9,6446.69685765
1596578400,390.51,393.2,391.91,393.1,4647.80365639
1596582000,388,394.51,393.15,389.82,8495.2228049
1596585600,385.47,392.24,389.76,388.68,8479.89467762
1596589200,383.86,388.85,388.67,388.55,6354.66462926
1596592800,386.22,389.3,388.55,387.93,5274.47808042
1596596400,387.48,389.64,387.95,389.42,3883.92627988
1596600000,387.77,390.43,389.41,388.5,4971.39654906
1596603600,387.44,391.55,388.62,391.39,4329.90558171
1596607200,390.46,393.99,391.39,390.5,8249.02131209
1596610800,389.34,392.27,390.46,390.05,2402.22841209
1596614400,389.11,391.94,390.04,390.48,2893.53311418
1596618000,390.46,393.73,390.47,393.27,3268.81850945
1596621600,391.36,393.64,393.28,392.8,2310.82485252
1596625200,392.8,397.8,392.8,397.69,11127.10665229
1596628800,395.39,400.89,397.73,399.68,15939.92320241
1596632400,397.75,402.47,399.63,399.52,12616.77499247
1596636000,390.56,400,399.53,394.97,13501.36866515
1596639600,393.27,398,394.97,396.02,9761.89893297
1596643200,394.12,402.5,396.02,396.87,14628.19015904
1596646800,395.24,398.53,396.91,397.97,7595.20332153
1596650400,396.91,399.12,397.96,398,4420.29215758
1596654000,397.97,401,398,399.23,10842.45874012
1596657600,398.28,401.85,399.24,400.54,7701.54902033
1596661200,400.01,408,400.55,405.99,16725.19145167
1596664800,391.78,406.25,405.99,397.36,22050.36701222
1596668400,396.46,402.49,397.53,401.21,9048.20142034
1596672000,398.89,404.03,401.21,399.78,9735.29052587
1596675600,397,399.78,399.78,397.96,5350.36918337
1596679200,395.01,398.42,397.96,398.26,6034.48476096
1596682800,395.21,398.24,398.24,395.85,5030.637666
1596686400,392.69,396,395.77,394.52,7426.12800699
1596690000,393.01,396.21,394.5,395.12,3674.81548147
1596693600,394.72,397.57,394.93,397.28,7817.05145427
1596697200,394.91,397.51,397.24,395.42,2404.49401991
1596700800,394.91,397.94,395.39,397.71,4122.38082505
1596704400,396.35,398.1,397.71,396.78,4194.87351605
1596708000,393.71,396.94,396.78,393.98,3362.04437633
1596711600,393.71,396.33,393.99,394.88,2984.34918387
1596715200,394.72,397.44,395,397.14,2982.48377705
1596718800,396,400,397.14,399.81,9090.01739002
1596722400,395.1,399.96,399.77,396.75,9351.84316963
1596726000,396.83,401.27,396.83,399.74,8690.91277978
1596729600,397.12,400.75,399.79,398.85,9623.379523
1596733200,395.66,399.37,398.81,397.25,6093.70091916
1596736800,394.91,397.69,397.28,397.25,5923.37563086
1596740400,396.45,398.97,397.25,397.37,5227.2551588
1596744000,395.5,398.51,397.37,396.91,7312.83926615
1596747600,393.4,397.94,396.91,395.84,7306.66303656
1596751200,393.51,396.56,395.91,394.96,5761.66654027
1596754800,391,395.44,394.93,395.28,7820.19922452
1596758400,394.19,396.37,395.28,395.36,6462.93087531
1596762000,395.12,398.57,395.36,397.34,10817.68867385
1596765600,396.27,398.45,397.35,396.7,6790.08788582
1596769200,395.59,397.68,396.69,395.84,3970.77069307
1596772800,394.35,396.37,395.77,395.94,6197.98719759
1596776400,393.61,396.24,395.93,394.68,4448.52346986
1596780000,393.96,395.87,394.68,395.16,1850.3378378
1596783600,393.39,395.24,395.17,394.32,6926.49015332
1596787200,392.41,396.65,394.41,395.69,3751.69154623
1596790800,395,398.05,395.68,396.3,6840.36865832
1596794400,394.69,396.84,396.23,395,3418.88501278
1596798000,392.99,395.05,395,394.33,6281.4208367
1596801600,392.05,395.25,394.42,394.79,5121.93350431
1596805200,392.82,395.75,394.79,394.15,6564.50894156
1596808800,378.9,394.31,394.18,385.14,27867.74699141
1596812400,384.29,388.16,385.14,385.87,6708.54690521
1596816000,379.21,387.33,385.79,379.4,12388.37359651
1596819600,362.88,379.79,379.22,373.87,69393.37361479
1596823200,364,374.31,373.87,373.71,24548.5986124
1596826800,372.92,377.48,373.7,375.03,11265.78627635
1596830400,373.79,381,375.04,378,9304.02710951
1596834000,376.65,380.12,378,379.87,5205.72358178
1596837600,378.68,383.53,379.87,380.82,6036.99132972
1596841200,378.94,383.37,380.82,379.75,5946.76996652
1596844800,376.18,380.91,379.76,379.88,6344.65165769
1596848400,379.82,383.11,379.83,381.73,3102.17148536
1596852000,378.55,382.69,381.74,380.99,2945.87362674
1596855600,377,381.08,380.99,378.54,5139.20594394
1596859200,377.55,379.79,378.49,377.56,2393.17284969
1596862800,377.56,381.53,377.56,380.91,2548.51945398
1596866400,380.15,381.46,380.87,381.09,1571.39099031
1596870000,380.91,382,380.91,381.99,38.9561425
1596873600,378.55,382.4,381.99,379.17,2261.15397778
1596877200,379.19,386.71,379.19,386.33,3562.07949777
1596880800,384.66,389.31,386.44,387.7,3409.71710699
1596884400,387.72,392.63,387.72,391.96,5523.49563001
1596888000,390.48,393.49,391.97,392.05,6443.28178241
1596891600,389.55,392.61,392.01,390.67,4188.54692409
1596895200,387.75,391.44,390.65,390.24,4853.41932105
1596898800,390.25,393,390.25,390.99,5279.82510994
1596902400,386.39,391.96,391,390.56,8961.0136225
1596906000,387.2,392.9,390.56,391.97,5505.12830989
1596909600,391,391.97,391.97,391,186.55666994
1596913200,387.5,391.71,391.71,389.67,3327.95993727
1596916800,387,389.68,389.67,388.47,8118.80572568
1596920400,388.18,391.74,388.46,391.7,4893.67669708
1596924000,389,392.49,391.7,391.08,6568.34589504
1596927600,389,400.06,391.11,397.51,12448.62961142
1596931200,390.51,401,397.5,398.56,43246.40374231
1596934800,393.16,398.99,398.56,396.12,9956.24519991
1596938400,395.28,397.65,396.24,395.74,2804.54708684
1596942000,395,397.88,395.28,395.33,3173.84749715
1596945600,393.7,396.1,395.5,394.39,2505.28181567
1596949200,393,395.69,394.25,393.01,2159.13446862
1596952800,392.88,395.03,393.01,393.19,2040.21300674
1596956400,393.09,395.78,393.17,395.56,917.58868874
1596960000,393.78,396.59,395.57,394.55,1419.45480775
1596963600,384.94,395.66,394.54,389.6,6196.98190685
1596967200,387.38,392.35,389.52,391.42,5582.26325524
1596970800,390.96,393.41,391.41,392.29,4422.95717104
1596974400,387.64,392.34,392.28,389.38,4656.03412095
1596978000,386.72,390.35,389.51,388.06,5947.83418953
1596981600,384.02,388.8,387.88,385.8,7796.48420105
1596985200,384.15,388.4,385.76,387.02,4876.90295285
1596988800,386.01,391.71,386.96,388.31,6690.2229349
1596992400,384.91,389.46,388.3,385.4,4647.1492915
1596996000,385.33,390.52,385.4,390.46,3577.18499193
1596999600,389.17,391.3,390.34,389.8,4001.77239229
1597003200,389.81,393.41,389.81,393.3,6286.86642194
1597006800,388.21,394.57,393.3,389.45,4028.59611194
1597010400,387.51,391.56,389.45,389.09,4126.74770208
1597014000,387.68,390.67,389.15,390.41,2967.87508761
1597017600,390.41,393.42,390.41,391.51,6971.84310595
1597021200,390.65,395.4,391.5,395.25,5011.50648564
1597024800,393,399,395.23,396.85,21855.79592632
1597028400,395.56,398.71,396.92,397.92,8736.63476993
1597032000,396.06,400.21,397.96,396.41,14479.46908388
1597035600,393.74,397.35,396.49,395.59,4816.29001435
1597039200,394.68,397.2,395.6,397.2,8444.90822098
1597042800,395.21,397.76,397.2,395.62,3843.23416799
1597046400,395.24,397.19,395.81,396,2621.0893998
1597050000,394.02,396.2,395.99,394.78,2273.46828761
1597053600,385.44,395.89,394.78,390.45,12066.12055028
1597057200,390.3,392.72,390.34,391.48,7188.87776361
1597060800,390.66,395.53,391.47,395.24,7979.63080833
1597064400,394.27,396.58,395.24,396.53,6036.91810547
1597068000,394.73,397.32,396.54,394.85,7608.98580997
1597071600,392.31,397.83,394.77,397.57,12718.24881903
1597075200,393.55,398.49,397.52,394.48,11267.33578691
1597078800,394.34,398.11,394.49,397.79,13707.73047328
1597082400,395.72,399.24,397.78,395.83,13473.18569501
1597086000,394.46,397.57,395.96,395.87,7261.68431584
1597089600,393.29,396.91,395.87,395.26,6442.31268478
1597093200,391.89,395.58,395.24,393.92,4443.72325535
1597096800,391.96,395.64,393.91,395.1,4834.25042036
1597100400,393.65,396,395.04,395.78,4365.93643744
1597104000,393.86,396.76,395.77,395.58,5913.67811441
1597107600,395.23,397.78,395.59,397.38,6620.45811988
1597111200,396.33,398.3,397.38,396.36,6266.52964433
1597114800,393.1,397.33,396.35,394.46,6607.96665707
1597118400,393.51,396.55,394.46,394.93,3411.15813731
1597122000,393.05,395.86,394.93,395.4,1788.66520651
1597125600,390.7,395.4,395.4,391.99,5990.69713563
1597129200,388.7,393.09,391.99,391.23,5705.16773303
1597132800,389,392.28,391.22,389.35,3266.83705359
1597136400,388.93,392.67,389.49,389.81,5646.6667613
1597140000,388,391.77,389.76,391.01,4535.7831728
1597143600,390.52,392.77,391.01,391.76,2392.48564887
1597147200,386.76,391.75,391.75,387.2,5819.020825
1597150800,383,389.65,387.2,389.18,15993.00515668
1597154400,384,389.5,389.18,385.87,9872.69235936
1597158000,376.82,386.24,385.86,382.21,20657.74059641
1597161600,376.07,385.1,382.21,384.91,13883.75079659
1597165200,382,386.53,384.84,385.85,10260.62786104
1597168800,380.93,385.83,385.83,381.9,6392.60520804
1597172400,378.56,381.9,381.9,380.5,7955.59402942
1597176000,364.77,380.5,380.5,373.1,53851.6074092
1597179600,368.45,376.58,373.12,373.59,13796.92863258
1597183200,372.14,376.28,373.7,375.43,6617.59666295
1597186800,375.16,381.6,375.43,378.88,8035.95426375
1597190400,375.83,380.17,378.92,376.59,5790.49758675
1597194000,376.51,380.32,376.59,377.91,4611.06092479
1597197600,372.22,378.72,378,373.61,8724.20500373
1597201200,373.05,377.5,373.76,377.5,4347.42077875
1597204800,373.49,377.98,377.5,373.72,4283.71059477
1597208400,369.54,375,373.76,369.81,4970.73624324
1597212000,365.19,374.68,369.71,374.35,9673.82145755
1597215600,373.65,380.61,374.28,379.27,5542.12023058
1597219200,377.64,382.01,379.31,378.51,5808.03486863
1597222800,378.48,382.2,378.62,381.23,4808.310088
1597226400,380.22,385,381.19,383.9,4658.42380502
1597230000,380.92,384.98,383.9,381.81,2748.99416043
1597233600,380.03,384.67,381.81,384.66,4820.85275335
1597237200,382.92,386.98,384.67,386.73,9125.39963206
1597240800,383.86,387.25,386.78,385.88,10937.0300993
1597244400,384.11,387.59,385.88,385.19,8625.62320673
1597248000,381.91,386.47,385.18,382.98,9011.43270381
1597251600,381.05,384.15,382.99,383.76,6897.92233777
1597255200,382.53,385.14,383.76,384,21326.30225487
1597258800,384.01,389.16,384.01,387.3,21194.04430969
1597262400,386.1,389.57,387.3,386.26,7596.04539325
1597266000,381.99,386.28,386.27,382.8,13802.31005296
1597269600,382.65,387.01,382.77,386.45,6496.92860761
1597273200,385.75,387.75,386.44,387.27,7370.27804766
1597276800,386.55,394.91,387.27,394.02,18078.57778071
1597280400,391.61,395,394.02,392.09,9817.0702565
1597284000,390.21,394.13,392.09,392.24,8031.06533687
1597287600,391.62,394.81,392.42,394.8,6013.73829055
1597291200,392.72,396.27,394.79,393.47,10711.39549078
1597294800,391.01,393.28,393.28,391.99,2530.60012859
1597298400,390.41,392.89,391.98,392.34,4256.34452522
1597302000,389.1,393.05,392.33,389.81,4053.02355135
1597305600,380.85,390.1,389.83,382.89,12008.37884538
1597309200,376.46,386.58,382.89,386.41,9224.08484882
1597312800,383.2,388.51,386.41,388.38,9744.42298835
1597316400,388,398,388.5,393.99,18792.65700987
1597320000,384.39,395.47,394,388.77,13605.65988491
1597323600,386.54,393.72,388.83,391.08,9072.0683951
1597327200,388.82,393.47,391.04,392.84,8111.04836717
1597330800,389.09,393.06,392.84,392.74,7792.13513423
1597334400,387.9,394,392.81,392.31,7268.27672178
1597338000,390.09,393.35,392.31,392.27,8693.3877327
1597341600,391.43,394.38,392.26,392.27,7647.66192427
1597345200,392.27,395.4,392.28,394.17,7375.57511948
1597348800,394.18,412.78,394.18,410.84,48232.6941468
1597352400,410.43,422.5,410.43,419.11,57309.38035999
1597356000,419.14,432.94,419.21,423.73,52969.83729972
1597359600,420.01,427,423.73,424.94,22529.4441218
1597363200,424,431.35,425,425.28,26885.40628716
1597366800,422.61,427.5,425.29,425.88,16331.91790756
1597370400,421.51,427.1,425.88,422.84,10533.15576547
1597374000,417.52,424.38,422.83,421.7,18577.16980822
1597377600,421.71,425.98,421.71,425.79,12900.8168745
1597381200,421.49,425.85,425.79,421.56,8271.54270693
1597384800,420.42,423.63,421.56,422.11,6807.0677509
1597388400,419.7,424.57,422.11,423.2,9092.94225683
1597392000,422.05,426.25,423.08,423.29,7345.54923359
1597395600,422.6,425.05,423.28,424.21,7775.52936757
1597399200,423.2,427.91,424.21,425,7893.82122524
1597402800,423.5,429,424.83,428.4,11613.11171193
1597406400,425.56,428.39,428.38,426.66,11065.73316465
1597410000,423.21,426.76,426.76,426.16,9175.57292575
1597413600,422.54,427.58,426.14,427.44,14736.82174156
1597417200,424.28,437.96,427.44,436.85,28111.34865307
1597420800,434,445.45,436.85,442.01,36974.31539153
1597424400,437.4,442.94,442.01,440.72,16010.1391194
1597428000,440.04,445.04,440.71,442.64,17505.69612636
1597431600,439.65,443.75,442.63,441.18,12591.32411872
1597435200,437.6,442.75,441.24,439.63,9647.86495212
1597438800,435,439.83,439.63,438.18,8429.9942791
1597442400,435.55,440.2,438.18,440.11,5595.14306601
1597446000,436.05,440.67,440.04,438.83,6700.97945045
1597449600,435.69,441.24,438.83,439.12,8888.76145629
1597453200,437.54,441.94,439.11,441.59,6785.66751942
1597456800,440.14,443.33,441.71,440.16,10280.56857233
1597460400,438.28,441.01,440.23,439.8,4721.85613003
1597464000,437.03,440.93,439.68,438.87,6014.87742837
1597467600,435.64,439.44,438.86,439.39,5668.23644364
1597471200,438.56,440.48,439.38,438.69,2971.74252021
1597474800,436.76,439.14,438.78,437.68,2922.50513904
1597478400,428,439.11,437.68,433.94,12869.90188074
1597482000,433.69,438.19,433.94,436.48,3371.40077126
1597485600,434.32,438.69,436.49,435.36,3233.21563374
1597489200,434.16,437.37,435.4,434.16,2996.6023228
1597492800,429.2,437.25,434.33,430.89,10091.81684737
1597496400,430.16,434.21,431.04,432.25,10798.42456705
1597500000,428.52,434.19,432.23,432.85,8807.66924598
1597503600,432,438.38,432.84,435.9,14072.10822221
1597507200,433.42,439.46,435.89,435.3,11541.00352366
1597510800,434.94,437,435.34,435.32,4414.96569399
1597514400,433.82,436.4,435.19,436.03,5447.79572022
1597518000,431.72,436.43,436.03,432.29,8082.07037368
1597521600,431.78,434.92,432.28,432.49,4926.5676639
1597525200,429.05,434,432.46,433.04,7384.73692625
1597528800,431.32,436,433.23,432.06,9820.03751124
1597532400,429.47,433.59,431.98,432.55,4848.36866209
1597536000,426.7,433.35,432.67,427.23,8559.2764761
1597539600,421.34,430.33,427.2,430.25,14180.54087827
1597543200,426.32,430.24,430.24,426.67,5541.43243995
1597546800,426.33,429.34,426.67,426.87,4417.66539534
1597550400,426.13,429.1,426.87,428.3,3611.47276654
1597554000,427.7,429.6,428.4,428.94,5997.93462193
1597557600,426.58,429.38,428.89,428.37,3787.41305884
1597561200,426.25,428.85,428.5,426.59,4123.92387724
1597564800,425,428.33,426.59,426.69,3182.88980407
1597568400,424.35,427.95,426.67,427.18,3222.19342251
1597572000,422,427.31,427.14,423.36,5772.79951669
1597575600,416.2,423.55,423.35,417.81,14184.94070203
1597579200,412.51,420.63,417.96,419.9,15787.91202697
1597582800,418.11,423.45,419.88,422.88,7281.14000312
1597586400,422.3,424.58,422.86,423.87,11443.89789727
1597590000,422.6,432.45,423.86,430.75,14935.13089066
1597593600,430.75,437,430.75,434.43,18186.30804778
1597597200,428.85,435.9,434.43,430.63,12437.26900874
1597600800,429.52,432,430.75,430.6,4833.32388648
1597604400,428.53,431.57,430.6,429.43,4843.5414165
1597608000,426.78,431.21,429.45,430.57,6362.85306266
1597611600,429.8,433.74,430.64,431.67,7216.32067602
1597615200,429.91,434.69,431.67,433.73,6855.72859967
1597618800,430.72,434.91,433.7,433.7,11247.78092582
1597622400,429.47,434.96,433.71,430.84,11736.122107
1597626000,425.09,430.84,430.83,428.1,8142.51920393
1597629600,421.81,428.83,428.01,426.37,6101.58323705
1597633200,423.12,427.61,426.35,425.87,5101.38659
1597636800,422.31,426,425.69,422.55,4545.39951028
1597640400,421.34,426.08,422.54,421.87,3293.26398327
1597644000,420.5,426.4,421.87,424.12,4177.93219847
1597647600,422.3,425.94,424.06,424,1781.44064919
1597651200,423.45,429.98,423.94,428.88,6324.47027189
1597654800,425.93,429.71,428.72,426.01,2766.63893164
1597658400,425.01,428.89,426,425.99,3247.01852408
1597662000,425.64,429.26,426.07,428.45,4473.34262542
1597665600,425.07,430.99,428.48,426.56,14123.08264482
1597669200,423.31,434.03,426.56,430.14,27418.42010097
1597672800,427.5,432.99,430.18,431.71,14884.10021654
1597676400,429.33,442.22,431.94,441.5,21801.13079058
1597680000,438.29,447.5,441.64,440.01,21086.45695909
1597683600,439.7,443.42,440.01,441.96,8279.74681521
1597687200,435.94,443.04,441.96,436.72,8673.775264
1597690800,435.62,439,436.78,437.79,5237.61705337
1597694400,436.89,439.88,437.79,438.27,5133.42835718
1597698000,436,439.71,438.26,438.99,8680.3818266
1597701600,437.53,440.09,439.02,438.27,6320.67739343
1597705200,428.51,439.55,438.2,431.5,18509.20833134
1597708800,430.86,434.27,431.5,433.54,7261.21487657
1597712400,429.11,433.53,433.53,429.99,7413.41089393
1597716000,428.26,433.01,429.98,432.77,4453.68194205
1597719600,428.9,432.94,432.86,430.54,3729.85863586
1597723200,427.12,430.84,430.46,428.52,6444.94888316
1597726800,426.5,429.8,428.52,428.63,5452.88637075
1597730400,426.81,430.78,428.37,430.64,2783.09727043
1597734000,428.6,430.64,430.64,429.69,2090.78289152
1597737600,429.45,431.24,429.69,430.68,1671.1239812
1597741200,428.74,430.79,430.68,429.19,2313.04040437
1597744800,428.4,431.73,429.26,431.35,2319.90987499
1597748400,427.07,431.75,431.12,427.22,5387.10847825
1597752000,427.07,430.39,427.28,429.68,4451.41633778
1597755600,421.16,430.61,429.72,426.51,14980.50544931
1597759200,414.44,427.26,426.31,422.46,25154.49131676
1597762800,419.12,425.82,422.46,420.45,8645.90910454
1597766400,415.91,424.99,420.18,423.68,10958.52380608
1597770000,422.15,425.36,423.85,423.33,3769.05586249
1597773600,422.24,424.98,423.32,423.39,4560.34495421
1597777200,423.39,426.79,423.4,424.02,4987.26160422
1597780800,424.02,429,424.02,427.41,9130.38012374
1597784400,426.74,429.68,427.41,427.5,3221.23469943
1597788000,424.81,428.34,427.49,425.5,3745.61440252
1597791600,421.87,425.67,425.65,422.31,3756.50522123
1597795200,420.24,424.78,422.31,424.75,6488.45604028
1597798800,423,426.97,424.75,423.47,4531.51335402
1597802400,419.5,424.07,423.47,420.67,6531.61399409
1597806000,415.11,422.4,420.67,415.83,6852.33070773
1597809600,406.12,417.28,415.82,412.31,19929.55953748
1597813200,406.91,413.55,412.33,408.61,9652.96202846
1597816800,401.57,409.95,408.49,408.43,12450.92876723
1597820400,407.24,413.57,408.43,413.55,4340.77186361
1597824000,411.18,414.61,413.54,412.63,2881.1671964
1597827600,412.64,416.38,412.64,413.47,3380.5834773
1597831200,408.91,413.82,413.47,412.56,2433.77998611
1597834800,410.68,415.88,412.56,413.22,3650.01838681
1597838400,411.25,414.4,413.19,412.46,3960.46003362
1597842000,410.01,415.71,412.46,412.86,5745.12191153
1597845600,408,414.53,412.75,408.92,6042.18146952
1597849200,406.19,411.98,408.83,409.97,8680.49317046
1597852800,401.32,412.2,410.02,407.63,15994.05673995
1597856400,403.98,408.89,407.64,408.35,8880.38285901
1597860000,400,408.46,408.36,404.55,15180.27453027
1597863600,395.06,405.41,404.55,395.93,20130.14815701
1597867200,393.75,404.33,395.94,404.33,17497.83356498
1597870800,403.04,409.14,404.29,405.48,6340.79512085
1597874400,404.54,411.09,405.5,407.37,10107.81141347
1597878000,405.3,412.68,407.38,407.59,11253.72471506
1597881600,407.59,415.67,407.6,411.79,11260.72640268
1597885200,410.23,414,412,410.41,3837.07078593
1597888800,406.6,411.32,410.34,408.16,3687.93147547
1597892400,406.69,409.95,408.3,407.23,3790.95760888
1597896000,404.16,408.65,407.23,405.29,5241.64840601
1597899600,402.73,405.28,405.28,404.43,3304.60487091
1597903200,402.3,409.41,404.33,407.92,5130.16154217
1597906800,403.31,408.24,407.93,404.25,2930.50949286
1597910400,403.59,407.43,404.33,407.43,3893.52376428
1597914000,406.59,411.25,407.43,409.76,2345.24490288
1597917600,407.51,410.4,409.69,409.56,2367.53588834
1597921200,406.47,412.01,409.56,411.47,4005.66119308
1597924800,409.05,412.04,411.68,409.29,3661.18127305
1597928400,408.61,412.68,409.3,412.57,4608.21359339
1597932000,410.84,415.21,412.57,414.88,7888.90914806
1597935600,413.04,416.21,414.89,415.68,11744.28989991
1597939200,414.08,418.48,415.88,416.42,12275.31109045
1597942800,413.94,417.71,416.41,414.15,6921.62672268
1597946400,414.1,417.26,414.23,416.83,10595.46041608
1597950000,414.36,417.78,416.82,414.7,10760.60086023
1597953600,414.67,417.43,414.7,416.27,9134.15079871
1597957200,415.13,419.58,416.11,416.77,6707.23295617
1597960800,414.28,417.72,416.75,414.73,3707.42859303
1597964400,414.28,417.44,414.83,415.92,6736.5285301
1597968000,413.48,418.92,415.92,415.48,8662.87766412
1597971600,410.22,415.51,415.48,411.83,5557.53437225
1597975200,410.1,413.47,411.86,410.63,10399.14514418
1597978800,409.61,416.27,410.62,416.07,11987.70874319
1597982400,413.58,417.11,416.07,415.28,7217.80856587
1597986000,413.28,416.14,415.11,414.05,3769.19120846
1597989600,412.77,414.37,413.99,413.07,3767.12652285
1597993200,411.8,414.65,413.03,412.78,3955.06657539
1597996800,409.01,412.78,412.78,411.68,3500.69775747
1598000400,408.36,412.23,411.63,408.57,2245.57935337
1598004000,405.21,409.23,408.66,408.25,7499.17747581
1598007600,404,408.91,408.25,405.59,7195.27310522
1598011200,399.15,407.94,405.59,406.96,12638.03189471
1598014800,401.84,407.8,406.97,401.95,6073.67546795
1598018400,400.89,406.92,401.96,405.4,8805.7864902
1598022000,403.16,407.33,405.41,404.36,5307.84471731
1598025600,401.03,406.81,404.3,401.2,6992.98365639
1598029200,399.5,406.67,401.03,403.2,12798.30712185
1598032800,394.26,403.51,403.22,398.03,15947.0959524
1598036400,397.53,401.78,398.11,397.7,8490.57919824
1598040000,393.45,401.62,397.74,395.08,9005.15714338
1598043600,385,396.31,395.07,388.48,23120.34308549
1598047200,387.35,396.98,388.45,389.43,22202.78187912
1598050800,385.19,391.97,389.37,388.05,11236.74188032
1598054400,380,388.27,388,381.3,26794.66432166
1598058000,379.53,385.46,381.31,385.01,10423.03051254
1598061600,383.44,387.26,385.1,385.05,8332.13213821
1598065200,381.92,386.84,385.07,385.4,7175.42831014
1598068800,380.29,385.39,385.39,381.97,6994.05036572
1598072400,381.97,386.3,381.97,386.01,3746.41684909
1598076000,386.06,391.99,386.06,391.99,6757.29207388
1598079600,389.66,392.42,391.99,391.05,2863.40916812
1598083200,390.04,394.84,391.04,392.49,2238.22017675
1598086800,390.31,392.83,392.55,392.17,1273.83709938
1598090400,390.66,394.05,392.34,391.26,3063.76850016
1598094000,386.44,391.48,391.34,390.16,3178.41053231
1598097600,389.86,393.62,390.19,392.04,4730.72337907
1598101200,389.29,392.93,392.04,391.51,3852.3177264
1598104800,386.57,392.92,391.51,391.75,5264.87919886
1598108400,390.31,394.02,391.85,390.61,6384.50949204
1598112000,388.62,391.57,390.55,390.6,3909.75782029
1598115600,388.85,391.58,390.56,390.95,4452.11150611
1598119200,390.26,391.89,391.02,390.79,2584.15616487
1598122800,388.84,391.02,390.84,389.2,3333.0944007
1598126400,387.5,389.49,389.21,388.89,3331.48730301
1598130000,388.73,395.22,388.96,394.14,7840.14635643
1598133600,392.1,397.53,394.19,393.38,8665.41775481
1598137200,392.59,399.73,393.33,395.62,8263.82816853
1598140800,392.2,400,395.52,393.45,8653.40348699
1598144400,392.02,394.16,393.51,393.57,3447.51527752
1598148000,390.87,394.04,393.62,391.24,4719.60117607
1598151600,389.14,392.09,391.24,390.27,1896.68194569
1598155200,388.66,390.38,390.04,389.27,2198.33387214
1598158800,387.72,389.9,389.23,389.1,2063.27861849
1598162400,388.74,392.61,389.11,391.7,2224.47892632
1598166000,390.67,392.45,391.7,391.13,1206.82582171
1598169600,388.9,391.57,391.13,389.29,2026.67195738
1598173200,388.69,390.91,389.26,389.98,1128.15722537
1598176800,385.72,389.97,389.97,386.42,1524.87197939
1598180400,383.7,388.36,386.65,384.15,3417.90678343
1598184000,383.67,387.5,384.18,387.25,2548.04126666
1598187600,385.75,393.05,387.28,388.95,7576.91055457
1598191200,388.2,390.29,389.02,389.78,3341.28674449
1598194800,389.49,393.13,389.89,392.75,2374.86867216
1598198400,389.4,392.98,392.74,390.07,3136.13097837
1598202000,389.01,391.29,390.08,390.12,3241.0362688
1598205600,389.52,392.7,390.14,392.12,5139.7380061
1598209200,390.77,394.74,391.94,394,5002.0734554
1598212800,392.6,396.16,394,392.89,6236.77094762
1598216400,392.08,393.61,392.91,393.55,2480.57329634
1598220000,390.72,393.97,393.54,391.29,2197.78925962
1598223600,390.46,392.89,391.34,390.9,2156.98131286
1598227200,387.72,391,390.78,389.98,6585.0602998
1598230800,388.32,390.53,390.14,389.78,3575.8186747
1598234400,389.37,392.68,389.59,391.15,3588.36756346
1598238000,391.13,394,391.14,393.25,3535.53686363
1598241600,391.46,393.81,393.25,392.59,2569.01932355
1598245200,391.77,393.08,392.59,392.69,2281.56570732
1598248800,392.04,396.26,392.7,396.08,2573.4628215
1598252400,396.17,398.99,396.17,398.45,4886.35409476
1598256000,398.45,407.59,398.45,405.02,11439.23262792
1598259600,403.6,405.88,405.06,405.18,3435.57368942
1598263200,403.97,406.52,405.25,405.37,7383.95100618
1598266800,405.37,408.69,405.37,406.8,11505.12281677
1598270400,405.5,408.8,406.91,405.54,7001.25374737
1598274000,405.55,408.26,405.55,405.71,7282.04953958
1598277600,402.1,406.75,405.71,402.28,7802.07871242
1598281200,400.91,403.98,402.24,403.1,4918.3165244
1598284800,401.83,405.61,403.11,404.5,3991.9668019
1598288400,402.53,404.86,404.57,403.17,5600.4447718
1598292000,400.17,404.26,403.16,401.83,4349.08301374
1598295600,397.06,403.9,401.82,403.34,7319.58917777
1598299200,400.72,403.94,403.45,401.35,3913.74725556
1598302800,400.81,411.97,401.33,406.79,26912.72340376
1598306400,405.43,408.22,406.8,406.79,4106.39540116
1598310000,405.95,410.4,406.83,407.76,6965.23216832
1598313600,404.79,409.31,407.76,405.56,9175.97602819
1598317200,404.99,406.96,405.57,406.23,2583.56608805
1598320800,400.8,406.23,406.23,401.28,4642.89561863
1598324400,400.52,402.84,401.29,401.52,4264.69551458
1598328000,400.01,402.49,401.41,402.06,2394.94859039
1598331600,400.38,403.15,401.96,400.51,2239.68186953
1598335200,396.3,400.77,400.5,397.1,4831.56653095
1598338800,392,397.1,397.1,395.15,3938.31794524
1598342400,389.89,395.33,395.15,393.81,5513.66041978
1598346000,393.2,395.76,393.72,395.16,4316.11595666
1598349600,393.97,399.7,395.15,397.74,2981.44702964
1598353200,395,398.44,397.8,395.14,5254.59527714
1598356800,387.55,395.04,395.04,389.27,7903.86779492
1598360400,387.86,391.86,389.28,389.85,5985.19714803
1598364000,381.64,389.73,389.72,384.17,15903.12891006
1598367600,380.29,386.27,384.29,385.73,13394.67964542
1598371200,371.5,386.89,385.73,375.22,19181.83679367
1598374800,369.36,376.84,375.45,373.71,24590.78810738
1598378400,370,381.68,373.38,380.26,16261.77588778
1598382000,377.88,382.77,380.33,379.6,8246.98572775
1598385600,376,381.74,379.74,377.61,9298.39344732
1598389200,377.61,381.12,377.61,378.95,6206.7112658
1598392800,378.81,384.77,378.96,382.91,6038.53671446
1598396400,381.55,385,382.9,383.33,4427.17392128
1598400000,377.84,383.29,383.26,379.49,4053.22002378
1598403600,379.38,384.37,379.38,382.51,3361.38776642
1598407200,382.55,387.91,382.55,387.29,5423.2471781
1598410800,383.76,388,387.23,386.28,4322.40820854
1598414400,384.78,387.66,386.28,385.07,3561.29887543
1598418000,385.05,387.4,385.07,385.24,3322.87846458
1598421600,380.13,385.5,385.36,380.75,5975.08870046
1598425200,379.37,383.13,380.75,381.38,3744.54163828
1598428800,380.21,384.03,381.43,382.22,2071.75743852
1598432400,380.91,383.54,382.32,381.64,3419.74957977
1598436000,381.5,385.74,381.51,382.62,3519.39724676
1598439600,382.07,385.37,382.67,382.3,7250.53855592
1598443200,377.64,385,382.58,379.75,5737.67649237
1598446800,377.56,385.74,379.76,384.45,10379.65837737
1598450400,384.46,389.68,384.53,386.63,12157.27879419
1598454000,386.6,390.67,386.6,390.28,8768.70353521
1598457600,387.54,393.5,390.28,389.06,14317.50908876
1598461200,388,390.07,389.04,388.59,5483.63881221
1598464800,387.47,390.32,388.58,387.69,3529.01493859
1598468400,386.5,388.76,387.69,387.32,4045.27434152
1598472000,387.11,389.94,387.36,389.9,2565.21638403
1598475600,387.76,390.66,389.9,388.21,5643.00259665
1598479200,385.42,388.65,388.21,386.11,5098.5077968
1598482800,385.44,387.47,386.04,386.1,3666.52737738
1598486400,385.63,389.29,386.12,388.38,3424.55704099
1598490000,385.43,388.65,388.39,385.69,2458.84731964
1598493600,382.87,386.54,385.45,383.54,5249.02415879
1598497200,383.43,385.37,383.54,384.29,2659.55781546
1598500800,383.03,385.74,384.15,383.03,2402.44109961
1598504400,380.37,383.99,383.02,381.59,3283.33694738
1598508000,381.29,386.07,381.39,385.2,2904.578457
1598511600,384.36,386.69,385.13,385.86,1620.91588854
1598515200,383.48,385.86,385.85,383.57,1430.59691063
1598518800,382.75,387.83,383.57,387.07,1747.60368781
1598522400,383.23,387.97,387.04,383.97,2506.75158112
1598526000,382.13,385.31,384.04,382.14,2857.47927371
1598529600,381.07,386.66,382.13,385.55,4328.67401767
1598533200,384.67,397.15,385.56,388.71,18064.95408873
1598536800,381.52,389.89,388.7,383.33,6733.67563001
1598540400,382.72,385.08,383.04,383.94,3439.54426859
1598544000,377.31,386.85,383.94,378.11,6155.10286759
1598547600,371.5,378.66,378.11,377.02,14798.4426453
1598551200,375.91,383.04,376.85,380.72,8866.63106284
1598554800,377.56,380.7,380.7,377.93,4611.38912659
1598558400,376.88,382.2,377.93,379.71,9784.78670017
1598562000,378.79,382.71,379.73,382.44,4152.23671319
1598565600,378.91,383.44,382.64,378.98,3250.10260775
1598569200,379.03,383.73,379.13,383.25,5158.72204024
1598572800,379.67,383.93,383.27,383.93,5259.02232933
1598576400,383.43,387.46,383.93,386.88,5992.13532816
1598580000,385.09,387.56,386.95,385.88,4393.92514117
1598583600,385.64,388.62,385.87,387.35,4907.39543632
1598587200,386.37,388.48,387.36,388.2,2968.93335461
1598590800,386.62,389.18,388.2,388.6,2339.69479993
1598594400,387.28,391.94,388.56,391.17,3251.79577454
1598598000,386.76,391.64,391.15,387.41,3871.75670299
1598601600,386.32,389.1,387.42,387.58,2231.84605931
1598605200,387.52,392.44,387.57,391.95,4903.26758301
1598608800,389.45,392.52,391.98,391.51,5183.52914672
1598612400,390.34,394.4,391.62,393.81,4928.26717416
1598616000,390.26,394.22,393.87,391.32,6983.40748745
1598619600,390.61,392.45,391.32,392.45,4095.65695561
1598623200,390.09,393.62,392.46,391.75,3861.22932806
1598626800,391.72,396.96,391.72,396.29,9345.36694793
1598630400,395.16,398.16,396.29,395.77,7619.92508714
1598634000,393,396.81,395.75,393.72,6120.21467389
1598637600,393.23,395.84,393.66,394.85,4128.97894726
1598641200,394.66,397.99,394.85,396.18,4044.25539145
1598644800,393.73,396.16,396.16,393.8,12472.71149302
1598648400,393.01,395,393.8,394.48,6050.09961496
1598652000,390.91,394.94,394.48,392.31,5598.78792503
1598655600,392.16,396.44,392.27,395.47,3203.21670046
1598659200,392.65,396.15,395.35,393.86,2443.10987266
1598662800,392.78,394.31,393.87,393.4,1793.25234399
1598666400,392.34,394.39,393.39,393.31,1803.27528728
1598670000,392.54,395.53,393.17,394.65,1616.34615541
1598673600,393.61,395.67,394.66,395.04,3430.56290178
1598677200,394.65,397,395.04,396.04,1925.06270999
1598680800,396.05,399.98,396.05,399.23,3500.75759744
1598684400,398.38,404.22,399.23,403.54,5323.35602525
1598688000,401.49,404.3,403.6,402.45,2710.21873629
1598691600,401.36,404.15,402.35,403.18,2004.16130791
1598695200,397.59,403.59,403.18,397.59,3184.39048413
1598698800,396.42,399.3,397.5,397.98,2952.96802989
1598702400,397.62,399.92,397.93,398.82,2504.36966416
1598706000,395.79,399.38,398.83,396.31,3943.33660082
1598709600,396.17,399.69,396.3,399.58,2826.11653435
1598713200,398.9,402.88,399.59,402.5,5527.08435859
1598716800,400.82,403.46,402.63,402.42,3797.35988683
1598720400,401.6,404.36,402.41,401.8,6425.59799331
1598724000,401.79,404.92,401.79,403.71,5317.07185729
1598727600,402.5,405.82,403.78,403.06,5076.3010618
1598731200,403,405.34,403.07,405.21,2439.63312071
1598734800,403.28,405.68,405.21,404.68,2414.821432
1598738400,400,405.15,404.68,400.68,9622.61815539
1598742000,397.36,402.85,400.48,398.58,7381.99784098
1598745600,398.24,401.76,398.57,401.31,2823.41695334
1598749200,400.89,406.94,401.31,406.25,8372.81335511
1598752800,404.23,406.65,406.25,405.57,4315.20725245
1598756400,403.57,406,405.57,405.14,4904.06098638
1598760000,403.44,405.58,405.16,403.92,4197.36091472
1598763600,402.91,404.74,403.88,403.77,4198.93031503
1598767200,403.24,405.43,403.79,404.16,2088.67365371
1598770800,403.82,406,404.17,405.37,2314.9819644
1598774400,402.76,406.58,405.37,403.27,4369.16885112
1598778000,402.95,405.79,403.27,404.91,1741.77611215
1598781600,403.26,404.99,404.93,403.26,1357.68037688
1598785200,403.28,407,403.4,406.77,3123.38946563
1598788800,404.62,408,406.69,407.1,11778.27183306
1598792400,407.14,414.88,407.16,413.78,26751.25267171
1598796000,411.81,415.99,413.81,414.6,9625.1244522
1598799600,413.8,418.68,414.79,416.73,9994.66250704
1598803200,415.05,424.43,416.77,423.39,13283.91480931
1598806800,422.33,425.5,423.32,423.96,9121.50643027
1598810400,422.67,427.01,423.92,426.85,8205.66933582
1598814000,424.39,427.88,426.89,425,8463.20495443
1598817600,420.49,426.39,425,423.16,9729.12187441
1598821200,420.42,424.87,423.08,421.74,4469.03810946
1598824800,421.13,424.36,421.73,423.94,4296.26882215
1598828400,423.71,429.9,423.93,428.94,10853.94965762
1598832000,425.79,430.55,428.92,426.34,10537.06277193
1598835600,424.11,427.64,426.34,426.87,4936.83265028
1598839200,425.22,427.77,426.81,425.41,3210.40651169
1598842800,424.25,426.5,425.5,425.06,4269.93423056
1598846400,424.34,427.78,425.06,424.59,5117.53376594
1598850000,422.18,425.84,424.58,422.87,3848.1364276
1598853600,420,424.14,422.86,424.05,3881.91741992
1598857200,418.16,424.11,424.11,421,4255.35197307
1598860800,418.22,421.6,421,420.29,5983.38433982
1598864400,419.31,423.7,420.14,421.82,5701.88173516
1598868000,421,427.77,421.72,426.46,4327.54180718
1598871600,426.2,434.72,426.58,432.35,8666.32697566
1598875200,430.87,438.18,432.54,436.41,12282.927949
1598878800,433.05,439,436.41,434.2,10934.22537453
1598882400,431,435.94,434.2,435.34,8492.52398787
1598886000,432.01,435.69,435.35,434.38,6323.73080574
1598889600,432.47,435.95,434.46,432.91,5191.02462236
1598893200,431.51,434.72,432.91,434.15,6071.00406252
1598896800,433.58,438.9,434.15,437.01,7166.19423835
1598900400,435.11,438.68,437,436.93,6460.03007788
1598904000,428.65,438.44,436.74,432.24,15213.31040799
1598907600,430.23,434.87,432.24,430.98,4634.9188243
1598911200,430.11,437.72,430.98,435.41,11930.94112599
1598914800,433.76,437.98,435.39,433.89,9182.66328679
1598918400,429.66,435.64,433.88,433.31,8330.77480205
1598922000,432.92,437,433.31,436.31,5030.91265526
1598925600,435,437.45,436.31,436.99,3865.33205422
1598929200,436.23,444.59,436.99,443.75,19187.02696041
1598932800,442.25,447.6,443.75,445.52,10593.50685904
1598936400,443.31,455.77,445.5,455.76,16026.73963365
1598940000,454.77,466.62,455.76,463.8,23389.03912984
1598943600,458.43,466,463.79,463.63,9755.335195
1598947200,457.95,464.09,463.63,461.4,10727.11264655
1598950800,459.62,472.65,461.23,471.06,20587.21032539
1598954400,467.91,473.53,470.7,471.33,12239.18825476
1598958000,465.54,471.74,471.32,469.17,11040.33285801
1598961600,466.68,471.9,469.17,470.19,11554.1186708
1598965200,467.95,471.3,470.19,468.96,9438.11854922
1598968800,461.21,473.01,468.96,473.01,22719.16021925
1598972400,472.7,486,472.95,482.25,33574.79415312
1598976000,475.01,483.75,482.25,478.81,13913.75524637
1598979600,474.16,481.04,478.78,475.49,12197.12098721
1598983200,475.09,479.57,475.42,478.44,10062.2931391
1598986800,475.25,480,478.47,476.23,19862.76143304
1598990400,475.9,483.01,476.21,482.22,11112.45270826
1598994000,480.77,485.79,482.22,483.23,8888.75851161
1598997600,479.5,488.95,483.06,481.86,12220.65358867
1599001200,472.1,484.73,481.86,475.57,17427.12349884
1599004800,466.04,479,475.57,468.97,17231.61577577
1599008400,465.23,474.55,468.97,471.28,10700.26165071
1599012000,468.11,474.16,471.28,470.12,7213.16884147
1599015600,468.86,472.52,470.13,470.03,8071.64302129
1599019200,469.81,478.73,469.99,476.16,11388.7742739
1599022800,475.61,481.2,476.17,476.78,7290.34663364
1599026400,471.35,476.78,476.78,473.85,5682.86598594
1599030000,465.72,474.21,473.86,467.11,9505.31801812
1599033600,462.99,470.14,467.12,469,10511.22922728
1599037200,468.05,472.08,468.94,471.32,4898.94551418
1599040800,456.58,471.45,471.31,459.74,10603.8617834
1599044400,420.58,459.67,459.67,442.05,51643.54881888
1599048000,438.62,448.69,442.03,444.34,21690.71550253
1599051600,440,448.7,444.21,441.92,14976.85121159
1599055200,426.04,442.91,441.64,431.68,20816.71249843
1599058800,429.67,438.37,431.42,432.87,14606.54463325
1599062400,421.27,436.67,432.87,427.77,24841.96836933
1599066000,426.6,434.52,427.91,432.27,14121.51923693
1599069600,429.11,437.33,432.18,436.87,14673.77898369
1599073200,433.21,438.7,436.87,436.22,11520.15439792
1599076800,431.6,437.83,436.12,436.37,7668.135623
1599080400,435.5,438.6,436.48,438.6,4286.96412557
1599084000,436.23,445.87,438.6,442.78,10937.00587326
1599087600,439,443.7,442.82,440.02,5426.12438346
1599091200,437.5,446.32,439.99,444.48,9341.96653657
1599094800,442.24,449.3,444.6,448.8,7944.67184546
1599098400,445.92,451,448.8,448.38,8549.23780378
1599102000,440.8,449.53,448.35,443.43,9012.0693418
1599105600,434,446.05,443.45,435.43,9955.13838746
1599109200,430.5,437.67,435.45,432.57,10342.72288556
1599112800,426.22,435.39,432.55,428.38,10014.78347389
1599116400,424.64,438.1,428.35,437.19,7048.69303504
1599120000,434,439.18,437.33,437.77,5306.18809629
1599123600,431.09,438.01,437.77,431.39,3585.13032623
1599127200,422.54,433.04,431.47,425.59,9094.09193312
1599130800,421.22,429.95,425.59,423.65,15741.23383641
1599134400,400.01,426.1,423.17,412.58,54840.36242913
1599138000,407.57,419.08,412.65,418.91,15714.63870087
1599141600,407.85,419.19,418.97,412.8,19721.47288705
1599145200,391.59,412.7,412.7,403.7,39222.03220753
1599148800,390.27,408,403.7,392.21,26523.47497155
1599152400,392.22,405.96,392.22,400.43,20399.35919316
1599156000,394.33,403.57,400.44,398.6,13653.66040976
1599159600,395.93,405,398.58,401.86,12347.15510151
1599163200,401.46,408.14,401.85,406.52,11075.48966168
1599166800,399,407.98,406.48,402.9,9874.87120823
1599170400,395.21,404,402.97,396.36,11731.73863443
1599174000,370,396.51,396.45,382.87,66792.10855685
1599177600,374.81,392.15,382.15,389.33,31090.98099218
1599181200,385.38,391.03,389.33,387.88,10311.09821792
1599184800,380.44,389.27,387.88,386.98,12830.81548831
1599188400,382.31,388.92,387.02,383.27,8855.76749787
1599192000,383.1,389.16,383.27,387.63,7768.33018677
1599195600,384.58,389.01,387.44,388.29,4803.90449401
1599199200,382.69,388.85,388.3,383.14,3778.97939446
1599202800,375.63,386.99,383,386.2,12312.85078857
1599206400,386.19,398.1,386.2,395.95,10386.27009365
1599210000,393.1,400.5,396.24,400.48,4960.91884827
1599213600,395.3,400.5,400.09,395.64,11020.41222361
1599217200,391,396.62,395.6,395.3,6994.781502
1599220800,391.25,398,395.28,394.98,9667.73616333
1599224400,391.8,399.39,394.99,391.8,11152.08980468
1599228000,359,393.2,391.81,383.33,46273.22724618
1599231600,371.84,385.94,383.14,384.39,24463.41607575
1599235200,376.91,388.46,384.6,385.82,13705.73859522
1599238800,380,386.05,385.56,384.18,7655.01136159
1599242400,378.62,387.78,383.84,387.78,12004.34828145
1599246000,385.4,393.01,387.71,391.78,13987.27567018
1599249600,387.66,392.79,391.73,391.71,8647.006818
1599253200,388.06,393.1,391.87,388.78,5037.21475116
1599256800,386.48,393.31,388.77,388.96,8477.83290183
1599264000,388.61,394.38,389.2,389.66,4416.5219759
1599267600,386,392.98,389.66,391.12,6293.68395307
1599271200,387.33,392.37,391.2,388.23,4500.39182113
1599274800,386.49,390.98,388.02,387.07,4540.47921392
1599278400,384.91,389.47,387.06,385.1,5589.32453597
1599282000,380.86,385.99,384.99,382.06,5981.26301189
1599285600,380.95,388.17,381.79,385.8,5796.90037084
1599289200,378.03,385.81,385.81,380.64,10610.80303655
1599292800,371,380.68,380.68,372,22126.51259733
1599296400,366.34,375.85,372,367.03,18167.07071681
1599300000,362.35,370.7,366.59,362.42,12545.12367268
1599303600,347.49,365.5,362.6,356.16,34643.28628331
1599307200,334.01,360.4,356.17,336.3,37582.61874643
1599310800,335.91,357,336.36,356.45,33505.19502822
1599314400,351.87,358.66,356.45,357.15,19476.41549744
1599318000,353.91,360.01,357.2,357.44,18661.6428264
1599321600,337.96,359.7,357.46,352.7,25393.68792912
1599325200,334.78,354.36,352.61,340.48,70847.17054015
1599328800,310,346.12,340.45,325.68,106288.06742289
1599332400,310.79,334.61,325.69,323.75,70275.99722503
1599336000,316.57,336.04,323.8,332.78,37569.30338466
1599339600,326.34,334.25,332.74,331.06,11901.69328882
1599343200,320.53,335.92,330.84,320.79,19586.65914722
1599346800,317.01,337.92,320.63,335.25,21579.06596753
1599350400,330.41,343.05,335.25,339.48,24573.42043128
1599354000,329.19,340.65,339.42,330.41,10296.93542619
1599357600,322.42,333.52,330.38,331.3,10030.23688518
1599361200,326.31,333.41,331.3,328.12,11941.53964912
1599364800,320.42,332.24,328.1,321.27,30001.37363678
1599368400,316.43,326.89,321.2,325.06,15432.09547923
1599372000,319.8,332.57,325.24,331.32,5636.78389776
1599375600,327.63,342.3,331.32,340.36,7239.38181989
1599379200,337.79,351.9,340.2,349.16,17878.2652783
1599382800,342.3,354.2,349.16,345.96,9060.22022107
1599386400,341.58,350.98,345.96,349.91,5200.9277849
1599390000,346.29,355.91,349.97,354.68,9229.99972329
1599393600,351.84,358.49,354.57,352.92,9550.79027278
1599397200,346.62,353.08,353.04,348.88,8420.31034709
1599400800,343.26,353.18,348.89,347.26,7764.94633128
1599404400,337.11,348.14,347.22,344.66,8475.8132566
1599408000,341,355.74,344.53,354.39,11660.31977223
1599411600,348.12,354.57,354.22,349.3,8826.89907798
1599415200,345.79,353.39,349.26,350.84,8346.70608457
1599418800,349.5,355.6,350.86,353.57,8096.54528011
1599422400,350.9,355.9,353.59,352.01,7549.73543601
1599426000,351.67,360.61,351.7,357.51,9679.97482158
1599429600,347.75,358.53,357.51,351.72,15341.57837451
1599433200,350.46,356.31,351.61,352.77,6104.03362056
1599436800,352.19,358.66,352.85,356.58,6633.69197923
1599440400,353.33,357.24,356.58,357.24,4436.91429606
1599444000,348.14,357.12,357.12,349.52,6472.72139807
1599447600,344.02,350.71,349.55,348.1,7334.42325524
1599451200,345.66,351.41,348.24,346.22,8064.87251958
1599454800,340.08,347.22,346.22,341.82,7167.19902057
1599458400,339.06,344.04,341.81,340.56,5401.86152149
1599462000,338.15,347.25,340.56,343.54,6174.22731491
1599465600,342.6,349.53,343.39,345.66,3271.16525041
1599469200,342.69,348.46,345.74,343.36,2746.33473836
1599472800,338.82,345.64,343.29,339.2,5175.66230013
1599476400,331.96,344.05,339.2,335.76,18335.49183698
1599480000,323.17,337.9,335.95,328.23,18676.75705059
1599483600,324.68,341.52,328.25,337.85,14822.65572276
1599487200,332.66,339.63,337.8,334.67,8974.67333408
1599490800,332.5,347.59,334.64,346.23,26909.50769087
1599494400,344.41,353.49,346.23,348.55,15076.57750711
1599498000,345.61,349.1,348.74,346.56,5240.65221171
1599501600,344.34,348.89,346.53,346.87,6167.71250559
1599505200,344.75,350.49,346.87,345.97,5715.33715209
1599508800,341.79,346.3,345.89,345.27,5914.39875511
1599512400,344,348.41,345.48,344.9,3807.27036807
1599516000,344.97,355.64,344.97,352.76,15563.5762463
1599519600,351.21,354.99,352.84,353.71,7430.40533554
1599523200,348.23,357.01,353.71,348.41,15631.34640246
1599526800,347.07,352.22,348.42,347.27,4049.09791221
1599530400,347.37,352.05,347.53,351.3,3717.17474741
1599534000,348.55,353.89,351.26,348.85,3395.87602645
1599537600,344.3,350.61,348.77,346.28,3806.022176
1599541200,344.02,346.95,346.48,344.59,4062.12213427
1599544800,344.58,350.37,344.59,349.49,4546.9023613
1599548400,345.53,350.04,349.47,346.86,2966.63745515
1599552000,342.18,350.93,346.87,344.09,6277.55648191
1599555600,336.51,345.34,343.96,336.56,6855.19396807
1599559200,333.71,339.36,336.44,338.41,6112.43909886
1599562800,330.83,340.49,338.14,333.53,9901.77492019
1599566400,331.86,338.95,333.52,337.36,12749.24698409
1599570000,331.7,338.63,337.3,335.07,12204.39406087
1599573600,334.48,345.05,335.04,341.75,11106.17454768
1599577200,339.23,344.36,341.76,341.31,5327.19285759
1599580800,341.02,344.37,341.45,343.93,4543.23817421
1599584400,341.31,346.93,343.99,344.57,6215.40498505
1599588000,332.5,345.17,344.7,334.88,14482.30039557
1599591600,332.39,338.11,334.89,334.33,12907.80829113
1599595200,334.48,339.18,334.49,335.69,8422.53986409
1599598800,332,339.59,335.7,338.45,6572.39350755
1599602400,325.36,340.59,338.42,336.31,34587.87972179
1599606000,334.97,339,336.32,337.48,8789.01905277
1599609600,335.43,341.28,337.48,338.66,8490.45969653
1599613200,336.72,339.97,339,339.67,3486.68514298
1599616800,332.35,340.38,339.71,332.8,5860.62758625
1599620400,330.6,334.5,332.96,334.01,5517.28208426
1599624000,332.01,337.52,334.37,335.3,6806.3411147
1599627600,335.16,338.57,335.34,336.91,4267.04978946
1599631200,334.43,338.1,337.03,337.1,3136.97027765
1599634800,337.1,342.48,337.1,342.33,3109.94736909
1599638400,340,343.61,342.34,340.44,3470.26993541
1599642000,340.56,347.38,340.67,346.44,3870.94020922
1599645600,343.81,347.52,346.67,345.66,2079.69177543
1599649200,345.66,350.2,345.66,347.51,3900.82101958
1599652800,344.99,349.71,347.99,346.54,4880.49809851
1599656400,346.64,351.64,346.64,347.22,8563.32357197
1599660000,345.84,351.83,347.23,351.15,6942.31142365
1599663600,351.24,355,351.24,352.66,10984.86796782
1599667200,348.88,354.53,352.67,351.92,9537.44360942
1599670800,349.6,352.49,351.91,351.86,8933.76580572
1599674400,351.14,358.85,351.98,358.46,15470.22156658
1599678000,355.64,359.41,358.45,356.25,13317.39934276
1599681600,353.01,357.37,356.39,353.19,5399.37839165
1599685200,350.08,359,353.3,353.88,17609.49718394
1599688800,352.95,356.78,353.88,356.15,4419.74579513
1599692400,350.37,357.04,356.19,351.1,6675.07636884
1599696000,350.23,359.14,351.11,356.12,9049.72197256
1599699600,354.55,369.34,356.05,367.49,27611.02934566
1599703200,365.71,372.13,367.34,367.16,20788.46607861
1599706800,366.61,370.88,367.27,370.75,6346.92835465
1599710400,368.08,375.74,370.62,373.13,10865.53690782
1599714000,370.46,373.97,373.22,371,5067.83715087
1599717600,367.75,373.76,371.04,368.34,5271.0856734
1599721200,361.76,369.51,368.26,364.19,5688.75601449
1599724800,361.68,366.69,364.17,363.99,3626.90070691
1599728400,361.43,366.29,364.15,364.62,3783.59534161
1599732000,362.8,368.53,364.62,364.06,6720.32925668
1599735600,362.78,367.38,364.09,365.72,5793.24820188
1599739200,365.33,374.01,365.64,372.85,10721.2454446
1599742800,370.05,377.07,373.04,376.52,15101.73140855
1599746400,366.99,377.79,376.52,367.76,14727.85937224
1599750000,366.4,371.67,367.77,371.23,10665.8758505
1599753600,365.36,373.24,371.3,366.8,10343.70760308
1599757200,365.94,369.88,366.82,367.83,7300.89949927
1599760800,360.23,369.81,367.83,363.97,11397.42825757
1599764400,361.75,365.75,363.96,363.22,6895.57335626
1599768000,362.85,367.88,363.22,365.61,5092.97421929
1599771600,363.67,367.97,365.57,367.35,4716.7072951
1599775200,366,369.36,367.4,369.03,5046.99385901
1599778800,366.44,369.18,369.16,368.06,4621.00459651
1599782400,367.87,372,367.94,369.13,5635.65176081
1599786000,365,369.76,369.24,365.71,2649.50434998
1599789600,362.5,366.46,365.71,362.91,4803.47962911
1599793200,356.63,364.2,362.91,356.96,10660.27834512
1599796800,355.81,360.64,356.84,357.44,5002.19708315
1599800400,356.77,362.9,357.43,362.03,3992.53244751
1599804000,360.39,363.88,362.14,362.37,2784.67373891
1599807600,361.47,364.38,362.44,362.47,7204.42484292
1599811200,362.18,368.69,362.49,364.84,8406.78214796
1599814800,364.93,368.45,364.93,367.82,4719.30528799
1599818400,363.16,368.14,367.98,365.09,4303.93476772
1599822000,361.16,367.55,365.08,362.45,3724.77329002
1599825600,361.64,365.75,362.34,365.26,2097.44083183
1599829200,363.87,368.45,365.25,365.16,7438.27861114
1599832800,363.62,367.97,365.11,366.69,4234.46727892
1599836400,366.6,370.99,366.6,370.06,6309.06951639
1599840000,366.89,372.6,370.14,367.59,6934.18425451
1599843600,364.5,368.16,367.6,366.81,9295.70869596
1599847200,366.27,368.75,366.66,368.25,3212.88220835
1599850800,366.01,370,368.36,369.03,5278.19071172
1599854400,368.01,370.45,369.12,368.73,5052.39893042
1599858000,368.69,370.5,368.69,370.11,2935.4984574
1599861600,370.17,375.3,370.17,373.67,8234.08734456
1599865200,372.32,375.38,373.82,373.93,7554.84236989
1599868800,369.71,374.64,373.93,371.43,6880.20018999
1599872400,371.37,373.78,371.4,372.75,2616.0298271
1599876000,367.71,373.03,372.89,369.64,5762.89241701
1599879600,368.41,370.52,369.3,369.24,4689.15588415
1599883200,368.62,371.41,369.23,370.88,2355.00100038
1599886800,370.43,372.45,370.89,371.05,2561.61438916
1599890400,365.78,371.05,371.05,366.74,4068.48086555
1599894000,364.88,368.96,366.9,368.34,2632.88419311
1599897600,366.34,368.2,368.2,367.31,1457.92456152
1599901200,367.03,370.12,367.33,369.89,1295.03174394
1599904800,368.37,370.83,369.87,368.68,1175.21598436
1599908400,367.77,371.75,368.72,370.58,1636.4186032
1599912000,367.41,370.74,370.74,368.64,1833.76413201
1599915600,366.32,369.5,368.31,368.26,2364.63152116
1599919200,367.27,372.82,368.33,372.69,3013.70615528
1599922800,371.4,374.75,372.73,373.15,5869.12434985
1599926400,372,373.63,373.28,372.96,2468.60949545
1599930000,371.92,374,372.76,374,2425.91044598
1599933600,373.99,384.8,374,383.08,20060.38514684
1599937200,381.69,385.24,383.17,384.8,8278.71052162
1599940800,381.56,387,384.77,382.87,10694.07632146
1599944400,382.58,385,382.88,384.1,3775.62460476
1599948000,381.72,385,384.11,384.93,3826.73537398
1599951600,383.14,388.25,384.92,387.81,7695.66590746
1599955200,383.11,388.42,387.82,384.19,7751.21071025
1599958800,382.47,385.44,384.18,384.16,6865.47389439
1599962400,383.19,386.59,384.01,385.41,3690.33467459
1599966000,384.74,389.62,385.41,388.97,7066.9049952
1599969600,385.81,390.41,388.93,386.43,4664.87637372
1599973200,384.47,388.36,386.39,387.59,3757.72833358
1599976800,386,388.48,387.59,386.3,2255.61193666
1599980400,386.11,388.2,386.34,387.27,952.18977813
1599984000,384.07,388.82,387.38,386.29,2215.55808075
1599987600,381.34,387.36,386.38,382.48,3619.014146
1599991200,376.5,382.43,382.43,377.96,7501.83620343
1599994800,371.15,379.67,377.87,372.15,13525.57200908
1599998400,366.5,372.83,372,366.7,10553.73740568
1600002000,363.14,369.27,366.77,368.41,12634.10344722
1600005600,365.22,369.38,368.4,367.73,9755.87499278
1600009200,359.33,367.94,367.68,360.75,11680.97000748
1600012800,353.58,360.36,360.36,357.38,18112.63562028
1600016400,353.72,359.97,357.4,359.53,9302.75946095
1600020000,357.89,359.72,359.47,359.21,4507.18349526
1600023600,358.11,363.8,359.2,363.25,6353.37285435
1600027200,359.78,363.73,363.22,363,6765.32120668
1600030800,361.37,365.24,363,363.2,2672.60634497
1600034400,362.92,366.58,363.2,365.28,5323.50179771
1600038000,363.96,366.95,365.23,366.58,2937.56615818
1600041600,355.66,366.58,366.58,358.13,9652.83048148
1600045200,358.17,364,358.17,363.89,4685.35809872
1600048800,363.88,367.84,363.88,366.7,8697.27961415
1600052400,365.26,367.67,366.84,365.58,3631.76653564
1600056000,361.92,365.78,365.48,365.07,4208.55748276
1600059600,362.94,366.31,365.11,365.15,4559.02104998
1600063200,365.18,370,365.19,367.72,6520.64802968
1600066800,366.55,370.24,367.73,369.66,3518.48646727
1600070400,362.87,370.45,369.6,363.84,7442.23325826
1600074000,361.66,365.66,363.98,365.5,7014.08159956
1600077600,365.36,368.15,365.64,367.22,2977.56117877
1600081200,365.7,369.72,367.16,368.91,6345.44226783
1600084800,367,370.29,369.01,369.37,7223.55878414
1600088400,369.36,376.8,369.36,374.92,25636.47923903
1600092000,373.12,377.35,375.03,373.79,10242.04281277
1600095600,373.67,384,373.79,383.28,16955.39372698
1600099200,376.54,384.61,383.35,380.7,13703.81446284
1600102800,375.54,381.5,380.71,377.97,8507.05251044
1600106400,372.44,378.33,378.1,375.8,8159.25967026
1600110000,372.75,377,375.81,374.74,5058.15892947
1600113600,373.8,378.13,374.65,376.25,7048.12915588
1600117200,375.37,378.92,376.23,378.87,4154.62848485
1600120800,371.38,379.84,378.86,372.17,6022.40817396
1600124400,371.44,378.3,372.09,377.28,8609.57996274
1600128000,374.73,379.86,377.27,377.21,6474.49225262
1600131600,374.5,377.38,377.17,375.78,4021.82484439
1600135200,374.39,382.76,375.74,377.56,11357.08174127
1600138800,375.4,379.52,377.56,376.25,4257.27800507
1600142400,373.43,377.29,376.24,375.25,4492.12496001
1600146000,373.9,376.63,375.24,374.77,2429.9064462
1600149600,372.65,375.36,374.68,375.25,2969.52418113
1600153200,373.31,376.93,375.25,375.73,3526.50732557
1600156800,369.22,376.99,375.73,370.13,6183.96736549
1600160400,367.5,372.74,369.97,371.8,5285.98317801
1600164000,370.22,379.36,371.67,378.4,6629.9340739
1600167600,375.94,378.8,378.27,376.81,10951.68627354
1600171200,375.41,378.68,376.61,377.07,5380.96389731
1600174800,369.35,377.73,377.32,369.35,13233.45378639
1600178400,363,371.83,369.37,364.24,14770.7938201
1600182000,363.49,367.66,364.23,366.05,12793.19953942
1600185600,362.61,368.08,365.97,367.6,9049.22881555
1600189200,366.24,369.53,367.7,368.12,11757.02276637
1600192800,363.83,369.43,368.12,364.07,12434.61505054
1600196400,362.5,364.99,364.01,364.6,6232.93599777
1600200000,363.55,367.16,364.56,365.73,5468.76840946
1600203600,363.85,368.39,365.73,368.09,3036.84002294
1600207200,364.24,368.09,368.09,365.17,2431.5731546
1600210800,362.85,365.18,365.18,364.2,4885.25683075
1600214400,355,364.68,364.05,357.15,17831.75482315
1600218000,355.76,360.61,357.15,360.26,8060.64718068
1600221600,356.64,360.47,360.38,359.23,5879.24212093
1600225200,356.85,359.98,359.26,359.59,3607.41100773
1600228800,358.77,362.47,359.64,361.86,4440.38767551
1600232400,361.41,363.4,361.76,362.33,2719.02750141
1600236000,360.84,365.32,362.14,364.22,3619.44934705
1600239600,362.56,366.57,363.96,365.62,3860.37215767
1600243200,363.28,366.23,365.63,363.83,5608.57127025
1600246800,362.91,364.88,363.89,364.14,1794.62957285
1600250400,361.02,365,364.13,361.36,2941.10356554
1600254000,361.52,364.85,361.55,364.73,1184.7423854
1600257600,363.11,368.08,364.83,367.22,8947.4863243
1600261200,365.68,370.44,367.3,367.74,8238.03988624
1600264800,364.77,368.56,367.73,366.45,4294.71678526
1600268400,366.02,371.1,366.46,370.76,8624.35445953
1600272000,369.28,373.37,370.76,369.96,9589.53035581
1600275600,367.51,370.59,370.03,369.66,3262.82775177
1600279200,364.64,370.83,369.65,366.48,8449.12952947
1600282800,364.82,367.58,366.48,365.29,4603.45797994
1600286400,363.89,367.26,365.36,365.78,3516.13689993
1600290000,364.6,367.17,365.77,367.05,2456.61877399
1600293600,364.95,368.5,367.04,368.26,2901.89046859
1600297200,364.24,368.89,368.25,365.23,3736.2701892
1600300800,363.4,381,365.22,378.77,23815.39165358
1600304400,378.32,384.97,378.76,379.49,29222.89362223
1600308000,375.78,382.54,379.48,380.38,9080.6325163
1600311600,376.39,381.86,380.19,377.01,8855.43198497
1600315200,376.39,379.53,377.01,378.96,5751.06321577
1600318800,377.99,381.62,378.94,379.95,4900.31676466
1600322400,377.9,381.07,379.98,379.06,2877.42042084
1600326000,378.67,382.67,379.06,379.92,4405.73413402
1600329600,378.07,381.38,379.96,378.54,4139.58218448
1600333200,375.83,379.31,378.58,378.1,2735.85789134
1600336800,375,380.77,378.1,379.91,5591.39211033
1600340400,378.53,384.08,379.9,383.33,5336.36372246
1600344000,377.1,383.87,383.39,377.6,7420.95434791
1600347600,375.6,380.65,377.6,380.21,6438.07572363
1600351200,377.21,382.18,380.18,381.11,6828.01502503
1600354800,379.98,383,381.14,380.31,5783.66283053
1600358400,378.61,381.27,380.24,380.99,7238.78423777
1600362000,380.72,383,381.04,381.59,6073.2734174
1600365600,381.63,388.75,381.63,387.21,15578.74250511
1600369200,386.4,390.45,387.2,389.47,9116.70993917
1600372800,389.26,394.55,389.26,392.42,19624.72794369
1600376400,391.85,394.26,392.42,392.59,6193.08850116
1600380000,386.71,393.29,392.58,387.6,10603.64222356
1600383600,387.68,390.6,387.69,389.45,5353.65588019
1600387200,386.27,392.69,389.52,387.24,8019.93124539
1600390800,385.47,388.14,387.1,386.67,5006.63594471
1600394400,386.29,388,386.82,387.36,4271.92124469
1600398000,386.38,388.8,387.23,387.57,7275.07359926
1600401600,382.26,387.42,387.32,383.53,7433.84260603
1600405200,382.19,385.74,383.39,385.74,2900.00731223
1600408800,383.98,388.88,385.72,388.1,5287.76068776
1600412400,384.87,388.1,388.1,386.17,5016.34500869
1600416000,384.17,387.18,386.26,387.14,3132.30004377
1600419600,386.4,388.91,387.01,388.02,5130.88064964
1600423200,385.45,388.73,388.01,385.75,2295.05377041
1600426800,385,387.25,385.73,385.39,2715.61360633
1600430400,384.73,387.05,385.47,386.9,3019.32260666
1600434000,383,387.1,386.88,383.35,3987.20117981
1600437600,382.97,385.79,383.3,385.36,4733.64585951
1600441200,379.89,385.4,385.37,382.13,10978.89314956
1600444800,380.22,384.18,382.14,382.51,6746.14755042
1600448400,376,383.64,382.43,376.81,25527.76126191
1600452000,375.19,380.27,376.8,379.79,13889.75096435
1600455600,377.33,379.79,379.79,379.04,3739.65207933
1600459200,378.1,382.23,379.16,380.11,5403.63765345
1600462800,379.64,383.7,380.12,382.38,11930.02296381
1600466400,381.86,386.48,382.39,383.58,10063.33796716
1600470000,380.18,384.93,383.49,384.64,4848.75418011
1600473600,382.59,385.3,384.6,383.69,3723.29781836
1600477200,381.29,384.17,383.69,382.44,3938.06426395
1600480800,382.32,384.3,382.32,384.29,2337.58764867
1600484400,381.63,384.63,384.27,383,2152.82765823
1600488000,381.02,383.39,383,382.58,1435.72425674
1600491600,378.31,382.92,382.58,379.6,2732.79607678
1600495200,378.67,381,379.6,380.75,2369.89581646
1600498800,377.72,381.15,381,377.72,1825.20962882
1600502400,377.2,380.03,377.84,379.88,1282.48284574
1600506000,379.46,380.74,379.88,379.88,848.92684715
1600509600,379.42,381.88,379.95,381.82,1699.23906442
1600513200,381.45,387.72,381.91,386.99,6119.31684118
1600516800,383.83,388.43,386.94,385.15,5098.20679649
1600520400,384.02,386.44,385.45,385.75,2988.02301189
1600524000,384.4,385.87,385.8,385.01,2498.30601828
1600527600,383.47,385.64,385.01,384.93,2304.43789472
1600531200,384,386.8,384.87,384.65,3921.80579977
1600534800,384.6,386.39,384.6,386.01,3403.14523318
1600538400,381.52,386.28,386,384.3,7393.58173161
1600542000,383.04,385.43,384.31,384.83,4131.09882779
1600545600,384.04,386.26,384.94,386.19,2274.93276184
1600549200,383.79,386.2,386.2,385.4,1731.6374301
1600552800,383.1,385.4,385.3,384.92,2090.59218868
1600556400,383.58,385.82,384.89,385.23,1956.7408709
1600560000,383.04,385.31,385.25,383.59,3004.81279888
1600563600,380.39,383.59,383.59,380.39,4609.39372302
1600567200,379.82,381.61,380.33,380.19,3840.74806392
1600570800,379.5,381.84,380.18,381.25,1680.58959704
1600574400,380.55,382.21,381.34,381.69,2487.5531933
1600578000,380.21,381.99,381.63,380.84,1674.26883301
1600581600,379.88,381.69,380.81,381.64,1135.56273051
1600585200,381,382.13,381.63,381.01,1058.86975356
1600588800,379.74,382.1,381.01,379.9,1321.67843739
1600592400,377.91,380.5,379.9,380.42,994.76911915
1600596000,378.85,381.08,380.29,380.84,1470.34843915
1600599600,379.11,380.97,380.97,379.29,1343.41703079
1600603200,370.86,379.45,379.31,372.41,9998.62168601
1600606800,370.65,374.4,372.4,373.19,4960.45938703
1600610400,372,373.8,373.21,372.1,2182.46611389
1600614000,370.78,373.09,372.14,370.93,2182.8108931
1600617600,364.89,371.31,370.81,370.51,14100.07490145
1600621200,369.88,373.34,370.45,372.85,4617.71492141
1600624800,370.56,373.18,372.83,372.55,2508.74611549
1600628400,370.53,373.1,372.57,371.34,2876.58567228
1600632000,368.06,371.49,371.21,369.16,2256.82159064
1600635600,366,370.85,369.22,369.84,5565.44584956
1600639200,366.06,370.85,369.94,369.2,9011.51797401
1600642800,369.21,372.33,369.27,370.69,4920.09388843
1600646400,368.69,376.76,371.03,374.48,5132.85066771
1600650000,373.71,376.26,374.59,374.2,3528.92847957
1600653600,373.19,375.44,374.21,373.69,3402.77815714
1600657200,372.75,375.12,373.69,374.9,3111.03620311
1600660800,373.97,375.46,374.9,373.97,2101.22408617
1600664400,373.41,374.79,373.96,374.52,4460.51002836
1600668000,373.04,375.47,374.61,373.45,2637.23626433
1600671600,369.65,374.06,373.47,369.84,3114.12637722
1600675200,365.96,370.86,369.79,367.85,6205.69625534
1600678800,357.51,368.04,367.87,358.66,12031.98953392
1600682400,353.96,359.82,358.66,356.37,12386.81327517
1600686000,348.25,357.61,356.37,352.24,16752.09522663
1600689600,339.5,352.08,352.08,345.04,38502.26035036
1600693200,344.4,349.85,345.04,345.74,17595.01230701
1600696800,331,346.53,345.68,338.26,34149.79958221
1600700400,336.2,341.25,338.16,340.2,12761.84519489
1600704000,336.12,343.09,340.2,338.97,18272.73952734
1600707600,338.25,343.67,338.97,340.88,11511.08729965
1600711200,338.71,342.63,340.79,342.39,9879.24822552
1600714800,342.16,346.16,342.35,345.35,15449.01239692
1600718400,344.56,350.18,345.45,346.45,16993.21536651
1600722000,345.9,349.49,346.46,348.35,3772.58333936
1600725600,343.97,348.54,348.33,344.36,6671.96513794
1600729200,339.97,345.15,344.34,340.11,6371.38055475
1600732800,337.47,345.17,340.36,342.44,9662.01465459
1600736400,340.02,343.52,342.72,342.15,5352.17825794
1600740000,341.54,344.77,342.1,344.77,3546.17769389
1600743600,342.08,345.5,344.91,343.31,5356.46348799
1600747200,343.42,346.75,343.42,344.14,2980.24777786
1600750800,343.17,345.37,344.16,343.99,1959.54611339
1600754400,341.19,346.49,343.99,342,4641.86573406
1600758000,335.57,343.5,342,335.96,6238.06076141
1600761600,335.96,341.99,335.96,341.87,5572.92360574
1600765200,339.65,342.74,341.99,340.19,3427.84136608
1600768800,339.24,342.15,340.07,340.87,3114.03181432
1600772400,339.09,342.34,340.94,339.41,3474.16027676
1600776000,336.72,343,339.69,342.04,6200.98269478
1600779600,340.6,344.52,342.03,340.84,6381.68884786
1600783200,339.16,344,340.87,339.19,10513.93110102
1600786800,337.41,342.47,339.2,341.19,9026.49523707
1600790400,340.54,343.2,341.36,340.96,8516.86136123
1600794000,340.57,343.8,340.94,343.56,3151.31402493
1600797600,342.26,344.56,343.73,343.19,4549.7260531
1600801200,342.11,343.99,343.13,343.68,3066.17324882
1600804800,342.97,345.48,343.65,344.7,4571.78272214
1600808400,340.41,346.84,344.7,346.45,5823.48629497
1600812000,342.86,346.47,346.47,343.43,4008.98760928
1600815600,342.36,344.35,343.43,344.26,4851.95764078
1600819200,342.17,344.63,344.25,342.69,3045.68837375
1600822800,342.22,343.84,342.59,343.71,2462.93199806
1600826400,342.48,344.64,343.5,343.63,4588.51680668
1600830000,340.72,343.63,343.43,341.27,3665.15807982
1600833600,339,341.63,341.17,339.82,4070.05436859
1600837200,338.24,341.74,339.85,340.48,2499.71519394
1600840800,337.56,340.86,340.46,338.23,2490.94712689
1600844400,332.77,338.73,338.22,335.77,9716.47796405
1600848000,334.06,337.2,335.74,336.12,4063.37529728
1600851600,336,339.28,336.08,338.93,3166.59050775
1600855200,337.53,339.26,338.92,339.11,3473.22898098
1600858800,338.31,340.5,339.08,338.71,2390.16854158
1600862400,337.57,341.99,338.65,340.84,5612.0164304
1600866000,340.37,343.44,340.81,341.36,5332.68782242
1600869600,338.86,341.57,341.36,339.18,5934.91283546
1600873200,338.2,340.07,339.37,338.57,3734.45959393
1600876800,337.91,340.27,338.57,339.75,7958.71209899
1600880400,337.61,341.34,339.73,338.01,7324.64038758
1600884000,334.88,338.02,338.02,334.88,8257.68688693
1600887600,325.64,335.43,334.9,327.52,25713.65129869
1600891200,313,329.18,327.51,322.88,41075.76609798
1600894800,320.1,327.78,322.92,322.47,16706.32876196
1600898400,320.68,324.18,322.45,323.95,8582.76089158
1600902000,318.37,323.93,323.93,320.63,8858.63809737
1600905600,316.65,323.38,320.65,322.61,10060.16549219
1600909200,321.89,324.8,322.83,323.66,7113.15909128
1600912800,323.05,326.56,323.47,323.51,5936.76775499
1600916400,323.51,326.01,323.51,324.7,3774.60574345
1600920000,323.55,326.79,325.02,324.11,5625.23607752
1600923600,323.75,325.42,323.99,324.99,4309.18908364
1600927200,323.72,326.4,324.99,323.81,3295.98665181
1600930800,323.88,328.74,323.88,328.03,5970.86913771
1600934400,325.85,328.78,327.97,326.16,2848.64089649
1600938000,324.98,329.73,326.04,328.3,1892.62697588
1600941600,327.8,333.87,328.31,333.06,5283.06744263
1600945200,332.32,340.71,332.89,338.27,15864.51555808
1600948800,334.38,339.54,338.27,335.27,6740.3079978
1600952400,333.05,337.54,335.3,336.97,8341.37753633
1600956000,335.74,339.49,337.22,337.59,6093.39647588
1600959600,336.72,345.15,337.64,344.7,11560.27080257
1600963200,343.47,349.06,344.61,346.77,15172.66011715
1600966800,345.51,348.99,346.79,346.26,6356.11462332
1600970400,343.65,348.59,346.25,344.11,11126.70776849
1600974000,342.95,346.65,344.22,346.23,12531.72520801
1600977600,345.55,347.91,346.14,345.74,4622.75720662
1600981200,344.68,347.58,345.73,346.05,3339.72334221
1600984800,345.4,353.14,345.99,350.98,15317.47290534
1600988400,348.25,351.95,350.98,349.14,10068.1107437
1600992000,346.64,350.5,349.14,347.75,7208.74984418
1600995600,345.93,348.8,347.75,346.72,4613.01599506
1600999200,345.94,347.59,346.65,347.11,4647.94798244
1601002800,344.56,348.3,347.11,345,4222.158701
1601006400,344.15,346.22,345.01,344.69,3266.10436987
1601010000,340.51,344.75,344.75,341,5740.60252224
1601013600,339.76,344.89,341.12,344.62,4721.24705691
1601017200,342.67,344.75,344.75,343.02,2247.15739083
1601020800,337.63,343.16,343.16,338.68,4405.46101721
1601024400,337.88,341.36,338.65,340.32,2256.06052003
1601028000,339.45,342.49,340.16,340.48,1584.8464855
1601031600,339.26,344.79,340.48,343.71,4535.39087626
1601035200,343.37,348.52,343.67,344.86,5634.46473746
1601038800,342.39,346.01,344.86,344.18,7341.34472698
1601042400,340.66,345.74,344.19,345.17,4071.37400028
1601046000,344,347.78,345.31,347.24,4937.59556274
1601049600,345.2,348.78,347.25,346.69,7579.11065785
1601053200,345.69,350.73,346.69,349.63,6374.90300102
1601056800,349.67,355.65,349.67,353.94,14387.63173513
1601060400,352.85,355.41,353.94,353.85,5586.048979
1601064000,354.08,358.12,354.09,354.88,8721.55241046
1601067600,353.32,357.42,354.88,357.39,5635.33947188
1601071200,351.51,358.02,357.38,352.38,4272.48246087
1601074800,350.36,353.33,352.38,352.11,2922.85947144
1601078400,350.63,354.18,352.12,350.87,3998.47021293
1601082000,349.83,353.02,350.83,352.3,2532.75006281
1601085600,350.9,352.96,352.31,352.28,1117.01402494
1601089200,350.7,353.58,352.44,350.99,1659.8283492
1601092800,349.3,352.74,350.98,352.2,2615.88860856
1601096400,352.05,356.5,352.19,352.77,4972.51079469
1601100000,352.51,355.98,352.78,354.6,2742.06256718
1601103600,350.18,355.34,354.79,350.92,2441.80884468
1601107200,349.71,351.97,350.8,350.52,1723.97077468
1601110800,349.23,353.08,350.55,351.04,2582.74356699
1601114400,347.68,351.74,351.03,350.18,2479.75866874
1601118000,349.95,351.97,350.19,351.97,694.05866891
1601121600,348.81,351.97,351.95,349.52,2519.33635964
1601125200,347.33,349.81,349.51,347.58,1876.64187956
1601128800,346.03,353.95,347.42,351.79,5628.18893168
1601132400,351.78,354.77,351.79,352.35,2344.98905198
1601136000,350.67,354.79,352.35,354.65,3543.25126142
1601139600,353.36,355.1,354.8,354.34,2475.47077297
1601143200,352.58,355.9,354.41,353.46,2828.68911785
1601146800,351.55,353.43,353.39,352.51,1920.37706898
1601150400,351.94,353.97,352.51,353.57,1143.20036781
1601154000,352.58,355.61,353.58,352.58,2169.36369533
1601157600,351.15,354.5,352.57,353.4,1877.10213025
1601161200,353.56,355.52,353.56,354.13,3147.53526867
1601164800,353.8,360.45,354.01,359.91,8656.02950457
1601168400,358,362.86,359.94,359.84,9878.20334802
1601172000,358.32,360.96,359.87,359.54,4719.14181367
1601175600,358.58,360.42,359.53,359.72,3534.62310915
1601179200,359.62,362,359.75,361.32,3246.42191144
1601182800,359.68,362.14,361.31,360.58,2850.33870616
1601186400,352.58,360.92,360.58,353.17,6550.78678483
1601190000,353.2,355.04,353.41,354.26,1874.21482583
1601193600,350.35,354.18,354.17,352.63,2554.87108171
1601197200,350.28,352.69,352.45,350.7,976.86716472
1601200800,350.32,353.44,350.7,352.59,1541.46561341
1601204400,348.8,352.95,352.62,348.97,3897.61917419
1601208000,347.05,352.58,349.05,352.4,4399.13870924
1601211600,351.12,352.74,352.39,352.52,2066.53707733
1601215200,350.54,353.23,352.53,351.51,2126.62666345
1601218800,349.49,356.65,351.5,355.67,5581.83141445
1601222400,353.39,357.24,355.67,353.95,3423.09609496
1601226000,352.41,354.55,353.98,352.82,2191.2277857
1601229600,351.57,354.04,352.99,352.1,1669.70339954
1601233200,351.61,354.5,352.06,354.19,1176.62672709
1601236800,353.09,354.45,354.15,353.45,1475.06142302
1601240400,352.32,354.41,353.39,353.05,1133.09504763
1601244000,353.06,356,353.06,354.76,1710.09991107
1601247600,353.55,357.77,354.81,357.55,2851.63700064
1601251200,357.31,360.77,357.53,357.8,7463.17095983
1601254800,357.49,359.45,357.8,359.28,3288.94630349
1601258400,357.77,360.45,359.41,358.47,2494.19534554
1601262000,356.63,358.88,358.48,358.05,3464.49021071
1601265600,357.31,359.3,358.4,358.69,2301.2489527
1601269200,357.25,360.27,358.56,357.64,2154.80316483
1601272800,355.68,358.37,357.7,356.65,3777.71694135
1601276400,354.81,358.08,356.65,357.22,2239.38549856
1601280000,356,359.75,357.3,357.6,1951.29257939
1601283600,357.09,359.08,357.6,357.5,1502.57461976
1601287200,356.69,359.33,357.51,359,1612.35198482
1601290800,356.71,360.26,359.06,357.87,2750.33515417
1601294400,357.19,368.52,357.81,364.03,13161.79977837
1601298000,362.64,365.42,364.04,363.32,5080.72442442
1601301600,362.22,364.62,363.31,362.53,2707.78257442
1601305200,362.11,365.18,362.53,364.94,3081.65519031
1601308800,363.5,365.8,365.05,364.65,4172.88891379
1601312400,363.68,368.18,364.49,365.4,7518.96768526
1601316000,363,365.47,365.4,363.3,5849.70577575
1601319600,361.05,363.7,363.3,363.16,4514.13229478
1601323200,362,363.45,363.16,362.89,2547.20771956
1601326800,361.22,364,362.84,363.61,1999.35577919
1601330400,360.56,363.77,363.61,361.31,1732.834068
1601334000,351.88,361.85,361.28,353.91,16844.80966744
1601337600,351.65,355.48,353.68,354.74,9146.68626403
1601341200,353.33,355.2,354.73,353.5,2679.2574415
1601344800,352.87,354.94,353.48,353.8,5460.28881613
1601348400,352.55,354.47,353.77,352.84,3574.5829194
1601352000,352.52,354,352.84,353.22,4188.68108451
1601355600,351.12,353.21,353.21,351.45,8016.76458593
1601359200,350.19,355.88,351.5,355.6,5899.98260831
1601362800,354.32,355.72,355.6,354.89,4087.99341207
1601366400,353.9,355.71,354.9,355.25,5551.39997422
1601370000,354.03,356.28,355.25,354.38,5708.82771921
1601373600,354.1,358,354.38,356.81,2120.87681367
1601377200,356.62,358.9,357.09,357.37,1741.55089332
1601380800,356.65,358.19,357.59,357.61,2185.45682578
1601384400,354.74,357.8,357.56,357.42,3624.93344043
1601388000,355.86,359.68,357.61,356.98,5481.84904577
1601391600,353.12,358.21,357.12,355.05,6543.27968687
1601395200,352.74,355.58,355.09,354.49,8550.85428725
1601398800,350.35,354.67,354.49,353.68,7889.40731264
1601402400,353.47,356.19,353.77,355.21,3212.86217649
1601406000,355.17,357.42,355.23,356.26,5051.46933789
1601409600,356.45,359,356.45,357.67,6411.61605474
1601413200,356.75,358.13,357.71,357.69,1514.09988387
1601416800,356.55,358.65,357.72,357.56,1616.36924225
1601420400,357.61,360.59,357.61,359.9,6322.04519126
1601424000,357.5,360.1,359.93,357.64,1567.28005183
1601427600,355.04,358.68,357.64,356.46,2426.02534038
1601431200,356.11,357.72,356.43,356.34,3011.36801266
1601434800,355.3,356.63,356.33,355.3,2000.47187963
1601438400,353.59,356.15,355.28,355.88,2972.26565231
1601442000,354,356.51,355.77,354,2302.98008789
1601445600,353.44,356,354,355.44,2959.80616171
1601449200,354,356.54,355.38,354.71,3100.4499089
1601452800,353.62,356.04,354.71,355.29,1442.85269761
1601456400,352.94,355.01,355,354.37,2226.65871443
1601460000,354.28,355.6,354.35,354.96,1267.99313439
1601463600,352,355.25,354.94,352.79,2260.31316613
1601467200,351.38,355.73,352.62,354.93,3746.9064675
1601470800,354.62,356,354.93,355.47,1629.56119365
1601474400,355.33,356.91,355.62,355.54,2671.54826382
1601478000,355.61,357.87,355.61,357.56,3541.65454986
1601481600,356.68,358.8,357.52,357.81,3415.99795702
1601485200,356.38,358.63,357.84,357.16,2460.34007284
1601488800,354.08,357.72,357.29,355.69,3846.29410872
1601492400,354.46,356.19,355.64,355.34,1985.40742935
1601496000,355.01,356.97,355.34,356.74,2784.13225809
1601499600,356.74,358.36,356.74,357.17,1756.02263379
1601503200,357.04,360,357.15,359.12,3328.44567897
1601506800,358.9,361.51,359.11,359.89,2823.59432542
1601510400,358.87,361.42,360.01,359.29,4550.5692798
1601514000,358.87,361.53,359.39,361.48,2790.79495129
1601517600,361.59,364.08,361.59,362.71,4770.05185969
1601521200,362,363.23,362.79,362.51,1882.99775371
1601524800,362.2,363.99,362.5,362.58,1775.22430285
1601528400,360.39,362.59,362.59,362.09,2185.77273727
1601532000,362.07,363.79,362.07,362.77,3547.4764436
1601535600,362.44,364.22,362.77,364.13,3641.49927596
1601539200,363.12,370.25,364.14,367.27,10207.04534963
1601542800,367.19,368.23,367.23,367.8,1637.39739039
1601546400,366.43,368.28,367.82,366.92,2096.35220656
1601550000,366.59,368.74,366.92,368.65,3619.516414
1601553600,366.88,369,368.75,367.96,4322.66821101
1601557200,365.76,368,367.93,366.01,3098.94151066
1601560800,364.3,366.91,366.03,365.95,2981.90180168
1601564400,361.01,366.87,365.95,361.16,7795.52599554
1601568000,345.01,361.16,361.16,349.76,23987.67831121
1601571600,346,350.59,349.64,346.03,9348.82150362
1601575200,345.38,352.77,346.03,352.15,6807.70073144
1601578800,350.67,354.31,352.15,353,8501.09432369
1601582400,349.5,353,352.99,351.61,6211.35713542
1601586000,350.2,353.13,351.6,350.94,3503.65020863
1601589600,350.41,353.07,350.86,351.75,2150.86887056
1601593200,351.3,353.16,351.65,352.9,1873.47520779
1601596800,350,352.84,352.84,351.08,2928.62189804
1601600400,351.01,353.89,351.16,351.92,1801.27140762
1601604000,351.33,352.97,351.92,351.37,1673.10344986
1601607600,351.35,353.23,351.35,353.23,1659.24981919
1601611200,351.31,354.25,353.3,351.31,2545.94504804
1601614800,341,351.3,351.3,342.55,24860.13133227
1601618400,340.01,344.53,342.54,344.11,7289.25692691
1601622000,341.73,344.4,344.03,342.26,6446.02212925
1601625600,336.66,343.23,342.27,338.4,9663.09843731
1601629200,336.52,341.5,338.4,337.99,6362.05843009
1601632800,334.19,339.54,337.99,338.16,14315.07647591
1601636400,337.18,339.76,338.16,337.25,6141.71240171
1601640000,336.86,339.84,337.3,339.65,6181.9672048
1601643600,337.03,344.26,339.65,342.19,13924.50818096
1601647200,342.11,346.7,342.11,344.51,9483.22011778
1601650800,342.66,345.53,344.51,343.3,6071.3095923
1601654400,341.55,345.59,343.26,344.89,5438.53219132
1601658000,343.43,345.39,344.89,344.45,3258.06012793
1601661600,343,344.97,344.6,344.41,3204.44748796
1601665200,343.34,344.99,344.49,343.47,3454.42064974
1601668800,343.29,347.7,343.44,346.86,2338.80587813
1601672400,341.41,347.17,346.99,342.01,8195.07483398
1601676000,341.69,345.78,342.04,345.07,2899.02377112
1601679600,344.82,346.37,345.07,345.7,2418.49383236
1601683200,343.71,346.08,345.74,344.1,1538.63907368
1601686800,344.08,345.7,344.38,345.7,1679.55038183
1601690400,345.08,346.68,345.83,345.84,764.91077402
1601694000,345.38,349.21,345.8,348.41,2535.04111105
1601697600,347,348.54,348.3,348.21,1867.61256685
1601701200,345.99,348.21,348.21,346.58,1003.25670957
1601704800,344.77,347.13,346.53,346.11,2045.91425656
1601708400,345.45,347.14,346.1,346.06,1422.09687573
1601712000,344.61,347.77,346,345.79,1223.27688429
1601715600,345.22,347.26,345.68,346.18,1206.3600111
1601719200,345.99,348.32,345.99,348.2,1002.06742427
1601722800,347.47,349.92,348,347.68,2580.90864468
1601726400,345.71,347.79,347.74,346.42,2655.13727261
1601730000,346.12,347.07,346.21,346.23,937.00611508
1601733600,346.14,347.39,346.19,346.75,1045.29186179
1601737200,346.55,347.9,346.68,347.5,1054.72864569
1601740800,346.73,349.17,347.52,348.27,2545.63699757
1601744400,347.22,348.7,348.21,348.32,1362.97280361
1601748000,348.22,351.2,348.31,350.51,2201.53781025
1601751600,350.15,351.2,350.49,350.31,1494.3997402
1601755200,348.66,350.71,350.31,349.09,1088.97742466
1601758800,348.62,349.69,349.08,349.03,2683.65725877
1601762400,346.25,349.18,349.02,347.5,2387.59744392
1601766000,345.76,347.96,347.68,346.18,1645.57058707
1601769600,345.16,347.42,346.18,347.06,2479.56639434
1601773200,344.08,347.11,347,345.34,2322.48378546
1601776800,344.16,346.26,345.29,346.13,1974.43658836
1601780400,345.76,346.74,346.27,345.98,1170.30088966
1601784000,345.94,347.15,345.97,346.99,2968.81896994
1601787600,346.53,347.19,347.04,346.68,1306.01882756
1601791200,346.69,349.66,346.69,349.66,1954.40889553
1601794800,348.19,349.84,349.81,348.43,928.7589963
1601798400,347.49,349.36,348.44,347.91,906.5756556
1601802000,346.85,348.28,347.93,347.52,544.48309557
1601805600,345.62,347.57,347.29,346.42,1816.19790101
1601809200,346.14,347.81,346.41,347.79,1299.25083824
1601812800,345.07,347.96,347.55,347.96,1006.84484405
1601816400,347.46,349.6,347.96,347.95,2447.24229263
1601820000,347.24,348.77,347.96,347.73,1206.23114847
1601823600,346.42,348.38,347.73,346.91,1156.9624175
1601827200,346.56,348.35,346.91,348.07,1736.89070162
1601830800,347.71,348.85,348.07,348.41,4280.99232898
1601834400,348.41,352.32,348.41,351.06,6698.50988469
1601838000,351.08,354.35,351.08,352.89,3956.71872064
1601841600,351.1,354.33,352.89,351.9,2942.65683514
1601845200,351.17,353.39,351.9,351.59,9433.86183275
1601848800,351.13,352.81,351.63,352.22,1661.35647754
1601852400,352,352.79,352.18,352.48,1473.1363397
1601856000,352.36,356.12,352.42,354.33,4698.30354025
1601859600,353.39,355,354.25,353.6,5686.58289174
1601863200,353.36,354.49,353.57,354.25,3181.27245366
1601866800,351.29,354.26,354.24,352.08,2772.29834568
1601870400,351.07,352.29,352.08,351.37,1393.7207504
1601874000,351.37,352.76,351.37,352.3,818.04448463
1601877600,348.69,352.31,352.31,351.13,5487.17847643
1601881200,349.9,351.72,351.07,351.1,1593.87785782
1601884800,350.25,351.59,351,350.36,982.48620234
1601888400,349.9,352.34,350.36,351.43,802.1946494
1601892000,350.73,352.24,351.65,351.57,1227.16404509
1601895600,350.69,352.54,351.53,350.71,1042.37006397
1601899200,350.15,352.79,350.61,352.72,887.70616095
1601902800,352,354.06,352.79,352.92,2795.30234177
1601906400,352.01,354.41,352.99,352.94,3283.71830624
1601910000,352.37,353.8,352.92,352.89,1530.27153257
1601913600,352.13,354.18,352.89,354.18,2094.7725876
1601917200,350.72,354.07,354.07,351,1649.18787643
1601920800,349.48,351.85,351,351.68,2475.42466086
1601924400,351.34,352.4,351.51,351.74,1700.08055215
1601928000,351.29,352.5,351.71,352.19,1289.55140467
1601931600,351.92,352.7,352.2,352.7,537.64029942
1601935200,352.26,353.97,352.7,352.74,1859.4929113
1601938800,351.99,354.18,352.74,353.73,3502.91844345
1601942400,352.11,355.33,353.82,352.62,2768.89801826
1601946000,352.11,353.33,352.62,352.94,1260.04541262
1601949600,352.95,354.69,352.95,353.54,1582.48006528
1601953200,352.97,354.34,353.54,353.88,1205.13885486
1601956800,353.84,354.77,353.89,354.21,1168.96884193
1601960400,353.06,354.21,354.21,353.83,929.2517625
1601964000,352.52,354.21,353.82,353.2,1102.62485003
1601967600,350.59,353.59,353.2,350.94,1610.79245278
1601971200,349.89,352.19,350.95,352.01,3388.30928038
1601974800,351.79,352.48,352.01,352.3,579.29422389
1601978400,348.51,352.39,352.29,348.51,2404.4632235
1601982000,343.38,348.52,348.51,346.09,10642.9503398
1601985600,344.64,347.18,346.13,345.59,9650.72797225
1601989200,344.99,347.45,345.59,345.2,3075.35828249
1601992800,344.04,346.72,345.09,344.71,3680.36171026
1601996400,340.94,352.84,344.63,351.45,11128.26376625
1602000000,349.29,352.13,351.4,349.74,5614.24967539
1602003600,348.01,350.36,349.85,348.75,2605.6554535
1602007200,342.11,349.84,348.72,343.28,4908.35110839
1602010800,338.88,343.11,343.11,340.17,15375.96707495
1602014400,336.73,341.11,340.13,337.46,5985.94265732
1602018000,336.81,339.52,337.4,339.13,5215.55337465
1602021600,338.71,341.06,339.13,339.5,2554.44671189
1602025200,338.9,340.93,339.45,340.78,2675.56906031
1602028800,338.72,340.86,340.8,339.17,3344.06471634
1602032400,332.87,339.86,339.18,337.01,6238.79643032
1602036000,336.73,339,337.01,338.15,3482.04947771
1602039600,335.39,338.37,338.15,336.99,2699.37143029
1602043200,336.1,338.58,336.91,338.33,2068.08643196
1602046800,337.11,340.2,338.33,339.51,2367.16265463
1602050400,339.12,341.79,339.51,341.15,1470.65025459
1602054000,339.84,342.42,341.31,341.39,1945.32120556
1602057600,339.65,342.12,341.38,340.23,944.09557383
1602061200,337.31,340.38,340.2,339.04,2240.35143749
1602064800,337.65,339.9,339.04,339.74,1839.42186791
1602068400,338.23,339.93,339.59,339.39,1153.40072363
1602072000,339.68,342.17,339.7,341.22,3899.88421878
1602075600,340.64,342.45,341.28,341.2,1728.88585587
1602079200,339.83,341.51,341.34,341.16,2046.59265565
1602082800,339.62,342.83,341.15,340.75,6113.18438261
1602086400,337.32,340.8,340.72,338.63,14951.91234939
1602090000,336.89,339.18,338.66,338.22,21438.60899481
1602093600,338.16,341.64,338.19,341.26,5081.50916427
1602097200,340.69,342.73,341.25,341.11,2100.13329886
1602100800,340.22,341.5,341.01,340.81,2445.06635377
1602104400,339.71,340.98,340.79,340.09,2258.56316487
1602108000,339.25,340.48,340.1,340.36,1771.92916399
1602111600,340.04,342,340.31,341.68,1925.32364062
1602115200,339.6,342.36,341.7,339.83,1977.20638326
1602118800,338.41,340.25,339.96,340.07,2786.32678194
1602122400,338.29,340.16,340.16,339.21,1171.74840109
1602126000,338.76,340.47,339.22,339.39,1306.54371646
1602129600,338.72,340.42,339.39,339.73,760.10066518
1602133200,338.17,339.68,339.66,338.9,1020.72185857
1602136800,338.43,340.37,338.89,338.81,1454.17293775
1602140400,334.58,338.79,338.74,336.14,5386.26470397
1602144000,335.18,336.75,336.21,335.5,1150.96116968
1602147600,334.29,337.27,335.44,336.13,901.51180016
1602151200,335.79,339.49,336.13,338.2,1869.47457836
1602154800,337.19,338.2,338.13,337.6,1183.29874463
1602158400,337.19,340.86,337.6,340.74,2252.67940581
1602162000,339.63,344.68,340.76,344.03,9090.15481931
1602165600,343.07,350.48,344.06,349.62,12597.43348828
1602169200,348.1,351.3,349.64,349.43,9026.5161988
1602172800,348.8,352.66,349.44,350.84,8869.88305532
1602176400,349.78,352.35,350.95,350.52,4750.98247621
1602180000,349.31,351.43,350.52,351.22,5558.41662719
1602183600,350.44,352,351.18,351.48,2806.77643807
1602187200,350.62,353.34,351.47,351.85,3192.49119878
1602190800,349.86,351.95,351.85,349.97,3249.50393898
1602194400,349.97,351.94,350,351.15,3382.80439947
1602198000,349.86,351.38,351.15,351.25,2294.00188548
1602201600,348.36,351.47,351.17,349.46,3767.47359796
1602205200,349.13,351.25,349.36,351.17,1852.39348088
1602208800,350.43,351.68,351.05,351.15,1280.56001203
1602212400,350,351.69,351.16,350.01,1979.44624204
1602216000,349.33,350.86,350.01,349.34,1775.48581961
1602219600,348.71,350.06,349.33,348.71,1355.02443942
1602223200,347.15,349.14,348.7,348.67,1995.22596237
1602226800,348.66,350.85,348.66,350.58,1746.19648494
1602230400,350.24,351.24,350.58,351.07,1679.83649279
1602234000,349.31,351.13,351.12,350.17,1006.86391786
1602237600,349.39,356.78,350.15,356.1,6850.90628585
1602241200,356.11,362,356.11,359.15,14385.92486784
1602244800,358.44,360.89,359.16,359.17,8325.9132845
1602248400,359,360.38,359.18,359.99,5224.62636965
1602252000,359,361.52,360.1,361.01,6766.47242661
1602255600,359.87,365.9,361.02,365.37,13086.74432913
1602259200,363.19,366.5,365.47,364.25,8866.99592784
1602262800,363.91,365.07,364.24,365.07,6063.72886978
1602266400,362.49,365.3,365.07,363.54,4666.09102797
1602270000,362.3,364.76,363.53,363.67,6903.49373348
1602273600,363.28,364.65,363.67,363.93,3624.5286722
1602277200,362.81,364.33,363.92,364.33,2603.10659385
1602280800,364.25,365.5,364.33,365.5,3998.84614888
1602284400,365,368.7,365.5,365.36,6435.13009297
1602288000,365.02,368.22,365.35,367.34,3276.8169951
1602291600,366.12,368.75,367.34,368.46,1532.03345498
1602295200,368.35,380.81,368.47,375.93,35008.05272482
1602298800,375.67,378.71,375.95,376.15,6932.99896581
1602302400,375.24,377.1,376.26,375.75,2605.63433575
1602306000,374,376.16,375.71,374.05,2768.29654953
1602309600,373.67,376.08,374.06,374.76,2404.6273079
1602313200,374.43,375.79,374.67,375.05,1724.56147585
1602316800,374.84,376.24,374.96,375.65,1443.00033943
1602320400,370.42,375.89,375.64,372.1,5120.76507805
1602324000,368.5,372.43,372.11,372.22,4752.66119478
1602327600,371.61,373.44,371.96,372.28,1755.64766119
1602331200,370.94,373.55,372.27,373.5,2432.87867151
1602334800,372.55,375.89,373.5,374.4,3028.93661277
1602338400,372.78,374.74,374.35,374.04,3275.58110872
1602342000,372.1,376,374.15,372.99,2773.26044855
1602345600,372.25,374.15,373.06,373.06,2733.35230291
1602349200,371.39,375.06,372.99,373.24,9610.2132233
1602352800,372.8,380,373.16,374.11,8641.22748556
1602356400,373.53,376,374.17,373.96,2703.78896207
1602360000,373.39,375.11,373.96,374.68,1427.39513328
1602363600,371.05,375.54,374.68,375.35,3094.74953336
1602367200,374.15,375.65,375.31,374.61,2256.8487847
1602370800,369.26,374.61,374.6,370.75,6006.39817537
1602374400,369.02,372.21,370.73,370.36,3789.18788655
1602378000,370.35,373.48,370.36,372.69,3248.52252499
1602381600,371.83,373.03,372.68,372.77,1844.7372718
1602385200,369.6,372.88,372.77,370.77,1980.05792711
1602388800,369.67,371.76,370.79,371.21,1929.92381503
1602392400,370.65,372.72,371.2,371.96,1128.39708291
1602396000,371.5,372.84,371.96,372.67,1345.13704314
1602399600,372.04,373.67,372.75,372.22,1289.63060631
1602403200,371.59,373.36,372.22,372.2,1443.98391635
1602406800,371.51,373.09,372.22,373.06,1388.97836439
1602410400,372.26,377.49,373.03,376.63,3977.93173664
1602414000,373.11,377.44,376.83,374.44,4441.27515946
1602417600,371.17,374.84,374.39,372.32,2589.60017065
1602421200,371.5,373.14,372.58,372.74,1643.8658013
1602424800,371.84,376.14,372.73,373.01,2606.97316592
1602428400,373.15,375.56,373.15,375.09,2227.95478522
1602432000,373.85,376.35,375.2,374.85,2434.60721326
1602435600,374.73,376,374.85,375.46,4169.73780137
1602439200,374,375.85,375.5,375.22,2552.02653642
1602442800,372.68,375.95,375.28,373.4,2928.29803633
1602446400,372.99,374.3,373.16,373.01,1315.76313127
1602450000,372.1,373.74,373.06,373.02,2202.41313061
1602453600,371.32,373.61,373.24,373.51,2266.57547338
1602457200,372.96,375.09,373.55,374.38,1180.38280154
1602460800,372.74,374.45,374.37,373.94,1531.73098383
1602464400,373.08,374.96,373.91,374.66,1863.83509697
1602468000,373.19,374.84,374.61,374.63,1261.84799364
1602471600,374,375.5,374.6,374.14,1646.9398924
1602475200,373.35,374.22,374.07,374.08,1687.44232647
1602478800,373.52,375.27,374.04,374.77,1193.17835842
1602482400,371.9,374.88,374.76,372.13,1445.96550746
1602486000,370.4,374.92,372.13,374.07,4696.86897463
1602489600,373.56,375.25,374.07,373.56,1162.55635387
1602493200,371.3,374.64,373.55,372.99,3322.04372295
1602496800,365.77,373.2,372.99,367.64,9701.76180751
1602500400,365.77,368.04,367.64,366.49,2556.11853844
1602504000,366.07,369,366.33,368.97,1262.92031641
1602507600,368.26,385.43,368.89,383.64,16742.45768233
1602511200,382.22,384.47,383.63,382.91,5273.80299858
1602514800,382.99,387.3,382.99,385.81,5596.37617902
1602518400,385.03,388.37,385.84,386.91,7584.11243046
1602522000,385.36,388.24,387.22,387.87,6423.45708199
1602525600,387.52,389.16,387.92,388.46,4158.41684558
1602529200,387.31,389.73,388.45,388.22,5557.069753
1602532800,387.34,388.69,388.33,387.57,2273.87131291
1602536400,387.55,393.32,387.61,392.69,5778.6747818
1602540000,391.41,395.18,392.68,392.83,6353.93135398
1602543600,385.02,393.18,392.82,386.74,12388.91499946
1602547200,383.61,387.88,386.77,386.38,4706.86978164
1602550800,383.2,386.42,386.39,385.91,2359.99079532
1602554400,382.59,385.92,385.92,384.44,3379.65447565
1602558000,381.65,385.19,384.36,382.91,3530.64761636
1602561600,382.65,385.06,383.06,384.15,2061.39331825
1602565200,384.04,386.06,384.07,385.05,1913.50091252
1602568800,382.95,385.14,385.14,383.23,2264.45158514
1602572400,380.73,383.51,383.17,382.76,2792.87381248
1602576000,382.74,384.61,382.86,384.6,1526.49830373
1602579600,382.8,384.68,384.59,383.51,1302.46983486
1602583200,378.8,387.34,383.5,384.73,5079.13839787
1602586800,384,385.91,384.72,384.58,3007.37678674
1602590400,382.64,385.42,384.56,382.97,3053.69718109
1602594000,375.69,382.99,382.99,378.03,8707.62760458
1602597600,374.29,379.66,378.02,379.55,10278.29272437
1602601200,378.72,380.9,379.55,379.22,4889.12211433
1602604800,377.4,380.56,379.24,380.19,2227.3367086
1602608400,376.34,380.26,380.26,376.59,2267.28651612
1602612000,376.18,379.44,376.4,378,3540.61392225
1602615600,377.26,380,377.99,378.35,1805.16197366
1602619200,378.11,380.34,378.34,380.18,3004.94252634
1602622800,379.89,383.35,380.17,383.04,3300.92662502
1602626400,381.18,383.26,383.04,381.33,3874.86486491
1602630000,380.77,382.61,381.34,381.37,3668.88031607
1602633600,380.03,385.5,381.37,384.91,6337.69184457
1602637200,383.08,385.31,384.87,384.31,2791.40776512
1602640800,382.15,384.45,384.33,382.52,1976.01969539
1602644400,381.62,383.89,382.51,381.8,2167.00129573
1602648000,380.31,383.18,381.81,382.17,2361.70867056
1602651600,381.14,382.95,382.17,382.63,2457.78325203
1602655200,381.29,383.42,382.64,383.01,1467.85883116
1602658800,381.23,383.37,383,382.44,1122.40928001
1602662400,381.8,383.27,382.44,382.94,1609.54331088
1602666000,381,383.33,382.96,381.6,1783.90005422
1602669600,378.01,381.96,381.62,379.39,3243.06132847
1602673200,379.15,381.49,379.33,379.26,2056.94023951
1602676800,378.51,382.01,379.18,381.95,2170.87702262
1602680400,381.35,387.5,381.95,386.69,5347.33939503
1602684000,379,387.63,386.69,381.08,7581.83205762
1602687600,375.27,381.59,381.08,375.82,10092.45165802
1602691200,373.29,377.73,375.85,376,5904.00373537
1602694800,373.37,375.95,375.95,374.94,4591.22066522
1602698400,373.57,376.46,374.93,375.87,2408.16367435
1602702000,375.12,377.53,375.91,375.34,3968.55049944
1602705600,374.98,376.94,375.21,376.83,1685.37180671
1602709200,375.62,378.29,376.83,375.67,1968.13032508
1602712800,375.66,377.82,375.67,377.45,2037.61214332
1602716400,377.41,379.84,377.43,378.97,3069.83861656
1602720000,377.35,379.26,379.01,378.04,1295.07979285
1602723600,376.76,379.33,378.21,377.59,1552.08199244
1602727200,375.35,378.03,377.59,376.02,2487.02454045
1602730800,375.73,377.2,376.01,377,1607.89538191
1602734400,375.69,377.98,376.96,377.31,1455.3141093
1602738000,376.81,379.82,377.3,378.88,1520.83744741
1602741600,377.47,381.14,378.89,379,3003.49559608
1602745200,378.2,379.84,379.01,379.1,2836.82611152
1602748800,374.84,379.8,379.09,375.26,3369.59969965
1602752400,370.52,375.44,375.26,372.46,5060.03699979
1602756000,371.88,373.95,372.44,373.7,2209.808817
1602759600,371.96,374.11,373.69,372.32,2422.96962766
1602763200,370.06,377.8,372.17,375.29,6037.01881482
1602766800,374,377.84,375.61,377.31,1860.0340021
1602770400,374.84,377.31,377.3,376.23,2284.17371256
1602774000,375.04,377.34,376.22,376.75,6079.25870512
1602777600,374.28,378.52,376.84,375.33,4536.12765668
1602781200,375.21,379.19,375.32,378.37,4086.65522866
1602784800,376.59,378.97,378.38,376.8,1924.65764287
1602788400,376.59,378.94,376.75,378.53,2956.25696326
1602792000,378.31,381.99,378.57,380.32,4297.34853852
1602795600,377.54,380.57,380.32,378.39,2084.44307234
1602799200,376.95,379.23,378.39,377.5,1536.73431309
1602802800,376.41,378.14,377.49,377.94,2412.29983773
1602806400,376,378.48,377.89,378.14,2561.24927745
1602810000,378.08,380,378.13,379.79,2033.6879338
1602813600,378.52,379.98,379.9,378.74,1239.31517525
1602817200,377.06,379.33,378.73,378.32,1219.31125629
1602820800,365,378.2,378.2,369.04,19900.16325167
1602824400,368.13,372.31,369.19,369.65,3475.81646962
1602828000,369.07,371.26,369.64,370.27,1527.88140837
1602831600,369.11,370.71,370.09,369.32,1367.69732473
1602835200,367.74,371.22,369.15,368.76,2598.29243032
1602838800,361.38,369.03,368.75,363.36,10026.12384822
1602842400,363.11,367.07,363.37,364.83,3223.39815079
1602846000,364.5,371.89,364.88,370.16,4909.39788039
1602849600,368.21,370.32,370.08,369.23,6398.84428669
1602853200,368.22,369.95,369.22,369.14,4814.37614862
1602856800,366.89,370.2,369.14,367.54,2828.39311134
1602860400,365.61,367.93,367.54,367.27,4751.42751531
1602864000,365.7,368.43,366.98,367.66,2694.67406081
1602867600,366.23,368.5,367.73,366.79,5221.09782845
1602871200,366.98,369.49,366.99,369,2859.69483942
1602874800,365.47,369.33,369,365.47,2944.29412013
1602878400,364.3,367.55,365.48,366.78,9417.71785031
1602882000,364.52,366.92,366.85,366.37,2502.85786607
1602885600,365.12,370.27,366.37,366.58,5579.54737219
1602889200,365.14,367.26,366.58,365.57,2168.02531497
1602892800,363.56,366.13,365.57,364.63,2584.83795746
1602896400,364.11,368,364.63,367.05,2640.0820364
1602900000,367.1,368.7,367.1,368.15,1663.40804789
1602903600,367.37,368.71,368.07,368.58,1138.60472584
1602907200,367.57,368.88,368.68,367.94,808.93450451
1602910800,367.33,368.66,367.94,368.39,1521.76647328
1602914400,367.34,369.4,368.34,367.54,977.64548958
1602918000,367.44,368.7,367.54,368.09,823.5377026
1602921600,366.69,368.61,367.98,366.69,932.70866031
1602925200,365.8,367.87,366.6,367.79,1855.45040747
1602928800,367.36,368.44,367.71,368.38,1014.34227488
1602932400,367.74,368.45,368.09,368.37,982.53021365
1602936000,366.81,368.62,368.32,367.8,2288.2867746
1602939600,365.62,368.11,367.8,366.05,2245.36216401
1602943200,364.68,369,366.1,368.57,1894.99207429
1602946800,367.67,370.57,368.58,367.89,1589.57033348
1602950400,365.92,368.24,367.81,366.77,2327.11638169
1602954000,366.02,367.25,366.77,367.06,2345.61600536
1602957600,366.02,367.37,367,367.3,1658.46647982
1602961200,366,367.7,367.27,366.96,2006.35187346
1602964800,365.69,367.56,366.95,367.06,4912.39733345
1602968400,367.1,368.32,367.1,367.54,1224.52412499
1602972000,367.17,368.22,367.53,367.78,1114.38291322
1602975600,367.77,368.95,367.79,368.48,1317.15620718
1602979200,367.31,369.64,368.48,368.97,2360.42301827
1602982800,368.92,371.04,368.92,370.02,3252.61479754
1602986400,368.6,370.01,370.01,369.28,976.05627401
1602990000,368.53,369.43,369.25,368.72,831.51957096
1602993600,368.31,369.5,368.71,368.58,799.06216998
1602997200,368.56,369.45,368.57,369.45,484.52885129
1603000800,368.89,374.35,369.45,373.8,3960.86688827
1603004400,373.02,374.38,373.8,374.16,2211.3123148
1603008000,372.49,375.79,374.2,373.49,1907.49206101
1603011600,371.91,373.88,373.57,372,796.99237088
1603015200,372.14,373.11,372.14,372.94,966.97960952
1603018800,372.58,373.24,372.94,373.06,1063.24001352
1603022400,373.01,373.74,373.2,373.4,1076.51368625
1603026000,373.43,374.35,373.47,374.24,860.22517365
1603029600,374.11,377.5,374.23,375.2,4592.01682097
1603033200,374.96,375.91,375.2,375.8,1850.06056736
1603036800,375.11,376.27,375.82,375.84,1322.92514069
1603040400,375.23,376.41,375.86,376.41,1468.33407478
1603044000,376,377.05,376.41,376.01,1919.21101477
1603047600,375.18,376.19,376,375.89,2084.16940442
1603051200,374.67,376.01,375.89,376,2276.1640858
1603054800,375.71,376.63,376,376.14,1551.35652483
1603058400,375.77,377.52,376.15,377.13,1444.43234932
1603062000,376.9,378.69,377.06,378.58,2452.71341631
1603065600,373.7,379.94,378.56,375.59,4068.34233499
1603069200,374.85,376.19,375.59,375.03,1702.45796041
1603072800,374.71,376.03,375.1,375.61,1179.38264791
1603076400,372.89,375.95,375.62,373.12,1430.35497059
1603080000,372.95,374.25,373.1,373.82,1176.94117936
1603083600,373.36,375.49,373.89,374.23,1671.16828339
1603087200,373.64,375.69,374.23,375.02,1368.38928666
1603090800,374.62,375.77,375.02,374.93,477.50045644
1603094400,374.32,375.83,374.94,375.51,740.0574475
1603098000,375.12,376.34,375.49,376.15,1142.32954568
1603101600,375.26,376.48,376.32,376,917.91787131
1603105200,375.71,377.58,375.99,375.95,1544.94902432
1603108800,375.8,377.68,376.02,376.88,1662.04816788
1603112400,376.87,381.49,376.87,380.79,7005.88548909
1603116000,378.71,381.69,380.82,379.58,3824.188642
1603119600,379.2,384.31,379.4,384.03,11012.49709105
1603123200,382.03,384.69,384.04,382.43,5272.94698024
1603126800,380.3,382.93,382.44,380.32,4224.08955737
1603130400,378.6,381.2,380.32,378.74,7082.44733812
1603134000,378.61,379.99,378.73,379.57,3520.50137686
1603137600,378.34,380,379.63,379.71,1943.24141994
1603141200,378.81,380.58,379.71,379.55,2990.38626857
1603144800,376.89,379.9,379.55,379.04,2354.93678523
1603148400,378.41,380.03,379.05,379.36,1644.49753738
1603152000,378.02,379.65,379.53,378.98,1757.10384072
1603155600,378,379.71,378.93,378.41,2068.24115505
1603159200,378.24,379.39,378.41,378.66,1582.65005863
1603162800,378.32,380.9,378.67,380.21,2202.64577427
1603166400,378.51,380.21,380.17,378.65,1745.49184
1603170000,377.48,378.99,378.6,378.14,2078.69424002
1603173600,377.43,379.14,377.87,378.48,1257.83307443
1603177200,373.99,379.84,378.47,375.64,4321.43281742
1603180800,374.08,375.66,375.66,374.8,2207.04268742
1603184400,374.53,377,374.79,376.33,971.76336361
1603188000,375.15,376.86,376.3,376.7,1026.10382727
1603191600,365.55,377.59,376.69,368.15,14839.20494573
1603195200,367.03,370.7,368.16,369.7,4086.55360894
1603198800,367.68,370.69,369.69,370.41,4021.8717079
1603202400,368.9,370.49,370.4,369.4,5510.41612666
1603206000,368.76,373.45,369.38,371.47,7334.3613215
1603209600,370.6,373.08,371.36,371.25,3475.77948565
1603213200,370.15,373.09,371.26,370.3,5373.60216692
1603216800,368.29,370.79,370.28,370.22,4378.7021419
1603220400,363.01,370.65,370.21,364.05,4185.31334578
1603227600,364.04,370.24,364.04,370.13,5035.49278803
1603231200,368.63,370.62,370.24,369.64,3371.55269573
1603234800,367.78,370.23,369.67,368.81,2108.41680914
1603238400,368.06,372.9,368.81,372.34,2674.65289077
1603242000,370.65,372.76,372.27,371.62,2744.97856112
1603245600,371.04,372.83,371.74,371.98,4794.04226185
1603249200,372.12,381.18,372.12,378.69,16331.7753848
1603252800,378.22,381.8,378.56,381.51,9201.3101267
1603256400,379,382.39,381.51,380.5,5316.76142058
1603260000,380.29,382.95,380.49,380.56,3675.39383412
1603263600,378.38,380.78,380.57,379.27,2894.76092105
1603267200,376.6,379.69,379.46,376.6,1785.36933659
1603270800,376.44,379.3,376.69,378.84,2360.87424265
1603274400,378.37,381.27,378.84,379.05,2640.22494144
1603278000,377.21,380.77,379.21,379.65,3383.29383015
1603281600,377.83,382.82,379.72,381.61,5287.04196968
1603285200,380.51,386.11,381.52,385.53,13842.72257301
1603288800,383.92,391.33,385.52,389.04,29963.34889518
1603292400,386.75,393.12,389.04,393,21380.46509452
1603296000,393,400.25,393,396.82,47859.763038
1603299600,394.4,398.52,396.89,395.5,9283.70578035
1603303200,393.11,396.52,395.51,394.9,8610.11866284
1603306800,391.36,395.45,395.04,391.71,9275.55703233
1603310400,391.6,395.17,391.71,395.17,5819.70522819
1603314000,392.5,397.25,395.07,396.16,7966.20239151
1603317600,395.72,402.62,396.16,400.96,14827.7520775
1603321200,390,401.29,401,391.53,17929.98651078
1603324800,391.33,397.17,391.36,396.84,6644.15514638
1603328400,395.02,398.49,396.61,395.98,5978.30050685
1603332000,392.41,396.33,395.97,393.73,6302.81531052
1603335600,392.48,395,393.72,393.01,3470.40029821
1603339200,392.37,394.91,393,394.45,2914.22941311
1603342800,392.97,396.64,394.44,395.2,3325.01469264
1603346400,394.75,396.73,395.21,396.28,4059.38550745
1603350000,394.49,396.27,396.27,395.52,1550.36582831
1603353600,395.39,399.36,395.47,398.06,2112.42019447
1603357200,392.06,399.23,398.13,397.6,5591.6525871
1603360800,396.5,409.28,397.4,408.95,12157.0248886
1603364400,408.95,416,409.03,415.47,17331.99189555
1603368000,408.24,416,415.43,411.97,10704.41190698
1603371600,411.63,416.19,411.97,413.45,11668.29149627
1603375200,410.43,415,413.43,414.38,9101.742361
1603378800,411.67,417.49,414.43,415.11,11646.63997094
1603382400,414,417.52,415.12,417.14,8480.72954224
1603386000,414.38,419.8,417.07,418.02,9791.18498505
1603389600,415.67,418.8,418.1,418.68,7772.56564896
1603393200,416.06,419.86,418.74,416.4,8660.41667096
1603396800,416.48,419.95,416.48,418,7416.5334944
1603400400,411.9,419.52,418,418.46,8793.45464799
1603404000,415.45,421.47,418.47,415.68,9302.20004802
1603407600,412.51,416.89,415.75,414.7,7557.581353
1603411200,409.64,414.75,414.64,412.53,6420.9226556
1603414800,411.62,414.49,412.29,412.83,3067.91618021
1603418400,412.56,415.83,412.75,414.87,4198.51354081
1603422000,413.45,416.1,414.84,414.15,4416.80177231
1603425600,412.67,415.2,414.15,412.67,4289.54177928
1603429200,412.44,417.11,412.73,417.1,2873.21870169
1603432800,413.15,417.12,417.07,413.53,1787.23802042
1603436400,412.53,414.71,413.44,412.99,2541.03110902
1603440000,412.1,415.64,413.26,413.86,1368.60981452
1603443600,413.6,415.53,413.69,414.97,1757.10535208
1603447200,414.98,419.13,414.98,418.03,4393.59472661
1603450800,416.43,419.48,417.93,417.17,3642.5937823
1603454400,415.5,418.09,417.16,417.88,2201.19616674
1603458000,415.83,418.99,417.94,416.27,3948.58010278
1603461600,413.46,417.2,416.34,413.7,3608.31885402
1603465200,411.56,415.34,413.7,411.83,16235.13155063
1603468800,401.51,412.98,411.8,405.75,37109.06156075
1603472400,404.43,407.51,405.67,405.26,6488.98775033
1603476000,405.01,408.15,405.25,407.34,2840.60256722
1603479600,406.95,409.36,407.34,409.36,2520.69684532
1603483200,408.17,410.08,409.36,409.47,3605.59418403
1603486800,407.72,410.12,409.25,408.72,1803.61503939
1603490400,407.7,410.04,408.8,409.3,1817.22661152
1603494000,408.22,410.22,409.27,409.52,1908.42191354
1603497600,407.4,410.09,409.55,408.51,1855.17718293
1603501200,408.48,411.87,408.5,411.39,2272.69139111
1603504800,410.78,413.7,411.39,412.77,2592.75240336
1603508400,411.56,414.38,412.74,412.11,4356.513026
1603512000,411.87,413.63,412.13,412.46,3243.48543089
1603515600,411.82,413.12,412.41,412.91,3600.13175032
1603519200,411.71,413.3,412.9,412.27,1069.23516886
1603522800,410.3,412.91,412.25,410.47,1236.62175813
1603526400,408.6,411.58,410.7,409.98,6195.22118382
1603530000,408.28,412.16,409.97,411.36,1474.17651303
1603533600,410.3,413.74,411.34,413.47,1817.17286592
1603537200,412.28,414.63,413.42,414.41,1515.89703888
1603540800,412.83,415.21,414.7,413.16,1724.51540506
1603544400,412.87,414.98,413,413.86,2429.55585579
1603548000,411.31,416.59,413.88,415.44,6867.17746694
1603551600,414.09,417,415.45,414.45,4583.80344049
1603555200,411.88,415.08,414.5,413.4,3282.52906365
1603558800,413.26,414.73,413.44,414.35,3585.24256484
1603562400,413.01,414.54,414.38,413.38,2428.64822568
1603566000,412.15,414.39,413.42,413.79,2210.5922482
1603569600,410.76,414.09,413.8,412.06,3720.9327768
1603573200,409.5,412.89,412.06,410.51,3037.43809939
1603576800,408.61,412.09,410.51,411.64,1987.55263148
1603580400,411.29,412.84,411.62,412.58,1262.13558625
1603584000,410.71,413.77,412.58,413.35,2113.84653289
1603587600,412.38,414.05,413.36,413.52,1202.64907395
1603591200,412.6,413.93,413.52,412.6,1005.86130813
1603594800,411.72,416.69,412.69,415.5,4522.16042363
1603598400,414.86,417.86,415.5,416.91,2927.10303536
1603602000,405,416.92,416.81,407.2,9687.45691715
1603605600,406.14,409.81,407.16,408.98,2982.37650121
1603609200,408.48,410.22,408.9,410.22,1734.68777428
1603612800,408.16,410.22,410.22,409.68,874.71389154
1603616400,407.71,409.66,409.66,408.5,533.35189353
1603620000,406.21,408.81,408.49,408.16,728.74763316
1603623600,405.08,408.16,408.16,407.49,1425.16096913
1603627200,406.51,408.95,407.33,408.08,1041.56495346
1603630800,407.24,409.44,408.08,408.4,1281.77438192
1603634400,406.85,409.04,408.43,408.65,1819.57694027
1603638000,406.01,409.43,408.61,406.25,2531.58029755
1603641600,402.92,408.92,406.25,408.19,5735.51943424
1603645200,407.45,409.08,408.19,408.1,2117.99912371
1603648800,406.4,408.38,408.12,407.34,1484.33753713
1603652400,407.28,408.5,407.33,408.5,1586.14991538
1603656000,407.59,409,408.5,407.73,1309.81629345
1603659600,407.1,408.44,407.75,408.25,1908.27357372
1603663200,405,408.31,408.25,406.47,1895.1704293
1603666800,405.93,407.6,406.59,406.46,1312.96203177
1603670400,403.19,408.65,406.32,408.2,3351.15902803
1603674000,407.04,409.25,408.2,408.47,2907.87059525
1603677600,407.84,410,408.55,409.11,1747.91758824
1603681200,408.68,411.47,409.18,409.38,5405.18245989
1603684800,407.21,409.41,409.24,408.25,2545.42064468
1603688400,406.5,409.25,408.26,407.27,2432.34983866
1603692000,405.7,407.86,407.25,406.54,800.60567532
1603695600,404.7,406.83,406.37,405.16,3098.41558717
1603699200,401.53,406.95,405.28,406.27,4562.34112136
1603702800,405.68,406.84,406.28,406.63,1364.21227129
1603706400,404.91,407.77,406.62,406.95,816.34230949
1603710000,404.46,407.82,406.94,405.38,1805.32247052
1603713600,403.41,405.86,405.29,404.2,2992.33840281
1603717200,403.31,407.25,404.13,405.79,3924.65699347
1603720800,403.13,406.62,405.68,403.7,3633.83914442
1603724400,391.57,403.62,403.62,393.84,24165.88717981
1603728000,385.24,395.74,393.77,387.39,19619.42622374
1603731600,382.21,390,387.01,386.45,13335.0258355
1603735200,385.15,389.94,386.32,389.4,9051.47273861
1603738800,388.69,391.95,389.29,391.85,5260.48781144
1603742400,391.07,393.88,391.82,392.63,5941.14230141
1603746000,391.46,394.32,392.64,392.36,2530.89562737
1603749600,390.57,392.87,392.35,392.51,5458.66521584
1603753200,392.18,394.79,392.47,393.12,2925.36479416
1603756800,392.91,396.31,393.07,395.05,3542.28465903
1603760400,393.21,395.42,395.06,394.15,2582.14706582
1603764000,392.3,394.93,394.27,392.62,4630.7796448
1603767600,392.01,393.74,392.62,393.2,1745.98412583
1603771200,393.29,394.97,393.4,394.73,1404.02664406
1603774800,392.67,395.17,394.86,393.17,1830.46491495
1603778400,392.28,394.61,393.24,394.54,1188.11946932
1603782000,393.41,395.25,394.59,394.65,861.41160505
1603785600,393.2,394.99,394.67,393.9,2896.39111672
1603789200,390.35,394.16,393.9,392.17,4095.63412241
1603792800,391.53,397.11,392.1,396.35,4541.10361406
1603796400,395.82,403.38,396.48,402.57,12587.8878576
1603800000,400.9,405.08,402.58,404.08,6441.77985765
1603803600,402.11,406.88,403.98,403.5,6999.96072293
1603807200,401.06,404.59,403.51,403.82,6523.41083119
1603810800,403.31,406.66,403.86,406.45,5885.92406146
1603814400,406.03,410.17,406.45,410.17,8406.02571254
1603818000,407.52,410.75,410.17,408.46,8698.36817931
1603821600,402.6,411.77,408.4,406.35,8599.47720007
1603825200,405.37,407.72,406.44,406.53,3220.8767735
1603828800,401.13,406.99,406.63,403.4,4547.42148755
1603832400,402.83,405.42,403.24,403.48,2582.84220606
1603836000,401.78,405.71,403.4,405.35,4201.42525121
1603839600,404.5,405.91,405.35,404.55,889.5284617
1603843200,404.55,406.49,404.56,405.85,2997.98157723
1603846800,404.43,409.52,405.9,408.05,5614.91590718
1603850400,406.7,408.05,408.02,408,2279.32634539
1603854000,404.65,408.31,408,405.84,3842.38330832
1603857600,404.72,407.33,405.92,405.89,1891.10156626
1603861200,403.7,406.71,405.89,405.05,1300.38079669
1603864800,402.66,405.75,405.07,402.83,1893.39685199
1603868400,394.52,403.42,402.83,397.13,9293.34899294
1603872000,391.7,397.58,397.13,396.96,4060.48260355
1603875600,393.35,398.67,396.94,393.97,4021.07789103
1603879200,391.51,397.26,393.96,394.91,4572.17430951
1603882800,386.67,394.9,394.9,387.32,12341.29229608
1603886400,385.25,390.53,387.01,390.08,7739.72565792
1603890000,386.5,392.15,390.15,386.67,7397.33991206
1603893600,380.5,388.45,386.5,386.05,12050.41493759
1603897200,385.02,388.24,386.05,387.77,5220.8619546
1603900800,382.73,387.99,387.7,384.99,11181.10360715
1603904400,380.67,385.46,384.98,384.92,7096.1381187
1603908000,384.76,386.78,384.89,386.49,4034.13141537
1603911600,384.25,387.03,386.43,384.8,2910.41850517
1603915200,384.29,386.36,385.09,385.69,2971.95017677
1603918800,382.88,386.35,385.7,386.35,3536.688941
1603922400,385.98,388.48,386.34,387.87,4952.85370084
1603926000,387.32,390.31,387.85,388.63,5055.64881741
1603929600,388.02,390.45,388.59,388.53,3957.58866932
1603933200,386.76,391.8,388.6,391.36,5485.45292673
1603936800,389.89,391.9,391.37,390.96,4091.72995449
1603940400,389.03,391.98,390.96,391.98,4628.66781609
1603944000,390.66,392.29,391.98,390.73,4627.79368745
1603947600,390.46,392.25,390.73,392.15,2740.7418015
1603951200,390.76,392.51,392.14,391.08,2856.87974622
1603954800,386.97,392.34,391.31,387.31,5839.39679322
1603958400,385.29,388.96,387.31,386.67,2458.61032372
1603962000,386.14,388.44,386.82,388.31,2034.81858953
1603965600,384.68,388.39,388.3,386.33,2305.17158334
1603969200,383.15,387.39,386.22,383.21,6772.73086997
1603972800,380.75,384.79,383.28,384.52,5218.55875367
1603976400,384.1,387.66,384.48,387.37,5805.61355308
1603980000,386.78,393.02,387.19,390.6,8110.42102606
1603983600,389.75,392.35,390.63,390.95,4264.49496242
1603987200,389.95,394,391.08,392.04,6642.91238907
1603990800,390.18,393.2,392.01,391.87,4929.64107425
1603994400,390.02,392.71,391.82,391.62,2294.8009608
1603998000,388.87,391.88,391.7,388.87,3711.23218699
1604001600,388.16,390.24,388.97,389.12,2782.27017539
1604005200,387.16,389.57,389.13,388.13,3685.09252587
1604008800,383.65,388.09,388.09,384,5233.51129493
1604012400,383.99,388,384.13,387.6,3943.60378246
1604016000,383.53,391.95,387.49,390.84,5565.42486512
1604019600,386.6,392.16,390.84,388.04,4657.09834059
1604023200,385.01,388.66,388.04,385.11,2327.5586753
1604026800,384.79,387.35,385.25,385.32,2137.93946377
1604030400,384,386.84,385.37,384.37,3185.4343129
1604034000,381.06,386.91,384.36,381.47,5385.83732458
1604037600,381.04,382.99,381.16,382.11,4154.38847205
1604041200,375.61,382.51,382.29,378.67,10379.84554637
1604044800,377.84,384.13,378.83,378.31,10290.75906231
1604048400,373.4,378.39,378.31,377.78,9588.67768789
1604052000,375.84,380.37,377.77,378.84,3133.1301118
1604055600,377.05,380.73,379.03,379.59,2117.6469055
1604059200,378,381.7,379.77,380.84,5410.06825754
1604062800,377.15,381.38,380.77,378.11,4551.92904738
1604066400,377.11,380.36,378.03,377.84,4367.62289304
1604070000,377.75,382.69,377.79,382.5,5510.92243894
1604073600,380.04,382.6,382.39,380.44,5768.20406251
1604077200,380.51,383.9,380.51,382.15,2372.58812314
1604080800,381.91,384.44,382.16,383.32,2458.90330019
1604084400,382.49,384.54,383.32,383.7,2103.88849532
1604088000,382.65,384.83,383.84,384.28,3998.45687624
1604091600,381.63,384.55,384.29,384.4,3164.61081622
1604095200,383.26,384.99,384.39,383.26,3214.13573106
1604098800,382.6,384.93,383.26,382.77,1865.10195249
1604102400,380.76,384.99,382.77,384.23,2549.6036316
1604106000,384.38,386.77,384.38,386.47,3507.62771536
1604109600,384.38,387.88,386.47,384.92,3025.85365683
1604113200,382.18,385.22,385.05,383.2,4480.3853461
1604116800,382.52,384,383.19,383.67,2378.4330997
1604120400,382.56,384.06,383.75,382.69,3704.19110814
1604124000,381.39,385.6,382.69,385.08,1770.67476652
1604127600,383.7,385.31,385.03,384.39,872.28313719
1604131200,384.41,388.79,384.54,387.53,4250.77648021
1604134800,387.53,391,387.53,390.11,3749.2936187
1604138400,385.66,394,390,389.1,11687.72844859
1604142000,387.95,390.72,389.21,390.45,2794.73815033
1604145600,389.78,393.16,390.45,391.24,5228.02069836
1604149200,390.17,393.29,391.29,392.14,3645.83642334
1604152800,388.51,392.28,392.19,389.59,2637.71904003
1604156400,387.64,390.77,389.57,390.51,3104.04141989
1604160000,387.86,391.49,390.45,388.89,2449.47424376
1604163600,386.66,389.08,388.99,387.47,3597.5548927
1604167200,384.6,387.35,387.35,385.53,2960.19012594
1604170800,385.07,387,385.3,385.68,1290.43703569
1604174400,385.09,388.52,385.64,388.05,2480.10570526
1604178000,387.24,388.2,388.05,387.49,1251.60578095
1604181600,387.31,389,387.48,388.66,1649.56936815
1604185200,385.5,388.64,388.64,386.74,1689.06631504
1604188800,385.17,390.77,386.72,387.17,4691.34294081
1604192400,386.84,390.55,387.15,389.11,1372.41790069
1604196000,387.7,389.99,389.13,387.79,1005.13913363
1604199600,386.27,388.46,387.76,386.83,1380.5595927
1604203200,385.09,387.1,386.7,386.51,2164.07138341
1604206800,385.68,387.87,386.51,385.93,1011.90822553
1604210400,385.5,387.63,386.04,387.03,821.56156428
1604214000,386.97,389.32,387.09,389.3,1323.82719697
1604217600,387.3,389.75,389.3,387.84,1229.34135304
1604221200,385.93,388.24,387.85,386.23,607.44125413
1604224800,386.2,388.12,386.2,387.82,447.28149176
1604228400,386.1,389.67,387.76,387.07,1758.2972888
1604232000,386.48,388.97,387,388.6,707.0904754
1604235600,386.82,388.8,388.58,387.95,1324.42437888
1604239200,387.26,388.74,388.03,388.21,1464.06174116
1604242800,388.11,390.41,388.25,388.83,1806.83242937
1604246400,388.28,390.09,388.76,389.74,2100.41807797
1604250000,388.63,390,389.75,389.62,1166.46834831
1604253600,387.85,390.12,389.55,389.26,2470.29399274
1604257200,388.88,390.54,389.41,389.29,1345.80424887
1604260800,389.22,396.65,389.22,394.56,8365.64457187
1604264400,394.28,397.36,394.5,396.85,4354.65794859
1604268000,392.96,397.65,396.85,395.65,3727.02208355
1604271600,393.3,397.17,395.5,396.91,2739.56414583
1604275200,396.9,404.49,396.91,403,12095.05374037
1604278800,401.04,403.41,402.86,403.06,5139.07710614
1604282400,399.41,404.57,403.05,401.38,4659.75606387
1604286000,398.57,402.18,401.38,399.47,3702.36220512
1604289600,397.69,400.9,399.47,398.63,3744.54256633
1604293200,397.81,399.43,398.62,398.54,2945.20003407
1604296800,397.97,399.62,398.53,399,3226.2305567
1604300400,398.73,400.87,398.93,399.73,2217.06131571
1604304000,384.36,399.71,399.67,384.81,21225.2371492
1604307600,383.14,387.9,384.83,387.78,4101.76395564
1604311200,383.83,387.78,387.78,384.04,2717.2052592
1604314800,382,385.72,384.07,384.69,4625.85429327
1604318400,378.36,384.81,384.44,381.09,9273.05074664
1604322000,380.42,384.79,381.02,384.18,4591.6507227
1604325600,382.1,386.49,384.15,385.44,7345.40958797
1604329200,384.39,387.46,385.45,385.51,5932.36784055
1604332800,384.57,386.71,385.39,386.32,3269.03148496
1604336400,385,386.99,386.31,385.57,1939.9745643
1604340000,384.4,386.85,385.55,384.82,3714.0514189
1604343600,384.75,386.7,384.82,386.64,1851.98813232
1604347200,385.68,388.96,386.64,387.74,9911.45814136
1604350800,385.41,387.89,387.85,385.59,1840.79304163
1604354400,381.28,386.21,385.59,383.59,4163.86781954
1604358000,382.5,385,383.61,383.33,4042.52313578
1604361600,381.46,384.5,383.33,383.91,5728.35896696
1604365200,383.27,385.14,384.05,385.04,1972.81003795
1604368800,378.71,385.68,385.2,379.59,7378.78157776
1604372400,371.77,380.92,379.38,374.45,19503.68847852
1604376000,370.5,375.46,374.46,374.12,7922.24579504
1604379600,374,376.08,374.12,374.59,5674.67316059
1604383200,372.22,376.2,374.58,375.55,3885.09850721
1604386800,374.49,376.28,375.53,375.8,1267.61417658
1604390400,374.51,378.93,375.62,377.96,2724.84791179
1604394000,376.94,379.6,377.96,379.1,2419.25119165
1604397600,377.99,382.3,379.1,381.52,3192.00444727
1604401200,379.4,381.74,381.52,379.68,2357.73507933
1604404800,378.88,380.84,379.6,379.96,2055.98867064
1604408400,378.01,384.49,379.95,383.9,5949.72638659
1604412000,381.6,384.91,383.95,384.91,3246.98163191
1604415600,380.48,385.15,384.93,381.81,3250.68832616
1604419200,380.38,382.42,381.76,381.55,2815.96960187
1604422800,380.85,382.7,381.67,382.14,2234.45570791
1604426400,382.04,383.83,382.1,382.23,2963.50754986
1604430000,382.23,384.18,382.23,383.37,2044.83184977
1604433600,382.51,384.35,383.57,382.67,2381.23838957
1604437200,382.6,384.01,382.75,383.47,2191.79074035
1604440800,381.12,388.86,383.43,388.16,5592.62330866
1604444400,387.22,390.35,388.16,388.32,6584.81853188
1604448000,384.38,388.69,388.33,384.49,5397.6019802
1604451600,381.1,385.77,384.49,383.52,5637.10292508
1604455200,381.49,384.72,383.53,382.98,3620.14820052
1604458800,382.96,388.43,383.01,386.6,38850.1387315
1604462400,384.82,386.82,386.56,385.91,2455.99632844
1604466000,383.53,386.43,385.71,383.74,2339.04887558
1604469600,383,385.42,383.56,384.65,1762.99111784
1604473200,376.64,384.69,384.61,378.47,5304.19397948
1604476800,377.25,381.38,378.5,380.51,3398.19915897
1604480400,380.28,382.57,380.51,380.7,2242.01802675
1604484000,380.07,383.86,380.75,381.52,1648.72573546
1604487600,380.33,382.74,381.51,381.36,954.56176468
1604491200,380.91,383.95,381.39,383.13,2306.75919276
1604494800,381.92,384.81,383.15,383.12,2172.85210649
1604498400,379.39,383.2,383.11,382.07,3918.19385063
1604502000,381.83,384.49,382.09,384.12,3679.22142627
1604505600,383.46,402.28,384.17,401.46,26647.77758802
1604509200,399.89,409,401.64,400,43183.34047367
1604512800,399.41,403.44,400,401.33,32250.17286108
1604516400,401.33,404.33,401.33,402.8,6710.43298708
1604520000,398.52,404.72,403.01,401.79,6401.65819009
1604523600,400.52,403.5,401.71,401.27,5239.51200392
1604527200,401.07,404.97,401.27,402.6,4801.6233582
1604530800,399.94,403.25,402.49,403.18,3828.91198828
1604534400,401.01,406,403.19,402.15,5581.40715607
1604538000,401.83,406.53,402.38,404.32,4114.74738224
1604541600,402.2,407.27,404.34,405.26,4987.36680559
1604545200,404.59,406.79,405.26,405.15,4148.59482204
1604548800,403.18,406.15,405.16,403.6,2408.39004345
1604552400,402.04,405.11,403.6,403.5,2408.11449813
1604556000,400.75,404.1,403.5,401.83,4003.91707233
1604559600,401.12,404.82,401.67,403.42,3428.3666877
1604563200,396.43,405.34,403.36,399.82,8855.76805944
1604566800,396.91,400.6,399.83,398.57,2053.2564334
1604570400,398.01,406.68,398.5,406.68,5326.71196063
1604574000,399.5,406.84,406.68,403.69,6616.83488478
1604577600,400.32,404.66,403.69,402.66,9422.77780252
1604581200,401.2,410.66,402.63,405.8,18249.44612341
1604584800,405.12,415.6,405.78,415.32,20163.0144274
1604588400,411.36,415.99,415.33,414.78,16675.18245436
1604592000,413.03,418.47,414.78,413.49,30459.86060377
1604595600,407.31,414.81,413.5,411.19,21416.17300083
1604599200,409.58,411.88,411.25,410.73,10915.03346864
1604602800,410,414.68,410.73,413.94,5389.47819149
1604606400,412.74,415.7,413.9,414.54,5572.36308301
1604610000,413.6,415.7,414.39,414.29,4010.10071805
1604613600,413.24,420.01,414.32,420,21828.43936814
1604617200,414.23,421.25,420,417.17,30900.86087102
1604620800,415.57,428.19,417.29,426.5,16939.07088033
1604624400,424.3,437.86,426.54,436.31,21299.49716614
1604628000,431.79,442,436.11,434.32,23276.35823053
1604631600,426.07,435.18,434.23,427.47,48257.3061399
1604635200,426.75,432.03,427.35,430.09,8492.01964234
1604638800,429.02,434.73,430.08,431.86,9652.65462597
1604642400,431.13,435,431.71,433.79,3317.17368049
1604646000,433.22,437,433.78,436.78,8150.18278512
1604649600,429.49,436.83,436.83,430.33,8663.95839804
1604653200,426.36,434.38,430.82,432.82,8157.6739797
1604656800,432.79,446.71,432.82,443.97,22055.83426252
1604660400,440.12,445,443.91,443.59,8299.45257314
1604664000,437.91,443.65,443.65,440.58,8437.2133083
1604667600,440.57,447.5,440.57,445.68,11697.8103694
1604671200,436.21,445.9,445.67,440.66,13952.52330669
1604674800,433.4,441.59,440.74,435.7,10005.20680035
1604678400,435.51,446.5,435.68,443.33,43808.46327416
1604682000,441.07,445.59,443.37,441.67,12818.5004066
1604685600,441.19,444.39,441.63,443.04,6016.23737828
1604689200,441.25,445.29,442.99,441.89,8613.75083056
1604692800,436.32,443.62,441.98,443.62,12806.33511558
1604696400,443.11,450,443.63,446.59,15243.63346297
1604700000,444.8,457.49,446.6,455.7,16727.34520985
1604703600,454.47,458.92,455.58,456.65,11099.0831697
1604707200,455.63,466,456.69,464.07,15176.24115196
1604710800,461.98,468.98,464.07,466.34,11688.34744808
1604714400,457.28,466.33,466.07,459.95,43598.37050505
1604718000,456.15,463.41,459.95,459.22,10719.49340481
1604721600,456.99,461.85,459.24,458.75,4967.67123763
1604725200,457,462.04,458.74,460.55,8409.17279489
1604728800,456.28,460.7,460.5,459.15,4944.69136752
1604732400,456.38,459.87,459.09,457.01,2612.41438615
1604736000,453.15,463.24,457.01,462.19,9116.33981891
1604739600,459.46,463.2,462.04,462.28,4268.84978375
1604743200,459.3,463.19,462.31,462.61,3897.13704872
1604746800,460.56,464.59,462.49,463.18,6019.47028204
1604750400,461.68,465.54,463.12,461.86,3526.61705954
1604754000,457,464.98,461.86,464.11,5083.02752586
1604757600,446.12,464.2,464.2,447.03,14877.38009293
1604761200,439.32,451.7,447.08,448.17,17668.31227905
1604764800,440.72,454.72,448.28,453.73,13742.67989019
1604768400,446.5,454.66,453.67,446.99,10554.43525191
1604772000,426.47,449.49,447.15,435.22,30601.96892208
1604775600,423,438.14,435.02,431.37,35226.21565981
1604779200,425.46,438.5,430.87,437.85,18879.0906244
1604782800,432.46,438.18,437.79,435.72,8035.10092786
1604786400,431.03,438.28,435.73,436.97,6603.94082078
1604790000,435.18,440.15,436.93,435.73,7072.81651336
1604793600,432.65,438.91,435.59,438.36,4715.59296765
1604797200,436.18,443.44,438.36,442.64,4353.92923106
1604800800,439.96,443.83,442.51,441.25,4692.57578004
1604804400,438.51,441.55,441.26,438.51,2685.80954269
1604808000,436,440.64,438.62,438.7,5102.55400963
1604811600,436.96,441.6,438.63,441.17,1843.78982308
1604815200,437.28,442.62,441.16,438.9,2801.05018359
1604818800,435.6,439.78,438.9,436.02,2990.49384758
1604822400,436.07,439.12,436.07,438.2,1950.77408428
1604826000,437.39,441.35,438.16,441.17,2424.12237962
1604829600,440.17,446.82,441.17,445.16,3755.13745736
1604833200,443.28,446.27,445.22,445.7,2384.77054003
1604836800,443.53,447.88,445.89,445.84,5632.57655863
1604840400,442.53,447.63,445.9,445.05,4583.33724078
1604844000,443.61,454.2,445.05,454.19,6564.22496451
1604847600,453.02,457.25,454.2,454.53,7201.65764366
1604851200,451.26,455.87,454.66,453.7,4496.39495415
1604854800,452.7,460.57,453.69,457.9,9658.76756275
1604858400,453.88,460.07,457.9,457.27,5917.79831098
1604862000,449.09,458.34,457.27,452.49,9806.73921907
1604865600,448.56,454.19,452.49,451.79,4389.13717686
1604869200,446.51,452.99,451.78,450.15,3995.84676337
1604872800,450.12,455.33,450.12,455.05,4540.07705778
1604876400,453.68,457.59,454.98,454.61,4711.96462166
1604880000,451.59,458.4,454.61,457.36,6171.15498141
1604883600,454.77,458.16,457.38,455.65,8782.54118264
1604887200,452.27,456.39,455.64,453.32,3416.15520761
1604890800,451.57,454.53,453.39,452.24,3831.97553949
1604894400,449.09,453.13,451.91,451.35,5472.54155337
1604898000,448.75,454.09,451.22,453.49,3826.72353547
1604901600,449.58,453.53,453.53,450.23,3747.13588099
1604905200,444.46,451.87,450.22,445.34,6546.60128107
1604908800,441.7,448.91,445.48,448.52,8888.00249382
1604912400,447.88,451.92,448.51,450.55,4323.95397894
1604916000,450.53,453.99,450.53,452.73,5418.0307771
1604919600,452.13,459.36,452.88,458.6,8438.04421888
1604923200,450.49,460,458.47,453.72,12938.6395902
1604926800,442.69,454.45,454.1,447.03,14514.93497983
1604930400,442.64,449.42,447.02,443.95,7916.17650832
1604934000,437.09,445.58,444.23,437.46,13769.36242673
1604937600,433.83,443.04,437.62,442.77,9909.01296796
1604941200,441.96,445.98,442.73,445.33,5229.33086339
1604944800,442.79,446.98,445.36,446.32,6656.72893258
1604948400,445,448.08,446.32,447.04,8978.01250801
1604952000,446.15,450.08,447.04,447.32,6108.7921342
1604955600,446.81,450.91,447.45,448,7325.80041154
1604959200,442.01,448.07,448,442.95,6390.71337069
1604962800,442.87,446.37,443.15,444.81,2787.57941117
1604966400,439.36,445.38,444.84,445.38,5712.48806897
1604970000,444.17,448.89,445.37,447.55,3745.55928078
1604973600,445.65,448.8,447.75,445.82,1730.55925325
1604977200,444.42,450.21,445.7,449.91,5802.46012049
1604980800,447.83,453.01,449.74,451.6,9594.95878031
1604984400,448.83,453.89,451.96,449.95,7005.40160558
1604988000,444.99,451.14,450.07,447.97,7373.64950317
1604991600,446.51,450.54,448.11,449.18,3492.18333485
1604995200,449.18,454.33,449.18,451.02,7042.27239076
1604998800,451.17,455.51,451.17,452.97,5968.16048888
1605002400,447.98,453.41,452.97,449.22,5934.61414253
1605006000,445.26,450.67,449.13,448.13,5010.08858686
1605009600,446.35,450.79,448.14,448.51,4326.0341483
1605013200,444.8,448.95,448.5,447.75,4887.93983598
1605016800,443,448.39,447.96,444.35,7010.07270513
1605020400,441,445.33,444.34,443.84,5519.87151348
1605024000,442.46,447.47,443.69,445.47,4979.49812187
1605027600,445.35,447.84,445.35,447.31,2563.13803462
1605031200,444.22,447.35,447.26,446.5,2592.4352668
1605034800,445.36,449.71,446.5,448.53,4419.65371944
1605038400,448.16,452.9,448.52,449.85,9431.83005209
1605042000,449.8,453.24,449.97,452.15,7757.00893474
1605045600,450.58,454.41,452.18,454.23,4606.55759046
1605049200,448.93,455,454.24,450.89,6357.24098476
1605052800,449.95,465,450.89,463.91,15926.39671475
1605056400,462.15,466.8,463.97,464.09,11741.97376341
1605060000,460.29,465.18,463.98,462.38,6869.00241763
1605063600,461.48,464.77,462.39,463.51,3646.21324735
1605067200,458.75,466.21,463.55,460.79,6681.61596391
1605070800,457.78,461.68,460.93,460.19,4988.86744931
1605074400,459.94,462.86,460.39,460.19,2378.83584927
1605078000,459.42,463.4,460.47,462.81,4378.91011077
1605081600,459,463.85,462.77,459.81,3999.65132781
1605085200,455.81,462.54,459.81,459.08,7076.53769054
1605088800,459.07,464.5,459.07,464.35,3279.18965087
1605092400,459.87,464.45,464.33,460.38,2998.89162425
1605096000,458.88,462.8,460.57,461.72,2582.90220365
1605099600,459.13,463.68,461.91,459.67,4278.32396083
1605103200,459,462.88,459.72,462.84,4341.13758161
1605106800,461.51,463.43,462.76,462.67,4513.26163029
1605110400,462.57,474.31,462.74,471.25,30441.61284529
1605114000,469.16,472.89,471.25,470.48,13639.571013
1605117600,469.57,476.8,470.6,470.86,29280.68892715
1605121200,467.33,472.74,470.87,468.88,5958.03426722
1605124800,460.24,469.35,469.08,466.37,13924.75056596
1605128400,462.42,467.17,466.38,467.12,4935.04711709
1605132000,464.96,468.63,467.1,466.73,3771.31746877
1605135600,462.8,466.76,466.71,463.79,4061.33239689
1605139200,452.07,464.82,463.75,458.72,18813.01401028
1605142800,457.23,459.9,458.62,459.77,2733.6784925
1605146400,457.5,460.14,459.57,458.2,2577.98775006
1605150000,458.06,460.13,458.22,458.66,2973.9709308
1605153600,458.01,459.95,458.43,459.42,2085.67954444
1605157200,459.34,462.15,459.42,460.95,3258.50500002
1605160800,460.34,464.12,460.89,463.17,2968.36936857
1605164400,461.91,466.67,462.93,465.46,3984.37907665
1605168000,462.9,466.85,465.4,463.57,2700.47156116
1605171600,462.86,468.79,463.57,468.06,4777.32767915
1605175200,457,470.56,468.45,458.01,14704.66072124
1605178800,456.25,462.24,458.06,460.61,4141.85562725
1605182400,460.04,463.04,460.46,462,2834.61987928
1605186000,459.25,462.93,462,462.28,4145.55730782
1605189600,455.63,465.96,462.36,459.5,19181.45980877
1605193200,457.48,463.3,459.51,462.34,7038.19165069
1605196800,456.13,462.32,462.21,457.73,8283.96275162
1605200400,453.76,460.2,457.82,453.76,9773.17073964
1605204000,452.75,457.29,453.75,456.71,6223.00851222
1605207600,455,458,456.71,457.53,5042.36248509
1605211200,456.7,459.96,457.49,458.25,6913.50126374
1605214800,458.24,464,458.48,464,20793.15140738
1605218400,461.44,466.44,464,462.96,20590.98905099
1605222000,460.54,464.05,462.83,462.98,3577.10093858
1605225600,461.75,466.47,462.91,464.4,6778.40806349
1605229200,464.03,467.58,464.5,465.63,7299.10314209
1605232800,463,466.39,465.68,464.06,5583.47854175
1605236400,463.11,465.6,464,464.4,3723.76792197
1605240000,462.88,465.5,464.4,463.95,3043.0858531
1605243600,460,464.07,463.95,460.92,4771.91405651
1605247200,460,462.57,460.78,462,2224.41735431
1605250800,457.64,462,462,461.11,5754.26558224
1605254400,458.22,466,461.01,465.1,3432.16252612
1605258000,465.03,468.85,465.03,467.36,5517.18061263
1605261600,461.63,467.99,467.36,463.58,4395.35850899
1605265200,462,465.51,463.57,464.79,3778.10192052
1605268800,463.6,468.25,464.79,465.93,4029.09513841
1605272400,465.03,473.61,465.92,471.72,8582.37438597
1605276000,468.51,474.83,471.74,472.82,8918.17033877
1605279600,468.21,473.34,472.82,469.96,5669.42219457
1605283200,465.36,472.34,469.97,469.85,7679.18836511
1605286800,467.15,471.85,469.85,471.85,6049.10943227
1605290400,470.71,472.99,471.85,472.5,5560.55152238
1605294000,472.07,475,472.81,474.1,6745.30535294
1605297600,470.1,474.1,474.1,470.31,6534.58898029
1605301200,470.16,472.77,470.3,472.36,5826.96349692
1605304800,472.35,478.31,472.35,477.02,8147.42029103
1605308400,474.9,477.99,477.06,477.14,4752.6257813
1605312000,472.21,478,477.15,474.66,5844.52040367
1605315600,471.36,474.73,474.73,471.64,4122.77477352
1605319200,470.03,473.18,471.65,470.76,2283.63849665
1605322800,470.26,472.82,470.76,471.73,2108.34558656
1605326400,467.4,472.01,471.71,469,5085.45259872
1605330000,465.91,469.62,468.68,469.45,5296.4055918
1605333600,468.67,470.61,469.45,470.02,2016.79607172
1605337200,464.34,470.2,469.69,467.31,29952.93218504
1605340800,459.5,468.08,467.27,463.43,7115.90738641
1605344400,456.13,463.5,463.41,456.32,5674.35853174
1605348000,453.81,460.16,456.27,457.09,4496.35521266
1605351600,456,459.8,457,459.22,2589.28221657
1605355200,456.99,460.95,459.19,460.7,2262.28478798
1605358800,459,461.83,460.71,460.82,3246.22893847
1605362400,460.8,462.79,460.82,461.46,3738.95402059
1605366000,458.65,461.81,461.47,458.65,2804.33137068
1605369600,455.99,461.96,458.59,456.81,5787.03709472
1605373200,452.17,460.62,456.79,460.14,7990.60895274
1605376800,458.95,460.95,459.8,460.32,2397.02221313
1605380400,459.33,461.56,460.35,460.2,2285.29290179
1605384000,458.41,462.13,460.15,461.95,1191.14606956
1605387600,459.44,462.15,461.76,460.22,1883.35271191
1605391200,460.05,463.02,460.23,462.45,1809.42052901
1605394800,460.88,463.76,462.45,461.16,2612.33513802
1605398400,460.14,463.24,461.21,462.18,1725.77391626
1605402000,459.44,463.16,462.31,460.43,2966.28376474
1605405600,458.36,460.97,460.39,458.8,2636.51520894
1605409200,457,459.28,458.82,458.67,1989.76848046
1605412800,457.3,459.8,458.67,459.68,1527.32370654
1605416400,459,461.9,459.66,461.46,1629.26167168
1605420000,460.49,461.98,461.41,461.02,1416.21602042
1605423600,460.1,462.09,460.92,461.22,771.08758855
1605427200,460.88,462.79,461.22,461.51,1741.81997532
1605430800,459.54,461.7,461.51,460.09,2183.35255073
1605434400,457.44,460.53,460.1,458.03,2113.05822541
1605438000,455.55,460.78,457.89,455.55,1557.39931615
1605441600,454.61,458.89,455.55,456.67,2358.20313122
1605445200,455.37,459.16,456.57,458.35,1679.40230781
1605448800,457.3,459.8,458.32,457.92,2100.03159527
1605452400,455.8,458.46,457.88,456.63,2580.19307643
1605456000,452.58,457.42,456.67,454.22,5169.61108047
1605459600,445.02,454.21,454.21,446.12,11122.79101791
1605463200,443.11,448.09,446.11,447.13,12372.77895209
1605466800,444.91,448.48,447.14,445.65,6238.09273856
1605470400,441.88,446.83,445.6,444,4636.94834047
1605474000,442.6,445.66,444,443.99,2260.69763563
1605477600,439.77,447.8,443.98,446.61,8348.86016198
1605481200,446.45,451.45,446.61,448.58,8092.28582253
1605484800,445.91,450.9,448.6,450.27,2710.74769021
1605488400,448.66,451.72,450.27,448.98,3182.17347388
1605492000,447.43,450.46,449.15,447.59,2557.52480462
1605495600,447.58,450.73,447.59,449.97,2237.32592799
1605499200,448.98,451.18,449.96,451.17,2338.79619158
1605502800,451.08,453.93,451.09,452.01,3954.15045729
1605506400,451.85,455.15,451.99,455,2965.27177917
1605510000,454.07,456.67,455.18,455.23,3551.56332716
1605513600,453.79,456,455.24,454.13,2580.73139801
1605517200,450.21,455.11,454.39,452.5,2757.00057166
1605520800,452,456.51,452.73,456.13,3547.34135186
1605524400,452.51,457,456.13,452.51,2650.82710439
1605528000,451.54,454.67,452.35,454.39,2247.62764364
1605531600,453.19,456.83,454.49,455.87,5538.29167998
1605535200,455.87,461.17,455.87,459.83,9721.88407031
1605538800,458.09,460.35,459.87,459.72,5506.24832179
1605542400,457.51,464.54,459.74,460.91,11935.94025655
1605546000,460.96,464.44,460.98,462.8,6958.43741522
1605549600,461.54,464.82,462.77,462.37,5376.50624851
1605553200,461.26,464.52,462.37,462.52,8297.84355866
1605556800,461.58,463.73,462.52,462.98,6577.65627026
1605560400,457.35,466.21,463,459.07,6365.66733646
1605564000,458,461.69,458.99,461.28,5057.32518103
1605567600,460.37,465,461.28,460.85,4363.37894065
1605571200,460.05,468.64,460.87,468.64,8205.02982227
1605574800,465.02,469.35,468.64,465.21,6006.80746708
1605578400,463.71,466.91,465.3,464.18,4393.85359419
1605582000,461.84,465,464.18,462.73,3481.5944378
1605585600,461.77,466.42,462.72,466.07,2909.64776564
1605589200,463.14,466.42,466.02,463.72,3371.66078294
1605592800,463.47,465.9,463.77,463.75,1754.60915485
1605596400,463.73,466.73,463.82,466.38,1978.44274984
1605600000,465.01,467.47,466.39,465.2,1682.86745304
1605603600,462.1,466.38,465.22,462.94,1782.60987136
1605607200,462.63,465.5,462.88,465.3,2135.11421459
1605610800,464.84,467.25,465.32,466.74,2533.76939063
1605614400,465.31,472.55,466.74,471.53,5495.19204536
1605618000,467.62,471.87,471.48,468.16,5849.68835691
1605621600,467,471.54,468.09,470.61,6220.83087561
1605625200,467.53,475.3,470.61,475.26,36582.13403747
1605628800,472.48,484,475.2,482.22,30471.29911882
1605632400,475.16,484.35,482.12,480.99,22031.72205693
1605636000,477,481.35,481.06,478.36,11193.7181286
1605639600,476.29,485,478.46,483.37,11585.15798625
1605643200,481.53,484.92,483.5,482.69,7515.75295148
1605646800,478.53,484.43,482.63,480.95,5205.23718557
1605650400,476.59,481.97,480.95,480.9,6466.11588352
1605654000,480.87,483.74,480.9,482.68,7188.87981141
1605657600,482.4,489,482.75,487.37,16920.68273965
1605661200,483.92,487.98,487.37,487.97,7102.83031799
1605664800,484.19,487.97,487.97,485.31,4655.19895841
1605668400,482.04,488.98,485.35,488.82,7330.28002833
1605672000,488.82,495.68,488.83,494.02,25056.90202146
1605675600,456.5,494.88,494.03,470.56,57133.21710454
1605679200,466.61,477.34,470.56,473.57,13475.44906816
1605682800,470,478.58,473.64,478.29,12606.16632347
1605686400,477.25,482,478.3,480.14,12391.00155964
1605690000,473.67,480.43,480.06,477.15,12166.31118521
1605693600,474.95,482.92,476.94,482.32,8056.86097324
1605697200,476.3,482.77,482.77,481.01,15344.60495768
1605700800,476.9,481.02,481.02,477.51,6316.8600686
1605704400,473.96,479.51,477.2,475.71,8405.81816828
1605708000,470.56,477.17,475.81,471.4,8803.60015982
1605711600,463.6,475.43,470.9,474.53,20318.31396721
1605715200,469.34,475.74,474.53,473.88,9823.44432271
1605718800,472.07,476.74,473.87,475.42,11028.32910449
1605722400,472.45,475.81,475.43,473.27,6345.52984016
1605726000,470.88,475.62,473.24,473.13,5747.86534785
1605729600,469.72,473.71,473.36,471.72,5361.03317385
1605733200,471.24,474.5,471.71,474.49,3734.49532517
1605736800,472.73,481.01,474.5,480.68,12527.88080365
1605740400,477.3,481.01,480.67,478.96,5839.41576111
1605744000,474.27,480.88,479,478.87,8768.75751841
1605747600,477.59,480.51,478.88,480.35,3304.0776589
1605751200,478.5,480.99,480.43,478.51,9846.0151573
1605754800,477.39,480.25,478.64,478.33,5092.87254888
1605758400,474.94,478.5,478.38,477.1,6765.42346531
1605762000,474.63,477.42,477.09,477.42,3270.5570975
1605765600,472.31,477.79,477.41,473.73,3147.77889176
1605769200,470.98,474.27,473.7,472.3,3563.47577553
1605772800,466.85,473.95,472.27,469.76,6401.48792574
1605776400,465.41,471.32,469.75,466.83,2642.08532711
1605780000,465.18,471.38,466.76,470.39,4285.10308926
1605783600,469.19,473.81,470.37,473.63,3873.57190239
1605787200,472.37,475.47,473.63,473.84,5331.9670134
1605790800,473.8,477,473.83,476.35,8053.43798151
1605794400,473.89,478.75,476.48,478.15,10124.58950948
1605798000,475.49,478.75,478.15,475.99,7563.15124838
1605801600,472.9,477.43,475.75,476,8948.51378514
1605805200,473.46,476,475.99,475.06,4746.93541632
1605808800,472.51,477,475.06,473.18,4397.3578591
1605812400,471.14,475,473.2,474.45,3837.51820284
1605816000,473.34,475.62,474.45,475.33,3674.7536949
1605819600,472.18,476.93,475.33,472.97,4490.20575964
1605823200,471.67,473.99,472.96,472.4,4999.39343989
1605826800,469.29,473.54,472.37,471.92,4465.45239523
1605830400,471.41,474.27,471.92,471.87,4392.88133395
1605834000,471.07,480,471.87,479.81,5940.19637505
1605837600,478.83,483.99,479.82,482.24,20306.72903945
1605841200,482.28,488.39,482.28,485.31,15615.87368652
1605844800,485.17,488.47,485.34,486.61,6599.43422972
1605848400,482.93,487.14,486.56,485.13,8037.85636268
1605852000,481.51,485.82,485.14,484.81,8760.88950705
1605855600,483.67,494.43,484.82,491.76,20297.57845298
1605859200,490.34,501.19,491.75,501.19,26027.63484743
1605862800,492.84,501.35,501.19,495.81,10470.86203761
1605866400,494.28,507.69,495.81,505.5,15582.05619086
1605870000,502.71,508.5,505.55,505.51,11534.55543392
1605873600,505.02,510,505.72,505.7,11852.58061248
1605877200,503.41,509.84,505.84,508.34,10489.61378821
1605880800,505.77,512,508.39,507.54,16579.09846742
1605884400,502.03,507.99,507.55,505.28,15014.26494721
1605888000,505.31,509.98,505.31,508.83,10674.96434239
1605891600,506.17,514.73,508.91,514.36,14373.2401921
1605895200,503.75,514.5,514.47,508.57,17425.5129667
1605898800,506.46,511.42,508.49,510.42,11614.18431695
1605902400,507.8,512.69,510.5,509.81,12866.77039273
1605906000,506.44,510.04,509.81,509.38,7987.87430488
1605909600,504.51,509.82,509.38,508.45,5431.06450151
1605913200,505.66,511.84,508.45,510.43,8634.05819943
1605916800,510.26,518.82,510.6,516.82,17392.49532552
1605920400,514.23,518.05,516.71,515.22,9944.70685585
1605924000,507.09,518.92,515.22,508.64,16829.38151558
1605927600,507.2,513.1,508.58,508.28,7400.05161517
1605931200,502.82,508.9,508.28,505.39,11058.18561535
1605934800,505.01,509.43,505.35,508.8,3348.98845032
1605938400,508.28,512.8,508.61,510.57,5694.00961103
1605942000,508.62,512.25,510.71,510.85,2897.10775692
1605945600,510.79,518.2,510.89,518.2,6826.48960509
1605949200,510.54,518.5,518.31,512.38,4893.77606013
1605952800,510.87,516,512.29,512.52,2075.69362707
1605956400,508.38,514.27,512.53,509.84,2545.97896985
1605960000,506.89,516,509.84,514.52,5946.72294141
1605963600,514.33,524.65,514.52,523.55,14796.63844345
1605967200,521.26,534.95,523.54,533.57,21073.0417445
1605970800,530,540.48,533.7,537.81,20437.98707686
1605974400,531.89,547.78,537.81,539.59,38222.72764005
1605978000,534.84,545.79,539.59,545.25,21186.52222519
1605981600,539.5,546.33,545.46,542.13,10418.17372038
1605985200,538.19,546.33,542.22,542.3,11851.85647205
1605988800,538.13,542.32,542.31,541.52,9030.13242067
1605992400,537.25,545.34,541.51,544.24,9148.94119928
1605996000,535.92,544.17,544.12,542.9,11195.63063529
1605999600,540,554.28,542.9,553.07,23512.88828303
1606003200,544.64,562.61,553.06,550.85,35995.16377644
1606006800,536.45,554.81,550.85,542.42,63070.702268
1606010400,541.39,550.86,542.42,548.51,12886.23827895
1606014000,545.77,550.24,548.57,549.77,8136.65195812
1606017600,544.11,549.97,549.86,548,4299.6199213
1606021200,541.55,548.75,547.93,543.67,5216.10839748
1606024800,537.9,545.34,543.68,543.5,8776.02150827
1606028400,533.27,543.27,543.08,542.45,7590.60180569
1606032000,535.18,542.82,542.55,535.95,7550.63466316
1606035600,534.06,545.25,535.57,544.31,6065.70948561
1606039200,534.86,544.31,544.31,538.5,3643.3653571
1606042800,511.16,539.71,538.35,522.89,28785.49541932
1606046400,519.72,530.17,523.06,527.13,19274.92086649
1606050000,525.01,534.88,527.22,533.27,11025.0523653
1606053600,529.25,535.36,533.53,530.23,7437.53949745
1606057200,529.59,535.33,530.24,535,4878.13245065
1606060800,533,555.51,534.99,553.35,20113.54614224
1606064400,549.23,555.25,553.54,553.7,9718.77267484
1606068000,552.84,568.21,553.46,563.19,23968.34368324
1606071600,563.02,575.37,563.02,573.48,28353.5577721
1606075200,561.07,576.68,573.54,567.62,24359.67008282
1606078800,564.59,575.86,567.79,573.6,12708.97691
1606082400,570.16,581.8,573.56,574.35,20337.47001061
1606086000,555.33,574.73,574.51,560.82,29709.86083448
1606089600,550,569.34,560.78,553.31,21707.24463269
1606093200,550.12,563.52,553.09,560.72,14417.77993175
1606096800,559.01,565.28,560.6,560.53,6985.86114953
1606100400,559,577.6,560.55,573.9,20435.41477026
1606104000,572.86,587.36,573.94,582.65,34411.60188246
1606107600,575.01,584.92,582.64,581.18,18661.29186219
1606111200,574.18,586.31,581.17,586.17,14504.48733955
1606114800,579.04,587.61,586.31,581.68,5814.03437815
1606118400,581.43,587.51,581.56,582.98,7038.23693335
1606122000,581.24,593.88,582.97,592.39,10532.05187166
1606125600,588.5,597.5,592.25,596.89,11539.00022508
1606129200,590,598.4,596.89,591.61,11620.44917039
1606132800,584.94,596.08,591.84,594.81,12262.17336271
1606136400,577.37,601.82,594.85,600.5,44662.65461674
1606140000,595.6,607,600.43,600.34,37407.18423096
1606143600,587.02,602.07,600.27,590.66,29777.88433227
1606147200,582.02,597.46,590.54,596.74,21147.08473751
1606150800,594.3,602.13,596.25,597.46,20717.28149781
1606154400,591.7,598.23,597.36,593.55,12773.90902423
1606158000,590.33,598.89,593.6,598.39,10030.06520617
1606161600,593.51,600.19,598.42,596.92,13463.52073535
1606165200,592.98,608.98,596.81,606.26,23232.50048028
1606168800,600.58,611.43,606.26,610.49,17784.96914685
1606172400,599.97,610.89,610.65,609.26,23862.39792955
1606176000,601,612.96,609.26,611.46,17078.53920121
1606179600,609.89,621.94,611.45,617.85,25858.98285747
1606183200,612.3,620.38,617.78,612.53,18305.09796631
1606186800,612.34,617.54,612.54,614,10043.56892486
1606190400,612.77,620.77,613.92,619.01,10935.97479788
1606194000,613,619,619,614.87,14702.72615748
1606197600,587.25,614.87,614.87,608.47,48686.22426823
1606201200,603.62,612.84,609.07,605.8,10828.11507338
1606204800,605.8,623.22,605.83,621.65,13404.87679151
1606208400,607.42,622.19,621.72,609.41,24912.28115353
1606212000,592.06,610.89,609.41,607.55,24126.1139452
1606215600,601.89,609.08,607.87,607.67,8173.48145769
1606219200,593.02,607.38,607.1,598.14,15261.04822771
1606222800,594.12,606.48,598.14,604.8,19982.97565421
1606226400,600.86,606.62,604.81,602.12,13964.06809993
1606230000,600.54,608.39,602.12,607.82,16656.49032274
1606233600,603.5,614.49,607.88,608.74,23381.01791418
1606237200,606.09,611.98,608.6,607.02,9694.99086344
1606240800,602.98,608.93,607.02,607.82,9323.92614109
1606244400,605.89,611.01,607.87,607.75,12932.97081012
1606248000,602.31,613.34,607.68,607.42,12692.72537833
1606251600,598.42,609.11,607.22,599.75,11162.99032825
1606255200,597,604.3,599.74,603.52,7694.13627257
1606258800,602.16,606.61,603.52,605.45,7675.27211976
1606262400,601.51,606.49,605.45,602.17,8305.75757975
1606266000,601.86,605.96,602.14,605.09,5794.81520476
1606269600,592.73,605.17,605.05,594.48,16136.65953628
1606273200,580.86,595.75,594.61,584.91,20528.32640056
1606276800,580.88,590.24,584.84,582.18,14279.65522133
1606280400,579.35,590.48,582.01,590.28,12053.54021531
1606284000,588.56,594.95,590.2,593.14,6959.91238263
1606287600,590.34,597.18,593.15,593.34,4747.49108393
1606291200,592.52,598.89,593.48,596.48,4578.49859374
1606294800,593.5,597,596.05,595.43,4281.1802171
1606298400,595.24,604.91,595.45,601.73,5264.63377679
1606302000,599,603.29,601.97,601.71,6499.57655134
1606305600,596.45,602.69,601.75,600,6228.22713351
1606309200,591,603.96,600,593.97,12447.90919669
1606312800,591.18,597.18,593.82,596.7,8053.2267322
1606316400,592.76,598.52,596.79,594.07,8142.5288974
1606320000,586.3,597.55,594.24,588,12509.66349615
1606323600,583.23,590.47,587.99,590.41,8622.70454788
1606327200,589.07,593.6,590.16,591.52,4903.63347519
1606330800,583.05,593.31,591.64,586.35,8323.41649776
1606334400,573.26,589.58,586.23,581.58,18799.30252772
1606338000,576.51,584.82,581.59,578.94,11121.31943257
1606341600,562.56,579.69,578.91,568.84,19262.67751574
1606345200,554,574.88,568.84,568.79,27663.52261017
1606348800,562.1,577,569.19,575.7,14761.58972733
1606352400,566.06,575.99,575.59,569.25,14682.93881134
1606356000,551.7,569.85,569.48,554.26,23182.26569211
1606359600,505,554.25,554.25,533.01,82309.23994771
1606363200,518.42,538.49,533.32,526.71,39761.45993418
1606366800,522.57,534.29,526.93,529.03,17846.9161241
1606370400,525.1,533.44,528.96,532.37,9589.01824462
1606374000,508,532.35,532.35,516,22972.0887299
1606377600,480.08,517.14,515.5,498.67,83518.89426535
1606381200,493,508.99,498.75,503.88,32156.29930754
1606384800,501.82,514.02,503.99,513.09,17248.50441334
1606388400,509.13,521.97,513.27,512.87,22853.02023166
1606392000,508.85,526.39,512.79,525.38,21933.17078759
1606395600,511.5,526.17,525.4,512.29,15306.06860608
1606399200,495.8,516.04,512.45,503.23,21237.73951927
1606402800,496,518.53,498.03,507.07,18585.62154919
1606406400,493,512.49,507.57,496.76,21486.10125728
1606410000,481.1,497,496.79,496.23,32723.05410928
1606413600,493,503.51,495.73,494.35,17342.0769611
1606417200,489.06,504.2,495,501.3,19896.52972333
1606420800,500.83,525.99,501.06,524.29,34424.94346482
1606424400,512.64,525.23,524.29,513.89,15081.81222052
1606428000,512.03,522.9,513.9,521.92,9661.07094361
1606431600,513.11,522.05,522.03,520.34,5591.93229818
1606435200,515.68,530.49,520.35,529.17,9815.12033338
1606438800,525.1,531.41,529.09,526.44,12428.55979221
1606442400,516.26,529.16,526.59,516.77,6237.28701816
1606446000,517.42,524.99,517.42,519.95,4492.11678438
1606449600,518.84,525.28,519.91,520.83,2862.82560701
1606453200,520.82,529.16,520.82,526.99,7838.51416069
1606456800,523.29,527.86,526.99,525.73,5691.65862688
1606460400,515.43,526.07,525.77,517.19,10460.95098218
1606464000,503,517.71,517.68,508.56,20225.45971004
1606467600,501.86,515.64,509,503.47,13148.67027926
1606471200,503.46,512.83,503.48,511.8,4259.48795081
1606474800,504.31,512.19,512.19,507.54,4880.03398701
1606478400,506.27,515.37,507.57,513.96,5939.91103086
1606482000,511,516,513.95,511.77,4049.12127386
1606485600,505.51,514.21,511.61,507.76,8639.28294388
1606489200,493.51,508.67,507.63,496.11,19890.04468041
1606492800,493.61,506.95,496.13,506.69,10992.13773919
1606496400,502.36,507.08,506.45,504.28,6216.33098198
1606500000,502.54,509.34,504.29,506.57,6104.4337496
1606503600,504.41,508.91,506.63,507.03,4512.77047985
1606507200,504.81,515.49,507.07,515.08,9134.50425915
1606510800,510.63,516.5,514.91,515.72,8263.23875168
1606514400,512.4,519.36,515.72,513.72,6290.81773758
1606518000,513.64,519.12,513.64,519.07,6831.8128966
1606521600,513.99,520.66,519.04,518.94,6751.16955255
1606525200,516.23,520.73,519.22,520.44,5405.4347051
1606528800,513.1,520.5,520.5,513.52,6913.12536481
1606532400,513.17,516.04,513.71,515.76,4108.56136977
1606536000,510,516.57,515.88,513.25,6975.84602871
1606539600,510.03,514,513.25,513.64,4082.65034933
1606543200,512.63,515.32,513.65,514.7,2893.70269193
1606546800,513.64,516.61,514.77,514.19,1723.81312937
1606550400,507.51,517,514.19,508.25,6017.28566242
1606554000,505.01,511.41,508.3,510.06,4775.55143578
1606557600,509.47,518.59,510.46,516.79,4773.27757848
1606561200,515.01,519.92,516.82,518.63,2389.78537457
1606564800,516.28,520.74,518.74,517.7,3628.23587542
1606568400,516.65,528.64,517.71,528.36,7104.65023077
1606572000,524.49,528.98,528.43,527.53,9298.30483661
1606575600,525.72,534.3,527.6,534.01,12710.67969194
1606579200,534.29,543.5,534.29,539.52,22029.26224096
1606582800,533.64,542.38,539.54,542.1,12359.22808919
1606586400,541.23,545.89,542.04,543.53,12029.79259024
1606590000,540,547.27,543.69,546.66,6342.84713418
1606593600,541.02,548.83,546.66,541.38,8738.9723985
1606597200,541.35,544.37,541.47,543.61,4065.63053757
1606600800,541.69,547.9,543.82,543.07,6059.25166025
1606604400,535.6,545.82,543.07,538.11,5273.37899317
1606608000,532.26,540.25,537.97,537.96,7379.14754821
1606611600,531,538.38,538.05,533.97,4429.36366405
1606615200,532.2,541.32,533.75,540.78,4509.12789431
1606618800,540.21,544.25,540.78,543.7,4348.83965067
1606622400,539.09,543.66,543.48,539.46,3595.84250512
1606626000,538.56,543.12,539.44,541.54,2975.53181529
1606629600,537.55,541.61,541.54,538.86,2604.92984335
1606633200,536.38,543.13,538.66,541.62,2946.48959103
1606636800,540.95,552.17,541.56,551.56,7343.91969795
1606640400,547.8,554.26,551.8,551.06,5072.51542733
1606644000,549.16,555.55,551.05,555.19,3269.805373
1606647600,548.33,558.68,555.08,551.67,7459.75397632
1606651200,547.16,553.99,551.67,551.41,3651.42761272
1606654800,550.42,554.79,551.35,554.79,3874.8626738
1606658400,551.79,557.18,554.9,552.85,5571.95981139
1606662000,550.81,555.99,552.72,554.85,3734.14256236
1606665600,549.02,557.76,554.81,554.33,8805.52453552
1606669200,553.02,557.26,554.37,554.22,5398.69888026
1606672800,551.89,554.99,554.22,554.71,3014.38758691
1606676400,551.81,555.55,554.7,552.35,2699.32524971
1606680000,551.77,558.04,552.35,557.48,5065.94568794
1606683600,557.21,570,557.48,568.07,16719.40516683
1606687200,563.75,573.04,567.95,571.28,9903.03444061
1606690800,571.28,577.55,571.28,576.76,15566.83456834
1606694400,576.9,592.92,576.9,587.82,24278.61317442
1606698000,583.71,593.74,587.9,588.05,11716.46031462
1606701600,585.77,589.99,588,586.46,7508.56454047
1606705200,582.43,589.85,586.55,588.91,6543.5537357
1606708800,584.12,589.41,588.82,585.68,5612.51465231
1606712400,582.8,588.42,585.55,583.2,5540.59882295
1606716000,580.26,584.88,583.15,584,5510.58769834
1606719600,583.26,588.38,584.01,585.53,6306.84188644
1606723200,572.79,586.02,585.47,577.47,6718.88281494
1606726800,571.11,579.77,577.58,577.09,5012.77566203
1606730400,575.8,583.63,576.77,580.42,5027.28161124
1606734000,580.33,591.83,580.33,588.92,6231.82643927
1606737600,588.91,596.62,588.91,596.49,11455.93636221
1606741200,589.85,605,596.52,602.18,19295.8993138
1606744800,598.84,613.71,602.41,603.98,30024.04272666
1606748400,593.77,610.35,604.54,596.36,38105.02693541
1606752000,596.07,614.76,596.07,601.51,39512.94810357
1606755600,595,608.28,601.52,605.54,17824.81442563
1606759200,597.44,608.99,605.2,598.33,11302.50300864
1606762800,596.77,604.94,598.33,602.59,9034.72345632
1606766400,598.92,607.14,602.46,606.14,9753.57086742
1606770000,604.19,609.81,606.29,605.6,9036.74614159
1606773600,602.4,610.68,605.62,610.67,6440.27222583
1606777200,609.2,617,610.67,617,15624.00190979
1606780800,603.42,617.87,617,605.9,11919.21158615
1606784400,603.62,612.15,605.78,610.81,8278.02164129
1606788000,607.84,611.88,610.81,611.45,6469.92928941
1606791600,604,611.52,611.5,605.89,4416.28069793
1606795200,601.63,608.91,605.4,603.63,7974.15362502
1606798800,601.59,609,603.86,608.78,3895.09211383
1606802400,605,612.5,608.78,605.76,5662.6899592
1606806000,605,611.61,605.66,611.06,3259.98946941
1606809600,608.74,613,611.18,609.1,3657.90108271
1606813200,608.86,614.99,609.32,614.93,3649.83392939
1606816800,614.68,629,614.98,628.25,18844.40416777
1606820400,600,636.53,628.16,616.36,48615.98495876
1606824000,563.01,617.27,616.15,577.18,69727.01221587
1606827600,566,595.35,577.6,589.98,40215.73164339
1606831200,582.75,614.34,589.86,610.98,26893.84799994
1606834800,597.22,619.7,611.14,604.65,23283.90598398
1606838400,587.25,609,604.38,594.32,24054.9368477
1606842000,582.53,597.4,594.05,596.74,16257.91493661
1606845600,588,597.01,596.79,589.51,6500.03713404
1606849200,588.09,603,588.88,599.94,10510.90619526
1606852800,590.4,602.28,599.93,594.18,7615.17867493
1606856400,593.23,599.69,593.92,595.47,3704.31255159
1606860000,588.79,602.18,595.42,590.29,6390.00322492
1606863600,583.7,592.08,590.32,586.03,11382.51782665
1606867200,575.08,594.63,585.87,593.47,10812.88616561
1606870800,589.62,597.65,593.47,594.37,4182.07224631
1606874400,586.78,594.52,594.37,588.01,3518.35157173
1606878000,583.02,591.99,588,585.88,6825.84990246
1606881600,576.9,589.65,586.19,582.87,9134.84957106
1606885200,577.85,586.4,582.89,586.28,4011.11577357
1606888800,585.07,593,586.28,592.98,3231.41574571
1606892400,590.06,598.9,592.87,598.1,4027.74374239
1606896000,594.6,601.42,598.11,596.25,4802.75124042
1606899600,594.95,604.96,596.26,595.35,4309.24143494
1606903200,593.17,599.74,595.05,598.71,3922.12239793
1606906800,595.72,602.29,598.71,599.04,3502.20537244
1606910400,588.81,598.8,598.8,593.06,7757.00782332
1606914000,591.88,599.26,593.06,593.27,3735.52613952
1606917600,589.71,597.92,593.27,590.23,5333.33178922
1606921200,585.4,593.14,590.33,589.65,6399.75338245
1606924800,584.04,591.54,589.77,585,8203.51438936
1606928400,583.8,589.77,584.74,589.44,5682.90528205
1606932000,588.22,597.32,589.41,594.52,7626.34366641
1606935600,592.85,598.16,594.41,597.06,5765.41930011
1606939200,595.5,600.63,596.85,596.61,6793.57514658
1606942800,595.2,599.01,596.74,598.06,5093.16918765
1606946400,596.51,601.93,598.13,596.52,6314.21416506
1606950000,595.98,600.76,596.51,597.35,5256.79897159
1606953600,595,600.55,597.03,596.48,4774.45152209
1606957200,589.55,596.57,596.57,592.31,5542.62402571
1606960800,591.04,594.56,592.18,593.3,4669.87034135
1606964400,592.36,598.29,593.28,595.77,3779.19752252
1606968000,593.18,598.06,595.5,593.23,2570.03809897
1606971600,587.12,595.5,593.22,588.49,4966.74401468
1606975200,586.11,591.96,588.34,591.06,3327.05768011
1606978800,587.9,599.43,591.32,598.66,4493.82551382
1606982400,595.68,608.46,598.66,605.7,9970.05214326
1606986000,599.75,607.8,605.72,606.97,5639.6639471
1606989600,604.72,615.21,606.73,613.29,9168.90785902
1606993200,610.53,615.95,613.12,614.13,6861.75645741
1606996800,606,615.04,614.23,609.89,7687.05165317
1607000400,607.52,613.93,609.81,609.94,6761.56493642
1607004000,609.42,614.56,609.73,611.24,6554.73736172
1607007600,609.55,620.1,611.34,619.4,12564.07990743
1607011200,608.88,624.57,619.6,614.8,23231.66926466
1607014800,610,615.99,614.79,613.21,7175.43196875
1607018400,613.16,616.99,613.2,614.83,7701.18437555
1607022000,611.6,614.96,614.94,614.46,4809.38375237
1607025600,610.92,615.84,614.45,611.7,6841.75488764
1607029200,611.26,617.5,611.7,615.62,6549.96134487
1607032800,614.55,617.36,615.62,616.85,6014.29304825
1607036400,616,619.18,616.77,616.65,6691.00238687
1607040000,613.59,620.56,616.46,617.86,10794.64284679
1607043600,611.75,618.82,617.86,612,9356.82694447
1607047200,603.88,613.9,611.99,604.64,9210.62178526
1607050800,602.02,608.61,604.64,603,7065.93464502
1607054400,600.31,608.06,602.98,606.62,4901.35505672
1607058000,603.5,608.11,606.62,603.89,2974.29044986
1607061600,603.07,608.6,603.89,607.32,2653.32731176
1607065200,603.57,607.39,607.3,604.75,3961.52594631
1607068800,604.59,613.4,604.75,611.4,3584.5528158
1607072400,607.31,611.98,611.4,609.02,1818.04164012
1607076000,589.04,609.34,609.02,593.95,15315.52570886
1607079600,582.06,597.7,593.93,585.61,10161.34244498
1607083200,580,593.08,585.67,592.63,15790.19483616
1607086800,588.28,593.22,592.5,591.5,6009.56227368
1607090400,587.26,596.76,591.51,592.4,9647.26090171
1607094000,587.47,593.31,592.47,587.47,5519.37982433
1607097600,582.02,589.81,587.31,588.66,13014.0986675
1607101200,588.06,591.26,588.63,589.72,6532.08278108
1607104800,587.62,593.45,589.62,591.64,4900.70490548
1607108400,589.38,592.45,591.63,591.06,3733.89310891
1607112000,586,591.37,591.06,589.13,5634.79340032
1607115600,578.02,590.03,589.13,580.92,13037.07889772
1607119200,566,582.23,581,569.23,15399.33567937
1607122800,566,577.32,569.23,567.6,14464.3334197
1607126400,561.15,573.03,567.76,572.52,15356.79646212
1607130000,567.71,574.7,572.59,567.92,5759.38201742
1607133600,567.99,576.72,568.01,575.15,6811.35046678
1607137200,573.83,579.06,575.14,576.35,4412.65901
1607140800,575.95,581.47,576.63,579.76,4974.69362132
1607144400,578.73,587.68,579.76,585.03,4804.92231593
1607148000,583.97,588.75,585.03,588.36,3301.63001758
1607151600,584.58,589.59,588.43,585.38,1928.45229754
1607155200,585.51,596,585.51,596,3593.68654954
1607158800,591.52,597.88,596,593.63,3516.73727025
1607162400,590.95,595.25,593.75,593.27,1303.57842463
1607166000,587.7,593.82,593.43,590.17,1582.71596584
1607169600,589.23,592.65,590.12,591.94,1820.24768922
1607173200,584.7,592.59,592.04,586.85,2582.68796995
1607176800,586.78,592.18,586.8,591.53,2832.70201007
1607180400,590.61,595,591.45,592.88,4061.73874485
1607184000,590.08,596.5,592.89,594.49,4270.4017842
1607187600,591.57,595,594.46,595,3559.12438154
1607191200,592.63,595.74,595,593.85,4946.73400694
1607194800,592.86,596.58,593.72,595.45,2435.59372967
1607198400,591.06,596.09,595.43,592.3,3106.57642675
1607202000,592.09,595.96,592.49,592.45,3113.69570606
1607205600,590.67,593.2,592.45,591.61,2855.43061219
1607209200,591.23,597.63,591.7,597.29,3025.23388084
1607212800,596.74,605.93,597.29,605.25,10362.20498599
1607216400,603.01,607.46,605.58,603.67,7763.56412942
1607220000,599.86,603.99,603.69,600,4532.29684952
1607223600,595.03,601.09,600,597.16,4206.83357478
1607227200,596.72,600.23,597.01,598.77,3004.84507041
1607230800,595.15,599.31,598.75,597.28,3086.08777502
1607234400,595.34,599.3,596.92,597.82,4510.9583604
1607238000,596.59,602,597.79,600.97,1858.05108487
1607241600,590.63,601.98,600.97,591.17,4333.79072087
1607245200,586.5,593.8,591.53,591.54,5301.96990192
1607248800,588.74,592.48,591.91,591.06,2784.58752769
1607252400,589.17,594.03,590.87,593.33,2312.09807945
1607256000,587.38,593.26,593.21,588.79,1699.08468235
1607259600,583.31,590.73,588.6,587.8,4943.46008633
1607263200,587.4,595.36,587.96,594.88,3619.23946999
1607266800,593.79,596.93,594.93,595.34,3036.46653721
1607270400,592.26,598.34,595.38,594.54,3880.53684976
1607274000,593.52,597.17,594.74,595.62,2640.39960291
1607277600,593.69,597.23,595.67,594.92,3065.68531358
1607281200,592.71,596.48,594.97,595.68,2476.30687161
1607284800,594.66,596.88,595.79,595.1,2193.72035457
1607288400,593.32,599.42,595.11,598.93,6686.52264564
1607292000,590.56,599.6,598.92,593.3,4759.61491881
1607295600,593.3,603.96,593.3,601.95,8594.40130994
1607299200,597,603.4,601.97,598.21,3734.26642223
1607302800,591,599.51,598.72,594.93,4896.63403905
1607306400,592.64,595.91,594.94,593.61,1939.13574194
1607310000,592,595.65,593.61,595.18,1628.20006588
1607313600,593.2,597.01,595.34,596.64,2042.28327582
1607317200,595.2,598.63,596.64,596.46,1808.21986737
1607320800,596.37,600.8,597.01,598.32,2686.41795749
1607324400,598,601.61,598.38,601.11,2838.24037216
1607328000,595,601.19,601.12,596.95,2166.77099398
1607331600,593.61,597.03,596.94,595.48,1579.13197757
1607335200,592.5,595.64,595.58,593.57,1408.50145047
1607338800,589.85,595.06,593.56,590.77,3203.77178429
1607342400,590.23,597.93,590.69,597.42,2429.03580026
1607346000,595.52,597.83,597.51,595.55,2041.83255595
1607349600,592.05,597.16,595.56,594.56,3766.47359423
1607353200,593.8,596.69,594.43,594.57,2335.91559622
1607356800,593,596.12,594.81,593.45,2772.31339946
1607360400,592.34,595.17,593.52,592.93,2979.48305106
1607364000,584.54,593.6,592.89,586.06,12933.89992846
1607367600,585.04,588.98,586.12,587.46,4771.21928204
1607371200,584.59,588.67,587.43,586.84,3528.68258761
1607374800,585.27,589.69,586.79,588.89,5166.35679525
1607378400,588.65,590.98,588.91,590.9,2313.84203492
1607382000,588.91,593.27,590.9,591.47,4225.95682971
1607385600,588.7,591.64,591.53,591.2,2197.33719531
1607389200,588.1,591.3,591.26,589.91,2240.69230257
1607392800,588.75,590.4,589.91,589.1,2080.3993784
1607396400,586.87,589.57,589.2,588.78,3644.56123522
1607400000,588.59,591.01,588.78,590.06,3447.19703689
1607403600,590.06,595.47,590.06,595.42,3282.12578833
1607407200,589.88,595.42,595.42,591.33,4529.31776817
1607410800,588,592.05,591.38,588.33,1259.68857135
1607414400,580.46,589.14,588.21,584.14,6009.29393666
1607418000,571.53,584.69,584.03,573.87,13293.71657405
1607421600,570.85,577.91,573.86,575.57,6002.89183962
1607425200,573.01,577.51,575.56,573.83,4996.43921322
1607428800,568.82,577.54,573.73,572.71,7458.68848889
1607432400,572.72,579.39,572.72,578.72,5597.55049571
1607436000,576.59,581.2,578.72,576.59,10703.75752012
1607439600,573.17,578.96,576.92,574.25,7966.10752316
1607443200,570.47,577.87,574.17,573.09,6545.3818803
1607446800,572.9,577.43,573.31,576.96,3977.21763939
1607450400,572.68,577.09,576.93,572.68,3337.75291127
1607454000,570.52,575,572.69,570.98,4077.02800507
1607457600,561.99,573.01,570.85,563.96,13249.3699342
1607461200,558.77,568.35,563.95,565.91,14487.88755423
1607464800,554.3,569.59,565.91,554.4,11692.75110315
1607468400,548.12,558.67,554.4,554.79,31811.63666827
1607472000,549,556.41,554.8,550.04,18223.27386737
1607475600,541,552.85,550,546.61,22701.85828202
1607479200,544.76,552.36,546.61,549.56,9188.59081759
1607482800,548.15,551.95,549.59,551.9,4530.13155115
1607486400,546.13,552.26,551.9,547.45,5061.3676877
1607490000,544.51,549.56,547.3,548.16,5140.17878366
1607493600,547.18,551.25,548.16,549.26,3417.13568196
1607497200,536.77,549.75,549.56,538.36,8432.66017733
1607500800,530.32,542.39,538.11,540.77,15380.33248361
1607504400,540.47,549.52,541,548.53,6718.79449001
1607508000,546.41,560.32,548.52,559.12,10522.23872882
1607511600,556.66,566,559.3,562.18,12833.27889697
1607515200,560.43,568.19,562.18,560.61,7828.9158977
1607518800,560.55,573,560.58,572.64,15938.09165307
1607522400,570.57,577.45,572.65,572.01,7532.82235444
1607526000,562.54,572.91,572,567.71,9780.76970469
1607529600,562.16,569.9,567.71,569.9,9239.38089189
1607533200,565.08,575,569.87,569.15,16258.80109551
1607536800,563.9,573.26,569.2,566.13,11634.00933222
1607540400,566.09,568.95,566.09,568.63,6369.00254526
1607544000,566.42,574.89,568.63,573.19,17069.47845954
1607547600,571.94,578.67,573.11,575.58,10448.68012099
1607551200,572.51,577.4,575.58,576.1,6847.4756688
1607554800,573,577,576.11,573.38,5048.5671907
1607558400,566.94,575.62,573.26,566.97,6986.95099447
1607562000,565,570.55,566.94,569.76,5207.08212539
1607565600,565.35,572.55,569.75,568.09,4875.55947548
1607569200,566.34,572.45,568.09,567.26,7719.7330403
1607572800,565.99,571.33,567.26,567.15,4367.42563487
1607576400,561.56,567.88,567.1,563.55,5497.74649401
1607580000,559.68,565.71,563.68,560.15,2590.48233703
1607583600,559.93,564.84,559.96,563.69,1643.47699587
1607587200,562.73,568.13,563.69,565.97,2171.18471666
1607590800,557.82,568.88,566.02,558.34,2414.08737286
1607594400,553.24,560.64,557.74,553.84,2750.97044971
1607598000,552.2,559.48,553.79,554.85,3077.68985232
1607601600,553.43,558.89,554.72,556.61,6800.96512622
1607605200,551,561,556.57,560.89,7217.00201142
1607608800,551.01,562.7,560.94,552.48,6779.2765145
1607612400,547.83,557.63,552.38,557.47,8991.54841882
1607616000,555.05,561.12,557.66,559.33,5439.28080631
1607619600,555.99,560.55,559.23,558.57,3958.96375678
1607623200,558,562.4,558.57,559.75,6197.50198365
1607626800,558.09,565.27,559.75,565.2,5138.89521386
1607630400,564,568.35,565.21,564.59,5946.00120894
1607634000,562.14,566.03,564.76,563.69,3581.02494119
1607637600,561,564.82,563.67,563.16,3616.15377571
1607641200,557.71,564.3,563.16,559.45,4351.20732157
1607644800,546.01,560.62,559.33,548.52,11481.65694033
1607648400,541.27,551.25,548.53,545.8,16796.27555449
1607652000,542.09,547.8,545.97,542.24,6941.8059971
1607655600,540.1,548.36,542.17,547.39,6926.30671571
1607659200,541.96,549.08,547.38,545.36,6220.43800748
1607662800,541.88,547.7,545.36,544.28,5201.26134745
1607666400,541.04,545.99,544.2,543.91,4732.95163292
1607670000,535.5,544.85,543.91,541.55,12108.04879939
1607673600,541.17,547.97,541.41,544.56,9087.09437164
1607677200,538,544.81,544.77,541.3,2975.56715787
1607680800,536.2,545.75,541.15,539.68,3357.37342656
1607684400,535.6,541.63,539.73,538.7,4953.30195597
1607688000,536.76,545.99,538.53,543.82,5307.31630163
1607691600,540.71,550.35,543.77,549.57,9071.9016729
1607695200,548.1,553.76,549.64,552.99,9529.50181232
1607698800,551.37,554.73,553,554.3,5974.26265242
1607702400,547,554.31,554.17,548.46,6273.58366308
1607706000,541.22,549.47,548.76,544.49,17051.21031326
1607709600,543.24,549.4,544.5,548.29,5038.93240964
1607713200,545.64,550.92,548.22,546.29,4647.51401053
1607716800,544.38,548.97,546.49,546.89,4590.91728977
1607720400,544.31,549.74,546.89,549.49,3517.60745193
1607724000,547.66,552.02,549.59,550.53,5632.09209331
1607727600,543.75,550.86,550.48,544.23,6279.33867929
1607731200,543.22,556.2,544.51,555.22,11161.38017601
1607734800,552.81,557.32,555.3,553.23,7054.57281966
1607738400,553.15,557.96,553.22,556.83,3981.11204682
1607742000,554.5,557,556.81,554.98,4275.69605657
1607745600,554.07,561.09,555.02,560.06,2907.45541044
1607749200,556.91,560.93,560.01,557.21,2581.52501359
1607752800,555.5,559.16,557.16,556.9,2613.09837346
1607756400,556.91,560.35,556.91,559.3,1449.49824173
1607760000,556.18,560.86,559.2,557.47,1686.45922453
1607763600,555.55,559.63,557.45,556.59,1609.35171047
1607767200,554.19,557.86,556.69,555.04,1565.78717375
1607770800,554.55,559.46,555.01,559.18,1728.18118173
1607774400,556.43,560.6,559.18,557.06,2579.96360843
1607778000,555.41,557.94,557.17,555.51,1973.86711887
1607781600,551.64,557.1,555.52,554.08,3227.52214536
1607785200,551.51,555.73,554.09,554.64,3263.0087991
1607788800,552.75,555.85,554.68,553.56,2833.86822918
1607792400,552.06,557.23,553.57,556.5,3855.88946652
1607796000,556.36,565.55,556.52,564.51,8315.36863075
1607799600,564.24,569.66,564.6,568.78,5803.65537391
1607803200,566.76,572.4,568.79,568.45,5971.18649321
1607806800,568.08,572.3,568.44,570.84,8941.71665618
1607810400,570.25,574.33,570.83,571.75,7132.532976
1607814000,567.56,572.41,571.71,568.64,5105.449661
1607817600,564.24,570.15,568.64,566.34,4305.93912847
1607821200,564.86,567.58,566.34,566.44,1608.30084955
1607824800,563.79,567.17,566.38,566.88,2273.38994713
1607828400,565.41,568.14,566.89,565.95,1778.70958629
1607832000,564.67,569.96,566,568.45,2232.77524781
1607835600,568.3,572.35,568.48,569.55,3410.55995984
1607839200,569.41,573.15,569.5,572.53,1764.54359831
1607842800,572.71,580.08,572.71,579.14,5319.55674717
1607846400,577.34,583.89,579.35,581.52,5900.30184954
1607850000,578.48,585.28,581.66,583.56,2927.54720993
1607853600,582.29,586.75,583.56,583.99,4953.78713531
1607857200,581.64,586.92,584.02,585.62,5308.56325136
1607860800,583.45,589,585.67,587.13,4793.66065513
1607864400,584.31,589.97,587.14,586.23,4537.57680398
1607868000,583.32,586.98,586.22,585.49,3189.41322611
1607871600,580.21,586.86,585.48,585.07,6409.28736153
1607875200,585.07,595.21,585.07,593.24,14065.07050216
1607878800,590.91,594.67,593.25,594.49,4556.59309616
1607882400,590.49,594.67,594.48,592.42,4050.59744621
1607886000,591.27,593.55,592.4,591.51,3874.43064834
1607889600,585.19,591.66,591.51,588.56,5258.25394683
1607893200,588.39,591.71,588.39,591.34,2615.36631597
1607896800,583.61,592,591.34,588.79,4584.97413006
1607900400,588.51,593,588.68,590.75,5440.03560872
1607904000,581.51,590.54,590.45,584.17,3692.84499375
1607907600,581.9,586.4,584.11,585.14,3417.00631275
1607911200,583.03,590.8,585.1,590.8,3198.05328708
1607914800,589,591.71,590.46,591.01,27453.12104309
1607918400,583.91,591.48,591.01,585.4,8679.24270177
1607922000,582.76,585.39,585.39,585.17,2510.27205497
1607925600,585.02,588.26,585.22,588.2,1010.88326904
1607929200,584.58,588.32,588.2,585.97,1378.03395201
1607932800,585.7,589.33,585.97,588.04,1294.67156062
1607936400,585.19,588.76,588.04,587.35,980.84020762
1607940000,576.15,587.89,587.35,578.27,5391.13279067
1607943600,575.58,580.27,578.27,579.53,4561.13806173
1607947200,577,582.06,579.52,578.81,1998.99668158
1607950800,575.96,582.9,578.79,581.87,3657.55487478
1607954400,578.15,582.49,581.88,582.42,2212.60579277
1607958000,582.41,588.38,582.41,584.04,3905.02986015
1607961600,580.66,584.77,583.66,581.31,3015.86008701
1607965200,580,582.65,581.31,580.86,2862.97697198
1607968800,580.85,586.32,580.85,586.32,3681.43575842
1607972400,583.86,586.31,586.31,585.13,3509.42374088
1607976000,583,587.49,585.13,587.1,3734.62287873
1607979600,584.76,587.5,587.11,586.36,3216.64486842
1607983200,585.81,588.8,586.35,588.58,3465.87794286
1607986800,585.29,588.84,588.58,586.39,4660.0466188
1607990400,585.82,589.77,586.4,589.15,4190.5687265
1607994000,587.65,592.6,589.04,591.78,6255.42040168
1607997600,591.66,597.04,591.88,593.63,10790.57932494
1608001200,591.6,594.33,593.63,592.81,3335.564039
1608004800,582.43,593.35,592.8,583,4825.44542106
1608008400,579.15,585.63,582.68,582.71,5576.58917536
1608012000,581.84,584.8,582.7,584.62,2784.89300795
1608015600,582.78,586.03,584.62,586.03,1796.27158494
1608019200,582.03,586.12,585.98,584.19,1720.64694843
1608022800,580.23,584.47,584.19,583.56,1630.63011092
1608026400,580.89,589.28,583.6,587.8,2723.70968905
1608030000,585.15,587.98,587.8,585.59,1115.44024825
1608033600,585.05,589.2,585.47,586.05,2390.88719754
1608037200,585,587.34,585.89,587.12,2359.34110713
1608040800,582.89,589.09,587.13,584.25,4207.11222021
1608044400,583.13,586.84,584.17,586.21,4511.00616179
1608048000,584.06,587.43,586.21,586.1,4348.83451966
1608051600,585.31,587.27,586,586.29,4493.17031155
1608055200,585.73,590.18,586.29,589.42,6791.3967913
1608058800,589.3,593.09,589.41,592.51,5926.32275957
1608062400,590.6,593.49,592.51,591.01,3606.62714066
1608066000,586.68,591.89,591,589.01,3413.26199157
1608069600,587.39,589.68,588.99,588.56,3282.01055475
1608073200,585.83,590,588.51,589.08,3491.65694748
1608076800,583.37,589.69,589.08,585.6,4316.64079742
1608080400,582.14,586.21,585.6,585.22,4686.29940665
1608084000,585.14,586.88,585.21,586.13,2290.95975548
1608087600,583.13,586.42,586.23,583.78,2371.89963163
1608091200,581.21,584.62,583.67,583.5,2016.19504967
1608094800,583.05,585.33,583.49,584.19,1656.04089665
1608098400,583.61,586.56,584.17,586.01,1672.00126762
1608102000,584.65,586.85,586.13,585.25,1795.38673802
1608105600,583.94,588.2,585.25,588.2,2152.40499395
1608109200,585.77,588.71,588.2,588.44,1633.3108725
1608112800,587.62,595,588.22,594.72,8157.79841114
1608116400,591.83,597,594.7,594.62,5515.52768451
1608120000,591.48,599,594.59,593.24,11665.30423888
1608123600,593.16,610.63,593.16,609.94,23665.80870488
1608127200,608.67,626.66,609.87,621.06,55264.81424836
1608130800,617.45,622.98,621.06,621.24,22473.62726627
1608134400,621.23,629.94,621.26,629.37,26837.19782541
1608138000,621.26,630,629.58,622.27,16076.6893778
1608141600,617.06,624.83,622.27,619.4,9660.99783621
1608145200,618.49,624.46,619.4,623.24,8418.23384988
1608148800,622,626.15,623.24,624.06,6566.21740917
1608152400,622.46,632.83,624.11,629.95,13072.40203247
1608156000,628.37,636.07,629.84,635.61,15135.96584796
1608159600,630.97,639.58,635.57,637.98,14716.56445982
1608163200,637.5,648.87,637.91,645.44,21911.99827579
1608166800,641.76,650.9,645.44,644.4,11663.33696848
1608170400,642.02,649.7,644.46,646.41,12035.63315102
1608174000,634.02,652.76,646.4,636.61,21111.07247927
1608177600,636.13,640.88,636.69,638.2,6812.04006306
1608181200,637.85,649.45,638.03,648.19,8773.95523966
1608184800,642.29,648.54,648.21,644.58,9229.12782154
1608188400,642.69,648.59,644.58,648.29,5931.09050543
1608192000,645.41,655.96,648.37,649.61,39606.89096797
1608195600,637.42,656.14,649.64,642.1,25391.67460084
1608199200,642.1,670,642.11,668.94,18424.44774557
1608202800,657.66,668.95,668.77,662.03,6548.91743294
1608206400,657.88,666.66,662.19,666.26,9491.28727245
1608210000,653.19,669.16,666.36,659.78,15865.80174256
1608213600,656.85,667.8,659.8,663.73,15818.27400264
1608217200,660.78,667,663.6,666.28,13807.36910082
1608220800,663.47,677.05,666.34,673.34,28138.90693724
1608224400,648.51,675.96,673.24,650.91,25351.70127145
1608228000,627.58,659.75,651.41,656.51,49809.77771808
1608231600,646.27,661.23,656.51,648.29,17399.74641175
1608235200,633.37,653.85,648.22,642.82,23240.62991014
1608238800,626.79,643.77,642.77,641.08,19858.98459812
1608242400,640.55,650.31,641,646.05,8311.31554801
1608246000,634.91,647.82,646.05,643.37,15719.10294354
1608249600,629.59,645,643.26,639.96,12083.39842048
1608253200,634.64,651.23,639.86,646.32,13514.49423522
1608256800,644.87,654.82,646.32,650.74,13343.3445629
1608260400,642.33,651.49,650.73,643.76,6444.04520245
1608264000,640.12,647.25,643.74,642.44,5337.32381978
1608267600,641.53,647.43,642.62,646.3,5479.67927576
1608271200,644.2,649.07,646.34,644.87,4089.9020372
1608274800,641.56,645.3,644.78,645.3,3951.7840625
1608278400,642.3,653.3,645.3,651.46,4920.23628899
1608282000,647.97,662.12,651.46,662.12,6072.81679691
1608285600,651.04,664.46,662.01,653.08,17001.55886169
1608289200,644.83,653.29,653.17,650.32,7687.66942165
1608292800,643.1,654.49,650.49,650.36,5094.35580861
1608296400,637.08,651.13,650.41,637.94,8788.23332985
1608300000,631.02,641.83,638.05,639.79,11983.99078747
1608303600,632.69,640,639.77,638.36,7005.65504146
1608307200,634.7,644.47,638.35,642.65,7907.86550328
1608310800,641.62,648.38,642.83,646.93,5373.18493532
1608314400,643.07,648.34,646.93,646.41,5053.62765733
1608318000,640.62,646.63,646.41,645.27,3441.08153526
1608321600,644,649.32,645.36,648.89,4352.21290442
1608325200,648.98,654.55,648.98,651.23,7310.57523847
1608328800,646.55,653.7,651.23,652.04,5706.86597791
1608332400,648.67,655.96,652.04,654.66,5192.11733345
1608336000,647.88,656.48,654.66,649.85,5633.54846551
1608339600,646.57,651.29,649.85,650.02,8872.81076064
1608343200,649.05,658.86,649.98,657.94,10151.13896915
1608346800,655.35,660.69,657.94,655.92,8972.17991196
1608350400,654.59,658.55,655.91,655.54,7048.7685264
1608354000,652.52,657.04,655.39,653.23,5346.7258137
1608357600,648,654.54,653.44,649.38,4863.44761995
1608361200,648.88,652.75,649.38,649.49,2063.92972677
1608364800,646.54,654,649.53,653.89,3255.7805384
1608368400,651.23,655.2,653.97,653.1,3092.52904781
1608372000,653.08,657.8,653.11,654.49,2534.13621658
1608375600,649.13,656.13,654.48,651.74,4830.55948278
1608379200,651.58,660.72,651.64,655.64,6086.39056889
1608382800,652.5,657.36,655.61,657.1,7293.52405513
1608386400,649.05,661.33,657.04,656.08,14350.10368929
1608390000,653.09,661,656,656.31,8635.68671233
1608393600,654.4,665.29,656.3,663.02,23962.34687622
1608397200,661.5,672.06,663.06,664.21,15557.52431466
1608400800,656.44,664.64,664.2,660.37,7379.92032597
1608404400,657.79,661.63,660.34,659.95,7130.74652208
1608408000,659.63,668.5,659.87,667.64,8239.65675696
1608411600,665.09,669.74,667.65,667.18,7661.91216977
1608415200,661.06,667.27,667.19,664.06,7244.3991732
1608418800,656.1,664.06,664.06,658.96,6607.78884262
1608422400,642.12,658.92,658.8,648.87,17493.39800367
1608426000,646.77,651.75,648.87,648.6,5430.68050481
1608429600,646.18,649.68,648.59,648.08,3611.59485524
1608433200,643.32,649.22,648.08,646.93,3910.08906553
1608436800,641.3,649.58,646.7,648.69,5376.71531449
1608440400,647.74,651.41,648.7,648.68,3527.32483888
1608444000,647.93,652.72,648.69,650.3,3186.94908816
1608447600,650,657.6,650.31,656.88,3586.3827281
1608451200,653.5,658.6,657.18,656.82,8012.99932382
1608454800,654.9,661.4,656.82,656.98,5133.73973757
1608458400,649.66,657.98,656.94,650.15,4827.45590144
1608462000,650.16,654.81,650.16,652.79,2601.35132848
1608465600,643.81,653.4,652.64,648.06,4374.89090592
1608469200,642.64,650.39,648.11,648.63,3452.67498166
1608472800,646.1,652.39,648.64,649.03,3309.0981868
1608476400,649,654.9,649.12,654.89,3425.06676451
1608480000,647.54,655.68,654.9,647.76,5568.87628121
1608483600,646.69,650.89,647.76,647.92,4537.9273419
1608487200,645.66,651.33,647.91,649.93,5834.50224635
1608490800,648,651,649.93,650.59,4999.24123134
1608494400,649.91,658.46,650.55,656.87,9374.17580719
1608498000,631,657.58,656.87,633,25759.3271058
1608501600,621.46,640.01,633.13,636.4,19082.86385859
1608505200,635.6,641.67,636.46,638.4,8087.01041909
1608508800,634.16,644.93,638.19,643.19,13259.05628818
1608512400,640.95,646,643.42,642.65,10636.50163806
1608516000,641.98,645.8,642.72,644.13,7336.76415222
1608519600,639.71,647.96,644.28,645.58,5626.87437669
1608523200,643.21,648.35,645.64,644.12,4812.42856625
1608526800,641.03,645.76,644.07,641.71,5166.46412058
1608530400,637.01,645.09,642.11,645.03,2853.99730577
1608534000,644.43,646.85,645.04,646.77,3093.25403016
1608537600,634.47,648,646.76,635.29,5474.08045958
1608541200,621.29,637.26,635.29,626.24,21135.17518937
1608544800,604.26,628.75,626.34,605.85,33112.44420666
1608548400,604.25,612.99,605.86,606.39,14210.79490427
1608552000,596.9,609.37,606.68,602.99,25512.95975185
1608555600,601.92,613,603.11,612.86,12865.39260415
1608559200,607.45,620.55,612.85,620.01,15037.03984993
1608562800,613.48,620.64,620,615.07,13537.46679517
1608566400,607.07,619.77,614.91,615.18,16111.08558121
1608570000,603.51,615.46,615.12,604.78,15335.23778041
1608573600,602,612.59,604.73,609.26,11487.60116009
1608577200,608.63,613.77,609.37,611.58,6042.76206369
1608580800,608.95,613.83,611.58,610.39,6107.86797928
1608584400,608.82,618.9,610.45,618.62,9206.13389681
1608588000,615.48,618.75,618.62,617.22,4035.17080722
1608591600,607.87,618.91,617.25,608.07,5139.54916279
1608595200,605.31,614.52,608.07,605.51,5753.19570055
1608598800,602.4,609.13,605.46,605.36,10139.7642683
1608602400,605,613,605.59,612.85,6497.30735682
1608606000,609.27,613.08,612.86,610.01,5306.28232511
1608609600,610.01,615.7,610.01,612.55,6329.88098741
1608613200,604.25,613.02,612.92,606.8,5887.0179878
1608616800,602.5,608.63,606.75,602.8,4772.54071923
1608620400,592.39,605.75,602.86,595.76,12096.98296802
1608624000,587.54,598.56,595.76,597.44,8932.57620658
1608627600,597.03,604.69,597.79,604.69,4016.92698053
1608631200,600.13,606.39,604.62,602.99,3111.75407455
1608634800,602.9,612.99,602.99,611.54,4960.37241043
1608638400,610,613.92,611.57,612.37,7403.76211782
1608642000,608.57,618.25,612.38,617.76,7812.91273359
1608645600,615.45,620.28,617.78,617.88,7554.06072683
1608649200,616.11,634.38,617.98,626.5,19261.84210811
1608652800,621.97,633.69,626.55,627.75,11197.25121042
1608656400,623.85,629.75,627.85,627.6,7973.46307727
1608660000,625.81,629.62,627.75,628.04,6730.60561476
1608663600,623.78,630.26,628.05,626.14,7530.54422887
1608667200,621.93,627.97,626.28,624.45,8759.5953027
1608670800,621.77,627.93,624.61,622.77,10092.69567044
1608674400,618.66,631.36,622.99,630.05,11394.91700743
1608678000,626.31,638.5,630.07,636.82,23817.30548368
1608681600,630.99,638.75,636.73,637.89,11771.9656929
1608685200,625.4,638.52,637.77,626.92,33702.67359203
1608688800,620.8,628.73,626.92,623.3,8114.26372042
1608692400,622.23,626.22,623.17,623.57,5183.87058521
1608696000,616.55,624.62,623.42,617.23,10345.37708976
1608699600,607.99,619.55,617.37,614.88,15149.75336592
1608703200,612.33,617.8,614.7,614.43,5449.84383775
1608706800,607.68,618,614.34,615.83,5461.44231429
1608710400,610.92,620.73,615.77,612.56,4835.35374014
1608714000,608.28,614.62,612.38,612.46,4660.30979036
1608717600,603.12,614.81,612.42,604,8226.97324769
1608721200,592.64,604.05,604.05,601.93,17772.2712089
1608724800,598.3,621.18,601.94,619.93,16283.73312319
1608728400,603.8,622.35,619.79,608.16,11929.3170794
1608732000,605.72,613.26,608.17,612.73,8311.42790319
1608735600,603.04,615.11,612.73,605.78,9655.38166033
1608739200,596.53,610.07,605.73,597.28,14573.47599596
1608742800,596.79,614.58,597.23,609.92,25454.81745378
1608746400,608.54,613.09,610.03,610.8,5586.13248331
1608750000,608.42,612.57,610.8,610.35,6734.11156234
1608753600,604.56,613,610.7,605.74,9755.03262393
1608757200,595.69,606.46,605.64,597.22,15046.37303423
1608760800,551.45,601,597.21,584.43,54585.65157205
1608764400,580.9,594,584.52,585.11,19557.9126156
1608768000,565.61,585.65,585.37,576.31,25900.66757444
1608771600,573.12,587.44,576.39,586.73,15888.8338007
1608775200,573.08,587.25,586.76,574.71,10849.26678415
1608778800,571.5,578.12,574.66,575.23,8003.47032709
1608782400,571.02,580,575.23,578.76,7263.65088403
1608786000,574.61,583,578.76,580.06,5224.82541767
1608789600,571.4,583.48,580.05,573.71,5496.46182464
1608793200,570.35,582.34,573.74,579.95,4392.59173565
1608796800,577.86,585.32,580.43,584.49,3866.16517299
1608800400,580.72,585.35,585.08,585.3,3586.3471895
1608804000,576.98,585.78,585.31,577.04,5352.76013671
1608807600,574.21,583.88,577.01,582.88,4339.65546328
1608811200,577.64,584.9,582.88,582.38,7623.37718451
1608814800,581.03,597.94,582.29,597.12,11534.87424752
1608818400,588.06,599.67,597.61,589.99,9110.03133618
1608822000,589,594.42,590,592.88,6685.80340501
1608825600,586,593.98,592.89,588.32,8271.79590797
1608829200,586.12,595.49,588.33,594.6,8400.10634766
1608832800,592.18,596.86,594.69,594.82,8871.65806365
1608836400,593.03,597.6,594.87,594.86,6868.06355279
1608840000,592.62,605.55,594.86,604.47,6687.93831839
1608843600,603.75,610.1,604.42,605.62,17854.54681858
1608847200,604.43,614.99,605.51,612.88,8200.86348113
1608850800,608.43,614.98,612.8,612.27,13616.85979841
1608854400,608.06,615.9,612.25,612.02,6694.62042663
1608858000,609.55,614.21,611.96,611.68,5020.36901369
1608861600,608.37,612.44,611.71,608.47,4518.99615733
1608865200,604.26,610.28,608.47,605.83,3040.75106412
1608868800,604.56,609.4,605.82,609.03,2556.86610744
1608872400,605.66,610.05,609.03,609.13,2858.47287474
1608876000,605.92,615.27,609.13,613.63,8503.34503382
1608879600,609.56,613.76,613.58,612.71,5803.97878673
1608883200,612.6,620.63,612.74,616.75,6030.70548088
1608886800,616.04,625,616.82,623.12,6015.5231198
1608890400,618.21,626.13,623.13,625.41,6317.8148033
1608894000,623.43,633.97,625.66,629.02,10608.91307758
1608897600,625.03,631.87,629.13,625.03,5879.44373924
1608901200,624.31,628.88,625.03,627.86,6458.17429063
1608904800,614.47,628.94,628.06,618.93,14872.59096298
1608908400,611.83,622.96,618.48,613.3,6077.01604943
1608912000,611.5,623.68,613.13,613.2,17047.35112575
1608915600,606.72,617.15,613.08,615.31,10950.29912205
1608919200,613.31,619.78,615.25,618.01,5463.43716264
1608922800,614.62,621.68,618.33,619.32,4889.44579597
1608926400,615.8,621.21,619.42,620.2,5491.62989713
1608930000,616.28,621.5,620.2,618.59,3461.93338514
1608933600,617.57,622.68,618.61,621.96,4015.13331364
1608937200,620.97,627.8,621.89,626.75,6294.94242307
1608940800,623.45,628.86,626.71,625.12,4958.5151951
1608944400,620.9,630,625.23,627.59,5739.5445439
1608948000,625.01,629.3,627.47,626,5355.12930659
1608951600,625.99,636.71,625.99,633.57,11110.37044923
1608955200,629.76,634,633.43,630,4775.48459842
1608958800,626.24,631.12,630.2,626.68,3548.09164794
1608962400,624.93,629.56,626.62,628.84,2271.95163959
1608966000,622,629.11,628.89,625.22,2601.07175363
1608969600,623.88,631.35,625.08,627.64,2453.27063631
1608973200,619.23,627.62,627.25,622.6,3611.84543443
1608976800,615.22,623.87,622.61,619.01,3856.80926188
1608980400,615.68,623.41,619.02,622.43,2306.27703573
1608984000,619.66,627.33,622.42,624.51,2481.50534957
1608987600,620.19,626.71,624.46,623.1,2290.86205173
1608991200,620.95,633.29,623.1,629.79,11534.83526667
1608994800,626.01,631,629.81,628.52,6413.73441385
1608998400,627.55,649.71,628.43,647.62,33109.55739384
1609002000,641.03,648.88,647.63,643.14,13898.0631654
1609005600,639.36,646.83,643.31,641.66,7137.35747923
1609009200,641.38,646.64,641.71,645.01,6044.89913636
1609012800,641.7,650.29,645.01,648.31,13443.47900288
1609016400,645.1,652.7,648.36,647.21,17964.49445916
1609020000,627.51,647.65,647.2,633.85,17468.94016701
1609023600,631.8,639.25,633.8,636.52,11519.58796485
1609027200,635.01,642,636.85,638.12,7478.14674341
1609030800,637.93,644.01,637.93,641.17,9591.91081301
1609034400,640.06,652,641.21,645.71,12128.94663963
1609038000,640.18,646.66,645.72,643.21,5664.29147811
1609041600,642.1,645,643.27,643.4,3483.43105888
1609045200,642.87,647.18,643.44,645.49,4071.97074575
1609048800,645.77,655.22,645.77,651.33,9511.61671114
1609052400,647.7,653.55,651.35,649.6,6432.75569768
1609056000,642.02,653.39,649.6,643.94,7808.48509982
1609059600,638.87,647.96,644.08,647.02,8043.06458806
1609063200,642.7,647.21,646.89,645.75,3570.1981768
1609066800,625.5,649.58,645.89,638.06,19015.00044677
1609070400,625.01,638.06,638.05,634.01,14883.5663762
1609074000,633.06,647.61,634.01,647.53,11097.88817716
1609077600,645.87,688,647.62,684.1,53402.55836957
1609081200,678.86,698.27,684.1,697.11,45543.39335144
1609084800,685.45,714.99,697.11,695.43,62482.89630645
1609088400,682.08,695.69,695.42,688.92,17426.1834698
1609092000,685.88,694.2,688.93,692.76,10216.69444211
1609095600,691.17,706.75,692.65,705.09,25571.24451299
1609099200,672.32,705.43,705.17,672.52,36235.656653
1609102800,659.67,681.33,672.87,678.32,36892.08497255
1609106400,676.4,687.79,678.2,686.69,10512.69249365
1609110000,680.55,696.75,686.68,684.12,15320.57698807
1609113600,680.9,713.98,684.11,706.9,36177.5776192
1609117200,700.88,717.88,706.9,706.39,35665.48109652
1609120800,698.89,709.33,706.26,705.81,15228.80550355
1609124400,695.51,709.04,705.77,703.4,8869.3228566
1609128000,696.99,709.14,703.36,704.04,9440.70118793
1609131600,702.31,713.5,704.03,713,9015.10351243
1609135200,705.89,715,713,712.71,8988.55879879
1609138800,711.06,738.23,712.43,732.89,23792.59505137
1609142400,723.85,740,732.88,739.39,18849.77856651
1609146000,729.87,739.46,739.15,732.33,11991.93210389
1609149600,719.42,734.37,732,725.93,12713.45419981
1609153200,722.3,732.6,725.93,730.88,6288.85473944
1609156800,720.05,734.78,730.88,724.67,13088.81114768
1609160400,715.03,729.89,724.55,726.85,15166.21934985
1609164000,725.09,739.59,726.89,737.28,15472.39720353
1609167600,725.02,739.55,737.3,728.56,16988.16325695
1609171200,725.79,745,728.54,737.3,23285.78629767
1609174800,735.53,741.89,737.3,738.26,10562.57729581
1609178400,735.44,744.54,738.3,736.38,12587.48682344
1609182000,735.84,747,736.5,743.44,11561.31417595
1609185600,724.05,746.69,743.37,733.26,34597.64215472
1609189200,726.64,734.75,733.27,726.68,10423.41605363
1609192800,713.21,733.66,726.72,726.23,21305.00567005
1609196400,723.39,732.89,725.84,729.7,15885.54578877
1609200000,716.59,739.66,729.65,718.63,21466.33588211
1609203600,705.85,718.76,718.57,717.28,23675.99290356
1609207200,711.67,722.2,717.25,720,10024.46462695
1609210800,697.75,720.09,720,698.97,22349.84336251
1609214400,688,707.77,698.91,704,22770.33999689
1609218000,688,706.65,704,705.96,14375.81994114
1609221600,701.01,711.69,706.13,707.99,9774.6073002
1609225200,701.73,712.22,708.11,708.89,4976.72423895
1609228800,708.74,715.97,708.89,712.75,19700.68250679
1609232400,710.15,727,712.75,721.66,15397.1101976
1609236000,720.88,732.25,721.67,729.14,5002.69150427
1609239600,719.12,733.45,729.14,729.96,7029.8453041
1609243200,725.73,738.9,730.11,728.62,10868.94929346
1609246800,724.55,733.93,728.62,729.22,6730.40879508
1609250400,718.34,730.71,729.08,721.27,8961.64951835
1609254000,713.56,725.73,721.16,718.19,11716.42086002
1609257600,703.72,718.83,718.42,714.13,16430.13870079
1609261200,707.03,720.74,714.02,719.98,13893.44480718
1609264800,718.9,725,719.97,720.67,9969.21732434
1609268400,720.29,731.48,720.92,729.98,7976.0851795
1609272000,720.72,731.71,729.99,728.47,8935.52117227
1609275600,722.07,731.36,728.67,724.94,6466.73447928
1609279200,723.52,729.89,724.92,728.88,6161.78340359
1609282800,724.22,736,729.19,731.76,10433.5904793
1609286400,731.31,746.86,731.79,741.14,16646.03458698
1609290000,734,744,741.12,737.17,9886.94358995
1609293600,733.12,741.62,737.1,740.09,13987.2690613
1609297200,730.71,743.08,740.05,733.51,16158.92304491
1609300800,725,736.38,733.77,730.18,10660.27399237
1609304400,728.1,733.99,730.14,731.28,9924.78729273
1609308000,728.54,739.98,731.27,736.67,7402.9025849
1609311600,732.98,743,736.6,733.01,5420.30841644
1609315200,726.26,737.09,733.01,727.81,7222.02360171
1609318800,717,728.14,728.08,725.43,6582.94007598
1609322400,724.11,732.85,725.67,729.02,3066.84267742
1609326000,720.78,730.05,728.83,725.49,4042.18614838
1609329600,719.52,726.19,725.5,722.87,4221.3036426
1609333200,720.71,729.76,722.86,724.63,5727.59641145
1609336800,724.1,736.13,724.69,734.54,8274.47032678
1609340400,731.17,736.04,734.54,734.11,5680.41081734
1609344000,727.51,738.35,734.17,733.82,10792.52457158
1609347600,730.46,738.05,733.94,736.68,9687.16881723
1609351200,732.75,742.84,736.7,742,10474.42920858
1609354800,740.92,759,742.06,753.63,31383.14475655
1609358400,747.19,755.9,753.76,751.88,13199.83390684
1609362000,743.5,756.19,752.42,748.58,12211.75279103
1609365600,743.02,751.81,748.59,745.33,8574.78962507
1609369200,745.33,754.5,745.33,752.86,7212.35772752
1609372800,745.59,755.9,752.87,745.91,10797.08515076
1609376400,728.5,747.19,745.92,737.9,21480.00188691
1609380000,735.2,742.61,737.82,738.93,8547.25351234
1609383600,736.1,744.67,738.79,743.76,7654.08600433
1609387200,740.2,747.84,743.75,743.2,6768.75245257
1609390800,736.34,743.76,743.22,741.92,5408.43475673
1609394400,741.04,745.19,741.92,742.7,4861.31366016
1609398000,742.79,755,742.79,750.34,9524.85775363
1609401600,742,750.87,750.34,745.57,6774.56617576
1609405200,736.95,748.69,745.72,747.01,5888.94201321
1609408800,745.47,752.99,746.68,751.66,4560.32091453
1609412400,745.16,751.66,751.66,745.66,4994.72179902
1609416000,731,748.17,745.5,735.75,9094.10915172
1609419600,724,737.13,735.61,734.5,17259.13118388
1609423200,724.78,734.76,734.61,731.86,10208.38081466
1609426800,731.21,740.01,731.86,736.75,11769.19644458
1609430400,725.55,737.83,736.94,727.92,12741.7915992
1609434000,727.14,743.69,727.93,737.93,11970.02561931
1609437600,733.96,741.49,738,741.01,9562.90339556
1609441200,738.29,743.14,741.01,739.73,6580.09622532
1609444800,738.86,745.5,739.8,744.99,7118.51904504
1609448400,737.32,747,744.89,739.35,9160.22322401
1609452000,737.25,743.92,739.35,741.7,7767.09357309
1609455600,734.02,743.51,741.69,737.67,7118.45434754
