ts,open_interest,open_interest_value
2024-09-05 10:00:00.000,1124339.00000000,
2024-09-05 11:00:00.000,4120966.00000000,
2024-09-05 12:00:00.000,4275101.00000000,
2024-09-05 13:00:00.000,4659871.00000000,
2024-09-05 14:00:00.000,5050914.00000000,
2024-09-05 15:00:00.000,5477441.00000000,
2024-09-05 16:00:00.000,5712411.00000000,
2024-09-05 17:00:00.000,5738205.00000000,
2024-09-05 18:00:00.000,5883669.00000000,
2024-09-05 19:00:00.000,6003414.00000000,
2024-09-05 20:00:00.000,6098768.00000000,
2024-09-05 21:00:00.000,6092412.00000000,
2024-09-05 22:00:00.000,6287002.00000000,
2024-09-05 23:00:00.000,6699818.00000000,
2024-09-06 00:00:00.000,6844864.00000000,
2024-09-06 01:00:00.000,6863904.00000000,
2024-09-06 02:00:00.000,7142192.00000000,
2024-09-06 03:00:00.000,7292375.00000000,
2024-09-06 04:00:00.000,7431395.00000000,
2024-09-06 05:00:00.000,7777068.00000000,
2024-09-06 06:00:00.000,7953551.00000000,
2024-09-06 07:00:00.000,8046298.00000000,
2024-09-06 08:00:00.000,8278910.00000000,
2024-09-06 09:00:00.000,8483636.00000000,
2024-09-06 10:00:00.000,8663594.00000000,
2024-09-06 11:00:00.000,9191313.00000000,
2024-09-06 12:00:00.000,9234303.00000000,
2024-09-06 13:00:00.000,9363142.00000000,
2024-09-06 14:00:00.000,9150566.00000000,
2024-09-06 15:00:00.000,9458744.00000000,
2024-09-06 16:00:00.000,9789646.00000000,
2024-09-06 17:00:00.000,10273818.00000000,
2024-09-06 18:00:00.000,10536879.00000000,
2024-09-06 19:00:00.000,10149681.00000000,
2024-09-06 20:00:00.000,9951903.00000000,
2024-09-06 21:00:00.000,10364932.00000000,
2024-09-06 22:00:00.000,11041494.00000000,
2024-09-06 23:00:00.000,11225479.00000000,
2024-09-07 00:00:00.000,11218916.00000000,
2024-09-07 01:00:00.000,11238093.00000000,
2024-09-07 02:00:00.000,11480924.00000000,
2024-09-07 03:00:00.000,11492688.00000000,
2024-09-07 04:00:00.000,11566886.00000000,
2024-09-07 05:00:00.000,11642879.00000000,
2024-09-07 06:00:00.000,11598019.00000000,
2024-09-07 07:00:00.000,12008370.00000000,
2024-09-07 08:00:00.000,12338485.00000000,
2024-09-07 09:00:00.000,12611747.00000000,
2024-09-07 10:00:00.000,12459884.00000000,
2024-09-07 11:00:00.000,12448662.00000000,
2024-09-07 12:00:00.000,12530472.00000000,
2024-09-07 13:00:00.000,12629512.00000000,
2024-09-07 14:00:00.000,12764432.00000000,
2024-09-07 15:00:00.000,12781071.00000000,
2024-09-07 16:00:00.000,12948387.00000000,
2024-09-07 17:00:00.000,13372379.00000000,
2024-09-07 18:00:00.000,13265043.00000000,
2024-09-07 19:00:00.000,13470694.00000000,
2024-09-07 20:00:00.000,13440678.00000000,
2024-09-07 21:00:00.000,13251305.00000000,
2024-09-07 22:00:00.000,13309046.00000000,
2024-09-07 23:00:00.000,13380527.00000000,
2024-09-08 00:00:00.000,13270995.00000000,
2024-09-08 01:00:00.000,13654633.00000000,
2024-09-08 02:00:00.000,13706611.00000000,
2024-09-08 03:00:00.000,13913783.00000000,
2024-09-08 04:00:00.000,13859804.00000000,
2024-09-08 05:00:00.000,13978779.00000000,
2024-09-08 06:00:00.000,13888774.00000000,
2024-09-08 07:00:00.000,13919411.00000000,
2024-09-08 08:00:00.000,14011231.00000000,
2024-09-08 09:00:00.000,14003440.00000000,
2024-09-08 10:00:00.000,13869096.00000000,
2024-09-08 11:00:00.000,13998676.00000000,
2024-09-08 12:00:00.000,13805894.00000000,
2024-09-08 13:00:00.000,13530847.00000000,
2024-09-08 14:00:00.000,13828862.00000000,
2024-09-08 15:00:00.000,13826308.00000000,
2024-09-08 16:00:00.000,13690932.00000000,
2024-09-08 17:00:00.000,13455081.00000000,
2024-09-08 18:00:00.000,13527963.00000000,
2024-09-08 19:00:00.000,13637226.00000000,
2024-09-08 20:00:00.000,14022954.00000000,
2024-09-08 21:00:00.000,14126191.00000000,
2024-09-08 22:00:00.000,14209337.00000000,
2024-09-08 23:00:00.000,14118388.00000000,
2024-09-09 00:00:00.000,14144353.00000000,
2024-09-09 01:00:00.000,14069300.00000000,
2024-09-09 02:00:00.000,14026076.00000000,
2024-09-09 03:00:00.000,13656419.00000000,
2024-09-09 04:00:00.000,13703983.00000000,
2024-09-09 05:00:00.000,13649152.00000000,
2024-09-09 06:00:00.000,13585975.00000000,
2024-09-09 07:00:00.000,13448252.00000000,
2024-09-09 08:00:00.000,13399771.00000000,
2024-09-09 09:00:00.000,13624449.00000000,
2024-09-09 10:00:00.000,13666097.00000000,
2024-09-09 11:00:00.000,13856631.00000000,
2024-09-09 12:00:00.000,13752410.00000000,
2024-09-09 13:00:00.000,13648408.00000000,
2024-09-09 14:00:00.000,13706531.00000000,
2024-09-09 15:00:00.000,13408359.00000000,
2024-09-09 16:00:00.000,13301171.00000000,
2024-09-09 17:00:00.000,14390234.00000000,
2024-09-09 18:00:00.000,14529176.00000000,
2024-09-09 19:00:00.000,14647345.00000000,
2024-09-09 20:00:00.000,14394221.00000000,
2024-09-09 21:00:00.000,14272333.00000000,
2024-09-09 22:00:00.000,13518044.00000000,
2024-09-09 23:00:00.000,13714195.00000000,
2024-09-10 00:00:00.000,13702107.00000000,
2024-09-10 01:00:00.000,13205499.00000000,
2024-09-10 02:00:00.000,13418844.00000000,
2024-09-10 03:00:00.000,13339561.00000000,
2024-09-10 04:00:00.000,13336405.00000000,
2024-09-10 05:00:00.000,13417050.00000000,
2024-09-10 06:00:00.000,13532780.00000000,
2024-09-10 07:00:00.000,13392824.00000000,
2024-09-10 08:00:00.000,13446046.00000000,
2024-09-10 09:00:00.000,13566831.00000000,
2024-09-10 10:00:00.000,13720293.00000000,
2024-09-10 11:00:00.000,13760289.00000000,
2024-09-10 12:00:00.000,13911390.00000000,
2024-09-10 13:00:00.000,13944340.00000000,
2024-09-10 14:00:00.000,13831618.00000000,
2024-09-10 15:00:00.000,14054478.00000000,
2024-09-10 16:00:00.000,14068813.00000000,
2024-09-10 17:00:00.000,14245705.00000000,
2024-09-10 18:00:00.000,14874126.00000000,
2024-09-10 19:00:00.000,15595812.00000000,
2024-09-10 20:00:00.000,15887948.00000000,
2024-09-10 21:00:00.000,16444218.00000000,
2024-09-10 22:00:00.000,16138673.00000000,
2024-09-10 23:00:00.000,16249406.00000000,
2024-09-11 00:00:00.000,16574100.00000000,
2024-09-11 01:00:00.000,16579701.00000000,
2024-09-11 02:00:00.000,15984149.00000000,
2024-09-11 03:00:00.000,13803834.00000000,
2024-09-11 04:00:00.000,13721798.00000000,
2024-09-11 05:00:00.000,13428046.00000000,
2024-09-11 06:00:00.000,13735369.00000000,
2024-09-11 07:00:00.000,13790072.00000000,
2024-09-11 08:00:00.000,13935133.00000000,
2024-09-11 09:00:00.000,13940658.00000000,
2024-09-11 10:00:00.000,13958104.00000000,
2024-09-11 11:00:00.000,13936395.00000000,
2024-09-11 12:00:00.000,13813859.00000000,
2024-09-11 13:00:00.000,13966748.00000000,
2024-09-11 14:00:00.000,14043948.00000000,
2024-09-11 15:00:00.000,14244245.00000000,
2024-09-11 16:00:00.000,14337443.00000000,
2024-09-11 17:00:00.000,14191348.00000000,
2024-09-11 18:00:00.000,14833400.00000000,
2024-09-11 19:00:00.000,14876594.00000000,
2024-09-11 20:00:00.000,15286101.00000000,
2024-09-11 21:00:00.000,15090889.00000000,
2024-09-11 22:00:00.000,15070492.00000000,
2024-09-11 23:00:00.000,15203750.00000000,
2024-09-12 00:00:00.000,15155919.00000000,
2024-09-12 01:00:00.000,15250249.00000000,
2024-09-12 02:00:00.000,15395491.00000000,
2024-09-12 03:00:00.000,15185645.00000000,
2024-09-12 04:00:00.000,15178519.00000000,
2024-09-12 05:00:00.000,15040384.00000000,
2024-09-12 06:00:00.000,14997630.00000000,
2024-09-12 07:00:00.000,14920781.00000000,
2024-09-12 08:00:00.000,15063189.00000000,
2024-09-12 09:00:00.000,15087428.00000000,
2024-09-12 10:00:00.000,15268967.00000000,
2024-09-12 11:00:00.000,15551199.00000000,
2024-09-12 12:00:00.000,15909840.00000000,
2024-09-12 13:00:00.000,16573291.00000000,
2024-09-12 14:00:00.000,16458819.00000000,
2024-09-12 15:00:00.000,16541346.00000000,
2024-09-12 16:00:00.000,15967460.00000000,
2024-09-12 17:00:00.000,16246477.00000000,
2024-09-12 18:00:00.000,16335812.00000000,
2024-09-12 19:00:00.000,16482360.00000000,
2024-09-12 20:00:00.000,16456384.00000000,
2024-09-12 21:00:00.000,16548753.00000000,
2024-09-12 22:00:00.000,16636805.00000000,
2024-09-12 23:00:00.000,16672209.00000000,
2024-09-13 00:00:00.000,16495222.00000000,
2024-09-13 01:00:00.000,16545773.00000000,
2024-09-13 02:00:00.000,16400667.00000000,
2024-09-13 03:00:00.000,16297549.00000000,
2024-09-13 04:00:00.000,16361858.00000000,
2024-09-13 05:00:00.000,16223137.00000000,
2024-09-13 06:00:00.000,16585779.00000000,
2024-09-13 07:00:00.000,16304958.00000000,
2024-09-13 08:00:00.000,17023476.00000000,
2024-09-13 09:00:00.000,17055939.00000000,
2024-09-13 10:00:00.000,17095318.00000000,
2024-09-13 11:00:00.000,20262012.00000000,
2024-09-13 12:00:00.000,21043265.00000000,
2024-09-13 13:00:00.000,22540296.00000000,
2024-09-13 14:00:00.000,23078473.00000000,
2024-09-13 15:00:00.000,24753679.00000000,
2024-09-13 16:00:00.000,23366216.00000000,
2024-09-13 17:00:00.000,23298704.00000000,
2024-09-13 18:00:00.000,23819309.00000000,
2024-09-13 19:00:00.000,25197809.00000000,
2024-09-13 20:00:00.000,25549590.00000000,
2024-09-13 21:00:00.000,25587427.00000000,
2024-09-13 22:00:00.000,25911072.00000000,
2024-09-13 23:00:00.000,26888720.00000000,
2024-09-14 00:00:00.000,24623339.00000000,
2024-09-14 01:00:00.000,25096315.00000000,
2024-09-14 02:00:00.000,24389127.00000000,
2024-09-14 03:00:00.000,24444249.00000000,
2024-09-14 04:00:00.000,25244050.00000000,
2024-09-14 05:00:00.000,25253899.00000000,
2024-09-14 06:00:00.000,24964922.00000000,
2024-09-14 07:00:00.000,24735283.00000000,
2024-09-14 08:00:00.000,24791999.00000000,
2024-09-14 09:00:00.000,25102131.00000000,
2024-09-14 10:00:00.000,26523274.00000000,
2024-09-14 11:00:00.000,26462936.00000000,
2024-09-14 12:00:00.000,27050479.00000000,
2024-09-14 13:00:00.000,27241109.00000000,
2024-09-14 14:00:00.000,27172457.00000000,
2024-09-14 15:00:00.000,27385495.00000000,
2024-09-14 16:00:00.000,27384802.00000000,
2024-09-14 17:00:00.000,27509267.00000000,
2024-09-14 18:00:00.000,27928470.00000000,
2024-09-14 19:00:00.000,27985215.00000000,
2024-09-14 20:00:00.000,26701614.00000000,
2024-09-14 21:00:00.000,26390757.00000000,
2024-09-14 22:00:00.000,26210482.00000000,
2024-09-14 23:00:00.000,26242926.00000000,
2024-09-15 00:00:00.000,26381194.00000000,
2024-09-15 01:00:00.000,26992576.00000000,
2024-09-15 02:00:00.000,27411912.00000000,
2024-09-15 03:00:00.000,27288561.00000000,
2024-09-15 04:00:00.000,27348087.00000000,
2024-09-15 05:00:00.000,27570699.00000000,
2024-09-15 06:00:00.000,27974796.00000000,
2024-09-15 07:00:00.000,28289198.00000000,
2024-09-15 08:00:00.000,28553871.00000000,
2024-09-15 09:00:00.000,27418236.00000000,
2024-09-15 10:00:00.000,27264816.00000000,
2024-09-15 11:00:00.000,27398758.00000000,
2024-09-15 12:00:00.000,27275357.00000000,
2024-09-15 13:00:00.000,27393666.00000000,
2024-09-15 14:00:00.000,27329485.00000000,
2024-09-15 15:00:00.000,27012929.00000000,
2024-09-15 16:00:00.000,27314605.00000000,
2024-09-15 17:00:00.000,25843034.00000000,
2024-09-15 18:00:00.000,25611774.00000000,
2024-09-15 19:00:00.000,24984328.00000000,
2024-09-15 20:00:00.000,24527506.00000000,
2024-09-15 21:00:00.000,24266587.00000000,
2024-09-15 22:00:00.000,24317794.00000000,
2024-09-15 23:00:00.000,24560293.00000000,
2024-09-16 00:00:00.000,24347391.00000000,
2024-09-16 01:00:00.000,24136683.00000000,
2024-09-16 02:00:00.000,23861522.00000000,
2024-09-16 03:00:00.000,23787256.00000000,
2024-09-16 04:00:00.000,24155152.00000000,
2024-09-16 05:00:00.000,24406219.00000000,
2024-09-16 06:00:00.000,24346661.00000000,
2024-09-16 07:00:00.000,24362386.00000000,
2024-09-16 08:00:00.000,24156875.00000000,
2024-09-16 09:00:00.000,24481059.00000000,
2024-09-16 10:00:00.000,24467919.00000000,
2024-09-16 11:00:00.000,24337981.00000000,
2024-09-16 12:00:00.000,24174773.00000000,
2024-09-16 13:00:00.000,24110210.00000000,
2024-09-16 14:00:00.000,24475829.00000000,
2024-09-16 15:00:00.000,25093865.00000000,
2024-09-16 16:00:00.000,25009012.00000000,
2024-09-16 17:00:00.000,24994471.00000000,
2024-09-16 18:00:00.000,25482251.00000000,
2024-09-16 19:00:00.000,25256103.00000000,
2024-09-16 20:00:00.000,25151743.00000000,
2024-09-16 21:00:00.000,25081546.00000000,
2024-09-16 22:00:00.000,25186924.00000000,
2024-09-16 23:00:00.000,25102434.00000000,
2024-09-17 00:00:00.000,25107848.00000000,
2024-09-17 01:00:00.000,25043588.00000000,
2024-09-17 02:00:00.000,25135207.00000000,
2024-09-17 03:00:00.000,25059028.00000000,
2024-09-17 04:00:00.000,25208499.00000000,
2024-09-17 05:00:00.000,25292626.00000000,
2024-09-17 06:00:00.000,24915214.00000000,
2024-09-17 07:00:00.000,24722034.00000000,
2024-09-17 08:00:00.000,24664748.00000000,
2024-09-17 09:00:00.000,24781807.00000000,
2024-09-17 10:00:00.000,24789531.00000000,
2024-09-17 11:00:00.000,24786777.00000000,
2024-09-17 12:00:00.000,24778016.00000000,
2024-09-17 13:00:00.000,24595099.00000000,
2024-09-17 14:00:00.000,24475304.00000000,
2024-09-17 15:00:00.000,24312148.00000000,
2024-09-17 16:00:00.000,24270124.00000000,
2024-09-17 17:00:00.000,23892265.00000000,
2024-09-17 18:00:00.000,23800424.00000000,
2024-09-17 19:00:00.000,23611367.00000000,
2024-09-17 20:00:00.000,23553443.00000000,
2024-09-17 21:00:00.000,23436032.00000000,
2024-09-17 22:00:00.000,23629491.00000000,
2024-09-17 23:00:00.000,23768055.00000000,
2024-09-18 00:00:00.000,23787532.00000000,
2024-09-18 01:00:00.000,23487854.00000000,
2024-09-18 02:00:00.000,23554871.00000000,
2024-09-18 03:00:00.000,24075475.00000000,
2024-09-18 04:00:00.000,24344812.00000000,
2024-09-18 05:00:00.000,24329015.00000000,
2024-09-18 06:00:00.000,24466920.00000000,
2024-09-18 07:00:00.000,24667683.00000000,
2024-09-18 08:00:00.000,24848695.00000000,
2024-09-18 09:00:00.000,24522865.00000000,
2024-09-18 10:00:00.000,24184370.00000000,
2024-09-18 11:00:00.000,24554993.00000000,
2024-09-18 12:00:00.000,24722496.00000000,
2024-09-18 13:00:00.000,25131787.00000000,
2024-09-18 14:00:00.000,24907132.00000000,
2024-09-18 15:00:00.000,25234006.00000000,
2024-09-18 16:00:00.000,25404530.00000000,
2024-09-18 17:00:00.000,26001833.00000000,
2024-09-18 18:00:00.000,25806026.00000000,
2024-09-18 19:00:00.000,27179057.00000000,
2024-09-18 20:00:00.000,26454661.00000000,
2024-09-18 21:00:00.000,26467849.00000000,
2024-09-18 22:00:00.000,26469143.00000000,
2024-09-18 23:00:00.000,26473061.00000000,
2024-09-19 00:00:00.000,26512356.00000000,
2024-09-19 01:00:00.000,26544656.00000000,
2024-09-19 02:00:00.000,26301128.00000000,
2024-09-19 03:00:00.000,26545876.00000000,
2024-09-19 04:00:00.000,26659391.00000000,
2024-09-19 05:00:00.000,26574400.00000000,
2024-09-19 06:00:00.000,26699302.00000000,
2024-09-19 07:00:00.000,26926112.00000000,
2024-09-19 08:00:00.000,26858589.00000000,
2024-09-19 09:00:00.000,26482428.00000000,
2024-09-19 10:00:00.000,26331588.00000000,
2024-09-19 11:00:00.000,26486828.00000000,
2024-09-19 12:00:00.000,26713356.00000000,
2024-09-19 13:00:00.000,26717759.00000000,
2024-09-19 14:00:00.000,27449412.00000000,
2024-09-19 15:00:00.000,27317451.00000000,
2024-09-19 16:00:00.000,27407929.00000000,
2024-09-19 17:00:00.000,27537849.00000000,
2024-09-19 18:00:00.000,27406782.00000000,
2024-09-19 19:00:00.000,27060858.00000000,
2024-09-19 20:00:00.000,26755913.00000000,
2024-09-19 21:00:00.000,26180974.00000000,
2024-09-19 22:00:00.000,25828280.00000000,
2024-09-19 23:00:00.000,25724067.00000000,
2024-09-20 00:00:00.000,25652741.00000000,
2024-09-20 01:00:00.000,25372512.00000000,
2024-09-20 02:00:00.000,25331531.00000000,
2024-09-20 03:00:00.000,25546323.00000000,
2024-09-20 04:00:00.000,25530658.00000000,
2024-09-20 05:00:00.000,25759845.00000000,
2024-09-20 06:00:00.000,25990694.00000000,
2024-09-20 07:00:00.000,26172144.00000000,
2024-09-20 08:00:00.000,26241094.00000000,
2024-09-20 09:00:00.000,26374709.00000000,
2024-09-20 10:00:00.000,26255653.00000000,
2024-09-20 11:00:00.000,26222677.00000000,
2024-09-20 12:00:00.000,25713428.00000000,
2024-09-20 13:00:00.000,25380089.00000000,
2024-09-20 14:00:00.000,24766289.00000000,
2024-09-20 15:00:00.000,25377965.00000000,
2024-09-20 16:00:00.000,25418838.00000000,
2024-09-20 17:00:00.000,25327838.00000000,
2024-09-20 18:00:00.000,25356074.00000000,
2024-09-20 19:00:00.000,25455318.00000000,
2024-09-20 20:00:00.000,25552043.00000000,
2024-09-20 21:00:00.000,25572089.00000000,
2024-09-20 22:00:00.000,25907784.00000000,
2024-09-20 23:00:00.000,26113275.00000000,
2024-09-21 00:00:00.000,26165733.00000000,
2024-09-21 01:00:00.000,26044531.00000000,
2024-09-21 02:00:00.000,25898910.00000000,
2024-09-21 03:00:00.000,25783050.00000000,
2024-09-21 04:00:00.000,25688052.00000000,
2024-09-21 05:00:00.000,25554913.00000000,
2024-09-21 06:00:00.000,25637244.00000000,
2024-09-21 07:00:00.000,25668572.00000000,
2024-09-21 08:00:00.000,25679122.00000000,
2024-09-21 09:00:00.000,25640260.00000000,
2024-09-21 10:00:00.000,25602418.00000000,
2024-09-21 11:00:00.000,25610368.00000000,
2024-09-21 12:00:00.000,25684124.00000000,
2024-09-21 13:00:00.000,26082215.00000000,
2024-09-21 14:00:00.000,26255737.00000000,
2024-09-21 15:00:00.000,26389256.00000000,
2024-09-21 16:00:00.000,26332959.00000000,
2024-09-21 17:00:00.000,26591504.00000000,
2024-09-21 18:00:00.000,26706294.00000000,
2024-09-21 19:00:00.000,26586272.00000000,
2024-09-21 20:00:00.000,26588253.00000000,
2024-09-21 21:00:00.000,26589267.00000000,
2024-09-21 22:00:00.000,26272198.00000000,
2024-09-21 23:00:00.000,26382584.00000000,
2024-09-22 00:00:00.000,26691423.00000000,
2024-09-22 01:00:00.000,27106607.00000000,
2024-09-22 02:00:00.000,27453539.00000000,
2024-09-22 03:00:00.000,27207087.00000000,
2024-09-22 04:00:00.000,27381273.00000000,
2024-09-22 05:00:00.000,27352891.00000000,
2024-09-22 06:00:00.000,27290184.00000000,
2024-09-22 07:00:00.000,27016415.00000000,
2024-09-22 08:00:00.000,27334146.00000000,
2024-09-22 09:00:00.000,27727524.00000000,
2024-09-22 10:00:00.000,27861151.00000000,
2024-09-22 11:00:00.000,28122613.00000000,
2024-09-22 12:00:00.000,28721470.00000000,
2024-09-22 13:00:00.000,28640706.00000000,
2024-09-22 14:00:00.000,28500086.00000000,
2024-09-22 15:00:00.000,28665179.00000000,
2024-09-22 16:00:00.000,28681847.00000000,
2024-09-22 17:00:00.000,28701742.00000000,
2024-09-22 18:00:00.000,28923120.00000000,
2024-09-22 19:00:00.000,28737985.00000000,
2024-09-22 20:00:00.000,28674390.00000000,
2024-09-22 21:00:00.000,28584437.00000000,
2024-09-22 22:00:00.000,28354675.00000000,
2024-09-22 23:00:00.000,28182163.00000000,
2024-09-23 00:00:00.000,28207881.00000000,
2024-09-23 01:00:00.000,28525579.00000000,
2024-09-23 02:00:00.000,28625767.00000000,
2024-09-23 03:00:00.000,28355699.00000000,
2024-09-23 04:00:00.000,28512447.00000000,
2024-09-23 05:00:00.000,28515703.00000000,
2024-09-23 06:00:00.000,28784015.00000000,
2024-09-23 07:00:00.000,28951619.00000000,
2024-09-23 08:00:00.000,28555997.00000000,
2024-09-23 09:00:00.000,28600881.00000000,
2024-09-23 10:00:00.000,28867127.00000000,
2024-09-23 11:00:00.000,29195138.00000000,
2024-09-23 12:00:00.000,29245705.00000000,
2024-09-23 13:00:00.000,29295083.00000000,
2024-09-23 14:00:00.000,29131080.00000000,
2024-09-23 15:00:00.000,32248885.00000000,
2024-09-23 16:00:00.000,32594008.00000000,
2024-09-23 17:00:00.000,32717271.00000000,
2024-09-23 18:00:00.000,32853673.00000000,
2024-09-23 19:00:00.000,32968289.00000000,
2024-09-23 20:00:00.000,33238950.00000000,
2024-09-23 21:00:00.000,33288626.00000000,
2024-09-23 22:00:00.000,34328248.00000000,
2024-09-23 23:00:00.000,34243169.00000000,
2024-09-24 00:00:00.000,34773028.00000000,
2024-09-24 01:00:00.000,34244496.00000000,
2024-09-24 02:00:00.000,33552941.00000000,
2024-09-24 03:00:00.000,33743414.00000000,
2024-09-24 04:00:00.000,33881392.00000000,
2024-09-24 05:00:00.000,33939052.00000000,
2024-09-24 06:00:00.000,34260573.00000000,
2024-09-24 07:00:00.000,34554048.00000000,
2024-09-24 08:00:00.000,34548475.00000000,
2024-09-24 09:00:00.000,34923265.00000000,
2024-09-24 10:00:00.000,35358970.00000000,
2024-09-24 11:00:00.000,35859100.00000000,
2024-09-24 12:00:00.000,35143879.00000000,
2024-09-24 13:00:00.000,35042075.00000000,
2024-09-24 14:00:00.000,35151940.00000000,
2024-09-24 15:00:00.000,34382856.00000000,
2024-09-24 16:00:00.000,34502257.00000000,
2024-09-24 17:00:00.000,33897572.00000000,
2024-09-24 18:00:00.000,34134695.00000000,
2024-09-24 19:00:00.000,34501327.00000000,
2024-09-24 20:00:00.000,34926457.00000000,
2024-09-24 21:00:00.000,35079084.00000000,
2024-09-24 22:00:00.000,35101739.00000000,
2024-09-24 23:00:00.000,34710954.00000000,
2024-09-25 00:00:00.000,34724215.00000000,
2024-09-25 01:00:00.000,35010276.00000000,
2024-09-25 02:00:00.000,34938008.00000000,
2024-09-25 03:00:00.000,34712054.00000000,
2024-09-25 04:00:00.000,34710100.00000000,
2024-09-25 05:00:00.000,34131054.00000000,
2024-09-25 06:00:00.000,33863488.00000000,
2024-09-25 07:00:00.000,33086459.00000000,
2024-09-25 08:00:00.000,32960320.00000000,
2024-09-25 09:00:00.000,33106474.00000000,
2024-09-25 10:00:00.000,32904861.00000000,
2024-09-25 11:00:00.000,32961344.00000000,
2024-09-25 12:00:00.000,33441524.00000000,
2024-09-25 13:00:00.000,33864142.00000000,
2024-09-25 14:00:00.000,34083204.00000000,
2024-09-25 15:00:00.000,35353367.00000000,
2024-09-25 16:00:00.000,35174678.00000000,
2024-09-25 17:00:00.000,35457487.00000000,
2024-09-25 18:00:00.000,34464803.00000000,
2024-09-25 19:00:00.000,34701872.00000000,
2024-09-25 20:00:00.000,34482001.00000000,
2024-09-25 21:00:00.000,34652374.00000000,
2024-09-25 22:00:00.000,34661021.00000000,
2024-09-25 23:00:00.000,34833043.00000000,
2024-09-26 00:00:00.000,33885282.00000000,
2024-09-26 01:00:00.000,32843911.00000000,
2024-09-26 02:00:00.000,32976544.00000000,
2024-09-26 03:00:00.000,33880389.00000000,
2024-09-26 04:00:00.000,34019107.00000000,
2024-09-26 05:00:00.000,33767914.00000000,
2024-09-26 06:00:00.000,34179495.00000000,
2024-09-26 07:00:00.000,34769779.00000000,
2024-09-26 08:00:00.000,34254857.00000000,
2024-09-26 09:00:00.000,34325975.00000000,
2024-09-26 10:00:00.000,34836253.00000000,
2024-09-26 11:00:00.000,33283339.00000000,
2024-09-26 12:00:00.000,32510827.00000000,
2024-09-26 13:00:00.000,33680701.00000000,
2024-09-26 14:00:00.000,33606814.00000000,
2024-09-26 15:00:00.000,34440458.00000000,
2024-09-26 16:00:00.000,34223737.00000000,
2024-09-26 17:00:00.000,34554463.00000000,
2024-09-26 18:00:00.000,34824986.00000000,
2024-09-26 19:00:00.000,35031687.00000000,
2024-09-26 20:00:00.000,34852771.00000000,
2024-09-26 21:00:00.000,34351535.00000000,
2024-09-26 22:00:00.000,34340969.00000000,
2024-09-26 23:00:00.000,34389678.00000000,
2024-09-27 00:00:00.000,34409219.00000000,
2024-09-27 01:00:00.000,34489123.00000000,
2024-09-27 02:00:00.000,34532082.00000000,
2024-09-27 03:00:00.000,34396363.00000000,
2024-09-27 04:00:00.000,34676849.00000000,
2024-09-27 05:00:00.000,34873961.00000000,
2024-09-27 06:00:00.000,34675566.00000000,
2024-09-27 07:00:00.000,34113435.00000000,
2024-09-27 08:00:00.000,33713445.00000000,
2024-09-27 09:00:00.000,32681910.00000000,
2024-09-27 10:00:00.000,32211514.00000000,
2024-09-27 11:00:00.000,32068675.00000000,
2024-09-27 12:00:00.000,32040265.00000000,
2024-09-27 13:00:00.000,32630448.00000000,
2024-09-27 14:00:00.000,32221579.00000000,
2024-09-27 15:00:00.000,32337824.00000000,
2024-09-27 16:00:00.000,33015638.00000000,
2024-09-27 17:00:00.000,33548487.00000000,
2024-09-27 18:00:00.000,33231607.00000000,
2024-09-27 19:00:00.000,33148105.00000000,
2024-09-27 20:00:00.000,33053012.00000000,
2024-09-27 21:00:00.000,32975346.00000000,
2024-09-27 22:00:00.000,32741637.00000000,
2024-09-27 23:00:00.000,32893821.00000000,
2024-09-28 00:00:00.000,33153410.00000000,
2024-09-28 01:00:00.000,34769454.00000000,
2024-09-28 02:00:00.000,34500321.00000000,
2024-09-28 03:00:00.000,34350919.00000000,
2024-09-28 04:00:00.000,34338843.00000000,
2024-09-28 05:00:00.000,34194669.00000000,
2024-09-28 06:00:00.000,33812287.00000000,
2024-09-28 07:00:00.000,33375418.00000000,
2024-09-28 08:00:00.000,33488451.00000000,
2024-09-28 09:00:00.000,34436111.00000000,
2024-09-28 10:00:00.000,34551523.00000000,
2024-09-28 11:00:00.000,34995931.00000000,
2024-09-28 12:00:00.000,34967531.00000000,
2024-09-28 13:00:00.000,34752586.00000000,
2024-09-28 14:00:00.000,34634260.00000000,
2024-09-28 15:00:00.000,34719229.00000000,
2024-09-28 16:00:00.000,34508753.00000000,
2024-09-28 17:00:00.000,34381873.00000000,
2024-09-28 18:00:00.000,34372668.00000000,
2024-09-28 19:00:00.000,34754448.00000000,
2024-09-28 20:00:00.000,34853530.00000000,
2024-09-28 21:00:00.000,34847903.00000000,
2024-09-28 22:00:00.000,34253481.00000000,
2024-09-28 23:00:00.000,34375875.00000000,
2024-09-29 00:00:00.000,34403704.00000000,
2024-09-29 01:00:00.000,34404648.00000000,
2024-09-29 02:00:00.000,34336934.00000000,
2024-09-29 03:00:00.000,34362326.00000000,
2024-09-29 04:00:00.000,34465485.00000000,
2024-09-29 05:00:00.000,34488870.00000000,
2024-09-29 06:00:00.000,35579364.00000000,
2024-09-29 07:00:00.000,35761184.00000000,
2024-09-29 08:00:00.000,35477714.00000000,
2024-09-29 09:00:00.000,36123579.00000000,
2024-09-29 10:00:00.000,36617380.00000000,
2024-09-29 11:00:00.000,36028012.00000000,
2024-09-29 12:00:00.000,36039132.00000000,
2024-09-29 13:00:00.000,35512810.00000000,
2024-09-29 14:00:00.000,35313565.00000000,
2024-09-29 15:00:00.000,35359239.00000000,
2024-09-29 16:00:00.000,35428105.00000000,
2024-09-29 17:00:00.000,35272068.00000000,
2024-09-29 18:00:00.000,35418092.00000000,
2024-09-29 19:00:00.000,35572417.00000000,
2024-09-29 20:00:00.000,35860409.00000000,
2024-09-29 21:00:00.000,35652474.00000000,
2024-09-29 22:00:00.000,35694509.00000000,
2024-09-29 23:00:00.000,35532228.00000000,
2024-09-30 00:00:00.000,35515980.00000000,
2024-09-30 01:00:00.000,32278397.00000000,
2024-09-30 02:00:00.000,32002722.00000000,
2024-09-30 03:00:00.000,31287746.00000000,
2024-09-30 04:00:00.000,31047780.00000000,
2024-09-30 05:00:00.000,30266985.00000000,
2024-09-30 06:00:00.000,30563989.00000000,
2024-09-30 07:00:00.000,30526327.00000000,
2024-09-30 08:00:00.000,30738201.00000000,
2024-09-30 09:00:00.000,30766086.00000000,
2024-09-30 10:00:00.000,30467974.00000000,
2024-09-30 11:00:00.000,31832997.00000000,
2024-09-30 12:00:00.000,32543860.00000000,
2024-09-30 13:00:00.000,32463496.00000000,
2024-09-30 14:00:00.000,32691695.00000000,
2024-09-30 15:00:00.000,32647679.00000000,
2024-09-30 16:00:00.000,31729070.00000000,
2024-09-30 17:00:00.000,31939066.00000000,
2024-09-30 18:00:00.000,31824917.00000000,
2024-09-30 19:00:00.000,31728626.00000000,
2024-09-30 20:00:00.000,31876237.00000000,
2024-09-30 21:00:00.000,32162478.00000000,
2024-09-30 22:00:00.000,31985581.00000000,
2024-09-30 23:00:00.000,31706768.00000000,
2024-10-01 00:00:00.000,31490512.00000000,
2024-10-01 01:00:00.000,30634859.00000000,
2024-10-01 02:00:00.000,30722060.00000000,
2024-10-01 03:00:00.000,30605153.00000000,
2024-10-01 04:00:00.000,30940766.00000000,
2024-10-01 05:00:00.000,30639035.00000000,
2024-10-01 06:00:00.000,30552494.00000000,
2024-10-01 07:00:00.000,30473453.00000000,
2024-10-01 08:00:00.000,30383821.00000000,
2024-10-01 09:00:00.000,30261231.00000000,
2024-10-01 10:00:00.000,30315599.00000000,
2024-10-01 11:00:00.000,30278760.00000000,
2024-10-01 12:00:00.000,30581788.00000000,
2024-10-01 13:00:00.000,30351474.00000000,
2024-10-01 14:00:00.000,30467504.00000000,
2024-10-01 15:00:00.000,30559832.00000000,
2024-10-01 16:00:00.000,29729225.00000000,
2024-10-01 17:00:00.000,29886093.00000000,
2024-10-01 18:00:00.000,28957596.00000000,
2024-10-01 19:00:00.000,28815263.00000000,
2024-10-01 20:00:00.000,28938945.00000000,
2024-10-01 21:00:00.000,29218281.00000000,
2024-10-01 22:00:00.000,29372015.00000000,
2024-10-01 23:00:00.000,29499713.00000000,
2024-10-02 00:00:00.000,29665181.00000000,
2024-10-02 01:00:00.000,29608213.00000000,
2024-10-02 02:00:00.000,29563877.00000000,
2024-10-02 03:00:00.000,29429144.00000000,
2024-10-02 04:00:00.000,29275418.00000000,
2024-10-02 05:00:00.000,29496933.00000000,
2024-10-02 06:00:00.000,29502431.00000000,
2024-10-02 07:00:00.000,29525525.00000000,
2024-10-02 08:00:00.000,29711901.00000000,
2024-10-02 09:00:00.000,29436652.00000000,
2024-10-02 10:00:00.000,29446652.00000000,
2024-10-02 11:00:00.000,29519654.00000000,
2024-10-02 12:00:00.000,29756761.00000000,
2024-10-02 13:00:00.000,29743192.00000000,
2024-10-02 14:00:00.000,29734483.00000000,
2024-10-02 15:00:00.000,29773792.00000000,
2024-10-02 16:00:00.000,29945980.00000000,
2024-10-02 17:00:00.000,29821662.00000000,
2024-10-02 18:00:00.000,29389096.00000000,
2024-10-02 19:00:00.000,29413481.00000000,
2024-10-02 20:00:00.000,29480307.00000000,
2024-10-02 21:00:00.000,29586995.00000000,
2024-10-02 22:00:00.000,29769702.00000000,
2024-10-02 23:00:00.000,29522343.00000000,
2024-10-03 00:00:00.000,29598927.00000000,
2024-10-03 01:00:00.000,29619207.00000000,
2024-10-03 02:00:00.000,29710409.00000000,
2024-10-03 03:00:00.000,29645612.00000000,
2024-10-03 04:00:00.000,29706598.00000000,
2024-10-03 05:00:00.000,29704845.00000000,
2024-10-03 06:00:00.000,29856277.00000000,
2024-10-03 07:00:00.000,30069563.00000000,
2024-10-03 08:00:00.000,29860537.00000000,
2024-10-03 09:00:00.000,30608127.00000000,
2024-10-03 10:00:00.000,30938490.00000000,
2024-10-03 11:00:00.000,31120598.00000000,
2024-10-03 12:00:00.000,31424103.00000000,
2024-10-03 13:00:00.000,31842852.00000000,
2024-10-03 14:00:00.000,31870326.00000000,
2024-10-03 15:00:00.000,31651092.00000000,
2024-10-03 16:00:00.000,31737349.00000000,
2024-10-03 17:00:00.000,31515251.00000000,
2024-10-03 18:00:00.000,31402066.00000000,
2024-10-03 19:00:00.000,31567969.00000000,
2024-10-03 20:00:00.000,31636970.00000000,
2024-10-03 21:00:00.000,31580698.00000000,
2024-10-03 22:00:00.000,31735154.00000000,
2024-10-03 23:00:00.000,31829918.00000000,
2024-10-04 00:00:00.000,31705254.00000000,
2024-10-04 01:00:00.000,31747354.00000000,
2024-10-04 02:00:00.000,31414883.00000000,
2024-10-04 03:00:00.000,31554033.00000000,
2024-10-04 04:00:00.000,31358799.00000000,
2024-10-04 05:00:00.000,31316211.00000000,
2024-10-04 06:00:00.000,31329427.00000000,
2024-10-04 07:00:00.000,31123503.00000000,
2024-10-04 08:00:00.000,31057580.00000000,
2024-10-04 09:00:00.000,30705062.00000000,
2024-10-04 10:00:00.000,30872963.00000000,
2024-10-04 11:00:00.000,31021567.00000000,
2024-10-04 12:00:00.000,30972504.00000000,
2024-10-04 13:00:00.000,30908530.00000000,
2024-10-04 14:00:00.000,30810291.00000000,
2024-10-04 15:00:00.000,31042977.00000000,
2024-10-04 16:00:00.000,30964231.00000000,
2024-10-04 17:00:00.000,30617144.00000000,
2024-10-04 18:00:00.000,30578426.00000000,
2024-10-04 19:00:00.000,30816810.00000000,
2024-10-04 20:00:00.000,30914668.00000000,
2024-10-04 21:00:00.000,30774996.00000000,
2024-10-04 22:00:00.000,30791808.00000000,
2024-10-04 23:00:00.000,30762896.00000000,
2024-10-05 00:00:00.000,30792371.00000000,
2024-10-05 01:00:00.000,30932695.00000000,
2024-10-05 02:00:00.000,30932070.00000000,
2024-10-05 03:00:00.000,30800996.00000000,
2024-10-05 04:00:00.000,30895195.00000000,
2024-10-05 05:00:00.000,30910938.00000000,
2024-10-05 06:00:00.000,31093751.00000000,
2024-10-05 07:00:00.000,31252470.00000000,
2024-10-05 08:00:00.000,31161541.00000000,
2024-10-05 09:00:00.000,31189774.00000000,
2024-10-05 10:00:00.000,31427807.00000000,
2024-10-05 11:00:00.000,31327170.00000000,
2024-10-05 12:00:00.000,31381369.00000000,
2024-10-05 13:00:00.000,31445119.00000000,
2024-10-05 14:00:00.000,31542306.00000000,
2024-10-05 15:00:00.000,31317049.00000000,
2024-10-05 16:00:00.000,31423247.00000000,
2024-10-05 17:00:00.000,31439799.00000000,
2024-10-05 18:00:00.000,31431407.00000000,
2024-10-05 19:00:00.000,31450246.00000000,
2024-10-05 20:00:00.000,31525391.00000000,
2024-10-05 21:00:00.000,31709430.00000000,
2024-10-05 22:00:00.000,31749759.00000000,
2024-10-05 23:00:00.000,31689998.00000000,
2024-10-06 00:00:00.000,31725243.00000000,
2024-10-06 01:00:00.000,31592917.00000000,
2024-10-06 02:00:00.000,31796558.00000000,
2024-10-06 03:00:00.000,31772326.00000000,
2024-10-06 04:00:00.000,31747933.00000000,
2024-10-06 05:00:00.000,31865417.00000000,
2024-10-06 06:00:00.000,31984437.00000000,
2024-10-06 07:00:00.000,32008830.00000000,
2024-10-06 08:00:00.000,32012298.00000000,
2024-10-06 09:00:00.000,32065042.00000000,
2024-10-06 10:00:00.000,32117067.00000000,
2024-10-06 11:00:00.000,32040985.00000000,
2024-10-06 12:00:00.000,32022848.00000000,
2024-10-06 13:00:00.000,31986008.00000000,
2024-10-06 14:00:00.000,32026671.00000000,
2024-10-06 15:00:00.000,32371751.00000000,
2024-10-06 16:00:00.000,32323724.00000000,
2024-10-06 17:00:00.000,32025960.00000000,
2024-10-06 18:00:00.000,32155270.00000000,
2024-10-06 19:00:00.000,32286169.00000000,
2024-10-06 20:00:00.000,32125355.00000000,
2024-10-06 21:00:00.000,32054961.00000000,
2024-10-06 22:00:00.000,32091912.00000000,
2024-10-06 23:00:00.000,32065145.00000000,
2024-10-07 00:00:00.000,32271547.00000000,
2024-10-07 01:00:00.000,31902588.00000000,
2024-10-07 02:00:00.000,31749452.00000000,
2024-10-07 03:00:00.000,31738384.00000000,
2024-10-07 04:00:00.000,31636377.00000000,
2024-10-07 05:00:00.000,31700292.00000000,
2024-10-07 06:00:00.000,31845215.00000000,
2024-10-07 07:00:00.000,31991702.00000000,
2024-10-07 08:00:00.000,31956159.00000000,
2024-10-07 09:00:00.000,31717847.00000000,
2024-10-07 10:00:00.000,31463211.00000000,
2024-10-07 11:00:00.000,31437162.00000000,
2024-10-07 12:00:00.000,31454286.00000000,
2024-10-07 13:00:00.000,31443643.00000000,
2024-10-07 14:00:00.000,31610385.00000000,
2024-10-07 15:00:00.000,31854621.00000000,
2024-10-07 16:00:00.000,31991643.00000000,
2024-10-07 17:00:00.000,31965019.00000000,
2024-10-07 18:00:00.000,31967154.00000000,
2024-10-07 19:00:00.000,31776732.00000000,
2024-10-07 20:00:00.000,32053156.00000000,
2024-10-07 21:00:00.000,32046483.00000000,
2024-10-07 22:00:00.000,32105129.00000000,
2024-10-07 23:00:00.000,31720109.00000000,
2024-10-08 00:00:00.000,32184225.00000000,
2024-10-08 01:00:00.000,32288475.00000000,
2024-10-08 02:00:00.000,32220854.00000000,
2024-10-08 03:00:00.000,32242142.00000000,
2024-10-08 04:00:00.000,32413224.00000000,
2024-10-08 05:00:00.000,32560738.00000000,
2024-10-08 06:00:00.000,32588049.00000000,
2024-10-08 07:00:00.000,32677524.00000000,
2024-10-08 08:00:00.000,32897740.00000000,
2024-10-08 09:00:00.000,32958149.00000000,
2024-10-08 10:00:00.000,32847718.00000000,
2024-10-08 11:00:00.000,33078473.00000000,
2024-10-08 12:00:00.000,33120728.00000000,
2024-10-08 13:00:00.000,33200207.00000000,
2024-10-08 14:00:00.000,33152213.00000000,
2024-10-08 15:00:00.000,33283956.00000000,
2024-10-08 16:00:00.000,33356922.00000000,
2024-10-08 17:00:00.000,33755548.00000000,
2024-10-08 18:00:00.000,33752171.00000000,
2024-10-08 19:00:00.000,33997499.00000000,
2024-10-08 20:00:00.000,33788357.00000000,
2024-10-08 21:00:00.000,33750778.00000000,
2024-10-08 22:00:00.000,33820282.00000000,
2024-10-08 23:00:00.000,33695913.00000000,
2024-10-09 00:00:00.000,33737186.00000000,
2024-10-09 01:00:00.000,33826130.00000000,
2024-10-09 02:00:00.000,33852774.00000000,
2024-10-09 03:00:00.000,33876563.00000000,
2024-10-09 04:00:00.000,33873962.00000000,
2024-10-09 05:00:00.000,33915270.00000000,
2024-10-09 06:00:00.000,33962253.00000000,
2024-10-09 07:00:00.000,33950869.00000000,
2024-10-09 08:00:00.000,34024158.00000000,
2024-10-09 09:00:00.000,34019732.00000000,
2024-10-09 10:00:00.000,33859226.00000000,
2024-10-09 11:00:00.000,33793533.00000000,
2024-10-09 12:00:00.000,33764507.00000000,
2024-10-09 13:00:00.000,33689183.00000000,
2024-10-09 14:00:00.000,33662861.00000000,
2024-10-09 15:00:00.000,33504085.00000000,
2024-10-09 16:00:00.000,34161510.00000000,
2024-10-09 17:00:00.000,34128346.00000000,
2024-10-09 18:00:00.000,34041782.00000000,
2024-10-09 19:00:00.000,33172969.00000000,
2024-10-09 20:00:00.000,33738031.00000000,
2024-10-09 21:00:00.000,32797215.00000000,
2024-10-09 22:00:00.000,36570760.00000000,
2024-10-09 23:00:00.000,36629954.00000000,
2024-10-10 00:00:00.000,36718898.00000000,
2024-10-10 01:00:00.000,36844452.00000000,
2024-10-10 02:00:00.000,36727792.00000000,
2024-10-10 03:00:00.000,37074989.00000000,
2024-10-10 04:00:00.000,37074251.00000000,
2024-10-10 05:00:00.000,34495458.00000000,
2024-10-10 06:00:00.000,34394709.00000000,
2024-10-10 07:00:00.000,34240558.00000000,
2024-10-10 08:00:00.000,33989447.00000000,
2024-10-10 09:00:00.000,33566303.00000000,
2024-10-10 10:00:00.000,33611835.00000000,
2024-10-10 11:00:00.000,33794094.00000000,
2024-10-10 12:00:00.000,33813460.00000000,
2024-10-10 13:00:00.000,33928528.00000000,
2024-10-10 14:00:00.000,33961269.00000000,
2024-10-10 15:00:00.000,34116781.00000000,
2024-10-10 16:00:00.000,34426996.00000000,
2024-10-10 17:00:00.000,34344769.00000000,
2024-10-10 18:00:00.000,34549840.00000000,
2024-10-10 19:00:00.000,34689428.00000000,
2024-10-10 20:00:00.000,34565252.00000000,
2024-10-10 21:00:00.000,34321015.00000000,
2024-10-10 22:00:00.000,34305057.00000000,
2024-10-10 23:00:00.000,34403132.00000000,
2024-10-11 00:00:00.000,34459785.00000000,
2024-10-11 01:00:00.000,34342903.00000000,
2024-10-11 02:00:00.000,34597705.00000000,
2024-10-11 03:00:00.000,34661969.00000000,
2024-10-11 04:00:00.000,34753434.00000000,
2024-10-11 05:00:00.000,34776575.00000000,
2024-10-11 06:00:00.000,34930174.00000000,
2024-10-11 07:00:00.000,34847019.00000000,
2024-10-11 08:00:00.000,34648994.00000000,
2024-10-11 09:00:00.000,34772734.00000000,
2024-10-11 10:00:00.000,34810672.00000000,
2024-10-11 11:00:00.000,34693023.00000000,
2024-10-11 12:00:00.000,34854344.00000000,
2024-10-11 13:00:00.000,34952691.00000000,
2024-10-11 14:00:00.000,35436739.00000000,
2024-10-11 15:00:00.000,35260190.00000000,
2024-10-11 16:00:00.000,35089767.00000000,
2024-10-11 17:00:00.000,35345582.00000000,
2024-10-11 18:00:00.000,35238770.00000000,
2024-10-11 19:00:00.000,35095742.00000000,
2024-10-11 20:00:00.000,35039381.00000000,
2024-10-11 21:00:00.000,35145376.00000000,
2024-10-11 22:00:00.000,35176045.00000000,
2024-10-11 23:00:00.000,35090342.00000000,
2024-10-12 00:00:00.000,35166172.00000000,
2024-10-12 01:00:00.000,35151867.00000000,
2024-10-12 02:00:00.000,35184380.00000000,
2024-10-12 03:00:00.000,35150362.00000000,
2024-10-12 04:00:00.000,35285197.00000000,
2024-10-12 05:00:00.000,35109144.00000000,
2024-10-12 06:00:00.000,35202173.00000000,
2024-10-12 07:00:00.000,35216524.00000000,
2024-10-12 08:00:00.000,34999071.00000000,
2024-10-12 09:00:00.000,34926372.00000000,
2024-10-12 10:00:00.000,35237837.00000000,
2024-10-12 11:00:00.000,35365749.00000000,
2024-10-12 12:00:00.000,35381195.00000000,
2024-10-12 13:00:00.000,35431535.00000000,
2024-10-12 14:00:00.000,35473773.00000000,
2024-10-12 15:00:00.000,36025700.00000000,
2024-10-12 16:00:00.000,35265752.00000000,
2024-10-12 17:00:00.000,35522978.00000000,
2024-10-12 18:00:00.000,35567534.00000000,
2024-10-12 19:00:00.000,35832544.00000000,
2024-10-12 20:00:00.000,35967608.00000000,
2024-10-12 21:00:00.000,36062651.00000000,
2024-10-12 22:00:00.000,36100608.00000000,
2024-10-12 23:00:00.000,36081879.00000000,
2024-10-13 00:00:00.000,36210327.00000000,
2024-10-13 01:00:00.000,36389261.00000000,
2024-10-13 02:00:00.000,35771365.00000000,
2024-10-13 03:00:00.000,35578135.00000000,
2024-10-13 04:00:00.000,35307593.00000000,
2024-10-13 05:00:00.000,35545146.00000000,
2024-10-13 06:00:00.000,35611076.00000000,
2024-10-13 07:00:00.000,35618880.00000000,
2024-10-13 08:00:00.000,35584423.00000000,
2024-10-13 09:00:00.000,35602603.00000000,
2024-10-13 10:00:00.000,35764801.00000000,
2024-10-13 11:00:00.000,35792031.00000000,
2024-10-13 12:00:00.000,35600462.00000000,
2024-10-13 13:00:00.000,35786067.00000000,
2024-10-13 14:00:00.000,35982620.00000000,
2024-10-13 15:00:00.000,35428391.00000000,
2024-10-13 16:00:00.000,35896634.00000000,
2024-10-13 17:00:00.000,36325325.00000000,
2024-10-13 18:00:00.000,36356341.00000000,
2024-10-13 19:00:00.000,36454696.00000000,
2024-10-13 20:00:00.000,36958654.00000000,
2024-10-13 21:00:00.000,36924882.00000000,
2024-10-13 22:00:00.000,37089410.00000000,
2024-10-13 23:00:00.000,37911382.00000000,
2024-10-14 00:00:00.000,38159656.00000000,
2024-10-14 01:00:00.000,38561336.00000000,
2024-10-14 02:00:00.000,38379937.00000000,
2024-10-14 03:00:00.000,38576924.00000000,
2024-10-14 04:00:00.000,37992984.00000000,
2024-10-14 05:00:00.000,38151701.00000000,
2024-10-14 06:00:00.000,37926804.00000000,
2024-10-14 07:00:00.000,38320016.00000000,
2024-10-14 08:00:00.000,38367269.00000000,
2024-10-14 09:00:00.000,37922128.00000000,
2024-10-14 10:00:00.000,37868838.00000000,
2024-10-14 11:00:00.000,38318342.00000000,
2024-10-14 12:00:00.000,38295976.00000000,
2024-10-14 13:00:00.000,38428674.00000000,
2024-10-14 14:00:00.000,38848940.00000000,
2024-10-14 15:00:00.000,39482611.00000000,
2024-10-14 16:00:00.000,39560844.00000000,
2024-10-14 17:00:00.000,39194624.00000000,
2024-10-14 18:00:00.000,38971500.00000000,
2024-10-14 19:00:00.000,38864110.00000000,
2024-10-14 20:00:00.000,38762722.00000000,
2024-10-14 21:00:00.000,39029897.00000000,
2024-10-14 22:00:00.000,38217709.00000000,
2024-10-14 23:00:00.000,38595656.00000000,
2024-10-15 00:00:00.000,38429919.00000000,
2024-10-15 01:00:00.000,39246416.00000000,
2024-10-15 02:00:00.000,39856789.00000000,
2024-10-15 03:00:00.000,40133941.00000000,
2024-10-15 04:00:00.000,39694294.00000000,
2024-10-15 05:00:00.000,39592916.00000000,
2024-10-15 06:00:00.000,39366821.00000000,
2024-10-15 07:00:00.000,38661788.00000000,
2024-10-15 08:00:00.000,39013632.00000000,
2024-10-15 09:00:00.000,39221881.00000000,
2024-10-15 10:00:00.000,38494837.00000000,
2024-10-15 11:00:00.000,38623196.00000000,
2024-10-15 12:00:00.000,37583336.00000000,
2024-10-15 13:00:00.000,38324292.00000000,
2024-10-15 14:00:00.000,40380390.00000000,
2024-10-15 15:00:00.000,39594688.00000000,
2024-10-15 16:00:00.000,40672170.00000000,
2024-10-15 17:00:00.000,40280194.00000000,
2024-10-15 18:00:00.000,40380934.00000000,
2024-10-15 19:00:00.000,40455759.00000000,
2024-10-15 20:00:00.000,40197551.00000000,
2024-10-15 21:00:00.000,39920798.00000000,
2024-10-15 22:00:00.000,40011571.00000000,
2024-10-15 23:00:00.000,39749640.00000000,
2024-10-16 00:00:00.000,39670348.00000000,
2024-10-16 01:00:00.000,39409002.00000000,
2024-10-16 02:00:00.000,39016949.00000000,
2024-10-16 03:00:00.000,39276726.00000000,
2024-10-16 04:00:00.000,39085900.00000000,
2024-10-16 05:00:00.000,39011486.00000000,
2024-10-16 06:00:00.000,39306306.00000000,
2024-10-16 07:00:00.000,39574627.00000000,
2024-10-16 08:00:00.000,39199065.00000000,
2024-10-16 09:00:00.000,39585438.00000000,
2024-10-16 10:00:00.000,40041102.00000000,
2024-10-16 11:00:00.000,40622726.00000000,
2024-10-16 12:00:00.000,40584076.00000000,
2024-10-16 13:00:00.000,40088204.00000000,
2024-10-16 14:00:00.000,39650825.00000000,
2024-10-16 15:00:00.000,39589684.00000000,
2024-10-16 16:00:00.000,39311301.00000000,
2024-10-16 17:00:00.000,39268204.00000000,
2024-10-16 18:00:00.000,39570625.00000000,
2024-10-16 19:00:00.000,39659397.00000000,
2024-10-16 20:00:00.000,39742905.00000000,
2024-10-16 21:00:00.000,40096172.00000000,
2024-10-16 22:00:00.000,39889433.00000000,
2024-10-16 23:00:00.000,39903925.00000000,
2024-10-17 00:00:00.000,39985851.00000000,
2024-10-17 01:00:00.000,40020045.00000000,
2024-10-17 02:00:00.000,39887309.00000000,
2024-10-17 03:00:00.000,39953465.00000000,
2024-10-17 04:00:00.000,40051483.00000000,
2024-10-17 05:00:00.000,40033251.00000000,
2024-10-17 06:00:00.000,40036601.00000000,
2024-10-17 07:00:00.000,40346662.00000000,
2024-10-17 08:00:00.000,39955376.00000000,
2024-10-17 09:00:00.000,39979000.00000000,
2024-10-17 10:00:00.000,40066560.00000000,
2024-10-17 11:00:00.000,39451094.00000000,
2024-10-17 12:00:00.000,39870937.00000000,
2024-10-17 13:00:00.000,40158508.00000000,
2024-10-17 14:00:00.000,40149735.00000000,
2024-10-17 15:00:00.000,40134742.00000000,
2024-10-17 16:00:00.000,40075944.00000000,
2024-10-17 17:00:00.000,40164110.00000000,
2024-10-17 18:00:00.000,40913230.00000000,
2024-10-17 19:00:00.000,41021303.00000000,
2024-10-17 20:00:00.000,41064025.00000000,
2024-10-17 21:00:00.000,40903720.00000000,
2024-10-17 22:00:00.000,40594118.00000000,
2024-10-17 23:00:00.000,40943236.00000000,
2024-10-18 00:00:00.000,40981532.00000000,
2024-10-18 01:00:00.000,41009151.00000000,
2024-10-18 02:00:00.000,41066498.00000000,
2024-10-18 03:00:00.000,40894198.00000000,
2024-10-18 04:00:00.000,40814444.00000000,
2024-10-18 05:00:00.000,40876236.00000000,
2024-10-18 06:00:00.000,41441964.00000000,
2024-10-18 07:00:00.000,41580766.00000000,
2024-10-18 08:00:00.000,41837690.00000000,
2024-10-18 09:00:00.000,41848090.00000000,
2024-10-18 10:00:00.000,41874745.00000000,
2024-10-18 11:00:00.000,41890116.00000000,
2024-10-18 12:00:00.000,41230181.00000000,
2024-10-18 13:00:00.000,41305030.00000000,
2024-10-18 14:00:00.000,41385823.00000000,
2024-10-18 15:00:00.000,41955487.00000000,
2024-10-18 16:00:00.000,42335923.00000000,
2024-10-18 17:00:00.000,42458809.00000000,
2024-10-18 18:00:00.000,42562943.00000000,
2024-10-18 19:00:00.000,42910456.00000000,
2024-10-18 20:00:00.000,42812147.00000000,
2024-10-18 21:00:00.000,42700240.00000000,
2024-10-18 22:00:00.000,42768906.00000000,
2024-10-18 23:00:00.000,42711130.00000000,
2024-10-19 00:00:00.000,43036880.00000000,
2024-10-19 01:00:00.000,43073419.00000000,
2024-10-19 02:00:00.000,43226556.00000000,
2024-10-19 03:00:00.000,43159394.00000000,
2024-10-19 04:00:00.000,43060894.00000000,
2024-10-19 05:00:00.000,43106856.00000000,
2024-10-19 06:00:00.000,43582690.00000000,
2024-10-19 07:00:00.000,43428385.00000000,
2024-10-19 08:00:00.000,43949397.00000000,
2024-10-19 09:00:00.000,43658965.00000000,
2024-10-19 10:00:00.000,43970963.00000000,
2024-10-19 11:00:00.000,43817828.00000000,
2024-10-19 12:00:00.000,42937197.00000000,
2024-10-19 13:00:00.000,42692222.00000000,
2024-10-19 14:00:00.000,42809474.00000000,
2024-10-19 15:00:00.000,42858145.00000000,
2024-10-19 16:00:00.000,42888425.00000000,
2024-10-19 17:00:00.000,42898966.00000000,
2024-10-19 18:00:00.000,43296564.00000000,
2024-10-19 19:00:00.000,43271048.00000000,
2024-10-19 20:00:00.000,43241264.00000000,
2024-10-19 21:00:00.000,43206847.00000000,
2024-10-19 22:00:00.000,43234985.00000000,
2024-10-19 23:00:00.000,43291804.00000000,
2024-10-20 00:00:00.000,43427079.00000000,
2024-10-20 01:00:00.000,44193048.00000000,
2024-10-20 02:00:00.000,44077679.00000000,
2024-10-20 03:00:00.000,43215012.00000000,
2024-10-20 04:00:00.000,43495376.00000000,
2024-10-20 05:00:00.000,43319821.00000000,
2024-10-20 06:00:00.000,43608745.00000000,
2024-10-20 07:00:00.000,43765560.00000000,
2024-10-20 08:00:00.000,43649693.00000000,
2024-10-20 09:00:00.000,43952545.00000000,
2024-10-20 10:00:00.000,44211841.00000000,
2024-10-20 11:00:00.000,44608081.00000000,
2024-10-20 12:00:00.000,44947161.00000000,
2024-10-20 13:00:00.000,45153161.00000000,
2024-10-20 14:00:00.000,46076067.00000000,
2024-10-20 15:00:00.000,45784682.00000000,
2024-10-20 16:00:00.000,45218748.00000000,
2024-10-20 17:00:00.000,44803829.00000000,
2024-10-20 18:00:00.000,44342777.00000000,
2024-10-20 19:00:00.000,44111045.00000000,
2024-10-20 20:00:00.000,43889168.00000000,
2024-10-20 21:00:00.000,43981102.00000000,
2024-10-20 22:00:00.000,44009878.00000000,
2024-10-20 23:00:00.000,44279747.00000000,
2024-10-21 00:00:00.000,44224936.00000000,
2024-10-21 01:00:00.000,44778476.00000000,
2024-10-21 02:00:00.000,44583454.00000000,
2024-10-21 03:00:00.000,44288591.00000000,
2024-10-21 04:00:00.000,44238755.00000000,
2024-10-21 05:00:00.000,44437073.00000000,
2024-10-21 06:00:00.000,44626031.00000000,
2024-10-21 07:00:00.000,44072194.00000000,
2024-10-21 08:00:00.000,43831297.00000000,
2024-10-21 09:00:00.000,44065280.00000000,
2024-10-21 10:00:00.000,43256746.00000000,
2024-10-21 11:00:00.000,43707969.00000000,
2024-10-21 12:00:00.000,43926227.00000000,
2024-10-21 13:00:00.000,43769205.00000000,
2024-10-21 14:00:00.000,42622999.00000000,
2024-10-21 15:00:00.000,42663037.00000000,
2024-10-21 16:00:00.000,42519492.00000000,
2024-10-21 17:00:00.000,42261971.00000000,
2024-10-21 18:00:00.000,42203604.00000000,
2024-10-21 19:00:00.000,42569441.00000000,
2024-10-21 20:00:00.000,42685937.00000000,
2024-10-21 21:00:00.000,42921720.00000000,
2024-10-21 22:00:00.000,42853323.00000000,
2024-10-21 23:00:00.000,43102926.00000000,
2024-10-22 00:00:00.000,42849813.00000000,
2024-10-22 01:00:00.000,43077209.00000000,
2024-10-22 02:00:00.000,42926602.00000000,
2024-10-22 03:00:00.000,42696358.00000000,
2024-10-22 04:00:00.000,42835060.00000000,
2024-10-22 05:00:00.000,42695231.00000000,
2024-10-22 06:00:00.000,42849179.00000000,
2024-10-22 07:00:00.000,42850106.00000000,
2024-10-22 08:00:00.000,42721053.00000000,
2024-10-22 09:00:00.000,41372375.00000000,
2024-10-22 10:00:00.000,41523407.00000000,
2024-10-22 11:00:00.000,41994003.00000000,
2024-10-22 12:00:00.000,41946351.00000000,
2024-10-22 13:00:00.000,41874195.00000000,
2024-10-22 14:00:00.000,41903925.00000000,
2024-10-22 15:00:00.000,42301506.00000000,
2024-10-22 16:00:00.000,42253107.00000000,
2024-10-22 17:00:00.000,42189016.00000000,
2024-10-22 18:00:00.000,42639476.00000000,
2024-10-22 19:00:00.000,42455037.00000000,
2024-10-22 20:00:00.000,42746712.00000000,
2024-10-22 21:00:00.000,43502317.00000000,
2024-10-22 22:00:00.000,45595245.00000000,
2024-10-22 23:00:00.000,45549142.00000000,
2024-10-23 00:00:00.000,45578111.00000000,
2024-10-23 01:00:00.000,45566322.00000000,
2024-10-23 02:00:00.000,45616794.00000000,
2024-10-23 03:00:00.000,45898582.00000000,
2024-10-23 04:00:00.000,45880243.00000000,
2024-10-23 05:00:00.000,45674883.00000000,
2024-10-23 06:00:00.000,45698096.00000000,
2024-10-23 07:00:00.000,45943858.00000000,
2024-10-23 08:00:00.000,45464051.00000000,
2024-10-23 09:00:00.000,44687965.00000000,
2024-10-23 10:00:00.000,45132676.00000000,
2024-10-23 11:00:00.000,45308740.00000000,
2024-10-23 12:00:00.000,45247286.00000000,
2024-10-23 13:00:00.000,44956790.00000000,
2024-10-23 14:00:00.000,45326071.00000000,
2024-10-23 15:00:00.000,45459403.00000000,
2024-10-23 16:00:00.000,45527624.00000000,
2024-10-23 17:00:00.000,44991694.00000000,
2024-10-23 18:00:00.000,45649647.00000000,
2024-10-23 19:00:00.000,46419006.00000000,
2024-10-23 20:00:00.000,46391516.00000000,
2024-10-23 21:00:00.000,46366230.00000000,
2024-10-23 22:00:00.000,46218835.00000000,
2024-10-23 23:00:00.000,46043629.00000000,
2024-10-24 00:00:00.000,46264499.00000000,
2024-10-24 01:00:00.000,45920134.00000000,
2024-10-24 02:00:00.000,46190727.00000000,
2024-10-24 03:00:00.000,45991555.00000000,
2024-10-24 04:00:00.000,46362590.00000000,
2024-10-24 05:00:00.000,46330804.00000000,
2024-10-24 06:00:00.000,46235548.00000000,
2024-10-24 07:00:00.000,46430194.00000000,
2024-10-24 08:00:00.000,46185875.00000000,
2024-10-24 09:00:00.000,46384156.00000000,
2024-10-24 10:00:00.000,46029448.00000000,
2024-10-24 11:00:00.000,46118387.00000000,
2024-10-24 12:00:00.000,46333582.00000000,
2024-10-24 13:00:00.000,46880394.00000000,
2024-10-24 14:00:00.000,47270106.00000000,
2024-10-24 15:00:00.000,47079739.00000000,
2024-10-24 16:00:00.000,47412817.00000000,
2024-10-24 17:00:00.000,46852588.00000000,
2024-10-24 18:00:00.000,46740234.00000000,
2024-10-24 19:00:00.000,46785136.00000000,
2024-10-24 20:00:00.000,47055182.00000000,
2024-10-24 21:00:00.000,47029409.00000000,
2024-10-24 22:00:00.000,47018450.00000000,
2024-10-24 23:00:00.000,46906322.00000000,
2024-10-25 00:00:00.000,47145412.00000000,
2024-10-25 01:00:00.000,46915174.00000000,
2024-10-25 02:00:00.000,47126856.00000000,
2024-10-25 03:00:00.000,47185295.00000000,
2024-10-25 04:00:00.000,47098089.00000000,
2024-10-25 05:00:00.000,46703064.00000000,
2024-10-25 06:00:00.000,47759246.00000000,
2024-10-25 07:00:00.000,48152553.00000000,
2024-10-25 08:00:00.000,47472302.00000000,
2024-10-25 09:00:00.000,47600930.00000000,
2024-10-25 10:00:00.000,47858983.00000000,
2024-10-25 11:00:00.000,48026021.00000000,
2024-10-25 12:00:00.000,47402261.00000000,
2024-10-25 13:00:00.000,47702932.00000000,
2024-10-25 14:00:00.000,47818340.00000000,
2024-10-25 15:00:00.000,48095746.00000000,
2024-10-25 16:00:00.000,47345207.00000000,
2024-10-25 17:00:00.000,46794845.00000000,
2024-10-25 18:00:00.000,46341491.00000000,
2024-10-25 19:00:00.000,47780729.00000000,
2024-10-25 20:00:00.000,47773197.00000000,
2024-10-25 21:00:00.000,47172466.00000000,
2024-10-25 22:00:00.000,46860001.00000000,
2024-10-25 23:00:00.000,46089362.00000000,
2024-10-26 00:00:00.000,43460548.00000000,
2024-10-26 01:00:00.000,42635547.00000000,
2024-10-26 02:00:00.000,42257444.00000000,
2024-10-26 03:00:00.000,42108256.00000000,
2024-10-26 04:00:00.000,42053743.00000000,
2024-10-26 05:00:00.000,42282731.00000000,
2024-10-26 06:00:00.000,42915501.00000000,
2024-10-26 07:00:00.000,42738655.00000000,
2024-10-26 08:00:00.000,42552226.00000000,
2024-10-26 09:00:00.000,42637759.00000000,
2024-10-26 10:00:00.000,42662884.00000000,
2024-10-26 11:00:00.000,42940510.00000000,
2024-10-26 12:00:00.000,43005695.00000000,
2024-10-26 13:00:00.000,42701269.00000000,
2024-10-26 14:00:00.000,42648963.00000000,
2024-10-26 15:00:00.000,42314950.00000000,
2024-10-26 16:00:00.000,42237177.00000000,
2024-10-26 17:00:00.000,42689866.00000000,
2024-10-26 18:00:00.000,42589990.00000000,
2024-10-26 19:00:00.000,42414939.00000000,
2024-10-26 20:00:00.000,42289255.00000000,
2024-10-26 21:00:00.000,42134287.00000000,
2024-10-26 22:00:00.000,41835139.00000000,
2024-10-26 23:00:00.000,41981538.00000000,
2024-10-27 00:00:00.000,41686506.00000000,
2024-10-27 01:00:00.000,41363692.00000000,
2024-10-27 02:00:00.000,41284825.00000000,
2024-10-27 03:00:00.000,41160375.00000000,
2024-10-27 04:00:00.000,41239418.00000000,
2024-10-27 05:00:00.000,41220760.00000000,
2024-10-27 06:00:00.000,41330980.00000000,
2024-10-27 07:00:00.000,41336731.00000000,
2024-10-27 08:00:00.000,41400568.00000000,
2024-10-27 09:00:00.000,41590328.00000000,
2024-10-27 10:00:00.000,42030141.00000000,
2024-10-27 11:00:00.000,41474693.00000000,
2024-10-27 12:00:00.000,41653055.00000000,
2024-10-27 13:00:00.000,41877984.00000000,
2024-10-27 14:00:00.000,41911159.00000000,
2024-10-27 15:00:00.000,41750099.00000000,
2024-10-27 16:00:00.000,41897773.00000000,
2024-10-27 17:00:00.000,42054257.00000000,
2024-10-27 18:00:00.000,41806941.00000000,
2024-10-27 19:00:00.000,41727443.00000000,
2024-10-27 20:00:00.000,42029696.00000000,
2024-10-27 21:00:00.000,41965047.00000000,
2024-10-27 22:00:00.000,42059008.00000000,
2024-10-27 23:00:00.000,42446002.00000000,
2024-10-28 00:00:00.000,41974795.00000000,
2024-10-28 01:00:00.000,41740601.00000000,
2024-10-28 02:00:00.000,42468973.00000000,
2024-10-28 03:00:00.000,42483938.00000000,
2024-10-28 04:00:00.000,41306402.00000000,
2024-10-28 05:00:00.000,41621962.00000000,
2024-10-28 06:00:00.000,41381698.00000000,
2024-10-28 07:00:00.000,41535997.00000000,
2024-10-28 08:00:00.000,42080484.00000000,
2024-10-28 09:00:00.000,41506838.00000000,
2024-10-28 10:00:00.000,41675412.00000000,
2024-10-28 11:00:00.000,41339202.00000000,
2024-10-28 12:00:00.000,41997680.00000000,
2024-10-28 13:00:00.000,41870919.00000000,
2024-10-28 14:00:00.000,41805842.00000000,
2024-10-28 15:00:00.000,41710714.00000000,
2024-10-28 16:00:00.000,42185409.00000000,
2024-10-28 17:00:00.000,41382380.00000000,
2024-10-28 18:00:00.000,42452146.00000000,
2024-10-28 19:00:00.000,42784103.00000000,
2024-10-28 20:00:00.000,43103506.00000000,
2024-10-28 21:00:00.000,43082987.00000000,
2024-10-28 22:00:00.000,43183632.00000000,
2024-10-28 23:00:00.000,42956236.00000000,
2024-10-29 00:00:00.000,42785801.00000000,
2024-10-29 01:00:00.000,42843945.00000000,
2024-10-29 02:00:00.000,42887916.00000000,
2024-10-29 03:00:00.000,43001659.00000000,
2024-10-29 04:00:00.000,43021372.00000000,
2024-10-29 05:00:00.000,42314149.00000000,
2024-10-29 06:00:00.000,42456247.00000000,
2024-10-29 07:00:00.000,46293967.00000000,
2024-10-29 08:00:00.000,45666389.00000000,
2024-10-29 09:00:00.000,44013239.00000000,
2024-10-29 10:00:00.000,44446815.00000000,
2024-10-29 11:00:00.000,45173915.00000000,
2024-10-29 12:00:00.000,45472252.00000000,
2024-10-29 13:00:00.000,45111147.00000000,
2024-10-29 14:00:00.000,45335836.00000000,
2024-10-29 15:00:00.000,45702951.00000000,
2024-10-29 16:00:00.000,45678905.00000000,
2024-10-29 17:00:00.000,45802990.00000000,
2024-10-29 18:00:00.000,45886546.00000000,
2024-10-29 19:00:00.000,46183650.00000000,
2024-10-29 20:00:00.000,44971976.00000000,
2024-10-29 21:00:00.000,45238363.00000000,
2024-10-29 22:00:00.000,45237291.00000000,
2024-10-29 23:00:00.000,45422522.00000000,
2024-10-30 00:00:00.000,44492926.00000000,
2024-10-30 01:00:00.000,45424878.00000000,
2024-10-30 02:00:00.000,45013168.00000000,
2024-10-30 03:00:00.000,45008188.00000000,
2024-10-30 04:00:00.000,45068032.00000000,
2024-10-30 05:00:00.000,45293584.00000000,
2024-10-30 06:00:00.000,45250725.00000000,
2024-10-30 07:00:00.000,44854406.00000000,
2024-10-30 08:00:00.000,44935860.00000000,
2024-10-30 09:00:00.000,44879797.00000000,
2024-10-30 10:00:00.000,44696844.00000000,
2024-10-30 11:00:00.000,44564605.00000000,
2024-10-30 12:00:00.000,43683476.00000000,
2024-10-30 13:00:00.000,43820690.00000000,
2024-10-30 14:00:00.000,43579299.00000000,
2024-10-30 15:00:00.000,44118934.00000000,
2024-10-30 16:00:00.000,43329627.00000000,
2024-10-30 17:00:00.000,43535385.00000000,
2024-10-30 18:00:00.000,43313937.00000000,
2024-10-30 19:00:00.000,43568221.00000000,
2024-10-30 20:00:00.000,43681426.00000000,
2024-10-30 21:00:00.000,43882313.00000000,
2024-10-30 22:00:00.000,43757825.00000000,
2024-10-30 23:00:00.000,43739035.00000000,
2024-10-31 00:00:00.000,44162875.00000000,
2024-10-31 01:00:00.000,44699290.00000000,
2024-10-31 02:00:00.000,43985697.00000000,
2024-10-31 03:00:00.000,45070764.00000000,
2024-10-31 04:00:00.000,45352437.00000000,
2024-10-31 05:00:00.000,45373788.00000000,
2024-10-31 06:00:00.000,45396470.00000000,
2024-10-31 07:00:00.000,44296529.00000000,
2024-10-31 08:00:00.000,44017440.00000000,
2024-10-31 09:00:00.000,43912845.00000000,
2024-10-31 10:00:00.000,44113958.00000000,
2024-10-31 11:00:00.000,44319124.00000000,
2024-10-31 12:00:00.000,44307664.00000000,
2024-10-31 13:00:00.000,44276737.00000000,
2024-10-31 14:00:00.000,43843532.00000000,
2024-10-31 15:00:00.000,42386950.00000000,
2024-10-31 16:00:00.000,42620379.00000000,
2024-10-31 17:00:00.000,42003372.00000000,
2024-10-31 18:00:00.000,42182025.00000000,
2024-10-31 19:00:00.000,41691913.00000000,
2024-10-31 20:00:00.000,41855996.00000000,
2024-10-31 21:00:00.000,41970142.00000000,
2024-10-31 22:00:00.000,41435380.00000000,
2024-10-31 23:00:00.000,41506766.00000000,
2024-11-01 00:00:00.000,41568843.00000000,
2024-11-01 01:00:00.000,41772551.00000000,
2024-11-01 02:00:00.000,41941849.00000000,
2024-11-01 03:00:00.000,41818619.00000000,
2024-11-01 04:00:00.000,41861780.00000000,
2024-11-01 05:00:00.000,41827444.00000000,
2024-11-01 06:00:00.000,41935534.00000000,
2024-11-01 07:00:00.000,41864992.00000000,
2024-11-01 08:00:00.000,43091584.00000000,
2024-11-01 09:00:00.000,43102652.00000000,
2024-11-01 10:00:00.000,42998298.00000000,
2024-11-01 11:00:00.000,42814824.00000000,
2024-11-01 12:00:00.000,42929004.00000000,
2024-11-01 13:00:00.000,42718882.00000000,
2024-11-01 14:00:00.000,42682253.00000000,
2024-11-01 15:00:00.000,42461491.00000000,
2024-11-01 16:00:00.000,42693133.00000000,
2024-11-01 17:00:00.000,42451429.00000000,
2024-11-01 18:00:00.000,42475505.00000000,
2024-11-01 19:00:00.000,42506728.00000000,
2024-11-01 20:00:00.000,42341718.00000000,
2024-11-01 21:00:00.000,42391906.00000000,
2024-11-01 22:00:00.000,42073802.00000000,
2024-11-01 23:00:00.000,42756467.00000000,
2024-11-02 00:00:00.000,42847269.00000000,
2024-11-02 01:00:00.000,43248979.00000000,
2024-11-02 02:00:00.000,43299521.00000000,
2024-11-02 03:00:00.000,43117370.00000000,
2024-11-02 04:00:00.000,43077302.00000000,
2024-11-02 05:00:00.000,42990476.00000000,
2024-11-02 06:00:00.000,42981469.00000000,
2024-11-02 07:00:00.000,43375735.00000000,
2024-11-02 08:00:00.000,43347387.00000000,
2024-11-02 09:00:00.000,43371702.00000000,
2024-11-02 10:00:00.000,43389854.00000000,
2024-11-02 11:00:00.000,43312453.00000000,
2024-11-02 12:00:00.000,43712158.00000000,
2024-11-02 13:00:00.000,43475737.00000000,
2024-11-02 14:00:00.000,42774641.00000000,
2024-11-02 15:00:00.000,42668713.00000000,
2024-11-02 16:00:00.000,42667576.00000000,
2024-11-02 17:00:00.000,42758045.00000000,
2024-11-02 18:00:00.000,42726454.00000000,
2024-11-02 19:00:00.000,41959005.00000000,
2024-11-02 20:00:00.000,41864371.00000000,
2024-11-02 21:00:00.000,41978459.00000000,
2024-11-02 22:00:00.000,41691627.00000000,
2024-11-02 23:00:00.000,41804629.00000000,
2024-11-03 00:00:00.000,41889259.00000000,
2024-11-03 01:00:00.000,41904128.00000000,
2024-11-03 02:00:00.000,42022681.00000000,
2024-11-03 03:00:00.000,41725000.00000000,
2024-11-03 04:00:00.000,42241610.00000000,
2024-11-03 05:00:00.000,42154742.00000000,
2024-11-03 06:00:00.000,42052193.00000000,
2024-11-03 07:00:00.000,42267748.00000000,
2024-11-03 08:00:00.000,42238294.00000000,
2024-11-03 09:00:00.000,42099233.00000000,
2024-11-03 10:00:00.000,42127285.00000000,
2024-11-03 11:00:00.000,42187033.00000000,
2024-11-03 12:00:00.000,42185842.00000000,
2024-11-03 13:00:00.000,42021187.00000000,
2024-11-03 14:00:00.000,42364895.00000000,
2024-11-03 15:00:00.000,43632484.00000000,
2024-11-03 16:00:00.000,43727498.00000000,
2024-11-03 17:00:00.000,43487893.00000000,
2024-11-03 18:00:00.000,43390168.00000000,
2024-11-03 19:00:00.000,42857132.00000000,
2024-11-03 20:00:00.000,43243112.00000000,
2024-11-03 21:00:00.000,43482150.00000000,
2024-11-03 22:00:00.000,43286852.00000000,
2024-11-03 23:00:00.000,43672307.00000000,
2024-11-04 00:00:00.000,43261579.00000000,
2024-11-04 01:00:00.000,43123384.00000000,
2024-11-04 02:00:00.000,43290307.00000000,
2024-11-04 03:00:00.000,43253367.00000000,
2024-11-04 04:00:00.000,43360563.00000000,
2024-11-04 05:00:00.000,43130927.00000000,
2024-11-04 06:00:00.000,42917203.00000000,
2024-11-04 07:00:00.000,42988860.00000000,
2024-11-04 08:00:00.000,42913265.00000000,
2024-11-04 09:00:00.000,42722588.00000000,
2024-11-04 10:00:00.000,43330838.00000000,
2024-11-04 11:00:00.000,44019759.00000000,
2024-11-04 12:00:00.000,44221638.00000000,
2024-11-04 13:00:00.000,44626005.00000000,
2024-11-04 14:00:00.000,44874266.00000000,
2024-11-04 15:00:00.000,45234823.00000000,
2024-11-04 16:00:00.000,45569611.00000000,
2024-11-04 17:00:00.000,44172215.00000000,
2024-11-04 18:00:00.000,44424489.00000000,
2024-11-04 19:00:00.000,44361852.00000000,
2024-11-04 20:00:00.000,44534576.00000000,
2024-11-04 21:00:00.000,44148892.00000000,
2024-11-04 22:00:00.000,43766393.00000000,
2024-11-04 23:00:00.000,43763901.00000000,
2024-11-05 00:00:00.000,43872266.00000000,
2024-11-05 01:00:00.000,44052508.00000000,
2024-11-05 02:00:00.000,44405925.00000000,
2024-11-05 03:00:00.000,44332019.00000000,
2024-11-05 04:00:00.000,44415153.00000000,
2024-11-05 05:00:00.000,44315401.00000000,
2024-11-05 06:00:00.000,44618210.00000000,
2024-11-05 07:00:00.000,44682983.00000000,
2024-11-05 08:00:00.000,44840791.00000000,
2024-11-05 09:00:00.000,44797167.00000000,
2024-11-05 10:00:00.000,44805261.00000000,
2024-11-05 11:00:00.000,44795379.00000000,
2024-11-05 12:00:00.000,44816572.00000000,
2024-11-05 13:00:00.000,44831101.00000000,
2024-11-05 14:00:00.000,44973466.00000000,
2024-11-05 15:00:00.000,44079627.00000000,
2024-11-05 16:00:00.000,43895280.00000000,
2024-11-05 17:00:00.000,43823691.00000000,
2024-11-05 18:00:00.000,43742691.00000000,
2024-11-05 19:00:00.000,43490642.00000000,
2024-11-05 20:00:00.000,43044494.00000000,
2024-11-05 21:00:00.000,42659858.00000000,
2024-11-05 22:00:00.000,42398122.00000000,
2024-11-05 23:00:00.000,42152774.00000000,
2024-11-06 00:00:00.000,42253861.00000000,
2024-11-06 01:00:00.000,43207396.00000000,
2024-11-06 02:00:00.000,44282128.00000000,
2024-11-06 03:00:00.000,43986007.00000000,
2024-11-06 04:00:00.000,44025678.00000000,
2024-11-06 05:00:00.000,44371012.00000000,
2024-11-06 06:00:00.000,44268199.00000000,
2024-11-06 07:00:00.000,47490578.00000000,
2024-11-06 08:00:00.000,46867060.00000000,
2024-11-06 09:00:00.000,46874988.00000000,
2024-11-06 10:00:00.000,47363609.00000000,
2024-11-06 11:00:00.000,47723960.00000000,
2024-11-06 12:00:00.000,47053681.00000000,
2024-11-06 13:00:00.000,47148239.00000000,
2024-11-06 14:00:00.000,47013182.00000000,
2024-11-06 15:00:00.000,46656760.00000000,
2024-11-06 16:00:00.000,48068967.00000000,
2024-11-06 17:00:00.000,48209256.00000000,
2024-11-06 18:00:00.000,48057641.00000000,
2024-11-06 19:00:00.000,48241992.00000000,
2024-11-06 20:00:00.000,48006803.00000000,
2024-11-06 21:00:00.000,48185942.00000000,
2024-11-06 22:00:00.000,48326557.00000000,
2024-11-06 23:00:00.000,48144179.00000000,
2024-11-07 00:00:00.000,48102319.00000000,
2024-11-07 01:00:00.000,48113404.00000000,
2024-11-07 02:00:00.000,47917927.00000000,
2024-11-07 03:00:00.000,48189681.00000000,
2024-11-07 04:00:00.000,48659405.00000000,
2024-11-07 05:00:00.000,47948930.00000000,
2024-11-07 06:00:00.000,47990907.00000000,
2024-11-07 07:00:00.000,46854429.00000000,
2024-11-07 08:00:00.000,47353464.00000000,
2024-11-07 09:00:00.000,49102467.00000000,
2024-11-07 10:00:00.000,48480823.00000000,
2024-11-07 11:00:00.000,47840981.00000000,
2024-11-07 12:00:00.000,47299886.00000000,
2024-11-07 13:00:00.000,48412266.00000000,
2024-11-07 14:00:00.000,47187823.00000000,
2024-11-07 15:00:00.000,47323351.00000000,
2024-11-07 16:00:00.000,48010996.00000000,
2024-11-07 17:00:00.000,48082369.00000000,
2024-11-07 18:00:00.000,48325996.00000000,
2024-11-07 19:00:00.000,48242457.00000000,
2024-11-07 20:00:00.000,48177058.00000000,
2024-11-07 21:00:00.000,48774055.00000000,
2024-11-07 22:00:00.000,49544829.00000000,
2024-11-07 23:00:00.000,49150209.00000000,
2024-11-08 00:00:00.000,49362651.00000000,
2024-11-08 01:00:00.000,50467228.00000000,
2024-11-08 02:00:00.000,50477241.00000000,
2024-11-08 03:00:00.000,50023274.00000000,
2024-11-08 04:00:00.000,49925538.00000000,
2024-11-08 05:00:00.000,49938655.00000000,
2024-11-08 06:00:00.000,49779678.00000000,
2024-11-08 07:00:00.000,49789298.00000000,
2024-11-08 08:00:00.000,49711047.00000000,
2024-11-08 09:00:00.000,49762003.00000000,
2024-11-08 10:00:00.000,55495312.00000000,
2024-11-08 11:00:00.000,60995933.00000000,
2024-11-08 12:00:00.000,61021345.00000000,
2024-11-08 13:00:00.000,60449537.00000000,
2024-11-08 14:00:00.000,59364870.00000000,
2024-11-08 15:00:00.000,59312371.00000000,
2024-11-08 16:00:00.000,58755533.00000000,
2024-11-08 17:00:00.000,57914916.00000000,
2024-11-08 18:00:00.000,58692044.00000000,
2024-11-08 19:00:00.000,57682605.00000000,
2024-11-08 20:00:00.000,57762932.00000000,
2024-11-08 21:00:00.000,56992248.00000000,
2024-11-08 22:00:00.000,57888017.00000000,
2024-11-08 23:00:00.000,58509675.00000000,
2024-11-09 00:00:00.000,59061048.00000000,
2024-11-09 01:00:00.000,60519995.00000000,
2024-11-09 02:00:00.000,60642755.00000000,
2024-11-09 03:00:00.000,60937245.00000000,
2024-11-09 04:00:00.000,60089128.00000000,
2024-11-09 05:00:00.000,60824024.00000000,
2024-11-09 06:00:00.000,60513652.00000000,
2024-11-09 07:00:00.000,62217706.00000000,
2024-11-09 08:00:00.000,61795445.00000000,
2024-11-09 09:00:00.000,61110810.00000000,
2024-11-09 10:00:00.000,61653161.00000000,
2024-11-09 11:00:00.000,61657170.00000000,
2024-11-09 12:00:00.000,61908874.00000000,
2024-11-09 13:00:00.000,61827240.00000000,
2024-11-09 14:00:00.000,62200511.00000000,
2024-11-09 15:00:00.000,62222317.00000000,
2024-11-09 16:00:00.000,59582772.00000000,
2024-11-09 17:00:00.000,59830612.00000000,
2024-11-09 18:00:00.000,59731913.00000000,
2024-11-09 19:00:00.000,60865544.00000000,
2024-11-09 20:00:00.000,62609219.00000000,
2024-11-09 21:00:00.000,62799445.00000000,
2024-11-09 22:00:00.000,62724330.00000000,
2024-11-09 23:00:00.000,62034008.00000000,
2024-11-10 00:00:00.000,59605459.00000000,
2024-11-10 01:00:00.000,61903165.00000000,
2024-11-10 02:00:00.000,61750973.00000000,
2024-11-10 03:00:00.000,61971583.00000000,
2024-11-10 04:00:00.000,62490797.00000000,
2024-11-10 05:00:00.000,63897695.00000000,
2024-11-10 06:00:00.000,64217343.00000000,
2024-11-10 07:00:00.000,61423669.00000000,
2024-11-10 08:00:00.000,61430870.00000000,
2024-11-10 09:00:00.000,63947789.00000000,
2024-11-10 10:00:00.000,63526935.00000000,
2024-11-10 11:00:00.000,68965200.00000000,
2024-11-10 12:00:00.000,69044825.00000000,
2024-11-10 13:00:00.000,69393467.00000000,
2024-11-10 14:00:00.000,69181452.00000000,
2024-11-10 15:00:00.000,68164390.00000000,
2024-11-10 16:00:00.000,68214717.00000000,
2024-11-10 17:00:00.000,65460152.00000000,
2024-11-10 18:00:00.000,65011886.00000000,
2024-11-10 19:00:00.000,65496350.00000000,
2024-11-10 20:00:00.000,65786986.00000000,
2024-11-10 21:00:00.000,64922177.00000000,
2024-11-10 22:00:00.000,64805658.00000000,
2024-11-10 23:00:00.000,64882780.00000000,
2024-11-11 00:00:00.000,62810052.00000000,
2024-11-11 01:00:00.000,63230942.00000000,
2024-11-11 02:00:00.000,63221677.00000000,
2024-11-11 03:00:00.000,63499253.00000000,
2024-11-11 04:00:00.000,63495847.00000000,
2024-11-11 05:00:00.000,63416754.00000000,
2024-11-11 06:00:00.000,63470571.00000000,
2024-11-11 07:00:00.000,64211404.00000000,
2024-11-11 08:00:00.000,64394034.00000000,
2024-11-11 09:00:00.000,64642792.00000000,
2024-11-11 10:00:00.000,66773047.00000000,
2024-11-11 11:00:00.000,66178463.00000000,
2024-11-11 12:00:00.000,66071197.00000000,
2024-11-11 13:00:00.000,65399385.00000000,
2024-11-11 14:00:00.000,65465532.00000000,
2024-11-11 15:00:00.000,64639401.00000000,
2024-11-11 16:00:00.000,64951735.00000000,
2024-11-11 17:00:00.000,64481643.00000000,
2024-11-11 18:00:00.000,64432762.00000000,
2024-11-11 19:00:00.000,64859604.00000000,
2024-11-11 20:00:00.000,65107496.00000000,
2024-11-11 21:00:00.000,68911778.00000000,
2024-11-11 22:00:00.000,69516331.00000000,
2024-11-11 23:00:00.000,69062547.00000000,
2024-11-12 00:00:00.000,69707276.00000000,
2024-11-12 01:00:00.000,70988044.00000000,
2024-11-12 02:00:00.000,71041215.00000000,
2024-11-12 03:00:00.000,70934745.00000000,
2024-11-12 04:00:00.000,74145971.00000000,
2024-11-12 05:00:00.000,73913696.00000000,
2024-11-12 06:00:00.000,75608663.00000000,
2024-11-12 07:00:00.000,76190143.00000000,
2024-11-12 08:00:00.000,76877347.00000000,
2024-11-12 09:00:00.000,76569953.00000000,
2024-11-12 10:00:00.000,76339841.00000000,
2024-11-12 11:00:00.000,72457027.00000000,
2024-11-12 12:00:00.000,68665442.00000000,
2024-11-12 13:00:00.000,68041164.00000000,
2024-11-12 14:00:00.000,68048919.00000000,
2024-11-12 15:00:00.000,67488498.00000000,
2024-11-12 16:00:00.000,66914499.00000000,
2024-11-12 17:00:00.000,66991259.00000000,
2024-11-12 18:00:00.000,67198150.00000000,
2024-11-12 19:00:00.000,67599962.00000000,
2024-11-12 20:00:00.000,67723048.00000000,
2024-11-12 21:00:00.000,67463485.00000000,
2024-11-12 22:00:00.000,66676160.00000000,
2024-11-12 23:00:00.000,65431293.00000000,
2024-11-13 00:00:00.000,65572738.00000000,
2024-11-13 01:00:00.000,64866265.00000000,
2024-11-13 02:00:00.000,64943050.00000000,
2024-11-13 03:00:00.000,65557331.00000000,
2024-11-13 04:00:00.000,64633140.00000000,
2024-11-13 05:00:00.000,63907705.00000000,
2024-11-13 06:00:00.000,64340960.00000000,
2024-11-13 07:00:00.000,56951550.00000000,
2024-11-13 08:00:00.000,56513205.00000000,
2024-11-13 09:00:00.000,56480513.00000000,
2024-11-13 10:00:00.000,56800053.00000000,
2024-11-13 11:00:00.000,56918016.00000000,
2024-11-13 12:00:00.000,63067601.00000000,
2024-11-13 13:00:00.000,62878406.00000000,
2024-11-13 14:00:00.000,63014991.00000000,
2024-11-13 15:00:00.000,66677515.00000000,
2024-11-13 16:00:00.000,66753625.00000000,
2024-11-13 17:00:00.000,67326257.00000000,
2024-11-13 18:00:00.000,68539286.00000000,
2024-11-13 19:00:00.000,68808754.00000000,
2024-11-13 20:00:00.000,58619659.00000000,
2024-11-13 21:00:00.000,59675942.00000000,
2024-11-13 22:00:00.000,59028873.00000000,
2024-11-13 23:00:00.000,58820888.00000000,
2024-11-14 00:00:00.000,58994681.00000000,
2024-11-14 01:00:00.000,58875487.00000000,
2024-11-14 02:00:00.000,58437778.00000000,
2024-11-14 03:00:00.000,57854987.00000000,
2024-11-14 04:00:00.000,58155731.00000000,
2024-11-14 05:00:00.000,58159296.00000000,
2024-11-14 06:00:00.000,58428023.00000000,
2024-11-14 07:00:00.000,57685676.00000000,
2024-11-14 08:00:00.000,58152493.00000000,
2024-11-14 09:00:00.000,58457011.00000000,
2024-11-14 10:00:00.000,58219610.00000000,
2024-11-14 11:00:00.000,58138525.00000000,
2024-11-14 12:00:00.000,57961724.00000000,
2024-11-14 13:00:00.000,58127435.00000000,
2024-11-14 14:00:00.000,58984814.00000000,
2024-11-14 15:00:00.000,58280194.00000000,
2024-11-14 16:00:00.000,58515047.00000000,
2024-11-14 17:00:00.000,56270379.00000000,
2024-11-14 18:00:00.000,56048427.00000000,
2024-11-14 19:00:00.000,56290613.00000000,
2024-11-14 20:00:00.000,56257771.00000000,
2024-11-14 21:00:00.000,56170687.00000000,
2024-11-14 22:00:00.000,56515813.00000000,
2024-11-14 23:00:00.000,56960059.00000000,
2024-11-15 00:00:00.000,56927467.00000000,
2024-11-15 01:00:00.000,56634366.00000000,
2024-11-15 02:00:00.000,57128557.00000000,
2024-11-15 03:00:00.000,57347981.00000000,
2024-11-15 04:00:00.000,57584901.00000000,
2024-11-15 05:00:00.000,57236585.00000000,
2024-11-15 06:00:00.000,57421290.00000000,
2024-11-15 07:00:00.000,58280226.00000000,
2024-11-15 08:00:00.000,58421162.00000000,
2024-11-15 09:00:00.000,58201324.00000000,
2024-11-15 10:00:00.000,58111324.00000000,
2024-11-15 11:00:00.000,57916264.00000000,
2024-11-15 12:00:00.000,57789719.00000000,
2024-11-15 13:00:00.000,57543300.00000000,
2024-11-15 14:00:00.000,57347116.00000000,
2024-11-15 15:00:00.000,56895105.00000000,
2024-11-15 16:00:00.000,56019814.00000000,
2024-11-15 17:00:00.000,56694326.00000000,
2024-11-15 18:00:00.000,57700593.00000000,
2024-11-15 19:00:00.000,59773012.00000000,
2024-11-15 20:00:00.000,63053708.00000000,
2024-11-15 21:00:00.000,62351745.00000000,
2024-11-15 22:00:00.000,62141286.00000000,
2024-11-15 23:00:00.000,59840536.00000000,
2024-11-16 00:00:00.000,59718782.00000000,
2024-11-16 01:00:00.000,59307277.00000000,
2024-11-16 02:00:00.000,59442521.00000000,
2024-11-16 03:00:00.000,59771085.00000000,
2024-11-16 04:00:00.000,60209686.00000000,
2024-11-16 05:00:00.000,60355109.00000000,
2024-11-16 06:00:00.000,59963721.00000000,
2024-11-16 07:00:00.000,60052538.00000000,
2024-11-16 08:00:00.000,65229898.00000000,
2024-11-16 09:00:00.000,68693015.00000000,
2024-11-16 10:00:00.000,70496385.00000000,
2024-11-16 11:00:00.000,71247330.00000000,
2024-11-16 12:00:00.000,70561101.00000000,
2024-11-16 13:00:00.000,69725862.00000000,
2024-11-16 14:00:00.000,70085102.00000000,
2024-11-16 15:00:00.000,72925265.00000000,
2024-11-16 16:00:00.000,72453216.00000000,
2024-11-16 17:00:00.000,71433716.00000000,
2024-11-16 18:00:00.000,74805518.00000000,
2024-11-16 19:00:00.000,74837909.00000000,
2024-11-16 20:00:00.000,74816520.00000000,
2024-11-16 21:00:00.000,74348638.00000000,
2024-11-16 22:00:00.000,73012229.00000000,
2024-11-16 23:00:00.000,73116502.00000000,
2024-11-17 00:00:00.000,74062268.00000000,
2024-11-17 01:00:00.000,75128430.00000000,
2024-11-17 02:00:00.000,72647402.00000000,
2024-11-17 03:00:00.000,70207064.00000000,
2024-11-17 04:00:00.000,70033546.00000000,
2024-11-17 05:00:00.000,68260990.00000000,
2024-11-17 06:00:00.000,68761130.00000000,
2024-11-17 07:00:00.000,67796641.00000000,
2024-11-17 08:00:00.000,67503191.00000000,
2024-11-17 09:00:00.000,67734290.00000000,
2024-11-17 10:00:00.000,67673142.00000000,
2024-11-17 11:00:00.000,66859310.00000000,
2024-11-17 12:00:00.000,65454097.00000000,
2024-11-17 13:00:00.000,64974994.00000000,
2024-11-17 14:00:00.000,65353118.00000000,
2024-11-17 15:00:00.000,64668512.00000000,
2024-11-17 16:00:00.000,64266076.00000000,
2024-11-17 17:00:00.000,68404513.00000000,
2024-11-17 18:00:00.000,68753852.00000000,
2024-11-17 19:00:00.000,65564168.00000000,
2024-11-17 20:00:00.000,59002039.00000000,
2024-11-17 21:00:00.000,56942597.00000000,
2024-11-17 22:00:00.000,56757366.00000000,
2024-11-17 23:00:00.000,56314427.00000000,
2024-11-18 00:00:00.000,56991218.00000000,
2024-11-18 01:00:00.000,56281259.00000000,
2024-11-18 02:00:00.000,56511159.00000000,
2024-11-18 03:00:00.000,56650898.00000000,
2024-11-18 04:00:00.000,57269926.00000000,
2024-11-18 05:00:00.000,57180561.00000000,
2024-11-18 06:00:00.000,56837304.00000000,
2024-11-18 07:00:00.000,57078723.00000000,
2024-11-18 08:00:00.000,57186250.00000000,
2024-11-18 09:00:00.000,57242660.00000000,
2024-11-18 10:00:00.000,57662685.00000000,
2024-11-18 11:00:00.000,57765594.00000000,
2024-11-18 12:00:00.000,57326890.00000000,
2024-11-18 13:00:00.000,57794849.00000000,
2024-11-18 14:00:00.000,57231361.00000000,
2024-11-18 15:00:00.000,57683194.00000000,
2024-11-18 16:00:00.000,58747391.00000000,
2024-11-18 17:00:00.000,65130628.00000000,
2024-11-18 18:00:00.000,65146591.00000000,
2024-11-18 19:00:00.000,65061382.00000000,
2024-11-18 20:00:00.000,61648274.00000000,
2024-11-18 21:00:00.000,60355187.00000000,
2024-11-18 22:00:00.000,59458450.00000000,
2024-11-18 23:00:00.000,59994288.00000000,
2024-11-19 00:00:00.000,62128063.00000000,
2024-11-19 01:00:00.000,65093231.00000000,
2024-11-19 02:00:00.000,65260686.00000000,
2024-11-19 03:00:00.000,66248783.00000000,
2024-11-19 04:00:00.000,67289532.00000000,
2024-11-19 05:00:00.000,67236969.00000000,
2024-11-19 06:00:00.000,66083502.00000000,
2024-11-19 07:00:00.000,65896720.00000000,
2024-11-19 08:00:00.000,65430713.00000000,
2024-11-19 09:00:00.000,64954273.00000000,
2024-11-19 10:00:00.000,65217618.00000000,
2024-11-19 11:00:00.000,65662835.00000000,
2024-11-19 12:00:00.000,65916667.00000000,
2024-11-19 13:00:00.000,65638293.00000000,
2024-11-19 14:00:00.000,65061067.00000000,
2024-11-19 15:00:00.000,63184371.00000000,
2024-11-19 16:00:00.000,64863648.00000000,
2024-11-19 17:00:00.000,64810575.00000000,
2024-11-19 18:00:00.000,64729491.00000000,
2024-11-19 19:00:00.000,64253855.00000000,
2024-11-19 20:00:00.000,63624899.00000000,
2024-11-19 21:00:00.000,61848025.00000000,
2024-11-19 22:00:00.000,60502005.00000000,
2024-11-19 23:00:00.000,59824977.00000000,
2024-11-20 00:00:00.000,59902503.00000000,
2024-11-20 01:00:00.000,61254762.00000000,
2024-11-20 02:00:00.000,62683426.00000000,
2024-11-20 03:00:00.000,61549076.00000000,
2024-11-20 04:00:00.000,62183051.00000000,
2024-11-20 05:00:00.000,65087649.00000000,
2024-11-20 06:00:00.000,65199063.00000000,
2024-11-20 07:00:00.000,63048276.00000000,
2024-11-20 08:00:00.000,62718523.00000000,
2024-11-20 09:00:00.000,62117223.00000000,
2024-11-20 10:00:00.000,63124107.00000000,
2024-11-20 11:00:00.000,62047706.00000000,
2024-11-20 12:00:00.000,62645809.00000000,
2024-11-20 13:00:00.000,61517799.00000000,
2024-11-20 14:00:00.000,62375817.00000000,
2024-11-20 15:00:00.000,62024569.00000000,
2024-11-20 16:00:00.000,61613549.00000000,
2024-11-20 17:00:00.000,59361798.00000000,
2024-11-20 18:00:00.000,58599110.00000000,
2024-11-20 19:00:00.000,59988546.00000000,
2024-11-20 20:00:00.000,61526782.00000000,
2024-11-20 21:00:00.000,61013250.00000000,
2024-11-20 22:00:00.000,61310715.00000000,
2024-11-20 23:00:00.000,60913330.00000000,
2024-11-21 00:00:00.000,61159660.00000000,
2024-11-21 01:00:00.000,61203838.00000000,
2024-11-21 02:00:00.000,61636288.00000000,
2024-11-21 03:00:00.000,61012235.00000000,
2024-11-21 04:00:00.000,60739588.00000000,
2024-11-21 05:00:00.000,60980746.00000000,
2024-11-21 06:00:00.000,59935722.00000000,
2024-11-21 07:00:00.000,60733987.00000000,
2024-11-21 08:00:00.000,60667234.00000000,
2024-11-21 09:00:00.000,60824213.00000000,
2024-11-21 10:00:00.000,60896504.00000000,
2024-11-21 11:00:00.000,60772399.00000000,
2024-11-21 12:00:00.000,60987165.00000000,
2024-11-21 13:00:00.000,59700405.00000000,
2024-11-21 14:00:00.000,61096031.00000000,
2024-11-21 15:00:00.000,58743195.00000000,
2024-11-21 16:00:00.000,57092879.00000000,
2024-11-21 17:00:00.000,59385458.00000000,
2024-11-21 18:00:00.000,58904263.00000000,
2024-11-21 19:00:00.000,58591971.00000000,
2024-11-21 20:00:00.000,59244932.00000000,
2024-11-21 21:00:00.000,59884166.00000000,
2024-11-21 22:00:00.000,59949330.00000000,
2024-11-21 23:00:00.000,60715122.00000000,
2024-11-22 00:00:00.000,66069345.00000000,
2024-11-22 01:00:00.000,65512181.00000000,
2024-11-22 02:00:00.000,68722222.00000000,
2024-11-22 03:00:00.000,69837108.00000000,
2024-11-22 04:00:00.000,73937214.00000000,
2024-11-22 05:00:00.000,75690144.00000000,
2024-11-22 06:00:00.000,72321442.00000000,
2024-11-22 07:00:00.000,63184233.00000000,
2024-11-22 08:00:00.000,61801926.00000000,
2024-11-22 09:00:00.000,61277706.00000000,
2024-11-22 10:00:00.000,60753077.00000000,
2024-11-22 11:00:00.000,60319325.00000000,
2024-11-22 12:00:00.000,59967055.00000000,
2024-11-22 13:00:00.000,59900227.00000000,
2024-11-22 14:00:00.000,57932886.00000000,
2024-11-22 15:00:00.000,56366085.00000000,
2024-11-22 16:00:00.000,55997437.00000000,
2024-11-22 17:00:00.000,60661559.00000000,
2024-11-22 18:00:00.000,60656802.00000000,
2024-11-22 19:00:00.000,61674249.00000000,
2024-11-22 20:00:00.000,61658572.00000000,
2024-11-22 21:00:00.000,61771032.00000000,
2024-11-22 22:00:00.000,62288960.00000000,
2024-11-22 23:00:00.000,62615823.00000000,
2024-11-23 00:00:00.000,62873892.00000000,
2024-11-23 01:00:00.000,64451532.00000000,
2024-11-23 02:00:00.000,64468509.00000000,
2024-11-23 03:00:00.000,63623182.00000000,
2024-11-23 04:00:00.000,63247888.00000000,
2024-11-23 05:00:00.000,63149780.00000000,
2024-11-23 06:00:00.000,63494392.00000000,
2024-11-23 07:00:00.000,64097207.00000000,
2024-11-23 08:00:00.000,64054286.00000000,
2024-11-23 09:00:00.000,65747659.00000000,
2024-11-23 10:00:00.000,65230648.00000000,
2024-11-23 11:00:00.000,64129077.00000000,
2024-11-23 12:00:00.000,64197676.00000000,
2024-11-23 13:00:00.000,63078035.00000000,
2024-11-23 14:00:00.000,61942489.00000000,
2024-11-23 15:00:00.000,62570952.00000000,
2024-11-23 16:00:00.000,61501763.00000000,
2024-11-23 17:00:00.000,61191180.00000000,
2024-11-23 18:00:00.000,61999099.00000000,
2024-11-23 19:00:00.000,62548230.00000000,
2024-11-23 20:00:00.000,62267915.00000000,
2024-11-23 21:00:00.000,59701001.00000000,
2024-11-23 22:00:00.000,59532283.00000000,
2024-11-23 23:00:00.000,59455180.00000000,
2024-11-24 00:00:00.000,59802649.00000000,
2024-11-24 01:00:00.000,58833158.00000000,
2024-11-24 02:00:00.000,58203310.00000000,
2024-11-24 03:00:00.000,58297104.00000000,
2024-11-24 04:00:00.000,58054897.00000000,
2024-11-24 05:00:00.000,57156708.00000000,
2024-11-24 06:00:00.000,57868511.00000000,
2024-11-24 07:00:00.000,58107750.00000000,
2024-11-24 08:00:00.000,58306066.00000000,
2024-11-24 09:00:00.000,57810901.00000000,
2024-11-24 10:00:00.000,57980567.00000000,
2024-11-24 11:00:00.000,57866224.00000000,
2024-11-24 12:00:00.000,57095685.00000000,
2024-11-24 13:00:00.000,56570389.00000000,
2024-11-24 14:00:00.000,56768951.00000000,
2024-11-24 15:00:00.000,56020943.00000000,
2024-11-24 16:00:00.000,56678986.00000000,
2024-11-24 17:00:00.000,58355855.00000000,
2024-11-24 18:00:00.000,58439523.00000000,
2024-11-24 19:00:00.000,58761640.00000000,
2024-11-24 20:00:00.000,58327332.00000000,
2024-11-24 21:00:00.000,58336482.00000000,
2024-11-24 22:00:00.000,58095262.00000000,
2024-11-24 23:00:00.000,57602308.00000000,
2024-11-25 00:00:00.000,57220193.00000000,
2024-11-25 01:00:00.000,57768507.00000000,
2024-11-25 02:00:00.000,57425346.00000000,
2024-11-25 03:00:00.000,57478320.00000000,
2024-11-25 04:00:00.000,57438808.00000000,
2024-11-25 05:00:00.000,58070680.00000000,
2024-11-25 06:00:00.000,58466772.00000000,
2024-11-25 07:00:00.000,58708330.00000000,
2024-11-25 08:00:00.000,58810272.00000000,
2024-11-25 09:00:00.000,58882811.00000000,
2024-11-25 10:00:00.000,59538628.00000000,
2024-11-25 11:00:00.000,59146480.00000000,
2024-11-25 12:00:00.000,58650147.00000000,
2024-11-25 13:00:00.000,58637423.00000000,
2024-11-25 14:00:00.000,57987994.00000000,
2024-11-25 15:00:00.000,56741136.00000000,
2024-11-25 16:00:00.000,57278858.00000000,
2024-11-25 17:00:00.000,55795662.00000000,
2024-11-25 18:00:00.000,54608315.00000000,
2024-11-25 19:00:00.000,54290869.00000000,
2024-11-25 20:00:00.000,55074350.00000000,
2024-11-25 21:00:00.000,56057207.00000000,
2024-11-25 22:00:00.000,54377642.00000000,
2024-11-25 23:00:00.000,54178270.00000000,
2024-11-26 00:00:00.000,54011972.00000000,
2024-11-26 01:00:00.000,54098138.00000000,
2024-11-26 02:00:00.000,54497530.00000000,
2024-11-26 03:00:00.000,55086844.00000000,
2024-11-26 04:00:00.000,55115791.00000000,
2024-11-26 05:00:00.000,55363038.00000000,
2024-11-26 06:00:00.000,56065884.00000000,
2024-11-26 07:00:00.000,55930446.00000000,
2024-11-26 08:00:00.000,55423898.00000000,
2024-11-26 09:00:00.000,55071803.00000000,
2024-11-26 10:00:00.000,55700876.00000000,
2024-11-26 11:00:00.000,55877698.00000000,
2024-11-26 12:00:00.000,57255173.00000000,
2024-11-26 13:00:00.000,57510211.00000000,
2024-11-26 14:00:00.000,57644974.00000000,
2024-11-26 15:00:00.000,57270308.00000000,
2024-11-26 16:00:00.000,57137185.00000000,
2024-11-26 17:00:00.000,58061554.00000000,
2024-11-26 18:00:00.000,58065535.00000000,
2024-11-26 19:00:00.000,58448446.00000000,
2024-11-26 20:00:00.000,58811277.00000000,
2024-11-26 21:00:00.000,59337302.00000000,
2024-11-26 22:00:00.000,59145147.00000000,
2024-11-26 23:00:00.000,59050922.00000000,
2024-11-27 00:00:00.000,59255490.00000000,
2024-11-27 01:00:00.000,58754099.00000000,
2024-11-27 02:00:00.000,59305293.00000000,
2024-11-27 03:00:00.000,59922014.00000000,
2024-11-27 04:00:00.000,59716965.00000000,
2024-11-27 05:00:00.000,59274977.00000000,
2024-11-27 06:00:00.000,59971120.00000000,
2024-11-27 07:00:00.000,60356246.00000000,
2024-11-27 08:00:00.000,61042407.00000000,
2024-11-27 09:00:00.000,60216367.00000000,
2024-11-27 10:00:00.000,60021740.00000000,
2024-11-27 11:00:00.000,60431200.00000000,
2024-11-27 12:00:00.000,60235409.00000000,
2024-11-27 13:00:00.000,59891416.00000000,
2024-11-27 14:00:00.000,60421996.00000000,
2024-11-27 15:00:00.000,60821669.00000000,
2024-11-27 16:00:00.000,60785832.00000000,
2024-11-27 17:00:00.000,59445956.00000000,
2024-11-27 18:00:00.000,59450650.00000000,
2024-11-27 19:00:00.000,59219602.00000000,
2024-11-27 20:00:00.000,58925524.00000000,
2024-11-27 21:00:00.000,58700687.00000000,
2024-11-27 22:00:00.000,58282168.00000000,
2024-11-27 23:00:00.000,58302024.00000000,
2024-11-28 00:00:00.000,58372441.00000000,
2024-11-28 01:00:00.000,57397509.00000000,
2024-11-28 02:00:00.000,56835946.00000000,
2024-11-28 03:00:00.000,56598212.00000000,
2024-11-28 04:00:00.000,56712154.00000000,
2024-11-28 05:00:00.000,56615226.00000000,
2024-11-28 06:00:00.000,56356560.00000000,
2024-11-28 07:00:00.000,56486059.00000000,
2024-11-28 08:00:00.000,56610801.00000000,
2024-11-28 09:00:00.000,56540939.00000000,
2024-11-28 10:00:00.000,56842213.00000000,
2024-11-28 11:00:00.000,57215355.00000000,
2024-11-28 12:00:00.000,57108221.00000000,
2024-11-28 13:00:00.000,57473553.00000000,
2024-11-28 14:00:00.000,58187227.00000000,
2024-11-28 15:00:00.000,57784349.00000000,
2024-11-28 16:00:00.000,56962251.00000000,
2024-11-28 17:00:00.000,57011138.00000000,
2024-11-28 18:00:00.000,56936874.00000000,
2024-11-28 19:00:00.000,56989706.00000000,
2024-11-28 20:00:00.000,57246491.00000000,
2024-11-28 21:00:00.000,57044348.00000000,
2024-11-28 22:00:00.000,57225673.00000000,
2024-11-28 23:00:00.000,57357088.00000000,
2024-11-29 00:00:00.000,57332745.00000000,
2024-11-29 01:00:00.000,57026006.00000000,
2024-11-29 02:00:00.000,56808150.00000000,
2024-11-29 03:00:00.000,56595620.00000000,
2024-11-29 04:00:00.000,56682399.00000000,
2024-11-29 05:00:00.000,57854234.00000000,
2024-11-29 06:00:00.000,57359233.00000000,
2024-11-29 07:00:00.000,57430406.00000000,
2024-11-29 08:00:00.000,57936254.00000000,
2024-11-29 09:00:00.000,57923648.00000000,
2024-11-29 10:00:00.000,57591794.00000000,
2024-11-29 11:00:00.000,57976187.00000000,
2024-11-29 12:00:00.000,58315509.00000000,
2024-11-29 13:00:00.000,58081484.00000000,
2024-11-29 14:00:00.000,58481374.00000000,
2024-11-29 15:00:00.000,59006966.00000000,
2024-11-29 16:00:00.000,60148076.00000000,
2024-11-29 17:00:00.000,59504833.00000000,
2024-11-29 18:00:00.000,59784550.00000000,
2024-11-29 19:00:00.000,59877161.00000000,
2024-11-29 20:00:00.000,60401870.00000000,
2024-11-29 21:00:00.000,60701853.00000000,
2024-11-29 22:00:00.000,60887146.00000000,
2024-11-29 23:00:00.000,61557223.00000000,
2024-11-30 00:00:00.000,62000022.00000000,
2024-11-30 01:00:00.000,61730516.00000000,
2024-11-30 02:00:00.000,61336865.00000000,
2024-11-30 03:00:00.000,61416321.00000000,
2024-11-30 04:00:00.000,61620281.00000000,
2024-11-30 05:00:00.000,61597352.00000000,
2024-11-30 06:00:00.000,61924564.00000000,
2024-11-30 07:00:00.000,62272878.00000000,
2024-11-30 08:00:00.000,63030096.00000000,
2024-11-30 09:00:00.000,63571306.00000000,
2024-11-30 10:00:00.000,63137849.00000000,
2024-11-30 11:00:00.000,62283765.00000000,
2024-11-30 12:00:00.000,62931048.00000000,
2024-11-30 13:00:00.000,62500279.00000000,
2024-11-30 14:00:00.000,62526208.00000000,
2024-11-30 15:00:00.000,62187717.00000000,
2024-11-30 16:00:00.000,62630524.00000000,
2024-11-30 17:00:00.000,62693481.00000000,
2024-11-30 18:00:00.000,63479622.00000000,
2024-11-30 19:00:00.000,62777034.00000000,
2024-11-30 20:00:00.000,63825402.00000000,
2024-11-30 21:00:00.000,64237422.00000000,
2024-11-30 22:00:00.000,64601714.00000000,
2024-11-30 23:00:00.000,64593922.00000000,
2024-12-01 00:00:00.000,65296194.00000000,
2024-12-01 01:00:00.000,64451331.00000000,
2024-12-01 02:00:00.000,64606238.00000000,
2024-12-01 03:00:00.000,64730915.00000000,
2024-12-01 04:00:00.000,65176332.00000000,
2024-12-01 05:00:00.000,65295947.00000000,
2024-12-01 06:00:00.000,65546111.00000000,
2024-12-01 07:00:00.000,65741395.00000000,
2024-12-01 08:00:00.000,65945836.00000000,
2024-12-01 09:00:00.000,65914444.00000000,
2024-12-01 10:00:00.000,66280822.00000000,
2024-12-01 11:00:00.000,67618815.00000000,
2024-12-01 12:00:00.000,67702767.00000000,
2024-12-01 13:00:00.000,67339604.00000000,
2024-12-01 14:00:00.000,66939707.00000000,
2024-12-01 15:00:00.000,67169466.00000000,
2024-12-01 16:00:00.000,68058632.00000000,
2024-12-01 17:00:00.000,67709496.00000000,
2024-12-01 18:00:00.000,68294729.00000000,
2024-12-01 19:00:00.000,68707703.00000000,
2024-12-01 20:00:00.000,68836954.00000000,
2024-12-01 21:00:00.000,69444194.00000000,
2024-12-01 22:00:00.000,69866333.00000000,
2024-12-01 23:00:00.000,70406593.00000000,
2024-12-02 00:00:00.000,69542601.00000000,
2024-12-02 01:00:00.000,69291613.00000000,
2024-12-02 02:00:00.000,70254626.00000000,
2024-12-02 03:00:00.000,70281158.00000000,
2024-12-02 04:00:00.000,68359479.00000000,
2024-12-02 05:00:00.000,68936397.00000000,
2024-12-02 06:00:00.000,69326249.00000000,
2024-12-02 07:00:00.000,70653195.00000000,
2024-12-02 08:00:00.000,70412823.00000000,
2024-12-02 09:00:00.000,68980726.00000000,
2024-12-02 10:00:00.000,69739005.00000000,
2024-12-02 11:00:00.000,69521081.00000000,
2024-12-02 12:00:00.000,69696096.00000000,
2024-12-02 13:00:00.000,69148569.00000000,
2024-12-02 14:00:00.000,71200416.00000000,
2024-12-02 15:00:00.000,70349318.00000000,
2024-12-02 16:00:00.000,71922632.00000000,
2024-12-02 17:00:00.000,70049926.00000000,
2024-12-02 18:00:00.000,70833930.00000000,
2024-12-02 19:00:00.000,71393528.00000000,
2024-12-02 20:00:00.000,71719252.00000000,
2024-12-02 21:00:00.000,72782682.00000000,
2024-12-02 22:00:00.000,72965884.00000000,
2024-12-02 23:00:00.000,73584176.00000000,
2024-12-03 00:00:00.000,74212570.00000000,
2024-12-03 01:00:00.000,73593925.00000000,
2024-12-03 02:00:00.000,73250345.00000000,
2024-12-03 03:00:00.000,72882090.00000000,
2024-12-03 04:00:00.000,73061490.00000000,
2024-12-03 05:00:00.000,72304349.00000000,
2024-12-03 06:00:00.000,75109078.00000000,
2024-12-03 07:00:00.000,75903169.00000000,
2024-12-03 08:00:00.000,75997471.00000000,
2024-12-03 09:00:00.000,76428586.00000000,
2024-12-03 10:00:00.000,80169648.00000000,
2024-12-03 11:00:00.000,81308720.00000000,
2024-12-03 12:00:00.000,81591008.00000000,
2024-12-03 13:00:00.000,83136917.00000000,
2024-12-03 14:00:00.000,83168783.00000000,
2024-12-03 15:00:00.000,84154049.00000000,
2024-12-03 16:00:00.000,82413542.00000000,
2024-12-03 17:00:00.000,81298233.00000000,
2024-12-03 18:00:00.000,82450138.00000000,
2024-12-03 19:00:00.000,81819679.00000000,
2024-12-03 20:00:00.000,81553894.00000000,
2024-12-03 21:00:00.000,82973428.00000000,
2024-12-03 22:00:00.000,81741314.00000000,
2024-12-03 23:00:00.000,80985668.00000000,
2024-12-04 00:00:00.000,81491281.00000000,
2024-12-04 01:00:00.000,81686266.00000000,
2024-12-04 02:00:00.000,82935821.00000000,
2024-12-04 03:00:00.000,82829431.00000000,
2024-12-04 04:00:00.000,83360487.00000000,
2024-12-04 05:00:00.000,83258832.00000000,
2024-12-04 06:00:00.000,86500729.00000000,
2024-12-04 07:00:00.000,85643343.00000000,
2024-12-04 08:00:00.000,85350191.00000000,
2024-12-04 09:00:00.000,86516761.00000000,
2024-12-04 10:00:00.000,87551007.00000000,
2024-12-04 11:00:00.000,88247472.00000000,
2024-12-04 12:00:00.000,88823955.00000000,
2024-12-04 13:00:00.000,87321940.00000000,
2024-12-04 14:00:00.000,87328876.00000000,
2024-12-04 15:00:00.000,86325770.00000000,
2024-12-04 16:00:00.000,86003414.00000000,
2024-12-04 17:00:00.000,85435131.00000000,
2024-12-04 18:00:00.000,85992678.00000000,
2024-12-04 19:00:00.000,85844547.00000000,
2024-12-04 20:00:00.000,86335974.00000000,
2024-12-04 21:00:00.000,86534032.00000000,
2024-12-04 22:00:00.000,87126716.00000000,
2024-12-04 23:00:00.000,87297810.00000000,
2024-12-05 00:00:00.000,86213861.00000000,
2024-12-05 01:00:00.000,86252263.00000000,
2024-12-05 02:00:00.000,85716354.00000000,
2024-12-05 03:00:00.000,86315973.00000000,
2024-12-05 04:00:00.000,85446988.00000000,
2024-12-05 05:00:00.000,85618241.00000000,
2024-12-05 06:00:00.000,85035225.00000000,
2024-12-05 07:00:00.000,85209108.00000000,
2024-12-05 08:00:00.000,86294717.00000000,
2024-12-05 09:00:00.000,86029467.00000000,
2024-12-05 10:00:00.000,87478704.00000000,
2024-12-05 11:00:00.000,87365269.00000000,
2024-12-05 12:00:00.000,87746236.00000000,
2024-12-05 13:00:00.000,88105892.00000000,
2024-12-05 14:00:00.000,88298193.00000000,
2024-12-05 15:00:00.000,88664466.00000000,
2024-12-05 16:00:00.000,88670743.00000000,
2024-12-05 17:00:00.000,89755105.00000000,
2024-12-05 18:00:00.000,91085962.00000000,
2024-12-05 19:00:00.000,90697303.00000000,
2024-12-05 20:00:00.000,91318632.00000000,
2024-12-05 21:00:00.000,90402633.00000000,
2024-12-05 22:00:00.000,90633739.00000000,
2024-12-05 23:00:00.000,88840387.00000000,
2024-12-06 00:00:00.000,89064838.00000000,
2024-12-06 01:00:00.000,90284565.00000000,
2024-12-06 02:00:00.000,90807431.00000000,
2024-12-06 03:00:00.000,90968219.00000000,
2024-12-06 04:00:00.000,91095178.00000000,
2024-12-06 05:00:00.000,91333559.00000000,
2024-12-06 06:00:00.000,92025037.00000000,
2024-12-06 07:00:00.000,92345128.00000000,
2024-12-06 08:00:00.000,92844155.00000000,
2024-12-06 09:00:00.000,93173976.00000000,
2024-12-06 10:00:00.000,93765784.00000000,
2024-12-06 11:00:00.000,93602909.00000000,
2024-12-06 12:00:00.000,93517385.00000000,
2024-12-06 13:00:00.000,94003692.00000000,
2024-12-06 14:00:00.000,93812140.00000000,
2024-12-06 15:00:00.000,93552774.00000000,
2024-12-06 16:00:00.000,92128261.00000000,
2024-12-06 17:00:00.000,91894113.00000000,
2024-12-06 18:00:00.000,91561943.00000000,
2024-12-06 19:00:00.000,92108312.00000000,
2024-12-06 20:00:00.000,92748710.00000000,
2024-12-06 21:00:00.000,91848692.00000000,
2024-12-06 22:00:00.000,93423001.00000000,
2024-12-06 23:00:00.000,93204281.00000000,
2024-12-07 00:00:00.000,93244167.00000000,
2024-12-07 01:00:00.000,93177190.00000000,
2024-12-07 02:00:00.000,91698817.00000000,
2024-12-07 03:00:00.000,91481192.00000000,
2024-12-07 04:00:00.000,91280353.00000000,
2024-12-07 05:00:00.000,91097901.00000000,
2024-12-07 06:00:00.000,89605450.00000000,
2024-12-07 07:00:00.000,89752030.00000000,
2024-12-07 08:00:00.000,89981686.00000000,
2024-12-07 09:00:00.000,89811199.00000000,
2024-12-07 10:00:00.000,89951490.00000000,
2024-12-07 11:00:00.000,89986639.00000000,
2024-12-07 12:00:00.000,90063548.00000000,
2024-12-07 13:00:00.000,89995071.00000000,
2024-12-07 14:00:00.000,89636165.00000000,
2024-12-07 15:00:00.000,89405754.00000000,
2024-12-07 16:00:00.000,89540363.00000000,
2024-12-07 17:00:00.000,89405252.00000000,
2024-12-07 18:00:00.000,90235165.00000000,
2024-12-07 19:00:00.000,91346121.00000000,
2024-12-07 20:00:00.000,91567804.00000000,
2024-12-07 21:00:00.000,91488426.00000000,
2024-12-07 22:00:00.000,91406313.00000000,
2024-12-07 23:00:00.000,90949051.00000000,
2024-12-08 00:00:00.000,91212875.00000000,
2024-12-08 01:00:00.000,91371604.00000000,
2024-12-08 02:00:00.000,91395534.00000000,
2024-12-08 03:00:00.000,91145920.00000000,
2024-12-08 04:00:00.000,91359973.00000000,
2024-12-08 05:00:00.000,92049640.00000000,
2024-12-08 06:00:00.000,92126593.00000000,
2024-12-08 07:00:00.000,92296071.00000000,
2024-12-08 08:00:00.000,92710638.00000000,
2024-12-08 09:00:00.000,92066137.00000000,
2024-12-08 10:00:00.000,92366451.00000000,
2024-12-08 11:00:00.000,92987683.00000000,
2024-12-08 12:00:00.000,92940821.00000000,
2024-12-08 13:00:00.000,92880351.00000000,
2024-12-08 14:00:00.000,92804131.00000000,
2024-12-08 15:00:00.000,92476146.00000000,
2024-12-08 16:00:00.000,92344697.00000000,
2024-12-08 17:00:00.000,92497021.00000000,
2024-12-08 18:00:00.000,93170558.00000000,
2024-12-08 19:00:00.000,92809389.00000000,
2024-12-08 20:00:00.000,92689229.00000000,
2024-12-08 21:00:00.000,93125160.00000000,
2024-12-08 22:00:00.000,93250353.00000000,
2024-12-08 23:00:00.000,93663830.00000000,
2024-12-09 00:00:00.000,93481219.00000000,
2024-12-09 01:00:00.000,93630351.00000000,
2024-12-09 02:00:00.000,93075788.00000000,
2024-12-09 03:00:00.000,93738245.00000000,
2024-12-09 04:00:00.000,93404898.00000000,
2024-12-09 05:00:00.000,93060175.00000000,
2024-12-09 06:00:00.000,93590131.00000000,
2024-12-09 07:00:00.000,93426668.00000000,
2024-12-09 08:00:00.000,91765511.00000000,
2024-12-09 09:00:00.000,86627351.00000000,
2024-12-09 10:00:00.000,86691723.00000000,
2024-12-09 11:00:00.000,86613051.00000000,
2024-12-09 12:00:00.000,86254626.00000000,
2024-12-09 13:00:00.000,86114894.00000000,
2024-12-09 14:00:00.000,86360155.00000000,
2024-12-09 15:00:00.000,85715575.00000000,
2024-12-09 16:00:00.000,85662004.00000000,
2024-12-09 17:00:00.000,85900218.00000000,
2024-12-09 18:00:00.000,85994753.00000000,
2024-12-09 19:00:00.000,86016927.00000000,
2024-12-09 20:00:00.000,85897420.00000000,
2024-12-09 21:00:00.000,83132315.00000000,
2024-12-09 22:00:00.000,78315055.00000000,
2024-12-09 23:00:00.000,76150637.00000000,
2024-12-10 00:00:00.000,74642441.00000000,
2024-12-10 01:00:00.000,74218769.00000000,
2024-12-10 02:00:00.000,74510074.00000000,
2024-12-10 03:00:00.000,74506205.00000000,
2024-12-10 04:00:00.000,73524041.00000000,
2024-12-10 05:00:00.000,74108696.00000000,
2024-12-10 06:00:00.000,75356053.00000000,
2024-12-10 07:00:00.000,75619187.00000000,
2024-12-10 08:00:00.000,75007217.00000000,
2024-12-10 09:00:00.000,75040566.00000000,
2024-12-10 10:00:00.000,74880512.00000000,
2024-12-10 11:00:00.000,74825297.00000000,
2024-12-10 12:00:00.000,74918194.00000000,
2024-12-10 13:00:00.000,74032107.00000000,
2024-12-10 14:00:00.000,73904094.00000000,
2024-12-10 15:00:00.000,73507998.00000000,
2024-12-10 16:00:00.000,72899520.00000000,
2024-12-10 17:00:00.000,72375132.00000000,
2024-12-10 18:00:00.000,72452121.00000000,
2024-12-10 19:00:00.000,72704006.00000000,
2024-12-10 20:00:00.000,71194422.00000000,
2024-12-10 21:00:00.000,71795088.00000000,
2024-12-10 22:00:00.000,71983421.00000000,
2024-12-10 23:00:00.000,71520433.00000000,
2024-12-11 00:00:00.000,71577541.00000000,
2024-12-11 01:00:00.000,70986088.00000000,
2024-12-11 02:00:00.000,70694612.00000000,
2024-12-11 03:00:00.000,71459078.00000000,
2024-12-11 04:00:00.000,71216202.00000000,
2024-12-11 05:00:00.000,71235854.00000000,
2024-12-11 06:00:00.000,71285607.00000000,
2024-12-11 07:00:00.000,71404290.00000000,
2024-12-11 08:00:00.000,70764583.00000000,
2024-12-11 09:00:00.000,71280864.00000000,
2024-12-11 10:00:00.000,71535139.00000000,
2024-12-11 11:00:00.000,71306013.00000000,
2024-12-11 12:00:00.000,70595480.00000000,
2024-12-11 13:00:00.000,70669498.00000000,
2024-12-11 14:00:00.000,70547999.00000000,
2024-12-11 15:00:00.000,70412357.00000000,
2024-12-11 16:00:00.000,71048538.00000000,
2024-12-11 17:00:00.000,71240647.00000000,
2024-12-11 18:00:00.000,70523952.00000000,
2024-12-11 19:00:00.000,69335462.00000000,
2024-12-11 20:00:00.000,69116856.00000000,
2024-12-11 21:00:00.000,69354284.00000000,
2024-12-11 22:00:00.000,69981334.00000000,
2024-12-11 23:00:00.000,70088501.00000000,
2024-12-12 00:00:00.000,70106585.00000000,
2024-12-12 01:00:00.000,69730357.00000000,
2024-12-12 02:00:00.000,69641454.00000000,
2024-12-12 03:00:00.000,69956517.00000000,
2024-12-12 04:00:00.000,69876027.00000000,
2024-12-12 05:00:00.000,69442867.00000000,
2024-12-12 06:00:00.000,69752035.00000000,
2024-12-12 07:00:00.000,69653682.00000000,
2024-12-12 08:00:00.000,69542715.00000000,
2024-12-12 09:00:00.000,69749532.00000000,
2024-12-12 10:00:00.000,69552368.00000000,
2024-12-12 11:00:00.000,68753640.00000000,
2024-12-12 12:00:00.000,68547527.00000000,
2024-12-12 13:00:00.000,69291002.00000000,
2024-12-12 14:00:00.000,68933397.00000000,
2024-12-12 15:00:00.000,69047836.00000000,
2024-12-12 16:00:00.000,69437859.00000000,
2024-12-12 17:00:00.000,69324628.00000000,
2024-12-12 18:00:00.000,69321985.00000000,
2024-12-12 19:00:00.000,68945020.00000000,
2024-12-12 20:00:00.000,68950625.00000000,
2024-12-12 21:00:00.000,70097357.00000000,
2024-12-12 22:00:00.000,70199810.00000000,
2024-12-12 23:00:00.000,70207138.00000000,
2024-12-13 00:00:00.000,70093609.00000000,
2024-12-13 01:00:00.000,70435194.00000000,
2024-12-13 02:00:00.000,69965471.00000000,
2024-12-13 03:00:00.000,69840239.00000000,
2024-12-13 04:00:00.000,69721085.00000000,
2024-12-13 05:00:00.000,69396851.00000000,
2024-12-13 06:00:00.000,68926083.00000000,
2024-12-13 07:00:00.000,69122650.00000000,
2024-12-13 08:00:00.000,68389265.00000000,
2024-12-13 09:00:00.000,67957937.00000000,
2024-12-13 10:00:00.000,67906391.00000000,
2024-12-13 11:00:00.000,68067036.00000000,
2024-12-13 12:00:00.000,68051180.00000000,
2024-12-13 13:00:00.000,67984391.00000000,
2024-12-13 14:00:00.000,68001058.00000000,
2024-12-13 15:00:00.000,68775615.00000000,
2024-12-13 16:00:00.000,67916273.00000000,
2024-12-13 17:00:00.000,68071807.00000000,
2024-12-13 18:00:00.000,68457016.00000000,
2024-12-13 19:00:00.000,68690312.00000000,
2024-12-13 20:00:00.000,69206054.00000000,
2024-12-13 21:00:00.000,68953349.00000000,
2024-12-13 22:00:00.000,69006510.00000000,
2024-12-13 23:00:00.000,69018303.00000000,
2024-12-14 00:00:00.000,69120858.00000000,
2024-12-14 01:00:00.000,69249317.00000000,
2024-12-14 02:00:00.000,69387385.00000000,
2024-12-14 03:00:00.000,69448462.00000000,
2024-12-14 04:00:00.000,69856882.00000000,
2024-12-14 05:00:00.000,69623223.00000000,
2024-12-14 06:00:00.000,70204825.00000000,
2024-12-14 07:00:00.000,70237187.00000000,
2024-12-14 08:00:00.000,70100689.00000000,
2024-12-14 09:00:00.000,70130603.00000000,
2024-12-14 10:00:00.000,70289015.00000000,
2024-12-14 11:00:00.000,70684458.00000000,
2024-12-14 12:00:00.000,70190797.00000000,
2024-12-14 13:00:00.000,70189279.00000000,
2024-12-14 14:00:00.000,70116760.00000000,
2024-12-14 15:00:00.000,69995459.00000000,
2024-12-14 16:00:00.000,69809657.00000000,
2024-12-14 17:00:00.000,69635727.00000000,
2024-12-14 18:00:00.000,69256376.00000000,
2024-12-14 19:00:00.000,69467787.00000000,
2024-12-14 20:00:00.000,69327786.00000000,
2024-12-14 21:00:00.000,69451972.00000000,
2024-12-14 22:00:00.000,69226609.00000000,
2024-12-14 23:00:00.000,69159294.00000000,
2024-12-15 00:00:00.000,69131576.00000000,
2024-12-15 01:00:00.000,69106292.00000000,
2024-12-15 02:00:00.000,69161225.00000000,
2024-12-15 03:00:00.000,69090241.00000000,
2024-12-15 04:00:00.000,69107929.00000000,
2024-12-15 05:00:00.000,69264530.00000000,
2024-12-15 06:00:00.000,69264690.00000000,
2024-12-15 07:00:00.000,69313135.00000000,
2024-12-15 08:00:00.000,68946552.00000000,
2024-12-15 09:00:00.000,69132614.00000000,
2024-12-15 10:00:00.000,68890495.00000000,
2024-12-15 11:00:00.000,68974174.00000000,
2024-12-15 12:00:00.000,68927946.00000000,
2024-12-15 13:00:00.000,69055429.00000000,
2024-12-15 14:00:00.000,69281660.00000000,
2024-12-15 15:00:00.000,69280938.00000000,
2024-12-15 16:00:00.000,69244480.00000000,
2024-12-15 17:00:00.000,69300153.00000000,
2024-12-15 18:00:00.000,69388701.00000000,
2024-12-15 19:00:00.000,69605937.00000000,
2024-12-15 20:00:00.000,69779955.00000000,
2024-12-15 21:00:00.000,69518006.00000000,
2024-12-15 22:00:00.000,68977131.00000000,
2024-12-15 23:00:00.000,69312797.00000000,
2024-12-16 00:00:00.000,69462703.00000000,
2024-12-16 01:00:00.000,70020350.00000000,
2024-12-16 02:00:00.000,70026831.00000000,
2024-12-16 03:00:00.000,69787935.00000000,
2024-12-16 04:00:00.000,69573174.00000000,
2024-12-16 05:00:00.000,69627797.00000000,
2024-12-16 06:00:00.000,69637339.00000000,
2024-12-16 07:00:00.000,69730147.00000000,
2024-12-16 08:00:00.000,70006140.00000000,
2024-12-16 09:00:00.000,69733119.00000000,
2024-12-16 10:00:00.000,69459981.00000000,
2024-12-16 11:00:00.000,69310040.00000000,
2024-12-16 12:00:00.000,70464222.00000000,
2024-12-16 13:00:00.000,70601198.00000000,
2024-12-16 14:00:00.000,70744652.00000000,
2024-12-16 15:00:00.000,70790583.00000000,
2024-12-16 16:00:00.000,70956587.00000000,
2024-12-16 17:00:00.000,71112683.00000000,
2024-12-16 18:00:00.000,71025581.00000000,
2024-12-16 19:00:00.000,71252319.00000000,
2024-12-16 20:00:00.000,71601139.00000000,
2024-12-16 21:00:00.000,71446993.00000000,
2024-12-16 22:00:00.000,71621308.00000000,
2024-12-16 23:00:00.000,71481503.00000000,
2024-12-17 00:00:00.000,71115002.00000000,
2024-12-17 01:00:00.000,70669457.00000000,
2024-12-17 02:00:00.000,71033279.00000000,
2024-12-17 03:00:00.000,71177316.00000000,
2024-12-17 04:00:00.000,71182875.00000000,
2024-12-17 05:00:00.000,71210127.00000000,
2024-12-17 06:00:00.000,71516428.00000000,
2024-12-17 07:00:00.000,71543202.00000000,
2024-12-17 08:00:00.000,71851990.00000000,
2024-12-17 09:00:00.000,72084156.00000000,
2024-12-17 10:00:00.000,72511745.00000000,
2024-12-17 11:00:00.000,72675341.00000000,
2024-12-17 12:00:00.000,73012899.00000000,
2024-12-17 13:00:00.000,73224243.00000000,
2024-12-17 14:00:00.000,73413166.00000000,
2024-12-17 15:00:00.000,73232024.00000000,
2024-12-17 16:00:00.000,73098841.00000000,
2024-12-17 17:00:00.000,73298279.00000000,
2024-12-17 18:00:00.000,73740663.00000000,
2024-12-17 19:00:00.000,73598108.00000000,
2024-12-17 20:00:00.000,73388718.00000000,
2024-12-17 21:00:00.000,73692692.00000000,
2024-12-17 22:00:00.000,73446416.00000000,
2024-12-17 23:00:00.000,72400538.00000000,
2024-12-18 00:00:00.000,72439457.00000000,
2024-12-18 01:00:00.000,72606542.00000000,
2024-12-18 02:00:00.000,72747590.00000000,
2024-12-18 03:00:00.000,72823332.00000000,
2024-12-18 04:00:00.000,72789319.00000000,
2024-12-18 05:00:00.000,73014347.00000000,
2024-12-18 06:00:00.000,73323631.00000000,
2024-12-18 07:00:00.000,73245735.00000000,
2024-12-18 08:00:00.000,73545570.00000000,
2024-12-18 09:00:00.000,73518450.00000000,
2024-12-18 10:00:00.000,73119455.00000000,
2024-12-18 11:00:00.000,73023154.00000000,
2024-12-18 12:00:00.000,72933336.00000000,
2024-12-18 13:00:00.000,72687393.00000000,
2024-12-18 14:00:00.000,72412034.00000000,
2024-12-18 15:00:00.000,72211724.00000000,
2024-12-18 16:00:00.000,72693768.00000000,
2024-12-18 17:00:00.000,72962840.00000000,
2024-12-18 18:00:00.000,73082217.00000000,
2024-12-18 19:00:00.000,73016942.00000000,
2024-12-18 20:00:00.000,73277133.00000000,
2024-12-18 21:00:00.000,71953929.00000000,
2024-12-18 22:00:00.000,71621822.00000000,
2024-12-18 23:00:00.000,71552637.00000000,
2024-12-19 00:00:00.000,71123234.00000000,
2024-12-19 01:00:00.000,72391921.00000000,
2024-12-19 02:00:00.000,72022308.00000000,
2024-12-19 03:00:00.000,70901166.00000000,
2024-12-19 04:00:00.000,70598626.00000000,
2024-12-19 05:00:00.000,70347813.00000000,
2024-12-19 06:00:00.000,70615251.00000000,
2024-12-19 07:00:00.000,70697854.00000000,
2024-12-19 08:00:00.000,71078120.00000000,
2024-12-19 09:00:00.000,70635465.00000000,
2024-12-19 10:00:00.000,70545489.00000000,
2024-12-19 11:00:00.000,70636901.00000000,
2024-12-19 12:00:00.000,70508964.00000000,
2024-12-19 13:00:00.000,70452087.00000000,
2024-12-19 14:00:00.000,70458860.00000000,
2024-12-19 15:00:00.000,70571843.00000000,
2024-12-19 16:00:00.000,69568276.00000000,
2024-12-19 17:00:00.000,69535254.00000000,
2024-12-19 18:00:00.000,68025656.00000000,
2024-12-19 19:00:00.000,67722672.00000000,
2024-12-19 20:00:00.000,68274866.00000000,
2024-12-19 21:00:00.000,68395637.00000000,
2024-12-19 22:00:00.000,67673929.00000000,
2024-12-19 23:00:00.000,68547991.00000000,
2024-12-20 00:00:00.000,67753383.00000000,
2024-12-20 01:00:00.000,66722753.00000000,
2024-12-20 02:00:00.000,66877282.00000000,
2024-12-20 03:00:00.000,66414351.00000000,
2024-12-20 04:00:00.000,66524803.00000000,
2024-12-20 05:00:00.000,66404301.00000000,
2024-12-20 06:00:00.000,66716645.00000000,
2024-12-20 07:00:00.000,66372753.00000000,
2024-12-20 08:00:00.000,66251587.00000000,
2024-12-20 09:00:00.000,65710230.00000000,
2024-12-20 10:00:00.000,66921478.00000000,
2024-12-20 11:00:00.000,66376366.00000000,
2024-12-20 12:00:00.000,65210601.00000000,
2024-12-20 13:00:00.000,65258549.00000000,
2024-12-20 14:00:00.000,67799046.00000000,
2024-12-20 15:00:00.000,68764149.00000000,
2024-12-20 16:00:00.000,68379534.00000000,
2024-12-20 17:00:00.000,67716322.00000000,
2024-12-20 18:00:00.000,67775696.00000000,
2024-12-20 19:00:00.000,67563881.00000000,
2024-12-20 20:00:00.000,67532568.00000000,
2024-12-20 21:00:00.000,67222102.00000000,
2024-12-20 22:00:00.000,67401888.00000000,
2024-12-20 23:00:00.000,67205048.00000000,
2024-12-21 00:00:00.000,67107675.00000000,
2024-12-21 01:00:00.000,66852484.00000000,
2024-12-21 02:00:00.000,66892334.00000000,
2024-12-21 03:00:00.000,66713148.00000000,
2024-12-21 04:00:00.000,66723259.00000000,
2024-12-21 05:00:00.000,66893104.00000000,
2024-12-21 06:00:00.000,67085816.00000000,
2024-12-21 07:00:00.000,66859972.00000000,
2024-12-21 08:00:00.000,67001664.00000000,
2024-12-21 09:00:00.000,66493530.00000000,
2024-12-21 10:00:00.000,66875150.00000000,
2024-12-21 11:00:00.000,66767099.00000000,
2024-12-21 12:00:00.000,66870471.00000000,
2024-12-21 13:00:00.000,66520130.00000000,
2024-12-21 14:00:00.000,66230571.00000000,
2024-12-21 15:00:00.000,65994288.00000000,
2024-12-21 16:00:00.000,66113313.00000000,
2024-12-21 17:00:00.000,65704345.00000000,
2024-12-21 18:00:00.000,65582699.00000000,
2024-12-21 19:00:00.000,65778966.00000000,
2024-12-21 20:00:00.000,65802889.00000000,
2024-12-21 21:00:00.000,65952505.00000000,
2024-12-21 22:00:00.000,65701328.00000000,
2024-12-21 23:00:00.000,65810432.00000000,
2024-12-22 00:00:00.000,66288296.00000000,
2024-12-22 01:00:00.000,66378196.00000000,
2024-12-22 02:00:00.000,66100040.00000000,
2024-12-22 03:00:00.000,66282771.00000000,
2024-12-22 04:00:00.000,66463024.00000000,
2024-12-22 05:00:00.000,66488480.00000000,
2024-12-22 06:00:00.000,66363205.00000000,
2024-12-22 07:00:00.000,66452575.00000000,
2024-12-22 08:00:00.000,66372025.00000000,
2024-12-22 09:00:00.000,66459953.00000000,
2024-12-22 10:00:00.000,65922324.00000000,
2024-12-22 11:00:00.000,66353435.00000000,
2024-12-22 12:00:00.000,66085219.00000000,
2024-12-22 13:00:00.000,65686399.00000000,
2024-12-22 14:00:00.000,65318686.00000000,
2024-12-22 15:00:00.000,65161826.00000000,
2024-12-22 16:00:00.000,65540299.00000000,
2024-12-22 17:00:00.000,65721360.00000000,
2024-12-22 18:00:00.000,65376015.00000000,
2024-12-22 19:00:00.000,65560200.00000000,
2024-12-22 20:00:00.000,66212233.00000000,
2024-12-22 21:00:00.000,66104098.00000000,
2024-12-22 22:00:00.000,65866220.00000000,
2024-12-22 23:00:00.000,65872496.00000000,
2024-12-23 00:00:00.000,65568174.00000000,
2024-12-23 01:00:00.000,65450633.00000000,
2024-12-23 02:00:00.000,65454905.00000000,
2024-12-23 03:00:00.000,65851513.00000000,
2024-12-23 04:00:00.000,65726637.00000000,
2024-12-23 05:00:00.000,65501529.00000000,
2024-12-23 06:00:00.000,65517520.00000000,
2024-12-23 07:00:00.000,65659810.00000000,
2024-12-23 08:00:00.000,65759023.00000000,
2024-12-23 09:00:00.000,65595613.00000000,
2024-12-23 10:00:00.000,65166046.00000000,
2024-12-23 11:00:00.000,65375130.00000000,
2024-12-23 12:00:00.000,65274123.00000000,
2024-12-23 13:00:00.000,65099511.00000000,
2024-12-23 14:00:00.000,65632190.00000000,
2024-12-23 15:00:00.000,65271735.00000000,
2024-12-23 16:00:00.000,65059626.00000000,
2024-12-23 17:00:00.000,64957622.00000000,
2024-12-23 18:00:00.000,65668107.00000000,
2024-12-23 19:00:00.000,65735722.00000000,
2024-12-23 20:00:00.000,65668048.00000000,
2024-12-23 21:00:00.000,65691583.00000000,
2024-12-23 22:00:00.000,65221459.00000000,
2024-12-23 23:00:00.000,65597361.00000000,
2024-12-24 00:00:00.000,65545420.00000000,
2024-12-24 01:00:00.000,65570867.00000000,
2024-12-24 02:00:00.000,65474473.00000000,
2024-12-24 03:00:00.000,65468908.00000000,
2024-12-24 04:00:00.000,65509551.00000000,
2024-12-24 05:00:00.000,65392790.00000000,
2024-12-24 06:00:00.000,65971339.00000000,
2024-12-24 07:00:00.000,65675780.00000000,
2024-12-24 08:00:00.000,66554347.00000000,
2024-12-24 09:00:00.000,65917211.00000000,
2024-12-24 10:00:00.000,65863280.00000000,
2024-12-24 11:00:00.000,65755946.00000000,
2024-12-24 12:00:00.000,65928763.00000000,
2024-12-24 13:00:00.000,65740619.00000000,
2024-12-24 14:00:00.000,65682370.00000000,
2024-12-24 15:00:00.000,66139981.00000000,
2024-12-24 16:00:00.000,66462486.00000000,
2024-12-24 17:00:00.000,66355107.00000000,
2024-12-24 18:00:00.000,66788600.00000000,
2024-12-24 19:00:00.000,66845434.00000000,
2024-12-24 20:00:00.000,67208083.00000000,
2024-12-24 21:00:00.000,65834402.00000000,
2024-12-24 22:00:00.000,65767396.00000000,
2024-12-24 23:00:00.000,66032450.00000000,
2024-12-25 00:00:00.000,66212953.00000000,
2024-12-25 01:00:00.000,66174284.00000000,
2024-12-25 02:00:00.000,66214027.00000000,
2024-12-25 03:00:00.000,66303071.00000000,
2024-12-25 04:00:00.000,66292760.00000000,
2024-12-25 05:00:00.000,66394434.00000000,
2024-12-25 06:00:00.000,66478748.00000000,
2024-12-25 07:00:00.000,66687530.00000000,
2024-12-25 08:00:00.000,66435907.00000000,
2024-12-25 09:00:00.000,66417435.00000000,
2024-12-25 10:00:00.000,66431229.00000000,
2024-12-25 11:00:00.000,66805792.00000000,
2024-12-25 12:00:00.000,66723306.00000000,
2024-12-25 13:00:00.000,66786620.00000000,
2024-12-25 14:00:00.000,66520767.00000000,
2024-12-25 15:00:00.000,66898551.00000000,
2024-12-25 16:00:00.000,66908479.00000000,
2024-12-25 17:00:00.000,67446247.00000000,
2024-12-25 18:00:00.000,67403897.00000000,
2024-12-25 19:00:00.000,67426605.00000000,
2024-12-25 20:00:00.000,67283886.00000000,
2024-12-25 21:00:00.000,67313991.00000000,
2024-12-25 22:00:00.000,66773402.00000000,
2024-12-25 23:00:00.000,66636867.00000000,
2024-12-26 00:00:00.000,66578321.00000000,
2024-12-26 01:00:00.000,66387260.00000000,
2024-12-26 02:00:00.000,66316937.00000000,
2024-12-26 03:00:00.000,66550830.00000000,
2024-12-26 04:00:00.000,66976220.00000000,
2024-12-26 05:00:00.000,66566978.00000000,
2024-12-26 06:00:00.000,66493417.00000000,
2024-12-26 07:00:00.000,66299957.00000000,
2024-12-26 08:00:00.000,66230450.00000000,
2024-12-26 09:00:00.000,65867766.00000000,
2024-12-26 10:00:00.000,66323409.00000000,
2024-12-26 11:00:00.000,66574805.00000000,
2024-12-26 12:00:00.000,66708043.00000000,
2024-12-26 13:00:00.000,66915816.00000000,
2024-12-26 14:00:00.000,66544112.00000000,
2024-12-26 15:00:00.000,66797371.00000000,
2024-12-26 16:00:00.000,66434360.00000000,
2024-12-26 17:00:00.000,66429784.00000000,
2024-12-26 18:00:00.000,66672782.00000000,
2024-12-26 19:00:00.000,66637561.00000000,
2024-12-26 20:00:00.000,66999417.00000000,
2024-12-26 21:00:00.000,67434306.00000000,
2024-12-26 22:00:00.000,66754090.00000000,
2024-12-26 23:00:00.000,66848110.00000000,
2024-12-27 00:00:00.000,66987090.00000000,
2024-12-27 01:00:00.000,66604969.00000000,
2024-12-27 02:00:00.000,67227977.00000000,
2024-12-27 03:00:00.000,66794899.00000000,
2024-12-27 04:00:00.000,66658747.00000000,
2024-12-27 05:00:00.000,66816041.00000000,
2024-12-27 06:00:00.000,67359236.00000000,
2024-12-27 07:00:00.000,67098675.00000000,
2024-12-27 08:00:00.000,66972126.00000000,
2024-12-27 09:00:00.000,66828510.00000000,
2024-12-27 10:00:00.000,66975268.00000000,
2024-12-27 11:00:00.000,66360484.00000000,
2024-12-27 12:00:00.000,66398980.00000000,
2024-12-27 13:00:00.000,66156643.00000000,
2024-12-27 14:00:00.000,66024432.00000000,
2024-12-27 15:00:00.000,66297102.00000000,
2024-12-27 16:00:00.000,67017175.00000000,
2024-12-27 17:00:00.000,67199216.00000000,
2024-12-27 18:00:00.000,66753113.00000000,
2024-12-27 19:00:00.000,66669337.00000000,
2024-12-27 20:00:00.000,66856388.00000000,
2024-12-27 21:00:00.000,66737576.00000000,
2024-12-27 22:00:00.000,66700513.00000000,
2024-12-27 23:00:00.000,66660854.00000000,
2024-12-28 00:00:00.000,66513782.00000000,
2024-12-28 01:00:00.000,66442094.00000000,
2024-12-28 02:00:00.000,66546391.00000000,
2024-12-28 03:00:00.000,66488739.00000000,
2024-12-28 04:00:00.000,66541338.00000000,
2024-12-28 05:00:00.000,66515145.00000000,
2024-12-28 06:00:00.000,66405652.00000000,
2024-12-28 07:00:00.000,66582200.00000000,
2024-12-28 08:00:00.000,66543839.00000000,
2024-12-28 09:00:00.000,66623945.00000000,
2024-12-28 10:00:00.000,66686090.00000000,
2024-12-28 11:00:00.000,66786671.00000000,
2024-12-28 12:00:00.000,66738009.00000000,
2024-12-28 13:00:00.000,67155116.00000000,
2024-12-28 14:00:00.000,67133463.00000000,
2024-12-28 15:00:00.000,67460646.00000000,
2024-12-28 16:00:00.000,67604411.00000000,
2024-12-28 17:00:00.000,67740801.00000000,
2024-12-28 18:00:00.000,68220465.00000000,
2024-12-28 19:00:00.000,68215528.00000000,
2024-12-28 20:00:00.000,68142966.00000000,
2024-12-28 21:00:00.000,68217826.00000000,
2024-12-28 22:00:00.000,68054650.00000000,
2024-12-28 23:00:00.000,68097481.00000000,
2024-12-29 00:00:00.000,67791644.00000000,
2024-12-29 01:00:00.000,67894050.00000000,
2024-12-29 02:00:00.000,67664723.00000000,
2024-12-29 03:00:00.000,67883246.00000000,
2024-12-29 04:00:00.000,67971811.00000000,
2024-12-29 05:00:00.000,67967397.00000000,
2024-12-29 06:00:00.000,67905945.00000000,
2024-12-29 07:00:00.000,68303037.00000000,
2024-12-29 08:00:00.000,68242878.00000000,
2024-12-29 09:00:00.000,68278995.00000000,
2024-12-29 10:00:00.000,68316568.00000000,
2024-12-29 11:00:00.000,69111088.00000000,
2024-12-29 12:00:00.000,68153185.00000000,
2024-12-29 13:00:00.000,68237590.00000000,
2024-12-29 14:00:00.000,68159703.00000000,
2024-12-29 15:00:00.000,69861479.00000000,
2024-12-29 16:00:00.000,70276122.00000000,
2024-12-29 17:00:00.000,71404746.00000000,
2024-12-29 18:00:00.000,71405897.00000000,
2024-12-29 19:00:00.000,70449165.00000000,
2024-12-29 20:00:00.000,71797068.00000000,
2024-12-29 21:00:00.000,71539464.00000000,
2024-12-29 22:00:00.000,71294734.00000000,
2024-12-29 23:00:00.000,70960320.00000000,
2024-12-30 00:00:00.000,70930484.00000000,
2024-12-30 01:00:00.000,71082445.00000000,
2024-12-30 02:00:00.000,72391276.00000000,
2024-12-30 03:00:00.000,72221579.00000000,
2024-12-30 04:00:00.000,72054094.00000000,
2024-12-30 05:00:00.000,72061504.00000000,
2024-12-30 06:00:00.000,72037338.00000000,
2024-12-30 07:00:00.000,71250047.00000000,
2024-12-30 08:00:00.000,71112341.00000000,
2024-12-30 09:00:00.000,71644823.00000000,
2024-12-30 10:00:00.000,71539173.00000000,
2024-12-30 11:00:00.000,71086793.00000000,
2024-12-30 12:00:00.000,71063514.00000000,
2024-12-30 13:00:00.000,70838202.00000000,
2024-12-30 14:00:00.000,68810293.00000000,
2024-12-30 15:00:00.000,69948728.00000000,
2024-12-30 16:00:00.000,69507905.00000000,
2024-12-30 17:00:00.000,69324350.00000000,
2024-12-30 18:00:00.000,70147935.00000000,
2024-12-30 19:00:00.000,69758760.00000000,
2024-12-30 20:00:00.000,69670027.00000000,
2024-12-30 21:00:00.000,69496843.00000000,
2024-12-30 22:00:00.000,69341280.00000000,
2024-12-30 23:00:00.000,69280981.00000000,
2024-12-31 00:00:00.000,69342756.00000000,
2024-12-31 01:00:00.000,71422798.00000000,
2024-12-31 02:00:00.000,71200050.00000000,
2024-12-31 03:00:00.000,71083862.00000000,
2024-12-31 04:00:00.000,71144472.00000000,
2024-12-31 05:00:00.000,71125227.00000000,
2024-12-31 06:00:00.000,71060364.00000000,
2024-12-31 07:00:00.000,71078851.00000000,
2024-12-31 08:00:00.000,71150133.00000000,
2024-12-31 09:00:00.000,70161890.00000000,
2024-12-31 10:00:00.000,70442500.00000000,
2024-12-31 11:00:00.000,69859679.00000000,
2024-12-31 12:00:00.000,70010350.00000000,
2024-12-31 13:00:00.000,69917254.00000000,
2024-12-31 14:00:00.000,69727434.00000000,
2024-12-31 15:00:00.000,69668635.00000000,
2024-12-31 16:00:00.000,69924645.00000000,
2024-12-31 17:00:00.000,69884461.00000000,
2024-12-31 18:00:00.000,69552074.00000000,
2024-12-31 19:00:00.000,69618179.00000000,
2024-12-31 20:00:00.000,69760843.00000000,
2024-12-31 21:00:00.000,70235679.00000000,
2024-12-31 22:00:00.000,70036894.00000000,
2024-12-31 23:00:00.000,69833833.00000000,
2025-01-01 00:00:00.000,69836503.00000000,
2025-01-01 01:00:00.000,70022564.00000000,
2025-01-01 02:00:00.000,69613046.00000000,
2025-01-01 03:00:00.000,69560360.00000000,
2025-01-01 04:00:00.000,69760742.00000000,
2025-01-01 05:00:00.000,69598099.00000000,
2025-01-01 06:00:00.000,69574198.00000000,
2025-01-01 07:00:00.000,69585126.00000000,
2025-01-01 08:00:00.000,69569171.00000000,
2025-01-01 09:00:00.000,69731056.00000000,
2025-01-01 10:00:00.000,69190295.00000000,
2025-01-01 11:00:00.000,69043268.00000000,
2025-01-01 12:00:00.000,69899163.00000000,
2025-01-01 13:00:00.000,69876807.00000000,
2025-01-01 14:00:00.000,70313772.00000000,
2025-01-01 15:00:00.000,70096650.00000000,
2025-01-01 16:00:00.000,70018226.00000000,
2025-01-01 17:00:00.000,70058272.00000000,
2025-01-01 18:00:00.000,70499613.00000000,
2025-01-01 19:00:00.000,70804044.00000000,
2025-01-01 20:00:00.000,69677464.00000000,
2025-01-01 21:00:00.000,69615568.00000000,
2025-01-01 22:00:00.000,69244544.00000000,
2025-01-01 23:00:00.000,69296732.00000000,
2025-01-02 00:00:00.000,69602970.00000000,
2025-01-02 01:00:00.000,69805721.00000000,
2025-01-02 02:00:00.000,69722523.00000000,
2025-01-02 03:00:00.000,69724403.00000000,
2025-01-02 04:00:00.000,69672406.00000000,
2025-01-02 05:00:00.000,69541333.00000000,
2025-01-02 06:00:00.000,69708497.00000000,
2025-01-02 07:00:00.000,69459174.00000000,
2025-01-02 08:00:00.000,69724415.00000000,
2025-01-02 09:00:00.000,69892727.00000000,
2025-01-02 10:00:00.000,69777548.00000000,
2025-01-02 11:00:00.000,69346460.00000000,
2025-01-02 12:00:00.000,69069927.00000000,
2025-01-02 13:00:00.000,69037195.00000000,
2025-01-02 14:00:00.000,69024984.00000000,
2025-01-02 15:00:00.000,68580704.00000000,
2025-01-02 16:00:00.000,68698983.00000000,
2025-01-02 17:00:00.000,68323399.00000000,
2025-01-02 18:00:00.000,68293426.00000000,
2025-01-02 19:00:00.000,68609552.00000000,
2025-01-02 20:00:00.000,68520767.00000000,
2025-01-02 21:00:00.000,68478721.00000000,
2025-01-02 22:00:00.000,68840443.00000000,
2025-01-02 23:00:00.000,68873069.00000000,
2025-01-03 00:00:00.000,68848646.00000000,
2025-01-03 01:00:00.000,69132631.00000000,
2025-01-03 02:00:00.000,69008434.00000000,
2025-01-03 03:00:00.000,68891742.00000000,
2025-01-03 04:00:00.000,69350829.00000000,
2025-01-03 05:00:00.000,69719858.00000000,
2025-01-03 06:00:00.000,69445625.00000000,
2025-01-03 07:00:00.000,69420535.00000000,
2025-01-03 08:00:00.000,69477763.00000000,
2025-01-03 09:00:00.000,69494986.00000000,
2025-01-03 10:00:00.000,69888784.00000000,
2025-01-03 11:00:00.000,70098636.00000000,
2025-01-03 12:00:00.000,70242812.00000000,
2025-01-03 13:00:00.000,70861497.00000000,
2025-01-03 14:00:00.000,70566100.00000000,
2025-01-03 15:00:00.000,71099131.00000000,
2025-01-03 16:00:00.000,71013426.00000000,
2025-01-03 17:00:00.000,71717431.00000000,
2025-01-03 18:00:00.000,71342406.00000000,
2025-01-03 19:00:00.000,71386808.00000000,
2025-01-03 20:00:00.000,71246206.00000000,
2025-01-03 21:00:00.000,71274924.00000000,
2025-01-03 22:00:00.000,71333596.00000000,
2025-01-03 23:00:00.000,71623253.00000000,
2025-01-04 00:00:00.000,71735967.00000000,
2025-01-04 01:00:00.000,71934547.00000000,
2025-01-04 02:00:00.000,71595395.00000000,
2025-01-04 03:00:00.000,71834380.00000000,
2025-01-04 04:00:00.000,72677990.00000000,
2025-01-04 05:00:00.000,72105005.00000000,
2025-01-04 06:00:00.000,73156701.00000000,
2025-01-04 07:00:00.000,74066354.00000000,
2025-01-04 08:00:00.000,72825216.00000000,
2025-01-04 09:00:00.000,71805081.00000000,
2025-01-04 10:00:00.000,71670544.00000000,
2025-01-04 11:00:00.000,71442004.00000000,
2025-01-04 12:00:00.000,71978634.00000000,
2025-01-04 13:00:00.000,72025563.00000000,
2025-01-04 14:00:00.000,72426520.00000000,
2025-01-04 15:00:00.000,72482001.00000000,
2025-01-04 16:00:00.000,71674707.00000000,
2025-01-04 17:00:00.000,72162546.00000000,
2025-01-04 18:00:00.000,72126866.00000000,
2025-01-04 19:00:00.000,71909201.00000000,
2025-01-04 20:00:00.000,71876721.00000000,
2025-01-04 21:00:00.000,72570348.00000000,
2025-01-04 22:00:00.000,72165342.00000000,
2025-01-04 23:00:00.000,71538689.00000000,
2025-01-05 00:00:00.000,71912290.00000000,
2025-01-05 01:00:00.000,71677685.00000000,
2025-01-05 02:00:00.000,71613897.00000000,
2025-01-05 03:00:00.000,71671454.00000000,
2025-01-05 04:00:00.000,71698731.00000000,
2025-01-05 05:00:00.000,71781811.00000000,
2025-01-05 06:00:00.000,71672948.00000000,
2025-01-05 07:00:00.000,71799793.00000000,
2025-01-05 08:00:00.000,71975167.00000000,
2025-01-05 09:00:00.000,72115342.00000000,
2025-01-05 10:00:00.000,72187214.00000000,
2025-01-05 11:00:00.000,71835912.00000000,
2025-01-05 12:00:00.000,71791624.00000000,
2025-01-05 13:00:00.000,71731837.00000000,
2025-01-05 14:00:00.000,71649096.00000000,
2025-01-05 15:00:00.000,71956399.00000000,
2025-01-05 16:00:00.000,71838587.00000000,
2025-01-05 17:00:00.000,71936071.00000000,
2025-01-05 18:00:00.000,71807214.00000000,
2025-01-05 19:00:00.000,72280173.00000000,
2025-01-05 20:00:00.000,72285833.00000000,
2025-01-05 21:00:00.000,74037433.00000000,
2025-01-05 22:00:00.000,74490864.00000000,
2025-01-05 23:00:00.000,74630722.00000000,
2025-01-06 00:00:00.000,73841113.00000000,
2025-01-06 01:00:00.000,73431553.00000000,
2025-01-06 02:00:00.000,73283547.00000000,
2025-01-06 03:00:00.000,73273958.00000000,
2025-01-06 04:00:00.000,73625584.00000000,
2025-01-06 05:00:00.000,73499702.00000000,
2025-01-06 06:00:00.000,73717079.00000000,
2025-01-06 07:00:00.000,73614395.00000000,
2025-01-06 08:00:00.000,73459834.00000000,
2025-01-06 09:00:00.000,73280499.00000000,
2025-01-06 10:00:00.000,73104816.00000000,
2025-01-06 11:00:00.000,73262635.00000000,
2025-01-06 12:00:00.000,73509326.00000000,
2025-01-06 13:00:00.000,73606062.00000000,
2025-01-06 14:00:00.000,73422192.00000000,
2025-01-06 15:00:00.000,73825933.00000000,
2025-01-06 16:00:00.000,73109137.00000000,
2025-01-06 17:00:00.000,74264843.00000000,
2025-01-06 18:00:00.000,73437309.00000000,
2025-01-06 19:00:00.000,73327805.00000000,
2025-01-06 20:00:00.000,73434072.00000000,
2025-01-06 21:00:00.000,73493505.00000000,
2025-01-06 22:00:00.000,73440082.00000000,
2025-01-06 23:00:00.000,73555922.00000000,
2025-01-07 00:00:00.000,73548623.00000000,
2025-01-07 01:00:00.000,73504290.00000000,
2025-01-07 02:00:00.000,73542401.00000000,
2025-01-07 03:00:00.000,73372389.00000000,
2025-01-07 04:00:00.000,73242520.00000000,
2025-01-07 05:00:00.000,73138726.00000000,
2025-01-07 06:00:00.000,73099952.00000000,
2025-01-07 07:00:00.000,73316257.00000000,
2025-01-07 08:00:00.000,73333961.00000000,
2025-01-07 09:00:00.000,73660667.00000000,
2025-01-07 10:00:00.000,73184295.00000000,
2025-01-07 11:00:00.000,73255735.00000000,
2025-01-07 12:00:00.000,72824696.00000000,
2025-01-07 13:00:00.000,73304055.00000000,
2025-01-07 14:00:00.000,73294523.00000000,
2025-01-07 15:00:00.000,72653569.00000000,
2025-01-07 16:00:00.000,71223666.00000000,
2025-01-07 17:00:00.000,70479990.00000000,
2025-01-07 18:00:00.000,69461387.00000000,
2025-01-07 19:00:00.000,69577453.00000000,
2025-01-07 20:00:00.000,69604134.00000000,
2025-01-07 21:00:00.000,69092032.00000000,
2025-01-07 22:00:00.000,68928113.00000000,
2025-01-07 23:00:00.000,68560377.00000000,
2025-01-08 00:00:00.000,68669361.00000000,
2025-01-08 01:00:00.000,68627369.00000000,
2025-01-08 02:00:00.000,68565889.00000000,
2025-01-08 03:00:00.000,68245905.00000000,
2025-01-08 04:00:00.000,68326824.00000000,
2025-01-08 05:00:00.000,68311318.00000000,
2025-01-08 06:00:00.000,68008629.00000000,
2025-01-08 07:00:00.000,67458679.00000000,
2025-01-08 08:00:00.000,67674821.00000000,
2025-01-08 09:00:00.000,68756292.00000000,
2025-01-08 10:00:00.000,68319090.00000000,
2025-01-08 11:00:00.000,68403525.00000000,
2025-01-08 12:00:00.000,67953365.00000000,
2025-01-08 13:00:00.000,68209192.00000000,
2025-01-08 14:00:00.000,68056610.00000000,
2025-01-08 15:00:00.000,67851958.00000000,
2025-01-08 16:00:00.000,67402819.00000000,
2025-01-08 17:00:00.000,67528277.00000000,
2025-01-08 18:00:00.000,68962758.00000000,
2025-01-08 19:00:00.000,67321908.00000000,
2025-01-08 20:00:00.000,67099270.00000000,
2025-01-08 21:00:00.000,67270790.00000000,
2025-01-08 22:00:00.000,67099608.00000000,
2025-01-08 23:00:00.000,66737631.00000000,
2025-01-09 00:00:00.000,66732323.00000000,
2025-01-09 01:00:00.000,66961107.00000000,
2025-01-09 02:00:00.000,67081169.00000000,
2025-01-09 03:00:00.000,67249325.00000000,
2025-01-09 04:00:00.000,66920849.00000000,
2025-01-09 05:00:00.000,66483121.00000000,
2025-01-09 06:00:00.000,65835702.00000000,
2025-01-09 07:00:00.000,65658857.00000000,
2025-01-09 08:00:00.000,65602040.00000000,
2025-01-09 09:00:00.000,66142148.00000000,
2025-01-09 10:00:00.000,66172787.00000000,
2025-01-09 11:00:00.000,66565350.00000000,
2025-01-09 12:00:00.000,65934081.00000000,
2025-01-09 13:00:00.000,65164326.00000000,
2025-01-09 14:00:00.000,65360966.00000000,
2025-01-09 15:00:00.000,65583630.00000000,
2025-01-09 16:00:00.000,66812416.00000000,
2025-01-09 17:00:00.000,66791663.00000000,
2025-01-09 18:00:00.000,66327327.00000000,
2025-01-09 19:00:00.000,66612118.00000000,
2025-01-09 20:00:00.000,66896339.00000000,
2025-01-09 21:00:00.000,66418677.00000000,
2025-01-09 22:00:00.000,66576521.00000000,
2025-01-09 23:00:00.000,66435650.00000000,
2025-01-10 00:00:00.000,66309183.00000000,
2025-01-10 01:00:00.000,66709435.00000000,
2025-01-10 02:00:00.000,66936086.00000000,
2025-01-10 03:00:00.000,66746299.00000000,
2025-01-10 04:00:00.000,67296806.00000000,
2025-01-10 05:00:00.000,66899230.00000000,
2025-01-10 06:00:00.000,67093092.00000000,
2025-01-10 07:00:00.000,67007783.00000000,
2025-01-10 08:00:00.000,66679077.00000000,
2025-01-10 09:00:00.000,66752293.00000000,
2025-01-10 10:00:00.000,66834204.00000000,
2025-01-10 11:00:00.000,66739118.00000000,
2025-01-10 12:00:00.000,66392457.00000000,
2025-01-10 13:00:00.000,66530495.00000000,
2025-01-10 14:00:00.000,66319946.00000000,
2025-01-10 15:00:00.000,66531186.00000000,
2025-01-10 16:00:00.000,66116319.00000000,
2025-01-10 17:00:00.000,66123804.00000000,
2025-01-10 18:00:00.000,66041207.00000000,
2025-01-10 19:00:00.000,66399026.00000000,
2025-01-10 20:00:00.000,66245763.00000000,
2025-01-10 21:00:00.000,65922692.00000000,
2025-01-10 22:00:00.000,65875592.00000000,
2025-01-10 23:00:00.000,65823786.00000000,
2025-01-11 00:00:00.000,65850284.00000000,
2025-01-11 01:00:00.000,66301682.00000000,
2025-01-11 02:00:00.000,66391069.00000000,
2025-01-11 03:00:00.000,66418744.00000000,
2025-01-11 04:00:00.000,65882633.00000000,
2025-01-11 05:00:00.000,65828772.00000000,
2025-01-11 06:00:00.000,65894550.00000000,
2025-01-11 07:00:00.000,66228529.00000000,
2025-01-11 08:00:00.000,66345669.00000000,
2025-01-11 09:00:00.000,66067125.00000000,
2025-01-11 10:00:00.000,66225899.00000000,
2025-01-11 11:00:00.000,66214417.00000000,
2025-01-11 12:00:00.000,66303757.00000000,
2025-01-11 13:00:00.000,66264490.00000000,
2025-01-11 14:00:00.000,66184770.00000000,
2025-01-11 15:00:00.000,66246461.00000000,
2025-01-11 16:00:00.000,66262356.00000000,
2025-01-11 17:00:00.000,66776505.00000000,
2025-01-11 18:00:00.000,66332709.00000000,
2025-01-11 19:00:00.000,66227567.00000000,
2025-01-11 20:00:00.000,66108504.00000000,
2025-01-11 21:00:00.000,66187854.00000000,
2025-01-11 22:00:00.000,66319028.00000000,
2025-01-11 23:00:00.000,65765601.00000000,
2025-01-12 00:00:00.000,65558770.00000000,
2025-01-12 01:00:00.000,65536041.00000000,
2025-01-12 02:00:00.000,65540780.00000000,
2025-01-12 03:00:00.000,65522956.00000000,
2025-01-12 04:00:00.000,65452149.00000000,
2025-01-12 05:00:00.000,65567564.00000000,
2025-01-12 06:00:00.000,65417661.00000000,
2025-01-12 07:00:00.000,65357641.00000000,
2025-01-12 08:00:00.000,65273446.00000000,
2025-01-12 09:00:00.000,65295600.00000000,
2025-01-12 10:00:00.000,65172451.00000000,
2025-01-12 11:00:00.000,65142611.00000000,
2025-01-12 12:00:00.000,65279054.00000000,
2025-01-12 13:00:00.000,65310377.00000000,
2025-01-12 14:00:00.000,65244437.00000000,
2025-01-12 15:00:00.000,64952045.00000000,
2025-01-12 16:00:00.000,65310752.00000000,
2025-01-12 17:00:00.000,65044197.00000000,
2025-01-12 18:00:00.000,64936811.00000000,
2025-01-12 19:00:00.000,64977480.00000000,
2025-01-12 20:00:00.000,65079323.00000000,
2025-01-12 21:00:00.000,65090497.00000000,
2025-01-12 22:00:00.000,65454892.00000000,
2025-01-12 23:00:00.000,65622083.00000000,
2025-01-13 00:00:00.000,65564975.00000000,
2025-01-13 01:00:00.000,65197691.00000000,
2025-01-13 02:00:00.000,65154244.00000000,
2025-01-13 03:00:00.000,65709322.00000000,
2025-01-13 04:00:00.000,65732122.00000000,
2025-01-13 05:00:00.000,65138906.00000000,
2025-01-13 06:00:00.000,64322570.00000000,
2025-01-13 07:00:00.000,64241939.00000000,
2025-01-13 08:00:00.000,64414472.00000000,
2025-01-13 09:00:00.000,65239695.00000000,
2025-01-13 10:00:00.000,65043953.00000000,
2025-01-13 11:00:00.000,65536451.00000000,
2025-01-13 12:00:00.000,67058322.00000000,
2025-01-13 13:00:00.000,67447125.00000000,
2025-01-13 14:00:00.000,67664517.00000000,
2025-01-13 15:00:00.000,69200509.00000000,
2025-01-13 16:00:00.000,69162941.00000000,
2025-01-13 17:00:00.000,68108064.00000000,
2025-01-13 18:00:00.000,68138662.00000000,
2025-01-13 19:00:00.000,67945572.00000000,
2025-01-13 20:00:00.000,67770478.00000000,
2025-01-13 21:00:00.000,67857856.00000000,
2025-01-13 22:00:00.000,67667420.00000000,
2025-01-13 23:00:00.000,67311599.00000000,
2025-01-14 00:00:00.000,66954192.00000000,
2025-01-14 01:00:00.000,66953519.00000000,
2025-01-14 02:00:00.000,66839527.00000000,
2025-01-14 03:00:00.000,67259802.00000000,
2025-01-14 04:00:00.000,67097796.00000000,
2025-01-14 05:00:00.000,67099392.00000000,
2025-01-14 06:00:00.000,67173863.00000000,
2025-01-14 07:00:00.000,67289578.00000000,
2025-01-14 08:00:00.000,67207461.00000000,
2025-01-14 09:00:00.000,67300889.00000000,
2025-01-14 10:00:00.000,68032207.00000000,
2025-01-14 11:00:00.000,68238944.00000000,
2025-01-14 12:00:00.000,67932266.00000000,
2025-01-14 13:00:00.000,67646148.00000000,
2025-01-14 14:00:00.000,68229612.00000000,
2025-01-14 15:00:00.000,68104425.00000000,
2025-01-14 16:00:00.000,68180642.00000000,
2025-01-14 17:00:00.000,67625734.00000000,
2025-01-14 18:00:00.000,67416398.00000000,
2025-01-14 19:00:00.000,67483240.00000000,
2025-01-14 20:00:00.000,67445201.00000000,
2025-01-14 21:00:00.000,66661979.00000000,
2025-01-14 22:00:00.000,66720936.00000000,
2025-01-14 23:00:00.000,66444022.00000000,
2025-01-15 00:00:00.000,66330493.00000000,
2025-01-15 01:00:00.000,66296714.00000000,
2025-01-15 02:00:00.000,66905051.00000000,
2025-01-15 03:00:00.000,66975105.00000000,
2025-01-15 04:00:00.000,66922926.00000000,
2025-01-15 05:00:00.000,66839379.00000000,
2025-01-15 06:00:00.000,66815875.00000000,
2025-01-15 07:00:00.000,67007408.00000000,
2025-01-15 08:00:00.000,67133926.00000000,
2025-01-15 09:00:00.000,68165413.00000000,
2025-01-15 10:00:00.000,67747029.00000000,
2025-01-15 11:00:00.000,68133201.00000000,
2025-01-15 12:00:00.000,67911159.00000000,
2025-01-15 13:00:00.000,67958991.00000000,
2025-01-15 14:00:00.000,69631719.00000000,
2025-01-15 15:00:00.000,69952789.00000000,
2025-01-15 16:00:00.000,70711337.00000000,
2025-01-15 17:00:00.000,70499850.00000000,
2025-01-15 18:00:00.000,70195363.00000000,
2025-01-15 19:00:00.000,69303574.00000000,
2025-01-15 20:00:00.000,69191679.00000000,
2025-01-15 21:00:00.000,68859866.00000000,
2025-01-15 22:00:00.000,69032571.00000000,
2025-01-15 23:00:00.000,69220304.00000000,
2025-01-16 00:00:00.000,69449650.00000000,
2025-01-16 01:00:00.000,69202324.00000000,
2025-01-16 02:00:00.000,69865218.00000000,
2025-01-16 03:00:00.000,69638096.00000000,
2025-01-16 04:00:00.000,69809007.00000000,
2025-01-16 05:00:00.000,69973123.00000000,
2025-01-16 06:00:00.000,70059785.00000000,
2025-01-16 07:00:00.000,70207234.00000000,
2025-01-16 08:00:00.000,70440030.00000000,
2025-01-16 09:00:00.000,70526256.00000000,
2025-01-16 10:00:00.000,70598031.00000000,
2025-01-16 11:00:00.000,70869145.00000000,
2025-01-16 12:00:00.000,71251359.00000000,
2025-01-16 13:00:00.000,71727031.00000000,
2025-01-16 14:00:00.000,71961693.00000000,
2025-01-16 15:00:00.000,71892167.00000000,
2025-01-16 16:00:00.000,72081689.00000000,
2025-01-16 17:00:00.000,73559033.00000000,
2025-01-16 18:00:00.000,72698766.00000000,
2025-01-16 19:00:00.000,72749914.00000000,
2025-01-16 20:00:00.000,73274372.00000000,
2025-01-16 21:00:00.000,73460340.00000000,
2025-01-16 22:00:00.000,73481278.00000000,
2025-01-16 23:00:00.000,72886774.00000000,
2025-01-17 00:00:00.000,73332919.00000000,
2025-01-17 01:00:00.000,73201899.00000000,
2025-01-17 02:00:00.000,73352855.00000000,
2025-01-17 03:00:00.000,74819813.00000000,
2025-01-17 04:00:00.000,74471887.00000000,
2025-01-17 05:00:00.000,74664593.00000000,
2025-01-17 06:00:00.000,74320202.00000000,
2025-01-17 07:00:00.000,74048464.00000000,
2025-01-17 08:00:00.000,74690895.00000000,
2025-01-17 09:00:00.000,75119421.00000000,
2025-01-17 10:00:00.000,76255970.00000000,
2025-01-17 11:00:00.000,76956830.00000000,
2025-01-17 12:00:00.000,76714760.00000000,
2025-01-17 13:00:00.000,74583292.00000000,
2025-01-17 14:00:00.000,74741046.00000000,
2025-01-17 15:00:00.000,75595535.00000000,
2025-01-17 16:00:00.000,75014568.00000000,
2025-01-17 17:00:00.000,74638732.00000000,
2025-01-17 18:00:00.000,74333201.00000000,
2025-01-17 19:00:00.000,74368364.00000000,
2025-01-17 20:00:00.000,76263978.00000000,
2025-01-17 21:00:00.000,75582913.00000000,
2025-01-17 22:00:00.000,75080836.00000000,
2025-01-17 23:00:00.000,74975716.00000000,
2025-01-18 00:00:00.000,75086763.00000000,
2025-01-18 01:00:00.000,76427248.00000000,
2025-01-18 02:00:00.000,76306792.00000000,
2025-01-18 03:00:00.000,76594125.00000000,
2025-01-18 04:00:00.000,74292752.00000000,
2025-01-18 05:00:00.000,73891857.00000000,
2025-01-18 06:00:00.000,73505175.00000000,
2025-01-18 07:00:00.000,73822224.00000000,
2025-01-18 08:00:00.000,73480428.00000000,
2025-01-18 09:00:00.000,73064860.00000000,
2025-01-18 10:00:00.000,73070679.00000000,
2025-01-18 11:00:00.000,72885585.00000000,
2025-01-18 12:00:00.000,72943411.00000000,
2025-01-18 13:00:00.000,72842662.00000000,
2025-01-18 14:00:00.000,73046456.00000000,
2025-01-18 15:00:00.000,72964753.00000000,
2025-01-18 16:00:00.000,73433577.00000000,
2025-01-18 17:00:00.000,73156680.00000000,
2025-01-18 18:00:00.000,73732151.00000000,
2025-01-18 19:00:00.000,73790060.00000000,
2025-01-18 20:00:00.000,73784057.00000000,
2025-01-18 21:00:00.000,73665958.00000000,
2025-01-18 22:00:00.000,73624728.00000000,
2025-01-18 23:00:00.000,73462684.00000000,
2025-01-19 00:00:00.000,73861152.00000000,
2025-01-19 01:00:00.000,73676389.00000000,
2025-01-19 02:00:00.000,73648102.00000000,
2025-01-19 03:00:00.000,73686965.00000000,
2025-01-19 04:00:00.000,73633421.00000000,
2025-01-19 05:00:00.000,73394408.00000000,
2025-01-19 06:00:00.000,73761740.00000000,
2025-01-19 07:00:00.000,73880648.00000000,
2025-01-19 08:00:00.000,73894902.00000000,
2025-01-19 09:00:00.000,72993851.00000000,
2025-01-19 10:00:00.000,74259442.00000000,
2025-01-19 11:00:00.000,74130641.00000000,
2025-01-19 12:00:00.000,74941444.00000000,
2025-01-19 13:00:00.000,75155855.00000000,
2025-01-19 14:00:00.000,74784455.00000000,
2025-01-19 15:00:00.000,74604670.00000000,
2025-01-19 16:00:00.000,74545958.00000000,
2025-01-19 17:00:00.000,74387750.00000000,
2025-01-19 18:00:00.000,74656475.00000000,
2025-01-19 19:00:00.000,74710552.00000000,
2025-01-19 20:00:00.000,74605288.00000000,
2025-01-19 21:00:00.000,74142764.00000000,
2025-01-19 22:00:00.000,76285309.00000000,
2025-01-19 23:00:00.000,76496202.00000000,
2025-01-20 00:00:00.000,76899514.00000000,
2025-01-20 01:00:00.000,76931092.00000000,
2025-01-20 02:00:00.000,76812657.00000000,
2025-01-20 03:00:00.000,76969348.00000000,
2025-01-20 04:00:00.000,77066230.00000000,
2025-01-20 05:00:00.000,77384673.00000000,
2025-01-20 06:00:00.000,77520593.00000000,
2025-01-20 07:00:00.000,78352578.00000000,
2025-01-20 08:00:00.000,76431457.00000000,
2025-01-20 09:00:00.000,76340754.00000000,
2025-01-20 10:00:00.000,75900939.00000000,
2025-01-20 11:00:00.000,76692190.00000000,
2025-01-20 12:00:00.000,75845511.00000000,
2025-01-20 13:00:00.000,75976761.00000000,
2025-01-20 14:00:00.000,76203718.00000000,
2025-01-20 15:00:00.000,76044683.00000000,
2025-01-20 16:00:00.000,76218109.00000000,
2025-01-20 17:00:00.000,76326558.00000000,
2025-01-20 18:00:00.000,76461924.00000000,
2025-01-20 19:00:00.000,77066092.00000000,
2025-01-20 20:00:00.000,77110531.00000000,
2025-01-20 21:00:00.000,76925775.00000000,
2025-01-20 22:00:00.000,75784003.00000000,
2025-01-20 23:00:00.000,75794970.00000000,
2025-01-21 00:00:00.000,75574408.00000000,
2025-01-21 01:00:00.000,76236837.00000000,
2025-01-21 02:00:00.000,76150391.00000000,
2025-01-21 03:00:00.000,76575822.00000000,
2025-01-21 04:00:00.000,76751965.00000000,
2025-01-21 05:00:00.000,76887114.00000000,
2025-01-21 06:00:00.000,77373808.00000000,
2025-01-21 07:00:00.000,77686554.00000000,
2025-01-21 08:00:00.000,77273007.00000000,
2025-01-21 09:00:00.000,76885123.00000000,
2025-01-21 10:00:00.000,76951609.00000000,
2025-01-21 11:00:00.000,76578128.00000000,
2025-01-21 12:00:00.000,76452902.00000000,
2025-01-21 13:00:00.000,76784716.00000000,
2025-01-21 14:00:00.000,76402793.00000000,
2025-01-21 15:00:00.000,76650942.00000000,
2025-01-21 16:00:00.000,77087965.00000000,
2025-01-21 17:00:00.000,76930844.00000000,
2025-01-21 18:00:00.000,77201147.00000000,
2025-01-21 19:00:00.000,77414320.00000000,
2025-01-21 20:00:00.000,77333256.00000000,
2025-01-21 21:00:00.000,77127601.00000000,
2025-01-21 22:00:00.000,76270282.00000000,
2025-01-21 23:00:00.000,76187629.00000000,
2025-01-22 00:00:00.000,75984213.00000000,
2025-01-22 01:00:00.000,76151027.00000000,
2025-01-22 02:00:00.000,76193199.00000000,
2025-01-22 03:00:00.000,76236447.00000000,
2025-01-22 04:00:00.000,76039326.00000000,
2025-01-22 05:00:00.000,75929576.00000000,
2025-01-22 06:00:00.000,76085931.00000000,
2025-01-22 07:00:00.000,76188346.00000000,
2025-01-22 08:00:00.000,76034128.00000000,
2025-01-22 09:00:00.000,76050817.00000000,
2025-01-22 10:00:00.000,75952106.00000000,
2025-01-22 11:00:00.000,76126163.00000000,
2025-01-22 12:00:00.000,76184395.00000000,
2025-01-22 13:00:00.000,75898586.00000000,
2025-01-22 14:00:00.000,75920142.00000000,
2025-01-22 15:00:00.000,75711513.00000000,
2025-01-22 16:00:00.000,75724404.00000000,
2025-01-22 17:00:00.000,75714600.00000000,
2025-01-22 18:00:00.000,75862281.00000000,
2025-01-22 19:00:00.000,75693340.00000000,
2025-01-22 20:00:00.000,75833691.00000000,
2025-01-22 21:00:00.000,75838097.00000000,
2025-01-22 22:00:00.000,75876506.00000000,
2025-01-22 23:00:00.000,75872278.00000000,
2025-01-23 00:00:00.000,75905932.00000000,
2025-01-23 01:00:00.000,76357557.00000000,
2025-01-23 02:00:00.000,75892947.00000000,
2025-01-23 03:00:00.000,75800172.00000000,
2025-01-23 04:00:00.000,75254759.00000000,
2025-01-23 05:00:00.000,75214423.00000000,
2025-01-23 06:00:00.000,75446600.00000000,
2025-01-23 07:00:00.000,75316860.00000000,
2025-01-23 08:00:00.000,75217218.00000000,
2025-01-23 09:00:00.000,75726970.00000000,
2025-01-23 10:00:00.000,75864279.00000000,
2025-01-23 11:00:00.000,76000034.00000000,
2025-01-23 12:00:00.000,75767463.00000000,
2025-01-23 13:00:00.000,75657223.00000000,
2025-01-23 14:00:00.000,75703332.00000000,
2025-01-23 15:00:00.000,75745813.00000000,
2025-01-23 16:00:00.000,75468557.00000000,
2025-01-23 17:00:00.000,75332861.00000000,
2025-01-23 18:00:00.000,75767162.00000000,
2025-01-23 19:00:00.000,75675937.00000000,
2025-01-23 20:00:00.000,75991752.00000000,
2025-01-23 21:00:00.000,75876453.00000000,
2025-01-23 22:00:00.000,75958988.00000000,
2025-01-23 23:00:00.000,75466523.00000000,
2025-01-24 00:00:00.000,75075204.00000000,
2025-01-24 01:00:00.000,75156030.00000000,
2025-01-24 02:00:00.000,75554774.00000000,
2025-01-24 03:00:00.000,75708440.00000000,
2025-01-24 04:00:00.000,76238287.00000000,
2025-01-24 05:00:00.000,76158826.00000000,
2025-01-24 06:00:00.000,76370578.00000000,
2025-01-24 07:00:00.000,76572225.00000000,
2025-01-24 08:00:00.000,76711767.00000000,
2025-01-24 09:00:00.000,77026178.00000000,
2025-01-24 10:00:00.000,76790647.00000000,
2025-01-24 11:00:00.000,76643106.00000000,
2025-01-24 12:00:00.000,76632109.00000000,
2025-01-24 13:00:00.000,76437665.00000000,
2025-01-24 14:00:00.000,76536122.00000000,
2025-01-24 15:00:00.000,76979692.00000000,
2025-01-24 16:00:00.000,76774004.00000000,
2025-01-24 17:00:00.000,76875742.00000000,
2025-01-24 18:00:00.000,76908191.00000000,
2025-01-24 19:00:00.000,77386298.00000000,
2025-01-24 20:00:00.000,77279200.00000000,
2025-01-24 21:00:00.000,77601659.00000000,
2025-01-24 22:00:00.000,77574117.00000000,
2025-01-24 23:00:00.000,77572050.00000000,
2025-01-25 00:00:00.000,77800836.00000000,
2025-01-25 01:00:00.000,77851454.00000000,
2025-01-25 02:00:00.000,77732423.00000000,
2025-01-25 03:00:00.000,77729433.00000000,
2025-01-25 04:00:00.000,77833283.00000000,
2025-01-25 05:00:00.000,77835421.00000000,
2025-01-25 06:00:00.000,78329745.00000000,
2025-01-25 07:00:00.000,78455934.00000000,
2025-01-25 08:00:00.000,78503115.00000000,
2025-01-25 09:00:00.000,78529036.00000000,
2025-01-25 10:00:00.000,78232650.00000000,
2025-01-25 11:00:00.000,78682076.00000000,
2025-01-25 12:00:00.000,78629303.00000000,
2025-01-25 13:00:00.000,78610538.00000000,
2025-01-25 14:00:00.000,78714332.00000000,
2025-01-25 15:00:00.000,78634738.00000000,
2025-01-25 16:00:00.000,78888868.00000000,
2025-01-25 17:00:00.000,78907651.00000000,
2025-01-25 18:00:00.000,79071898.00000000,
2025-01-25 19:00:00.000,78853834.00000000,
2025-01-25 20:00:00.000,78901896.00000000,
2025-01-25 21:00:00.000,78896317.00000000,
2025-01-25 22:00:00.000,78851034.00000000,
2025-01-25 23:00:00.000,78248721.00000000,
2025-01-26 00:00:00.000,78177796.00000000,
2025-01-26 01:00:00.000,78088804.00000000,
2025-01-26 02:00:00.000,78131260.00000000,
2025-01-26 03:00:00.000,78062239.00000000,
2025-01-26 04:00:00.000,78324633.00000000,
2025-01-26 05:00:00.000,78405823.00000000,
2025-01-26 06:00:00.000,78633382.00000000,
2025-01-26 07:00:00.000,78353903.00000000,
2025-01-26 08:00:00.000,78301300.00000000,
2025-01-26 09:00:00.000,78579740.00000000,
2025-01-26 10:00:00.000,78531328.00000000,
2025-01-26 11:00:00.000,78829341.00000000,
2025-01-26 12:00:00.000,78809005.00000000,
2025-01-26 13:00:00.000,79028548.00000000,
2025-01-26 14:00:00.000,79528085.00000000,
2025-01-26 15:00:00.000,80057144.00000000,
2025-01-26 16:00:00.000,80394274.00000000,
2025-01-26 17:00:00.000,80782322.00000000,
2025-01-26 18:00:00.000,81096058.00000000,
2025-01-26 19:00:00.000,81632692.00000000,
2025-01-26 20:00:00.000,81834753.00000000,
2025-01-26 21:00:00.000,81958620.00000000,
2025-01-26 22:00:00.000,82072526.00000000,
2025-01-26 23:00:00.000,82067106.00000000,
2025-01-27 00:00:00.000,82715433.00000000,
2025-01-27 01:00:00.000,81769088.00000000,
2025-01-27 02:00:00.000,81600751.00000000,
2025-01-27 03:00:00.000,81728723.00000000,
2025-01-27 04:00:00.000,81961665.00000000,
2025-01-27 05:00:00.000,81972831.00000000,
2025-01-27 06:00:00.000,82129733.00000000,
2025-01-27 07:00:00.000,82434079.00000000,
2025-01-27 08:00:00.000,82269540.00000000,
2025-01-27 09:00:00.000,82007740.00000000,
2025-01-27 10:00:00.000,82960084.00000000,
2025-01-27 11:00:00.000,83109461.00000000,
2025-01-27 12:00:00.000,82774846.00000000,
2025-01-27 13:00:00.000,82910715.00000000,
2025-01-27 14:00:00.000,83109905.00000000,
2025-01-27 15:00:00.000,82795551.00000000,
2025-01-27 16:00:00.000,82511826.00000000,
2025-01-27 17:00:00.000,82625758.00000000,
2025-01-27 18:00:00.000,82712560.00000000,
2025-01-27 19:00:00.000,82654443.00000000,
2025-01-27 20:00:00.000,83171379.00000000,
2025-01-27 21:00:00.000,82776751.00000000,
2025-01-27 22:00:00.000,81783687.00000000,
2025-01-27 23:00:00.000,81381344.00000000,
2025-01-28 00:00:00.000,81460569.00000000,
2025-01-28 01:00:00.000,81871489.00000000,
2025-01-28 02:00:00.000,81874597.00000000,
2025-01-28 03:00:00.000,81803925.00000000,
2025-01-28 04:00:00.000,81630821.00000000,
2025-01-28 05:00:00.000,82282195.00000000,
2025-01-28 06:00:00.000,82178571.00000000,
2025-01-28 07:00:00.000,82136386.00000000,
2025-01-28 08:00:00.000,82863149.00000000,
2025-01-28 09:00:00.000,82548295.00000000,
2025-01-28 10:00:00.000,83066128.00000000,
2025-01-28 11:00:00.000,83750504.00000000,
2025-01-28 12:00:00.000,83739753.00000000,
2025-01-28 13:00:00.000,83547603.00000000,
2025-01-28 14:00:00.000,84562230.00000000,
2025-01-28 15:00:00.000,85629193.00000000,
2025-01-28 16:00:00.000,85951188.00000000,
2025-01-28 17:00:00.000,85869861.00000000,
2025-01-28 18:00:00.000,87462644.00000000,
2025-01-28 19:00:00.000,86386191.00000000,
2025-01-28 20:00:00.000,86625277.00000000,
2025-01-28 21:00:00.000,86949821.00000000,
2025-01-28 22:00:00.000,87549933.00000000,
2025-01-28 23:00:00.000,87150168.00000000,
2025-01-29 00:00:00.000,87177628.00000000,
2025-01-29 01:00:00.000,86979836.00000000,
2025-01-29 02:00:00.000,86586169.00000000,
2025-01-29 03:00:00.000,86220767.00000000,
2025-01-29 04:00:00.000,86056411.00000000,
2025-01-29 05:00:00.000,85977772.00000000,
2025-01-29 06:00:00.000,85865676.00000000,
2025-01-29 07:00:00.000,85973105.00000000,
2025-01-29 08:00:00.000,85576720.00000000,
2025-01-29 09:00:00.000,85506954.00000000,
2025-01-29 10:00:00.000,86231116.00000000,
2025-01-29 11:00:00.000,86438937.00000000,
2025-01-29 12:00:00.000,86574053.00000000,
2025-01-29 13:00:00.000,86624430.00000000,
2025-01-29 14:00:00.000,86852316.00000000,
2025-01-29 15:00:00.000,86968123.00000000,
2025-01-29 16:00:00.000,87039240.00000000,
2025-01-29 17:00:00.000,86917122.00000000,
2025-01-29 18:00:00.000,86694684.00000000,
2025-01-29 19:00:00.000,86799381.00000000,
2025-01-29 20:00:00.000,86402334.00000000,
2025-01-29 21:00:00.000,86400472.00000000,
2025-01-29 22:00:00.000,86804530.00000000,
2025-01-29 23:00:00.000,86902251.00000000,
2025-01-30 00:00:00.000,87081232.00000000,
2025-01-30 01:00:00.000,86977563.00000000,
2025-01-30 02:00:00.000,86935053.00000000,
2025-01-30 03:00:00.000,87334947.00000000,
2025-01-30 04:00:00.000,87120914.00000000,
2025-01-30 05:00:00.000,87808692.00000000,
2025-01-30 06:00:00.000,87814456.00000000,
2025-01-30 07:00:00.000,87936707.00000000,
2025-01-30 08:00:00.000,87954993.00000000,
2025-01-30 09:00:00.000,88021571.00000000,
2025-01-30 10:00:00.000,87363455.00000000,
2025-01-30 11:00:00.000,87926484.00000000,
2025-01-30 12:00:00.000,88116906.00000000,
2025-01-30 13:00:00.000,88022067.00000000,
2025-01-30 14:00:00.000,88188581.00000000,
2025-01-30 15:00:00.000,88325036.00000000,
2025-01-30 16:00:00.000,88274800.00000000,
2025-01-30 17:00:00.000,88147876.00000000,
2025-01-30 18:00:00.000,88255121.00000000,
2025-01-30 19:00:00.000,88228553.00000000,
2025-01-30 20:00:00.000,88046541.00000000,
2025-01-30 21:00:00.000,88083750.00000000,
2025-01-30 22:00:00.000,88806442.00000000,
2025-01-30 23:00:00.000,88441329.00000000,
2025-01-31 00:00:00.000,88389433.00000000,
2025-01-31 01:00:00.000,88158088.00000000,
2025-01-31 02:00:00.000,88217024.00000000,
2025-01-31 03:00:00.000,88050087.00000000,
2025-01-31 04:00:00.000,88108271.00000000,
2025-01-31 05:00:00.000,88095327.00000000,
2025-01-31 06:00:00.000,88206571.00000000,
2025-01-31 07:00:00.000,89127934.00000000,
2025-01-31 08:00:00.000,88684032.00000000,
2025-01-31 09:00:00.000,88629749.00000000,
2025-01-31 10:00:00.000,88684007.00000000,
2025-01-31 11:00:00.000,88691827.00000000,
2025-01-31 12:00:00.000,89347170.00000000,
2025-01-31 13:00:00.000,89911699.00000000,
2025-01-31 14:00:00.000,89407019.00000000,
2025-01-31 15:00:00.000,89702834.00000000,
2025-01-31 16:00:00.000,89878386.00000000,
2025-01-31 17:00:00.000,89670743.00000000,
2025-01-31 18:00:00.000,89657532.00000000,
2025-01-31 19:00:00.000,89719820.00000000,
2025-01-31 20:00:00.000,89622723.00000000,
2025-01-31 21:00:00.000,89248104.00000000,
2025-01-31 22:00:00.000,89176823.00000000,
2025-01-31 23:00:00.000,88969023.00000000,
2025-02-01 00:00:00.000,88823062.00000000,
2025-02-01 01:00:00.000,88786917.00000000,
2025-02-01 02:00:00.000,88615826.00000000,
2025-02-01 03:00:00.000,88737466.00000000,
2025-02-01 04:00:00.000,88725236.00000000,
2025-02-01 05:00:00.000,88858705.00000000,
2025-02-01 06:00:00.000,88861823.00000000,
2025-02-01 07:00:00.000,88656667.00000000,
2025-02-01 08:00:00.000,88680258.00000000,
2025-02-01 09:00:00.000,88707272.00000000,
2025-02-01 10:00:00.000,88837738.00000000,
2025-02-01 11:00:00.000,88899177.00000000,
2025-02-01 12:00:00.000,89006508.00000000,
2025-02-01 13:00:00.000,88833287.00000000,
2025-02-01 14:00:00.000,88693987.00000000,
2025-02-01 15:00:00.000,89080689.00000000,
2025-02-01 16:00:00.000,89973659.00000000,
2025-02-01 17:00:00.000,90117457.00000000,
2025-02-01 18:00:00.000,90314817.00000000,
2025-02-01 19:00:00.000,90285770.00000000,
2025-02-01 20:00:00.000,91246009.00000000,
2025-02-01 21:00:00.000,91129643.00000000,
2025-02-01 22:00:00.000,90722163.00000000,
2025-02-01 23:00:00.000,90322598.00000000,
2025-02-02 00:00:00.000,90835330.00000000,
2025-02-02 01:00:00.000,90014147.00000000,
2025-02-02 02:00:00.000,89542396.00000000,
2025-02-02 03:00:00.000,89208092.00000000,
2025-02-02 04:00:00.000,89973831.00000000,
2025-02-02 05:00:00.000,89728316.00000000,
2025-02-02 06:00:00.000,89745086.00000000,
2025-02-02 07:00:00.000,89828828.00000000,
2025-02-02 08:00:00.000,89810290.00000000,
2025-02-02 09:00:00.000,89615909.00000000,
2025-02-02 10:00:00.000,90144262.00000000,
2025-02-02 11:00:00.000,89870382.00000000,
2025-02-02 12:00:00.000,90397085.00000000,
2025-02-02 13:00:00.000,90149367.00000000,
2025-02-02 14:00:00.000,91308893.00000000,
2025-02-02 15:00:00.000,90530200.00000000,
2025-02-02 16:00:00.000,91248377.00000000,
2025-02-02 17:00:00.000,89941523.00000000,
2025-02-02 18:00:00.000,89907924.00000000,
2025-02-02 19:00:00.000,90683017.00000000,
2025-02-02 20:00:00.000,90650016.00000000,
2025-02-02 21:00:00.000,90421284.00000000,
2025-02-02 22:00:00.000,89675475.00000000,
2025-02-02 23:00:00.000,86280533.00000000,
2025-02-03 00:00:00.000,87003347.00000000,
2025-02-03 01:00:00.000,84380107.00000000,
2025-02-03 02:00:00.000,75671146.00000000,
2025-02-03 03:00:00.000,74897072.00000000,
2025-02-03 04:00:00.000,74817260.00000000,
2025-02-03 05:00:00.000,72963905.00000000,
2025-02-03 06:00:00.000,71634199.00000000,
2025-02-03 07:00:00.000,81020928.00000000,
2025-02-03 08:00:00.000,78289365.00000000,
2025-02-03 09:00:00.000,77235460.00000000,
2025-02-03 10:00:00.000,76554760.00000000,
2025-02-03 11:00:00.000,75897584.00000000,
2025-02-03 12:00:00.000,75514188.00000000,
2025-02-03 13:00:00.000,75882082.00000000,
2025-02-03 14:00:00.000,75557428.00000000,
2025-02-03 15:00:00.000,75473372.00000000,
2025-02-03 16:00:00.000,74239926.00000000,
2025-02-03 17:00:00.000,75548706.00000000,
2025-02-03 18:00:00.000,74594050.00000000,
2025-02-03 19:00:00.000,74784788.00000000,
2025-02-03 20:00:00.000,75496795.00000000,
2025-02-03 21:00:00.000,74954174.00000000,
2025-02-03 22:00:00.000,75130601.00000000,
2025-02-03 23:00:00.000,74635245.00000000,
2025-02-04 00:00:00.000,74722917.00000000,
2025-02-04 01:00:00.000,74659215.00000000,
2025-02-04 02:00:00.000,74736419.00000000,
2025-02-04 03:00:00.000,75861018.00000000,
2025-02-04 04:00:00.000,75865326.00000000,
2025-02-04 05:00:00.000,76153274.00000000,
2025-02-04 06:00:00.000,75939598.00000000,
2025-02-04 07:00:00.000,75962545.00000000,
2025-02-04 08:00:00.000,75447373.00000000,
2025-02-04 09:00:00.000,75449761.00000000,
2025-02-04 10:00:00.000,75319467.00000000,
2025-02-04 11:00:00.000,75662807.00000000,
2025-02-04 12:00:00.000,76075266.00000000,
2025-02-04 13:00:00.000,76233088.00000000,
2025-02-04 14:00:00.000,76195021.00000000,
2025-02-04 15:00:00.000,76126505.00000000,
2025-02-04 16:00:00.000,76018313.00000000,
2025-02-04 17:00:00.000,75708550.00000000,
2025-02-04 18:00:00.000,75438977.00000000,
2025-02-04 19:00:00.000,75167146.00000000,
2025-02-04 20:00:00.000,74080204.00000000,
2025-02-04 21:00:00.000,74554263.00000000,
2025-02-04 22:00:00.000,74457612.00000000,
2025-02-04 23:00:00.000,73926805.00000000,
2025-02-05 00:00:00.000,73307970.00000000,
2025-02-05 01:00:00.000,73463509.00000000,
2025-02-05 02:00:00.000,73656937.00000000,
2025-02-05 03:00:00.000,73627801.00000000,
2025-02-05 04:00:00.000,73828531.00000000,
2025-02-05 05:00:00.000,74540215.00000000,
2025-02-05 06:00:00.000,74069689.00000000,
2025-02-05 07:00:00.000,73942739.00000000,
2025-02-05 08:00:00.000,74080190.00000000,
2025-02-05 09:00:00.000,74015004.00000000,
2025-02-05 10:00:00.000,73980295.00000000,
2025-02-05 11:00:00.000,74098654.00000000,
2025-02-05 12:00:00.000,74089669.00000000,
2025-02-05 13:00:00.000,74381130.00000000,
2025-02-05 14:00:00.000,74345692.00000000,
2025-02-05 15:00:00.000,74487932.00000000,
2025-02-05 16:00:00.000,74495605.00000000,
2025-02-05 17:00:00.000,74267603.00000000,
2025-02-05 18:00:00.000,74103862.00000000,
2025-02-05 19:00:00.000,73794600.00000000,
2025-02-05 20:00:00.000,73947326.00000000,
2025-02-05 21:00:00.000,73531458.00000000,
2025-02-05 22:00:00.000,73751124.00000000,
2025-02-05 23:00:00.000,73596773.00000000,
2025-02-06 00:00:00.000,74636903.00000000,
2025-02-06 01:00:00.000,74285647.00000000,
2025-02-06 02:00:00.000,74319278.00000000,
2025-02-06 03:00:00.000,74292553.00000000,
2025-02-06 04:00:00.000,74327446.00000000,
2025-02-06 05:00:00.000,74235134.00000000,
2025-02-06 06:00:00.000,74420076.00000000,
2025-02-06 07:00:00.000,74478498.00000000,
2025-02-06 08:00:00.000,74795980.00000000,
2025-02-06 09:00:00.000,75024733.00000000,
2025-02-06 10:00:00.000,75129122.00000000,
2025-02-06 11:00:00.000,75171985.00000000,
2025-02-06 12:00:00.000,75503597.00000000,
2025-02-06 13:00:00.000,75954020.00000000,
2025-02-06 14:00:00.000,76503830.00000000,
2025-02-06 15:00:00.000,76530126.00000000,
2025-02-06 16:00:00.000,76469933.00000000,
2025-02-06 17:00:00.000,76674053.00000000,
2025-02-06 18:00:00.000,76839698.00000000,
2025-02-06 19:00:00.000,76891553.00000000,
2025-02-06 20:00:00.000,76582904.00000000,
2025-02-06 21:00:00.000,76513649.00000000,
2025-02-06 22:00:00.000,76316139.00000000,
2025-02-06 23:00:00.000,76018730.00000000,
2025-02-07 00:00:00.000,75858556.00000000,
2025-02-07 01:00:00.000,75802567.00000000,
2025-02-07 02:00:00.000,75434005.00000000,
2025-02-07 03:00:00.000,75758580.00000000,
2025-02-07 04:00:00.000,75619972.00000000,
2025-02-07 05:00:00.000,75683603.00000000,
2025-02-07 06:00:00.000,76597108.00000000,
2025-02-07 07:00:00.000,76544803.00000000,
2025-02-07 08:00:00.000,76254462.00000000,
2025-02-07 09:00:00.000,76080056.00000000,
2025-02-07 10:00:00.000,75884046.00000000,
2025-02-07 11:00:00.000,75601403.00000000,
2025-02-07 12:00:00.000,75674722.00000000,
2025-02-07 13:00:00.000,76014477.00000000,
2025-02-07 14:00:00.000,75863143.00000000,
2025-02-07 15:00:00.000,75410147.00000000,
2025-02-07 16:00:00.000,75084052.00000000,
2025-02-07 17:00:00.000,75701813.00000000,
2025-02-07 18:00:00.000,75271713.00000000,
2025-02-07 19:00:00.000,75208118.00000000,
2025-02-07 20:00:00.000,75186245.00000000,
2025-02-07 21:00:00.000,75562480.00000000,
2025-02-07 22:00:00.000,75651735.00000000,
2025-02-07 23:00:00.000,76048031.00000000,
2025-02-08 00:00:00.000,76197277.00000000,
2025-02-08 01:00:00.000,76103136.00000000,
2025-02-08 02:00:00.000,75900344.00000000,
2025-02-08 03:00:00.000,75882771.00000000,
2025-02-08 04:00:00.000,76043299.00000000,
2025-02-08 05:00:00.000,76349658.00000000,
2025-02-08 06:00:00.000,76244551.00000000,
2025-02-08 07:00:00.000,76583283.00000000,
2025-02-08 08:00:00.000,76390843.00000000,
2025-02-08 09:00:00.000,76416678.00000000,
2025-02-08 10:00:00.000,75938663.00000000,
2025-02-08 11:00:00.000,75772620.00000000,
2025-02-08 12:00:00.000,75775949.00000000,
2025-02-08 13:00:00.000,75895959.00000000,
2025-02-08 14:00:00.000,75904024.00000000,
2025-02-08 15:00:00.000,75944692.00000000,
2025-02-08 16:00:00.000,75989279.00000000,
2025-02-08 17:00:00.000,76037959.00000000,
2025-02-08 18:00:00.000,75686027.00000000,
2025-02-08 19:00:00.000,75751984.00000000,
2025-02-08 20:00:00.000,75767555.00000000,
2025-02-08 21:00:00.000,75849905.00000000,
2025-02-08 22:00:00.000,75327303.00000000,
2025-02-08 23:00:00.000,75027094.00000000,
2025-02-09 00:00:00.000,75098104.00000000,
2025-02-09 01:00:00.000,75019684.00000000,
2025-02-09 02:00:00.000,75187532.00000000,
2025-02-09 03:00:00.000,75025572.00000000,
2025-02-09 04:00:00.000,75397207.00000000,
2025-02-09 05:00:00.000,75521014.00000000,
2025-02-09 06:00:00.000,75105847.00000000,
2025-02-09 07:00:00.000,74974417.00000000,
2025-02-09 08:00:00.000,76181584.00000000,
2025-02-09 09:00:00.000,75727673.00000000,
2025-02-09 10:00:00.000,75479848.00000000,
2025-02-09 11:00:00.000,75380937.00000000,
2025-02-09 12:00:00.000,74923698.00000000,
2025-02-09 13:00:00.000,74877421.00000000,
2025-02-09 14:00:00.000,74420344.00000000,
2025-02-09 15:00:00.000,74687524.00000000,
2025-02-09 16:00:00.000,74569023.00000000,
2025-02-09 17:00:00.000,74456593.00000000,
2025-02-09 18:00:00.000,74303914.00000000,
2025-02-09 19:00:00.000,74523198.00000000,
2025-02-09 20:00:00.000,74038736.00000000,
2025-02-09 21:00:00.000,74331502.00000000,
2025-02-09 22:00:00.000,73914555.00000000,
2025-02-09 23:00:00.000,74299749.00000000,
2025-02-10 00:00:00.000,73718264.00000000,
2025-02-10 01:00:00.000,73853402.00000000,
2025-02-10 02:00:00.000,74910173.00000000,
2025-02-10 03:00:00.000,77574022.00000000,
2025-02-10 04:00:00.000,76767243.00000000,
2025-02-10 05:00:00.000,76816619.00000000,
2025-02-10 06:00:00.000,75560450.00000000,
2025-02-10 07:00:00.000,75525377.00000000,
2025-02-10 08:00:00.000,75503356.00000000,
2025-02-10 09:00:00.000,75368834.00000000,
2025-02-10 10:00:00.000,75179752.00000000,
2025-02-10 11:00:00.000,75430387.00000000,
2025-02-10 12:00:00.000,78192375.00000000,
2025-02-10 13:00:00.000,78956353.00000000,
2025-02-10 14:00:00.000,78993489.00000000,
2025-02-10 15:00:00.000,79797406.00000000,
2025-02-10 16:00:00.000,79759045.00000000,
2025-02-10 17:00:00.000,79892576.00000000,
2025-02-10 18:00:00.000,80447139.00000000,
2025-02-10 19:00:00.000,80763964.00000000,
2025-02-10 20:00:00.000,80742360.00000000,
2025-02-10 21:00:00.000,80935790.00000000,
2025-02-10 22:00:00.000,80541995.00000000,
2025-02-10 23:00:00.000,80477305.00000000,
2025-02-11 00:00:00.000,80476570.00000000,
2025-02-11 01:00:00.000,80339567.00000000,
2025-02-11 02:00:00.000,80088981.00000000,
2025-02-11 03:00:00.000,80168845.00000000,
2025-02-11 04:00:00.000,80080477.00000000,
2025-02-11 05:00:00.000,80687023.00000000,
2025-02-11 06:00:00.000,80739384.00000000,
2025-02-11 07:00:00.000,80585849.00000000,
2025-02-11 08:00:00.000,80469952.00000000,
2025-02-11 09:00:00.000,80487047.00000000,
2025-02-11 10:00:00.000,81458241.00000000,
2025-02-11 11:00:00.000,81561822.00000000,
2025-02-11 12:00:00.000,81696934.00000000,
2025-02-11 13:00:00.000,81521587.00000000,
2025-02-11 14:00:00.000,80656460.00000000,
2025-02-11 15:00:00.000,80681222.00000000,
2025-02-11 16:00:00.000,80836682.00000000,
2025-02-11 17:00:00.000,80596819.00000000,
2025-02-11 18:00:00.000,80809190.00000000,
2025-02-11 19:00:00.000,80478603.00000000,
2025-02-11 20:00:00.000,80409030.00000000,
2025-02-11 21:00:00.000,80122671.00000000,
2025-02-11 22:00:00.000,80084190.00000000,
2025-02-11 23:00:00.000,79329386.00000000,
2025-02-12 00:00:00.000,79694055.00000000,
2025-02-12 01:00:00.000,79322453.00000000,
2025-02-12 02:00:00.000,79196927.00000000,
2025-02-12 03:00:00.000,79255198.00000000,
2025-02-12 04:00:00.000,79027602.00000000,
2025-02-12 05:00:00.000,78876860.00000000,
2025-02-12 06:00:00.000,78890051.00000000,
2025-02-12 07:00:00.000,79019529.00000000,
2025-02-12 08:00:00.000,79140828.00000000,
2025-02-12 09:00:00.000,79155302.00000000,
2025-02-12 10:00:00.000,79394246.00000000,
2025-02-12 11:00:00.000,79035444.00000000,
2025-02-12 12:00:00.000,79591179.00000000,
2025-02-12 13:00:00.000,79674105.00000000,
2025-02-12 14:00:00.000,80414368.00000000,
2025-02-12 15:00:00.000,80740001.00000000,
2025-02-12 16:00:00.000,80696713.00000000,
2025-02-12 17:00:00.000,81227650.00000000,
2025-02-12 18:00:00.000,81344057.00000000,
2025-02-12 19:00:00.000,81180038.00000000,
2025-02-12 20:00:00.000,80853647.00000000,
2025-02-12 21:00:00.000,80564725.00000000,
2025-02-12 22:00:00.000,80637574.00000000,
2025-02-12 23:00:00.000,80754902.00000000,
2025-02-13 00:00:00.000,80649620.00000000,
2025-02-13 01:00:00.000,80742473.00000000,
2025-02-13 02:00:00.000,81069920.00000000,
2025-02-13 03:00:00.000,80957943.00000000,
2025-02-13 04:00:00.000,81052776.00000000,
2025-02-13 05:00:00.000,80608011.00000000,
2025-02-13 06:00:00.000,80695551.00000000,
2025-02-13 07:00:00.000,80272138.00000000,
2025-02-13 08:00:00.000,80650735.00000000,
2025-02-13 09:00:00.000,81065644.00000000,
2025-02-13 10:00:00.000,81059290.00000000,
2025-02-13 11:00:00.000,81171202.00000000,
2025-02-13 12:00:00.000,81309032.00000000,
2025-02-13 13:00:00.000,80853103.00000000,
2025-02-13 14:00:00.000,81143695.00000000,
2025-02-13 15:00:00.000,81158803.00000000,
2025-02-13 16:00:00.000,81151677.00000000,
2025-02-13 17:00:00.000,82236330.00000000,
2025-02-13 18:00:00.000,81924748.00000000,
2025-02-13 19:00:00.000,81905183.00000000,
2025-02-13 20:00:00.000,81934374.00000000,
2025-02-13 21:00:00.000,82648633.00000000,
2025-02-13 22:00:00.000,82791995.00000000,
2025-02-13 23:00:00.000,82615003.00000000,
2025-02-14 00:00:00.000,82440233.00000000,
2025-02-14 01:00:00.000,82322928.00000000,
2025-02-14 02:00:00.000,82274540.00000000,
2025-02-14 03:00:00.000,82033355.00000000,
2025-02-14 04:00:00.000,81998094.00000000,
2025-02-14 05:00:00.000,82275720.00000000,
2025-02-14 06:00:00.000,82252393.00000000,
2025-02-14 07:00:00.000,82166827.00000000,
2025-02-14 08:00:00.000,82166864.00000000,
2025-02-14 09:00:00.000,82185195.00000000,
2025-02-14 10:00:00.000,82279232.00000000,
2025-02-14 11:00:00.000,81985493.00000000,
2025-02-14 12:00:00.000,81632809.00000000,
2025-02-14 13:00:00.000,81375782.00000000,
2025-02-14 14:00:00.000,81437082.00000000,
2025-02-14 15:00:00.000,81826515.00000000,
2025-02-14 16:00:00.000,81825865.00000000,
2025-02-14 17:00:00.000,81814131.00000000,
2025-02-14 18:00:00.000,81877191.00000000,
2025-02-14 19:00:00.000,82362215.00000000,
2025-02-14 20:00:00.000,82391336.00000000,
2025-02-14 21:00:00.000,82096559.00000000,
2025-02-14 22:00:00.000,82401726.00000000,
2025-02-14 23:00:00.000,82137477.00000000,
2025-02-15 00:00:00.000,82124454.00000000,
2025-02-15 01:00:00.000,82004217.00000000,
2025-02-15 02:00:00.000,82127241.00000000,
2025-02-15 03:00:00.000,82136813.00000000,
2025-02-15 04:00:00.000,84709113.00000000,
2025-02-15 05:00:00.000,84794234.00000000,
2025-02-15 06:00:00.000,84188453.00000000,
2025-02-15 07:00:00.000,84147792.00000000,
2025-02-15 08:00:00.000,83731752.00000000,
2025-02-15 09:00:00.000,83846536.00000000,
2025-02-15 10:00:00.000,83595960.00000000,
2025-02-15 11:00:00.000,83533669.00000000,
2025-02-15 12:00:00.000,83634537.00000000,
2025-02-15 13:00:00.000,83804756.00000000,
2025-02-15 14:00:00.000,83697283.00000000,
2025-02-15 15:00:00.000,83833844.00000000,
2025-02-15 16:00:00.000,83238728.00000000,
2025-02-15 17:00:00.000,83062542.00000000,
2025-02-15 18:00:00.000,83112530.00000000,
2025-02-15 19:00:00.000,82893027.00000000,
2025-02-15 20:00:00.000,82889855.00000000,
2025-02-15 21:00:00.000,82815161.00000000,
2025-02-15 22:00:00.000,82802987.00000000,
2025-02-15 23:00:00.000,82531838.00000000,
2025-02-16 00:00:00.000,82651492.00000000,
2025-02-16 01:00:00.000,82558366.00000000,
2025-02-16 02:00:00.000,82502630.00000000,
2025-02-16 03:00:00.000,82526007.00000000,
2025-02-16 04:00:00.000,82276624.00000000,
2025-02-16 05:00:00.000,82415301.00000000,
2025-02-16 06:00:00.000,81892668.00000000,
2025-02-16 07:00:00.000,81807534.00000000,
2025-02-16 08:00:00.000,81645059.00000000,
2025-02-16 09:00:00.000,81881113.00000000,
2025-02-16 10:00:00.000,81975320.00000000,
2025-02-16 11:00:00.000,82403407.00000000,
2025-02-16 12:00:00.000,83610712.00000000,
2025-02-16 13:00:00.000,84455218.00000000,
2025-02-16 14:00:00.000,84550688.00000000,
2025-02-16 15:00:00.000,83701014.00000000,
2025-02-16 16:00:00.000,83804565.00000000,
2025-02-16 17:00:00.000,83242057.00000000,
2025-02-16 18:00:00.000,83055519.00000000,
2025-02-16 19:00:00.000,83046341.00000000,
2025-02-16 20:00:00.000,82913332.00000000,
2025-02-16 21:00:00.000,82643645.00000000,
2025-02-16 22:00:00.000,82383256.00000000,
2025-02-16 23:00:00.000,82337959.00000000,
2025-02-17 00:00:00.000,82361717.00000000,
2025-02-17 01:00:00.000,82342953.00000000,
2025-02-17 02:00:00.000,82165842.00000000,
2025-02-17 03:00:00.000,82188811.00000000,
2025-02-17 04:00:00.000,82358622.00000000,
2025-02-17 05:00:00.000,82400941.00000000,
2025-02-17 06:00:00.000,82501578.00000000,
2025-02-17 07:00:00.000,82603352.00000000,
2025-02-17 08:00:00.000,82464145.00000000,
2025-02-17 09:00:00.000,82681767.00000000,
2025-02-17 10:00:00.000,82404341.00000000,
2025-02-17 11:00:00.000,82937508.00000000,
2025-02-17 12:00:00.000,84545884.00000000,
2025-02-17 13:00:00.000,83396736.00000000,
2025-02-17 14:00:00.000,83880714.00000000,
2025-02-17 15:00:00.000,83780916.00000000,
2025-02-17 16:00:00.000,84132468.00000000,
2025-02-17 17:00:00.000,84180379.00000000,
2025-02-17 18:00:00.000,84336711.00000000,
2025-02-17 19:00:00.000,85047874.00000000,
2025-02-17 20:00:00.000,84704280.00000000,
2025-02-17 21:00:00.000,84521999.00000000,
2025-02-17 22:00:00.000,84515532.00000000,
2025-02-17 23:00:00.000,83368593.00000000,
2025-02-18 00:00:00.000,83586924.00000000,
2025-02-18 01:00:00.000,83835922.00000000,
2025-02-18 02:00:00.000,83933337.00000000,
2025-02-18 03:00:00.000,83985558.00000000,
2025-02-18 04:00:00.000,83923078.00000000,
2025-02-18 05:00:00.000,84071936.00000000,
2025-02-18 06:00:00.000,83446341.00000000,
2025-02-18 07:00:00.000,83424270.00000000,
2025-02-18 08:00:00.000,83784075.00000000,
2025-02-18 09:00:00.000,84407906.00000000,
2025-02-18 10:00:00.000,84150785.00000000,
2025-02-18 11:00:00.000,83772264.00000000,
2025-02-18 12:00:00.000,83819117.00000000,
2025-02-18 13:00:00.000,84161009.00000000,
2025-02-18 14:00:00.000,84029353.00000000,
2025-02-18 15:00:00.000,84375530.00000000,
2025-02-18 16:00:00.000,83433520.00000000,
2025-02-18 17:00:00.000,83906789.00000000,
2025-02-18 18:00:00.000,83985036.00000000,
2025-02-18 19:00:00.000,84171663.00000000,
2025-02-18 20:00:00.000,85098642.00000000,
2025-02-18 21:00:00.000,85362058.00000000,
2025-02-18 22:00:00.000,85403188.00000000,
2025-02-18 23:00:00.000,86025658.00000000,
2025-02-19 00:00:00.000,86038322.00000000,
2025-02-19 01:00:00.000,85797675.00000000,
2025-02-19 02:00:00.000,86069314.00000000,
2025-02-19 03:00:00.000,86297319.00000000,
2025-02-19 04:00:00.000,86171123.00000000,
2025-02-19 05:00:00.000,86171745.00000000,
2025-02-19 06:00:00.000,86149600.00000000,
2025-02-19 07:00:00.000,86609906.00000000,
2025-02-19 08:00:00.000,86301432.00000000,
2025-02-19 09:00:00.000,86533868.00000000,
2025-02-19 10:00:00.000,87534524.00000000,
2025-02-19 11:00:00.000,87587606.00000000,
2025-02-19 12:00:00.000,87906825.00000000,
2025-02-19 13:00:00.000,87945073.00000000,
2025-02-19 14:00:00.000,88764244.00000000,
2025-02-19 15:00:00.000,87555742.00000000,
2025-02-19 16:00:00.000,87313706.00000000,
2025-02-19 17:00:00.000,87682577.00000000,
2025-02-19 18:00:00.000,87851827.00000000,
2025-02-19 19:00:00.000,87731132.00000000,
2025-02-19 20:00:00.000,88278738.00000000,
2025-02-19 21:00:00.000,88153939.00000000,
2025-02-19 22:00:00.000,88532710.00000000,
2025-02-19 23:00:00.000,87482153.00000000,
2025-02-20 00:00:00.000,87541865.00000000,
2025-02-20 01:00:00.000,87634214.00000000,
2025-02-20 02:00:00.000,87665400.00000000,
2025-02-20 03:00:00.000,88060371.00000000,
2025-02-20 04:00:00.000,88241367.00000000,
2025-02-20 05:00:00.000,88318531.00000000,
2025-02-20 06:00:00.000,88288684.00000000,
2025-02-20 07:00:00.000,88003965.00000000,
2025-02-20 08:00:00.000,88192647.00000000,
2025-02-20 09:00:00.000,88352908.00000000,
2025-02-20 10:00:00.000,88028203.00000000,
2025-02-20 11:00:00.000,87691827.00000000,
2025-02-20 12:00:00.000,87280394.00000000,
2025-02-20 13:00:00.000,87212423.00000000,
2025-02-20 14:00:00.000,87972703.00000000,
2025-02-20 15:00:00.000,86443398.00000000,
2025-02-20 16:00:00.000,85996965.00000000,
2025-02-20 17:00:00.000,86419419.00000000,
2025-02-20 18:00:00.000,86433333.00000000,
2025-02-20 19:00:00.000,87132284.00000000,
2025-02-20 20:00:00.000,87893232.00000000,
2025-02-20 21:00:00.000,87815754.00000000,
2025-02-20 22:00:00.000,87638693.00000000,
2025-02-20 23:00:00.000,87727866.00000000,
2025-02-21 00:00:00.000,87774538.00000000,
2025-02-21 01:00:00.000,87525792.00000000,
2025-02-21 02:00:00.000,87384211.00000000,
2025-02-21 03:00:00.000,87348100.00000000,
2025-02-21 04:00:00.000,87241518.00000000,
2025-02-21 05:00:00.000,87305589.00000000,
2025-02-21 06:00:00.000,87477710.00000000,
2025-02-21 07:00:00.000,87215919.00000000,
2025-02-21 08:00:00.000,86493886.00000000,
2025-02-21 09:00:00.000,86633583.00000000,
2025-02-21 10:00:00.000,86885822.00000000,
2025-02-21 11:00:00.000,86893591.00000000,
2025-02-21 12:00:00.000,86859044.00000000,
2025-02-21 13:00:00.000,86714374.00000000,
2025-02-21 14:00:00.000,87367875.00000000,
2025-02-21 15:00:00.000,87770527.00000000,
2025-02-21 16:00:00.000,84872038.00000000,
2025-02-21 17:00:00.000,83577748.00000000,
2025-02-21 18:00:00.000,78051903.00000000,
2025-02-21 19:00:00.000,77240856.00000000,
2025-02-21 20:00:00.000,73132220.00000000,
2025-02-21 21:00:00.000,66265910.00000000,
2025-02-21 22:00:00.000,64307398.00000000,
2025-02-21 23:00:00.000,63041093.00000000,
2025-02-22 00:00:00.000,62877549.00000000,
2025-02-22 01:00:00.000,63765282.00000000,
2025-02-22 02:00:00.000,63530432.00000000,
2025-02-22 03:00:00.000,63448597.00000000,
2025-02-22 04:00:00.000,63435155.00000000,
2025-02-22 05:00:00.000,63388572.00000000,
2025-02-22 06:00:00.000,64506375.00000000,
2025-02-22 07:00:00.000,65150060.00000000,
2025-02-22 08:00:00.000,64340807.00000000,
2025-02-22 09:00:00.000,65002180.00000000,
2025-02-22 10:00:00.000,64550638.00000000,
2025-02-22 11:00:00.000,64743959.00000000,
2025-02-22 12:00:00.000,65019613.00000000,
2025-02-22 13:00:00.000,64849955.00000000,
2025-02-22 14:00:00.000,64679112.00000000,
2025-02-22 15:00:00.000,64782784.00000000,
2025-02-22 16:00:00.000,64855900.00000000,
2025-02-22 17:00:00.000,64689658.00000000,
2025-02-22 18:00:00.000,64671119.00000000,
2025-02-22 19:00:00.000,64584012.00000000,
2025-02-22 20:00:00.000,64836240.00000000,
2025-02-22 21:00:00.000,64773685.00000000,
2025-02-22 22:00:00.000,64916527.00000000,
2025-02-22 23:00:00.000,64813267.00000000,
2025-02-23 00:00:00.000,64897899.00000000,
2025-02-23 01:00:00.000,64587162.00000000,
2025-02-23 02:00:00.000,64334760.00000000,
2025-02-23 03:00:00.000,64129383.00000000,
2025-02-23 04:00:00.000,64235186.00000000,
2025-02-23 05:00:00.000,64215978.00000000,
2025-02-23 06:00:00.000,64293761.00000000,
2025-02-23 07:00:00.000,64244008.00000000,
2025-02-23 08:00:00.000,63909965.00000000,
2025-02-23 09:00:00.000,63993302.00000000,
2025-02-23 10:00:00.000,64059654.00000000,
2025-02-23 11:00:00.000,64165793.00000000,
2025-02-23 12:00:00.000,64262267.00000000,
2025-02-23 13:00:00.000,64065172.00000000,
2025-02-23 14:00:00.000,64170486.00000000,
2025-02-23 15:00:00.000,64114032.00000000,
2025-02-23 16:00:00.000,64069229.00000000,
2025-02-23 17:00:00.000,64383219.00000000,
2025-02-23 18:00:00.000,64699524.00000000,
2025-02-23 19:00:00.000,65083281.00000000,
2025-02-23 20:00:00.000,65327945.00000000,
2025-02-23 21:00:00.000,65454126.00000000,
2025-02-23 22:00:00.000,65468204.00000000,
2025-02-23 23:00:00.000,65438324.00000000,
2025-02-24 00:00:00.000,65268869.00000000,
2025-02-24 01:00:00.000,65211420.00000000,
2025-02-24 02:00:00.000,64367454.00000000,
2025-02-24 03:00:00.000,64153555.00000000,
2025-02-24 04:00:00.000,63625647.00000000,
2025-02-24 05:00:00.000,63466846.00000000,
2025-02-24 06:00:00.000,64163174.00000000,
2025-02-24 07:00:00.000,64315933.00000000,
2025-02-24 08:00:00.000,64212836.00000000,
2025-02-24 09:00:00.000,63782651.00000000,
2025-02-24 10:00:00.000,63638973.00000000,
2025-02-24 11:00:00.000,63939707.00000000,
2025-02-24 12:00:00.000,64105482.00000000,
2025-02-24 13:00:00.000,64281673.00000000,
2025-02-24 14:00:00.000,64153588.00000000,
2025-02-24 15:00:00.000,63797687.00000000,
2025-02-24 16:00:00.000,63650550.00000000,
2025-02-24 17:00:00.000,63936012.00000000,
2025-02-24 18:00:00.000,64250126.00000000,
2025-02-24 19:00:00.000,64059095.00000000,
2025-02-24 20:00:00.000,63930673.00000000,
2025-02-24 21:00:00.000,63879418.00000000,
2025-02-24 22:00:00.000,63777057.00000000,
2025-02-24 23:00:00.000,62772097.00000000,
2025-02-25 00:00:00.000,62632390.00000000,
2025-02-25 01:00:00.000,60933263.00000000,
2025-02-25 02:00:00.000,61186946.00000000,
2025-02-25 03:00:00.000,61466159.00000000,
2025-02-25 04:00:00.000,61367757.00000000,
2025-02-25 05:00:00.000,61319061.00000000,
2025-02-25 06:00:00.000,61316591.00000000,
2025-02-25 07:00:00.000,61186925.00000000,
2025-02-25 08:00:00.000,60346028.00000000,
2025-02-25 09:00:00.000,57725191.00000000,
2025-02-25 10:00:00.000,57073850.00000000,
2025-02-25 11:00:00.000,56501498.00000000,
2025-02-25 12:00:00.000,56047019.00000000,
2025-02-25 13:00:00.000,56423248.00000000,
2025-02-25 14:00:00.000,56250747.00000000,
2025-02-25 15:00:00.000,56338896.00000000,
2025-02-25 16:00:00.000,56949535.00000000,
2025-02-25 17:00:00.000,57038163.00000000,
2025-02-25 18:00:00.000,56780712.00000000,
2025-02-25 19:00:00.000,57293502.00000000,
2025-02-25 20:00:00.000,57027648.00000000,
2025-02-25 21:00:00.000,56625088.00000000,
2025-02-25 22:00:00.000,56596041.00000000,
2025-02-25 23:00:00.000,56437971.00000000,
2025-02-26 00:00:00.000,56304823.00000000,
2025-02-26 01:00:00.000,56286715.00000000,
2025-02-26 02:00:00.000,56438038.00000000,
2025-02-26 03:00:00.000,56312331.00000000,
2025-02-26 04:00:00.000,56295920.00000000,
2025-02-26 05:00:00.000,56391935.00000000,
2025-02-26 06:00:00.000,56415850.00000000,
2025-02-26 07:00:00.000,56353602.00000000,
2025-02-26 08:00:00.000,56451126.00000000,
2025-02-26 09:00:00.000,56454019.00000000,
2025-02-26 10:00:00.000,56722057.00000000,
2025-02-26 11:00:00.000,56657576.00000000,
2025-02-26 12:00:00.000,56602797.00000000,
2025-02-26 13:00:00.000,56630100.00000000,
2025-02-26 14:00:00.000,56563848.00000000,
2025-02-26 15:00:00.000,56429427.00000000,
2025-02-26 16:00:00.000,56673079.00000000,
2025-02-26 17:00:00.000,56886142.00000000,
2025-02-26 18:00:00.000,56992455.00000000,
2025-02-26 19:00:00.000,56883502.00000000,
2025-02-26 20:00:00.000,57520711.00000000,
2025-02-26 21:00:00.000,58028192.00000000,
2025-02-26 22:00:00.000,57962555.00000000,
2025-02-26 23:00:00.000,57890734.00000000,
2025-02-27 00:00:00.000,57807055.00000000,
2025-02-27 01:00:00.000,57707355.00000000,
2025-02-27 02:00:00.000,57722572.00000000,
2025-02-27 03:00:00.000,57589777.00000000,
2025-02-27 04:00:00.000,57510723.00000000,
2025-02-27 05:00:00.000,57468186.00000000,
2025-02-27 06:00:00.000,58100853.00000000,
2025-02-27 07:00:00.000,57856392.00000000,
2025-02-27 08:00:00.000,58165798.00000000,
2025-02-27 09:00:00.000,59910076.00000000,
2025-02-27 10:00:00.000,58152978.00000000,
2025-02-27 11:00:00.000,58396127.00000000,
2025-02-27 12:00:00.000,58166469.00000000,
2025-02-27 13:00:00.000,58174777.00000000,
2025-02-27 14:00:00.000,58171525.00000000,
2025-02-27 15:00:00.000,57811031.00000000,
2025-02-27 16:00:00.000,58014391.00000000,
2025-02-27 17:00:00.000,58194385.00000000,
2025-02-27 18:00:00.000,58005324.00000000,
2025-02-27 19:00:00.000,57623037.00000000,
2025-02-27 20:00:00.000,57247591.00000000,
2025-02-27 21:00:00.000,56788421.00000000,
2025-02-27 22:00:00.000,57094377.00000000,
2025-02-27 23:00:00.000,57005131.00000000,
2025-02-28 00:00:00.000,57103657.00000000,
2025-02-28 01:00:00.000,56899613.00000000,
2025-02-28 02:00:00.000,57167159.00000000,
2025-02-28 03:00:00.000,56636424.00000000,
2025-02-28 04:00:00.000,56711316.00000000,
2025-02-28 05:00:00.000,56122179.00000000,
2025-02-28 06:00:00.000,55917273.00000000,
2025-02-28 07:00:00.000,55820878.00000000,
2025-02-28 08:00:00.000,55739358.00000000,
2025-02-28 09:00:00.000,53926480.00000000,
2025-02-28 10:00:00.000,53936505.00000000,
2025-02-28 11:00:00.000,53645018.00000000,
2025-02-28 12:00:00.000,53504346.00000000,
2025-02-28 13:00:00.000,53752835.00000000,
2025-02-28 14:00:00.000,53917326.00000000,
2025-02-28 15:00:00.000,53861080.00000000,
2025-02-28 16:00:00.000,53766320.00000000,
2025-02-28 17:00:00.000,53643876.00000000,
2025-02-28 18:00:00.000,53607164.00000000,
2025-02-28 19:00:00.000,53743979.00000000,
2025-02-28 20:00:00.000,53876989.00000000,
2025-02-28 21:00:00.000,53806540.00000000,
2025-02-28 22:00:00.000,53897571.00000000,
2025-02-28 23:00:00.000,53719083.00000000,
2025-03-01 00:00:00.000,53757117.00000000,
2025-03-01 01:00:00.000,53435194.00000000,
2025-03-01 02:00:00.000,53555277.00000000,
2025-03-01 03:00:00.000,53625816.00000000,
2025-03-01 04:00:00.000,53518775.00000000,
2025-03-01 05:00:00.000,53448511.00000000,
2025-03-01 06:00:00.000,53394784.00000000,
2025-03-01 07:00:00.000,53517338.00000000,
2025-03-01 08:00:00.000,53289139.00000000,
2025-03-01 09:00:00.000,53349368.00000000,
2025-03-01 10:00:00.000,53338489.00000000,
2025-03-01 11:00:00.000,53337749.00000000,
2025-03-01 12:00:00.000,53200703.00000000,
2025-03-01 13:00:00.000,53314459.00000000,
2025-03-01 14:00:00.000,53103012.00000000,
2025-03-01 15:00:00.000,53156663.00000000,
2025-03-01 16:00:00.000,53267789.00000000,
2025-03-01 17:00:00.000,53204713.00000000,
2025-03-01 18:00:00.000,53055196.00000000,
2025-03-01 19:00:00.000,53014682.00000000,
2025-03-01 20:00:00.000,52936961.00000000,
2025-03-01 21:00:00.000,52975191.00000000,
2025-03-01 22:00:00.000,53008340.00000000,
2025-03-01 23:00:00.000,52877614.00000000,
2025-03-02 00:00:00.000,53213204.00000000,
2025-03-02 01:00:00.000,52834178.00000000,
2025-03-02 02:00:00.000,52809322.00000000,
2025-03-02 03:00:00.000,52752098.00000000,
2025-03-02 04:00:00.000,52710438.00000000,
2025-03-02 05:00:00.000,52592480.00000000,
2025-03-02 06:00:00.000,52491841.00000000,
2025-03-02 07:00:00.000,52443062.00000000,
2025-03-02 08:00:00.000,52430283.00000000,
2025-03-02 09:00:00.000,52329162.00000000,
2025-03-02 10:00:00.000,52367316.00000000,
2025-03-02 11:00:00.000,53208537.00000000,
2025-03-02 12:00:00.000,53101674.00000000,
2025-03-02 13:00:00.000,52959603.00000000,
2025-03-02 14:00:00.000,53106649.00000000,
2025-03-02 15:00:00.000,54307217.00000000,
2025-03-02 16:00:00.000,54719776.00000000,
2025-03-02 17:00:00.000,55899417.00000000,
2025-03-02 18:00:00.000,53726582.00000000,
2025-03-02 19:00:00.000,54302849.00000000,
2025-03-02 20:00:00.000,54152443.00000000,
2025-03-02 21:00:00.000,54958111.00000000,
2025-03-02 22:00:00.000,55070327.00000000,
2025-03-02 23:00:00.000,54914630.00000000,
2025-03-03 00:00:00.000,54781285.00000000,
2025-03-03 01:00:00.000,56043458.00000000,
2025-03-03 02:00:00.000,55506960.00000000,
2025-03-03 03:00:00.000,55658567.00000000,
2025-03-03 04:00:00.000,55502195.00000000,
2025-03-03 05:00:00.000,55486276.00000000,
2025-03-03 06:00:00.000,55471002.00000000,
2025-03-03 07:00:00.000,55132297.00000000,
2025-03-03 08:00:00.000,55382190.00000000,
2025-03-03 09:00:00.000,54920394.00000000,
2025-03-03 10:00:00.000,54543063.00000000,
2025-03-03 11:00:00.000,54549165.00000000,
2025-03-03 12:00:00.000,54398072.00000000,
2025-03-03 13:00:00.000,55077910.00000000,
2025-03-03 14:00:00.000,55900523.00000000,
2025-03-03 15:00:00.000,54759007.00000000,
2025-03-03 16:00:00.000,55154439.00000000,
2025-03-03 17:00:00.000,55394220.00000000,
2025-03-03 18:00:00.000,55536257.00000000,
2025-03-03 19:00:00.000,56956906.00000000,
2025-03-03 20:00:00.000,53700857.00000000,
2025-03-03 21:00:00.000,53686150.00000000,
2025-03-03 22:00:00.000,53937702.00000000,
2025-03-03 23:00:00.000,53558393.00000000,
2025-03-04 00:00:00.000,53173333.00000000,
2025-03-04 01:00:00.000,53136017.00000000,
2025-03-04 02:00:00.000,54254657.00000000,
2025-03-04 03:00:00.000,52522899.00000000,
2025-03-04 04:00:00.000,52798311.00000000,
2025-03-04 05:00:00.000,52594103.00000000,
2025-03-04 06:00:00.000,52684577.00000000,
2025-03-04 07:00:00.000,52570806.00000000,
2025-03-04 08:00:00.000,52637023.00000000,
2025-03-04 09:00:00.000,52558035.00000000,
2025-03-04 10:00:00.000,52422935.00000000,
2025-03-04 11:00:00.000,52442163.00000000,
2025-03-04 12:00:00.000,51514084.00000000,
2025-03-04 13:00:00.000,50446424.00000000,
2025-03-04 14:00:00.000,48499082.00000000,
2025-03-04 15:00:00.000,48392223.00000000,
2025-03-04 16:00:00.000,47946348.00000000,
2025-03-04 17:00:00.000,47713781.00000000,
2025-03-04 18:00:00.000,47481499.00000000,
2025-03-04 19:00:00.000,47772524.00000000,
2025-03-04 20:00:00.000,48645762.00000000,
2025-03-04 21:00:00.000,48866782.00000000,
2025-03-04 22:00:00.000,48449251.00000000,
2025-03-04 23:00:00.000,48497160.00000000,
2025-03-05 00:00:00.000,48547525.00000000,
2025-03-05 01:00:00.000,48737383.00000000,
2025-03-05 02:00:00.000,48645742.00000000,
2025-03-05 03:00:00.000,48536870.00000000,
2025-03-05 04:00:00.000,47256928.00000000,
2025-03-05 05:00:00.000,46936912.00000000,
2025-03-05 06:00:00.000,46787065.00000000,
2025-03-05 07:00:00.000,46824229.00000000,
2025-03-05 08:00:00.000,46754787.00000000,
2025-03-05 09:00:00.000,46772579.00000000,
2025-03-05 10:00:00.000,46079708.00000000,
2025-03-05 11:00:00.000,45383928.00000000,
2025-03-05 12:00:00.000,44924550.00000000,
2025-03-05 13:00:00.000,44993074.00000000,
2025-03-05 14:00:00.000,44746362.00000000,
2025-03-05 15:00:00.000,44228062.00000000,
2025-03-05 16:00:00.000,43711851.00000000,
2025-03-05 17:00:00.000,43204299.00000000,
2025-03-05 18:00:00.000,43073045.00000000,
2025-03-05 19:00:00.000,42688455.00000000,
2025-03-05 20:00:00.000,43260538.00000000,
2025-03-05 21:00:00.000,42902837.00000000,
2025-03-05 22:00:00.000,42728779.00000000,
2025-03-05 23:00:00.000,42067484.00000000,
2025-03-06 00:00:00.000,41870785.00000000,
2025-03-06 01:00:00.000,41524615.00000000,
2025-03-06 02:00:00.000,41561290.00000000,
2025-03-06 03:00:00.000,41377400.00000000,
2025-03-06 04:00:00.000,41395347.00000000,
2025-03-06 05:00:00.000,41939503.00000000,
2025-03-06 06:00:00.000,42148167.00000000,
2025-03-06 07:00:00.000,42037385.00000000,
2025-03-06 08:00:00.000,41860987.00000000,
2025-03-06 09:00:00.000,41704440.00000000,
2025-03-06 10:00:00.000,42022086.00000000,
2025-03-06 11:00:00.000,41969602.00000000,
2025-03-06 12:00:00.000,42040476.00000000,
2025-03-06 13:00:00.000,41943651.00000000,
2025-03-06 14:00:00.000,41793832.00000000,
2025-03-06 15:00:00.000,41856930.00000000,
2025-03-06 16:00:00.000,42061735.00000000,
2025-03-06 17:00:00.000,42158664.00000000,
2025-03-06 18:00:00.000,42377699.00000000,
2025-03-06 19:00:00.000,42435236.00000000,
2025-03-06 20:00:00.000,42668395.00000000,
2025-03-06 21:00:00.000,42445937.00000000,
2025-03-06 22:00:00.000,43173192.00000000,
2025-03-06 23:00:00.000,42871551.00000000,
2025-03-07 00:00:00.000,42671841.00000000,
2025-03-07 01:00:00.000,41846143.00000000,
2025-03-07 02:00:00.000,41786986.00000000,
2025-03-07 03:00:00.000,41860902.00000000,
2025-03-07 04:00:00.000,42212611.00000000,
2025-03-07 05:00:00.000,43168388.00000000,
2025-03-07 06:00:00.000,42892356.00000000,
2025-03-07 07:00:00.000,42868080.00000000,
2025-03-07 08:00:00.000,42973949.00000000,
2025-03-07 09:00:00.000,42918867.00000000,
2025-03-07 10:00:00.000,43242097.00000000,
2025-03-07 11:00:00.000,43376784.00000000,
2025-03-07 12:00:00.000,43542878.00000000,
2025-03-07 13:00:00.000,43355673.00000000,
2025-03-07 14:00:00.000,43706887.00000000,
2025-03-07 15:00:00.000,43477568.00000000,
2025-03-07 16:00:00.000,43148349.00000000,
2025-03-07 17:00:00.000,42049118.00000000,
2025-03-07 18:00:00.000,41290125.00000000,
2025-03-07 19:00:00.000,41393036.00000000,
2025-03-07 20:00:00.000,41499039.00000000,
2025-03-07 21:00:00.000,41109761.00000000,
2025-03-07 22:00:00.000,40941858.00000000,
2025-03-07 23:00:00.000,40673620.00000000,
2025-03-08 00:00:00.000,40736097.00000000,
2025-03-08 01:00:00.000,40775081.00000000,
2025-03-08 02:00:00.000,40827815.00000000,
2025-03-08 03:00:00.000,40784209.00000000,
2025-03-08 04:00:00.000,41016850.00000000,
2025-03-08 05:00:00.000,41009384.00000000,
2025-03-08 06:00:00.000,41076418.00000000,
2025-03-08 07:00:00.000,40847870.00000000,
2025-03-08 08:00:00.000,40850471.00000000,
2025-03-08 09:00:00.000,40918820.00000000,
2025-03-08 10:00:00.000,40892271.00000000,
2025-03-08 11:00:00.000,41142330.00000000,
2025-03-08 12:00:00.000,41266850.00000000,
2025-03-08 13:00:00.000,41304528.00000000,
2025-03-08 14:00:00.000,41545802.00000000,
2025-03-08 15:00:00.000,41359495.00000000,
2025-03-08 16:00:00.000,41523043.00000000,
2025-03-08 17:00:00.000,41572029.00000000,
2025-03-08 18:00:00.000,41616823.00000000,
2025-03-08 19:00:00.000,41445774.00000000,
2025-03-08 20:00:00.000,41548701.00000000,
2025-03-08 21:00:00.000,41511113.00000000,
2025-03-08 22:00:00.000,41438503.00000000,
2025-03-08 23:00:00.000,40912592.00000000,
2025-03-09 00:00:00.000,41367155.00000000,
2025-03-09 01:00:00.000,41373806.00000000,
2025-03-09 02:00:00.000,41504482.00000000,
2025-03-09 03:00:00.000,41560112.00000000,
2025-03-09 04:00:00.000,41481595.00000000,
2025-03-09 05:00:00.000,41322418.00000000,
2025-03-09 06:00:00.000,41273214.00000000,
2025-03-09 07:00:00.000,41483030.00000000,
2025-03-09 08:00:00.000,41603665.00000000,
2025-03-09 09:00:00.000,41630810.00000000,
2025-03-09 10:00:00.000,41843172.00000000,
2025-03-09 11:00:00.000,42737751.00000000,
2025-03-09 12:00:00.000,43089316.00000000,
2025-03-09 13:00:00.000,43729426.00000000,
2025-03-09 14:00:00.000,43643165.00000000,
2025-03-09 15:00:00.000,42824805.00000000,
2025-03-09 16:00:00.000,42621788.00000000,
2025-03-09 17:00:00.000,42296628.00000000,
2025-03-09 18:00:00.000,41864577.00000000,
2025-03-09 19:00:00.000,42078013.00000000,
2025-03-09 20:00:00.000,41748845.00000000,
2025-03-09 21:00:00.000,41404886.00000000,
2025-03-09 22:00:00.000,41361274.00000000,
2025-03-09 23:00:00.000,41150928.00000000,
2025-03-10 00:00:00.000,41317879.00000000,
2025-03-10 01:00:00.000,41189429.00000000,
2025-03-10 02:00:00.000,41110340.00000000,
2025-03-10 03:00:00.000,41069638.00000000,
2025-03-10 04:00:00.000,41278299.00000000,
2025-03-10 05:00:00.000,41442001.00000000,
2025-03-10 06:00:00.000,41558589.00000000,
2025-03-10 07:00:00.000,43180363.00000000,
2025-03-10 08:00:00.000,43228851.00000000,
2025-03-10 09:00:00.000,44522289.00000000,
2025-03-10 10:00:00.000,44883324.00000000,
2025-03-10 11:00:00.000,45378967.00000000,
2025-03-10 12:00:00.000,45831162.00000000,
2025-03-10 13:00:00.000,45682125.00000000,
2025-03-10 14:00:00.000,45182737.00000000,
2025-03-10 15:00:00.000,45693229.00000000,
2025-03-10 16:00:00.000,46125882.00000000,
2025-03-10 17:00:00.000,46142489.00000000,
2025-03-10 18:00:00.000,44318938.00000000,
2025-03-10 19:00:00.000,44244929.00000000,
2025-03-10 20:00:00.000,45301419.00000000,
2025-03-10 21:00:00.000,44953454.00000000,
2025-03-10 22:00:00.000,44568040.00000000,
2025-03-10 23:00:00.000,44449610.00000000,
2025-03-11 00:00:00.000,44578766.00000000,
2025-03-11 01:00:00.000,44036199.00000000,
2025-03-11 02:00:00.000,44004865.00000000,
2025-03-11 03:00:00.000,43455710.00000000,
2025-03-11 04:00:00.000,43156058.00000000,
2025-03-11 05:00:00.000,42884394.00000000,
2025-03-11 06:00:00.000,42688001.00000000,
2025-03-11 07:00:00.000,42678799.00000000,
2025-03-11 08:00:00.000,42973768.00000000,
2025-03-11 09:00:00.000,42625697.00000000,
2025-03-11 10:00:00.000,42545267.00000000,
2025-03-11 11:00:00.000,42346348.00000000,
2025-03-11 12:00:00.000,42123689.00000000,
2025-03-11 13:00:00.000,42257467.00000000,
2025-03-11 14:00:00.000,42092108.00000000,
2025-03-11 15:00:00.000,42006328.00000000,
2025-03-11 16:00:00.000,41837120.00000000,
2025-03-11 17:00:00.000,41630260.00000000,
2025-03-11 18:00:00.000,41320515.00000000,
2025-03-11 19:00:00.000,41548693.00000000,
2025-03-11 20:00:00.000,41173062.00000000,
2025-03-11 21:00:00.000,40949021.00000000,
2025-03-11 22:00:00.000,40636559.00000000,
2025-03-11 23:00:00.000,40610433.00000000,
2025-03-12 00:00:00.000,40185992.00000000,
2025-03-12 01:00:00.000,40288671.00000000,
2025-03-12 02:00:00.000,39983138.00000000,
2025-03-12 03:00:00.000,40508837.00000000,
2025-03-12 04:00:00.000,40449747.00000000,
2025-03-12 05:00:00.000,40199101.00000000,
2025-03-12 06:00:00.000,40175668.00000000,
2025-03-12 07:00:00.000,40110945.00000000,
2025-03-12 08:00:00.000,39934747.00000000,
2025-03-12 09:00:00.000,39783027.00000000,
2025-03-12 10:00:00.000,39825343.00000000,
2025-03-12 11:00:00.000,39727948.00000000,
2025-03-12 12:00:00.000,39722267.00000000,
2025-03-12 13:00:00.000,39554014.00000000,
2025-03-12 14:00:00.000,39669814.00000000,
2025-03-12 15:00:00.000,39737000.00000000,
2025-03-12 16:00:00.000,39870353.00000000,
2025-03-12 17:00:00.000,39713687.00000000,
2025-03-12 18:00:00.000,39538538.00000000,
2025-03-12 19:00:00.000,39323763.00000000,
2025-03-12 20:00:00.000,39963008.00000000,
2025-03-12 21:00:00.000,39513373.00000000,
2025-03-12 22:00:00.000,39454658.00000000,
2025-03-12 23:00:00.000,39316083.00000000,
2025-03-13 00:00:00.000,39441618.00000000,
2025-03-13 01:00:00.000,39424210.00000000,
2025-03-13 02:00:00.000,39430450.00000000,
2025-03-13 03:00:00.000,39437072.00000000,
2025-03-13 04:00:00.000,39346974.00000000,
2025-03-13 05:00:00.000,39559956.00000000,
2025-03-13 06:00:00.000,39361226.00000000,
2025-03-13 07:00:00.000,39354355.00000000,
2025-03-13 08:00:00.000,39570913.00000000,
2025-03-13 09:00:00.000,39252139.00000000,
2025-03-13 10:00:00.000,39578972.00000000,
2025-03-13 11:00:00.000,39113884.00000000,
2025-03-13 12:00:00.000,39285267.00000000,
2025-03-13 13:00:00.000,39786512.00000000,
2025-03-13 14:00:00.000,39410503.00000000,
2025-03-13 15:00:00.000,39466847.00000000,
2025-03-13 16:00:00.000,39256027.00000000,
2025-03-13 17:00:00.000,39568849.00000000,
2025-03-13 18:00:00.000,39576447.00000000,
2025-03-13 19:00:00.000,39763206.00000000,
2025-03-13 20:00:00.000,39653804.00000000,
2025-03-13 21:00:00.000,39681295.00000000,
2025-03-13 22:00:00.000,39364278.00000000,
2025-03-13 23:00:00.000,39492522.00000000,
2025-03-14 00:00:00.000,39444692.00000000,
2025-03-14 01:00:00.000,39635610.00000000,
2025-03-14 02:00:00.000,39630861.00000000,
2025-03-14 03:00:00.000,39664529.00000000,
2025-03-14 04:00:00.000,39859269.00000000,
2025-03-14 05:00:00.000,39740333.00000000,
2025-03-14 06:00:00.000,39666665.00000000,
2025-03-14 07:00:00.000,39611773.00000000,
2025-03-14 08:00:00.000,39584458.00000000,
2025-03-14 09:00:00.000,39951011.00000000,
2025-03-14 10:00:00.000,39902277.00000000,
2025-03-14 11:00:00.000,39788847.00000000,
2025-03-14 12:00:00.000,39775144.00000000,
2025-03-14 13:00:00.000,40466896.00000000,
2025-03-14 14:00:00.000,40493946.00000000,
2025-03-14 15:00:00.000,41500003.00000000,
2025-03-14 16:00:00.000,41550998.00000000,
2025-03-14 17:00:00.000,43858779.00000000,
2025-03-14 18:00:00.000,43245951.00000000,
2025-03-14 19:00:00.000,42827717.00000000,
2025-03-14 20:00:00.000,42581217.00000000,
2025-03-14 21:00:00.000,42477855.00000000,
2025-03-14 22:00:00.000,41487561.00000000,
2025-03-14 23:00:00.000,41364972.00000000,
2025-03-15 00:00:00.000,41023597.00000000,
2025-03-15 01:00:00.000,41409524.00000000,
2025-03-15 02:00:00.000,41514500.00000000,
2025-03-15 03:00:00.000,41991269.00000000,
2025-03-15 04:00:00.000,42000105.00000000,
2025-03-15 05:00:00.000,41551355.00000000,
2025-03-15 06:00:00.000,41649587.00000000,
2025-03-15 07:00:00.000,41857843.00000000,
2025-03-15 08:00:00.000,41894395.00000000,
2025-03-15 09:00:00.000,41586413.00000000,
2025-03-15 10:00:00.000,41603932.00000000,
2025-03-15 11:00:00.000,41729228.00000000,
2025-03-15 12:00:00.000,41617678.00000000,
2025-03-15 13:00:00.000,41824287.00000000,
2025-03-15 14:00:00.000,42240048.00000000,
2025-03-15 15:00:00.000,42427858.00000000,
2025-03-15 16:00:00.000,42101759.00000000,
2025-03-15 17:00:00.000,44872478.00000000,
2025-03-15 18:00:00.000,44909968.00000000,
2025-03-15 19:00:00.000,44840479.00000000,
2025-03-15 20:00:00.000,44775534.00000000,
2025-03-15 21:00:00.000,45445149.00000000,
2025-03-15 22:00:00.000,45555853.00000000,
2025-03-15 23:00:00.000,45585702.00000000,
2025-03-16 00:00:00.000,45640907.00000000,
2025-03-16 01:00:00.000,44748568.00000000,
2025-03-16 02:00:00.000,44887343.00000000,
2025-03-16 03:00:00.000,44950930.00000000,
2025-03-16 04:00:00.000,45025828.00000000,
2025-03-16 05:00:00.000,44527609.00000000,
2025-03-16 06:00:00.000,44448254.00000000,
2025-03-16 07:00:00.000,44398224.00000000,
2025-03-16 08:00:00.000,44253682.00000000,
2025-03-16 09:00:00.000,44177016.00000000,
2025-03-16 10:00:00.000,44479246.00000000,
2025-03-16 11:00:00.000,44243533.00000000,
2025-03-16 12:00:00.000,44487292.00000000,
2025-03-16 13:00:00.000,44544503.00000000,
2025-03-16 14:00:00.000,44434541.00000000,
2025-03-16 15:00:00.000,44553752.00000000,
2025-03-16 16:00:00.000,44550680.00000000,
2025-03-16 17:00:00.000,44552905.00000000,
2025-03-16 18:00:00.000,44938556.00000000,
2025-03-16 19:00:00.000,45883053.00000000,
2025-03-16 20:00:00.000,45698433.00000000,
2025-03-16 21:00:00.000,45539633.00000000,
2025-03-16 22:00:00.000,44479266.00000000,
2025-03-16 23:00:00.000,45401108.00000000,
2025-03-17 00:00:00.000,45239212.00000000,
2025-03-17 01:00:00.000,44898503.00000000,
2025-03-17 02:00:00.000,44847165.00000000,
2025-03-17 03:00:00.000,44631026.00000000,
2025-03-17 04:00:00.000,44638858.00000000,
2025-03-17 05:00:00.000,43984706.00000000,
2025-03-17 06:00:00.000,44129225.00000000,
2025-03-17 07:00:00.000,44179737.00000000,
2025-03-17 08:00:00.000,44092818.00000000,
2025-03-17 09:00:00.000,44158777.00000000,
2025-03-17 10:00:00.000,44027821.00000000,
2025-03-17 11:00:00.000,44161209.00000000,
2025-03-17 12:00:00.000,44408273.00000000,
2025-03-17 13:00:00.000,44376216.00000000,
2025-03-17 14:00:00.000,44556779.00000000,
2025-03-17 15:00:00.000,46269735.00000000,
2025-03-17 16:00:00.000,45720636.00000000,
2025-03-17 17:00:00.000,45703406.00000000,
2025-03-17 18:00:00.000,45561467.00000000,
2025-03-17 19:00:00.000,47290697.00000000,
2025-03-17 20:00:00.000,48075282.00000000,
2025-03-17 21:00:00.000,48122503.00000000,
2025-03-17 22:00:00.000,47759585.00000000,
2025-03-17 23:00:00.000,46222732.00000000,
2025-03-18 00:00:00.000,45942851.00000000,
2025-03-18 01:00:00.000,46157069.00000000,
2025-03-18 02:00:00.000,45915539.00000000,
2025-03-18 03:00:00.000,45767485.00000000,
2025-03-18 04:00:00.000,45393204.00000000,
2025-03-18 05:00:00.000,45398394.00000000,
2025-03-18 06:00:00.000,45377078.00000000,
2025-03-18 07:00:00.000,45388697.00000000,
2025-03-18 08:00:00.000,45790712.00000000,
2025-03-18 09:00:00.000,45757902.00000000,
2025-03-18 10:00:00.000,45827685.00000000,
2025-03-18 11:00:00.000,46202540.00000000,
2025-03-18 12:00:00.000,46131583.00000000,
2025-03-18 13:00:00.000,46815958.00000000,
2025-03-18 14:00:00.000,47133645.00000000,
2025-03-18 15:00:00.000,47031499.00000000,
2025-03-18 16:00:00.000,46859356.00000000,
2025-03-18 17:00:00.000,48312427.00000000,
2025-03-18 18:00:00.000,49408881.00000000,
2025-03-18 19:00:00.000,49234042.00000000,
2025-03-18 20:00:00.000,50933963.00000000,
2025-03-18 21:00:00.000,50977586.00000000,
2025-03-18 22:00:00.000,50484687.00000000,
2025-03-18 23:00:00.000,50616233.00000000,
2025-03-19 00:00:00.000,48872239.00000000,
2025-03-19 01:00:00.000,48713297.00000000,
2025-03-19 02:00:00.000,47175817.00000000,
2025-03-19 03:00:00.000,46857585.00000000,
2025-03-19 04:00:00.000,46611650.00000000,
2025-03-19 05:00:00.000,46083366.00000000,
2025-03-19 06:00:00.000,46141590.00000000,
2025-03-19 07:00:00.000,46179570.00000000,
2025-03-19 08:00:00.000,46265310.00000000,
2025-03-19 09:00:00.000,46048028.00000000,
2025-03-19 10:00:00.000,45897224.00000000,
2025-03-19 11:00:00.000,46377720.00000000,
2025-03-19 12:00:00.000,46670218.00000000,
2025-03-19 13:00:00.000,46305653.00000000,
2025-03-19 14:00:00.000,46736857.00000000,
2025-03-19 15:00:00.000,47018726.00000000,
2025-03-19 16:00:00.000,46763456.00000000,
2025-03-19 17:00:00.000,46788441.00000000,
2025-03-19 18:00:00.000,47164737.00000000,
2025-03-19 19:00:00.000,46770725.00000000,
2025-03-19 20:00:00.000,46621949.00000000,
2025-03-19 21:00:00.000,48757765.00000000,
2025-03-19 22:00:00.000,48334200.00000000,
2025-03-19 23:00:00.000,48188206.00000000,
2025-03-20 00:00:00.000,47992313.00000000,
2025-03-20 01:00:00.000,48447419.00000000,
2025-03-20 02:00:00.000,48359591.00000000,
2025-03-20 03:00:00.000,48883964.00000000,
2025-03-20 04:00:00.000,49035765.00000000,
2025-03-20 05:00:00.000,47669206.00000000,
2025-03-20 06:00:00.000,47439209.00000000,
2025-03-20 07:00:00.000,47223362.00000000,
2025-03-20 08:00:00.000,46911327.00000000,
2025-03-20 09:00:00.000,46908152.00000000,
2025-03-20 10:00:00.000,46756730.00000000,
2025-03-20 11:00:00.000,46521308.00000000,
2025-03-20 12:00:00.000,46393103.00000000,
2025-03-20 13:00:00.000,46995104.00000000,
2025-03-20 14:00:00.000,46790898.00000000,
2025-03-20 15:00:00.000,47279318.00000000,
2025-03-20 16:00:00.000,47181764.00000000,
2025-03-20 17:00:00.000,47082074.00000000,
2025-03-20 18:00:00.000,47489988.00000000,
2025-03-20 19:00:00.000,47390466.00000000,
2025-03-20 20:00:00.000,47461529.00000000,
2025-03-20 21:00:00.000,47488399.00000000,
2025-03-20 22:00:00.000,47187675.00000000,
2025-03-20 23:00:00.000,47152594.00000000,
2025-03-21 00:00:00.000,46997653.00000000,
2025-03-21 01:00:00.000,47215534.00000000,
2025-03-21 02:00:00.000,46858676.00000000,
2025-03-21 03:00:00.000,46845592.00000000,
2025-03-21 04:00:00.000,46880535.00000000,
2025-03-21 05:00:00.000,47008042.00000000,
2025-03-21 06:00:00.000,47261225.00000000,
2025-03-21 07:00:00.000,47175599.00000000,
2025-03-21 08:00:00.000,47020156.00000000,
2025-03-21 09:00:00.000,47531526.00000000,
2025-03-21 10:00:00.000,47594529.00000000,
2025-03-21 11:00:00.000,48173896.00000000,
2025-03-21 12:00:00.000,48112892.00000000,
2025-03-21 13:00:00.000,48381747.00000000,
2025-03-21 14:00:00.000,48015488.00000000,
2025-03-21 15:00:00.000,48346035.00000000,
2025-03-21 16:00:00.000,48372547.00000000,
2025-03-21 17:00:00.000,48274603.00000000,
2025-03-21 18:00:00.000,48286210.00000000,
2025-03-21 19:00:00.000,48727173.00000000,
2025-03-21 20:00:00.000,48828219.00000000,
2025-03-21 21:00:00.000,48514535.00000000,
2025-03-21 22:00:00.000,48532445.00000000,
2025-03-21 23:00:00.000,48236136.00000000,
2025-03-22 00:00:00.000,48228783.00000000,
2025-03-22 01:00:00.000,48003416.00000000,
2025-03-22 02:00:00.000,47972216.00000000,
2025-03-22 03:00:00.000,48312998.00000000,
2025-03-22 04:00:00.000,48231810.00000000,
2025-03-22 05:00:00.000,48408826.00000000,
2025-03-22 06:00:00.000,48454408.00000000,
2025-03-22 07:00:00.000,48707970.00000000,
2025-03-22 08:00:00.000,48607762.00000000,
2025-03-22 09:00:00.000,48427522.00000000,
2025-03-22 10:00:00.000,48265446.00000000,
2025-03-22 11:00:00.000,48308857.00000000,
2025-03-22 12:00:00.000,48279163.00000000,
2025-03-22 13:00:00.000,48709948.00000000,
2025-03-22 14:00:00.000,48457936.00000000,
2025-03-22 15:00:00.000,48204737.00000000,
2025-03-22 16:00:00.000,48391335.00000000,
2025-03-22 17:00:00.000,48666073.00000000,
2025-03-22 18:00:00.000,48698795.00000000,
2025-03-22 19:00:00.000,48478743.00000000,
2025-03-22 20:00:00.000,48396226.00000000,
2025-03-22 21:00:00.000,48143873.00000000,
2025-03-22 22:00:00.000,47968911.00000000,
2025-03-22 23:00:00.000,47779842.00000000,
2025-03-23 00:00:00.000,47904684.00000000,
2025-03-23 01:00:00.000,47893349.00000000,
2025-03-23 02:00:00.000,47875639.00000000,
2025-03-23 03:00:00.000,47909166.00000000,
2025-03-23 04:00:00.000,48066055.00000000,
2025-03-23 05:00:00.000,47907535.00000000,
2025-03-23 06:00:00.000,47988024.00000000,
2025-03-23 07:00:00.000,48028695.00000000,
2025-03-23 08:00:00.000,48165833.00000000,
2025-03-23 09:00:00.000,48269103.00000000,
2025-03-23 10:00:00.000,48257899.00000000,
2025-03-23 11:00:00.000,48526850.00000000,
2025-03-23 12:00:00.000,48245584.00000000,
2025-03-23 13:00:00.000,48441469.00000000,
2025-03-23 14:00:00.000,48450600.00000000,
2025-03-23 15:00:00.000,48265589.00000000,
2025-03-23 16:00:00.000,48281327.00000000,
2025-03-23 17:00:00.000,48867653.00000000,
2025-03-23 18:00:00.000,49555341.00000000,
2025-03-23 19:00:00.000,49158433.00000000,
2025-03-23 20:00:00.000,49074917.00000000,
2025-03-23 21:00:00.000,48911245.00000000,
2025-03-23 22:00:00.000,48430755.00000000,
2025-03-23 23:00:00.000,48610117.00000000,
2025-03-24 00:00:00.000,48597611.00000000,
2025-03-24 01:00:00.000,48671291.00000000,
2025-03-24 02:00:00.000,49335361.00000000,
2025-03-24 03:00:00.000,49321332.00000000,
2025-03-24 04:00:00.000,50227108.00000000,
2025-03-24 05:00:00.000,50198095.00000000,
2025-03-24 06:00:00.000,52502902.00000000,
2025-03-24 07:00:00.000,52141592.00000000,
2025-03-24 08:00:00.000,52604476.00000000,
2025-03-24 09:00:00.000,52586884.00000000,
2025-03-24 10:00:00.000,52529319.00000000,
2025-03-24 11:00:00.000,52101206.00000000,
2025-03-24 12:00:00.000,52111119.00000000,
2025-03-24 13:00:00.000,52014890.00000000,
2025-03-24 14:00:00.000,51869920.00000000,
2025-03-24 15:00:00.000,50987137.00000000,
2025-03-24 16:00:00.000,51496475.00000000,
2025-03-24 17:00:00.000,51360559.00000000,
2025-03-24 18:00:00.000,51392113.00000000,
2025-03-24 19:00:00.000,51276494.00000000,
2025-03-24 20:00:00.000,51614061.00000000,
2025-03-24 21:00:00.000,51447152.00000000,
2025-03-24 22:00:00.000,50985350.00000000,
2025-03-24 23:00:00.000,51398978.00000000,
2025-03-25 00:00:00.000,51522248.00000000,
2025-03-25 01:00:00.000,51222580.00000000,
2025-03-25 02:00:00.000,51178145.00000000,
2025-03-25 03:00:00.000,50953959.00000000,
2025-03-25 04:00:00.000,51179805.00000000,
2025-03-25 05:00:00.000,50909923.00000000,
2025-03-25 06:00:00.000,50897703.00000000,
2025-03-25 07:00:00.000,51189803.00000000,
2025-03-25 08:00:00.000,51598847.00000000,
2025-03-25 09:00:00.000,51913868.00000000,
2025-03-25 10:00:00.000,51777623.00000000,
2025-03-25 11:00:00.000,51803942.00000000,
2025-03-25 12:00:00.000,52525002.00000000,
2025-03-25 13:00:00.000,52818950.00000000,
2025-03-25 14:00:00.000,53269131.00000000,
2025-03-25 15:00:00.000,52847877.00000000,
2025-03-25 16:00:00.000,52764923.00000000,
2025-03-25 17:00:00.000,53182129.00000000,
2025-03-25 18:00:00.000,53408933.00000000,
2025-03-25 19:00:00.000,53570811.00000000,
2025-03-25 20:00:00.000,54064495.00000000,
2025-03-25 21:00:00.000,54448993.00000000,
2025-03-25 22:00:00.000,54139265.00000000,
2025-03-25 23:00:00.000,54391571.00000000,
2025-03-26 00:00:00.000,54643846.00000000,
2025-03-26 01:00:00.000,54668947.00000000,
2025-03-26 02:00:00.000,54489702.00000000,
2025-03-26 03:00:00.000,53820771.00000000,
2025-03-26 04:00:00.000,53761775.00000000,
2025-03-26 05:00:00.000,54284886.00000000,
2025-03-26 06:00:00.000,53989492.00000000,
2025-03-26 07:00:00.000,54884703.00000000,
2025-03-26 08:00:00.000,54271023.00000000,
2025-03-26 09:00:00.000,54353205.00000000,
2025-03-26 10:00:00.000,54912641.00000000,
2025-03-26 11:00:00.000,54888641.00000000,
2025-03-26 12:00:00.000,55054043.00000000,
2025-03-26 13:00:00.000,54647181.00000000,
2025-03-26 14:00:00.000,54762390.00000000,
2025-03-26 15:00:00.000,54084763.00000000,
2025-03-26 16:00:00.000,53426173.00000000,
2025-03-26 17:00:00.000,53157191.00000000,
2025-03-26 18:00:00.000,53936847.00000000,
2025-03-26 19:00:00.000,53928409.00000000,
2025-03-26 20:00:00.000,53481491.00000000,
2025-03-26 21:00:00.000,54105468.00000000,
2025-03-26 22:00:00.000,53949324.00000000,
2025-03-26 23:00:00.000,53490655.00000000,
2025-03-27 00:00:00.000,53715611.00000000,
2025-03-27 01:00:00.000,54590616.00000000,
2025-03-27 02:00:00.000,54663920.00000000,
2025-03-27 03:00:00.000,54704654.00000000,
2025-03-27 04:00:00.000,54797475.00000000,
2025-03-27 05:00:00.000,55158256.00000000,
2025-03-27 06:00:00.000,54395305.00000000,
2025-03-27 07:00:00.000,54410053.00000000,
2025-03-27 08:00:00.000,54383693.00000000,
2025-03-27 09:00:00.000,54091915.00000000,
2025-03-27 10:00:00.000,55086840.00000000,
2025-03-27 11:00:00.000,54749667.00000000,
2025-03-27 12:00:00.000,54423734.00000000,
2025-03-27 13:00:00.000,54226034.00000000,
2025-03-27 14:00:00.000,53984194.00000000,
2025-03-27 15:00:00.000,53804621.00000000,
2025-03-27 16:00:00.000,53969444.00000000,
2025-03-27 17:00:00.000,54078776.00000000,
2025-03-27 18:00:00.000,54124366.00000000,
2025-03-27 19:00:00.000,54073314.00000000,
2025-03-27 20:00:00.000,54003347.00000000,
2025-03-27 21:00:00.000,55071083.00000000,
2025-03-27 22:00:00.000,54700769.00000000,
2025-03-27 23:00:00.000,54695175.00000000,
2025-03-28 00:00:00.000,54866147.00000000,
2025-03-28 01:00:00.000,54803812.00000000,
2025-03-28 02:00:00.000,55150860.00000000,
2025-03-28 03:00:00.000,55047586.00000000,
2025-03-28 04:00:00.000,54456245.00000000,
2025-03-28 05:00:00.000,54980868.00000000,
2025-03-28 06:00:00.000,56658832.00000000,
2025-03-28 07:00:00.000,57650926.00000000,
2025-03-28 08:00:00.000,57366764.00000000,
2025-03-28 09:00:00.000,57210946.00000000,
2025-03-28 10:00:00.000,56919162.00000000,
2025-03-28 11:00:00.000,56687178.00000000,
2025-03-28 12:00:00.000,56961773.00000000,
2025-03-28 13:00:00.000,57906436.00000000,
2025-03-28 14:00:00.000,57998266.00000000,
2025-03-28 15:00:00.000,58802905.00000000,
2025-03-28 16:00:00.000,59744814.00000000,
2025-03-28 17:00:00.000,62008074.00000000,
2025-03-28 18:00:00.000,62505667.00000000,
2025-03-28 19:00:00.000,62574275.00000000,
2025-03-28 20:00:00.000,60574813.00000000,
2025-03-28 21:00:00.000,60172575.00000000,
2025-03-28 22:00:00.000,59619947.00000000,
2025-03-28 23:00:00.000,59468369.00000000,
2025-03-29 00:00:00.000,60088411.00000000,
2025-03-29 01:00:00.000,59224435.00000000,
2025-03-29 02:00:00.000,59204243.00000000,
2025-03-29 03:00:00.000,60128362.00000000,
2025-03-29 04:00:00.000,60523085.00000000,
2025-03-29 05:00:00.000,60419849.00000000,
2025-03-29 06:00:00.000,60651711.00000000,
2025-03-29 07:00:00.000,60509113.00000000,
2025-03-29 08:00:00.000,60858256.00000000,
2025-03-29 09:00:00.000,60715167.00000000,
2025-03-29 10:00:00.000,61487114.00000000,
2025-03-29 11:00:00.000,60883546.00000000,
2025-03-29 12:00:00.000,61323891.00000000,
2025-03-29 13:00:00.000,62619980.00000000,
2025-03-29 14:00:00.000,63163022.00000000,
2025-03-29 15:00:00.000,63015292.00000000,
2025-03-29 16:00:00.000,63531903.00000000,
2025-03-29 17:00:00.000,63631583.00000000,
2025-03-29 18:00:00.000,63757867.00000000,
2025-03-29 19:00:00.000,63540743.00000000,
2025-03-29 20:00:00.000,63453245.00000000,
2025-03-29 21:00:00.000,63841591.00000000,
2025-03-29 22:00:00.000,63639809.00000000,
2025-03-29 23:00:00.000,63812535.00000000,
2025-03-30 00:00:00.000,63759049.00000000,
2025-03-30 01:00:00.000,64010282.00000000,
2025-03-30 02:00:00.000,64311773.00000000,
2025-03-30 03:00:00.000,64601761.00000000,
2025-03-30 04:00:00.000,64609932.00000000,
2025-03-30 05:00:00.000,64597645.00000000,
2025-03-30 06:00:00.000,64969023.00000000,
2025-03-30 07:00:00.000,64555041.00000000,
2025-03-30 08:00:00.000,64086193.00000000,
2025-03-30 09:00:00.000,63999529.00000000,
2025-03-30 10:00:00.000,63945073.00000000,
2025-03-30 11:00:00.000,63776145.00000000,
2025-03-30 12:00:00.000,63684359.00000000,
2025-03-30 13:00:00.000,63427759.00000000,
2025-03-30 14:00:00.000,63137951.00000000,
2025-03-30 15:00:00.000,63181091.00000000,
2025-03-30 16:00:00.000,63581947.00000000,
2025-03-30 17:00:00.000,63599113.00000000,
2025-03-30 18:00:00.000,63543703.00000000,
2025-03-30 19:00:00.000,63021327.00000000,
2025-03-30 20:00:00.000,62536873.00000000,
2025-03-30 21:00:00.000,63225745.00000000,
2025-03-30 22:00:00.000,62364279.00000000,
2025-03-30 23:00:00.000,61953101.00000000,
2025-03-31 00:00:00.000,62197921.00000000,
2025-03-31 01:00:00.000,62283561.00000000,
2025-03-31 02:00:00.000,63172679.00000000,
2025-03-31 03:00:00.000,63325993.00000000,
2025-03-31 04:00:00.000,63613061.00000000,
2025-03-31 05:00:00.000,63815853.00000000,
2025-03-31 06:00:00.000,63693305.00000000,
2025-03-31 07:00:00.000,63773107.00000000,
2025-03-31 08:00:00.000,64014443.00000000,
2025-03-31 09:00:00.000,63571175.00000000,
2025-03-31 10:00:00.000,63311481.00000000,
2025-03-31 11:00:00.000,63256397.00000000,
2025-03-31 12:00:00.000,63790959.00000000,
2025-03-31 13:00:00.000,64552102.00000000,
2025-03-31 14:00:00.000,63686211.00000000,
2025-03-31 15:00:00.000,63833910.00000000,
2025-03-31 16:00:00.000,62867169.00000000,
2025-03-31 17:00:00.000,62730575.00000000,
2025-03-31 18:00:00.000,62069527.00000000,
2025-03-31 19:00:00.000,61870235.00000000,
2025-03-31 20:00:00.000,62737415.00000000,
2025-03-31 21:00:00.000,62455194.00000000,
2025-03-31 22:00:00.000,61853830.00000000,
2025-03-31 23:00:00.000,61694975.00000000,
2025-04-01 00:00:00.000,61540110.00000000,
2025-04-01 01:00:00.000,61545220.00000000,
2025-04-01 02:00:00.000,61518144.00000000,
2025-04-01 03:00:00.000,61135895.00000000,
2025-04-01 04:00:00.000,60776088.00000000,
2025-04-01 05:00:00.000,60696209.00000000,
2025-04-01 06:00:00.000,60714639.00000000,
2025-04-01 07:00:00.000,60489473.00000000,
2025-04-01 08:00:00.000,60745905.00000000,
2025-04-01 09:00:00.000,60357784.00000000,
2025-04-01 10:00:00.000,60616156.00000000,
2025-04-01 11:00:00.000,60097909.00000000,
2025-04-01 12:00:00.000,60457869.00000000,
2025-04-01 13:00:00.000,60095163.00000000,
2025-04-01 14:00:00.000,60040390.00000000,
2025-04-01 15:00:00.000,60653821.00000000,
2025-04-01 16:00:00.000,58710388.00000000,
2025-04-01 17:00:00.000,58324712.00000000,
2025-04-01 18:00:00.000,58050272.00000000,
2025-04-01 19:00:00.000,58158627.00000000,
2025-04-01 20:00:00.000,59128193.00000000,
2025-04-01 21:00:00.000,59818329.00000000,
2025-04-01 22:00:00.000,59557104.00000000,
2025-04-01 23:00:00.000,59037360.00000000,
2025-04-02 00:00:00.000,59175850.00000000,
2025-04-02 01:00:00.000,59253589.00000000,
2025-04-02 02:00:00.000,60117576.00000000,
2025-04-02 03:00:00.000,60411434.00000000,
2025-04-02 04:00:00.000,60457986.00000000,
2025-04-02 05:00:00.000,59953862.00000000,
2025-04-02 06:00:00.000,60833968.00000000,
2025-04-02 07:00:00.000,60597264.00000000,
2025-04-02 08:00:00.000,60293205.00000000,
2025-04-02 09:00:00.000,60207127.00000000,
2025-04-02 10:00:00.000,60380011.00000000,
2025-04-02 11:00:00.000,60170680.00000000,
2025-04-02 12:00:00.000,60605955.00000000,
2025-04-02 13:00:00.000,60395517.00000000,
2025-04-02 14:00:00.000,60193098.00000000,
2025-04-02 15:00:00.000,60267923.00000000,
2025-04-02 16:00:00.000,60186403.00000000,
2025-04-02 17:00:00.000,60733232.00000000,
2025-04-02 18:00:00.000,60421153.00000000,
2025-04-02 19:00:00.000,60968295.00000000,
2025-04-02 20:00:00.000,60964315.00000000,
2025-04-02 21:00:00.000,63029393.00000000,
2025-04-02 22:00:00.000,61870213.00000000,
2025-04-02 23:00:00.000,63802768.00000000,
2025-04-03 00:00:00.000,62768495.00000000,
2025-04-03 01:00:00.000,62796230.00000000,
2025-04-03 02:00:00.000,62813753.00000000,
2025-04-03 03:00:00.000,62308864.00000000,
2025-04-03 04:00:00.000,62987601.00000000,
2025-04-03 05:00:00.000,63108773.00000000,
2025-04-03 06:00:00.000,63249400.00000000,
2025-04-03 07:00:00.000,63107294.00000000,
2025-04-03 08:00:00.000,62477246.00000000,
2025-04-03 09:00:00.000,62606771.00000000,
2025-04-03 10:00:00.000,61975444.00000000,
2025-04-03 11:00:00.000,61796733.00000000,
2025-04-03 12:00:00.000,61923365.00000000,
2025-04-03 13:00:00.000,61436548.00000000,
2025-04-03 14:00:00.000,60683466.00000000,
2025-04-03 15:00:00.000,60828799.00000000,
2025-04-03 16:00:00.000,60725555.00000000,
2025-04-03 17:00:00.000,61245532.00000000,
2025-04-03 18:00:00.000,61178240.00000000,
2025-04-03 19:00:00.000,61532637.00000000,
2025-04-03 20:00:00.000,61151211.00000000,
2025-04-03 21:00:00.000,61046084.00000000,
2025-04-03 22:00:00.000,60847065.00000000,
2025-04-03 23:00:00.000,60967744.00000000,
2025-04-04 00:00:00.000,60854340.00000000,
2025-04-04 01:00:00.000,60676633.00000000,
2025-04-04 02:00:00.000,60122881.00000000,
2025-04-04 03:00:00.000,60313023.00000000,
2025-04-04 04:00:00.000,60031064.00000000,
2025-04-04 05:00:00.000,60141837.00000000,
2025-04-04 06:00:00.000,60499016.00000000,
2025-04-04 07:00:00.000,60609853.00000000,
2025-04-04 08:00:00.000,60602212.00000000,
2025-04-04 09:00:00.000,60785407.00000000,
2025-04-04 10:00:00.000,60516328.00000000,
2025-04-04 11:00:00.000,61877156.00000000,
2025-04-04 12:00:00.000,61856888.00000000,
2025-04-04 13:00:00.000,61884362.00000000,
2025-04-04 14:00:00.000,63245089.00000000,
2025-04-04 15:00:00.000,62133565.00000000,
2025-04-04 16:00:00.000,62520345.00000000,
2025-04-04 17:00:00.000,62798726.00000000,
2025-04-04 18:00:00.000,62618124.00000000,
2025-04-04 19:00:00.000,62475119.00000000,
2025-04-04 20:00:00.000,62578672.00000000,
2025-04-04 21:00:00.000,62638487.00000000,
2025-04-04 22:00:00.000,62526239.00000000,
2025-04-04 23:00:00.000,62500051.00000000,
2025-04-05 00:00:00.000,62635064.00000000,
2025-04-05 01:00:00.000,62428768.00000000,
2025-04-05 02:00:00.000,62274386.00000000,
2025-04-05 03:00:00.000,62527980.00000000,
2025-04-05 04:00:00.000,62744449.00000000,
2025-04-05 05:00:00.000,62492645.00000000,
2025-04-05 06:00:00.000,62415275.00000000,
2025-04-05 07:00:00.000,61886526.00000000,
2025-04-05 08:00:00.000,61766875.00000000,
2025-04-05 09:00:00.000,61828785.00000000,
2025-04-05 10:00:00.000,61797829.00000000,
2025-04-05 11:00:00.000,61955017.00000000,
2025-04-05 12:00:00.000,61785547.00000000,
2025-04-05 13:00:00.000,61378635.00000000,
2025-04-05 14:00:00.000,61437594.00000000,
2025-04-05 15:00:00.000,61518012.00000000,
2025-04-05 16:00:00.000,61478785.00000000,
2025-04-05 17:00:00.000,61607224.00000000,
2025-04-05 18:00:00.000,62082642.00000000,
2025-04-05 19:00:00.000,61963644.00000000,
2025-04-05 20:00:00.000,61733044.00000000,
2025-04-05 21:00:00.000,61488786.00000000,
2025-04-05 22:00:00.000,61469277.00000000,
2025-04-05 23:00:00.000,61334594.00000000,
2025-04-06 00:00:00.000,61552996.00000000,
2025-04-06 01:00:00.000,61629420.00000000,
2025-04-06 02:00:00.000,61501089.00000000,
2025-04-06 03:00:00.000,61844653.00000000,
2025-04-06 04:00:00.000,62692057.00000000,
2025-04-06 05:00:00.000,62602835.00000000,
2025-04-06 06:00:00.000,62608371.00000000,
2025-04-06 07:00:00.000,62559610.00000000,
2025-04-06 08:00:00.000,62576340.00000000,
2025-04-06 09:00:00.000,62019850.00000000,
2025-04-06 10:00:00.000,61855529.00000000,
2025-04-06 11:00:00.000,62110710.00000000,
2025-04-06 12:00:00.000,62149570.00000000,
2025-04-06 13:00:00.000,62272803.00000000,
2025-04-06 14:00:00.000,63517141.00000000,
2025-04-06 15:00:00.000,63868347.00000000,
2025-04-06 16:00:00.000,63144628.00000000,
2025-04-06 17:00:00.000,62945540.00000000,
2025-04-06 18:00:00.000,61870118.00000000,
2025-04-06 19:00:00.000,62429312.00000000,
2025-04-06 20:00:00.000,62518627.00000000,
2025-04-06 21:00:00.000,63012982.00000000,
2025-04-06 22:00:00.000,62479528.00000000,
2025-04-06 23:00:00.000,62563923.00000000,
2025-04-07 00:00:00.000,62147995.00000000,
2025-04-07 01:00:00.000,61942148.00000000,
2025-04-07 02:00:00.000,61371184.00000000,
2025-04-07 03:00:00.000,61207852.00000000,
2025-04-07 04:00:00.000,61185349.00000000,
2025-04-07 05:00:00.000,62032051.00000000,
2025-04-07 06:00:00.000,62227764.00000000,
2025-04-07 07:00:00.000,61963433.00000000,
2025-04-07 08:00:00.000,60494380.00000000,
2025-04-07 09:00:00.000,57037795.00000000,
2025-04-07 10:00:00.000,56795321.00000000,
2025-04-07 11:00:00.000,56085244.00000000,
2025-04-07 12:00:00.000,55927931.00000000,
2025-04-07 13:00:00.000,56207739.00000000,
2025-04-07 14:00:00.000,57884169.00000000,
2025-04-07 15:00:00.000,56969462.00000000,
2025-04-07 16:00:00.000,57206111.00000000,
2025-04-07 17:00:00.000,57568430.00000000,
2025-04-07 18:00:00.000,57757171.00000000,
2025-04-07 19:00:00.000,57441856.00000000,
2025-04-07 20:00:00.000,57929530.00000000,
2025-04-07 21:00:00.000,57471643.00000000,
2025-04-07 22:00:00.000,57165601.00000000,
2025-04-07 23:00:00.000,56714164.00000000,
2025-04-08 00:00:00.000,56786672.00000000,
2025-04-08 01:00:00.000,55967262.00000000,
2025-04-08 02:00:00.000,55438576.00000000,
2025-04-08 03:00:00.000,54552271.00000000,
2025-04-08 04:00:00.000,54502359.00000000,
2025-04-08 05:00:00.000,54145413.00000000,
2025-04-08 06:00:00.000,54227165.00000000,
2025-04-08 07:00:00.000,54139487.00000000,
2025-04-08 08:00:00.000,54144745.00000000,
2025-04-08 09:00:00.000,54134015.00000000,
2025-04-08 10:00:00.000,53610028.00000000,
2025-04-08 11:00:00.000,53526934.00000000,
2025-04-08 12:00:00.000,53772843.00000000,
2025-04-08 13:00:00.000,53627515.00000000,
2025-04-08 14:00:00.000,55143181.00000000,
2025-04-08 15:00:00.000,54624713.00000000,
2025-04-08 16:00:00.000,54824389.00000000,
2025-04-08 17:00:00.000,54529886.00000000,
2025-04-08 18:00:00.000,54708204.00000000,
2025-04-08 19:00:00.000,54578347.00000000,
2025-04-08 20:00:00.000,55465721.00000000,
2025-04-08 21:00:00.000,54917338.00000000,
2025-04-08 22:00:00.000,54598625.00000000,
2025-04-08 23:00:00.000,54869024.00000000,
2025-04-09 00:00:00.000,54862746.00000000,
2025-04-09 01:00:00.000,54527000.00000000,
2025-04-09 02:00:00.000,55118887.00000000,
2025-04-09 03:00:00.000,54667037.00000000,
2025-04-09 04:00:00.000,54620010.00000000,
2025-04-09 05:00:00.000,54658890.00000000,
2025-04-09 06:00:00.000,55679108.00000000,
2025-04-09 07:00:00.000,55583846.00000000,
2025-04-09 08:00:00.000,55491031.00000000,
2025-04-09 09:00:00.000,55396562.00000000,
2025-04-09 10:00:00.000,55308791.00000000,
2025-04-09 11:00:00.000,56261059.00000000,
2025-04-09 12:00:00.000,54792601.00000000,
2025-04-09 13:00:00.000,54203756.00000000,
2025-04-09 14:00:00.000,53617115.00000000,
2025-04-09 15:00:00.000,53363116.00000000,
2025-04-09 16:00:00.000,53372089.00000000,
2025-04-09 17:00:00.000,53304159.00000000,
2025-04-09 18:00:00.000,53186373.00000000,
2025-04-09 19:00:00.000,51346759.00000000,
2025-04-09 20:00:00.000,51855870.00000000,
2025-04-09 21:00:00.000,51648845.00000000,
2025-04-09 22:00:00.000,51293843.00000000,
2025-04-09 23:00:00.000,51334089.00000000,
2025-04-10 00:00:00.000,50971208.00000000,
2025-04-10 01:00:00.000,51325949.00000000,
2025-04-10 02:00:00.000,51412292.00000000,
2025-04-10 03:00:00.000,51398321.00000000,
2025-04-10 04:00:00.000,51481075.00000000,
2025-04-10 05:00:00.000,51095050.00000000,
2025-04-10 06:00:00.000,51147067.00000000,
2025-04-10 07:00:00.000,50983303.00000000,
2025-04-10 08:00:00.000,50716099.00000000,
2025-04-10 09:00:00.000,50701275.00000000,
2025-04-10 10:00:00.000,51419408.00000000,
2025-04-10 11:00:00.000,51988660.00000000,
2025-04-10 12:00:00.000,51672639.00000000,
2025-04-10 13:00:00.000,51063151.00000000,
2025-04-10 14:00:00.000,50509027.00000000,
2025-04-10 15:00:00.000,50579998.00000000,
2025-04-10 16:00:00.000,51025099.00000000,
2025-04-10 17:00:00.000,50785903.00000000,
2025-04-10 18:00:00.000,51257684.00000000,
2025-04-10 19:00:00.000,51077090.00000000,
2025-04-10 20:00:00.000,50872461.00000000,
2025-04-10 21:00:00.000,50703871.00000000,
2025-04-10 22:00:00.000,50543939.00000000,
2025-04-10 23:00:00.000,50236784.00000000,
2025-04-11 00:00:00.000,49953725.00000000,
2025-04-11 01:00:00.000,50228707.00000000,
2025-04-11 02:00:00.000,50236229.00000000,
2025-04-11 03:00:00.000,50208194.00000000,
2025-04-11 04:00:00.000,50553387.00000000,
2025-04-11 05:00:00.000,50167801.00000000,
2025-04-11 06:00:00.000,50243770.00000000,
2025-04-11 07:00:00.000,50000692.00000000,
2025-04-11 08:00:00.000,50114602.00000000,
2025-04-11 09:00:00.000,49922419.00000000,
2025-04-11 10:00:00.000,49356278.00000000,
2025-04-11 11:00:00.000,49644687.00000000,
2025-04-11 12:00:00.000,49617191.00000000,
2025-04-11 13:00:00.000,49556694.00000000,
2025-04-11 14:00:00.000,49568695.00000000,
2025-04-11 15:00:00.000,49707632.00000000,
2025-04-11 16:00:00.000,49867840.00000000,
2025-04-11 17:00:00.000,49737014.00000000,
2025-04-11 18:00:00.000,49429413.00000000,
2025-04-11 19:00:00.000,49699126.00000000,
2025-04-11 20:00:00.000,49877307.00000000,
2025-04-11 21:00:00.000,49274496.00000000,
2025-04-11 22:00:00.000,49377024.00000000,
2025-04-11 23:00:00.000,49432319.00000000,
2025-04-12 00:00:00.000,49129494.00000000,
2025-04-12 01:00:00.000,48798202.00000000,
2025-04-12 02:00:00.000,48538639.00000000,
2025-04-12 03:00:00.000,48405372.00000000,
2025-04-12 04:00:00.000,48314500.00000000,
2025-04-12 05:00:00.000,48381062.00000000,
2025-04-12 06:00:00.000,48714929.00000000,
2025-04-12 07:00:00.000,48966814.00000000,
2025-04-12 08:00:00.000,49008432.00000000,
2025-04-12 09:00:00.000,49072284.00000000,
2025-04-12 10:00:00.000,48966660.00000000,
2025-04-12 11:00:00.000,48889003.00000000,
2025-04-12 12:00:00.000,49075480.00000000,
2025-04-12 13:00:00.000,51943620.00000000,
2025-04-12 14:00:00.000,51324729.00000000,
2025-04-12 15:00:00.000,51557098.00000000,
2025-04-12 16:00:00.000,51814211.00000000,
2025-04-12 17:00:00.000,51604908.00000000,
2025-04-12 18:00:00.000,51206767.00000000,
2025-04-12 19:00:00.000,51631608.00000000,
2025-04-12 20:00:00.000,51708397.00000000,
2025-04-12 21:00:00.000,54559746.00000000,
2025-04-12 22:00:00.000,53129603.00000000,
2025-04-12 23:00:00.000,53207855.00000000,
2025-04-13 00:00:00.000,53155719.00000000,
2025-04-13 01:00:00.000,53038993.00000000,
2025-04-13 02:00:00.000,52350379.00000000,
2025-04-13 03:00:00.000,52335897.00000000,
2025-04-13 04:00:00.000,52337056.00000000,
2025-04-13 05:00:00.000,52093986.00000000,
2025-04-13 06:00:00.000,52194379.00000000,
2025-04-13 07:00:00.000,52424343.00000000,
2025-04-13 08:00:00.000,52308566.00000000,
2025-04-13 09:00:00.000,52028639.00000000,
2025-04-13 10:00:00.000,52114687.00000000,
2025-04-13 11:00:00.000,51939352.00000000,
2025-04-13 12:00:00.000,52042825.00000000,
2025-04-13 13:00:00.000,52225149.00000000,
2025-04-13 14:00:00.000,49307134.00000000,
2025-04-13 15:00:00.000,48957278.00000000,
2025-04-13 16:00:00.000,49274921.00000000,
2025-04-13 17:00:00.000,49242757.00000000,
2025-04-13 18:00:00.000,49140318.00000000,
2025-04-13 19:00:00.000,48775637.00000000,
2025-04-13 20:00:00.000,48740142.00000000,
2025-04-13 21:00:00.000,48056074.00000000,
2025-04-13 22:00:00.000,47957444.00000000,
2025-04-13 23:00:00.000,48683834.00000000,
2025-04-14 00:00:00.000,49017010.00000000,
2025-04-14 01:00:00.000,48707085.00000000,
2025-04-14 02:00:00.000,48986494.00000000,
2025-04-14 03:00:00.000,49745389.00000000,
2025-04-14 04:00:00.000,50007077.00000000,
2025-04-14 05:00:00.000,50067975.00000000,
2025-04-14 06:00:00.000,49880986.00000000,
2025-04-14 07:00:00.000,49809540.00000000,
2025-04-14 08:00:00.000,50925802.00000000,
2025-04-14 09:00:00.000,50801090.00000000,
2025-04-14 10:00:00.000,50525528.00000000,
2025-04-14 11:00:00.000,50340728.00000000,
2025-04-14 12:00:00.000,50407694.00000000,
2025-04-14 13:00:00.000,49515291.00000000,
2025-04-14 14:00:00.000,49296853.00000000,
2025-04-14 15:00:00.000,50029104.00000000,
2025-04-14 16:00:00.000,49755536.00000000,
2025-04-14 17:00:00.000,49731588.00000000,
2025-04-14 18:00:00.000,50262402.00000000,
2025-04-14 19:00:00.000,50262829.00000000,
2025-04-14 20:00:00.000,50014462.00000000,
2025-04-14 21:00:00.000,50053269.00000000,
2025-04-14 22:00:00.000,49898387.00000000,
2025-04-14 23:00:00.000,49962427.00000000,
2025-04-15 00:00:00.000,49456454.00000000,
2025-04-15 01:00:00.000,49715394.00000000,
2025-04-15 02:00:00.000,49577931.00000000,
2025-04-15 03:00:00.000,49333314.00000000,
2025-04-15 04:00:00.000,49667741.00000000,
2025-04-15 05:00:00.000,49473698.00000000,
2025-04-15 06:00:00.000,49029258.00000000,
2025-04-15 07:00:00.000,48756450.00000000,
2025-04-15 08:00:00.000,48562381.00000000,
2025-04-15 09:00:00.000,48690051.00000000,
2025-04-15 10:00:00.000,48650054.00000000,
2025-04-15 11:00:00.000,48579739.00000000,
2025-04-15 12:00:00.000,48181648.00000000,
2025-04-15 13:00:00.000,48067110.00000000,
2025-04-15 14:00:00.000,48291639.00000000,
2025-04-15 15:00:00.000,48692401.00000000,
2025-04-15 16:00:00.000,48676891.00000000,
2025-04-15 17:00:00.000,48720021.00000000,
2025-04-15 18:00:00.000,49229133.00000000,
2025-04-15 19:00:00.000,49285767.00000000,
2025-04-15 20:00:00.000,49245984.00000000,
2025-04-15 21:00:00.000,49597415.00000000,
2025-04-15 22:00:00.000,49306106.00000000,
2025-04-15 23:00:00.000,49186388.00000000,
2025-04-16 00:00:00.000,49051099.00000000,
2025-04-16 01:00:00.000,48847223.00000000,
2025-04-16 02:00:00.000,48339407.00000000,
2025-04-16 03:00:00.000,48372025.00000000,
2025-04-16 04:00:00.000,48491833.00000000,
2025-04-16 05:00:00.000,48499669.00000000,
2025-04-16 06:00:00.000,48293083.00000000,
2025-04-16 07:00:00.000,48431637.00000000,
2025-04-16 08:00:00.000,48363197.00000000,
2025-04-16 09:00:00.000,48727359.00000000,
2025-04-16 10:00:00.000,48822659.00000000,
2025-04-16 11:00:00.000,49072912.00000000,
2025-04-16 12:00:00.000,49240394.00000000,
2025-04-16 13:00:00.000,49399078.00000000,
2025-04-16 14:00:00.000,49346820.00000000,
2025-04-16 15:00:00.000,49686809.00000000,
2025-04-16 16:00:00.000,49770312.00000000,
2025-04-16 17:00:00.000,49550466.00000000,
2025-04-16 18:00:00.000,49721913.00000000,
2025-04-16 19:00:00.000,50175747.00000000,
2025-04-16 20:00:00.000,50077583.00000000,
2025-04-16 21:00:00.000,49750227.00000000,
2025-04-16 22:00:00.000,50117321.00000000,
2025-04-16 23:00:00.000,49857563.00000000,
2025-04-17 00:00:00.000,49831011.00000000,
2025-04-17 01:00:00.000,49489377.00000000,
2025-04-17 02:00:00.000,49591539.00000000,
2025-04-17 03:00:00.000,49357043.00000000,
2025-04-17 04:00:00.000,49369248.00000000,
2025-04-17 05:00:00.000,49311572.00000000,
2025-04-17 06:00:00.000,49342155.00000000,
2025-04-17 07:00:00.000,49173210.00000000,
2025-04-17 08:00:00.000,49229584.00000000,
2025-04-17 09:00:00.000,49281328.00000000,
2025-04-17 10:00:00.000,49308515.00000000,
2025-04-17 11:00:00.000,49275104.00000000,
2025-04-17 12:00:00.000,49187491.00000000,
2025-04-17 13:00:00.000,49160050.00000000,
2025-04-17 14:00:00.000,48908057.00000000,
2025-04-17 15:00:00.000,48642468.00000000,
2025-04-17 16:00:00.000,50489776.00000000,
2025-04-17 17:00:00.000,49364018.00000000,
2025-04-17 18:00:00.000,48364499.00000000,
2025-04-17 19:00:00.000,48462077.00000000,
2025-04-17 20:00:00.000,48400332.00000000,
2025-04-17 21:00:00.000,48170783.00000000,
2025-04-17 22:00:00.000,47986533.00000000,
2025-04-17 23:00:00.000,47986454.00000000,
2025-04-18 00:00:00.000,47129883.00000000,
2025-04-18 01:00:00.000,47016654.00000000,
2025-04-18 02:00:00.000,46909812.00000000,
2025-04-18 03:00:00.000,46726140.00000000,
2025-04-18 04:00:00.000,46425936.00000000,
2025-04-18 05:00:00.000,46116056.00000000,
2025-04-18 06:00:00.000,46208026.00000000,
2025-04-18 07:00:00.000,46180822.00000000,
2025-04-18 08:00:00.000,46389122.00000000,
2025-04-18 09:00:00.000,46566901.00000000,
2025-04-18 10:00:00.000,46514389.00000000,
2025-04-18 11:00:00.000,46313065.00000000,
2025-04-18 12:00:00.000,46315553.00000000,
2025-04-18 13:00:00.000,46359476.00000000,
2025-04-18 14:00:00.000,46553636.00000000,
2025-04-18 15:00:00.000,46663151.00000000,
2025-04-18 16:00:00.000,47142369.00000000,
2025-04-18 17:00:00.000,47268010.00000000,
2025-04-18 18:00:00.000,47200083.00000000,
2025-04-18 19:00:00.000,47153805.00000000,
2025-04-18 20:00:00.000,47265021.00000000,
2025-04-18 21:00:00.000,47608701.00000000,
2025-04-18 22:00:00.000,47399222.00000000,
2025-04-18 23:00:00.000,47183350.00000000,
2025-04-19 00:00:00.000,47349680.00000000,
2025-04-19 01:00:00.000,47098293.00000000,
2025-04-19 02:00:00.000,47041857.00000000,
2025-04-19 03:00:00.000,47012600.00000000,
2025-04-19 04:00:00.000,47028739.00000000,
2025-04-19 05:00:00.000,46816137.00000000,
2025-04-19 06:00:00.000,46787230.00000000,
2025-04-19 07:00:00.000,46701322.00000000,
2025-04-19 08:00:00.000,46839129.00000000,
2025-04-19 09:00:00.000,47068609.00000000,
2025-04-19 10:00:00.000,47256460.00000000,
2025-04-19 11:00:00.000,47037490.00000000,
2025-04-19 12:00:00.000,46970224.00000000,
2025-04-19 13:00:00.000,46951852.00000000,
2025-04-19 14:00:00.000,47001101.00000000,
2025-04-19 15:00:00.000,46972149.00000000,
2025-04-19 16:00:00.000,46776046.00000000,
2025-04-19 17:00:00.000,46684715.00000000,
2025-04-19 18:00:00.000,46738948.00000000,
2025-04-19 19:00:00.000,46719724.00000000,
2025-04-19 20:00:00.000,46728926.00000000,
2025-04-19 21:00:00.000,46730095.00000000,
2025-04-19 22:00:00.000,46789417.00000000,
2025-04-19 23:00:00.000,46622720.00000000,
2025-04-20 00:00:00.000,46557528.00000000,
2025-04-20 01:00:00.000,47035856.00000000,
2025-04-20 02:00:00.000,47475596.00000000,
2025-04-20 03:00:00.000,47733342.00000000,
2025-04-20 04:00:00.000,47903364.00000000,
2025-04-20 05:00:00.000,48749456.00000000,
2025-04-20 06:00:00.000,48332447.00000000,
2025-04-20 07:00:00.000,48722780.00000000,
2025-04-20 08:00:00.000,48934201.00000000,
2025-04-20 09:00:00.000,48699350.00000000,
2025-04-20 10:00:00.000,48666502.00000000,
2025-04-20 11:00:00.000,48732875.00000000,
2025-04-20 12:00:00.000,48676848.00000000,
2025-04-20 13:00:00.000,48400568.00000000,
2025-04-20 14:00:00.000,48229164.00000000,
2025-04-20 15:00:00.000,48205730.00000000,
2025-04-20 16:00:00.000,48760524.00000000,
2025-04-20 17:00:00.000,48346236.00000000,
2025-04-20 18:00:00.000,48471103.00000000,
2025-04-20 19:00:00.000,48631687.00000000,
2025-04-20 20:00:00.000,48613040.00000000,
2025-04-20 21:00:00.000,48723410.00000000,
2025-04-20 22:00:00.000,48622290.00000000,
2025-04-20 23:00:00.000,48441062.00000000,
2025-04-21 00:00:00.000,48309021.00000000,
2025-04-21 01:00:00.000,48554866.00000000,
2025-04-21 02:00:00.000,50019493.00000000,
2025-04-21 03:00:00.000,49631866.00000000,
2025-04-21 04:00:00.000,50627760.00000000,
2025-04-21 05:00:00.000,51069148.00000000,
2025-04-21 06:00:00.000,50365429.00000000,
2025-04-21 07:00:00.000,50673469.00000000,
2025-04-21 08:00:00.000,51005145.00000000,
2025-04-21 09:00:00.000,51527071.00000000,
2025-04-21 10:00:00.000,51301029.00000000,
2025-04-21 11:00:00.000,51379644.00000000,
2025-04-21 12:00:00.000,50341247.00000000,
2025-04-21 13:00:00.000,49767018.00000000,
2025-04-21 14:00:00.000,50402068.00000000,
2025-04-21 15:00:00.000,50433743.00000000,
2025-04-21 16:00:00.000,50497861.00000000,
2025-04-21 17:00:00.000,51015010.00000000,
2025-04-21 18:00:00.000,51233806.00000000,
2025-04-21 19:00:00.000,51861777.00000000,
2025-04-21 20:00:00.000,51924374.00000000,
2025-04-21 21:00:00.000,52075516.00000000,
2025-04-21 22:00:00.000,52086520.00000000,
2025-04-21 23:00:00.000,52184412.00000000,
2025-04-22 00:00:00.000,52358972.00000000,
2025-04-22 01:00:00.000,52409176.00000000,
2025-04-22 02:00:00.000,52788454.00000000,
2025-04-22 03:00:00.000,52824587.00000000,
2025-04-22 04:00:00.000,52510564.00000000,
2025-04-22 05:00:00.000,53559785.00000000,
2025-04-22 06:00:00.000,54591734.00000000,
2025-04-22 07:00:00.000,56204948.00000000,
2025-04-22 08:00:00.000,58840602.00000000,
2025-04-22 09:00:00.000,60694318.00000000,
2025-04-22 10:00:00.000,60599595.00000000,
2025-04-22 11:00:00.000,60523469.00000000,
2025-04-22 12:00:00.000,60953252.00000000,
2025-04-22 13:00:00.000,60366409.00000000,
2025-04-22 14:00:00.000,59781939.00000000,
2025-04-22 15:00:00.000,57909976.00000000,
2025-04-22 16:00:00.000,60654829.00000000,
2025-04-22 17:00:00.000,59622508.00000000,
2025-04-22 18:00:00.000,59529611.00000000,
2025-04-22 19:00:00.000,59101866.00000000,
2025-04-22 20:00:00.000,59121874.00000000,
2025-04-22 21:00:00.000,58861278.00000000,
2025-04-22 22:00:00.000,56870898.00000000,
2025-04-22 23:00:00.000,57125788.00000000,
2025-04-23 00:00:00.000,57760557.00000000,
2025-04-23 01:00:00.000,56760720.00000000,
2025-04-23 02:00:00.000,55165332.00000000,
2025-04-23 03:00:00.000,55447848.00000000,
2025-04-23 04:00:00.000,55976032.00000000,
2025-04-23 05:00:00.000,55913400.00000000,
2025-04-23 06:00:00.000,55604105.00000000,
2025-04-23 07:00:00.000,55766017.00000000,
2025-04-23 08:00:00.000,55743091.00000000,
2025-04-23 09:00:00.000,56753725.00000000,
2025-04-23 10:00:00.000,56846350.00000000,
2025-04-23 11:00:00.000,56939197.00000000,
2025-04-23 12:00:00.000,56891680.00000000,
2025-04-23 13:00:00.000,57058327.00000000,
2025-04-23 14:00:00.000,57089236.00000000,
2025-04-23 15:00:00.000,56789406.00000000,
2025-04-23 16:00:00.000,55568297.00000000,
2025-04-23 17:00:00.000,54503723.00000000,
2025-04-23 18:00:00.000,54481797.00000000,
2025-04-23 19:00:00.000,54777008.00000000,
2025-04-23 20:00:00.000,54926447.00000000,
2025-04-23 21:00:00.000,55038590.00000000,
2025-04-23 22:00:00.000,54794194.00000000,
2025-04-23 23:00:00.000,54832822.00000000,
2025-04-24 00:00:00.000,54682279.00000000,
2025-04-24 01:00:00.000,54315860.00000000,
2025-04-24 02:00:00.000,54106585.00000000,
2025-04-24 03:00:00.000,54258610.00000000,
2025-04-24 04:00:00.000,54100122.00000000,
2025-04-24 05:00:00.000,54455649.00000000,
2025-04-24 06:00:00.000,54129998.00000000,
2025-04-24 07:00:00.000,54042700.00000000,
2025-04-24 08:00:00.000,54647103.00000000,
2025-04-24 09:00:00.000,54499215.00000000,
2025-04-24 10:00:00.000,59836270.00000000,
2025-04-24 11:00:00.000,59729188.00000000,
2025-04-24 12:00:00.000,59640251.00000000,
2025-04-24 13:00:00.000,65212010.00000000,
2025-04-24 14:00:00.000,70357913.00000000,
2025-04-24 15:00:00.000,71623189.00000000,
2025-04-24 16:00:00.000,72141343.00000000,
2025-04-24 17:00:00.000,71908600.00000000,
2025-04-24 18:00:00.000,70949756.00000000,
2025-04-24 19:00:00.000,71193722.00000000,
2025-04-24 20:00:00.000,68731993.00000000,
2025-04-24 21:00:00.000,67589352.00000000,
2025-04-24 22:00:00.000,66753762.00000000,
2025-04-24 23:00:00.000,65952986.00000000,
2025-04-25 00:00:00.000,64643017.00000000,
2025-04-25 01:00:00.000,65208720.00000000,
2025-04-25 02:00:00.000,64814694.00000000,
2025-04-25 03:00:00.000,65308162.00000000,
2025-04-25 04:00:00.000,64761648.00000000,
2025-04-25 05:00:00.000,64256786.00000000,
2025-04-25 06:00:00.000,63931041.00000000,
2025-04-25 07:00:00.000,64021431.00000000,
2025-04-25 08:00:00.000,64136819.00000000,
2025-04-25 09:00:00.000,65419349.00000000,
2025-04-25 10:00:00.000,66550552.00000000,
2025-04-25 11:00:00.000,68199478.00000000,
2025-04-25 12:00:00.000,68392666.00000000,
2025-04-25 13:00:00.000,68700272.00000000,
2025-04-25 14:00:00.000,69223095.00000000,
2025-04-25 15:00:00.000,69082249.00000000,
2025-04-25 16:00:00.000,68366715.00000000,
2025-04-25 17:00:00.000,68072454.00000000,
2025-04-25 18:00:00.000,66930138.00000000,
2025-04-25 19:00:00.000,66062106.00000000,
2025-04-25 20:00:00.000,65657539.00000000,
2025-04-25 21:00:00.000,65441212.00000000,
2025-04-25 22:00:00.000,64731269.00000000,
2025-04-25 23:00:00.000,64548458.00000000,
2025-04-26 00:00:00.000,64673587.00000000,
2025-04-26 01:00:00.000,64851888.00000000,
2025-04-26 02:00:00.000,64554471.00000000,
2025-04-26 03:00:00.000,63200630.00000000,
2025-04-26 04:00:00.000,63357177.00000000,
2025-04-26 05:00:00.000,63425713.00000000,
2025-04-26 06:00:00.000,63597417.00000000,
2025-04-26 07:00:00.000,63873012.00000000,
2025-04-26 08:00:00.000,64057589.00000000,
2025-04-26 09:00:00.000,64236080.00000000,
2025-04-26 10:00:00.000,63866265.00000000,
2025-04-26 11:00:00.000,64170287.00000000,
2025-04-26 12:00:00.000,63374848.00000000,
2025-04-26 13:00:00.000,62615079.00000000,
2025-04-26 14:00:00.000,62561032.00000000,
2025-04-26 15:00:00.000,62638239.00000000,
2025-04-26 16:00:00.000,62273481.00000000,
2025-04-26 17:00:00.000,62200135.00000000,
2025-04-26 18:00:00.000,61783300.00000000,
2025-04-26 19:00:00.000,61527941.00000000,
2025-04-26 20:00:00.000,61482451.00000000,
2025-04-26 21:00:00.000,61101546.00000000,
2025-04-26 22:00:00.000,60878130.00000000,
2025-04-26 23:00:00.000,60928972.00000000,
2025-04-27 00:00:00.000,61252375.00000000,
2025-04-27 01:00:00.000,61630207.00000000,
2025-04-27 02:00:00.000,61069098.00000000,
2025-04-27 03:00:00.000,59776161.00000000,
2025-04-27 04:00:00.000,59089745.00000000,
2025-04-27 05:00:00.000,58809502.00000000,
2025-04-27 06:00:00.000,59425404.00000000,
2025-04-27 07:00:00.000,59334582.00000000,
2025-04-27 08:00:00.000,59535353.00000000,
2025-04-27 09:00:00.000,59307470.00000000,
2025-04-27 10:00:00.000,59107084.00000000,
2025-04-27 11:00:00.000,58632692.00000000,
2025-04-27 12:00:00.000,58270426.00000000,
2025-04-27 13:00:00.000,57773773.00000000,
2025-04-27 14:00:00.000,57164212.00000000,
2025-04-27 15:00:00.000,57729831.00000000,
2025-04-27 16:00:00.000,57774895.00000000,
2025-04-27 17:00:00.000,57715728.00000000,
2025-04-27 18:00:00.000,57637902.00000000,
2025-04-27 19:00:00.000,57577520.00000000,
2025-04-27 20:00:00.000,57594978.00000000,
2025-04-27 21:00:00.000,57804690.00000000,
2025-04-27 22:00:00.000,57490294.00000000,
2025-04-27 23:00:00.000,57459130.00000000,
2025-04-28 00:00:00.000,57593316.00000000,
2025-04-28 01:00:00.000,56816073.00000000,
2025-04-28 02:00:00.000,56331092.00000000,
2025-04-28 03:00:00.000,55947353.00000000,
2025-04-28 04:00:00.000,55698245.00000000,
2025-04-28 05:00:00.000,55506642.00000000,
2025-04-28 06:00:00.000,55329035.00000000,
2025-04-28 07:00:00.000,54885573.00000000,
2025-04-28 08:00:00.000,55262321.00000000,
2025-04-28 09:00:00.000,55610450.00000000,
2025-04-28 10:00:00.000,55966237.00000000,
2025-04-28 11:00:00.000,56005463.00000000,
2025-04-28 12:00:00.000,55698595.00000000,
2025-04-28 13:00:00.000,55960100.00000000,
2025-04-28 14:00:00.000,55695980.00000000,
2025-04-28 15:00:00.000,55787961.00000000,
2025-04-28 16:00:00.000,54224064.00000000,
2025-04-28 17:00:00.000,54580554.00000000,
2025-04-28 18:00:00.000,54294455.00000000,
2025-04-28 19:00:00.000,54295050.00000000,
2025-04-28 20:00:00.000,54162795.00000000,
2025-04-28 21:00:00.000,54112718.00000000,
2025-04-28 22:00:00.000,54353282.00000000,
2025-04-28 23:00:00.000,54303981.00000000,
2025-04-29 00:00:00.000,54466678.00000000,
2025-04-29 01:00:00.000,54958333.00000000,
2025-04-29 02:00:00.000,54899752.00000000,
2025-04-29 03:00:00.000,54543406.00000000,
2025-04-29 04:00:00.000,54673872.00000000,
2025-04-29 05:00:00.000,54348744.00000000,
2025-04-29 06:00:00.000,54545100.00000000,
2025-04-29 07:00:00.000,54762079.00000000,
2025-04-29 08:00:00.000,55729862.00000000,
2025-04-29 09:00:00.000,55927294.00000000,
2025-04-29 10:00:00.000,55670817.00000000,
2025-04-29 11:00:00.000,55570432.00000000,
2025-04-29 12:00:00.000,55880526.00000000,
2025-04-29 13:00:00.000,55738597.00000000,
2025-04-29 14:00:00.000,55369785.00000000,
2025-04-29 15:00:00.000,55175096.00000000,
2025-04-29 16:00:00.000,55327934.00000000,
2025-04-29 17:00:00.000,55508296.00000000,
2025-04-29 18:00:00.000,55423957.00000000,
2025-04-29 19:00:00.000,55366809.00000000,
2025-04-29 20:00:00.000,55378843.00000000,
2025-04-29 21:00:00.000,55182367.00000000,
2025-04-29 22:00:00.000,54622819.00000000,
2025-04-29 23:00:00.000,54100283.00000000,
2025-04-30 00:00:00.000,53850795.00000000,
2025-04-30 01:00:00.000,54220867.00000000,
2025-04-30 02:00:00.000,54170450.00000000,
2025-04-30 03:00:00.000,54285239.00000000,
2025-04-30 04:00:00.000,54226937.00000000,
2025-04-30 05:00:00.000,54134559.00000000,
2025-04-30 06:00:00.000,53944479.00000000,
2025-04-30 07:00:00.000,53812829.00000000,
2025-04-30 08:00:00.000,54000312.00000000,
2025-04-30 09:00:00.000,53898186.00000000,
2025-04-30 10:00:00.000,53756936.00000000,
2025-04-30 11:00:00.000,53992582.00000000,
2025-04-30 12:00:00.000,55037746.00000000,
2025-04-30 13:00:00.000,54058142.00000000,
2025-04-30 14:00:00.000,55745473.00000000,
2025-04-30 15:00:00.000,55894775.00000000,
2025-04-30 16:00:00.000,55845242.00000000,
2025-04-30 17:00:00.000,55754314.00000000,
2025-04-30 18:00:00.000,55926008.00000000,
2025-04-30 19:00:00.000,56306926.00000000,
2025-04-30 20:00:00.000,56096882.00000000,
2025-04-30 21:00:00.000,55323523.00000000,
2025-04-30 22:00:00.000,55053640.00000000,
2025-04-30 23:00:00.000,55235688.00000000,
2025-05-01 00:00:00.000,55609118.00000000,
2025-05-01 01:00:00.000,55565933.00000000,
2025-05-01 02:00:00.000,54205520.00000000,
2025-05-01 03:00:00.000,54046928.00000000,
2025-05-01 04:00:00.000,54234551.00000000,
2025-05-01 05:00:00.000,54327205.00000000,
2025-05-01 06:00:00.000,54217137.00000000,
2025-05-01 07:00:00.000,54252669.00000000,
2025-05-01 08:00:00.000,54297449.00000000,
2025-05-01 09:00:00.000,57172536.00000000,
2025-05-01 10:00:00.000,54268243.00000000,
2025-05-01 11:00:00.000,53530520.00000000,
2025-05-01 12:00:00.000,53719358.00000000,
2025-05-01 13:00:00.000,54215353.00000000,
2025-05-01 14:00:00.000,55149104.00000000,
2025-05-01 15:00:00.000,55417961.00000000,
2025-05-01 16:00:00.000,55840271.00000000,
2025-05-01 17:00:00.000,55042349.00000000,
2025-05-01 18:00:00.000,54642366.00000000,
2025-05-01 19:00:00.000,54382588.00000000,
2025-05-01 20:00:00.000,54279942.00000000,
2025-05-01 21:00:00.000,56047079.00000000,
2025-05-01 22:00:00.000,55877328.00000000,
2025-05-01 23:00:00.000,55507673.00000000,
2025-05-02 00:00:00.000,55609937.00000000,
2025-05-02 01:00:00.000,55753972.00000000,
2025-05-02 02:00:00.000,55219700.00000000,
2025-05-02 03:00:00.000,55245318.00000000,
2025-05-02 04:00:00.000,54911230.00000000,
2025-05-02 05:00:00.000,54949466.00000000,
2025-05-02 06:00:00.000,55056762.00000000,
2025-05-02 07:00:00.000,55200220.00000000,
2025-05-02 08:00:00.000,55428131.00000000,
2025-05-02 09:00:00.000,55628487.00000000,
2025-05-02 10:00:00.000,55073306.00000000,
2025-05-02 11:00:00.000,55161244.00000000,
2025-05-02 12:00:00.000,56327350.00000000,
2025-05-02 13:00:00.000,57614622.00000000,
2025-05-02 14:00:00.000,57542173.00000000,
2025-05-02 15:00:00.000,57779683.00000000,
2025-05-02 16:00:00.000,58149832.00000000,
2025-05-02 17:00:00.000,58277479.00000000,
2025-05-02 18:00:00.000,58203083.00000000,
2025-05-02 19:00:00.000,58526227.00000000,
2025-05-02 20:00:00.000,58491546.00000000,
2025-05-02 21:00:00.000,58466088.00000000,
2025-05-02 22:00:00.000,58337833.00000000,
2025-05-02 23:00:00.000,58323010.00000000,
2025-05-03 00:00:00.000,58358346.00000000,
2025-05-03 01:00:00.000,58179488.00000000,
2025-05-03 02:00:00.000,57738172.00000000,
2025-05-03 03:00:00.000,57744310.00000000,
2025-05-03 04:00:00.000,57579154.00000000,
2025-05-03 05:00:00.000,57461578.00000000,
2025-05-03 06:00:00.000,57661578.00000000,
2025-05-03 07:00:00.000,58710345.00000000,
2025-05-03 08:00:00.000,58533247.00000000,
2025-05-03 09:00:00.000,58211531.00000000,
2025-05-03 10:00:00.000,57976828.00000000,
2025-05-03 11:00:00.000,56825585.00000000,
2025-05-03 12:00:00.000,56527479.00000000,
2025-05-03 13:00:00.000,56408029.00000000,
2025-05-03 14:00:00.000,56326132.00000000,
2025-05-03 15:00:00.000,56417018.00000000,
2025-05-03 16:00:00.000,56541405.00000000,
2025-05-03 17:00:00.000,56439904.00000000,
2025-05-03 18:00:00.000,56075690.00000000,
2025-05-03 19:00:00.000,56169572.00000000,
2025-05-03 20:00:00.000,55945223.00000000,
2025-05-03 21:00:00.000,55761587.00000000,
2025-05-03 22:00:00.000,55472774.00000000,
2025-05-03 23:00:00.000,55463607.00000000,
2025-05-04 00:00:00.000,55388562.00000000,
2025-05-04 01:00:00.000,55457257.00000000,
2025-05-04 02:00:00.000,55440462.00000000,
2025-05-04 03:00:00.000,55519313.00000000,
2025-05-04 04:00:00.000,55574730.00000000,
2025-05-04 05:00:00.000,55461824.00000000,
2025-05-04 06:00:00.000,55475398.00000000,
2025-05-04 07:00:00.000,55487447.00000000,
2025-05-04 08:00:00.000,55616089.00000000,
2025-05-04 09:00:00.000,55615895.00000000,
2025-05-04 10:00:00.000,55477996.00000000,
2025-05-04 11:00:00.000,55461269.00000000,
2025-05-04 12:00:00.000,55505705.00000000,
2025-05-04 13:00:00.000,55572923.00000000,
2025-05-04 14:00:00.000,55646727.00000000,
2025-05-04 15:00:00.000,55419879.00000000,
2025-05-04 16:00:00.000,55342107.00000000,
2025-05-04 17:00:00.000,55444651.00000000,
2025-05-04 18:00:00.000,55736589.00000000,
2025-05-04 19:00:00.000,56300634.00000000,
2025-05-04 20:00:00.000,56284331.00000000,
2025-05-04 21:00:00.000,56130884.00000000,
2025-05-04 22:00:00.000,56117012.00000000,
2025-05-04 23:00:00.000,55646398.00000000,
2025-05-05 00:00:00.000,55860398.00000000,
2025-05-05 01:00:00.000,55688531.00000000,
2025-05-05 02:00:00.000,55882375.00000000,
2025-05-05 03:00:00.000,56113866.00000000,
2025-05-05 04:00:00.000,56158281.00000000,
2025-05-05 05:00:00.000,56142775.00000000,
2025-05-05 06:00:00.000,56042617.00000000,
2025-05-05 07:00:00.000,55842137.00000000,
2025-05-05 08:00:00.000,55789669.00000000,
2025-05-05 09:00:00.000,55786467.00000000,
2025-05-05 10:00:00.000,55775719.00000000,
2025-05-05 11:00:00.000,56216865.00000000,
2025-05-05 12:00:00.000,56374555.00000000,
2025-05-05 13:00:00.000,56270172.00000000,
2025-05-05 14:00:00.000,56828187.00000000,
2025-05-05 15:00:00.000,56854512.00000000,
2025-05-05 16:00:00.000,56572339.00000000,
2025-05-05 17:00:00.000,56533880.00000000,
2025-05-05 18:00:00.000,56124497.00000000,
2025-05-05 19:00:00.000,55409738.00000000,
2025-05-05 20:00:00.000,55238729.00000000,
2025-05-05 21:00:00.000,54827000.00000000,
2025-05-05 22:00:00.000,54263378.00000000,
2025-05-05 23:00:00.000,54391263.00000000,
2025-05-06 00:00:00.000,54492665.00000000,
2025-05-06 01:00:00.000,54295904.00000000,
2025-05-06 02:00:00.000,54270085.00000000,
2025-05-06 03:00:00.000,53698466.00000000,
2025-05-06 04:00:00.000,53886054.00000000,
2025-05-06 05:00:00.000,53869640.00000000,
2025-05-06 06:00:00.000,53764989.00000000,
2025-05-06 07:00:00.000,53672053.00000000,
2025-05-06 08:00:00.000,53696034.00000000,
2025-05-06 09:00:00.000,54150631.00000000,
2025-05-06 10:00:00.000,54050547.00000000,
2025-05-06 11:00:00.000,53866648.00000000,
2025-05-06 12:00:00.000,53949860.00000000,
2025-05-06 13:00:00.000,54628172.00000000,
2025-05-06 14:00:00.000,54954583.00000000,
2025-05-06 15:00:00.000,55064310.00000000,
2025-05-06 16:00:00.000,54812390.00000000,
2025-05-06 17:00:00.000,54837846.00000000,
2025-05-06 18:00:00.000,55508337.00000000,
2025-05-06 19:00:00.000,54849747.00000000,
2025-05-06 20:00:00.000,54425809.00000000,
2025-05-06 21:00:00.000,54100574.00000000,
2025-05-06 22:00:00.000,53934950.00000000,
2025-05-06 23:00:00.000,53796829.00000000,
2025-05-07 00:00:00.000,53470854.00000000,
2025-05-07 01:00:00.000,54863888.00000000,
2025-05-07 02:00:00.000,54966704.00000000,
2025-05-07 03:00:00.000,54787471.00000000,
2025-05-07 04:00:00.000,54779157.00000000,
2025-05-07 05:00:00.000,54551605.00000000,
2025-05-07 06:00:00.000,54512149.00000000,
2025-05-07 07:00:00.000,54307171.00000000,
2025-05-07 08:00:00.000,54822691.00000000,
2025-05-07 09:00:00.000,54907072.00000000,
2025-05-07 10:00:00.000,55169866.00000000,
2025-05-07 11:00:00.000,54919686.00000000,
2025-05-07 12:00:00.000,54970313.00000000,
2025-05-07 13:00:00.000,55059057.00000000,
2025-05-07 14:00:00.000,54963421.00000000,
2025-05-07 15:00:00.000,54627191.00000000,
2025-05-07 16:00:00.000,54554862.00000000,
2025-05-07 17:00:00.000,53810693.00000000,
2025-05-07 18:00:00.000,53261890.00000000,
2025-05-07 19:00:00.000,53269464.00000000,
2025-05-07 20:00:00.000,53183764.00000000,
2025-05-07 21:00:00.000,53221386.00000000,
2025-05-07 22:00:00.000,53090680.00000000,
2025-05-07 23:00:00.000,53535984.00000000,
2025-05-08 00:00:00.000,53918654.00000000,
2025-05-08 01:00:00.000,54167113.00000000,
2025-05-08 02:00:00.000,55484552.00000000,
2025-05-08 03:00:00.000,55489872.00000000,
2025-05-08 04:00:00.000,55609813.00000000,
2025-05-08 05:00:00.000,55602077.00000000,
2025-05-08 06:00:00.000,55848518.00000000,
2025-05-08 07:00:00.000,56019375.00000000,
2025-05-08 08:00:00.000,56100100.00000000,
2025-05-08 09:00:00.000,56012174.00000000,
2025-05-08 10:00:00.000,56369085.00000000,
2025-05-08 11:00:00.000,55896672.00000000,
2025-05-08 12:00:00.000,56082203.00000000,
2025-05-08 13:00:00.000,56200244.00000000,
2025-05-08 14:00:00.000,56280892.00000000,
2025-05-08 15:00:00.000,55987991.00000000,
2025-05-08 16:00:00.000,56268017.00000000,
2025-05-08 17:00:00.000,57361053.00000000,
2025-05-08 18:00:00.000,57265126.00000000,
2025-05-08 19:00:00.000,56682310.00000000,
2025-05-08 20:00:00.000,56150973.00000000,
2025-05-08 21:00:00.000,56666317.00000000,
2025-05-08 22:00:00.000,56722840.00000000,
2025-05-08 23:00:00.000,56501774.00000000,
2025-05-09 00:00:00.000,56587733.00000000,
2025-05-09 01:00:00.000,57192124.00000000,
2025-05-09 02:00:00.000,57555605.00000000,
2025-05-09 03:00:00.000,58232432.00000000,
2025-05-09 04:00:00.000,58839848.00000000,
2025-05-09 05:00:00.000,59094259.00000000,
2025-05-09 06:00:00.000,59532672.00000000,
2025-05-09 07:00:00.000,59781725.00000000,
2025-05-09 08:00:00.000,59430210.00000000,
2025-05-09 09:00:00.000,59313883.00000000,
2025-05-09 10:00:00.000,59459896.00000000,
2025-05-09 11:00:00.000,60313042.00000000,
2025-05-09 12:00:00.000,59763131.00000000,
2025-05-09 13:00:00.000,60011470.00000000,
2025-05-09 14:00:00.000,60122634.00000000,
2025-05-09 15:00:00.000,60158941.00000000,
2025-05-09 16:00:00.000,60440076.00000000,
2025-05-09 17:00:00.000,60498705.00000000,
2025-05-09 18:00:00.000,60856802.00000000,
2025-05-09 19:00:00.000,61411385.00000000,
2025-05-09 20:00:00.000,61214752.00000000,
2025-05-09 21:00:00.000,61497568.00000000,
2025-05-09 22:00:00.000,61741342.00000000,
2025-05-09 23:00:00.000,61819271.00000000,
2025-05-10 00:00:00.000,62060388.00000000,
2025-05-10 01:00:00.000,69438277.00000000,
2025-05-10 02:00:00.000,62430929.00000000,
2025-05-10 03:00:00.000,62468497.00000000,
2025-05-10 04:00:00.000,61891431.00000000,
2025-05-10 05:00:00.000,61897293.00000000,
2025-05-10 06:00:00.000,62580134.00000000,
2025-05-10 07:00:00.000,62951863.00000000,
2025-05-10 08:00:00.000,62696619.00000000,
2025-05-10 09:00:00.000,62601357.00000000,
2025-05-10 10:00:00.000,62590591.00000000,
2025-05-10 11:00:00.000,62266493.00000000,
2025-05-10 12:00:00.000,62233144.00000000,
2025-05-10 13:00:00.000,62583609.00000000,
2025-05-10 14:00:00.000,62715728.00000000,
2025-05-10 15:00:00.000,62665996.00000000,
2025-05-10 16:00:00.000,62877977.00000000,
2025-05-10 17:00:00.000,62930832.00000000,
2025-05-10 18:00:00.000,63822156.00000000,
2025-05-10 19:00:00.000,64037691.00000000,
2025-05-10 20:00:00.000,64398840.00000000,
2025-05-10 21:00:00.000,64401865.00000000,
2025-05-10 22:00:00.000,64370560.00000000,
2025-05-10 23:00:00.000,64648486.00000000,
2025-05-11 00:00:00.000,64775504.00000000,
2025-05-11 01:00:00.000,64458893.00000000,
2025-05-11 02:00:00.000,64401074.00000000,
2025-05-11 03:00:00.000,65028414.00000000,
2025-05-11 04:00:00.000,65313426.00000000,
2025-05-11 05:00:00.000,64861386.00000000,
2025-05-11 06:00:00.000,64254222.00000000,
2025-05-11 07:00:00.000,64254458.00000000,
2025-05-11 08:00:00.000,63545105.00000000,
2025-05-11 09:00:00.000,63843756.00000000,
2025-05-11 10:00:00.000,64086999.00000000,
2025-05-11 11:00:00.000,64249131.00000000,
2025-05-11 12:00:00.000,64149472.00000000,
2025-05-11 13:00:00.000,64157699.00000000,
2025-05-11 14:00:00.000,63883402.00000000,
2025-05-11 15:00:00.000,63825564.00000000,
2025-05-11 16:00:00.000,63309377.00000000,
2025-05-11 17:00:00.000,63580001.00000000,
2025-05-11 18:00:00.000,63761934.00000000,
2025-05-11 19:00:00.000,64257571.00000000,
2025-05-11 20:00:00.000,64201642.00000000,
2025-05-11 21:00:00.000,64569364.00000000,
2025-05-11 22:00:00.000,65753579.00000000,
2025-05-11 23:00:00.000,65418402.00000000,
2025-05-12 00:00:00.000,67032998.00000000,
2025-05-12 01:00:00.000,67693314.00000000,
2025-05-12 02:00:00.000,67614753.00000000,
2025-05-12 03:00:00.000,69485699.00000000,
2025-05-12 04:00:00.000,69447176.00000000,
2025-05-12 05:00:00.000,73942471.00000000,
2025-05-12 06:00:00.000,74241921.00000000,
2025-05-12 07:00:00.000,74488455.00000000,
2025-05-12 08:00:00.000,75038672.00000000,
2025-05-12 09:00:00.000,74971698.00000000,
2025-05-12 10:00:00.000,74921043.00000000,
2025-05-12 11:00:00.000,74583038.00000000,
2025-05-12 12:00:00.000,74924575.00000000,
2025-05-12 13:00:00.000,73806621.00000000,
2025-05-12 14:00:00.000,73822047.00000000,
2025-05-12 15:00:00.000,71615948.00000000,
2025-05-12 16:00:00.000,71750079.00000000,
2025-05-12 17:00:00.000,71624352.00000000,
2025-05-12 18:00:00.000,71308564.00000000,
2025-05-12 19:00:00.000,69724340.00000000,
2025-05-12 20:00:00.000,69516620.00000000,
2025-05-12 21:00:00.000,69375727.00000000,
2025-05-12 22:00:00.000,69095335.00000000,
2025-05-12 23:00:00.000,69630563.00000000,
2025-05-13 00:00:00.000,69590656.00000000,
2025-05-13 01:00:00.000,70049596.00000000,
2025-05-13 02:00:00.000,69470200.00000000,
2025-05-13 03:00:00.000,68857392.00000000,
2025-05-13 04:00:00.000,68349095.00000000,
2025-05-13 05:00:00.000,68468044.00000000,
2025-05-13 06:00:00.000,68216273.00000000,
2025-05-13 07:00:00.000,68708028.00000000,
2025-05-13 08:00:00.000,68969444.00000000,
2025-05-13 09:00:00.000,69117169.00000000,
2025-05-13 10:00:00.000,70788329.00000000,
2025-05-13 11:00:00.000,73127196.00000000,
2025-05-13 12:00:00.000,71216082.00000000,
2025-05-13 13:00:00.000,70928185.00000000,
2025-05-13 14:00:00.000,71145316.00000000,
2025-05-13 15:00:00.000,71506556.00000000,
2025-05-13 16:00:00.000,71848083.00000000,
2025-05-13 17:00:00.000,73045749.00000000,
2025-05-13 18:00:00.000,77937099.00000000,
2025-05-13 19:00:00.000,78975550.00000000,
2025-05-13 20:00:00.000,79684939.00000000,
2025-05-13 21:00:00.000,79471596.00000000,
2025-05-13 22:00:00.000,79063245.00000000,
2025-05-13 23:00:00.000,79378714.00000000,
2025-05-14 00:00:00.000,79509369.00000000,
2025-05-14 01:00:00.000,78783085.00000000,
2025-05-14 02:00:00.000,78138288.00000000,
2025-05-14 03:00:00.000,77159199.00000000,
2025-05-14 04:00:00.000,77241817.00000000,
2025-05-14 05:00:00.000,77067035.00000000,
2025-05-14 06:00:00.000,76889331.00000000,
2025-05-14 07:00:00.000,77233796.00000000,
2025-05-14 08:00:00.000,77062562.00000000,
2025-05-14 09:00:00.000,76315859.00000000,
2025-05-14 10:00:00.000,76947841.00000000,
2025-05-14 11:00:00.000,76875740.00000000,
2025-05-14 12:00:00.000,76794820.00000000,
2025-05-14 13:00:00.000,76825642.00000000,
2025-05-14 14:00:00.000,76931785.00000000,
2025-05-14 15:00:00.000,76883264.00000000,
2025-05-14 16:00:00.000,76825466.00000000,
2025-05-14 17:00:00.000,75965136.00000000,
2025-05-14 18:00:00.000,73688547.00000000,
2025-05-14 19:00:00.000,73386464.00000000,
2025-05-14 20:00:00.000,73265297.00000000,
2025-05-14 21:00:00.000,73357095.00000000,
2025-05-14 22:00:00.000,73338935.00000000,
2025-05-14 23:00:00.000,73046541.00000000,
2025-05-15 00:00:00.000,71134629.00000000,
2025-05-15 01:00:00.000,70749172.00000000,
2025-05-15 02:00:00.000,70158418.00000000,
2025-05-15 03:00:00.000,69862052.00000000,
2025-05-15 04:00:00.000,69656743.00000000,
2025-05-15 05:00:00.000,69517480.00000000,
2025-05-15 06:00:00.000,69233413.00000000,
2025-05-15 07:00:00.000,69484969.00000000,
2025-05-15 08:00:00.000,68903499.00000000,
2025-05-15 09:00:00.000,69112677.00000000,
2025-05-15 10:00:00.000,69462697.00000000,
2025-05-15 11:00:00.000,69544833.00000000,
2025-05-15 12:00:00.000,69405682.00000000,
2025-05-15 13:00:00.000,68983703.00000000,
2025-05-15 14:00:00.000,68803887.00000000,
2025-05-15 15:00:00.000,68875295.00000000,
2025-05-15 16:00:00.000,74653368.00000000,
2025-05-15 17:00:00.000,73819274.00000000,
2025-05-15 18:00:00.000,73134591.00000000,
2025-05-15 19:00:00.000,72541492.00000000,
2025-05-15 20:00:00.000,72444582.00000000,
2025-05-15 21:00:00.000,70686463.00000000,
2025-05-15 22:00:00.000,68401939.00000000,
2025-05-15 23:00:00.000,68234677.00000000,
2025-05-16 00:00:00.000,68432074.00000000,
2025-05-16 01:00:00.000,70497244.00000000,
2025-05-16 02:00:00.000,70033974.00000000,
2025-05-16 03:00:00.000,69516118.00000000,
2025-05-16 04:00:00.000,76321088.00000000,
2025-05-16 05:00:00.000,75643230.00000000,
2025-05-16 06:00:00.000,76311868.00000000,
2025-05-16 07:00:00.000,76430284.00000000,
2025-05-16 08:00:00.000,76014032.00000000,
2025-05-16 09:00:00.000,75741401.00000000,
2025-05-16 10:00:00.000,75898267.00000000,
2025-05-16 11:00:00.000,76053269.00000000,
2025-05-16 12:00:00.000,76188127.00000000,
2025-05-16 13:00:00.000,75895428.00000000,
2025-05-16 14:00:00.000,75877863.00000000,
2025-05-16 15:00:00.000,75162703.00000000,
2025-05-16 16:00:00.000,75203372.00000000,
2025-05-16 17:00:00.000,75173414.00000000,
2025-05-16 18:00:00.000,75103601.00000000,
2025-05-16 19:00:00.000,75001398.00000000,
2025-05-16 20:00:00.000,73884516.00000000,
2025-05-16 21:00:00.000,73387760.00000000,
2025-05-16 22:00:00.000,72857655.00000000,
2025-05-16 23:00:00.000,72204938.00000000,
2025-05-17 00:00:00.000,72411464.00000000,
2025-05-17 01:00:00.000,71025935.00000000,
2025-05-17 02:00:00.000,67338050.00000000,
2025-05-17 03:00:00.000,67419144.00000000,
2025-05-17 04:00:00.000,67312959.00000000,
2025-05-17 05:00:00.000,67336432.00000000,
2025-05-17 06:00:00.000,67139919.00000000,
2025-05-17 07:00:00.000,67232725.00000000,
2025-05-17 08:00:00.000,67138498.00000000,
2025-05-17 09:00:00.000,66945945.00000000,
2025-05-17 10:00:00.000,66850894.00000000,
2025-05-17 11:00:00.000,66820018.00000000,
2025-05-17 12:00:00.000,66847001.00000000,
2025-05-17 13:00:00.000,66464585.00000000,
2025-05-17 14:00:00.000,66383742.00000000,
2025-05-17 15:00:00.000,66213030.00000000,
2025-05-17 16:00:00.000,66643113.00000000,
2025-05-17 17:00:00.000,66089252.00000000,
2025-05-17 18:00:00.000,66082126.00000000,
2025-05-17 19:00:00.000,65980352.00000000,
2025-05-17 20:00:00.000,65905108.00000000,
2025-05-17 21:00:00.000,65950913.00000000,
2025-05-17 22:00:00.000,65643522.00000000,
2025-05-17 23:00:00.000,65615305.00000000,
2025-05-18 00:00:00.000,65464599.00000000,
2025-05-18 01:00:00.000,65385977.00000000,
2025-05-18 02:00:00.000,65354407.00000000,
2025-05-18 03:00:00.000,65127269.00000000,
2025-05-18 04:00:00.000,64950341.00000000,
2025-05-18 05:00:00.000,64813655.00000000,
2025-05-18 06:00:00.000,64509410.00000000,
2025-05-18 07:00:00.000,64720588.00000000,
2025-05-18 08:00:00.000,64509963.00000000,
2025-05-18 09:00:00.000,64703676.00000000,
2025-05-18 10:00:00.000,64342959.00000000,
2025-05-18 11:00:00.000,64163053.00000000,
2025-05-18 12:00:00.000,64053219.00000000,
2025-05-18 13:00:00.000,64504107.00000000,
2025-05-18 14:00:00.000,64516799.00000000,
2025-05-18 15:00:00.000,65099968.00000000,
2025-05-18 16:00:00.000,65193511.00000000,
2025-05-18 17:00:00.000,65266930.00000000,
2025-05-18 18:00:00.000,65226432.00000000,
2025-05-18 19:00:00.000,64697051.00000000,
2025-05-18 20:00:00.000,64195140.00000000,
2025-05-18 21:00:00.000,63758510.00000000,
2025-05-18 22:00:00.000,63546668.00000000,
2025-05-18 23:00:00.000,63486912.00000000,
2025-05-19 00:00:00.000,64589181.00000000,
2025-05-19 01:00:00.000,64165868.00000000,
2025-05-19 02:00:00.000,63901667.00000000,
2025-05-19 03:00:00.000,63916999.00000000,
2025-05-19 04:00:00.000,63612736.00000000,
2025-05-19 05:00:00.000,63215506.00000000,
2025-05-19 06:00:00.000,62383613.00000000,
2025-05-19 07:00:00.000,61875070.00000000,
2025-05-19 08:00:00.000,61780178.00000000,
2025-05-19 09:00:00.000,61414568.00000000,
2025-05-19 10:00:00.000,61404691.00000000,
2025-05-19 11:00:00.000,61132145.00000000,
2025-05-19 12:00:00.000,61244639.00000000,
2025-05-19 13:00:00.000,61369857.00000000,
2025-05-19 14:00:00.000,61465279.00000000,
2025-05-19 15:00:00.000,61681120.00000000,
2025-05-19 16:00:00.000,61648177.00000000,
2025-05-19 17:00:00.000,61624613.00000000,
2025-05-19 18:00:00.000,61627592.00000000,
2025-05-19 19:00:00.000,61046137.00000000,
2025-05-19 20:00:00.000,61196769.00000000,
2025-05-19 21:00:00.000,61333523.00000000,
2025-05-19 22:00:00.000,61239192.00000000,
2025-05-19 23:00:00.000,61301298.00000000,
2025-05-20 00:00:00.000,61489671.00000000,
2025-05-20 01:00:00.000,61842782.00000000,
2025-05-20 02:00:00.000,62172641.00000000,
2025-05-20 03:00:00.000,62233947.00000000,
2025-05-20 04:00:00.000,61804561.00000000,
2025-05-20 05:00:00.000,61456913.00000000,
2025-05-20 06:00:00.000,61671380.00000000,
2025-05-20 07:00:00.000,61506574.00000000,
2025-05-20 08:00:00.000,61695265.00000000,
2025-05-20 09:00:00.000,61807380.00000000,
2025-05-20 10:00:00.000,61872463.00000000,
2025-05-20 11:00:00.000,68153221.00000000,
2025-05-20 12:00:00.000,64197867.00000000,
2025-05-20 13:00:00.000,62921781.00000000,
2025-05-20 14:00:00.000,62511751.00000000,
2025-05-20 15:00:00.000,63202602.00000000,
2025-05-20 16:00:00.000,65051386.00000000,
2025-05-20 17:00:00.000,65001681.00000000,
2025-05-20 18:00:00.000,69130594.00000000,
2025-05-20 19:00:00.000,67907466.00000000,
2025-05-20 20:00:00.000,68236882.00000000,
2025-05-20 21:00:00.000,69136123.00000000,
2025-05-20 22:00:00.000,71165305.00000000,
2025-05-20 23:00:00.000,71077748.00000000,
2025-05-21 00:00:00.000,70991322.00000000,
2025-05-21 01:00:00.000,70914792.00000000,
2025-05-21 02:00:00.000,70681584.00000000,
2025-05-21 03:00:00.000,70431931.00000000,
2025-05-21 04:00:00.000,66361512.00000000,
2025-05-21 05:00:00.000,65989310.00000000,
2025-05-21 06:00:00.000,66141577.00000000,
2025-05-21 07:00:00.000,65936648.00000000,
2025-05-21 08:00:00.000,65607806.00000000,
2025-05-21 09:00:00.000,65710836.00000000,
2025-05-21 10:00:00.000,65787355.00000000,
2025-05-21 11:00:00.000,65669306.00000000,
2025-05-21 12:00:00.000,65588860.00000000,
2025-05-21 13:00:00.000,65467528.00000000,
2025-05-21 14:00:00.000,65626993.00000000,
2025-05-21 15:00:00.000,66431923.00000000,
2025-05-21 16:00:00.000,65681063.00000000,
2025-05-21 17:00:00.000,70674319.00000000,
2025-05-21 18:00:00.000,70595914.00000000,
2025-05-21 19:00:00.000,68081845.00000000,
2025-05-21 20:00:00.000,67971999.00000000,
2025-05-21 21:00:00.000,67717285.00000000,
2025-05-21 22:00:00.000,67605737.00000000,
2025-05-21 23:00:00.000,67732843.00000000,
2025-05-22 00:00:00.000,67645552.00000000,
2025-05-22 01:00:00.000,67953193.00000000,
2025-05-22 02:00:00.000,70307298.00000000,
2025-05-22 03:00:00.000,70210448.00000000,
2025-05-22 04:00:00.000,70234243.00000000,
2025-05-22 05:00:00.000,68762992.00000000,
2025-05-22 06:00:00.000,69411889.00000000,
2025-05-22 07:00:00.000,69224708.00000000,
2025-05-22 08:00:00.000,69288268.00000000,
2025-05-22 09:00:00.000,69914451.00000000,
2025-05-22 10:00:00.000,70386259.00000000,
2025-05-22 11:00:00.000,70011291.00000000,
2025-05-22 12:00:00.000,69333700.00000000,
2025-05-22 13:00:00.000,68253806.00000000,
2025-05-22 14:00:00.000,69253809.00000000,
2025-05-22 15:00:00.000,69118998.00000000,
2025-05-22 16:00:00.000,70871403.00000000,
2025-05-22 17:00:00.000,70160464.00000000,
2025-05-22 18:00:00.000,70433651.00000000,
2025-05-22 19:00:00.000,70473361.00000000,
2025-05-22 20:00:00.000,70242823.00000000,
2025-05-22 21:00:00.000,70286492.00000000,
2025-05-22 22:00:00.000,69953229.00000000,
2025-05-22 23:00:00.000,69812284.00000000,
2025-05-23 00:00:00.000,69856055.00000000,
2025-05-23 01:00:00.000,69766677.00000000,
2025-05-23 02:00:00.000,71626001.00000000,
2025-05-23 03:00:00.000,74386663.00000000,
2025-05-23 04:00:00.000,74389965.00000000,
2025-05-23 05:00:00.000,73334405.00000000,
2025-05-23 06:00:00.000,72470051.00000000,
2025-05-23 07:00:00.000,71495981.00000000,
2025-05-23 08:00:00.000,71590943.00000000,
2025-05-23 09:00:00.000,71551783.00000000,
2025-05-23 10:00:00.000,71331895.00000000,
2025-05-23 11:00:00.000,71059057.00000000,
2025-05-23 12:00:00.000,69614168.00000000,
2025-05-23 13:00:00.000,68738363.00000000,
2025-05-23 14:00:00.000,68413468.00000000,
2025-05-23 15:00:00.000,69396249.00000000,
2025-05-23 16:00:00.000,69282037.00000000,
2025-05-23 17:00:00.000,68910240.00000000,
2025-05-23 18:00:00.000,68986003.00000000,
2025-05-23 19:00:00.000,68933584.00000000,
2025-05-23 20:00:00.000,68774614.00000000,
2025-05-23 21:00:00.000,68668276.00000000,
2025-05-23 22:00:00.000,68290367.00000000,
2025-05-23 23:00:00.000,68328394.00000000,
2025-05-24 00:00:00.000,67999727.00000000,
2025-05-24 01:00:00.000,67880573.00000000,
2025-05-24 02:00:00.000,68422449.00000000,
2025-05-24 03:00:00.000,68379138.00000000,
2025-05-24 04:00:00.000,68221010.00000000,
2025-05-24 05:00:00.000,68229742.00000000,
2025-05-24 06:00:00.000,68071220.00000000,
2025-05-24 07:00:00.000,68279177.00000000,
2025-05-24 08:00:00.000,68095965.00000000,
2025-05-24 09:00:00.000,68181568.00000000,
2025-05-24 10:00:00.000,68068460.00000000,
2025-05-24 11:00:00.000,67862398.00000000,
2025-05-24 12:00:00.000,68044417.00000000,
2025-05-24 13:00:00.000,67638976.00000000,
2025-05-24 14:00:00.000,67569170.00000000,
2025-05-24 15:00:00.000,67422608.00000000,
2025-05-24 16:00:00.000,67284782.00000000,
2025-05-24 17:00:00.000,67250334.00000000,
2025-05-24 18:00:00.000,67266128.00000000,
2025-05-24 19:00:00.000,67388153.00000000,
2025-05-24 20:00:00.000,67219195.00000000,
2025-05-24 21:00:00.000,67159876.00000000,
2025-05-24 22:00:00.000,66796420.00000000,
2025-05-24 23:00:00.000,66962925.00000000,
2025-05-25 00:00:00.000,67026161.00000000,
2025-05-25 01:00:00.000,66766522.00000000,
2025-05-25 02:00:00.000,66830132.00000000,
2025-05-25 03:00:00.000,67286156.00000000,
2025-05-25 04:00:00.000,66469476.00000000,
2025-05-25 05:00:00.000,66722401.00000000,
2025-05-25 06:00:00.000,66837538.00000000,
2025-05-25 07:00:00.000,67086732.00000000,
2025-05-25 08:00:00.000,66882763.00000000,
2025-05-25 09:00:00.000,66894656.00000000,
2025-05-25 10:00:00.000,68140048.00000000,
2025-05-25 11:00:00.000,68187254.00000000,
2025-05-25 12:00:00.000,68124758.00000000,
2025-05-25 13:00:00.000,67783126.00000000,
2025-05-25 14:00:00.000,67790304.00000000,
2025-05-25 15:00:00.000,67612618.00000000,
2025-05-25 16:00:00.000,68118042.00000000,
2025-05-25 17:00:00.000,67673093.00000000,
2025-05-25 18:00:00.000,67866069.00000000,
2025-05-25 19:00:00.000,67904288.00000000,
2025-05-25 20:00:00.000,67884941.00000000,
2025-05-25 21:00:00.000,67664965.00000000,
2025-05-25 22:00:00.000,67430136.00000000,
2025-05-25 23:00:00.000,66960621.00000000,
2025-05-26 00:00:00.000,66780004.00000000,
2025-05-26 01:00:00.000,66867738.00000000,
2025-05-26 02:00:00.000,66951728.00000000,
2025-05-26 03:00:00.000,67025562.00000000,
2025-05-26 04:00:00.000,67095392.00000000,
2025-05-26 05:00:00.000,66875112.00000000,
2025-05-26 06:00:00.000,67024750.00000000,
2025-05-26 07:00:00.000,66927203.00000000,
2025-05-26 08:00:00.000,67378647.00000000,
2025-05-26 09:00:00.000,67172402.00000000,
2025-05-26 10:00:00.000,67114098.00000000,
2025-05-26 11:00:00.000,66968644.00000000,
2025-05-26 12:00:00.000,67560784.00000000,
2025-05-26 13:00:00.000,67577225.00000000,
2025-05-26 14:00:00.000,67331580.00000000,
2025-05-26 15:00:00.000,67727501.00000000,
2025-05-26 16:00:00.000,68610648.00000000,
2025-05-26 17:00:00.000,67514878.00000000,
2025-05-26 18:00:00.000,66911074.00000000,
2025-05-26 19:00:00.000,67026060.00000000,
2025-05-26 20:00:00.000,66946854.00000000,
2025-05-26 21:00:00.000,67169718.00000000,
2025-05-26 22:00:00.000,67070212.00000000,
2025-05-26 23:00:00.000,67097293.00000000,
2025-05-27 00:00:00.000,67044299.00000000,
2025-05-27 01:00:00.000,66969269.00000000,
2025-05-27 02:00:00.000,66274862.00000000,
2025-05-27 03:00:00.000,66744845.00000000,
2025-05-27 04:00:00.000,66682885.00000000,
2025-05-27 05:00:00.000,66912577.00000000,
2025-05-27 06:00:00.000,67084725.00000000,
2025-05-27 07:00:00.000,67433215.00000000,
2025-05-27 08:00:00.000,67600100.00000000,
2025-05-27 09:00:00.000,67579828.00000000,
2025-05-27 10:00:00.000,67491612.00000000,
2025-05-27 11:00:00.000,67858638.00000000,
2025-05-27 12:00:00.000,68317920.00000000,
2025-05-27 13:00:00.000,69637090.00000000,
2025-05-27 14:00:00.000,69706806.00000000,
2025-05-27 15:00:00.000,69614382.00000000,
2025-05-27 16:00:00.000,69774446.00000000,
2025-05-27 17:00:00.000,70467495.00000000,
2025-05-27 18:00:00.000,70207089.00000000,
2025-05-27 19:00:00.000,70216826.00000000,
2025-05-27 20:00:00.000,70437442.00000000,
2025-05-27 21:00:00.000,70583972.00000000,
2025-05-27 22:00:00.000,69602757.00000000,
2025-05-27 23:00:00.000,69548132.00000000,
2025-05-28 00:00:00.000,69346869.00000000,
2025-05-28 01:00:00.000,69298159.00000000,
2025-05-28 02:00:00.000,69333038.00000000,
2025-05-28 03:00:00.000,69325329.00000000,
2025-05-28 04:00:00.000,70018216.00000000,
2025-05-28 05:00:00.000,69825286.00000000,
2025-05-28 06:00:00.000,69859782.00000000,
2025-05-28 07:00:00.000,69544377.00000000,
2025-05-28 08:00:00.000,69488894.00000000,
2025-05-28 09:00:00.000,69382590.00000000,
2025-05-28 10:00:00.000,68545364.00000000,
2025-05-28 11:00:00.000,68133828.00000000,
2025-05-28 12:00:00.000,68470790.00000000,
2025-05-28 13:00:00.000,68899626.00000000,
2025-05-28 14:00:00.000,67521688.00000000,
2025-05-28 15:00:00.000,67024337.00000000,
2025-05-28 16:00:00.000,66305385.00000000,
2025-05-28 17:00:00.000,65899337.00000000,
2025-05-28 18:00:00.000,65826638.00000000,
2025-05-28 19:00:00.000,65566437.00000000,
2025-05-28 20:00:00.000,65531664.00000000,
2025-05-28 21:00:00.000,65490448.00000000,
2025-05-28 22:00:00.000,65295484.00000000,
2025-05-28 23:00:00.000,64888354.00000000,
2025-05-29 00:00:00.000,64746810.00000000,
2025-05-29 01:00:00.000,64609300.00000000,
2025-05-29 02:00:00.000,64574434.00000000,
2025-05-29 03:00:00.000,68301098.00000000,
2025-05-29 04:00:00.000,68081882.00000000,
2025-05-29 05:00:00.000,67691607.00000000,
2025-05-29 06:00:00.000,67266651.00000000,
2025-05-29 07:00:00.000,67555255.00000000,
2025-05-29 08:00:00.000,65938068.00000000,
2025-05-29 09:00:00.000,65934114.00000000,
2025-05-29 10:00:00.000,65699070.00000000,
2025-05-29 11:00:00.000,65722503.00000000,
2025-05-29 12:00:00.000,65485049.00000000,
2025-05-29 13:00:00.000,64470702.00000000,
2025-05-29 14:00:00.000,64438067.00000000,
2025-05-29 15:00:00.000,63864368.00000000,
2025-05-29 16:00:00.000,63736083.00000000,
2025-05-29 17:00:00.000,63403341.00000000,
2025-05-29 18:00:00.000,63331861.00000000,
2025-05-29 19:00:00.000,62870070.00000000,
2025-05-29 20:00:00.000,63430836.00000000,
2025-05-29 21:00:00.000,63237344.00000000,
2025-05-29 22:00:00.000,63196803.00000000,
2025-05-29 23:00:00.000,63223351.00000000,
2025-05-30 00:00:00.000,62820833.00000000,
2025-05-30 01:00:00.000,61574604.00000000,
2025-05-30 02:00:00.000,60195166.00000000,
2025-05-30 03:00:00.000,59951213.00000000,
2025-05-30 04:00:00.000,59885114.00000000,
2025-05-30 05:00:00.000,59781048.00000000,
2025-05-30 06:00:00.000,60719887.00000000,
2025-05-30 07:00:00.000,60117703.00000000,
2025-05-30 08:00:00.000,59780571.00000000,
2025-05-30 09:00:00.000,59700290.00000000,
2025-05-30 10:00:00.000,61219351.00000000,
2025-05-30 11:00:00.000,60078901.00000000,
2025-05-30 12:00:00.000,61734555.00000000,
2025-05-30 13:00:00.000,61410070.00000000,
2025-05-30 14:00:00.000,59886472.00000000,
2025-05-30 15:00:00.000,60692334.00000000,
2025-05-30 16:00:00.000,60841605.00000000,
2025-05-30 17:00:00.000,59592242.00000000,
2025-05-30 18:00:00.000,60775775.00000000,
2025-05-30 19:00:00.000,60690522.00000000,
2025-05-30 20:00:00.000,60544387.00000000,
2025-05-30 21:00:00.000,59630776.00000000,
2025-05-30 22:00:00.000,59767446.00000000,
2025-05-30 23:00:00.000,59894235.00000000,
2025-05-31 00:00:00.000,59940365.00000000,
2025-05-31 01:00:00.000,60152949.00000000,
2025-05-31 02:00:00.000,58814203.00000000,
2025-05-31 03:00:00.000,59008512.00000000,
2025-05-31 04:00:00.000,58911251.00000000,
2025-05-31 05:00:00.000,58783661.00000000,
2025-05-31 06:00:00.000,59771574.00000000,
2025-05-31 07:00:00.000,59824901.00000000,
2025-05-31 08:00:00.000,59763265.00000000,
2025-05-31 09:00:00.000,60020494.00000000,
2025-05-31 10:00:00.000,59957922.00000000,
2025-05-31 11:00:00.000,59862900.00000000,
2025-05-31 12:00:00.000,59835970.00000000,
2025-05-31 13:00:00.000,59377594.00000000,
2025-05-31 14:00:00.000,59087898.00000000,
2025-05-31 15:00:00.000,57867405.00000000,
2025-05-31 16:00:00.000,58664716.00000000,
2025-05-31 17:00:00.000,57771115.00000000,
2025-05-31 18:00:00.000,57218527.00000000,
2025-05-31 19:00:00.000,57470851.00000000,
2025-05-31 20:00:00.000,57028706.00000000,
2025-05-31 21:00:00.000,57542875.00000000,
2025-05-31 22:00:00.000,57119163.00000000,
2025-05-31 23:00:00.000,57021885.00000000,
2025-06-01 00:00:00.000,57171967.00000000,
2025-06-01 01:00:00.000,56870363.00000000,
2025-06-01 02:00:00.000,56570822.00000000,
2025-06-01 03:00:00.000,56316946.00000000,
2025-06-01 04:00:00.000,56281844.00000000,
2025-06-01 05:00:00.000,56319625.00000000,
2025-06-01 06:00:00.000,56484457.00000000,
2025-06-01 07:00:00.000,56381600.00000000,
2025-06-01 08:00:00.000,56655868.00000000,
2025-06-01 09:00:00.000,56352714.00000000,
2025-06-01 10:00:00.000,56513227.00000000,
2025-06-01 11:00:00.000,56320301.00000000,
2025-06-01 12:00:00.000,56303944.00000000,
2025-06-01 13:00:00.000,56562831.00000000,
2025-06-01 14:00:00.000,56383155.00000000,
2025-06-01 15:00:00.000,57387718.00000000,
2025-06-01 16:00:00.000,57331841.00000000,
2025-06-01 17:00:00.000,58000008.00000000,
2025-06-01 18:00:00.000,57926010.00000000,
2025-06-01 19:00:00.000,57678516.00000000,
2025-06-01 20:00:00.000,57681502.00000000,
2025-06-01 21:00:00.000,57634706.00000000,
2025-06-01 22:00:00.000,57502368.00000000,
2025-06-01 23:00:00.000,57924343.00000000,
2025-06-02 00:00:00.000,57948609.00000000,
2025-06-02 01:00:00.000,58058757.00000000,
2025-06-02 02:00:00.000,57716491.00000000,
2025-06-02 03:00:00.000,57369490.00000000,
2025-06-02 04:00:00.000,56209006.00000000,
2025-06-02 05:00:00.000,55946060.00000000,
2025-06-02 06:00:00.000,55590490.00000000,
2025-06-02 07:00:00.000,55531354.00000000,
2025-06-02 08:00:00.000,56090189.00000000,
2025-06-02 09:00:00.000,55953637.00000000,
2025-06-02 10:00:00.000,55718323.00000000,
2025-06-02 11:00:00.000,56393563.00000000,
2025-06-02 12:00:00.000,56327993.00000000,
2025-06-02 13:00:00.000,56220287.00000000,
2025-06-02 14:00:00.000,56104671.00000000,
2025-06-02 15:00:00.000,55981978.00000000,
2025-06-02 16:00:00.000,56088494.00000000,
2025-06-02 17:00:00.000,56404194.00000000,
2025-06-02 18:00:00.000,56003711.00000000,
2025-06-02 19:00:00.000,56461153.00000000,
2025-06-02 20:00:00.000,56312992.00000000,
2025-06-02 21:00:00.000,56100541.00000000,
2025-06-02 22:00:00.000,56183216.00000000,
2025-06-02 23:00:00.000,56731992.00000000,
2025-06-03 00:00:00.000,55542479.00000000,
2025-06-03 01:00:00.000,55668654.00000000,
2025-06-03 02:00:00.000,55317214.00000000,
2025-06-03 03:00:00.000,54392325.00000000,
2025-06-03 04:00:00.000,54395512.00000000,
2025-06-03 05:00:00.000,54353066.00000000,
2025-06-03 06:00:00.000,54127760.00000000,
2025-06-03 07:00:00.000,54008126.00000000,
2025-06-03 08:00:00.000,54040740.00000000,
2025-06-03 09:00:00.000,53922469.00000000,
2025-06-03 10:00:00.000,53986195.00000000,
2025-06-03 11:00:00.000,53953217.00000000,
2025-06-03 12:00:00.000,53923483.00000000,
2025-06-03 13:00:00.000,53966633.00000000,
2025-06-03 14:00:00.000,53978577.00000000,
2025-06-03 15:00:00.000,54566708.00000000,
2025-06-03 16:00:00.000,55172308.00000000,
2025-06-03 17:00:00.000,55188708.00000000,
2025-06-03 18:00:00.000,55465784.00000000,
2025-06-03 19:00:00.000,55402246.00000000,
2025-06-03 20:00:00.000,55428786.00000000,
2025-06-03 21:00:00.000,54503092.00000000,
2025-06-03 22:00:00.000,54407513.00000000,
2025-06-03 23:00:00.000,54417250.00000000,
2025-06-04 00:00:00.000,54302626.00000000,
2025-06-04 01:00:00.000,54303342.00000000,
2025-06-04 02:00:00.000,54125650.00000000,
2025-06-04 03:00:00.000,54902890.00000000,
2025-06-04 04:00:00.000,53494915.00000000,
2025-06-04 05:00:00.000,53641624.00000000,
2025-06-04 06:00:00.000,53594436.00000000,
2025-06-04 07:00:00.000,53450842.00000000,
2025-06-04 08:00:00.000,53498750.00000000,
2025-06-04 09:00:00.000,53673898.00000000,
2025-06-04 10:00:00.000,53793513.00000000,
2025-06-04 11:00:00.000,53751197.00000000,
2025-06-04 12:00:00.000,53496278.00000000,
2025-06-04 13:00:00.000,53401401.00000000,
2025-06-04 14:00:00.000,53338614.00000000,
2025-06-04 15:00:00.000,53226495.00000000,
2025-06-04 16:00:00.000,55008631.00000000,
2025-06-04 17:00:00.000,55030367.00000000,
2025-06-04 18:00:00.000,53904352.00000000,
2025-06-04 19:00:00.000,53017319.00000000,
2025-06-04 20:00:00.000,53192203.00000000,
2025-06-04 21:00:00.000,52270850.00000000,
2025-06-04 22:00:00.000,52028721.00000000,
2025-06-04 23:00:00.000,52092595.00000000,
2025-06-05 00:00:00.000,51915761.00000000,
2025-06-05 01:00:00.000,51852798.00000000,
2025-06-05 02:00:00.000,51815186.00000000,
2025-06-05 03:00:00.000,51734836.00000000,
2025-06-05 04:00:00.000,51602604.00000000,
2025-06-05 05:00:00.000,51981074.00000000,
2025-06-05 06:00:00.000,51802016.00000000,
2025-06-05 07:00:00.000,51511227.00000000,
2025-06-05 08:00:00.000,51966325.00000000,
2025-06-05 09:00:00.000,52068473.00000000,
2025-06-05 10:00:00.000,51937314.00000000,
2025-06-05 11:00:00.000,52237860.00000000,
2025-06-05 12:00:00.000,52291335.00000000,
2025-06-05 13:00:00.000,52570087.00000000,
2025-06-05 14:00:00.000,52339054.00000000,
2025-06-05 15:00:00.000,52178555.00000000,
2025-06-05 16:00:00.000,52334240.00000000,
2025-06-05 17:00:00.000,52401337.00000000,
2025-06-05 18:00:00.000,52784442.00000000,
2025-06-05 19:00:00.000,52795492.00000000,
2025-06-05 20:00:00.000,52119789.00000000,
2025-06-05 21:00:00.000,52263786.00000000,
2025-06-05 22:00:00.000,52102289.00000000,
2025-06-05 23:00:00.000,51744739.00000000,
2025-06-06 00:00:00.000,51839148.00000000,
2025-06-06 01:00:00.000,51890966.00000000,
2025-06-06 02:00:00.000,52162263.00000000,
2025-06-06 03:00:00.000,52161776.00000000,
2025-06-06 04:00:00.000,52180374.00000000,
2025-06-06 05:00:00.000,51859951.00000000,
2025-06-06 06:00:00.000,51621246.00000000,
2025-06-06 07:00:00.000,51693291.00000000,
2025-06-06 08:00:00.000,51555584.00000000,
2025-06-06 09:00:00.000,51583236.00000000,
2025-06-06 10:00:00.000,51265169.00000000,
2025-06-06 11:00:00.000,51241683.00000000,
2025-06-06 12:00:00.000,51395900.00000000,
2025-06-06 13:00:00.000,51200908.00000000,
2025-06-06 14:00:00.000,51163160.00000000,
2025-06-06 15:00:00.000,58449676.00000000,
2025-06-06 16:00:00.000,60756788.00000000,
2025-06-06 17:00:00.000,59542037.00000000,
2025-06-06 18:00:00.000,58797151.00000000,
2025-06-06 19:00:00.000,58991245.00000000,
2025-06-06 20:00:00.000,59180784.00000000,
2025-06-06 21:00:00.000,59180932.00000000,
2025-06-06 22:00:00.000,59087686.00000000,
2025-06-06 23:00:00.000,59095154.00000000,
2025-06-07 00:00:00.000,58956686.00000000,
2025-06-07 01:00:00.000,59550737.00000000,
2025-06-07 02:00:00.000,59394866.00000000,
2025-06-07 03:00:00.000,59028304.00000000,
2025-06-07 04:00:00.000,59694772.00000000,
2025-06-07 05:00:00.000,59272551.00000000,
2025-06-07 06:00:00.000,59318585.00000000,
2025-06-07 07:00:00.000,60132418.00000000,
2025-06-07 08:00:00.000,59783042.00000000,
2025-06-07 09:00:00.000,59873644.00000000,
2025-06-07 10:00:00.000,59711162.00000000,
2025-06-07 11:00:00.000,57614692.00000000,
2025-06-07 12:00:00.000,57580267.00000000,
2025-06-07 13:00:00.000,57941691.00000000,
2025-06-07 14:00:00.000,58938270.00000000,
2025-06-07 15:00:00.000,58799989.00000000,
2025-06-07 16:00:00.000,58952437.00000000,
2025-06-07 17:00:00.000,61267284.00000000,
2025-06-07 18:00:00.000,61077044.00000000,
2025-06-07 19:00:00.000,61192129.00000000,
2025-06-07 20:00:00.000,61218615.00000000,
2025-06-07 21:00:00.000,61221535.00000000,
2025-06-07 22:00:00.000,60474791.00000000,
2025-06-07 23:00:00.000,60097116.00000000,
2025-06-08 00:00:00.000,59926994.00000000,
2025-06-08 01:00:00.000,59665283.00000000,
2025-06-08 02:00:00.000,59728465.00000000,
2025-06-08 03:00:00.000,59541638.00000000,
2025-06-08 04:00:00.000,59438019.00000000,
2025-06-08 05:00:00.000,58784051.00000000,
2025-06-08 06:00:00.000,59172631.00000000,
2025-06-08 07:00:00.000,59310512.00000000,
2025-06-08 08:00:00.000,59266300.00000000,
2025-06-08 09:00:00.000,59216993.00000000,
2025-06-08 10:00:00.000,59350519.00000000,
2025-06-08 11:00:00.000,59363434.00000000,
2025-06-08 12:00:00.000,59080710.00000000,
2025-06-08 13:00:00.000,59089106.00000000,
2025-06-08 14:00:00.000,59300515.00000000,
2025-06-08 15:00:00.000,59350457.00000000,
2025-06-08 16:00:00.000,59430369.00000000,
2025-06-08 17:00:00.000,59472488.00000000,
2025-06-08 18:00:00.000,59468836.00000000,
2025-06-08 19:00:00.000,59563394.00000000,
2025-06-08 20:00:00.000,60301251.00000000,
2025-06-08 21:00:00.000,60267751.00000000,
2025-06-08 22:00:00.000,60166656.00000000,
2025-06-08 23:00:00.000,59783876.00000000,
2025-06-09 00:00:00.000,59648465.00000000,
2025-06-09 01:00:00.000,59807114.00000000,
2025-06-09 02:00:00.000,59956562.00000000,
2025-06-09 03:00:00.000,59976100.00000000,
2025-06-09 04:00:00.000,59729684.00000000,
2025-06-09 05:00:00.000,59634240.00000000,
2025-06-09 06:00:00.000,59633924.00000000,
2025-06-09 07:00:00.000,59658779.00000000,
2025-06-09 08:00:00.000,59469687.00000000,
2025-06-09 09:00:00.000,59533522.00000000,
2025-06-09 10:00:00.000,59194867.00000000,
2025-06-09 11:00:00.000,60127065.00000000,
2025-06-09 12:00:00.000,59205732.00000000,
2025-06-09 13:00:00.000,58351772.00000000,
2025-06-09 14:00:00.000,57570254.00000000,
2025-06-09 15:00:00.000,57677697.00000000,
2025-06-09 16:00:00.000,57724286.00000000,
2025-06-09 17:00:00.000,57510002.00000000,
2025-06-09 18:00:00.000,57619800.00000000,
2025-06-09 19:00:00.000,57682810.00000000,
2025-06-09 20:00:00.000,57525439.00000000,
2025-06-09 21:00:00.000,57077137.00000000,
2025-06-09 22:00:00.000,61082386.00000000,
2025-06-09 23:00:00.000,60435521.00000000,
2025-06-10 00:00:00.000,60119224.00000000,
2025-06-10 01:00:00.000,60539150.00000000,
2025-06-10 02:00:00.000,60834237.00000000,
2025-06-10 03:00:00.000,60105467.00000000,
2025-06-10 04:00:00.000,59946155.00000000,
2025-06-10 05:00:00.000,59874364.00000000,
2025-06-10 06:00:00.000,59477913.00000000,
2025-06-10 07:00:00.000,59496605.00000000,
2025-06-10 08:00:00.000,59707811.00000000,
2025-06-10 09:00:00.000,59706717.00000000,
2025-06-10 10:00:00.000,59738802.00000000,
2025-06-10 11:00:00.000,59749142.00000000,
2025-06-10 12:00:00.000,59914132.00000000,
2025-06-10 13:00:00.000,60618245.00000000,
2025-06-10 14:00:00.000,61199392.00000000,
2025-06-10 15:00:00.000,61126820.00000000,
2025-06-10 16:00:00.000,61782825.00000000,
2025-06-10 17:00:00.000,68076700.00000000,
2025-06-10 18:00:00.000,63857643.00000000,
2025-06-10 19:00:00.000,64135832.00000000,
2025-06-10 20:00:00.000,64012690.00000000,
2025-06-10 21:00:00.000,63535750.00000000,
2025-06-10 22:00:00.000,64708235.00000000,
2025-06-10 23:00:00.000,64645261.00000000,
2025-06-11 00:00:00.000,64582475.00000000,
2025-06-11 01:00:00.000,64459940.00000000,
2025-06-11 02:00:00.000,64329521.00000000,
2025-06-11 03:00:00.000,63366028.00000000,
2025-06-11 04:00:00.000,64006889.00000000,
2025-06-11 05:00:00.000,63759409.00000000,
2025-06-11 06:00:00.000,62921164.00000000,
2025-06-11 07:00:00.000,62971456.00000000,
2025-06-11 08:00:00.000,62873772.00000000,
2025-06-11 09:00:00.000,62077256.00000000,
2025-06-11 10:00:00.000,61814321.00000000,
2025-06-11 11:00:00.000,61439707.00000000,
2025-06-11 12:00:00.000,61390525.00000000,
2025-06-11 13:00:00.000,61554835.00000000,
2025-06-11 14:00:00.000,72869283.00000000,
2025-06-11 15:00:00.000,72713142.00000000,
2025-06-11 16:00:00.000,72845875.00000000,
2025-06-11 17:00:00.000,73432083.00000000,
2025-06-11 18:00:00.000,73075492.00000000,
2025-06-11 19:00:00.000,73859832.00000000,
2025-06-11 20:00:00.000,73657169.00000000,
2025-06-11 21:00:00.000,71077811.00000000,
2025-06-11 22:00:00.000,69492517.00000000,
2025-06-11 23:00:00.000,69467856.00000000,
2025-06-12 00:00:00.000,69891302.00000000,
2025-06-12 01:00:00.000,68765960.00000000,
2025-06-12 02:00:00.000,68651941.00000000,
2025-06-12 03:00:00.000,68963101.00000000,
2025-06-12 04:00:00.000,69050582.00000000,
2025-06-12 05:00:00.000,67327850.00000000,
2025-06-12 06:00:00.000,67239445.00000000,
2025-06-12 07:00:00.000,66536788.00000000,
2025-06-12 08:00:00.000,66387844.00000000,
2025-06-12 09:00:00.000,66433716.00000000,
2025-06-12 10:00:00.000,67672214.00000000,
2025-06-12 11:00:00.000,66891704.00000000,
2025-06-12 12:00:00.000,67068435.00000000,
2025-06-12 13:00:00.000,66718102.00000000,
2025-06-12 14:00:00.000,67101129.00000000,
2025-06-12 15:00:00.000,66898648.00000000,
2025-06-12 16:00:00.000,66272645.00000000,
2025-06-12 17:00:00.000,66795363.00000000,
2025-06-12 18:00:00.000,66484529.00000000,
2025-06-12 19:00:00.000,65579111.00000000,
2025-06-12 20:00:00.000,64542341.00000000,
2025-06-12 21:00:00.000,64672654.00000000,
2025-06-12 22:00:00.000,63971247.00000000,
2025-06-12 23:00:00.000,63960625.00000000,
2025-06-13 00:00:00.000,64412951.00000000,
2025-06-13 01:00:00.000,64442576.00000000,
2025-06-13 02:00:00.000,62767393.00000000,
2025-06-13 03:00:00.000,59415949.00000000,
2025-06-13 04:00:00.000,59164354.00000000,
2025-06-13 05:00:00.000,59260689.00000000,
2025-06-13 06:00:00.000,59271184.00000000,
2025-06-13 07:00:00.000,58526506.00000000,
2025-06-13 08:00:00.000,58162219.00000000,
2025-06-13 09:00:00.000,58052453.00000000,
2025-06-13 10:00:00.000,57924731.00000000,
2025-06-13 11:00:00.000,58192533.00000000,
2025-06-13 12:00:00.000,57967407.00000000,
2025-06-13 13:00:00.000,57710446.00000000,
2025-06-13 14:00:00.000,57659743.00000000,
2025-06-13 15:00:00.000,60160417.00000000,
2025-06-13 16:00:00.000,59987186.00000000,
2025-06-13 17:00:00.000,60215273.00000000,
2025-06-13 18:00:00.000,60051576.00000000,
2025-06-13 19:00:00.000,62366589.00000000,
2025-06-13 20:00:00.000,62126436.00000000,
2025-06-13 21:00:00.000,62186603.00000000,
2025-06-13 22:00:00.000,62791758.00000000,
2025-06-13 23:00:00.000,62629518.00000000,
2025-06-14 00:00:00.000,62503292.00000000,
2025-06-14 01:00:00.000,62665161.00000000,
2025-06-14 02:00:00.000,62911001.00000000,
2025-06-14 03:00:00.000,62033038.00000000,
2025-06-14 04:00:00.000,62888458.00000000,
2025-06-14 05:00:00.000,62919292.00000000,
2025-06-14 06:00:00.000,63015236.00000000,
2025-06-14 07:00:00.000,63360588.00000000,
2025-06-14 08:00:00.000,63141988.00000000,
2025-06-14 09:00:00.000,62870367.00000000,
2025-06-14 10:00:00.000,63038055.00000000,
2025-06-14 11:00:00.000,63112227.00000000,
2025-06-14 12:00:00.000,63161295.00000000,
2025-06-14 13:00:00.000,62884850.00000000,
2025-06-14 14:00:00.000,62732203.00000000,
2025-06-14 15:00:00.000,62448932.00000000,
2025-06-14 16:00:00.000,62026594.00000000,
2025-06-14 17:00:00.000,62193944.00000000,
2025-06-14 18:00:00.000,62268183.00000000,
2025-06-14 19:00:00.000,62328462.00000000,
2025-06-14 20:00:00.000,61523199.00000000,
2025-06-14 21:00:00.000,61588069.00000000,
2025-06-14 22:00:00.000,61620820.00000000,
2025-06-14 23:00:00.000,61761070.00000000,
2025-06-15 00:00:00.000,61167252.00000000,
2025-06-15 01:00:00.000,61024769.00000000,
2025-06-15 02:00:00.000,61518063.00000000,
2025-06-15 03:00:00.000,61692097.00000000,
2025-06-15 04:00:00.000,62199068.00000000,
2025-06-15 05:00:00.000,62859016.00000000,
2025-06-15 06:00:00.000,62783911.00000000,
2025-06-15 07:00:00.000,62725509.00000000,
2025-06-15 08:00:00.000,63247103.00000000,
2025-06-15 09:00:00.000,63197138.00000000,
2025-06-15 10:00:00.000,61889622.00000000,
2025-06-15 11:00:00.000,63147542.00000000,
2025-06-15 12:00:00.000,63160097.00000000,
2025-06-15 13:00:00.000,63023470.00000000,
2025-06-15 14:00:00.000,63291669.00000000,
2025-06-15 15:00:00.000,63584713.00000000,
2025-06-15 16:00:00.000,62511031.00000000,
2025-06-15 17:00:00.000,62948442.00000000,
2025-06-15 18:00:00.000,63077443.00000000,
2025-06-15 19:00:00.000,62348464.00000000,
2025-06-15 20:00:00.000,63919859.00000000,
2025-06-15 21:00:00.000,63916611.00000000,
2025-06-15 22:00:00.000,62748093.00000000,
2025-06-15 23:00:00.000,63955287.00000000,
2025-06-16 00:00:00.000,64365844.00000000,
2025-06-16 01:00:00.000,64797825.00000000,
2025-06-16 02:00:00.000,64594733.00000000,
2025-06-16 03:00:00.000,65196513.00000000,
2025-06-16 04:00:00.000,64804402.00000000,
2025-06-16 05:00:00.000,65030778.00000000,
2025-06-16 06:00:00.000,66426395.00000000,
2025-06-16 07:00:00.000,67243147.00000000,
2025-06-16 08:00:00.000,66134874.00000000,
2025-06-16 09:00:00.000,66101547.00000000,
2025-06-16 10:00:00.000,66985327.00000000,
2025-06-16 11:00:00.000,66984391.00000000,
2025-06-16 12:00:00.000,67085081.00000000,
2025-06-16 13:00:00.000,67095719.00000000,
2025-06-16 14:00:00.000,67530040.00000000,
2025-06-16 15:00:00.000,66269964.00000000,
2025-06-16 16:00:00.000,66126553.00000000,
2025-06-16 17:00:00.000,65779993.00000000,
2025-06-16 18:00:00.000,65708917.00000000,
2025-06-16 19:00:00.000,65504913.00000000,
2025-06-16 20:00:00.000,65740979.00000000,
2025-06-16 21:00:00.000,65728743.00000000,
2025-06-16 22:00:00.000,65414391.00000000,
2025-06-16 23:00:00.000,64165011.00000000,
2025-06-17 00:00:00.000,63659173.00000000,
2025-06-17 01:00:00.000,64670913.00000000,
2025-06-17 02:00:00.000,64958648.00000000,
2025-06-17 03:00:00.000,64851675.00000000,
2025-06-17 04:00:00.000,64868926.00000000,
2025-06-17 05:00:00.000,64847876.00000000,
2025-06-17 06:00:00.000,65194418.00000000,
2025-06-17 07:00:00.000,65210829.00000000,
2025-06-17 08:00:00.000,65286302.00000000,
2025-06-17 09:00:00.000,64265552.00000000,
2025-06-17 10:00:00.000,64442212.00000000,
2025-06-17 11:00:00.000,65424580.00000000,
2025-06-17 12:00:00.000,65263183.00000000,
2025-06-17 13:00:00.000,65008661.00000000,
2025-06-17 14:00:00.000,65058021.00000000,
2025-06-17 15:00:00.000,64222385.00000000,
2025-06-17 16:00:00.000,65383243.00000000,
2025-06-17 17:00:00.000,66256559.00000000,
2025-06-17 18:00:00.000,66630762.00000000,
2025-06-17 19:00:00.000,66191299.00000000,
2025-06-17 20:00:00.000,66484248.00000000,
2025-06-17 21:00:00.000,65091843.00000000,
2025-06-17 22:00:00.000,64960834.00000000,
2025-06-17 23:00:00.000,65096106.00000000,
2025-06-18 00:00:00.000,65123513.00000000,
2025-06-18 01:00:00.000,65647220.00000000,
2025-06-18 02:00:00.000,65767415.00000000,
2025-06-18 03:00:00.000,66016432.00000000,
2025-06-18 04:00:00.000,65958712.00000000,
2025-06-18 05:00:00.000,65940340.00000000,
2025-06-18 06:00:00.000,66043846.00000000,
2025-06-18 07:00:00.000,65954164.00000000,
2025-06-18 08:00:00.000,66021459.00000000,
2025-06-18 09:00:00.000,65592608.00000000,
2025-06-18 10:00:00.000,65310815.00000000,
2025-06-18 11:00:00.000,65430626.00000000,
2025-06-18 12:00:00.000,65421983.00000000,
2025-06-18 13:00:00.000,66284410.00000000,
2025-06-18 14:00:00.000,67732513.00000000,
2025-06-18 15:00:00.000,64739564.00000000,
2025-06-18 16:00:00.000,64757265.00000000,
2025-06-18 17:00:00.000,65527979.00000000,
2025-06-18 18:00:00.000,63798857.00000000,
2025-06-18 19:00:00.000,63857280.00000000,
2025-06-18 20:00:00.000,62815237.00000000,
2025-06-18 21:00:00.000,63071299.00000000,
2025-06-18 22:00:00.000,62640732.00000000,
2025-06-18 23:00:00.000,62424303.00000000,
2025-06-19 00:00:00.000,62257891.00000000,
2025-06-19 01:00:00.000,62674174.00000000,
2025-06-19 02:00:00.000,62452499.00000000,
2025-06-19 03:00:00.000,62597055.00000000,
2025-06-19 04:00:00.000,62675082.00000000,
2025-06-19 05:00:00.000,62470719.00000000,
2025-06-19 06:00:00.000,62345386.00000000,
2025-06-19 07:00:00.000,62624333.00000000,
2025-06-19 08:00:00.000,62522632.00000000,
2025-06-19 09:00:00.000,62994992.00000000,
2025-06-19 10:00:00.000,62926798.00000000,
2025-06-19 11:00:00.000,63077970.00000000,
2025-06-19 12:00:00.000,62800766.00000000,
2025-06-19 13:00:00.000,62856567.00000000,
2025-06-19 14:00:00.000,62831007.00000000,
2025-06-19 15:00:00.000,62816243.00000000,
2025-06-19 16:00:00.000,63296262.00000000,
2025-06-19 17:00:00.000,62317089.00000000,
2025-06-19 18:00:00.000,63622118.00000000,
2025-06-19 19:00:00.000,63203461.00000000,
2025-06-19 20:00:00.000,62709103.00000000,
2025-06-19 21:00:00.000,62530158.00000000,
2025-06-19 22:00:00.000,62686981.00000000,
2025-06-19 23:00:00.000,62730518.00000000,
2025-06-20 00:00:00.000,63488847.00000000,
2025-06-20 01:00:00.000,62906497.00000000,
2025-06-20 02:00:00.000,62833595.00000000,
2025-06-20 03:00:00.000,62736873.00000000,
2025-06-20 04:00:00.000,62908336.00000000,
2025-06-20 05:00:00.000,62474374.00000000,
2025-06-20 06:00:00.000,61947173.00000000,
2025-06-20 07:00:00.000,62298823.00000000,
2025-06-20 08:00:00.000,63816481.00000000,
2025-06-20 09:00:00.000,63491778.00000000,
2025-06-20 10:00:00.000,63313207.00000000,
2025-06-20 11:00:00.000,63127260.00000000,
2025-06-20 12:00:00.000,63157482.00000000,
2025-06-20 13:00:00.000,64378719.00000000,
2025-06-20 14:00:00.000,63359671.00000000,
2025-06-20 15:00:00.000,62709674.00000000,
2025-06-20 16:00:00.000,62191809.00000000,
2025-06-20 17:00:00.000,62379412.00000000,
2025-06-20 18:00:00.000,62673834.00000000,
2025-06-20 19:00:00.000,62443125.00000000,
2025-06-20 20:00:00.000,63526931.00000000,
2025-06-20 21:00:00.000,63424586.00000000,
2025-06-20 22:00:00.000,63424660.00000000,
2025-06-20 23:00:00.000,63522808.00000000,
2025-06-21 00:00:00.000,63692326.00000000,
2025-06-21 01:00:00.000,63997773.00000000,
2025-06-21 02:00:00.000,64483291.00000000,
2025-06-21 03:00:00.000,64156761.00000000,
2025-06-21 04:00:00.000,63907757.00000000,
2025-06-21 05:00:00.000,63827439.00000000,
2025-06-21 06:00:00.000,62346886.00000000,
2025-06-21 07:00:00.000,62400873.00000000,
2025-06-21 08:00:00.000,63788695.00000000,
2025-06-21 09:00:00.000,63920775.00000000,
2025-06-21 10:00:00.000,63392163.00000000,
2025-06-21 11:00:00.000,63451013.00000000,
2025-06-21 12:00:00.000,63501774.00000000,
2025-06-21 13:00:00.000,63204109.00000000,
2025-06-21 14:00:00.000,62598612.00000000,
2025-06-21 15:00:00.000,62372104.00000000,
2025-06-21 16:00:00.000,62871355.00000000,
2025-06-21 17:00:00.000,62778523.00000000,
2025-06-21 18:00:00.000,62534482.00000000,
2025-06-21 19:00:00.000,62522609.00000000,
2025-06-21 20:00:00.000,60241618.00000000,
2025-06-21 21:00:00.000,60495722.00000000,
2025-06-21 22:00:00.000,59066124.00000000,
2025-06-21 23:00:00.000,59481667.00000000,
2025-06-22 00:00:00.000,58927921.00000000,
2025-06-22 01:00:00.000,58022911.00000000,
2025-06-22 02:00:00.000,58017750.00000000,
2025-06-22 03:00:00.000,58327403.00000000,
2025-06-22 04:00:00.000,58159203.00000000,
2025-06-22 05:00:00.000,58111713.00000000,
2025-06-22 06:00:00.000,57952998.00000000,
2025-06-22 07:00:00.000,59668421.00000000,
2025-06-22 08:00:00.000,57910999.00000000,
2025-06-22 09:00:00.000,59107472.00000000,
2025-06-22 10:00:00.000,58939105.00000000,
2025-06-22 11:00:00.000,59412689.00000000,
2025-06-22 12:00:00.000,59283048.00000000,
2025-06-22 13:00:00.000,59185036.00000000,
2025-06-22 14:00:00.000,59956929.00000000,
2025-06-22 15:00:00.000,60330391.00000000,
2025-06-22 16:00:00.000,59244764.00000000,
2025-06-22 17:00:00.000,61802992.00000000,
2025-06-22 18:00:00.000,61517402.00000000,
2025-06-22 19:00:00.000,61661344.00000000,
2025-06-22 20:00:00.000,60965517.00000000,
2025-06-22 21:00:00.000,58409501.00000000,
2025-06-22 22:00:00.000,57933521.00000000,
2025-06-22 23:00:00.000,57911180.00000000,
2025-06-23 00:00:00.000,57954750.00000000,
2025-06-23 01:00:00.000,58317629.00000000,
2025-06-23 02:00:00.000,58214715.00000000,
2025-06-23 03:00:00.000,58236313.00000000,
2025-06-23 04:00:00.000,58111577.00000000,
2025-06-23 05:00:00.000,58419474.00000000,
2025-06-23 06:00:00.000,58673190.00000000,
2025-06-23 07:00:00.000,58544189.00000000,
2025-06-23 08:00:00.000,58847347.00000000,
2025-06-23 09:00:00.000,58920963.00000000,
2025-06-23 10:00:00.000,58905752.00000000,
2025-06-23 11:00:00.000,59012224.00000000,
2025-06-23 12:00:00.000,59119177.00000000,
2025-06-23 13:00:00.000,59327596.00000000,
2025-06-23 14:00:00.000,59640782.00000000,
2025-06-23 15:00:00.000,62188281.00000000,
2025-06-23 16:00:00.000,62572008.00000000,
2025-06-23 17:00:00.000,61992892.00000000,
2025-06-23 18:00:00.000,60726630.00000000,
2025-06-23 19:00:00.000,60789492.00000000,
2025-06-23 20:00:00.000,61077582.00000000,
2025-06-23 21:00:00.000,61766236.00000000,
2025-06-23 22:00:00.000,61940063.00000000,
2025-06-23 23:00:00.000,61865064.00000000,
2025-06-24 00:00:00.000,62386957.00000000,
2025-06-24 01:00:00.000,62739556.00000000,
2025-06-24 02:00:00.000,63648188.00000000,
2025-06-24 03:00:00.000,62748040.00000000,
2025-06-24 04:00:00.000,62750072.00000000,
2025-06-24 05:00:00.000,62751214.00000000,
2025-06-24 06:00:00.000,63353293.00000000,
2025-06-24 07:00:00.000,63310633.00000000,
2025-06-24 08:00:00.000,63089958.00000000,
2025-06-24 09:00:00.000,62505242.00000000,
2025-06-24 10:00:00.000,62470710.00000000,
2025-06-24 11:00:00.000,62872095.00000000,
2025-06-24 12:00:00.000,62081307.00000000,
2025-06-24 13:00:00.000,62828279.00000000,
2025-06-24 14:00:00.000,62886271.00000000,
2025-06-24 15:00:00.000,63017686.00000000,
2025-06-24 16:00:00.000,64575732.00000000,
2025-06-24 17:00:00.000,65038323.00000000,
2025-06-24 18:00:00.000,68879630.00000000,
2025-06-24 19:00:00.000,69132095.00000000,
2025-06-24 20:00:00.000,69344467.00000000,
2025-06-24 21:00:00.000,68774133.00000000,
2025-06-24 22:00:00.000,69465548.00000000,
2025-06-24 23:00:00.000,69580737.00000000,
2025-06-25 00:00:00.000,69567241.00000000,
2025-06-25 01:00:00.000,68728932.00000000,
2025-06-25 02:00:00.000,68460095.00000000,
2025-06-25 03:00:00.000,67941334.00000000,
2025-06-25 04:00:00.000,67629974.00000000,
2025-06-25 05:00:00.000,68490182.00000000,
2025-06-25 06:00:00.000,68368596.00000000,
2025-06-25 07:00:00.000,67792401.00000000,
2025-06-25 08:00:00.000,67312479.00000000,
2025-06-25 09:00:00.000,67420928.00000000,
2025-06-25 10:00:00.000,67813460.00000000,
2025-06-25 11:00:00.000,67514450.00000000,
2025-06-25 12:00:00.000,67379190.00000000,
2025-06-25 13:00:00.000,67266222.00000000,
2025-06-25 14:00:00.000,66981096.00000000,
2025-06-25 15:00:00.000,66785740.00000000,
2025-06-25 16:00:00.000,66668038.00000000,
2025-06-25 17:00:00.000,67219147.00000000,
2025-06-25 18:00:00.000,67290145.00000000,
2025-06-25 19:00:00.000,66895463.00000000,
2025-06-25 20:00:00.000,67049384.00000000,
2025-06-25 21:00:00.000,67156725.00000000,
2025-06-25 22:00:00.000,67593743.00000000,
2025-06-25 23:00:00.000,67379161.00000000,
2025-06-26 00:00:00.000,67525842.00000000,
2025-06-26 01:00:00.000,67575233.00000000,
2025-06-26 02:00:00.000,68050371.00000000,
2025-06-26 03:00:00.000,69027255.00000000,
2025-06-26 04:00:00.000,68799708.00000000,
2025-06-26 05:00:00.000,68764330.00000000,
2025-06-26 06:00:00.000,68514153.00000000,
2025-06-26 07:00:00.000,68675417.00000000,
2025-06-26 08:00:00.000,68825727.00000000,
2025-06-26 09:00:00.000,69108193.00000000,
2025-06-26 10:00:00.000,68913460.00000000,
2025-06-26 11:00:00.000,69589276.00000000,
2025-06-26 12:00:00.000,70151722.00000000,
2025-06-26 13:00:00.000,69687473.00000000,
2025-06-26 14:00:00.000,68982485.00000000,
2025-06-26 15:00:00.000,69158270.00000000,
2025-06-26 16:00:00.000,68838634.00000000,
2025-06-26 17:00:00.000,68788017.00000000,
2025-06-26 18:00:00.000,69569830.00000000,
2025-06-26 19:00:00.000,68846469.00000000,
2025-06-26 20:00:00.000,69175090.00000000,
2025-06-26 21:00:00.000,68599271.00000000,
2025-06-26 22:00:00.000,68033547.00000000,
2025-06-26 23:00:00.000,68106233.00000000,
2025-06-27 00:00:00.000,68083913.00000000,
2025-06-27 01:00:00.000,68262079.00000000,
2025-06-27 02:00:00.000,67792600.00000000,
2025-06-27 03:00:00.000,67764730.00000000,
2025-06-27 04:00:00.000,67518484.00000000,
2025-06-27 05:00:00.000,67363724.00000000,
2025-06-27 06:00:00.000,67649188.00000000,
2025-06-27 07:00:00.000,67605533.00000000,
2025-06-27 08:00:00.000,67613878.00000000,
2025-06-27 09:00:00.000,67444313.00000000,
2025-06-27 10:00:00.000,67526653.00000000,
2025-06-27 11:00:00.000,67210729.00000000,
2025-06-27 12:00:00.000,67357038.00000000,
2025-06-27 13:00:00.000,67769323.00000000,
2025-06-27 14:00:00.000,67764625.00000000,
2025-06-27 15:00:00.000,67720339.00000000,
2025-06-27 16:00:00.000,67642481.00000000,
2025-06-27 17:00:00.000,67465306.00000000,
2025-06-27 18:00:00.000,67692334.00000000,
2025-06-27 19:00:00.000,67598478.00000000,
2025-06-27 20:00:00.000,68085220.00000000,
2025-06-27 21:00:00.000,67755434.00000000,
2025-06-27 22:00:00.000,67681927.00000000,
2025-06-27 23:00:00.000,67498535.00000000,
2025-06-28 00:00:00.000,67426526.00000000,
2025-06-28 01:00:00.000,67230303.00000000,
2025-06-28 02:00:00.000,67389019.00000000,
2025-06-28 03:00:00.000,67355853.00000000,
2025-06-28 04:00:00.000,67388186.00000000,
2025-06-28 05:00:00.000,67588844.00000000,
2025-06-28 06:00:00.000,67807196.00000000,
2025-06-28 07:00:00.000,67933884.00000000,
2025-06-28 08:00:00.000,68394312.00000000,
2025-06-28 09:00:00.000,68257674.00000000,
2025-06-28 10:00:00.000,68500892.00000000,
2025-06-28 11:00:00.000,68870065.00000000,
2025-06-28 12:00:00.000,68811177.00000000,
2025-06-28 13:00:00.000,68778353.00000000,
2025-06-28 14:00:00.000,68809799.00000000,
2025-06-28 15:00:00.000,70030248.00000000,
2025-06-28 16:00:00.000,69991662.00000000,
2025-06-28 17:00:00.000,70434260.00000000,
2025-06-28 18:00:00.000,70365098.00000000,
2025-06-28 19:00:00.000,70639978.00000000,
2025-06-28 20:00:00.000,70562662.00000000,
2025-06-28 21:00:00.000,70644602.00000000,
2025-06-28 22:00:00.000,70675482.00000000,
2025-06-28 23:00:00.000,70595268.00000000,
2025-06-29 00:00:00.000,70654986.00000000,
2025-06-29 01:00:00.000,70738166.00000000,
2025-06-29 02:00:00.000,70700170.00000000,
2025-06-29 03:00:00.000,70245272.00000000,
2025-06-29 04:00:00.000,70240484.00000000,
2025-06-29 05:00:00.000,70232206.00000000,
2025-06-29 06:00:00.000,70263758.00000000,
2025-06-29 07:00:00.000,70390240.00000000,
2025-06-29 08:00:00.000,70406943.00000000,
2025-06-29 09:00:00.000,70739952.00000000,
2025-06-29 10:00:00.000,70804223.00000000,
2025-06-29 11:00:00.000,70716896.00000000,
2025-06-29 12:00:00.000,70605566.00000000,
2025-06-29 13:00:00.000,70457820.00000000,
2025-06-29 14:00:00.000,70661802.00000000,
2025-06-29 15:00:00.000,70345476.00000000,
2025-06-29 16:00:00.000,70129396.00000000,
2025-06-29 17:00:00.000,70350968.00000000,
2025-06-29 18:00:00.000,70382164.00000000,
2025-06-29 19:00:00.000,71896876.00000000,
2025-06-29 20:00:00.000,70436930.00000000,
2025-06-29 21:00:00.000,70704532.00000000,
2025-06-29 22:00:00.000,70455046.00000000,
2025-06-29 23:00:00.000,71380807.00000000,
2025-06-30 00:00:00.000,71982183.00000000,
2025-06-30 01:00:00.000,72681729.00000000,
2025-06-30 02:00:00.000,72643921.00000000,
2025-06-30 03:00:00.000,73473469.00000000,
2025-06-30 04:00:00.000,73335762.00000000,
2025-06-30 05:00:00.000,71409303.00000000,
2025-06-30 06:00:00.000,71181047.00000000,
2025-06-30 07:00:00.000,71098510.00000000,
2025-06-30 08:00:00.000,71597688.00000000,
2025-06-30 09:00:00.000,71455287.00000000,
2025-06-30 10:00:00.000,71062967.00000000,
2025-06-30 11:00:00.000,71092069.00000000,
2025-06-30 12:00:00.000,70954626.00000000,
2025-06-30 13:00:00.000,71255650.00000000,
2025-06-30 14:00:00.000,72037745.00000000,
2025-06-30 15:00:00.000,72760687.00000000,
2025-06-30 16:00:00.000,73235925.00000000,
2025-06-30 17:00:00.000,72735327.00000000,
2025-06-30 18:00:00.000,74505674.00000000,
2025-06-30 19:00:00.000,74292196.00000000,
2025-06-30 20:00:00.000,74780189.00000000,
2025-06-30 21:00:00.000,74059257.00000000,
2025-06-30 22:00:00.000,73395158.00000000,
2025-06-30 23:00:00.000,73361242.00000000,
2025-07-01 00:00:00.000,73972894.00000000,
2025-07-01 01:00:00.000,72784684.00000000,
2025-07-01 02:00:00.000,72309848.00000000,
2025-07-01 03:00:00.000,72309299.00000000,
2025-07-01 04:00:00.000,72223939.00000000,
2025-07-01 05:00:00.000,72376877.00000000,
2025-07-01 06:00:00.000,72141755.00000000,
2025-07-01 07:00:00.000,71928325.00000000,
2025-07-01 08:00:00.000,72351185.00000000,
2025-07-01 09:00:00.000,73722424.00000000,
2025-07-01 10:00:00.000,74236037.00000000,
2025-07-01 11:00:00.000,73890622.00000000,
2025-07-01 12:00:00.000,74282669.00000000,
2025-07-01 13:00:00.000,73916497.00000000,
2025-07-01 14:00:00.000,74165248.00000000,
2025-07-01 15:00:00.000,73509848.00000000,
2025-07-01 16:00:00.000,74398317.00000000,
2025-07-01 17:00:00.000,75584977.00000000,
2025-07-01 18:00:00.000,75391124.00000000,
2025-07-01 19:00:00.000,76338238.00000000,
2025-07-01 20:00:00.000,76343041.00000000,
2025-07-01 21:00:00.000,76105815.00000000,
2025-07-01 22:00:00.000,76250278.00000000,
2025-07-01 23:00:00.000,76005610.00000000,
2025-07-02 00:00:00.000,75640778.00000000,
2025-07-02 01:00:00.000,75345395.00000000,
2025-07-02 02:00:00.000,75067744.00000000,
2025-07-02 03:00:00.000,74885094.00000000,
2025-07-02 04:00:00.000,74725942.00000000,
2025-07-02 05:00:00.000,74707007.00000000,
2025-07-02 06:00:00.000,74422377.00000000,
2025-07-02 07:00:00.000,74828680.00000000,
2025-07-02 08:00:00.000,74697616.00000000,
2025-07-02 09:00:00.000,74911717.00000000,
2025-07-02 10:00:00.000,74520550.00000000,
2025-07-02 11:00:00.000,74677928.00000000,
2025-07-02 12:00:00.000,75051036.00000000,
2025-07-02 13:00:00.000,74926234.00000000,
2025-07-02 14:00:00.000,75410870.00000000,
2025-07-02 15:00:00.000,74742041.00000000,
2025-07-02 16:00:00.000,74926370.00000000,
2025-07-02 17:00:00.000,75070094.00000000,
2025-07-02 18:00:00.000,75612358.00000000,
2025-07-02 19:00:00.000,74592239.00000000,
2025-07-02 20:00:00.000,74356615.00000000,
2025-07-02 21:00:00.000,73769104.00000000,
2025-07-02 22:00:00.000,74013919.00000000,
2025-07-02 23:00:00.000,73784644.00000000,
2025-07-03 00:00:00.000,73234745.00000000,
2025-07-03 01:00:00.000,72546517.00000000,
2025-07-03 02:00:00.000,72372219.00000000,
2025-07-03 03:00:00.000,72831841.00000000,
2025-07-03 04:00:00.000,72958365.00000000,
2025-07-03 05:00:00.000,72841558.00000000,
2025-07-03 06:00:00.000,73189015.00000000,
2025-07-03 07:00:00.000,73822399.00000000,
2025-07-03 08:00:00.000,73987315.00000000,
2025-07-03 09:00:00.000,73261183.00000000,
2025-07-03 10:00:00.000,73321090.00000000,
2025-07-03 11:00:00.000,73211596.00000000,
2025-07-03 12:00:00.000,73123847.00000000,
2025-07-03 13:00:00.000,72732832.00000000,
2025-07-03 14:00:00.000,74004794.00000000,
2025-07-03 15:00:00.000,74479346.00000000,
2025-07-03 16:00:00.000,73896315.00000000,
2025-07-03 17:00:00.000,73902991.00000000,
2025-07-03 18:00:00.000,74078765.00000000,
2025-07-03 19:00:00.000,73805539.00000000,
2025-07-03 20:00:00.000,73796251.00000000,
2025-07-03 21:00:00.000,74224662.00000000,
2025-07-03 22:00:00.000,74286356.00000000,
2025-07-03 23:00:00.000,74473781.00000000,
2025-07-04 00:00:00.000,73663515.00000000,
2025-07-04 01:00:00.000,73902540.00000000,
2025-07-04 02:00:00.000,73728823.00000000,
2025-07-04 03:00:00.000,74456194.00000000,
2025-07-04 04:00:00.000,74445252.00000000,
2025-07-04 05:00:00.000,74614472.00000000,
2025-07-04 06:00:00.000,75418346.00000000,
2025-07-04 07:00:00.000,74416703.00000000,
2025-07-04 08:00:00.000,71930271.00000000,
2025-07-04 09:00:00.000,69423642.00000000,
2025-07-04 10:00:00.000,69116632.00000000,
2025-07-04 11:00:00.000,68635312.00000000,
2025-07-04 12:00:00.000,67635124.00000000,
2025-07-04 13:00:00.000,67373922.00000000,
2025-07-04 14:00:00.000,67546679.00000000,
2025-07-04 15:00:00.000,65756242.00000000,
2025-07-04 16:00:00.000,68777695.00000000,
2025-07-04 17:00:00.000,67863917.00000000,
2025-07-04 18:00:00.000,68614516.00000000,
2025-07-04 19:00:00.000,68384172.00000000,
2025-07-04 20:00:00.000,68733221.00000000,
2025-07-04 21:00:00.000,68537393.00000000,
2025-07-04 22:00:00.000,67751208.00000000,
2025-07-04 23:00:00.000,68462935.00000000,
2025-07-05 00:00:00.000,68024027.00000000,
2025-07-05 01:00:00.000,68016147.00000000,
2025-07-05 02:00:00.000,67924109.00000000,
2025-07-05 03:00:00.000,68024289.00000000,
2025-07-05 04:00:00.000,68298529.00000000,
2025-07-05 05:00:00.000,67737163.00000000,
2025-07-05 06:00:00.000,67540397.00000000,
2025-07-05 07:00:00.000,67423737.00000000,
2025-07-05 08:00:00.000,67247586.00000000,
2025-07-05 09:00:00.000,67201531.00000000,
2025-07-05 10:00:00.000,67113699.00000000,
2025-07-05 11:00:00.000,67155999.00000000,
2025-07-05 12:00:00.000,67243113.00000000,
2025-07-05 13:00:00.000,67274907.00000000,
2025-07-05 14:00:00.000,67001541.00000000,
2025-07-05 15:00:00.000,67517253.00000000,
2025-07-05 16:00:00.000,67671896.00000000,
2025-07-05 17:00:00.000,66948554.00000000,
2025-07-05 18:00:00.000,67096261.00000000,
2025-07-05 19:00:00.000,66645251.00000000,
2025-07-05 20:00:00.000,66625706.00000000,
2025-07-05 21:00:00.000,66694808.00000000,
2025-07-05 22:00:00.000,69139388.00000000,
2025-07-05 23:00:00.000,68997920.00000000,
2025-07-06 00:00:00.000,68873642.00000000,
2025-07-06 01:00:00.000,68209028.00000000,
2025-07-06 02:00:00.000,67976238.00000000,
2025-07-06 03:00:00.000,67812002.00000000,
2025-07-06 04:00:00.000,67729422.00000000,
2025-07-06 05:00:00.000,67676346.00000000,
2025-07-06 06:00:00.000,67794760.00000000,
2025-07-06 07:00:00.000,68700628.00000000,
2025-07-06 08:00:00.000,68768938.00000000,
2025-07-06 09:00:00.000,68689312.00000000,
2025-07-06 10:00:00.000,68524566.00000000,
2025-07-06 11:00:00.000,68703114.00000000,
2025-07-06 12:00:00.000,68145223.00000000,
2025-07-06 13:00:00.000,67400515.00000000,
2025-07-06 14:00:00.000,68986753.00000000,
2025-07-06 15:00:00.000,68722227.00000000,
2025-07-06 16:00:00.000,68497127.00000000,
2025-07-06 17:00:00.000,68605363.00000000,
2025-07-06 18:00:00.000,68227461.00000000,
2025-07-06 19:00:00.000,68162955.00000000,
2025-07-06 20:00:00.000,67985639.00000000,
2025-07-06 21:00:00.000,67761487.00000000,
2025-07-06 22:00:00.000,66863488.00000000,
2025-07-06 23:00:00.000,65271841.00000000,
2025-07-07 00:00:00.000,65802494.00000000,
2025-07-07 01:00:00.000,65704068.00000000,
2025-07-07 02:00:00.000,65400960.00000000,
2025-07-07 03:00:00.000,65785868.00000000,
2025-07-07 04:00:00.000,65751842.00000000,
2025-07-07 05:00:00.000,65682826.00000000,
2025-07-07 06:00:00.000,65713994.00000000,
2025-07-07 07:00:00.000,64828480.00000000,
2025-07-07 08:00:00.000,64621277.00000000,
2025-07-07 09:00:00.000,64474801.00000000,
2025-07-07 10:00:00.000,64597244.00000000,
2025-07-07 11:00:00.000,64897922.00000000,
2025-07-07 12:00:00.000,65336720.00000000,
2025-07-07 13:00:00.000,66276880.00000000,
2025-07-07 14:00:00.000,66741434.00000000,
2025-07-07 15:00:00.000,65215153.00000000,
2025-07-07 16:00:00.000,65126899.00000000,
2025-07-07 17:00:00.000,64493035.00000000,
2025-07-07 18:00:00.000,64616593.00000000,
2025-07-07 19:00:00.000,64469577.00000000,
2025-07-07 20:00:00.000,64514511.00000000,
2025-07-07 21:00:00.000,64392985.00000000,
2025-07-07 22:00:00.000,64093421.00000000,
2025-07-07 23:00:00.000,64055721.00000000,
2025-07-08 00:00:00.000,64513151.00000000,
2025-07-08 01:00:00.000,64704594.00000000,
2025-07-08 02:00:00.000,64443776.00000000,
2025-07-08 03:00:00.000,64461020.00000000,
2025-07-08 04:00:00.000,64491822.00000000,
2025-07-08 05:00:00.000,64764848.00000000,
2025-07-08 06:00:00.000,64906044.00000000,
2025-07-08 07:00:00.000,64850476.00000000,
2025-07-08 08:00:00.000,65008938.00000000,
2025-07-08 09:00:00.000,65250616.00000000,
2025-07-08 10:00:00.000,65304866.00000000,
2025-07-08 11:00:00.000,65552341.00000000,
2025-07-08 12:00:00.000,65200489.00000000,
2025-07-08 13:00:00.000,65381757.00000000,
2025-07-08 14:00:00.000,65738621.00000000,
2025-07-08 15:00:00.000,65741615.00000000,
2025-07-08 16:00:00.000,65632201.00000000,
2025-07-08 17:00:00.000,65603713.00000000,
2025-07-08 18:00:00.000,65413014.00000000,
2025-07-08 19:00:00.000,65482429.00000000,
2025-07-08 20:00:00.000,65205766.00000000,
2025-07-08 21:00:00.000,65446411.00000000,
2025-07-08 22:00:00.000,65299518.00000000,
2025-07-08 23:00:00.000,66192601.00000000,
2025-07-09 00:00:00.000,67657551.00000000,
2025-07-09 01:00:00.000,67349927.00000000,
2025-07-09 02:00:00.000,67336203.00000000,
2025-07-09 03:00:00.000,67837705.00000000,
2025-07-09 04:00:00.000,68381803.00000000,
2025-07-09 05:00:00.000,68374019.00000000,
2025-07-09 06:00:00.000,69216477.00000000,
2025-07-09 07:00:00.000,70304203.00000000,
2025-07-09 08:00:00.000,70317937.00000000,
2025-07-09 09:00:00.000,71123545.00000000,
2025-07-09 10:00:00.000,71412869.00000000,
2025-07-09 11:00:00.000,73228786.00000000,
2025-07-09 12:00:00.000,72504062.00000000,
2025-07-09 13:00:00.000,71710019.00000000,
2025-07-09 14:00:00.000,71413018.00000000,
2025-07-09 15:00:00.000,68400582.00000000,
2025-07-09 16:00:00.000,68265286.00000000,
2025-07-09 17:00:00.000,67689674.00000000,
2025-07-09 18:00:00.000,67919319.00000000,
2025-07-09 19:00:00.000,67661624.00000000,
2025-07-09 20:00:00.000,70324110.00000000,
2025-07-09 21:00:00.000,70155405.00000000,
2025-07-09 22:00:00.000,70891555.00000000,
2025-07-09 23:00:00.000,71219384.00000000,
2025-07-10 00:00:00.000,71128894.00000000,
2025-07-10 01:00:00.000,70626112.00000000,
2025-07-10 02:00:00.000,70631679.00000000,
2025-07-10 03:00:00.000,70367395.00000000,
2025-07-10 04:00:00.000,70433019.00000000,
2025-07-10 05:00:00.000,70625434.00000000,
2025-07-10 06:00:00.000,70498151.00000000,
2025-07-10 07:00:00.000,70272289.00000000,
2025-07-10 08:00:00.000,69720964.00000000,
2025-07-10 09:00:00.000,69305663.00000000,
2025-07-10 10:00:00.000,69417665.00000000,
2025-07-10 11:00:00.000,69731809.00000000,
2025-07-10 12:00:00.000,69635801.00000000,
2025-07-10 13:00:00.000,69139886.00000000,
2025-07-10 14:00:00.000,69248849.00000000,
2025-07-10 15:00:00.000,69176328.00000000,
2025-07-10 16:00:00.000,69974060.00000000,
2025-07-10 17:00:00.000,71776918.00000000,
2025-07-10 18:00:00.000,71016478.00000000,
2025-07-10 19:00:00.000,70841839.00000000,
2025-07-10 20:00:00.000,70834133.00000000,
2025-07-10 21:00:00.000,70758296.00000000,
2025-07-10 22:00:00.000,77277181.00000000,
2025-07-10 23:00:00.000,80282659.00000000,
2025-07-11 00:00:00.000,77637500.00000000,
2025-07-11 01:00:00.000,77003501.00000000,
2025-07-11 02:00:00.000,79341422.00000000,
2025-07-11 03:00:00.000,78741848.00000000,
2025-07-11 04:00:00.000,78657545.00000000,
2025-07-11 05:00:00.000,78440673.00000000,
2025-07-11 06:00:00.000,82058054.00000000,
2025-07-11 07:00:00.000,84078659.00000000,
2025-07-11 08:00:00.000,84396251.00000000,
2025-07-11 09:00:00.000,84709183.00000000,
2025-07-11 10:00:00.000,85652606.00000000,
2025-07-11 11:00:00.000,85224539.00000000,
2025-07-11 12:00:00.000,84521875.00000000,
2025-07-11 13:00:00.000,84715027.00000000,
2025-07-11 14:00:00.000,84565512.00000000,
2025-07-11 15:00:00.000,85270123.00000000,
2025-07-11 16:00:00.000,83776229.00000000,
2025-07-11 17:00:00.000,84513983.00000000,
2025-07-11 18:00:00.000,85429583.00000000,
2025-07-11 19:00:00.000,84994696.00000000,
2025-07-11 20:00:00.000,84885705.00000000,
2025-07-11 21:00:00.000,84383433.00000000,
2025-07-11 22:00:00.000,84044853.00000000,
2025-07-11 23:00:00.000,81766532.00000000,
2025-07-12 00:00:00.000,81797624.00000000,
2025-07-12 01:00:00.000,81012538.00000000,
2025-07-12 02:00:00.000,81425013.00000000,
2025-07-12 03:00:00.000,81353832.00000000,
2025-07-12 04:00:00.000,81271273.00000000,
2025-07-12 05:00:00.000,81233686.00000000,
2025-07-12 06:00:00.000,81345080.00000000,
2025-07-12 07:00:00.000,81702294.00000000,
2025-07-12 08:00:00.000,81719162.00000000,
2025-07-12 09:00:00.000,82076575.00000000,
2025-07-12 10:00:00.000,81521445.00000000,
2025-07-12 11:00:00.000,81644197.00000000,
2025-07-12 12:00:00.000,81927200.00000000,
2025-07-12 13:00:00.000,81421337.00000000,
2025-07-12 14:00:00.000,78926800.00000000,
2025-07-12 15:00:00.000,78067118.00000000,
2025-07-12 16:00:00.000,74772189.00000000,
2025-07-12 17:00:00.000,75024166.00000000,
2025-07-12 18:00:00.000,75028190.00000000,
2025-07-12 19:00:00.000,74931673.00000000,
2025-07-12 20:00:00.000,74914530.00000000,
2025-07-12 21:00:00.000,74613884.00000000,
2025-07-12 22:00:00.000,73304125.00000000,
2025-07-12 23:00:00.000,72932781.00000000,
2025-07-13 00:00:00.000,72825297.00000000,
2025-07-13 01:00:00.000,72745019.00000000,
2025-07-13 02:00:00.000,72746644.00000000,
2025-07-13 03:00:00.000,72799767.00000000,
2025-07-13 04:00:00.000,72505723.00000000,
2025-07-13 05:00:00.000,73278108.00000000,
2025-07-13 06:00:00.000,72627434.00000000,
2025-07-13 07:00:00.000,71935189.00000000,
2025-07-13 08:00:00.000,72319923.00000000,
2025-07-13 09:00:00.000,72156432.00000000,
2025-07-13 10:00:00.000,71426645.00000000,
2025-07-13 11:00:00.000,71399303.00000000,
2025-07-13 12:00:00.000,72381924.00000000,
2025-07-13 13:00:00.000,72891218.00000000,
2025-07-13 14:00:00.000,72956082.00000000,
2025-07-13 15:00:00.000,72711425.00000000,
2025-07-13 16:00:00.000,73655694.00000000,
2025-07-13 17:00:00.000,73123854.00000000,
2025-07-13 18:00:00.000,73106568.00000000,
2025-07-13 19:00:00.000,73394004.00000000,
2025-07-13 20:00:00.000,73164402.00000000,
2025-07-13 21:00:00.000,73079840.00000000,
2025-07-13 22:00:00.000,72957428.00000000,
2025-07-13 23:00:00.000,73912449.00000000,
2025-07-14 00:00:00.000,73926746.00000000,
2025-07-14 01:00:00.000,73987764.00000000,
2025-07-14 02:00:00.000,75379608.00000000,
2025-07-14 03:00:00.000,74678628.00000000,
2025-07-14 04:00:00.000,85081116.00000000,
2025-07-14 05:00:00.000,85045879.00000000,
2025-07-14 06:00:00.000,83307077.00000000,
2025-07-14 07:00:00.000,83665400.00000000,
2025-07-14 08:00:00.000,83883946.00000000,
2025-07-14 09:00:00.000,85268703.00000000,
2025-07-14 10:00:00.000,85693166.00000000,
2025-07-14 11:00:00.000,85294180.00000000,
2025-07-14 12:00:00.000,85320373.00000000,
2025-07-14 13:00:00.000,85309146.00000000,
2025-07-14 14:00:00.000,85699228.00000000,
2025-07-14 15:00:00.000,86480139.00000000,
2025-07-14 16:00:00.000,80016467.00000000,
2025-07-14 17:00:00.000,78542231.00000000,
2025-07-14 18:00:00.000,78145689.00000000,
2025-07-14 19:00:00.000,77468017.00000000,
2025-07-14 20:00:00.000,77342646.00000000,
2025-07-14 21:00:00.000,76739855.00000000,
2025-07-14 22:00:00.000,76718072.00000000,
2025-07-14 23:00:00.000,81543126.00000000,
2025-07-15 00:00:00.000,80294508.00000000,
2025-07-15 01:00:00.000,80325443.00000000,
2025-07-15 02:00:00.000,77304321.00000000,
2025-07-15 03:00:00.000,77122588.00000000,
2025-07-15 04:00:00.000,76067551.00000000,
2025-07-15 05:00:00.000,75999326.00000000,
2025-07-15 06:00:00.000,76348297.00000000,
2025-07-15 07:00:00.000,76177989.00000000,
2025-07-15 08:00:00.000,77012269.00000000,
2025-07-15 09:00:00.000,76915763.00000000,
2025-07-15 10:00:00.000,76735317.00000000,
2025-07-15 11:00:00.000,75782872.00000000,
2025-07-15 12:00:00.000,76131957.00000000,
2025-07-15 13:00:00.000,75725653.00000000,
2025-07-15 14:00:00.000,74844271.00000000,
2025-07-15 15:00:00.000,73590375.00000000,
2025-07-15 16:00:00.000,73244440.00000000,
2025-07-15 17:00:00.000,73681382.00000000,
2025-07-15 18:00:00.000,73509819.00000000,
2025-07-15 19:00:00.000,73344504.00000000,
2025-07-15 20:00:00.000,73119347.00000000,
2025-07-15 21:00:00.000,72654174.00000000,
2025-07-15 22:00:00.000,72880778.00000000,
2025-07-15 23:00:00.000,75113426.00000000,
2025-07-16 00:00:00.000,74899956.00000000,
2025-07-16 01:00:00.000,73669869.00000000,
2025-07-16 02:00:00.000,73808469.00000000,
2025-07-16 03:00:00.000,73288651.00000000,
2025-07-16 04:00:00.000,72737598.00000000,
2025-07-16 05:00:00.000,73117376.00000000,
2025-07-16 06:00:00.000,72817257.00000000,
2025-07-16 07:00:00.000,73348528.00000000,
2025-07-16 08:00:00.000,73565304.00000000,
2025-07-16 09:00:00.000,73285713.00000000,
2025-07-16 10:00:00.000,72732442.00000000,
2025-07-16 11:00:00.000,77270100.00000000,
2025-07-16 12:00:00.000,77478481.00000000,
2025-07-16 13:00:00.000,78033716.00000000,
2025-07-16 14:00:00.000,78095110.00000000,
2025-07-16 15:00:00.000,78600619.00000000,
2025-07-16 16:00:00.000,77443975.00000000,
2025-07-16 17:00:00.000,85292011.00000000,
2025-07-16 18:00:00.000,85555361.00000000,
2025-07-16 19:00:00.000,80379766.00000000,
2025-07-16 20:00:00.000,80807186.00000000,
2025-07-16 21:00:00.000,80211667.00000000,
2025-07-16 22:00:00.000,81755456.00000000,
2025-07-16 23:00:00.000,80226448.00000000,
2025-07-17 00:00:00.000,78809948.00000000,
2025-07-17 01:00:00.000,78558411.00000000,
2025-07-17 02:00:00.000,73619122.00000000,
2025-07-17 03:00:00.000,72639456.00000000,
2025-07-17 04:00:00.000,71222127.00000000,
2025-07-17 05:00:00.000,70870495.00000000,
2025-07-17 06:00:00.000,71319704.00000000,
2025-07-17 07:00:00.000,71876841.00000000,
2025-07-17 08:00:00.000,72094140.00000000,
2025-07-17 09:00:00.000,71875826.00000000,
2025-07-17 10:00:00.000,77914426.00000000,
2025-07-17 11:00:00.000,77951449.00000000,
2025-07-17 12:00:00.000,78212277.00000000,
2025-07-17 13:00:00.000,78308714.00000000,
2025-07-17 14:00:00.000,78931333.00000000,
2025-07-17 15:00:00.000,80312532.00000000,
2025-07-17 16:00:00.000,80118687.00000000,
2025-07-17 17:00:00.000,80088185.00000000,
2025-07-17 18:00:00.000,81555625.00000000,
2025-07-17 19:00:00.000,81487865.00000000,
2025-07-17 20:00:00.000,81787450.00000000,
2025-07-17 21:00:00.000,82477821.00000000,
2025-07-17 22:00:00.000,81573048.00000000,
2025-07-17 23:00:00.000,82283270.00000000,
2025-07-18 00:00:00.000,82184149.00000000,
2025-07-18 01:00:00.000,84022197.00000000,
2025-07-18 02:00:00.000,83090521.00000000,
2025-07-18 03:00:00.000,81720650.00000000,
2025-07-18 04:00:00.000,78592721.00000000,
2025-07-18 05:00:00.000,79423251.00000000,
2025-07-18 06:00:00.000,81661076.00000000,
2025-07-18 07:00:00.000,79275401.00000000,
2025-07-18 08:00:00.000,78683784.00000000,
2025-07-18 09:00:00.000,78068354.00000000,
2025-07-18 10:00:00.000,78222441.00000000,
2025-07-18 11:00:00.000,78014512.00000000,
2025-07-18 12:00:00.000,78056728.00000000,
2025-07-18 13:00:00.000,84101785.00000000,
2025-07-18 14:00:00.000,83370796.00000000,
2025-07-18 15:00:00.000,81733424.00000000,
2025-07-18 16:00:00.000,82034872.00000000,
2025-07-18 17:00:00.000,82203333.00000000,
2025-07-18 18:00:00.000,81899669.00000000,
2025-07-18 19:00:00.000,81751440.00000000,
2025-07-18 20:00:00.000,81969098.00000000,
2025-07-18 21:00:00.000,81228276.00000000,
2025-07-18 22:00:00.000,80995660.00000000,
2025-07-18 23:00:00.000,81156450.00000000,
2025-07-19 00:00:00.000,80165821.00000000,
2025-07-19 01:00:00.000,79801206.00000000,
2025-07-19 02:00:00.000,80506118.00000000,
2025-07-19 03:00:00.000,80454107.00000000,
2025-07-19 04:00:00.000,80589432.00000000,
2025-07-19 05:00:00.000,80734545.00000000,
2025-07-19 06:00:00.000,80753959.00000000,
2025-07-19 07:00:00.000,80523532.00000000,
2025-07-19 08:00:00.000,80885352.00000000,
2025-07-19 09:00:00.000,80470426.00000000,
2025-07-19 10:00:00.000,80430724.00000000,
2025-07-19 11:00:00.000,80233524.00000000,
2025-07-19 12:00:00.000,80077008.00000000,
2025-07-19 13:00:00.000,80315244.00000000,
2025-07-19 14:00:00.000,79942050.00000000,
2025-07-19 15:00:00.000,80050909.00000000,
2025-07-19 16:00:00.000,80240397.00000000,
2025-07-19 17:00:00.000,80228029.00000000,
2025-07-19 18:00:00.000,80104813.00000000,
2025-07-19 19:00:00.000,80191390.00000000,
2025-07-19 20:00:00.000,81279702.00000000,
2025-07-19 21:00:00.000,81540492.00000000,
2025-07-19 22:00:00.000,81041594.00000000,
2025-07-19 23:00:00.000,80938998.00000000,
2025-07-20 00:00:00.000,80997176.00000000,
2025-07-20 01:00:00.000,80856102.00000000,
2025-07-20 02:00:00.000,80855721.00000000,
2025-07-20 03:00:00.000,80976608.00000000,
2025-07-20 04:00:00.000,81025060.00000000,
2025-07-20 05:00:00.000,80844815.00000000,
2025-07-20 06:00:00.000,85745329.00000000,
2025-07-20 07:00:00.000,85687480.00000000,
2025-07-20 08:00:00.000,89167128.00000000,
2025-07-20 09:00:00.000,89466285.00000000,
2025-07-20 10:00:00.000,89018657.00000000,
2025-07-20 11:00:00.000,90170913.00000000,
2025-07-20 12:00:00.000,89774931.00000000,
2025-07-20 13:00:00.000,89613694.00000000,
2025-07-20 14:00:00.000,89792084.00000000,
2025-07-20 15:00:00.000,89517196.00000000,
2025-07-20 16:00:00.000,89408788.00000000,
2025-07-20 17:00:00.000,89400007.00000000,
2025-07-20 18:00:00.000,89310184.00000000,
2025-07-20 19:00:00.000,88659147.00000000,
2025-07-20 20:00:00.000,88993401.00000000,
2025-07-20 21:00:00.000,88746000.00000000,
2025-07-20 22:00:00.000,88343790.00000000,
2025-07-20 23:00:00.000,87576821.00000000,
2025-07-21 00:00:00.000,88719226.00000000,
2025-07-21 01:00:00.000,89452864.00000000,
2025-07-21 02:00:00.000,89105201.00000000,
2025-07-21 03:00:00.000,89201250.00000000,
2025-07-21 04:00:00.000,90483230.00000000,
2025-07-21 05:00:00.000,91210169.00000000,
2025-07-21 06:00:00.000,91101670.00000000,
2025-07-21 07:00:00.000,93658334.00000000,
2025-07-21 08:00:00.000,98817862.00000000,
2025-07-21 09:00:00.000,99046875.00000000,
2025-07-21 10:00:00.000,99494006.00000000,
2025-07-21 11:00:00.000,105866520.00000000,
2025-07-21 12:00:00.000,106008286.00000000,
2025-07-21 13:00:00.000,105696460.00000000,
2025-07-21 14:00:00.000,106677940.00000000,
2025-07-21 15:00:00.000,107810966.00000000,
2025-07-21 16:00:00.000,106882740.00000000,
2025-07-21 17:00:00.000,106542572.00000000,
2025-07-21 18:00:00.000,107334948.00000000,
2025-07-21 19:00:00.000,105474452.00000000,
2025-07-21 20:00:00.000,108432892.00000000,
2025-07-21 21:00:00.000,107912138.00000000,
2025-07-21 22:00:00.000,107757450.00000000,
2025-07-21 23:00:00.000,108919852.00000000,
2025-07-22 00:00:00.000,110928810.00000000,
2025-07-22 01:00:00.000,104193236.00000000,
2025-07-22 02:00:00.000,103046190.00000000,
2025-07-22 03:00:00.000,102328434.00000000,
2025-07-22 04:00:00.000,101921382.00000000,
2025-07-22 05:00:00.000,101591574.00000000,
2025-07-22 06:00:00.000,101375028.00000000,
2025-07-22 07:00:00.000,100759499.00000000,
2025-07-22 08:00:00.000,100213502.00000000,
2025-07-22 09:00:00.000,99343736.00000000,
2025-07-22 10:00:00.000,99152078.00000000,
2025-07-22 11:00:00.000,99460590.00000000,
2025-07-22 12:00:00.000,99653160.00000000,
2025-07-22 13:00:00.000,99414072.00000000,
2025-07-22 14:00:00.000,99380198.00000000,
2025-07-22 15:00:00.000,99431008.00000000,
2025-07-22 16:00:00.000,98808956.00000000,
2025-07-22 17:00:00.000,98874738.00000000,
2025-07-22 18:00:00.000,98701688.00000000,
2025-07-22 19:00:00.000,99110148.00000000,
2025-07-22 20:00:00.000,100482770.00000000,
2025-07-22 21:00:00.000,100206458.00000000,
2025-07-22 22:00:00.000,100072083.00000000,
2025-07-22 23:00:00.000,99068250.00000000,
2025-07-23 00:00:00.000,99115324.00000000,
2025-07-23 01:00:00.000,99804018.00000000,
2025-07-23 02:00:00.000,99736724.00000000,
2025-07-23 03:00:00.000,100174848.00000000,
2025-07-23 04:00:00.000,100166708.00000000,
2025-07-23 05:00:00.000,102236368.00000000,
2025-07-23 06:00:00.000,101923980.00000000,
2025-07-23 07:00:00.000,101724746.00000000,
2025-07-23 08:00:00.000,101544632.00000000,
2025-07-23 09:00:00.000,101501460.00000000,
2025-07-23 10:00:00.000,101754760.00000000,
2025-07-23 11:00:00.000,101686000.00000000,
2025-07-23 12:00:00.000,101815386.00000000,
2025-07-23 13:00:00.000,100587882.00000000,
2025-07-23 14:00:00.000,98833391.00000000,
2025-07-23 15:00:00.000,96927322.00000000,
2025-07-23 16:00:00.000,96353156.00000000,
2025-07-23 17:00:00.000,95994148.00000000,
2025-07-23 18:00:00.000,95282106.00000000,
2025-07-23 19:00:00.000,94933100.00000000,
2025-07-23 20:00:00.000,91757160.00000000,
2025-07-23 21:00:00.000,91264934.00000000,
2025-07-23 22:00:00.000,89610773.00000000,
2025-07-23 23:00:00.000,89356430.00000000,
2025-07-24 00:00:00.000,89911628.00000000,
2025-07-24 01:00:00.000,89597318.00000000,
2025-07-24 02:00:00.000,89304398.00000000,
2025-07-24 03:00:00.000,89911375.00000000,
2025-07-24 04:00:00.000,89213098.00000000,
2025-07-24 05:00:00.000,89162676.00000000,
2025-07-24 06:00:00.000,86344738.00000000,
2025-07-24 07:00:00.000,83944996.00000000,
2025-07-24 08:00:00.000,83805030.00000000,
2025-07-24 09:00:00.000,83156046.00000000,
2025-07-24 10:00:00.000,86223370.00000000,
2025-07-24 11:00:00.000,85961466.00000000,
2025-07-24 12:00:00.000,85611202.00000000,
2025-07-24 13:00:00.000,85319502.00000000,
2025-07-24 14:00:00.000,84867548.00000000,
2025-07-24 15:00:00.000,85800030.00000000,
2025-07-24 16:00:00.000,86237244.00000000,
2025-07-24 17:00:00.000,85090300.00000000,
2025-07-24 18:00:00.000,84952642.00000000,
2025-07-24 19:00:00.000,84532420.00000000,
2025-07-24 20:00:00.000,84299142.00000000,
2025-07-24 21:00:00.000,84081020.00000000,
2025-07-24 22:00:00.000,83829782.00000000,
2025-07-24 23:00:00.000,83882146.00000000,
2025-07-25 00:00:00.000,82462050.00000000,
2025-07-25 01:00:00.000,81955638.00000000,
2025-07-25 02:00:00.000,82039240.00000000,
2025-07-25 03:00:00.000,81997450.00000000,
2025-07-25 04:00:00.000,81613627.00000000,
2025-07-25 05:00:00.000,81289778.00000000,
2025-07-25 06:00:00.000,81310114.00000000,
2025-07-25 07:00:00.000,81630718.00000000,
2025-07-25 08:00:00.000,81310410.00000000,
2025-07-25 09:00:00.000,81761018.00000000,
2025-07-25 10:00:00.000,81470910.00000000,
2025-07-25 11:00:00.000,81911840.00000000,
2025-07-25 12:00:00.000,86979096.00000000,
2025-07-25 13:00:00.000,86342752.00000000,
2025-07-25 14:00:00.000,85594982.00000000,
2025-07-25 15:00:00.000,86900818.00000000,
2025-07-25 16:00:00.000,85824146.00000000,
2025-07-25 17:00:00.000,85810736.00000000,
2025-07-25 18:00:00.000,85855549.00000000,
2025-07-25 19:00:00.000,85841133.00000000,
2025-07-25 20:00:00.000,86145307.00000000,
2025-07-25 21:00:00.000,90877119.00000000,
2025-07-25 22:00:00.000,90889425.00000000,
2025-07-25 23:00:00.000,86946421.00000000,
2025-07-26 00:00:00.000,87066141.00000000,
2025-07-26 01:00:00.000,86726095.00000000,
2025-07-26 02:00:00.000,86790307.00000000,
2025-07-26 03:00:00.000,86636524.00000000,
2025-07-26 04:00:00.000,86756670.00000000,
2025-07-26 05:00:00.000,86515586.00000000,
2025-07-26 06:00:00.000,86547966.00000000,
2025-07-26 07:00:00.000,86413408.00000000,
2025-07-26 08:00:00.000,86416450.00000000,
2025-07-26 09:00:00.000,85093554.00000000,
2025-07-26 10:00:00.000,84792434.00000000,
2025-07-26 11:00:00.000,84294264.00000000,
2025-07-26 12:00:00.000,83986326.00000000,
2025-07-26 13:00:00.000,83628036.00000000,
2025-07-26 14:00:00.000,83488374.00000000,
2025-07-26 15:00:00.000,83447088.00000000,
2025-07-26 16:00:00.000,83242586.00000000,
2025-07-26 17:00:00.000,83250958.00000000,
2025-07-26 18:00:00.000,83283898.00000000,
2025-07-26 19:00:00.000,83824674.00000000,
2025-07-26 20:00:00.000,83698242.00000000,
2025-07-26 21:00:00.000,83453934.00000000,
2025-07-26 22:00:00.000,83388114.00000000,
2025-07-26 23:00:00.000,83618398.00000000,
2025-07-27 00:00:00.000,83815118.00000000,
2025-07-27 01:00:00.000,83874132.00000000,
2025-07-27 02:00:00.000,83942504.00000000,
2025-07-27 03:00:00.000,84047030.00000000,
2025-07-27 04:00:00.000,83717490.00000000,
2025-07-27 05:00:00.000,83405520.00000000,
2025-07-27 06:00:00.000,85379840.00000000,
2025-07-27 07:00:00.000,85552214.00000000,
2025-07-27 08:00:00.000,85618070.00000000,
2025-07-27 09:00:00.000,85249172.00000000,
2025-07-27 10:00:00.000,85220580.00000000,
2025-07-27 11:00:00.000,87330456.00000000,
2025-07-27 12:00:00.000,86679444.00000000,
2025-07-27 13:00:00.000,86922934.00000000,
2025-07-27 14:00:00.000,86775892.00000000,
2025-07-27 15:00:00.000,87128408.00000000,
2025-07-27 16:00:00.000,87062848.00000000,
2025-07-27 17:00:00.000,87019574.00000000,
2025-07-27 18:00:00.000,86823704.00000000,
2025-07-27 19:00:00.000,85794349.00000000,
2025-07-27 20:00:00.000,85496126.00000000,
2025-07-27 21:00:00.000,85433528.00000000,
2025-07-27 22:00:00.000,85315152.00000000,
2025-07-27 23:00:00.000,85292414.00000000,
2025-07-28 00:00:00.000,86254044.00000000,
2025-07-28 01:00:00.000,85982664.00000000,
2025-07-28 02:00:00.000,85556868.00000000,
2025-07-28 03:00:00.000,85173030.00000000,
2025-07-28 04:00:00.000,85607020.00000000,
2025-07-28 05:00:00.000,86008285.00000000,
2025-07-28 06:00:00.000,85837568.00000000,
2025-07-28 07:00:00.000,86426360.00000000,
2025-07-28 08:00:00.000,86545022.00000000,
2025-07-28 09:00:00.000,86515712.00000000,
2025-07-28 10:00:00.000,86459923.00000000,
2025-07-28 11:00:00.000,86525140.00000000,
2025-07-28 12:00:00.000,87157218.00000000,
2025-07-28 13:00:00.000,86550831.00000000,
2025-07-28 14:00:00.000,86040196.00000000,
2025-07-28 15:00:00.000,84626985.00000000,
2025-07-28 16:00:00.000,83654074.00000000,
2025-07-28 17:00:00.000,83463302.00000000,
2025-07-28 18:00:00.000,83509756.00000000,
2025-07-28 19:00:00.000,82553896.00000000,
2025-07-28 20:00:00.000,82427687.00000000,
2025-07-28 21:00:00.000,81870462.00000000,
2025-07-28 22:00:00.000,81679262.00000000,
2025-07-28 23:00:00.000,81202645.00000000,
2025-07-29 00:00:00.000,81068164.00000000,
2025-07-29 01:00:00.000,81298530.00000000,
2025-07-29 02:00:00.000,81138986.00000000,
2025-07-29 03:00:00.000,81168676.00000000,
2025-07-29 04:00:00.000,81370149.00000000,
2025-07-29 05:00:00.000,81427196.00000000,
2025-07-29 06:00:00.000,81404122.00000000,
2025-07-29 07:00:00.000,81341020.00000000,
2025-07-29 08:00:00.000,81519204.00000000,
2025-07-29 09:00:00.000,82572188.00000000,
2025-07-29 10:00:00.000,82648774.00000000,
2025-07-29 11:00:00.000,82197377.00000000,
2025-07-29 12:00:00.000,82149599.00000000,
2025-07-29 13:00:00.000,81492846.00000000,
2025-07-29 14:00:00.000,81522594.00000000,
2025-07-29 15:00:00.000,80906765.00000000,
2025-07-29 16:00:00.000,80867946.00000000,
2025-07-29 17:00:00.000,80026056.00000000,
2025-07-29 18:00:00.000,80111779.00000000,
2025-07-29 19:00:00.000,80249758.00000000,
2025-07-29 20:00:00.000,79836478.00000000,
2025-07-29 21:00:00.000,80264952.00000000,
2025-07-29 22:00:00.000,80245398.00000000,
2025-07-29 23:00:00.000,80017991.00000000,
2025-07-30 00:00:00.000,80295968.00000000,
2025-07-30 01:00:00.000,80910022.00000000,
2025-07-30 02:00:00.000,81014443.00000000,
2025-07-30 03:00:00.000,81136134.00000000,
2025-07-30 04:00:00.000,81001318.00000000,
2025-07-30 05:00:00.000,81528370.00000000,
2025-07-30 06:00:00.000,81477090.00000000,
2025-07-30 07:00:00.000,81336186.00000000,
2025-07-30 08:00:00.000,81444952.00000000,
2025-07-30 09:00:00.000,81856724.00000000,
2025-07-30 10:00:00.000,81642834.00000000,
2025-07-30 11:00:00.000,80677318.00000000,
2025-07-30 12:00:00.000,81723330.00000000,
2025-07-30 13:00:00.000,83583185.00000000,
2025-07-30 14:00:00.000,82108332.00000000,
2025-07-30 15:00:00.000,82850028.00000000,
2025-07-30 16:00:00.000,83682555.00000000,
2025-07-30 17:00:00.000,83451298.00000000,
2025-07-30 18:00:00.000,83578374.00000000,
2025-07-30 19:00:00.000,82950712.00000000,
2025-07-30 20:00:00.000,81746182.00000000,
2025-07-30 21:00:00.000,82401798.00000000,
2025-07-30 22:00:00.000,81837338.00000000,
2025-07-30 23:00:00.000,81738231.00000000,
2025-07-31 00:00:00.000,81794384.00000000,
2025-07-31 01:00:00.000,82038128.00000000,
2025-07-31 02:00:00.000,81914620.00000000,
2025-07-31 03:00:00.000,82017430.00000000,
2025-07-31 04:00:00.000,82044754.00000000,
2025-07-31 05:00:00.000,81901544.00000000,
2025-07-31 06:00:00.000,81702976.00000000,
2025-07-31 07:00:00.000,81677162.00000000,
2025-07-31 08:00:00.000,81552864.00000000,
2025-07-31 09:00:00.000,81890106.00000000,
2025-07-31 10:00:00.000,82456972.00000000,
2025-07-31 11:00:00.000,81641232.00000000,
2025-07-31 12:00:00.000,81721804.00000000,
2025-07-31 13:00:00.000,81583854.00000000,
2025-07-31 14:00:00.000,81704077.00000000,
2025-07-31 15:00:00.000,83955120.00000000,
2025-07-31 16:00:00.000,84650875.00000000,
2025-07-31 17:00:00.000,90344987.00000000,
2025-07-31 18:00:00.000,85037512.00000000,
2025-07-31 19:00:00.000,84473584.00000000,
2025-07-31 20:00:00.000,84392713.00000000,
2025-07-31 21:00:00.000,83737168.00000000,
2025-07-31 22:00:00.000,81655346.00000000,
2025-07-31 23:00:00.000,81577540.00000000,
2025-08-01 00:00:00.000,81422346.00000000,
2025-08-01 01:00:00.000,80185484.00000000,
2025-08-01 02:00:00.000,79475756.00000000,
2025-08-01 03:00:00.000,79272686.00000000,
2025-08-01 04:00:00.000,79227254.00000000,
2025-08-01 05:00:00.000,78961426.00000000,
2025-08-01 06:00:00.000,78759788.00000000,
2025-08-01 07:00:00.000,78973456.00000000,
2025-08-01 08:00:00.000,78797856.00000000,
2025-08-01 09:00:00.000,78549669.00000000,
2025-08-01 10:00:00.000,78888710.00000000,
2025-08-01 11:00:00.000,79295148.00000000,
2025-08-01 12:00:00.000,79318220.00000000,
2025-08-01 13:00:00.000,79440672.00000000,
2025-08-01 14:00:00.000,78390510.00000000,
2025-08-01 15:00:00.000,79268904.00000000,
2025-08-01 16:00:00.000,80433620.00000000,
2025-08-01 17:00:00.000,80806918.00000000,
2025-08-01 18:00:00.000,80494165.00000000,
2025-08-01 19:00:00.000,80109940.00000000,
2025-08-01 20:00:00.000,80307584.00000000,
2025-08-01 21:00:00.000,80014905.00000000,
2025-08-01 22:00:00.000,80469146.00000000,
2025-08-01 23:00:00.000,79784922.00000000,
2025-08-02 00:00:00.000,80109616.00000000,
2025-08-02 01:00:00.000,80254334.00000000,
2025-08-02 02:00:00.000,80433658.00000000,
2025-08-02 03:00:00.000,80476836.00000000,
2025-08-02 04:00:00.000,80466004.00000000,
2025-08-02 05:00:00.000,80474914.00000000,
2025-08-02 06:00:00.000,80547376.00000000,
2025-08-02 07:00:00.000,80304778.00000000,
2025-08-02 08:00:00.000,79827711.00000000,
2025-08-02 09:00:00.000,79731272.00000000,
2025-08-02 10:00:00.000,79696532.00000000,
2025-08-02 11:00:00.000,79813090.00000000,
2025-08-02 12:00:00.000,80010748.00000000,
2025-08-02 13:00:00.000,80004806.00000000,
2025-08-02 14:00:00.000,79980746.00000000,
2025-08-02 15:00:00.000,79777762.00000000,
2025-08-02 16:00:00.000,79961574.00000000,
2025-08-02 17:00:00.000,79881598.00000000,
2025-08-02 18:00:00.000,79981926.00000000,
2025-08-02 19:00:00.000,80262658.00000000,
2025-08-02 20:00:00.000,80304978.00000000,
2025-08-02 21:00:00.000,80670178.00000000,
2025-08-02 22:00:00.000,80516725.00000000,
2025-08-02 23:00:00.000,80746730.00000000,
2025-08-03 00:00:00.000,80355768.00000000,
2025-08-03 01:00:00.000,80304434.00000000,
2025-08-03 02:00:00.000,80399526.00000000,
2025-08-03 03:00:00.000,80897210.00000000,
2025-08-03 04:00:00.000,81029248.00000000,
2025-08-03 05:00:00.000,81116258.00000000,
2025-08-03 06:00:00.000,81224722.00000000,
2025-08-03 07:00:00.000,81299942.00000000,
2025-08-03 08:00:00.000,81409998.00000000,
2025-08-03 09:00:00.000,81793690.00000000,
2025-08-03 10:00:00.000,81895712.00000000,
2025-08-03 11:00:00.000,81709570.00000000,
2025-08-03 12:00:00.000,81605140.00000000,
2025-08-03 13:00:00.000,81702416.00000000,
2025-08-03 14:00:00.000,81531228.00000000,
2025-08-03 15:00:00.000,81386776.00000000,
2025-08-03 16:00:00.000,81462448.00000000,
2025-08-03 17:00:00.000,81415520.00000000,
2025-08-03 18:00:00.000,81368539.00000000,
2025-08-03 19:00:00.000,81565448.00000000,
2025-08-03 20:00:00.000,81515792.00000000,
2025-08-03 21:00:00.000,81387074.00000000,
2025-08-03 22:00:00.000,81235222.00000000,
2025-08-03 23:00:00.000,81363908.00000000,
2025-08-04 00:00:00.000,81217316.00000000,
2025-08-04 01:00:00.000,81339722.00000000,
2025-08-04 02:00:00.000,82367180.00000000,
2025-08-04 03:00:00.000,82756318.00000000,
2025-08-04 04:00:00.000,82116324.00000000,
2025-08-04 05:00:00.000,82480388.00000000,
2025-08-04 06:00:00.000,82795264.00000000,
2025-08-04 07:00:00.000,82646066.00000000,
2025-08-04 08:00:00.000,82644406.00000000,
2025-08-04 09:00:00.000,82387352.00000000,
2025-08-04 10:00:00.000,82087906.00000000,
2025-08-04 11:00:00.000,82231800.00000000,
2025-08-04 12:00:00.000,82509232.00000000,
2025-08-04 13:00:00.000,82799096.00000000,
2025-08-04 14:00:00.000,82854994.00000000,
2025-08-04 15:00:00.000,82799428.00000000,
2025-08-04 16:00:00.000,83326098.00000000,
2025-08-04 17:00:00.000,83620652.00000000,
2025-08-04 18:00:00.000,82782551.00000000,
2025-08-04 19:00:00.000,82741592.00000000,
2025-08-04 20:00:00.000,82870894.00000000,
2025-08-04 21:00:00.000,82781099.00000000,
2025-08-04 22:00:00.000,85077422.00000000,
2025-08-04 23:00:00.000,84793138.00000000,
2025-08-05 00:00:00.000,83837624.00000000,
2025-08-05 01:00:00.000,83989930.00000000,
2025-08-05 02:00:00.000,83773832.00000000,
2025-08-05 03:00:00.000,83429104.00000000,
2025-08-05 04:00:00.000,83365192.00000000,
2025-08-05 05:00:00.000,83829831.00000000,
2025-08-05 06:00:00.000,83584986.00000000,
2025-08-05 07:00:00.000,81800552.00000000,
2025-08-05 08:00:00.000,81771084.00000000,
2025-08-05 09:00:00.000,82093896.00000000,
2025-08-05 10:00:00.000,82361062.00000000,
2025-08-05 11:00:00.000,83912544.00000000,
2025-08-05 12:00:00.000,88254420.00000000,
2025-08-05 13:00:00.000,86981929.00000000,
2025-08-05 14:00:00.000,87041064.00000000,
2025-08-05 15:00:00.000,87348650.00000000,
2025-08-05 16:00:00.000,86589018.00000000,
2025-08-05 17:00:00.000,86418826.00000000,
2025-08-05 18:00:00.000,86792686.00000000,
2025-08-05 19:00:00.000,86571596.00000000,
2025-08-05 20:00:00.000,86494616.00000000,
2025-08-05 21:00:00.000,86665006.00000000,
2025-08-05 22:00:00.000,86379564.00000000,
2025-08-05 23:00:00.000,84848336.00000000,
2025-08-06 00:00:00.000,84080280.00000000,
2025-08-06 01:00:00.000,85256732.00000000,
2025-08-06 02:00:00.000,85298322.00000000,
2025-08-06 03:00:00.000,85321146.00000000,
2025-08-06 04:00:00.000,85393608.00000000,
2025-08-06 05:00:00.000,84074462.00000000,
2025-08-06 06:00:00.000,84579550.00000000,
2025-08-06 07:00:00.000,84843894.00000000,
2025-08-06 08:00:00.000,85224848.00000000,
2025-08-06 09:00:00.000,86400334.00000000,
2025-08-06 10:00:00.000,86565470.00000000,
2025-08-06 11:00:00.000,86864150.00000000,
2025-08-06 12:00:00.000,86598090.00000000,
2025-08-06 13:00:00.000,87159848.00000000,
2025-08-06 14:00:00.000,87025432.00000000,
2025-08-06 15:00:00.000,87231204.00000000,
2025-08-06 16:00:00.000,87239888.00000000,
2025-08-06 17:00:00.000,87060900.00000000,
2025-08-06 18:00:00.000,86898352.00000000,
2025-08-06 19:00:00.000,86862570.00000000,
2025-08-06 20:00:00.000,86470472.00000000,
2025-08-06 21:00:00.000,86400886.00000000,
2025-08-06 22:00:00.000,86072462.00000000,
2025-08-06 23:00:00.000,86223120.00000000,
2025-08-07 00:00:00.000,86021952.00000000,
2025-08-07 01:00:00.000,86100890.00000000,
2025-08-07 02:00:00.000,86887161.00000000,
2025-08-07 03:00:00.000,86912410.00000000,
2025-08-07 04:00:00.000,87682712.00000000,
2025-08-07 05:00:00.000,87483842.00000000,
2025-08-07 06:00:00.000,88358448.00000000,
2025-08-07 07:00:00.000,89484202.00000000,
2025-08-07 08:00:00.000,89951994.00000000,
2025-08-07 09:00:00.000,89250512.00000000,
2025-08-07 10:00:00.000,88176043.00000000,
2025-08-07 11:00:00.000,86977080.00000000,
2025-08-07 12:00:00.000,86714888.00000000,
2025-08-07 13:00:00.000,87194176.00000000,
2025-08-07 14:00:00.000,87140602.00000000,
2025-08-07 15:00:00.000,88101826.00000000,
2025-08-07 16:00:00.000,88953358.00000000,
2025-08-07 17:00:00.000,88191437.00000000,
2025-08-07 18:00:00.000,92744204.00000000,
2025-08-07 19:00:00.000,89803184.00000000,
2025-08-07 20:00:00.000,88936298.00000000,
2025-08-07 21:00:00.000,89689348.00000000,
2025-08-07 22:00:00.000,88270740.00000000,
2025-08-07 23:00:00.000,87605292.00000000,
2025-08-08 00:00:00.000,87793058.00000000,
2025-08-08 01:00:00.000,87036750.00000000,
2025-08-08 02:00:00.000,86598584.00000000,
2025-08-08 03:00:00.000,86572168.00000000,
2025-08-08 04:00:00.000,87348494.00000000,
2025-08-08 05:00:00.000,87032464.00000000,
2025-08-08 06:00:00.000,87458358.00000000,
2025-08-08 07:00:00.000,87014021.00000000,
2025-08-08 08:00:00.000,87691600.00000000,
2025-08-08 09:00:00.000,87762562.00000000,
2025-08-08 10:00:00.000,87825660.00000000,
2025-08-08 11:00:00.000,87990790.00000000,
2025-08-08 12:00:00.000,88748551.00000000,
2025-08-08 13:00:00.000,89643736.00000000,
2025-08-08 14:00:00.000,89410236.00000000,
2025-08-08 15:00:00.000,87374250.00000000,
2025-08-08 16:00:00.000,86522144.00000000,
2025-08-08 17:00:00.000,86560690.00000000,
2025-08-08 18:00:00.000,86294250.00000000,
2025-08-08 19:00:00.000,86145038.00000000,
2025-08-08 20:00:00.000,86114640.00000000,
2025-08-08 21:00:00.000,86042229.00000000,
2025-08-08 22:00:00.000,86038494.00000000,
2025-08-08 23:00:00.000,85980806.00000000,
2025-08-09 00:00:00.000,86136615.00000000,
2025-08-09 01:00:00.000,86361226.00000000,
2025-08-09 02:00:00.000,86578998.00000000,
2025-08-09 03:00:00.000,86546398.00000000,
2025-08-09 04:00:00.000,86853240.00000000,
2025-08-09 05:00:00.000,86932248.00000000,
2025-08-09 06:00:00.000,86543522.00000000,
2025-08-09 07:00:00.000,86020900.00000000,
2025-08-09 08:00:00.000,86267902.00000000,
2025-08-09 09:00:00.000,86014088.00000000,
2025-08-09 10:00:00.000,86652728.00000000,
2025-08-09 11:00:00.000,86289230.00000000,
2025-08-09 12:00:00.000,86178450.00000000,
2025-08-09 13:00:00.000,85687101.00000000,
2025-08-09 14:00:00.000,85613048.00000000,
2025-08-09 15:00:00.000,85321336.00000000,
2025-08-09 16:00:00.000,85407650.00000000,
2025-08-09 17:00:00.000,85586604.00000000,
2025-08-09 18:00:00.000,85308514.00000000,
2025-08-09 19:00:00.000,85577102.00000000,
2025-08-09 20:00:00.000,85629674.00000000,
2025-08-09 21:00:00.000,85916938.00000000,
2025-08-09 22:00:00.000,86012212.00000000,
2025-08-09 23:00:00.000,85638526.00000000,
2025-08-10 00:00:00.000,85518701.00000000,
2025-08-10 01:00:00.000,85307232.00000000,
2025-08-10 02:00:00.000,85934470.00000000,
2025-08-10 03:00:00.000,85573346.00000000,
2025-08-10 04:00:00.000,85224728.00000000,
2025-08-10 05:00:00.000,86431732.00000000,
2025-08-10 06:00:00.000,86389518.00000000,
2025-08-10 07:00:00.000,84361331.00000000,
2025-08-10 08:00:00.000,84792890.00000000,
2025-08-10 09:00:00.000,86340164.00000000,
2025-08-10 10:00:00.000,86145620.00000000,
2025-08-10 11:00:00.000,84315678.00000000,
2025-08-10 12:00:00.000,85226846.00000000,
2025-08-10 13:00:00.000,85106978.00000000,
2025-08-10 14:00:00.000,85044546.00000000,
2025-08-10 15:00:00.000,85265208.00000000,
2025-08-10 16:00:00.000,85258046.00000000,
2025-08-10 17:00:00.000,85258696.00000000,
2025-08-10 18:00:00.000,85178750.00000000,
2025-08-10 19:00:00.000,85290230.00000000,
2025-08-10 20:00:00.000,85304846.00000000,
2025-08-10 21:00:00.000,85364596.00000000,
2025-08-10 22:00:00.000,83929038.00000000,
2025-08-10 23:00:00.000,83582602.00000000,
2025-08-11 00:00:00.000,83513886.00000000,
2025-08-11 01:00:00.000,83517928.00000000,
2025-08-11 02:00:00.000,84574954.00000000,
2025-08-11 03:00:00.000,84952948.00000000,
2025-08-11 04:00:00.000,84779422.00000000,
2025-08-11 05:00:00.000,84685362.00000000,
2025-08-11 06:00:00.000,84752532.00000000,
2025-08-11 07:00:00.000,85125720.00000000,
2025-08-11 08:00:00.000,84904110.00000000,
2025-08-11 09:00:00.000,84498892.00000000,
2025-08-11 10:00:00.000,84806812.00000000,
2025-08-11 11:00:00.000,85090714.00000000,
2025-08-11 12:00:00.000,86391191.00000000,
2025-08-11 13:00:00.000,86414076.00000000,
2025-08-11 14:00:00.000,84995436.00000000,
2025-08-11 15:00:00.000,84934556.00000000,
2025-08-11 16:00:00.000,84676064.00000000,
2025-08-11 17:00:00.000,84776249.00000000,
2025-08-11 18:00:00.000,84802176.00000000,
2025-08-11 19:00:00.000,84347412.00000000,
2025-08-11 20:00:00.000,84702944.00000000,
2025-08-11 21:00:00.000,84123496.00000000,
2025-08-11 22:00:00.000,83308118.00000000,
2025-08-11 23:00:00.000,83013562.00000000,
2025-08-12 00:00:00.000,83080782.00000000,
2025-08-12 01:00:00.000,83111526.00000000,
2025-08-12 02:00:00.000,83452714.00000000,
2025-08-12 03:00:00.000,83600404.00000000,
2025-08-12 04:00:00.000,83375016.00000000,
2025-08-12 05:00:00.000,82789724.00000000,
2025-08-12 06:00:00.000,82636468.00000000,
2025-08-12 07:00:00.000,82618804.00000000,
2025-08-12 08:00:00.000,82460510.00000000,
2025-08-12 09:00:00.000,82451986.00000000,
2025-08-12 10:00:00.000,82620264.00000000,
2025-08-12 11:00:00.000,82413908.00000000,
2025-08-12 12:00:00.000,82430252.00000000,
2025-08-12 13:00:00.000,87114928.00000000,
2025-08-12 14:00:00.000,85401467.00000000,
2025-08-12 15:00:00.000,88415093.00000000,
2025-08-12 16:00:00.000,88616886.00000000,
2025-08-12 17:00:00.000,86999670.00000000,
2025-08-12 18:00:00.000,87338762.00000000,
2025-08-12 19:00:00.000,88362050.00000000,
2025-08-12 20:00:00.000,89149086.00000000,
2025-08-12 21:00:00.000,89983344.00000000,
2025-08-12 22:00:00.000,89773004.00000000,
2025-08-12 23:00:00.000,89773578.00000000,
2025-08-13 00:00:00.000,91926718.00000000,
2025-08-13 01:00:00.000,92887390.00000000,
2025-08-13 02:00:00.000,90559047.00000000,
2025-08-13 03:00:00.000,90577378.00000000,
2025-08-13 04:00:00.000,91068546.00000000,
2025-08-13 05:00:00.000,91201972.00000000,
2025-08-13 06:00:00.000,93871404.00000000,
2025-08-13 07:00:00.000,94788904.00000000,
2025-08-13 08:00:00.000,93770778.00000000,
2025-08-13 09:00:00.000,94261018.00000000,
2025-08-13 10:00:00.000,96673860.00000000,
2025-08-13 11:00:00.000,96010224.00000000,
2025-08-13 12:00:00.000,96632566.00000000,
2025-08-13 13:00:00.000,96978388.00000000,
2025-08-13 14:00:00.000,98800348.00000000,
2025-08-13 15:00:00.000,95912585.00000000,
2025-08-13 16:00:00.000,96267994.00000000,
2025-08-13 17:00:00.000,96513330.00000000,
2025-08-13 18:00:00.000,96667808.00000000,
2025-08-13 19:00:00.000,96595472.00000000,
2025-08-13 20:00:00.000,97534706.00000000,
2025-08-13 21:00:00.000,97101096.00000000,
2025-08-13 22:00:00.000,95942892.00000000,
2025-08-13 23:00:00.000,96259760.00000000,
2025-08-14 00:00:00.000,96036900.00000000,
2025-08-14 01:00:00.000,95871724.00000000,
2025-08-14 02:00:00.000,96144358.00000000,
2025-08-14 03:00:00.000,95913976.00000000,
2025-08-14 04:00:00.000,95929670.00000000,
2025-08-14 05:00:00.000,96200226.00000000,
2025-08-14 06:00:00.000,96095234.00000000,
2025-08-14 07:00:00.000,95646684.00000000,
2025-08-14 08:00:00.000,96115306.00000000,
2025-08-14 09:00:00.000,96237832.00000000,
2025-08-14 10:00:00.000,96039454.00000000,
2025-08-14 11:00:00.000,96093868.00000000,
2025-08-14 12:00:00.000,95928817.00000000,
2025-08-14 13:00:00.000,92021684.00000000,
2025-08-14 14:00:00.000,94011847.00000000,
2025-08-14 15:00:00.000,93949262.00000000,
2025-08-14 16:00:00.000,93739209.00000000,
2025-08-14 17:00:00.000,92626776.00000000,
2025-08-14 18:00:00.000,92985940.00000000,
2025-08-14 19:00:00.000,92642938.00000000,
2025-08-14 20:00:00.000,92491902.00000000,
2025-08-14 21:00:00.000,92183672.00000000,
2025-08-14 22:00:00.000,92457736.00000000,
2025-08-14 23:00:00.000,92094868.00000000,
2025-08-15 00:00:00.000,92309932.00000000,
2025-08-15 01:00:00.000,92262650.00000000,
2025-08-15 02:00:00.000,92527538.00000000,
2025-08-15 03:00:00.000,92677710.00000000,
2025-08-15 04:00:00.000,93426690.00000000,
2025-08-15 05:00:00.000,94201890.00000000,
2025-08-15 06:00:00.000,94092468.00000000,
2025-08-15 07:00:00.000,94451808.00000000,
2025-08-15 08:00:00.000,93799549.00000000,
2025-08-15 09:00:00.000,93810016.00000000,
2025-08-15 10:00:00.000,93356306.00000000,
2025-08-15 11:00:00.000,93409280.00000000,
2025-08-15 12:00:00.000,93229534.00000000,
2025-08-15 13:00:00.000,92590712.00000000,
2025-08-15 14:00:00.000,92618712.00000000,
2025-08-15 15:00:00.000,92489342.00000000,
2025-08-15 16:00:00.000,91843140.00000000,
2025-08-15 17:00:00.000,92701518.00000000,
2025-08-15 18:00:00.000,92544374.00000000,
2025-08-15 19:00:00.000,92327490.00000000,
2025-08-15 20:00:00.000,92167598.00000000,
2025-08-15 21:00:00.000,91939238.00000000,
2025-08-15 22:00:00.000,91875640.00000000,
2025-08-15 23:00:00.000,92187290.00000000,
2025-08-16 00:00:00.000,91963482.00000000,
2025-08-16 01:00:00.000,92000452.00000000,
2025-08-16 02:00:00.000,93710639.00000000,
2025-08-16 03:00:00.000,93608350.00000000,
2025-08-16 04:00:00.000,93591196.00000000,
2025-08-16 05:00:00.000,93586444.00000000,
2025-08-16 06:00:00.000,93716194.00000000,
2025-08-16 07:00:00.000,93873798.00000000,
2025-08-16 08:00:00.000,93872044.00000000,
2025-08-16 09:00:00.000,93882118.00000000,
2025-08-16 10:00:00.000,94433200.00000000,
2025-08-16 11:00:00.000,94483660.00000000,
2025-08-16 12:00:00.000,94795568.00000000,
2025-08-16 13:00:00.000,94855684.00000000,
2025-08-16 14:00:00.000,93795338.00000000,
2025-08-16 15:00:00.000,94741940.00000000,
2025-08-16 16:00:00.000,95619882.00000000,
2025-08-16 17:00:00.000,95572964.00000000,
2025-08-16 18:00:00.000,95472264.00000000,
2025-08-16 19:00:00.000,95787754.00000000,
2025-08-16 20:00:00.000,95779034.00000000,
2025-08-16 21:00:00.000,95797386.00000000,
2025-08-16 22:00:00.000,95822980.00000000,
2025-08-16 23:00:00.000,95625516.00000000,
2025-08-17 00:00:00.000,94868240.00000000,
2025-08-17 01:00:00.000,94853120.00000000,
2025-08-17 02:00:00.000,94761954.00000000,
2025-08-17 03:00:00.000,94719420.00000000,
2025-08-17 04:00:00.000,95409124.00000000,
2025-08-17 05:00:00.000,96424552.00000000,
2025-08-17 06:00:00.000,96733732.00000000,
2025-08-17 07:00:00.000,96674110.00000000,
2025-08-17 08:00:00.000,97033476.00000000,
2025-08-17 09:00:00.000,98035570.00000000,
2025-08-17 10:00:00.000,96287640.00000000,
2025-08-17 11:00:00.000,96322600.00000000,
2025-08-17 12:00:00.000,98137892.00000000,
2025-08-17 13:00:00.000,106720092.00000000,
2025-08-17 14:00:00.000,106850050.00000000,
2025-08-17 15:00:00.000,106819794.00000000,
2025-08-17 16:00:00.000,114988966.00000000,
2025-08-17 17:00:00.000,117696164.00000000,
2025-08-17 18:00:00.000,117601778.00000000,
2025-08-17 19:00:00.000,113219389.00000000,
2025-08-17 20:00:00.000,114693102.00000000,
2025-08-17 21:00:00.000,114536006.00000000,
2025-08-17 22:00:00.000,114357038.00000000,
2025-08-17 23:00:00.000,114239042.00000000,
2025-08-18 00:00:00.000,114049410.00000000,
2025-08-18 01:00:00.000,117033282.00000000,
2025-08-18 02:00:00.000,119281192.00000000,
2025-08-18 03:00:00.000,113177104.00000000,
2025-08-18 04:00:00.000,111324248.00000000,
2025-08-18 05:00:00.000,111428100.00000000,
2025-08-18 06:00:00.000,111471738.00000000,
2025-08-18 07:00:00.000,111734293.00000000,
2025-08-18 08:00:00.000,112249536.00000000,
2025-08-18 09:00:00.000,113760974.00000000,
2025-08-18 10:00:00.000,113948266.00000000,
2025-08-18 11:00:00.000,114955816.00000000,
2025-08-18 12:00:00.000,116714862.00000000,
2025-08-18 13:00:00.000,117122556.00000000,
2025-08-18 14:00:00.000,118622128.00000000,
2025-08-18 15:00:00.000,119015349.00000000,
2025-08-18 16:00:00.000,120743510.00000000,
2025-08-18 17:00:00.000,120268790.00000000,
2025-08-18 18:00:00.000,120352186.00000000,
2025-08-18 19:00:00.000,120859694.00000000,
2025-08-18 20:00:00.000,120506712.00000000,
2025-08-18 21:00:00.000,120156008.00000000,
2025-08-18 22:00:00.000,121114614.00000000,
2025-08-18 23:00:00.000,122544359.00000000,
2025-08-19 00:00:00.000,123590988.00000000,
2025-08-19 01:00:00.000,125521908.00000000,
2025-08-19 02:00:00.000,127216854.00000000,
2025-08-19 03:00:00.000,125618930.00000000,
2025-08-19 04:00:00.000,123048742.00000000,
2025-08-19 05:00:00.000,123150342.00000000,
2025-08-19 06:00:00.000,123490212.00000000,
2025-08-19 07:00:00.000,125508528.00000000,
2025-08-19 08:00:00.000,123570182.00000000,
2025-08-19 09:00:00.000,125820292.00000000,
2025-08-19 10:00:00.000,126330314.00000000,
2025-08-19 11:00:00.000,126647389.00000000,
2025-08-19 12:00:00.000,125153184.00000000,
2025-08-19 13:00:00.000,126085072.00000000,
2025-08-19 14:00:00.000,123096563.00000000,
2025-08-19 15:00:00.000,120756094.00000000,
2025-08-19 16:00:00.000,120192526.00000000,
2025-08-19 17:00:00.000,118793716.00000000,
2025-08-19 18:00:00.000,118883598.00000000,
2025-08-19 19:00:00.000,114228002.00000000,
2025-08-19 20:00:00.000,111091158.00000000,
2025-08-19 21:00:00.000,110590066.00000000,
2025-08-19 22:00:00.000,110198512.00000000,
2025-08-19 23:00:00.000,112104200.00000000,
2025-08-20 00:00:00.000,110578970.00000000,
2025-08-20 01:00:00.000,111384526.00000000,
2025-08-20 02:00:00.000,110282612.00000000,
2025-08-20 03:00:00.000,110155692.00000000,
2025-08-20 04:00:00.000,110567662.00000000,
2025-08-20 05:00:00.000,111053342.00000000,
2025-08-20 06:00:00.000,111225858.00000000,
2025-08-20 07:00:00.000,111482664.00000000,
2025-08-20 08:00:00.000,111031546.00000000,
2025-08-20 09:00:00.000,111856860.00000000,
2025-08-20 10:00:00.000,112632400.00000000,
2025-08-20 11:00:00.000,111999262.00000000,
2025-08-20 12:00:00.000,109678992.00000000,
2025-08-20 13:00:00.000,108973388.00000000,
2025-08-20 14:00:00.000,108101663.00000000,
2025-08-20 15:00:00.000,107504920.00000000,
2025-08-20 16:00:00.000,109145150.00000000,
2025-08-20 17:00:00.000,110554496.00000000,
2025-08-20 18:00:00.000,111429630.00000000,
2025-08-20 19:00:00.000,110361277.00000000,
2025-08-20 20:00:00.000,110518094.00000000,
2025-08-20 21:00:00.000,114095162.00000000,
2025-08-20 22:00:00.000,113585200.00000000,
2025-08-20 23:00:00.000,113519324.00000000,
2025-08-21 00:00:00.000,112544076.00000000,
2025-08-21 01:00:00.000,112933618.00000000,
2025-08-21 02:00:00.000,112982940.00000000,
2025-08-21 03:00:00.000,112176216.00000000,
2025-08-21 04:00:00.000,112764532.00000000,
2025-08-21 05:00:00.000,112316150.00000000,
2025-08-21 06:00:00.000,112456644.00000000,
2025-08-21 07:00:00.000,112469958.00000000,
2025-08-21 08:00:00.000,112294156.00000000,
2025-08-21 09:00:00.000,112096628.00000000,
2025-08-21 10:00:00.000,111873212.00000000,
2025-08-21 11:00:00.000,111725448.00000000,
2025-08-21 12:00:00.000,111190734.00000000,
2025-08-21 13:00:00.000,111628850.00000000,
2025-08-21 14:00:00.000,111448774.00000000,
2025-08-21 15:00:00.000,110534760.00000000,
2025-08-21 16:00:00.000,109954230.00000000,
2025-08-21 17:00:00.000,109818366.00000000,
2025-08-21 18:00:00.000,109471974.00000000,
2025-08-21 19:00:00.000,109366208.00000000,
2025-08-21 20:00:00.000,109223896.00000000,
2025-08-21 21:00:00.000,109118958.00000000,
2025-08-21 22:00:00.000,109145740.00000000,
2025-08-21 23:00:00.000,109251272.00000000,
2025-08-22 00:00:00.000,110154226.00000000,
2025-08-22 01:00:00.000,109607300.00000000,
2025-08-22 02:00:00.000,109182242.00000000,
2025-08-22 03:00:00.000,109000710.00000000,
2025-08-22 04:00:00.000,109389520.00000000,
2025-08-22 05:00:00.000,109093988.00000000,
2025-08-22 06:00:00.000,109562736.00000000,
2025-08-22 07:00:00.000,109422152.00000000,
2025-08-22 08:00:00.000,109735860.00000000,
2025-08-22 09:00:00.000,109960582.00000000,
2025-08-22 10:00:00.000,109578196.00000000,
2025-08-22 11:00:00.000,110745346.00000000,
2025-08-22 12:00:00.000,108447686.00000000,
2025-08-22 13:00:00.000,108360074.00000000,
2025-08-22 14:00:00.000,108492852.00000000,
2025-08-22 15:00:00.000,110988982.00000000,
2025-08-22 16:00:00.000,110575428.00000000,
2025-08-22 17:00:00.000,111228154.00000000,
2025-08-22 18:00:00.000,110998244.00000000,
2025-08-22 19:00:00.000,110300934.00000000,
2025-08-22 20:00:00.000,110078256.00000000,
2025-08-22 21:00:00.000,110068246.00000000,
2025-08-22 22:00:00.000,109601618.00000000,
2025-08-22 23:00:00.000,108887190.00000000,
2025-08-23 00:00:00.000,108994966.00000000,
2025-08-23 01:00:00.000,109770824.00000000,
2025-08-23 02:00:00.000,109684076.00000000,
2025-08-23 03:00:00.000,109831234.00000000,
2025-08-23 04:00:00.000,109670764.00000000,
2025-08-23 05:00:00.000,109210812.00000000,
2025-08-23 06:00:00.000,109161142.00000000,
2025-08-23 07:00:00.000,108654298.00000000,
2025-08-23 08:00:00.000,108481214.00000000,
2025-08-23 09:00:00.000,108627966.00000000,
2025-08-23 10:00:00.000,108284340.00000000,
2025-08-23 11:00:00.000,108227844.00000000,
2025-08-23 12:00:00.000,108222949.00000000,
2025-08-23 13:00:00.000,108701820.00000000,
2025-08-23 14:00:00.000,109790800.00000000,
2025-08-23 15:00:00.000,112849700.00000000,
2025-08-23 16:00:00.000,113422748.00000000,
2025-08-23 17:00:00.000,112439420.00000000,
2025-08-23 18:00:00.000,112280796.00000000,
2025-08-23 19:00:00.000,112690952.00000000,
2025-08-23 20:00:00.000,112397866.00000000,
2025-08-23 21:00:00.000,112245694.00000000,
2025-08-23 22:00:00.000,112006674.00000000,
2025-08-23 23:00:00.000,112099214.00000000,
2025-08-24 00:00:00.000,112404038.00000000,
2025-08-24 01:00:00.000,112844376.00000000,
2025-08-24 02:00:00.000,112423638.00000000,
2025-08-24 03:00:00.000,112000538.00000000,
2025-08-24 04:00:00.000,111829510.00000000,
2025-08-24 05:00:00.000,111670748.00000000,
2025-08-24 06:00:00.000,111751764.00000000,
2025-08-24 07:00:00.000,111439458.00000000,
2025-08-24 08:00:00.000,111266578.00000000,
2025-08-24 09:00:00.000,111169182.00000000,
2025-08-24 10:00:00.000,111108336.00000000,
2025-08-24 11:00:00.000,110934226.00000000,
2025-08-24 12:00:00.000,110599640.00000000,
2025-08-24 13:00:00.000,110638396.00000000,
2025-08-24 14:00:00.000,110329162.00000000,
2025-08-24 15:00:00.000,110829328.00000000,
2025-08-24 16:00:00.000,110389624.00000000,
2025-08-24 17:00:00.000,110606450.00000000,
2025-08-24 18:00:00.000,112501392.00000000,
2025-08-24 19:00:00.000,116978630.00000000,
2025-08-24 20:00:00.000,116209312.00000000,
2025-08-24 21:00:00.000,116849714.00000000,
2025-08-24 22:00:00.000,116424208.00000000,
2025-08-24 23:00:00.000,116717967.00000000,
2025-08-25 00:00:00.000,116925244.00000000,
2025-08-25 01:00:00.000,115842686.00000000,
2025-08-25 02:00:00.000,115774042.00000000,
2025-08-25 03:00:00.000,115327828.00000000,
2025-08-25 04:00:00.000,115398505.00000000,
2025-08-25 05:00:00.000,117533862.00000000,
2025-08-25 06:00:00.000,117019210.00000000,
2025-08-25 07:00:00.000,121956356.00000000,
2025-08-25 08:00:00.000,121151038.00000000,
2025-08-25 09:00:00.000,119834580.00000000,
2025-08-25 10:00:00.000,120051382.00000000,
2025-08-25 11:00:00.000,119753189.00000000,
2025-08-25 12:00:00.000,119804430.00000000,
2025-08-25 13:00:00.000,120483444.00000000,
2025-08-25 14:00:00.000,120309416.00000000,
2025-08-25 15:00:00.000,120065450.00000000,
2025-08-25 16:00:00.000,119361912.00000000,
2025-08-25 17:00:00.000,120482124.00000000,
2025-08-25 18:00:00.000,122230320.00000000,
2025-08-25 19:00:00.000,121589494.00000000,
2025-08-25 20:00:00.000,120127652.00000000,
2025-08-25 21:00:00.000,119091225.00000000,
2025-08-25 22:00:00.000,118861642.00000000,
2025-08-25 23:00:00.000,118706594.00000000,
2025-08-26 00:00:00.000,118711520.00000000,
2025-08-26 01:00:00.000,119405051.00000000,
2025-08-26 02:00:00.000,119733624.00000000,
2025-08-26 03:00:00.000,120276796.00000000,
2025-08-26 04:00:00.000,120489922.00000000,
2025-08-26 05:00:00.000,119947652.00000000,
2025-08-26 06:00:00.000,120049553.00000000,
2025-08-26 07:00:00.000,118709912.00000000,
2025-08-26 08:00:00.000,118584866.00000000,
2025-08-26 09:00:00.000,118586072.00000000,
2025-08-26 10:00:00.000,119284186.00000000,
2025-08-26 11:00:00.000,119298796.00000000,
2025-08-26 12:00:00.000,118313938.00000000,
2025-08-26 13:00:00.000,117303422.00000000,
2025-08-26 14:00:00.000,118239294.00000000,
2025-08-26 15:00:00.000,117771032.00000000,
2025-08-26 16:00:00.000,118350378.00000000,
2025-08-26 17:00:00.000,118032320.00000000,
2025-08-26 18:00:00.000,117411139.00000000,
2025-08-26 19:00:00.000,116977008.00000000,
2025-08-26 20:00:00.000,117426888.00000000,
2025-08-26 21:00:00.000,116703832.00000000,
2025-08-26 22:00:00.000,115967712.00000000,
2025-08-26 23:00:00.000,116011348.00000000,
2025-08-27 00:00:00.000,116049840.00000000,
2025-08-27 01:00:00.000,115426640.00000000,
2025-08-27 02:00:00.000,115245536.00000000,
2025-08-27 03:00:00.000,113269304.00000000,
2025-08-27 04:00:00.000,111130704.00000000,
2025-08-27 05:00:00.000,110794798.00000000,
2025-08-27 06:00:00.000,110686160.00000000,
2025-08-27 07:00:00.000,111457322.00000000,
2025-08-27 08:00:00.000,111336444.00000000,
2025-08-27 09:00:00.000,111520252.00000000,
2025-08-27 10:00:00.000,111352506.00000000,
2025-08-27 11:00:00.000,111260058.00000000,
2025-08-27 12:00:00.000,110828922.00000000,
2025-08-27 13:00:00.000,110709026.00000000,
2025-08-27 14:00:00.000,110815154.00000000,
2025-08-27 15:00:00.000,111546088.00000000,
2025-08-27 16:00:00.000,111859076.00000000,
2025-08-27 17:00:00.000,111629336.00000000,
2025-08-27 18:00:00.000,111615388.00000000,
2025-08-27 19:00:00.000,111508232.00000000,
2025-08-27 20:00:00.000,110612464.00000000,
2025-08-27 21:00:00.000,112848736.00000000,
2025-08-27 22:00:00.000,112530600.00000000,
2025-08-27 23:00:00.000,112427208.00000000,
2025-08-28 00:00:00.000,113108070.00000000,
2025-08-28 01:00:00.000,112871196.00000000,
2025-08-28 02:00:00.000,112703532.00000000,
2025-08-28 03:00:00.000,112288028.00000000,
2025-08-28 04:00:00.000,112039018.00000000,
2025-08-28 05:00:00.000,111671152.00000000,
2025-08-28 06:00:00.000,110946763.00000000,
2025-08-28 07:00:00.000,110789475.00000000,
2025-08-28 08:00:00.000,111045060.00000000,
2025-08-28 09:00:00.000,113263301.00000000,
2025-08-28 10:00:00.000,113103532.00000000,
2025-08-28 11:00:00.000,111806192.00000000,
2025-08-28 12:00:00.000,112066910.00000000,
2025-08-28 13:00:00.000,111700272.00000000,
2025-08-28 14:00:00.000,112248864.00000000,
2025-08-28 15:00:00.000,112486238.00000000,
2025-08-28 16:00:00.000,111977376.00000000,
2025-08-28 17:00:00.000,111720211.00000000,
2025-08-28 18:00:00.000,111658902.00000000,
2025-08-28 19:00:00.000,112050080.00000000,
2025-08-28 20:00:00.000,111488845.00000000,
2025-08-28 21:00:00.000,111049398.00000000,
2025-08-28 22:00:00.000,110619682.00000000,
2025-08-28 23:00:00.000,111698124.00000000,
2025-08-29 00:00:00.000,112373134.00000000,
2025-08-29 01:00:00.000,113213793.00000000,
2025-08-29 02:00:00.000,117286250.00000000,
2025-08-29 03:00:00.000,116874014.00000000,
2025-08-29 04:00:00.000,117819982.00000000,
2025-08-29 05:00:00.000,117552570.00000000,
2025-08-29 06:00:00.000,114780158.00000000,
2025-08-29 07:00:00.000,114376180.00000000,
2025-08-29 08:00:00.000,112953991.00000000,
2025-08-29 09:00:00.000,112636596.00000000,
2025-08-29 10:00:00.000,113244090.00000000,
2025-08-29 11:00:00.000,113424904.00000000,
2025-08-29 12:00:00.000,113029568.00000000,
2025-08-29 13:00:00.000,114946576.00000000,
2025-08-29 14:00:00.000,112753785.00000000,
2025-08-29 15:00:00.000,112767229.00000000,
2025-08-29 16:00:00.000,113402730.00000000,
2025-08-29 17:00:00.000,113849648.00000000,
2025-08-29 18:00:00.000,114194456.00000000,
2025-08-29 19:00:00.000,113907406.00000000,
2025-08-29 20:00:00.000,116129712.00000000,
2025-08-29 21:00:00.000,116485916.00000000,
2025-08-29 22:00:00.000,116232386.00000000,
2025-08-29 23:00:00.000,116232834.00000000,
2025-08-30 00:00:00.000,116311414.00000000,
2025-08-30 01:00:00.000,115831626.00000000,
2025-08-30 02:00:00.000,115982816.00000000,
2025-08-30 03:00:00.000,115823348.00000000,
2025-08-30 04:00:00.000,115445067.00000000,
2025-08-30 05:00:00.000,117526946.00000000,
2025-08-30 06:00:00.000,117762236.00000000,
2025-08-30 07:00:00.000,118034688.00000000,
2025-08-30 08:00:00.000,117524666.00000000,
2025-08-30 09:00:00.000,121761390.00000000,
2025-08-30 10:00:00.000,121919688.00000000,
2025-08-30 11:00:00.000,121770490.00000000,
2025-08-30 12:00:00.000,121423570.00000000,
2025-08-30 13:00:00.000,120615238.00000000,
2025-08-30 14:00:00.000,120456498.00000000,
2025-08-30 15:00:00.000,121025084.00000000,
2025-08-30 16:00:00.000,121505732.00000000,
2025-08-30 17:00:00.000,121524976.00000000,
2025-08-30 18:00:00.000,120304722.00000000,
2025-08-30 19:00:00.000,121645746.00000000,
2025-08-30 20:00:00.000,121518088.00000000,
2025-08-30 21:00:00.000,121508522.00000000,
2025-08-30 22:00:00.000,121750869.00000000,
2025-08-30 23:00:00.000,120808646.00000000,
2025-08-31 00:00:00.000,122493652.00000000,
2025-08-31 01:00:00.000,120729430.00000000,
2025-08-31 02:00:00.000,123976164.00000000,
2025-08-31 03:00:00.000,128295081.00000000,
2025-08-31 04:00:00.000,131631165.00000000,
2025-08-31 05:00:00.000,132643392.00000000,
2025-08-31 06:00:00.000,134452182.00000000,
2025-08-31 07:00:00.000,132240266.00000000,
2025-08-31 08:00:00.000,134264380.00000000,
2025-08-31 09:00:00.000,135317576.00000000,
2025-08-31 10:00:00.000,139302438.00000000,
2025-08-31 11:00:00.000,137787684.00000000,
2025-08-31 12:00:00.000,143008135.00000000,
2025-08-31 13:00:00.000,149834832.00000000,
2025-08-31 14:00:00.000,149098475.00000000,
2025-08-31 15:00:00.000,147685367.00000000,
2025-08-31 16:00:00.000,148441954.00000000,
2025-08-31 17:00:00.000,157747725.00000000,
2025-08-31 18:00:00.000,157377274.00000000,
2025-08-31 19:00:00.000,156030002.00000000,
2025-08-31 20:00:00.000,157056846.00000000,
2025-08-31 21:00:00.000,154294674.00000000,
2025-08-31 22:00:00.000,152818130.00000000,
2025-08-31 23:00:00.000,153258806.00000000,
2025-09-01 00:00:00.000,153223738.00000000,
2025-09-01 01:00:00.000,157187746.00000000,
2025-09-01 02:00:00.000,155562912.00000000,
2025-09-01 03:00:00.000,155334650.00000000,
2025-09-01 04:00:00.000,154064620.00000000,
2025-09-01 05:00:00.000,151131684.00000000,
2025-09-01 06:00:00.000,148090315.00000000,
2025-09-01 07:00:00.000,147963018.00000000,
2025-09-01 08:00:00.000,145096596.00000000,
2025-09-01 09:00:00.000,144539746.00000000,
2025-09-01 10:00:00.000,144836832.00000000,
2025-09-01 11:00:00.000,144038072.00000000,
2025-09-01 12:00:00.000,143700198.00000000,
2025-09-01 13:00:00.000,145239088.00000000,
2025-09-01 14:00:00.000,144523008.00000000,
2025-09-01 15:00:00.000,143739506.00000000,
2025-09-01 16:00:00.000,143363466.00000000,
2025-09-01 17:00:00.000,143475362.00000000,
2025-09-01 18:00:00.000,141560780.00000000,
2025-09-01 19:00:00.000,141278664.00000000,
2025-09-01 20:00:00.000,141155676.00000000,
2025-09-01 21:00:00.000,139043195.00000000,
2025-09-01 22:00:00.000,132434936.00000000,
2025-09-01 23:00:00.000,130430568.00000000,
2025-09-02 00:00:00.000,130032942.00000000,
2025-09-02 01:00:00.000,130926976.00000000,
2025-09-02 02:00:00.000,130280546.00000000,
2025-09-02 03:00:00.000,130941330.00000000,
2025-09-02 04:00:00.000,130267114.00000000,
2025-09-02 05:00:00.000,131629950.00000000,
2025-09-02 06:00:00.000,130888480.00000000,
2025-09-02 07:00:00.000,131641756.00000000,
2025-09-02 08:00:00.000,135415608.00000000,
2025-09-02 09:00:00.000,136394498.00000000,
2025-09-02 10:00:00.000,136238710.00000000,
2025-09-02 11:00:00.000,138778267.00000000,
2025-09-02 12:00:00.000,137249440.00000000,
2025-09-02 13:00:00.000,137222594.00000000,
2025-09-02 14:00:00.000,135164386.00000000,
2025-09-02 15:00:00.000,136066684.00000000,
2025-09-02 16:00:00.000,135085408.00000000,
2025-09-02 17:00:00.000,134478856.00000000,
2025-09-02 18:00:00.000,133877942.00000000,
2025-09-02 19:00:00.000,131718002.00000000,
2025-09-02 20:00:00.000,129860620.00000000,
2025-09-02 21:00:00.000,129958338.00000000,
2025-09-02 22:00:00.000,130401738.00000000,
2025-09-02 23:00:00.000,129918084.00000000,
2025-09-03 00:00:00.000,130956346.00000000,
2025-09-03 01:00:00.000,130223686.00000000,
2025-09-03 02:00:00.000,131244324.00000000,
2025-09-03 03:00:00.000,132200386.00000000,
2025-09-03 04:00:00.000,138374932.00000000,
2025-09-03 05:00:00.000,137121840.00000000,
2025-09-03 06:00:00.000,134879138.00000000,
2025-09-03 07:00:00.000,134486114.00000000,
2025-09-03 08:00:00.000,134037339.00000000,
2025-09-03 09:00:00.000,132980345.00000000,
2025-09-03 10:00:00.000,133437414.00000000,
2025-09-03 11:00:00.000,133378980.00000000,
2025-09-03 12:00:00.000,133112485.00000000,
2025-09-03 13:00:00.000,132170924.00000000,
2025-09-03 14:00:00.000,130953236.00000000,
2025-09-03 15:00:00.000,130843486.00000000,
2025-09-03 16:00:00.000,129123918.00000000,
2025-09-03 17:00:00.000,128702536.00000000,
2025-09-03 18:00:00.000,129876242.00000000,
2025-09-03 19:00:00.000,129353300.00000000,
2025-09-03 20:00:00.000,128730180.00000000,
2025-09-03 21:00:00.000,128863590.00000000,
2025-09-03 22:00:00.000,128651811.00000000,
2025-09-03 23:00:00.000,129377472.00000000,
2025-09-04 00:00:00.000,129137650.00000000,
2025-09-04 01:00:00.000,129759208.00000000,
2025-09-04 02:00:00.000,129128164.00000000,
2025-09-04 03:00:00.000,128191276.00000000,
2025-09-04 04:00:00.000,126422756.00000000,
2025-09-04 05:00:00.000,126541498.00000000,
2025-09-04 06:00:00.000,126379528.00000000,
2025-09-04 07:00:00.000,126230908.00000000,
2025-09-04 08:00:00.000,126378260.00000000,
2025-09-04 09:00:00.000,126459150.00000000,
2025-09-04 10:00:00.000,126372225.00000000,
2025-09-04 11:00:00.000,126527835.00000000,
2025-09-04 12:00:00.000,130680030.00000000,
2025-09-04 13:00:00.000,133940769.00000000,
2025-09-04 14:00:00.000,138814040.00000000,
2025-09-04 15:00:00.000,138144735.00000000,
2025-09-04 16:00:00.000,137101104.00000000,
2025-09-04 17:00:00.000,151299549.00000000,
2025-09-04 18:00:00.000,138382362.00000000,
2025-09-04 19:00:00.000,136408090.00000000,
2025-09-04 20:00:00.000,135187356.00000000,
2025-09-04 21:00:00.000,134402364.00000000,
2025-09-04 22:00:00.000,133975882.00000000,
2025-09-04 23:00:00.000,133678676.00000000,
2025-09-05 00:00:00.000,135553788.00000000,
2025-09-05 01:00:00.000,135482374.00000000,
2025-09-05 02:00:00.000,133706276.00000000,
2025-09-05 03:00:00.000,142508176.00000000,
2025-09-05 04:00:00.000,142788096.00000000,
2025-09-05 05:00:00.000,142927614.00000000,
2025-09-05 06:00:00.000,142407416.00000000,
2025-09-05 07:00:00.000,142295960.00000000,
2025-09-05 08:00:00.000,141822008.00000000,
2025-09-05 09:00:00.000,141566254.00000000,
2025-09-05 10:00:00.000,136317688.00000000,
2025-09-05 11:00:00.000,132595146.00000000,
2025-09-05 12:00:00.000,131171156.00000000,
2025-09-05 13:00:00.000,132417778.00000000,
2025-09-05 14:00:00.000,132292730.00000000,
2025-09-05 15:00:00.000,128194876.00000000,
2025-09-05 16:00:00.000,128180098.00000000,
2025-09-05 17:00:00.000,127969382.00000000,
2025-09-05 18:00:00.000,129939192.00000000,
2025-09-05 19:00:00.000,129796800.00000000,
2025-09-05 20:00:00.000,128551918.00000000,
2025-09-05 21:00:00.000,127722853.00000000,
2025-09-05 22:00:00.000,127099992.00000000,
2025-09-05 23:00:00.000,127720274.00000000,
2025-09-06 00:00:00.000,127279182.00000000,
2025-09-06 01:00:00.000,127216356.00000000,
2025-09-06 02:00:00.000,127070614.00000000,
2025-09-06 03:00:00.000,126904022.00000000,
2025-09-06 04:00:00.000,126977122.00000000,
2025-09-06 05:00:00.000,126899230.00000000,
2025-09-06 06:00:00.000,126907657.00000000,
2025-09-06 07:00:00.000,127134064.00000000,
2025-09-06 08:00:00.000,128550554.00000000,
2025-09-06 09:00:00.000,128373648.00000000,
2025-09-06 10:00:00.000,128258970.00000000,
2025-09-06 11:00:00.000,128109478.00000000,
2025-09-06 12:00:00.000,127714399.00000000,
2025-09-06 13:00:00.000,127909631.00000000,
2025-09-06 14:00:00.000,127857526.00000000,
2025-09-06 15:00:00.000,127768880.00000000,
2025-09-06 16:00:00.000,127356056.00000000,
2025-09-06 17:00:00.000,127602418.00000000,
2025-09-06 18:00:00.000,127713184.00000000,
2025-09-06 19:00:00.000,126929816.00000000,
2025-09-06 20:00:00.000,126939940.00000000,
2025-09-06 21:00:00.000,126805871.00000000,
2025-09-06 22:00:00.000,126620942.00000000,
2025-09-06 23:00:00.000,126578314.00000000,
2025-09-07 00:00:00.000,126566520.00000000,
2025-09-07 01:00:00.000,126902518.00000000,
2025-09-07 02:00:00.000,126498876.00000000,
2025-09-07 03:00:00.000,126442098.00000000,
2025-09-07 04:00:00.000,126631546.00000000,
2025-09-07 05:00:00.000,126728156.00000000,
2025-09-07 06:00:00.000,126172996.00000000,
2025-09-07 07:00:00.000,126151534.00000000,
2025-09-07 08:00:00.000,127567756.00000000,
2025-09-07 09:00:00.000,128200238.00000000,
2025-09-07 10:00:00.000,128354434.00000000,
2025-09-07 11:00:00.000,133143134.00000000,
2025-09-07 12:00:00.000,128068578.00000000,
2025-09-07 13:00:00.000,126994972.00000000,
2025-09-07 14:00:00.000,126874472.00000000,
2025-09-07 15:00:00.000,126405496.00000000,
2025-09-07 16:00:00.000,127432598.00000000,
2025-09-07 17:00:00.000,126545040.00000000,
2025-09-07 18:00:00.000,126509226.00000000,
2025-09-07 19:00:00.000,127849122.00000000,
2025-09-07 20:00:00.000,128030682.00000000,
2025-09-07 21:00:00.000,127781660.00000000,
2025-09-07 22:00:00.000,127346332.00000000,
2025-09-07 23:00:00.000,127589906.00000000,
2025-09-08 00:00:00.000,128691046.00000000,
2025-09-08 01:00:00.000,129242844.00000000,
2025-09-08 02:00:00.000,129153448.00000000,
2025-09-08 03:00:00.000,128876120.00000000,
2025-09-08 04:00:00.000,128916950.00000000,
2025-09-08 05:00:00.000,128494534.00000000,
2025-09-08 06:00:00.000,128291166.00000000,
2025-09-08 07:00:00.000,128284856.00000000,
2025-09-08 08:00:00.000,127999410.00000000,
2025-09-08 09:00:00.000,129169862.00000000,
2025-09-08 10:00:00.000,129949442.00000000,
2025-09-08 11:00:00.000,130411184.00000000,
2025-09-08 12:00:00.000,130479252.00000000,
2025-09-08 13:00:00.000,130526260.00000000,
2025-09-08 14:00:00.000,132725610.00000000,
2025-09-08 15:00:00.000,133467906.00000000,
2025-09-08 16:00:00.000,133942268.00000000,
2025-09-08 17:00:00.000,133335598.00000000,
2025-09-08 18:00:00.000,134867746.00000000,
2025-09-08 19:00:00.000,135334518.00000000,
2025-09-08 20:00:00.000,134618411.00000000,
2025-09-08 21:00:00.000,135967363.00000000,
2025-09-08 22:00:00.000,137194090.00000000,
2025-09-08 23:00:00.000,136698268.00000000,
2025-09-09 00:00:00.000,136529358.00000000,
2025-09-09 01:00:00.000,136906951.00000000,
2025-09-09 02:00:00.000,136755282.00000000,
2025-09-09 03:00:00.000,136682448.00000000,
2025-09-09 04:00:00.000,137651600.00000000,
2025-09-09 05:00:00.000,136504552.00000000,
2025-09-09 06:00:00.000,137576584.00000000,
2025-09-09 07:00:00.000,144106500.00000000,
2025-09-09 08:00:00.000,142700434.00000000,
2025-09-09 09:00:00.000,141769564.00000000,
2025-09-09 10:00:00.000,136459130.00000000,
2025-09-09 11:00:00.000,136254685.00000000,
2025-09-09 12:00:00.000,135990780.00000000,
2025-09-09 13:00:00.000,136979525.00000000,
2025-09-09 14:00:00.000,137463548.00000000,
2025-09-09 15:00:00.000,136701468.00000000,
2025-09-09 16:00:00.000,136592146.00000000,
2025-09-09 17:00:00.000,137229380.00000000,
2025-09-09 18:00:00.000,137896100.00000000,
2025-09-09 19:00:00.000,138343604.00000000,
2025-09-09 20:00:00.000,138437144.00000000,
2025-09-09 21:00:00.000,139024726.00000000,
2025-09-09 22:00:00.000,138657814.00000000,
2025-09-09 23:00:00.000,138709711.00000000,
2025-09-10 00:00:00.000,139001148.00000000,
2025-09-10 01:00:00.000,139752335.00000000,
2025-09-10 02:00:00.000,139447541.00000000,
2025-09-10 03:00:00.000,140137768.00000000,
2025-09-10 04:00:00.000,140141297.00000000,
2025-09-10 05:00:00.000,140978084.00000000,
2025-09-10 06:00:00.000,141904370.00000000,
2025-09-10 07:00:00.000,141768666.00000000,
2025-09-10 08:00:00.000,141082054.00000000,
2025-09-10 09:00:00.000,141052512.00000000,
2025-09-10 10:00:00.000,141226606.00000000,
2025-09-10 11:00:00.000,141891768.00000000,
2025-09-10 12:00:00.000,141948194.00000000,
2025-09-10 13:00:00.000,144819074.00000000,
2025-09-10 14:00:00.000,145290480.00000000,
2025-09-10 15:00:00.000,144590718.00000000,
2025-09-10 16:00:00.000,148573872.00000000,
2025-09-10 17:00:00.000,150328468.00000000,
2025-09-10 18:00:00.000,154794754.00000000,
2025-09-10 19:00:00.000,159959350.00000000,
2025-09-10 20:00:00.000,155492157.00000000,
2025-09-10 21:00:00.000,155244590.00000000,
2025-09-10 22:00:00.000,154638452.00000000,
2025-09-10 23:00:00.000,154402822.00000000,
2025-09-11 00:00:00.000,153650196.00000000,
2025-09-11 01:00:00.000,152511910.00000000,
2025-09-11 02:00:00.000,152263916.00000000,
2025-09-11 03:00:00.000,152510470.00000000,
2025-09-11 04:00:00.000,153129480.00000000,
2025-09-11 05:00:00.000,153933756.00000000,
2025-09-11 06:00:00.000,152766920.00000000,
2025-09-11 07:00:00.000,153228554.00000000,
2025-09-11 08:00:00.000,152567156.00000000,
2025-09-11 09:00:00.000,151108858.00000000,
2025-09-11 10:00:00.000,150792846.00000000,
2025-09-11 11:00:00.000,150361343.00000000,
2025-09-11 12:00:00.000,151505022.00000000,
2025-09-11 13:00:00.000,150107012.00000000,
2025-09-11 14:00:00.000,150249420.00000000,
2025-09-11 15:00:00.000,151059130.00000000,
2025-09-11 16:00:00.000,150229811.00000000,
2025-09-11 17:00:00.000,151132468.00000000,
2025-09-11 18:00:00.000,151361636.00000000,
2025-09-11 19:00:00.000,151676858.00000000,
2025-09-11 20:00:00.000,151832426.00000000,
2025-09-11 21:00:00.000,151352662.00000000,
2025-09-11 22:00:00.000,151735918.00000000,
2025-09-11 23:00:00.000,152253510.00000000,
2025-09-12 00:00:00.000,154175956.00000000,
2025-09-12 01:00:00.000,153114290.00000000,
2025-09-12 02:00:00.000,155045800.00000000,
2025-09-12 03:00:00.000,156614674.00000000,
2025-09-12 04:00:00.000,156812266.00000000,
2025-09-12 05:00:00.000,155658988.00000000,
2025-09-12 06:00:00.000,154889002.00000000,
2025-09-12 07:00:00.000,154828010.00000000,
2025-09-12 08:00:00.000,154279410.00000000,
2025-09-12 09:00:00.000,153576122.00000000,
2025-09-12 10:00:00.000,152803472.00000000,
2025-09-12 11:00:00.000,152921890.00000000,
2025-09-12 12:00:00.000,153681118.00000000,
2025-09-12 13:00:00.000,153382120.00000000,
2025-09-12 14:00:00.000,153362678.00000000,
2025-09-12 15:00:00.000,153680536.00000000,
2025-09-12 16:00:00.000,153344374.00000000,
2025-09-12 17:00:00.000,153081388.00000000,
2025-09-12 18:00:00.000,154805368.00000000,
2025-09-12 19:00:00.000,155826574.00000000,
2025-09-12 20:00:00.000,155522313.00000000,
2025-09-12 21:00:00.000,154997186.00000000,
2025-09-12 22:00:00.000,155463195.00000000,
2025-09-12 23:00:00.000,155351902.00000000,
2025-09-13 00:00:00.000,156227194.00000000,
2025-09-13 01:00:00.000,155890856.00000000,
2025-09-13 02:00:00.000,156815056.00000000,
2025-09-13 03:00:00.000,158879770.00000000,
2025-09-13 04:00:00.000,161352108.00000000,
2025-09-13 05:00:00.000,160815268.00000000,
2025-09-13 06:00:00.000,160469202.00000000,
2025-09-13 07:00:00.000,161783588.00000000,
2025-09-13 08:00:00.000,162672274.00000000,
2025-09-13 09:00:00.000,163431178.00000000,
2025-09-13 10:00:00.000,164661238.00000000,
2025-09-13 11:00:00.000,165610910.00000000,
2025-09-13 12:00:00.000,165119314.00000000,
2025-09-13 13:00:00.000,171591452.00000000,
2025-09-13 14:00:00.000,167165446.00000000,
2025-09-13 15:00:00.000,165148546.00000000,
2025-09-13 16:00:00.000,164071496.00000000,
2025-09-13 17:00:00.000,153755424.00000000,
2025-09-13 18:00:00.000,151436362.00000000,
2025-09-13 19:00:00.000,157933254.00000000,
2025-09-13 20:00:00.000,157942946.00000000,
2025-09-13 21:00:00.000,158673256.00000000,
2025-09-13 22:00:00.000,157719870.00000000,
2025-09-13 23:00:00.000,157792808.00000000,
2025-09-14 00:00:00.000,158255710.00000000,
2025-09-14 01:00:00.000,157993476.00000000,
2025-09-14 02:00:00.000,158051684.00000000,
2025-09-14 03:00:00.000,158406134.00000000,
2025-09-14 04:00:00.000,157956246.00000000,
2025-09-14 05:00:00.000,157893140.00000000,
2025-09-14 06:00:00.000,157965937.00000000,
2025-09-14 07:00:00.000,157764100.00000000,
2025-09-14 08:00:00.000,157799110.00000000,
2025-09-14 09:00:00.000,157606158.00000000,
2025-09-14 10:00:00.000,157343794.00000000,
2025-09-14 11:00:00.000,158962530.00000000,
2025-09-14 12:00:00.000,156329188.00000000,
2025-09-14 13:00:00.000,157046216.00000000,
2025-09-14 14:00:00.000,155387208.00000000,
2025-09-14 15:00:00.000,153870776.00000000,
2025-09-14 16:00:00.000,152631786.00000000,
2025-09-14 17:00:00.000,152770862.00000000,
2025-09-14 18:00:00.000,152697716.00000000,
2025-09-14 19:00:00.000,152167942.00000000,
2025-09-14 20:00:00.000,152138540.00000000,
2025-09-14 21:00:00.000,152078802.00000000,
2025-09-14 22:00:00.000,151887568.00000000,
2025-09-14 23:00:00.000,152183481.00000000,
2025-09-15 00:00:00.000,151797566.00000000,
2025-09-15 01:00:00.000,152018366.00000000,
2025-09-15 02:00:00.000,151495860.00000000,
2025-09-15 03:00:00.000,151324812.00000000,
2025-09-15 04:00:00.000,151431976.00000000,
2025-09-15 05:00:00.000,151675266.00000000,
2025-09-15 06:00:00.000,151956384.00000000,
2025-09-15 07:00:00.000,151689866.00000000,
2025-09-15 08:00:00.000,151822854.00000000,
2025-09-15 09:00:00.000,149481928.00000000,
2025-09-15 10:00:00.000,150366158.00000000,
2025-09-15 11:00:00.000,150509680.00000000,
2025-09-15 12:00:00.000,150532662.00000000,
2025-09-15 13:00:00.000,150762130.00000000,
2025-09-15 14:00:00.000,150344398.00000000,
2025-09-15 15:00:00.000,150499356.00000000,
2025-09-15 16:00:00.000,150257938.00000000,
2025-09-15 17:00:00.000,150228102.00000000,
2025-09-15 18:00:00.000,146609189.00000000,
2025-09-15 19:00:00.000,146563544.00000000,
2025-09-15 20:00:00.000,146262952.00000000,
2025-09-15 21:00:00.000,146244258.00000000,
2025-09-15 22:00:00.000,145199498.00000000,
2025-09-15 23:00:00.000,144680856.00000000,
2025-09-16 00:00:00.000,144212404.00000000,
2025-09-16 01:00:00.000,143967228.00000000,
2025-09-16 02:00:00.000,143800466.00000000,
2025-09-16 03:00:00.000,143624686.00000000,
2025-09-16 04:00:00.000,143613138.00000000,
2025-09-16 05:00:00.000,143139182.00000000,
2025-09-16 06:00:00.000,143032384.00000000,
2025-09-16 07:00:00.000,143871306.00000000,
2025-09-16 08:00:00.000,144465737.00000000,
2025-09-16 09:00:00.000,144347962.00000000,
2025-09-16 10:00:00.000,144364842.00000000,
2025-09-16 11:00:00.000,144429688.00000000,
2025-09-16 12:00:00.000,144134490.00000000,
2025-09-16 13:00:00.000,144425686.00000000,
2025-09-16 14:00:00.000,145816860.00000000,
2025-09-16 15:00:00.000,146508678.00000000,
2025-09-16 16:00:00.000,146944636.00000000,
2025-09-16 17:00:00.000,147491522.00000000,
2025-09-16 18:00:00.000,148502718.00000000,
2025-09-16 19:00:00.000,148173829.00000000,
2025-09-16 20:00:00.000,148347246.00000000,
2025-09-16 21:00:00.000,148237506.00000000,
2025-09-16 22:00:00.000,148301326.00000000,
2025-09-16 23:00:00.000,148124318.00000000,
2025-09-17 00:00:00.000,147648014.00000000,
2025-09-17 01:00:00.000,147150892.00000000,
2025-09-17 02:00:00.000,146928404.00000000,
2025-09-17 03:00:00.000,147060244.00000000,
2025-09-17 04:00:00.000,147962748.00000000,
2025-09-17 05:00:00.000,147862966.00000000,
2025-09-17 06:00:00.000,147150940.00000000,
2025-09-17 07:00:00.000,147279952.00000000,
2025-09-17 08:00:00.000,146909070.00000000,
2025-09-17 09:00:00.000,148974656.00000000,
2025-09-17 10:00:00.000,148687310.00000000,
2025-09-17 11:00:00.000,148830524.00000000,
2025-09-17 12:00:00.000,148794734.00000000,
2025-09-17 13:00:00.000,149087062.00000000,
2025-09-17 14:00:00.000,149547392.00000000,
2025-09-17 15:00:00.000,149428674.00000000,
2025-09-17 16:00:00.000,150092994.00000000,
2025-09-17 17:00:00.000,150405106.00000000,
2025-09-17 18:00:00.000,150086394.00000000,
2025-09-17 19:00:00.000,149409010.00000000,
2025-09-17 20:00:00.000,150001422.00000000,
2025-09-17 21:00:00.000,149807406.00000000,
2025-09-17 22:00:00.000,149738062.00000000,
2025-09-17 23:00:00.000,149737966.00000000,
2025-09-18 00:00:00.000,150123548.00000000,
2025-09-18 01:00:00.000,150007477.00000000,
2025-09-18 02:00:00.000,150334142.00000000,
2025-09-18 03:00:00.000,150172894.00000000,
2025-09-18 04:00:00.000,150259178.00000000,
2025-09-18 05:00:00.000,151455160.00000000,
2025-09-18 06:00:00.000,149532914.00000000,
2025-09-18 07:00:00.000,149200154.00000000,
2025-09-18 08:00:00.000,149670234.00000000,
2025-09-18 09:00:00.000,149855776.00000000,
2025-09-18 10:00:00.000,150904738.00000000,
2025-09-18 11:00:00.000,150899582.00000000,
2025-09-18 12:00:00.000,151643053.00000000,
2025-09-18 13:00:00.000,150468102.00000000,
2025-09-18 14:00:00.000,150319420.00000000,
2025-09-18 15:00:00.000,150109200.00000000,
2025-09-18 16:00:00.000,149697870.00000000,
2025-09-18 17:00:00.000,149978016.00000000,
2025-09-18 18:00:00.000,149645830.00000000,
2025-09-18 19:00:00.000,150251195.00000000,
2025-09-18 20:00:00.000,149128246.00000000,
2025-09-18 21:00:00.000,148718484.00000000,
2025-09-18 22:00:00.000,148485970.00000000,
2025-09-18 23:00:00.000,148759578.00000000,
2025-09-19 00:00:00.000,148849342.00000000,
2025-09-19 01:00:00.000,150259502.00000000,
2025-09-19 02:00:00.000,150053748.00000000,
2025-09-19 03:00:00.000,149357050.00000000,
2025-09-19 04:00:00.000,147971422.00000000,
2025-09-19 05:00:00.000,147384078.00000000,
2025-09-19 06:00:00.000,148454852.00000000,
2025-09-19 07:00:00.000,148371448.00000000,
2025-09-19 08:00:00.000,148079136.00000000,
2025-09-19 09:00:00.000,148113943.00000000,
2025-09-19 10:00:00.000,147222710.00000000,
2025-09-19 11:00:00.000,147159360.00000000,
2025-09-19 12:00:00.000,147976160.00000000,
2025-09-19 13:00:00.000,147481096.00000000,
2025-09-19 14:00:00.000,147991914.00000000,
2025-09-19 15:00:00.000,146885375.00000000,
2025-09-19 16:00:00.000,149739750.00000000,
2025-09-19 17:00:00.000,151236198.00000000,
2025-09-19 18:00:00.000,150855392.00000000,
2025-09-19 19:00:00.000,150608114.00000000,
2025-09-19 20:00:00.000,152039158.00000000,
2025-09-19 21:00:00.000,151717242.00000000,
2025-09-19 22:00:00.000,151779410.00000000,
2025-09-19 23:00:00.000,151484898.00000000,
2025-09-20 00:00:00.000,150607710.00000000,
2025-09-20 01:00:00.000,150849804.00000000,
2025-09-20 02:00:00.000,150796808.00000000,
2025-09-20 03:00:00.000,150538902.00000000,
2025-09-20 04:00:00.000,150520614.00000000,
2025-09-20 05:00:00.000,150253620.00000000,
2025-09-20 06:00:00.000,150139250.00000000,
2025-09-20 07:00:00.000,150144560.00000000,
2025-09-20 08:00:00.000,149937950.00000000,
2025-09-20 09:00:00.000,150117026.00000000,
2025-09-20 10:00:00.000,149909458.00000000,
2025-09-20 11:00:00.000,150153504.00000000,
2025-09-20 12:00:00.000,150397126.00000000,
2025-09-20 13:00:00.000,150301556.00000000,
2025-09-20 14:00:00.000,150250788.00000000,
2025-09-20 15:00:00.000,149984664.00000000,
2025-09-20 16:00:00.000,149370206.00000000,
2025-09-20 17:00:00.000,148964558.00000000,
2025-09-20 18:00:00.000,148960680.00000000,
2025-09-20 19:00:00.000,149246448.00000000,
2025-09-20 20:00:00.000,149043750.00000000,
2025-09-20 21:00:00.000,148941028.00000000,
2025-09-20 22:00:00.000,148691814.00000000,
2025-09-20 23:00:00.000,148652980.00000000,
2025-09-21 00:00:00.000,149092044.00000000,
2025-09-21 01:00:00.000,148715256.00000000,
2025-09-21 02:00:00.000,148648672.00000000,
2025-09-21 03:00:00.000,148672212.00000000,
2025-09-21 04:00:00.000,148812464.00000000,
2025-09-21 05:00:00.000,148870384.00000000,
2025-09-21 06:00:00.000,148821600.00000000,
2025-09-21 07:00:00.000,148441068.00000000,
2025-09-21 08:00:00.000,148031150.00000000,
2025-09-21 09:00:00.000,147984456.00000000,
2025-09-21 10:00:00.000,148371360.00000000,
2025-09-21 11:00:00.000,147763124.00000000,
2025-09-21 12:00:00.000,147442806.00000000,
2025-09-21 13:00:00.000,148129434.00000000,
2025-09-21 14:00:00.000,148220508.00000000,
2025-09-21 15:00:00.000,147930060.00000000,
2025-09-21 16:00:00.000,147789104.00000000,
2025-09-21 17:00:00.000,147281848.00000000,
2025-09-21 18:00:00.000,147037022.00000000,
2025-09-21 19:00:00.000,147170568.00000000,
2025-09-21 20:00:00.000,147463866.00000000,
2025-09-21 21:00:00.000,147177670.00000000,
2025-09-21 22:00:00.000,146876042.00000000,
2025-09-21 23:00:00.000,146552158.00000000,
2025-09-22 00:00:00.000,145061946.00000000,
2025-09-22 01:00:00.000,142789450.00000000,
2025-09-22 02:00:00.000,141780004.00000000,
2025-09-22 03:00:00.000,138807822.00000000,
2025-09-22 04:00:00.000,138276282.00000000,
2025-09-22 05:00:00.000,137620726.00000000,
2025-09-22 06:00:00.000,137934344.00000000,
2025-09-22 07:00:00.000,128993802.00000000,
2025-09-22 08:00:00.000,127081406.00000000,
2025-09-22 09:00:00.000,126689416.00000000,
2025-09-22 10:00:00.000,125899138.00000000,
2025-09-22 11:00:00.000,124856054.00000000,
2025-09-22 12:00:00.000,124810428.00000000,
2025-09-22 13:00:00.000,124648252.00000000,
2025-09-22 14:00:00.000,124182184.00000000,
2025-09-22 15:00:00.000,123937318.00000000,
2025-09-22 16:00:00.000,123322072.00000000,
2025-09-22 17:00:00.000,123887360.00000000,
2025-09-22 18:00:00.000,123484244.00000000,
2025-09-22 19:00:00.000,123633272.00000000,
2025-09-22 20:00:00.000,123623263.00000000,
2025-09-22 21:00:00.000,123553282.00000000,
2025-09-22 22:00:00.000,123105790.00000000,
2025-09-22 23:00:00.000,122933460.00000000,
2025-09-23 00:00:00.000,122476690.00000000,
2025-09-23 01:00:00.000,122018604.00000000,
2025-09-23 02:00:00.000,121735592.00000000,
2025-09-23 03:00:00.000,121611576.00000000,
2025-09-23 04:00:00.000,121433218.00000000,
2025-09-23 05:00:00.000,120805018.00000000,
2025-09-23 06:00:00.000,120539190.00000000,
2025-09-23 07:00:00.000,120535192.00000000,
2025-09-23 08:00:00.000,120578895.00000000,
2025-09-23 09:00:00.000,120075758.00000000,
2025-09-23 10:00:00.000,120437342.00000000,
2025-09-23 11:00:00.000,120054576.00000000,
2025-09-23 12:00:00.000,120021730.00000000,
2025-09-23 13:00:00.000,120354500.00000000,
2025-09-23 14:00:00.000,119680240.00000000,
2025-09-23 15:00:00.000,119610178.00000000,
2025-09-23 16:00:00.000,119554482.00000000,
2025-09-23 17:00:00.000,119658170.00000000,
2025-09-23 18:00:00.000,119346374.00000000,
2025-09-23 19:00:00.000,119215200.00000000,
2025-09-23 20:00:00.000,119238642.00000000,
2025-09-23 21:00:00.000,119521252.00000000,
2025-09-23 22:00:00.000,119133960.00000000,
2025-09-23 23:00:00.000,119146462.00000000,
2025-09-24 00:00:00.000,119130744.00000000,
2025-09-24 01:00:00.000,118471836.00000000,
2025-09-24 02:00:00.000,118302806.00000000,
2025-09-24 03:00:00.000,118199330.00000000,
2025-09-24 04:00:00.000,118192736.00000000,
2025-09-24 05:00:00.000,115888304.00000000,
2025-09-24 06:00:00.000,115563086.00000000,
2025-09-24 07:00:00.000,115950646.00000000,
2025-09-24 08:00:00.000,116057492.00000000,
2025-09-24 09:00:00.000,115742288.00000000,
2025-09-24 10:00:00.000,115878496.00000000,
2025-09-24 11:00:00.000,115901270.00000000,
2025-09-24 12:00:00.000,115727772.00000000,
2025-09-24 13:00:00.000,116175430.00000000,
2025-09-24 14:00:00.000,116681854.00000000,
2025-09-24 15:00:00.000,117717558.00000000,
2025-09-24 16:00:00.000,116966688.00000000,
2025-09-24 17:00:00.000,117473932.00000000,
2025-09-24 18:00:00.000,118574538.00000000,
2025-09-24 19:00:00.000,118427860.00000000,
2025-09-24 20:00:00.000,117325404.00000000,
2025-09-24 21:00:00.000,117759778.00000000,
2025-09-24 22:00:00.000,124783756.00000000,
2025-09-24 23:00:00.000,124884712.00000000,
2025-09-25 00:00:00.000,125081248.00000000,
2025-09-25 01:00:00.000,124235933.00000000,
2025-09-25 02:00:00.000,124326086.00000000,
2025-09-25 03:00:00.000,123814864.00000000,
2025-09-25 04:00:00.000,123908682.00000000,
2025-09-25 05:00:00.000,122953679.00000000,
2025-09-25 06:00:00.000,122920950.00000000,
2025-09-25 07:00:00.000,122794142.00000000,
2025-09-25 08:00:00.000,122636932.00000000,
2025-09-25 09:00:00.000,122842896.00000000,
2025-09-25 10:00:00.000,122758800.00000000,
2025-09-25 11:00:00.000,122758914.00000000,
2025-09-25 12:00:00.000,122667422.00000000,
2025-09-25 13:00:00.000,121879880.00000000,
2025-09-25 14:00:00.000,122924974.00000000,
2025-09-25 15:00:00.000,123209382.00000000,
2025-09-25 16:00:00.000,122476488.00000000,
2025-09-25 17:00:00.000,122241860.00000000,
2025-09-25 18:00:00.000,120702642.00000000,
2025-09-25 19:00:00.000,120503820.00000000,
2025-09-25 20:00:00.000,119933730.00000000,
2025-09-25 21:00:00.000,119702721.00000000,
2025-09-25 22:00:00.000,119013266.00000000,
2025-09-25 23:00:00.000,118828600.00000000,
2025-09-26 00:00:00.000,118077220.00000000,
2025-09-26 01:00:00.000,118065042.00000000,
2025-09-26 02:00:00.000,118235236.00000000,
2025-09-26 03:00:00.000,117847198.00000000,
2025-09-26 04:00:00.000,117784400.00000000,
2025-09-26 05:00:00.000,118319390.00000000,
2025-09-26 06:00:00.000,118121280.00000000,
2025-09-26 07:00:00.000,118401410.00000000,
2025-09-26 08:00:00.000,118315130.00000000,
2025-09-26 09:00:00.000,118048948.00000000,
2025-09-26 10:00:00.000,118225066.00000000,
2025-09-26 11:00:00.000,118546156.00000000,
2025-09-26 12:00:00.000,118391738.00000000,
2025-09-26 13:00:00.000,118312156.00000000,
2025-09-26 14:00:00.000,118758672.00000000,
2025-09-26 15:00:00.000,118666104.00000000,
2025-09-26 16:00:00.000,118890250.00000000,
2025-09-26 17:00:00.000,119094258.00000000,
2025-09-26 18:00:00.000,119012756.00000000,
2025-09-26 19:00:00.000,119547324.00000000,
2025-09-26 20:00:00.000,120422532.00000000,
2025-09-26 21:00:00.000,120363926.00000000,
2025-09-26 22:00:00.000,120183486.00000000,
2025-09-26 23:00:00.000,120955116.00000000,
2025-09-27 00:00:00.000,120804798.00000000,
2025-09-27 01:00:00.000,121827096.00000000,
2025-09-27 02:00:00.000,121767098.00000000,
2025-09-27 03:00:00.000,125167848.00000000,
2025-09-27 04:00:00.000,125951920.00000000,
2025-09-27 05:00:00.000,124151674.00000000,
2025-09-27 06:00:00.000,126028048.00000000,
2025-09-27 07:00:00.000,126516824.00000000,
2025-09-27 08:00:00.000,125776546.00000000,
2025-09-27 09:00:00.000,126317666.00000000,
2025-09-27 10:00:00.000,126295678.00000000,
2025-09-27 11:00:00.000,126348074.00000000,
2025-09-27 12:00:00.000,125964054.00000000,
2025-09-27 13:00:00.000,125988954.00000000,
2025-09-27 14:00:00.000,125663842.00000000,
2025-09-27 15:00:00.000,126150792.00000000,
2025-09-27 16:00:00.000,125735384.00000000,
2025-09-27 17:00:00.000,125783020.00000000,
2025-09-27 18:00:00.000,124059610.00000000,
2025-09-27 19:00:00.000,123649206.00000000,
2025-09-27 20:00:00.000,123571920.00000000,
2025-09-27 21:00:00.000,123462445.00000000,
2025-09-27 22:00:00.000,122262338.00000000,
2025-09-27 23:00:00.000,122117822.00000000,
2025-09-28 00:00:00.000,122869440.00000000,
2025-09-28 01:00:00.000,122966202.00000000,
2025-09-28 02:00:00.000,123194796.00000000,
2025-09-28 03:00:00.000,123261352.00000000,
2025-09-28 04:00:00.000,123119956.00000000,
2025-09-28 05:00:00.000,123158386.00000000,
2025-09-28 06:00:00.000,123327220.00000000,
2025-09-28 07:00:00.000,123576946.00000000,
2025-09-28 08:00:00.000,124169096.00000000,
2025-09-28 09:00:00.000,124423678.00000000,
2025-09-28 10:00:00.000,124709506.00000000,
2025-09-28 11:00:00.000,124769928.00000000,
2025-09-28 12:00:00.000,125148404.00000000,
2025-09-28 13:00:00.000,125392090.00000000,
2025-09-28 14:00:00.000,125293290.00000000,
2025-09-28 15:00:00.000,125657260.00000000,
2025-09-28 16:00:00.000,125331330.00000000,
2025-09-28 17:00:00.000,125327244.00000000,
2025-09-28 18:00:00.000,124989770.00000000,
2025-09-28 19:00:00.000,125065342.00000000,
2025-09-28 20:00:00.000,125119390.00000000,
2025-09-28 21:00:00.000,124219438.00000000,
2025-09-28 22:00:00.000,124082502.00000000,
2025-09-28 23:00:00.000,125049560.00000000,
2025-09-29 00:00:00.000,125340732.00000000,
2025-09-29 01:00:00.000,125446906.00000000,
2025-09-29 02:00:00.000,125295844.00000000,
2025-09-29 03:00:00.000,125740880.00000000,
2025-09-29 04:00:00.000,125973572.00000000,
2025-09-29 05:00:00.000,126152828.00000000,
2025-09-29 06:00:00.000,125275062.00000000,
2025-09-29 07:00:00.000,125098266.00000000,
2025-09-29 08:00:00.000,126148215.00000000,
2025-09-29 09:00:00.000,125953812.00000000,
2025-09-29 10:00:00.000,125898560.00000000,
2025-09-29 11:00:00.000,125649142.00000000,
2025-09-29 12:00:00.000,124953054.00000000,
2025-09-29 13:00:00.000,124186876.00000000,
2025-09-29 14:00:00.000,123826002.00000000,
2025-09-29 15:00:00.000,124576476.00000000,
2025-09-29 16:00:00.000,124759752.00000000,
2025-09-29 17:00:00.000,123962020.00000000,
2025-09-29 18:00:00.000,124547434.00000000,
2025-09-29 19:00:00.000,124460348.00000000,
2025-09-29 20:00:00.000,124714872.00000000,
2025-09-29 21:00:00.000,124626924.00000000,
2025-09-29 22:00:00.000,124256439.00000000,
2025-09-29 23:00:00.000,125963940.00000000,
2025-09-30 00:00:00.000,124757473.00000000,
2025-09-30 01:00:00.000,124779572.00000000,
2025-09-30 02:00:00.000,125024980.00000000,
2025-09-30 03:00:00.000,124735000.00000000,
2025-09-30 04:00:00.000,124675984.00000000,
2025-09-30 05:00:00.000,124691010.00000000,
2025-09-30 06:00:00.000,124683340.00000000,
2025-09-30 07:00:00.000,124672006.00000000,
2025-09-30 08:00:00.000,124367916.00000000,
2025-09-30 09:00:00.000,124379737.00000000,
2025-09-30 10:00:00.000,124109092.00000000,
2025-09-30 11:00:00.000,124463884.00000000,
2025-09-30 12:00:00.000,124258158.00000000,
2025-09-30 13:00:00.000,125598590.00000000,
2025-09-30 14:00:00.000,125819670.00000000,
2025-09-30 15:00:00.000,125113758.00000000,
2025-09-30 16:00:00.000,125133536.00000000,
2025-09-30 17:00:00.000,124996076.00000000,
2025-09-30 18:00:00.000,124769594.00000000,
2025-09-30 19:00:00.000,124875316.00000000,
2025-09-30 20:00:00.000,125838538.00000000,
2025-09-30 21:00:00.000,126029034.00000000,
2025-09-30 22:00:00.000,124422232.00000000,
2025-09-30 23:00:00.000,124327940.00000000,
2025-10-01 00:00:00.000,124945372.00000000,
2025-10-01 01:00:00.000,125768890.00000000,
2025-10-01 02:00:00.000,125833866.00000000,
2025-10-01 03:00:00.000,126647382.00000000,
2025-10-01 04:00:00.000,125090594.00000000,
2025-10-01 05:00:00.000,124973208.00000000,
2025-10-01 06:00:00.000,125226182.00000000,
2025-10-01 07:00:00.000,125429254.00000000,
2025-10-01 08:00:00.000,125387974.00000000,
2025-10-01 09:00:00.000,125483612.00000000,
2025-10-01 10:00:00.000,125922926.00000000,
2025-10-01 11:00:00.000,125873296.00000000,
2025-10-01 12:00:00.000,125940756.00000000,
2025-10-01 13:00:00.000,126999676.00000000,
2025-10-01 14:00:00.000,128178966.00000000,
2025-10-01 15:00:00.000,128027918.00000000,
2025-10-01 16:00:00.000,128038448.00000000,
2025-10-01 17:00:00.000,128011494.00000000,
2025-10-01 18:00:00.000,128218192.00000000,
2025-10-01 19:00:00.000,128435582.00000000,
2025-10-01 20:00:00.000,128076739.00000000,
2025-10-01 21:00:00.000,128028884.00000000,
2025-10-01 22:00:00.000,127677850.00000000,
2025-10-01 23:00:00.000,127539254.00000000,
2025-10-02 00:00:00.000,126729112.00000000,
2025-10-02 01:00:00.000,126472268.00000000,
2025-10-02 02:00:00.000,126657616.00000000,
2025-10-02 03:00:00.000,126431228.00000000,
2025-10-02 04:00:00.000,126610242.00000000,
2025-10-02 05:00:00.000,126759538.00000000,
2025-10-02 06:00:00.000,127863882.00000000,
2025-10-02 07:00:00.000,127354964.00000000,
2025-10-02 08:00:00.000,127360404.00000000,
2025-10-02 09:00:00.000,127285772.00000000,
2025-10-02 10:00:00.000,128147490.00000000,
2025-10-02 11:00:00.000,127690502.00000000,
2025-10-02 12:00:00.000,128053782.00000000,
2025-10-02 13:00:00.000,136988706.00000000,
2025-10-02 14:00:00.000,128314734.00000000,
2025-10-02 15:00:00.000,126351546.00000000,
2025-10-02 16:00:00.000,126278878.00000000,
2025-10-02 17:00:00.000,126004228.00000000,
2025-10-02 18:00:00.000,125969908.00000000,
2025-10-02 19:00:00.000,126606572.00000000,
2025-10-02 20:00:00.000,126932620.00000000,
2025-10-02 21:00:00.000,126997950.00000000,
2025-10-02 22:00:00.000,126702226.00000000,
2025-10-02 23:00:00.000,127822940.00000000,
2025-10-03 00:00:00.000,128138078.00000000,
2025-10-03 01:00:00.000,128554022.00000000,
2025-10-03 02:00:00.000,128309708.00000000,
2025-10-03 03:00:00.000,128160438.00000000,
2025-10-03 04:00:00.000,130450442.00000000,
2025-10-03 05:00:00.000,130007424.00000000,
2025-10-03 06:00:00.000,130231718.00000000,
2025-10-03 07:00:00.000,130254638.00000000,
2025-10-03 08:00:00.000,130118712.00000000,
2025-10-03 09:00:00.000,129532222.00000000,
2025-10-03 10:00:00.000,131361348.00000000,
2025-10-03 11:00:00.000,132496976.00000000,
2025-10-03 12:00:00.000,132590070.00000000,
2025-10-03 13:00:00.000,131484768.00000000,
2025-10-03 14:00:00.000,131294722.00000000,
2025-10-03 15:00:00.000,129349266.00000000,
2025-10-03 16:00:00.000,129005192.00000000,
2025-10-03 17:00:00.000,129690836.00000000,
2025-10-03 18:00:00.000,129422942.00000000,
2025-10-03 19:00:00.000,132199144.00000000,
2025-10-03 20:00:00.000,129994994.00000000,
2025-10-03 21:00:00.000,129451196.00000000,
2025-10-03 22:00:00.000,129332492.00000000,
2025-10-03 23:00:00.000,129349126.00000000,
2025-10-04 00:00:00.000,131551834.00000000,
2025-10-04 01:00:00.000,131404998.00000000,
2025-10-04 02:00:00.000,131264468.00000000,
2025-10-04 03:00:00.000,131339716.00000000,
2025-10-04 04:00:00.000,131286920.00000000,
2025-10-04 05:00:00.000,131238446.00000000,
2025-10-04 06:00:00.000,131127262.00000000,
2025-10-04 07:00:00.000,131074824.00000000,
2025-10-04 08:00:00.000,130833110.00000000,
2025-10-04 09:00:00.000,130067303.00000000,
2025-10-04 10:00:00.000,130246618.00000000,
2025-10-04 11:00:00.000,130026818.00000000,
2025-10-04 12:00:00.000,129279940.00000000,
2025-10-04 13:00:00.000,129540372.00000000,
2025-10-04 14:00:00.000,129475688.00000000,
2025-10-04 15:00:00.000,129486624.00000000,
2025-10-04 16:00:00.000,128682797.00000000,
2025-10-04 17:00:00.000,128872360.00000000,
2025-10-04 18:00:00.000,128759764.00000000,
2025-10-04 19:00:00.000,128840980.00000000,
2025-10-04 20:00:00.000,128605508.00000000,
2025-10-04 21:00:00.000,128434238.00000000,
2025-10-04 22:00:00.000,128440330.00000000,
2025-10-04 23:00:00.000,129708136.00000000,
2025-10-05 00:00:00.000,130344928.00000000,
2025-10-05 01:00:00.000,130891120.00000000,
2025-10-05 02:00:00.000,131437630.00000000,
2025-10-05 03:00:00.000,130872810.00000000,
2025-10-05 04:00:00.000,131010258.00000000,
2025-10-05 05:00:00.000,130588920.00000000,
2025-10-05 06:00:00.000,130451334.00000000,
2025-10-05 07:00:00.000,130300102.00000000,
2025-10-05 08:00:00.000,129880508.00000000,
2025-10-05 09:00:00.000,129717965.00000000,
2025-10-05 10:00:00.000,129404684.00000000,
2025-10-05 11:00:00.000,129192884.00000000,
2025-10-05 12:00:00.000,129165598.00000000,
2025-10-05 13:00:00.000,129215604.00000000,
2025-10-05 14:00:00.000,128571090.00000000,
2025-10-05 15:00:00.000,128923546.00000000,
2025-10-05 16:00:00.000,129073814.00000000,
2025-10-05 17:00:00.000,128522876.00000000,
2025-10-05 18:00:00.000,129731028.00000000,
2025-10-05 19:00:00.000,131167904.00000000,
2025-10-05 20:00:00.000,131355886.00000000,
2025-10-05 21:00:00.000,131371190.00000000,
2025-10-05 22:00:00.000,131767072.00000000,
2025-10-05 23:00:00.000,131667066.00000000,
2025-10-06 00:00:00.000,132743320.00000000,
2025-10-06 01:00:00.000,131850282.00000000,
2025-10-06 02:00:00.000,132274036.00000000,
2025-10-06 03:00:00.000,132295750.00000000,
2025-10-06 04:00:00.000,133048226.00000000,
2025-10-06 05:00:00.000,132947036.00000000,
2025-10-06 06:00:00.000,133280974.00000000,
2025-10-06 07:00:00.000,133440138.00000000,
2025-10-06 08:00:00.000,133781000.00000000,
2025-10-06 09:00:00.000,133691290.00000000,
2025-10-06 10:00:00.000,133704015.00000000,
2025-10-06 11:00:00.000,135327780.00000000,
2025-10-06 12:00:00.000,134269890.00000000,
2025-10-06 13:00:00.000,134513728.00000000,
2025-10-06 14:00:00.000,134526564.00000000,
2025-10-06 15:00:00.000,134326514.00000000,
2025-10-06 16:00:00.000,136193784.00000000,
2025-10-06 17:00:00.000,135454244.00000000,
2025-10-06 18:00:00.000,135295380.00000000,
2025-10-06 19:00:00.000,136118490.00000000,
2025-10-06 20:00:00.000,135643380.00000000,
2025-10-06 21:00:00.000,135451374.00000000,
2025-10-06 22:00:00.000,134726032.00000000,
2025-10-06 23:00:00.000,134786526.00000000,
2025-10-07 00:00:00.000,135349262.00000000,
2025-10-07 01:00:00.000,134675091.00000000,
2025-10-07 02:00:00.000,134182648.00000000,
2025-10-07 03:00:00.000,134054304.00000000,
2025-10-07 04:00:00.000,134091400.00000000,
2025-10-07 05:00:00.000,133944832.00000000,
2025-10-07 06:00:00.000,133953800.00000000,
2025-10-07 07:00:00.000,132969638.00000000,
2025-10-07 08:00:00.000,132912976.00000000,
2025-10-07 09:00:00.000,132605772.00000000,
2025-10-07 10:00:00.000,133274820.00000000,
2025-10-07 11:00:00.000,133709400.00000000,
2025-10-07 12:00:00.000,133439630.00000000,
2025-10-07 13:00:00.000,132745154.00000000,
2025-10-07 14:00:00.000,133607164.00000000,
2025-10-07 15:00:00.000,133080614.00000000,
2025-10-07 16:00:00.000,130781620.00000000,
2025-10-07 17:00:00.000,129911358.00000000,
2025-10-07 18:00:00.000,129890208.00000000,
2025-10-07 19:00:00.000,129794758.00000000,
2025-10-07 20:00:00.000,129745772.00000000,
2025-10-07 21:00:00.000,129970834.00000000,
2025-10-07 22:00:00.000,129098634.00000000,
2025-10-07 23:00:00.000,129243086.00000000,
2025-10-08 00:00:00.000,129507866.00000000,
2025-10-08 01:00:00.000,129418762.00000000,
2025-10-08 02:00:00.000,129458862.00000000,
2025-10-08 03:00:00.000,129269136.00000000,
2025-10-08 04:00:00.000,129193008.00000000,
2025-10-08 05:00:00.000,128869468.00000000,
2025-10-08 06:00:00.000,128775408.00000000,
2025-10-08 07:00:00.000,129263206.00000000,
2025-10-08 08:00:00.000,129564308.00000000,
2025-10-08 09:00:00.000,130137722.00000000,
2025-10-08 10:00:00.000,129917646.00000000,
2025-10-08 11:00:00.000,129749454.00000000,
2025-10-08 12:00:00.000,129487936.00000000,
2025-10-08 13:00:00.000,129585374.00000000,
2025-10-08 14:00:00.000,129524926.00000000,
2025-10-08 15:00:00.000,129207678.00000000,
2025-10-08 16:00:00.000,129235332.00000000,
2025-10-08 17:00:00.000,132458476.00000000,
2025-10-08 18:00:00.000,132603252.00000000,
2025-10-08 19:00:00.000,133045306.00000000,
2025-10-08 20:00:00.000,132438328.00000000,
2025-10-08 21:00:00.000,132892424.00000000,
2025-10-08 22:00:00.000,132365912.00000000,
2025-10-08 23:00:00.000,132462464.00000000,
2025-10-09 00:00:00.000,132870266.00000000,
2025-10-09 01:00:00.000,132481620.00000000,
2025-10-09 02:00:00.000,132091050.00000000,
2025-10-09 03:00:00.000,131773634.00000000,
2025-10-09 04:00:00.000,132397824.00000000,
2025-10-09 05:00:00.000,131945642.00000000,
2025-10-09 06:00:00.000,132364764.00000000,
2025-10-09 07:00:00.000,132554790.00000000,
2025-10-09 08:00:00.000,132474350.00000000,
2025-10-09 09:00:00.000,132895446.00000000,
2025-10-09 10:00:00.000,133870417.00000000,
2025-10-09 11:00:00.000,133817619.00000000,
2025-10-09 12:00:00.000,134085728.00000000,
2025-10-09 13:00:00.000,134199160.00000000,
2025-10-09 14:00:00.000,133237576.00000000,
2025-10-09 15:00:00.000,133063812.00000000,
2025-10-09 16:00:00.000,134037370.00000000,
2025-10-09 17:00:00.000,132925482.00000000,
2025-10-09 18:00:00.000,133834845.00000000,
2025-10-09 19:00:00.000,135409010.00000000,
2025-10-09 20:00:00.000,135592234.00000000,
2025-10-09 21:00:00.000,135050026.00000000,
2025-10-09 22:00:00.000,134764728.00000000,
2025-10-09 23:00:00.000,134777222.00000000,
2025-10-10 00:00:00.000,134752818.00000000,
2025-10-10 01:00:00.000,134872670.00000000,
2025-10-10 02:00:00.000,134501918.00000000,
2025-10-10 03:00:00.000,134375214.00000000,
2025-10-10 04:00:00.000,133935282.00000000,
2025-10-10 05:00:00.000,133749789.00000000,
2025-10-10 06:00:00.000,134008832.00000000,
2025-10-10 07:00:00.000,133999630.00000000,
2025-10-10 08:00:00.000,133990674.00000000,
2025-10-10 09:00:00.000,134672976.00000000,
2025-10-10 10:00:00.000,134696646.00000000,
2025-10-10 11:00:00.000,136772024.00000000,
2025-10-10 12:00:00.000,139794406.00000000,
2025-10-10 13:00:00.000,138986256.00000000,
2025-10-10 14:00:00.000,136382044.00000000,
2025-10-10 15:00:00.000,135437313.00000000,
2025-10-10 16:00:00.000,128931770.00000000,
2025-10-10 17:00:00.000,127621752.00000000,
2025-10-10 18:00:00.000,127125190.00000000,
2025-10-10 19:00:00.000,127228452.00000000,
2025-10-10 20:00:00.000,127073233.00000000,
2025-10-10 21:00:00.000,124358054.00000000,
2025-10-10 22:00:00.000,93677790.00000000,
2025-10-10 23:00:00.000,94040460.00000000,
2025-10-11 00:00:00.000,92980889.00000000,
2025-10-11 01:00:00.000,93304638.00000000,
2025-10-11 02:00:00.000,90714960.00000000,
2025-10-11 03:00:00.000,88976564.00000000,
2025-10-11 04:00:00.000,86619132.00000000,
2025-10-11 05:00:00.000,84425281.00000000,
2025-10-11 06:00:00.000,81643150.00000000,
2025-10-11 07:00:00.000,80850556.00000000,
2025-10-11 08:00:00.000,80353613.00000000,
2025-10-11 09:00:00.000,79462178.00000000,
2025-10-11 10:00:00.000,79349286.00000000,
2025-10-11 11:00:00.000,78730396.00000000,
2025-10-11 12:00:00.000,78910388.00000000,
2025-10-11 13:00:00.000,78527068.00000000,
2025-10-11 14:00:00.000,78405960.00000000,
2025-10-11 15:00:00.000,78302240.00000000,
2025-10-11 16:00:00.000,78150329.00000000,
2025-10-11 17:00:00.000,77752898.00000000,
2025-10-11 18:00:00.000,77545810.00000000,
2025-10-11 19:00:00.000,77414484.00000000,
2025-10-11 20:00:00.000,76691288.00000000,
2025-10-11 21:00:00.000,75684408.00000000,
2025-10-11 22:00:00.000,74923456.00000000,
2025-10-11 23:00:00.000,74706384.00000000,
2025-10-12 00:00:00.000,74063952.00000000,
2025-10-12 01:00:00.000,73221534.00000000,
2025-10-12 02:00:00.000,73310380.00000000,
2025-10-12 03:00:00.000,73772219.00000000,
2025-10-12 04:00:00.000,73854044.00000000,
2025-10-12 05:00:00.000,73983532.00000000,
2025-10-12 06:00:00.000,74247234.00000000,
2025-10-12 07:00:00.000,74581488.00000000,
2025-10-12 08:00:00.000,74321380.00000000,
2025-10-12 09:00:00.000,74008378.00000000,
2025-10-12 10:00:00.000,74418706.00000000,
2025-10-12 11:00:00.000,74125012.00000000,
2025-10-12 12:00:00.000,74273082.00000000,
2025-10-12 13:00:00.000,74478979.00000000,
2025-10-12 14:00:00.000,74560602.00000000,
2025-10-12 15:00:00.000,76015624.00000000,
2025-10-12 16:00:00.000,76094408.00000000,
2025-10-12 17:00:00.000,76253550.00000000,
2025-10-12 18:00:00.000,77881442.00000000,
2025-10-12 19:00:00.000,78203640.00000000,
2025-10-12 20:00:00.000,78239892.00000000,
2025-10-12 21:00:00.000,77840140.00000000,
2025-10-12 22:00:00.000,77691320.00000000,
2025-10-12 23:00:00.000,77498030.00000000,
2025-10-13 00:00:00.000,77522722.00000000,
2025-10-13 01:00:00.000,77446003.00000000,
2025-10-13 02:00:00.000,77187985.00000000,
2025-10-13 03:00:00.000,76984784.00000000,
2025-10-13 04:00:00.000,76809924.00000000,
2025-10-13 05:00:00.000,76848700.00000000,
2025-10-13 06:00:00.000,76713446.00000000,
2025-10-13 07:00:00.000,76955312.00000000,
2025-10-13 08:00:00.000,76931222.00000000,
2025-10-13 09:00:00.000,77171962.00000000,
2025-10-13 10:00:00.000,77037138.00000000,
2025-10-13 11:00:00.000,77139006.00000000,
2025-10-13 12:00:00.000,77750074.00000000,
2025-10-13 13:00:00.000,77701006.00000000,
2025-10-13 14:00:00.000,77239824.00000000,
2025-10-13 15:00:00.000,76819741.00000000,
2025-10-13 16:00:00.000,76760244.00000000,
2025-10-13 17:00:00.000,76385795.00000000,
2025-10-13 18:00:00.000,76423178.00000000,
2025-10-13 19:00:00.000,76670008.00000000,
2025-10-13 20:00:00.000,77063828.00000000,
2025-10-13 21:00:00.000,77330106.00000000,
2025-10-13 22:00:00.000,77295324.00000000,
2025-10-13 23:00:00.000,77016930.00000000,
2025-10-14 00:00:00.000,76551172.00000000,
2025-10-14 01:00:00.000,75855766.00000000,
2025-10-14 02:00:00.000,75517894.00000000,
2025-10-14 03:00:00.000,74836128.00000000,
2025-10-14 04:00:00.000,74326858.00000000,
2025-10-14 05:00:00.000,74048454.00000000,
2025-10-14 06:00:00.000,74124714.00000000,
2025-10-14 07:00:00.000,72933396.00000000,
2025-10-14 08:00:00.000,73721916.00000000,
2025-10-14 09:00:00.000,73335994.00000000,
2025-10-14 10:00:00.000,72946186.00000000,
2025-10-14 11:00:00.000,72053042.00000000,
2025-10-14 12:00:00.000,71919876.00000000,
2025-10-14 13:00:00.000,70950136.00000000,
2025-10-14 14:00:00.000,71625592.00000000,
2025-10-14 15:00:00.000,72946372.00000000,
2025-10-14 16:00:00.000,73020936.00000000,
2025-10-14 17:00:00.000,73205198.00000000,
2025-10-14 18:00:00.000,73451936.00000000,
2025-10-14 19:00:00.000,73122248.00000000,
2025-10-14 20:00:00.000,73155878.00000000,
2025-10-14 21:00:00.000,72539756.00000000,
2025-10-14 22:00:00.000,71679508.00000000,
2025-10-14 23:00:00.000,71435176.00000000,
2025-10-15 00:00:00.000,71426490.00000000,
2025-10-15 01:00:00.000,71352490.00000000,
2025-10-15 02:00:00.000,70982112.00000000,
2025-10-15 03:00:00.000,70833208.00000000,
2025-10-15 04:00:00.000,70433640.00000000,
2025-10-15 05:00:00.000,71140582.00000000,
2025-10-15 06:00:00.000,70827316.00000000,
2025-10-15 07:00:00.000,70692600.00000000,
2025-10-15 08:00:00.000,70113146.00000000,
2025-10-15 09:00:00.000,70111722.00000000,
2025-10-15 10:00:00.000,69717860.00000000,
2025-10-15 11:00:00.000,69698445.00000000,
2025-10-15 12:00:00.000,69131404.00000000,
2025-10-15 13:00:00.000,70325892.00000000,
2025-10-15 14:00:00.000,69116626.00000000,
2025-10-15 15:00:00.000,68901418.00000000,
2025-10-15 16:00:00.000,68318808.00000000,
2025-10-15 17:00:00.000,68455770.00000000,
2025-10-15 18:00:00.000,68531508.00000000,
2025-10-15 19:00:00.000,68530680.00000000,
2025-10-15 20:00:00.000,68468198.00000000,
2025-10-15 21:00:00.000,68828958.00000000,
2025-10-15 22:00:00.000,68531750.00000000,
2025-10-15 23:00:00.000,68771434.00000000,
2025-10-16 00:00:00.000,69475744.00000000,
2025-10-16 01:00:00.000,69636080.00000000,
2025-10-16 02:00:00.000,69649442.00000000,
2025-10-16 03:00:00.000,69262902.00000000,
2025-10-16 04:00:00.000,69038706.00000000,
2025-10-16 05:00:00.000,68849478.00000000,
2025-10-16 06:00:00.000,68879052.00000000,
2025-10-16 07:00:00.000,69045974.00000000,
2025-10-16 08:00:00.000,69483206.00000000,
2025-10-16 09:00:00.000,69315156.00000000,
2025-10-16 10:00:00.000,70283500.00000000,
2025-10-16 11:00:00.000,70745588.00000000,
2025-10-16 12:00:00.000,70937692.00000000,
2025-10-16 13:00:00.000,71221902.00000000,
2025-10-16 14:00:00.000,70348730.00000000,
2025-10-16 15:00:00.000,70938026.00000000,
2025-10-16 16:00:00.000,71105284.00000000,
2025-10-16 17:00:00.000,70437743.00000000,
2025-10-16 18:00:00.000,69552038.00000000,
2025-10-16 19:00:00.000,69281416.00000000,
2025-10-16 20:00:00.000,69837406.00000000,
2025-10-16 21:00:00.000,70476566.00000000,
2025-10-16 22:00:00.000,70861970.00000000,
2025-10-16 23:00:00.000,71077500.00000000,
2025-10-17 00:00:00.000,71276742.00000000,
2025-10-17 01:00:00.000,70987330.00000000,
2025-10-17 02:00:00.000,71041998.00000000,
2025-10-17 03:00:00.000,70962622.00000000,
2025-10-17 04:00:00.000,70956200.00000000,
2025-10-17 05:00:00.000,71249194.00000000,
2025-10-17 06:00:00.000,71205286.00000000,
2025-10-17 07:00:00.000,70571002.00000000,
2025-10-17 08:00:00.000,70610994.00000000,
2025-10-17 09:00:00.000,72294164.00000000,
2025-10-17 10:00:00.000,72702382.00000000,
2025-10-17 11:00:00.000,72725648.00000000,
2025-10-17 12:00:00.000,72958426.00000000,
2025-10-17 13:00:00.000,72947650.00000000,
2025-10-17 14:00:00.000,74298610.00000000,
2025-10-17 15:00:00.000,74053468.00000000,
2025-10-17 16:00:00.000,73678710.00000000,
2025-10-17 17:00:00.000,82043964.00000000,
2025-10-17 18:00:00.000,87349136.00000000,
2025-10-17 19:00:00.000,87772358.00000000,
2025-10-17 20:00:00.000,87619320.00000000,
2025-10-17 21:00:00.000,87346802.00000000,
2025-10-17 22:00:00.000,86982736.00000000,
2025-10-17 23:00:00.000,87170758.00000000,
2025-10-18 00:00:00.000,86822760.00000000,
2025-10-18 01:00:00.000,86938408.00000000,
2025-10-18 02:00:00.000,86901084.00000000,
2025-10-18 03:00:00.000,86820114.00000000,
2025-10-18 04:00:00.000,86678638.00000000,
2025-10-18 05:00:00.000,86227288.00000000,
2025-10-18 06:00:00.000,84830186.00000000,
2025-10-18 07:00:00.000,85112550.00000000,
2025-10-18 08:00:00.000,84551422.00000000,
2025-10-18 09:00:00.000,84310162.00000000,
2025-10-18 10:00:00.000,84193428.00000000,
2025-10-18 11:00:00.000,84373382.00000000,
2025-10-18 12:00:00.000,84476874.00000000,
2025-10-18 13:00:00.000,84310280.00000000,
2025-10-18 14:00:00.000,83376398.00000000,
2025-10-18 15:00:00.000,79603200.00000000,
2025-10-18 16:00:00.000,78835034.00000000,
2025-10-18 17:00:00.000,78445208.00000000,
2025-10-18 18:00:00.000,78242534.00000000,
2025-10-18 19:00:00.000,78006778.00000000,
2025-10-18 20:00:00.000,77906772.00000000,
2025-10-18 21:00:00.000,77688376.00000000,
2025-10-18 22:00:00.000,77201396.00000000,
2025-10-18 23:00:00.000,76720104.00000000,
2025-10-19 00:00:00.000,76537078.00000000,
2025-10-19 01:00:00.000,76012398.00000000,
2025-10-19 02:00:00.000,75666448.00000000,
2025-10-19 03:00:00.000,75542214.00000000,
2025-10-19 04:00:00.000,75459800.00000000,
2025-10-19 05:00:00.000,75557776.00000000,
2025-10-19 06:00:00.000,75534978.00000000,
2025-10-19 07:00:00.000,75459482.00000000,
2025-10-19 08:00:00.000,75100974.00000000,
2025-10-19 09:00:00.000,74399588.00000000,
2025-10-19 10:00:00.000,73915702.00000000,
2025-10-19 11:00:00.000,73962204.00000000,
2025-10-19 12:00:00.000,73905548.00000000,
2025-10-19 13:00:00.000,73564930.00000000,
2025-10-19 14:00:00.000,73936891.00000000,
2025-10-19 15:00:00.000,74475258.00000000,
2025-10-19 16:00:00.000,73889032.00000000,
2025-10-19 17:00:00.000,73779958.00000000,
2025-10-19 18:00:00.000,74252384.00000000,
2025-10-19 19:00:00.000,74315166.00000000,
2025-10-19 20:00:00.000,74599190.00000000,
2025-10-19 21:00:00.000,74574942.00000000,
2025-10-19 22:00:00.000,74227930.00000000,
2025-10-19 23:00:00.000,74228712.00000000,
2025-10-20 00:00:00.000,74278242.00000000,
2025-10-20 01:00:00.000,73459234.00000000,
2025-10-20 02:00:00.000,73473460.00000000,
2025-10-20 03:00:00.000,73457472.00000000,
2025-10-20 04:00:00.000,73845598.00000000,
2025-10-20 05:00:00.000,74672032.00000000,
2025-10-20 06:00:00.000,74638378.00000000,
2025-10-20 07:00:00.000,74944682.00000000,
2025-10-20 08:00:00.000,74838066.00000000,
2025-10-20 09:00:00.000,74309460.00000000,
2025-10-20 10:00:00.000,75000510.00000000,
2025-10-20 11:00:00.000,75195142.00000000,
2025-10-20 12:00:00.000,77166812.00000000,
2025-10-20 13:00:00.000,77874840.00000000,
2025-10-20 14:00:00.000,77866546.00000000,
2025-10-20 15:00:00.000,78615858.00000000,
2025-10-20 16:00:00.000,78099438.00000000,
2025-10-20 17:00:00.000,75774518.00000000,
2025-10-20 18:00:00.000,78052482.00000000,
2025-10-20 19:00:00.000,76467637.00000000,
2025-10-20 20:00:00.000,76408970.00000000,
2025-10-20 21:00:00.000,75248550.00000000,
2025-10-20 22:00:00.000,74690702.00000000,
2025-10-20 23:00:00.000,75345994.00000000,
2025-10-21 00:00:00.000,75056062.00000000,
2025-10-21 01:00:00.000,75185672.00000000,
2025-10-21 02:00:00.000,76304430.00000000,
2025-10-21 03:00:00.000,76016072.00000000,
2025-10-21 04:00:00.000,75768656.00000000,
2025-10-21 05:00:00.000,74820476.00000000,
2025-10-21 06:00:00.000,74281606.00000000,
2025-10-21 07:00:00.000,74201568.00000000,
2025-10-21 08:00:00.000,73890600.00000000,
2025-10-21 09:00:00.000,73756438.00000000,
2025-10-21 10:00:00.000,73747980.00000000,
2025-10-21 11:00:00.000,73336406.00000000,
2025-10-21 12:00:00.000,73410112.00000000,
2025-10-21 13:00:00.000,73000040.00000000,
2025-10-21 14:00:00.000,73337592.00000000,
2025-10-21 15:00:00.000,74010498.00000000,
2025-10-21 16:00:00.000,75254076.00000000,
2025-10-21 17:00:00.000,75049767.00000000,
2025-10-21 18:00:00.000,74335286.00000000,
2025-10-21 19:00:00.000,73889392.00000000,
2025-10-21 20:00:00.000,73979286.00000000,
2025-10-21 21:00:00.000,73985500.00000000,
2025-10-21 22:00:00.000,72755938.00000000,
2025-10-21 23:00:00.000,72728420.00000000,
2025-10-22 00:00:00.000,73390196.00000000,
2025-10-22 01:00:00.000,71644492.00000000,
2025-10-22 02:00:00.000,71659972.00000000,
2025-10-22 03:00:00.000,71662442.00000000,
2025-10-22 04:00:00.000,71458984.00000000,
2025-10-22 05:00:00.000,71808620.00000000,
2025-10-22 06:00:00.000,72151612.00000000,
2025-10-22 07:00:00.000,71771428.00000000,
2025-10-22 08:00:00.000,71439596.00000000,
2025-10-22 09:00:00.000,71423638.00000000,
2025-10-22 10:00:00.000,71091560.00000000,
2025-10-22 11:00:00.000,70806774.00000000,
2025-10-22 12:00:00.000,70231480.00000000,
2025-10-22 13:00:00.000,70063424.00000000,
2025-10-22 14:00:00.000,70187918.00000000,
2025-10-22 15:00:00.000,71784474.00000000,
2025-10-22 16:00:00.000,73525312.00000000,
2025-10-22 17:00:00.000,76019040.00000000,
2025-10-22 18:00:00.000,78040896.00000000,
2025-10-22 19:00:00.000,77697500.00000000,
2025-10-22 20:00:00.000,77790460.00000000,
2025-10-22 21:00:00.000,75295926.00000000,
2025-10-22 22:00:00.000,72805910.00000000,
2025-10-22 23:00:00.000,72119444.00000000,
2025-10-23 00:00:00.000,71936240.00000000,
2025-10-23 01:00:00.000,71786178.00000000,
2025-10-23 02:00:00.000,71655386.00000000,
2025-10-23 03:00:00.000,71222718.00000000,
2025-10-23 04:00:00.000,71159300.00000000,
2025-10-23 05:00:00.000,71905770.00000000,
2025-10-23 06:00:00.000,70886238.00000000,
2025-10-23 07:00:00.000,69227251.00000000,
2025-10-23 08:00:00.000,68222756.00000000,
2025-10-23 09:00:00.000,68427512.00000000,
2025-10-23 10:00:00.000,67817438.00000000,
2025-10-23 11:00:00.000,67095430.00000000,
2025-10-23 12:00:00.000,66923850.00000000,
2025-10-23 13:00:00.000,66273694.00000000,
2025-10-23 14:00:00.000,65525880.00000000,
2025-10-23 15:00:00.000,65635216.00000000,
2025-10-23 16:00:00.000,65208638.00000000,
2025-10-23 17:00:00.000,65140616.00000000,
2025-10-23 18:00:00.000,64878904.00000000,
2025-10-23 19:00:00.000,65180378.00000000,
2025-10-23 20:00:00.000,64862074.00000000,
2025-10-23 21:00:00.000,65115484.00000000,
2025-10-23 22:00:00.000,64471996.00000000,
2025-10-23 23:00:00.000,64383812.00000000,
2025-10-24 00:00:00.000,64299312.00000000,
2025-10-24 01:00:00.000,64446430.00000000,
2025-10-24 02:00:00.000,64332074.00000000,
2025-10-24 03:00:00.000,64342490.00000000,
2025-10-24 04:00:00.000,64679930.00000000,
2025-10-24 05:00:00.000,64429836.00000000,
2025-10-24 06:00:00.000,64544514.00000000,
2025-10-24 07:00:00.000,64503428.00000000,
2025-10-24 08:00:00.000,64283236.00000000,
2025-10-24 09:00:00.000,64512926.00000000,
2025-10-24 10:00:00.000,64633592.00000000,
2025-10-24 11:00:00.000,64679510.00000000,
2025-10-24 12:00:00.000,64674742.00000000,
2025-10-24 13:00:00.000,65838796.00000000,
2025-10-24 14:00:00.000,64915068.00000000,
2025-10-24 15:00:00.000,64886358.00000000,
2025-10-24 16:00:00.000,64780208.00000000,
2025-10-24 17:00:00.000,64680316.00000000,
2025-10-24 18:00:00.000,64384032.00000000,
2025-10-24 19:00:00.000,64263586.00000000,
2025-10-24 20:00:00.000,64275794.00000000,
2025-10-24 21:00:00.000,64797786.00000000,
2025-10-24 22:00:00.000,64915254.00000000,
2025-10-24 23:00:00.000,65042878.00000000,
2025-10-25 00:00:00.000,65033222.00000000,
2025-10-25 01:00:00.000,65175242.00000000,
2025-10-25 02:00:00.000,65154882.00000000,
2025-10-25 03:00:00.000,65102690.00000000,
2025-10-25 04:00:00.000,65074898.00000000,
2025-10-25 05:00:00.000,65052080.00000000,
2025-10-25 06:00:00.000,65233316.00000000,
2025-10-25 07:00:00.000,65230712.00000000,
2025-10-25 08:00:00.000,65287254.00000000,
2025-10-25 09:00:00.000,65456814.00000000,
2025-10-25 10:00:00.000,65526645.00000000,
2025-10-25 11:00:00.000,65416296.00000000,
2025-10-25 12:00:00.000,65537308.00000000,
2025-10-25 13:00:00.000,65468602.00000000,
2025-10-25 14:00:00.000,65572430.00000000,
2025-10-25 15:00:00.000,65731942.00000000,
2025-10-25 16:00:00.000,65690616.00000000,
2025-10-25 17:00:00.000,66092040.00000000,
2025-10-25 18:00:00.000,65236836.00000000,
2025-10-25 19:00:00.000,66224326.00000000,
2025-10-25 20:00:00.000,66370039.00000000,
2025-10-25 21:00:00.000,66423648.00000000,
2025-10-25 22:00:00.000,66287248.00000000,
2025-10-25 23:00:00.000,66260080.00000000,
2025-10-26 00:00:00.000,66170120.00000000,
2025-10-26 01:00:00.000,66299736.00000000,
2025-10-26 02:00:00.000,65986642.00000000,
2025-10-26 03:00:00.000,66138998.00000000,
2025-10-26 04:00:00.000,66108492.00000000,
2025-10-26 05:00:00.000,65897492.00000000,
2025-10-26 06:00:00.000,65820742.00000000,
2025-10-26 07:00:00.000,66081306.00000000,
2025-10-26 08:00:00.000,66040782.00000000,
2025-10-26 09:00:00.000,66238022.00000000,
2025-10-26 10:00:00.000,66705854.00000000,
2025-10-26 11:00:00.000,66640522.00000000,
2025-10-26 12:00:00.000,66888018.00000000,
2025-10-26 13:00:00.000,67127100.00000000,
2025-10-26 14:00:00.000,68570142.00000000,
2025-10-26 15:00:00.000,69173230.00000000,
2025-10-26 16:00:00.000,69842774.00000000,
2025-10-26 17:00:00.000,70289716.00000000,
2025-10-26 18:00:00.000,70088804.00000000,
2025-10-26 19:00:00.000,71058702.00000000,
2025-10-26 20:00:00.000,71067900.00000000,
2025-10-26 21:00:00.000,71108907.00000000,
2025-10-26 22:00:00.000,70766008.00000000,
2025-10-26 23:00:00.000,71684828.00000000,
2025-10-27 00:00:00.000,71792912.00000000,
2025-10-27 01:00:00.000,71970130.00000000,
2025-10-27 02:00:00.000,73973062.00000000,
2025-10-27 03:00:00.000,73716470.00000000,
2025-10-27 04:00:00.000,73706104.00000000,
2025-10-27 05:00:00.000,74069296.00000000,
2025-10-27 06:00:00.000,73616222.00000000,
2025-10-27 07:00:00.000,74013584.00000000,
2025-10-27 08:00:00.000,73809386.00000000,
2025-10-27 09:00:00.000,72887030.00000000,
2025-10-27 10:00:00.000,69823052.00000000,
2025-10-27 11:00:00.000,69617940.00000000,
2025-10-27 12:00:00.000,70131339.00000000,
2025-10-27 13:00:00.000,70263605.00000000,
2025-10-27 14:00:00.000,72646467.00000000,
2025-10-27 15:00:00.000,71947238.00000000,
2025-10-27 16:00:00.000,72878398.00000000,
2025-10-27 17:00:00.000,73249436.00000000,
2025-10-27 18:00:00.000,73218766.00000000,
2025-10-27 19:00:00.000,73570706.00000000,
2025-10-27 20:00:00.000,72774876.00000000,
2025-10-27 21:00:00.000,72915242.00000000,
2025-10-27 22:00:00.000,72778696.00000000,
2025-10-27 23:00:00.000,72333156.00000000,
2025-10-28 00:00:00.000,72497630.00000000,
2025-10-28 01:00:00.000,72504644.00000000,
2025-10-28 02:00:00.000,72517574.00000000,
2025-10-28 03:00:00.000,72630400.00000000,
2025-10-28 04:00:00.000,72963536.00000000,
2025-10-28 05:00:00.000,72994960.00000000,
2025-10-28 06:00:00.000,71696322.00000000,
2025-10-28 07:00:00.000,71385228.00000000,
2025-10-28 08:00:00.000,71362930.00000000,
2025-10-28 09:00:00.000,72576336.00000000,
2025-10-28 10:00:00.000,73564652.00000000,
2025-10-28 11:00:00.000,73826978.00000000,
2025-10-28 12:00:00.000,73725376.00000000,
2025-10-28 13:00:00.000,74068730.00000000,
2025-10-28 14:00:00.000,76359980.00000000,
2025-10-28 15:00:00.000,74316442.00000000,
2025-10-28 16:00:00.000,73880946.00000000,
2025-10-28 17:00:00.000,72972974.00000000,
2025-10-28 18:00:00.000,72870554.00000000,
2025-10-28 19:00:00.000,72700946.00000000,
2025-10-28 20:00:00.000,72019576.00000000,
2025-10-28 21:00:00.000,71160190.00000000,
2025-10-28 22:00:00.000,70987228.00000000,
2025-10-28 23:00:00.000,70886834.00000000,
2025-10-29 00:00:00.000,70866082.00000000,
2025-10-29 01:00:00.000,70317608.00000000,
2025-10-29 02:00:00.000,70293036.00000000,
2025-10-29 03:00:00.000,70182220.00000000,
2025-10-29 04:00:00.000,70539958.00000000,
2025-10-29 05:00:00.000,71059784.00000000,
2025-10-29 06:00:00.000,71086390.00000000,
2025-10-29 07:00:00.000,71232964.00000000,
2025-10-29 08:00:00.000,71046740.00000000,
2025-10-29 09:00:00.000,70877370.00000000,
2025-10-29 10:00:00.000,70705706.00000000,
2025-10-29 11:00:00.000,70490092.00000000,
2025-10-29 12:00:00.000,70600082.00000000,
2025-10-29 13:00:00.000,70399410.00000000,
2025-10-29 14:00:00.000,70386460.00000000,
2025-10-29 15:00:00.000,70518084.00000000,
2025-10-29 16:00:00.000,70231612.00000000,
2025-10-29 17:00:00.000,70094220.00000000,
2025-10-29 18:00:00.000,70030559.00000000,
2025-10-29 19:00:00.000,69078164.00000000,
2025-10-29 20:00:00.000,68966608.00000000,
2025-10-29 21:00:00.000,68648076.00000000,
2025-10-29 22:00:00.000,68306946.00000000,
2025-10-29 23:00:00.000,68556714.00000000,
2025-10-30 00:00:00.000,69255962.00000000,
2025-10-30 01:00:00.000,69424154.00000000,
2025-10-30 02:00:00.000,69930350.00000000,
2025-10-30 03:00:00.000,69983496.00000000,
2025-10-30 04:00:00.000,69809998.00000000,
2025-10-30 05:00:00.000,69810690.00000000,
2025-10-30 06:00:00.000,70039604.00000000,
2025-10-30 07:00:00.000,70175494.00000000,
2025-10-30 08:00:00.000,69987540.00000000,
2025-10-30 09:00:00.000,69920558.00000000,
2025-10-30 10:00:00.000,70449132.00000000,
2025-10-30 11:00:00.000,70571728.00000000,
2025-10-30 12:00:00.000,70188623.00000000,
2025-10-30 13:00:00.000,69744748.00000000,
2025-10-30 14:00:00.000,69404531.00000000,
2025-10-30 15:00:00.000,69668574.00000000,
2025-10-30 16:00:00.000,69605482.00000000,
2025-10-30 17:00:00.000,69267354.00000000,
2025-10-30 18:00:00.000,69783880.00000000,
2025-10-30 19:00:00.000,69992594.00000000,
2025-10-30 20:00:00.000,70254894.00000000,
2025-10-30 21:00:00.000,70569352.00000000,
2025-10-30 22:00:00.000,71287470.00000000,
2025-10-30 23:00:00.000,71426335.00000000,
2025-10-31 00:00:00.000,71547906.00000000,
2025-10-31 01:00:00.000,72290270.00000000,
2025-10-31 02:00:00.000,71712972.00000000,
2025-10-31 03:00:00.000,71327100.00000000,
2025-10-31 04:00:00.000,70818332.00000000,
2025-10-31 05:00:00.000,70787240.00000000,
2025-10-31 06:00:00.000,70607430.00000000,
2025-10-31 07:00:00.000,70553568.00000000,
2025-10-31 08:00:00.000,70703392.00000000,
2025-10-31 09:00:00.000,70885166.00000000,
2025-10-31 10:00:00.000,71766654.00000000,
2025-10-31 11:00:00.000,71190272.00000000,
2025-10-31 12:00:00.000,71708876.00000000,
2025-10-31 13:00:00.000,71546932.00000000,
2025-10-31 14:00:00.000,71091722.00000000,
2025-10-31 15:00:00.000,72553266.00000000,
2025-10-31 16:00:00.000,72518672.00000000,
2025-10-31 17:00:00.000,71787492.00000000,
2025-10-31 18:00:00.000,71956098.00000000,
2025-10-31 19:00:00.000,71961180.00000000,
2025-10-31 20:00:00.000,71965102.00000000,
2025-10-31 21:00:00.000,71977696.00000000,
2025-10-31 22:00:00.000,71736260.00000000,
2025-10-31 23:00:00.000,71889056.00000000,
2025-11-01 00:00:00.000,71687398.00000000,
2025-11-01 01:00:00.000,71682850.00000000,
2025-11-01 02:00:00.000,71421760.00000000,
2025-11-01 03:00:00.000,71349170.00000000,
2025-11-01 04:00:00.000,71534188.00000000,
2025-11-01 05:00:00.000,71336420.00000000,
2025-11-01 06:00:00.000,71362824.00000000,
2025-11-01 07:00:00.000,71298482.00000000,
2025-11-01 08:00:00.000,71949168.00000000,
2025-11-01 09:00:00.000,71987346.00000000,
2025-11-01 10:00:00.000,71764144.00000000,
2025-11-01 11:00:00.000,71643646.00000000,
2025-11-01 12:00:00.000,71386884.00000000,
2025-11-01 13:00:00.000,71499560.00000000,
2025-11-01 14:00:00.000,71652060.00000000,
2025-11-01 15:00:00.000,71762922.00000000,
2025-11-01 16:00:00.000,72121388.00000000,
2025-11-01 17:00:00.000,72165208.00000000,
2025-11-01 18:00:00.000,72140386.00000000,
2025-11-01 19:00:00.000,72194365.00000000,
2025-11-01 20:00:00.000,72238452.00000000,
2025-11-01 21:00:00.000,72222906.00000000,
2025-11-01 22:00:00.000,71943920.00000000,
2025-11-01 23:00:00.000,72290606.00000000,
2025-11-02 00:00:00.000,72195542.00000000,
2025-11-02 01:00:00.000,72027214.00000000,
2025-11-02 02:00:00.000,71622166.00000000,
2025-11-02 03:00:00.000,71433042.00000000,
2025-11-02 04:00:00.000,71525696.00000000,
2025-11-02 05:00:00.000,71718886.00000000,
2025-11-02 06:00:00.000,72635102.00000000,
2025-11-02 07:00:00.000,72747834.00000000,
2025-11-02 08:00:00.000,73161262.00000000,
2025-11-02 09:00:00.000,73172036.00000000,
2025-11-02 10:00:00.000,73200900.00000000,
2025-11-02 11:00:00.000,72167774.00000000,
2025-11-02 12:00:00.000,71944068.00000000,
2025-11-02 13:00:00.000,72127618.00000000,
2025-11-02 14:00:00.000,71966956.00000000,
2025-11-02 15:00:00.000,69275610.00000000,
2025-11-02 16:00:00.000,68995096.00000000,
2025-11-02 17:00:00.000,68994572.00000000,
2025-11-02 18:00:00.000,69258096.00000000,
2025-11-02 19:00:00.000,69218910.00000000,
2025-11-02 20:00:00.000,69751834.00000000,
2025-11-02 21:00:00.000,69985050.00000000,
2025-11-02 22:00:00.000,69909598.00000000,
2025-11-02 23:00:00.000,69805854.00000000,
2025-11-03 00:00:00.000,69923002.00000000,
2025-11-03 01:00:00.000,69706952.00000000,
2025-11-03 02:00:00.000,69942088.00000000,
2025-11-03 03:00:00.000,69717408.00000000,
2025-11-03 04:00:00.000,69146225.00000000,
2025-11-03 05:00:00.000,69456034.00000000,
2025-11-03 06:00:00.000,68435434.00000000,
2025-11-03 07:00:00.000,68858558.00000000,
2025-11-03 08:00:00.000,69356398.00000000,
2025-11-03 09:00:00.000,69843064.00000000,
2025-11-03 10:00:00.000,69869606.00000000,
2025-11-03 11:00:00.000,70422521.00000000,
2025-11-03 12:00:00.000,70501816.00000000,
2025-11-03 13:00:00.000,70839396.00000000,
2025-11-03 14:00:00.000,71392040.00000000,
2025-11-03 15:00:00.000,70973864.00000000,
2025-11-03 16:00:00.000,73608295.00000000,
2025-11-03 17:00:00.000,74459466.00000000,
2025-11-03 18:00:00.000,76025922.00000000,
2025-11-03 19:00:00.000,75993450.00000000,
2025-11-03 20:00:00.000,74410314.00000000,
2025-11-03 21:00:00.000,74994756.00000000,
2025-11-03 22:00:00.000,75567996.00000000,
2025-11-03 23:00:00.000,75280784.00000000,
2025-11-04 00:00:00.000,76471744.00000000,
2025-11-04 01:00:00.000,77275136.00000000,
2025-11-04 02:00:00.000,77438894.00000000,
2025-11-04 03:00:00.000,77280102.00000000,
2025-11-04 04:00:00.000,77382964.00000000,
2025-11-04 05:00:00.000,77120270.00000000,
2025-11-04 06:00:00.000,77752100.00000000,
2025-11-04 07:00:00.000,78502600.00000000,
2025-11-04 08:00:00.000,78244834.00000000,
2025-11-04 09:00:00.000,78177632.00000000,
2025-11-04 10:00:00.000,80907740.00000000,
2025-11-04 11:00:00.000,80717526.00000000,
2025-11-04 12:00:00.000,80640780.00000000,
2025-11-04 13:00:00.000,80839966.00000000,
2025-11-04 14:00:00.000,81119674.00000000,
2025-11-04 15:00:00.000,81894812.00000000,
2025-11-04 16:00:00.000,80812246.00000000,
2025-11-04 17:00:00.000,80056060.00000000,
2025-11-04 18:00:00.000,80220103.00000000,
2025-11-04 19:00:00.000,79561125.00000000,
2025-11-04 20:00:00.000,80186757.00000000,
2025-11-04 21:00:00.000,80324377.00000000,
2025-11-04 22:00:00.000,79805675.00000000,
2025-11-04 23:00:00.000,79364244.00000000,
2025-11-05 00:00:00.000,79864278.00000000,
2025-11-05 01:00:00.000,79757788.00000000,
2025-11-05 02:00:00.000,80405482.00000000,
2025-11-05 03:00:00.000,80460506.00000000,
2025-11-05 04:00:00.000,80321514.00000000,
2025-11-05 05:00:00.000,80408756.00000000,
2025-11-05 06:00:00.000,80391628.00000000,
2025-11-05 07:00:00.000,80716731.00000000,
2025-11-05 08:00:00.000,80715325.00000000,
2025-11-05 09:00:00.000,80687787.00000000,
2025-11-05 10:00:00.000,80679111.00000000,
2025-11-05 11:00:00.000,81553323.00000000,
2025-11-05 12:00:00.000,81363537.00000000,
2025-11-05 13:00:00.000,81940253.00000000,
2025-11-05 14:00:00.000,81743237.00000000,
2025-11-05 15:00:00.000,82008325.00000000,
2025-11-05 16:00:00.000,80976999.00000000,
2025-11-05 17:00:00.000,80607897.00000000,
2025-11-05 18:00:00.000,80890809.00000000,
2025-11-05 19:00:00.000,80711309.00000000,
2025-11-05 20:00:00.000,80551041.00000000,
2025-11-05 21:00:00.000,80221581.00000000,
2025-11-05 22:00:00.000,79799159.00000000,
2025-11-05 23:00:00.000,79093077.00000000,
2025-11-06 00:00:00.000,78945683.00000000,
2025-11-06 01:00:00.000,78936600.00000000,
2025-11-06 02:00:00.000,78200378.00000000,
2025-11-06 03:00:00.000,78056428.00000000,
2025-11-06 04:00:00.000,77958366.00000000,
2025-11-06 05:00:00.000,77522490.00000000,
2025-11-06 06:00:00.000,77453938.00000000,
2025-11-06 07:00:00.000,77228176.00000000,
2025-11-06 08:00:00.000,77288182.00000000,
2025-11-06 09:00:00.000,77044046.00000000,
2025-11-06 10:00:00.000,77284964.00000000,
2025-11-06 11:00:00.000,77355990.00000000,
2025-11-06 12:00:00.000,77331197.00000000,
2025-11-06 13:00:00.000,77392010.00000000,
2025-11-06 14:00:00.000,77724934.00000000,
2025-11-06 15:00:00.000,77886708.00000000,
2025-11-06 16:00:00.000,77897708.00000000,
2025-11-06 17:00:00.000,77715446.00000000,
2025-11-06 18:00:00.000,78217546.00000000,
2025-11-06 19:00:00.000,78218044.00000000,
2025-11-06 20:00:00.000,78268174.00000000,
2025-11-06 21:00:00.000,78346092.00000000,
2025-11-06 22:00:00.000,78349864.00000000,
2025-11-06 23:00:00.000,78458900.00000000,
2025-11-07 00:00:00.000,78480828.00000000,
2025-11-07 01:00:00.000,78906075.00000000,
2025-11-07 02:00:00.000,78805240.00000000,
2025-11-07 03:00:00.000,79170434.00000000,
2025-11-07 04:00:00.000,79216018.00000000,
2025-11-07 05:00:00.000,79201446.00000000,
2025-11-07 06:00:00.000,79246986.00000000,
2025-11-07 07:00:00.000,80932296.00000000,
2025-11-07 08:00:00.000,80041424.00000000,
2025-11-07 09:00:00.000,79643700.00000000,
2025-11-07 10:00:00.000,78808695.00000000,
2025-11-07 11:00:00.000,78290933.00000000,
2025-11-07 12:00:00.000,78228989.00000000,
2025-11-07 13:00:00.000,78874829.00000000,
2025-11-07 14:00:00.000,78732026.00000000,
2025-11-07 15:00:00.000,79166977.00000000,
2025-11-07 16:00:00.000,80451309.00000000,
2025-11-07 17:00:00.000,79934357.00000000,
2025-11-07 18:00:00.000,79950150.00000000,
2025-11-07 19:00:00.000,79987742.00000000,
2025-11-07 20:00:00.000,79534328.00000000,
2025-11-07 21:00:00.000,78600858.00000000,
2025-11-07 22:00:00.000,78101879.00000000,
2025-11-07 23:00:00.000,77626406.00000000,
2025-11-08 00:00:00.000,77412778.00000000,
2025-11-08 01:00:00.000,77065385.00000000,
2025-11-08 02:00:00.000,77085597.00000000,
2025-11-08 03:00:00.000,76801653.00000000,
2025-11-08 04:00:00.000,76715975.00000000,
2025-11-08 05:00:00.000,76513047.00000000,
2025-11-08 06:00:00.000,76444077.00000000,
2025-11-08 07:00:00.000,75936495.00000000,
2025-11-08 08:00:00.000,75543205.00000000,
2025-11-08 09:00:00.000,75410063.00000000,
2025-11-08 10:00:00.000,75018051.00000000,
2025-11-08 11:00:00.000,74791422.00000000,
2025-11-08 12:00:00.000,75025117.00000000,
2025-11-08 13:00:00.000,75134335.00000000,
2025-11-08 14:00:00.000,75490237.00000000,
2025-11-08 15:00:00.000,75107439.00000000,
2025-11-08 16:00:00.000,74924425.00000000,
2025-11-08 17:00:00.000,75165994.00000000,
2025-11-08 18:00:00.000,75758696.00000000,
2025-11-08 19:00:00.000,75911418.00000000,
2025-11-08 20:00:00.000,75582666.00000000,
2025-11-08 21:00:00.000,75304296.00000000,
2025-11-08 22:00:00.000,75378072.00000000,
2025-11-08 23:00:00.000,75157520.00000000,
2025-11-09 00:00:00.000,75167736.00000000,
2025-11-09 01:00:00.000,75350524.00000000,
2025-11-09 02:00:00.000,75306718.00000000,
2025-11-09 03:00:00.000,75588392.00000000,
2025-11-09 04:00:00.000,75607023.00000000,
2025-11-09 05:00:00.000,75696618.00000000,
2025-11-09 06:00:00.000,75564670.00000000,
2025-11-09 07:00:00.000,75871782.00000000,
2025-11-09 08:00:00.000,75680458.00000000,
2025-11-09 09:00:00.000,75724564.00000000,
2025-11-09 10:00:00.000,75630744.00000000,
2025-11-09 11:00:00.000,75398770.00000000,
2025-11-09 12:00:00.000,75683144.00000000,
2025-11-09 13:00:00.000,75681594.00000000,
2025-11-09 14:00:00.000,75583162.00000000,
2025-11-09 15:00:00.000,75639460.00000000,
2025-11-09 16:00:00.000,75198630.00000000,
2025-11-09 17:00:00.000,74770140.00000000,
2025-11-09 18:00:00.000,75686720.00000000,
2025-11-09 19:00:00.000,75738056.00000000,
2025-11-09 20:00:00.000,75806964.00000000,
2025-11-09 21:00:00.000,75524676.00000000,
2025-11-09 22:00:00.000,75735958.00000000,
2025-11-09 23:00:00.000,76101066.00000000,
2025-11-10 00:00:00.000,76663002.00000000,
2025-11-10 01:00:00.000,76731034.00000000,
2025-11-10 02:00:00.000,76569732.00000000,
2025-11-10 03:00:00.000,76339648.00000000,
2025-11-10 04:00:00.000,76623532.00000000,
2025-11-10 05:00:00.000,76685738.00000000,
2025-11-10 06:00:00.000,76508390.00000000,
2025-11-10 07:00:00.000,76578272.00000000,
2025-11-10 08:00:00.000,76886996.00000000,
2025-11-10 09:00:00.000,76932402.00000000,
2025-11-10 10:00:00.000,77281182.00000000,
2025-11-10 11:00:00.000,77323844.00000000,
2025-11-10 12:00:00.000,77247622.00000000,
2025-11-10 13:00:00.000,76812190.00000000,
2025-11-10 14:00:00.000,76784024.00000000,
2025-11-10 15:00:00.000,77019724.00000000,
2025-11-10 16:00:00.000,77044572.00000000,
2025-11-10 17:00:00.000,78801260.00000000,
2025-11-10 18:00:00.000,79581030.00000000,
2025-11-10 19:00:00.000,79562392.00000000,
2025-11-10 20:00:00.000,79409582.00000000,
2025-11-10 21:00:00.000,78974176.00000000,
2025-11-10 22:00:00.000,78643216.00000000,
2025-11-10 23:00:00.000,78807700.00000000,
2025-11-11 00:00:00.000,78672784.00000000,
2025-11-11 01:00:00.000,78723012.00000000,
2025-11-11 02:00:00.000,78759712.00000000,
2025-11-11 03:00:00.000,79113004.00000000,
2025-11-11 04:00:00.000,80371982.00000000,
2025-11-11 05:00:00.000,79624792.00000000,
2025-11-11 06:00:00.000,79125766.00000000,
2025-11-11 07:00:00.000,79138222.00000000,
2025-11-11 08:00:00.000,79270378.00000000,
2025-11-11 09:00:00.000,79145958.00000000,
2025-11-11 10:00:00.000,78961866.00000000,
2025-11-11 11:00:00.000,79665043.00000000,
2025-11-11 12:00:00.000,79890917.00000000,
2025-11-11 13:00:00.000,79424282.00000000,
2025-11-11 14:00:00.000,79310248.00000000,
2025-11-11 15:00:00.000,79023764.00000000,
2025-11-11 16:00:00.000,79082158.00000000,
2025-11-11 17:00:00.000,79469754.00000000,
2025-11-11 18:00:00.000,78856194.00000000,
2025-11-11 19:00:00.000,79900577.00000000,
2025-11-11 20:00:00.000,78592621.00000000,
2025-11-11 21:00:00.000,78370515.00000000,
2025-11-11 22:00:00.000,78135345.00000000,
2025-11-11 23:00:00.000,77469179.00000000,
2025-11-12 00:00:00.000,77394913.00000000,
2025-11-12 01:00:00.000,77417723.00000000,
2025-11-12 02:00:00.000,77368231.00000000,
2025-11-12 03:00:00.000,77366481.00000000,
2025-11-12 04:00:00.000,77206687.00000000,
2025-11-12 05:00:00.000,77272659.00000000,
2025-11-12 06:00:00.000,77336091.00000000,
2025-11-12 07:00:00.000,77163500.00000000,
2025-11-12 08:00:00.000,77191455.00000000,
2025-11-12 09:00:00.000,77218551.00000000,
2025-11-12 10:00:00.000,76822699.00000000,
2025-11-12 11:00:00.000,76929031.00000000,
2025-11-12 12:00:00.000,77148283.00000000,
2025-11-12 13:00:00.000,76765167.00000000,
2025-11-12 14:00:00.000,77275111.00000000,
2025-11-12 15:00:00.000,76671509.00000000,
2025-11-12 16:00:00.000,75786247.00000000,
2025-11-12 17:00:00.000,75319787.00000000,
2025-11-12 18:00:00.000,75199269.00000000,
2025-11-12 19:00:00.000,75564086.00000000,
2025-11-12 20:00:00.000,75345173.00000000,
2025-11-12 21:00:00.000,75477541.00000000,
2025-11-12 22:00:00.000,75442407.00000000,
2025-11-12 23:00:00.000,76154329.00000000,
2025-11-13 00:00:00.000,76105261.00000000,
2025-11-13 01:00:00.000,76210409.00000000,
2025-11-13 02:00:00.000,76682543.00000000,
2025-11-13 03:00:00.000,76661775.00000000,
2025-11-13 04:00:00.000,76134593.00000000,
2025-11-13 05:00:00.000,76495805.00000000,
2025-11-13 06:00:00.000,76324311.00000000,
2025-11-13 07:00:00.000,76307565.00000000,
2025-11-13 08:00:00.000,76459531.00000000,
2025-11-13 09:00:00.000,76155313.00000000,
2025-11-13 10:00:00.000,75987961.00000000,
2025-11-13 11:00:00.000,76064226.00000000,
2025-11-13 12:00:00.000,76272809.00000000,
2025-11-13 13:00:00.000,76174197.00000000,
2025-11-13 14:00:00.000,75349497.00000000,
2025-11-13 15:00:00.000,74177145.00000000,
2025-11-13 16:00:00.000,73540517.00000000,
2025-11-13 17:00:00.000,69839927.00000000,
2025-11-13 18:00:00.000,67755315.00000000,
2025-11-13 19:00:00.000,67637603.00000000,
2025-11-13 20:00:00.000,67706758.00000000,
2025-11-13 21:00:00.000,68462488.00000000,
2025-11-13 22:00:00.000,68529734.00000000,
2025-11-13 23:00:00.000,68569538.00000000,
2025-11-14 00:00:00.000,67651406.00000000,
2025-11-14 01:00:00.000,67337192.00000000,
2025-11-14 02:00:00.000,66749922.00000000,
2025-11-14 03:00:00.000,67116554.00000000,
2025-11-14 04:00:00.000,66940488.00000000,
2025-11-14 05:00:00.000,66415654.00000000,
2025-11-14 06:00:00.000,66570364.00000000,
2025-11-14 07:00:00.000,66582495.00000000,
2025-11-14 08:00:00.000,66578920.00000000,
2025-11-14 09:00:00.000,66678730.00000000,
2025-11-14 10:00:00.000,66912580.00000000,
2025-11-14 11:00:00.000,66310336.00000000,
2025-11-14 12:00:00.000,66288086.00000000,
2025-11-14 13:00:00.000,65974802.00000000,
2025-11-14 14:00:00.000,65503898.00000000,
2025-11-14 15:00:00.000,66196902.00000000,
2025-11-14 16:00:00.000,66770574.00000000,
2025-11-14 17:00:00.000,66617694.00000000,
2025-11-14 18:00:00.000,67750562.00000000,
2025-11-14 19:00:00.000,68943562.00000000,
2025-11-14 20:00:00.000,68807678.00000000,
2025-11-14 21:00:00.000,69965338.00000000,
2025-11-14 22:00:00.000,70897246.00000000,
2025-11-14 23:00:00.000,69928782.00000000,
2025-11-15 00:00:00.000,70492066.00000000,
2025-11-15 01:00:00.000,70911586.00000000,
2025-11-15 02:00:00.000,71481888.00000000,
2025-11-15 03:00:00.000,73134206.00000000,
2025-11-15 04:00:00.000,74576044.00000000,
2025-11-15 05:00:00.000,75938660.00000000,
2025-11-15 06:00:00.000,76825480.00000000,
2025-11-15 07:00:00.000,77777142.00000000,
2025-11-15 08:00:00.000,78574726.00000000,
2025-11-15 09:00:00.000,79898813.00000000,
2025-11-15 10:00:00.000,80954966.00000000,
2025-11-15 11:00:00.000,81218632.00000000,
2025-11-15 12:00:00.000,80987944.00000000,
2025-11-15 13:00:00.000,80936734.00000000,
2025-11-15 14:00:00.000,80680598.00000000,
2025-11-15 15:00:00.000,80312288.00000000,
2025-11-15 16:00:00.000,80504654.00000000,
2025-11-15 17:00:00.000,81073072.00000000,
2025-11-15 18:00:00.000,80372238.00000000,
2025-11-15 19:00:00.000,80430576.00000000,
2025-11-15 20:00:00.000,80371016.00000000,
2025-11-15 21:00:00.000,80601346.00000000,
2025-11-15 22:00:00.000,81452186.00000000,
2025-11-15 23:00:00.000,81184102.00000000,
2025-11-16 00:00:00.000,80955552.00000000,
2025-11-16 01:00:00.000,80407192.00000000,
2025-11-16 02:00:00.000,80345562.00000000,
2025-11-16 03:00:00.000,80338966.00000000,
2025-11-16 04:00:00.000,80404300.00000000,
2025-11-16 05:00:00.000,80167900.00000000,
2025-11-16 06:00:00.000,80090924.00000000,
2025-11-16 07:00:00.000,80370824.00000000,
2025-11-16 08:00:00.000,80014360.00000000,
2025-11-16 09:00:00.000,79888010.00000000,
2025-11-16 10:00:00.000,80315174.00000000,
2025-11-16 11:00:00.000,81184760.00000000,
2025-11-16 12:00:00.000,80482044.00000000,
2025-11-16 13:00:00.000,79801944.00000000,
2025-11-16 14:00:00.000,79761888.00000000,
2025-11-16 15:00:00.000,79846234.00000000,
2025-11-16 16:00:00.000,78686650.00000000,
2025-11-16 17:00:00.000,78577518.00000000,
2025-11-16 18:00:00.000,79251000.00000000,
2025-11-16 19:00:00.000,79079984.00000000,
2025-11-16 20:00:00.000,79225042.00000000,
2025-11-16 21:00:00.000,79121136.00000000,
2025-11-16 22:00:00.000,79116410.00000000,
2025-11-16 23:00:00.000,79310408.00000000,
2025-11-17 00:00:00.000,78220112.00000000,
2025-11-17 01:00:00.000,77301934.00000000,
2025-11-17 02:00:00.000,76610842.00000000,
2025-11-17 03:00:00.000,75865188.00000000,
2025-11-17 04:00:00.000,74882420.00000000,
2025-11-17 05:00:00.000,73305920.00000000,
2025-11-17 06:00:00.000,73630408.00000000,
2025-11-17 07:00:00.000,73625396.00000000,
2025-11-17 08:00:00.000,73500880.00000000,
2025-11-17 09:00:00.000,73243662.00000000,
2025-11-17 10:00:00.000,73257824.00000000,
2025-11-17 11:00:00.000,73206296.00000000,
2025-11-17 12:00:00.000,72867834.00000000,
2025-11-17 13:00:00.000,73044974.00000000,
2025-11-17 14:00:00.000,72574286.00000000,
2025-11-17 15:00:00.000,70987542.00000000,
2025-11-17 16:00:00.000,69159618.00000000,
2025-11-17 17:00:00.000,69370428.00000000,
2025-11-17 18:00:00.000,67697158.00000000,
2025-11-17 19:00:00.000,67361168.00000000,
2025-11-17 20:00:00.000,66158356.00000000,
2025-11-17 21:00:00.000,66475398.00000000,
2025-11-17 22:00:00.000,66777888.00000000,
2025-11-17 23:00:00.000,66032404.00000000,
2025-11-18 00:00:00.000,67125500.00000000,
2025-11-18 01:00:00.000,67490192.00000000,
2025-11-18 02:00:00.000,67555932.00000000,
2025-11-18 03:00:00.000,68254929.00000000,
2025-11-18 04:00:00.000,68269428.00000000,
2025-11-18 05:00:00.000,68244740.00000000,
2025-11-18 06:00:00.000,68629450.00000000,
2025-11-18 07:00:00.000,67995590.00000000,
2025-11-18 08:00:00.000,67846654.00000000,
2025-11-18 09:00:00.000,68437616.00000000,
2025-11-18 10:00:00.000,68723136.00000000,
2025-11-18 11:00:00.000,68723276.00000000,
2025-11-18 12:00:00.000,68840732.00000000,
2025-11-18 13:00:00.000,68284478.00000000,
2025-11-18 14:00:00.000,68819512.00000000,
2025-11-18 15:00:00.000,68785282.00000000,
2025-11-18 16:00:00.000,69347614.00000000,
2025-11-18 17:00:00.000,76608419.00000000,
2025-11-18 18:00:00.000,73883656.00000000,
2025-11-18 19:00:00.000,73951654.00000000,
2025-11-18 20:00:00.000,73823512.00000000,
2025-11-18 21:00:00.000,73424339.00000000,
2025-11-18 22:00:00.000,71254214.00000000,
2025-11-18 23:00:00.000,71058208.00000000,
2025-11-19 00:00:00.000,70558944.00000000,
2025-11-19 01:00:00.000,69384036.00000000,
2025-11-19 02:00:00.000,69460668.00000000,
2025-11-19 03:00:00.000,69698944.00000000,
2025-11-19 04:00:00.000,69839854.00000000,
2025-11-19 05:00:00.000,69586768.00000000,
2025-11-19 06:00:00.000,69234180.00000000,
2025-11-19 07:00:00.000,69864910.00000000,
2025-11-19 08:00:00.000,69563974.00000000,
2025-11-19 09:00:00.000,69768898.00000000,
2025-11-19 10:00:00.000,70143622.00000000,
2025-11-19 11:00:00.000,70441126.00000000,
2025-11-19 12:00:00.000,70529526.00000000,
2025-11-19 13:00:00.000,70451846.00000000,
2025-11-19 14:00:00.000,69307548.00000000,
2025-11-19 15:00:00.000,68732384.00000000,
2025-11-19 16:00:00.000,68599336.00000000,
2025-11-19 17:00:00.000,68344596.00000000,
2025-11-19 18:00:00.000,66452385.00000000,
2025-11-19 19:00:00.000,66794132.00000000,
2025-11-19 20:00:00.000,67181742.00000000,
2025-11-19 21:00:00.000,67584396.00000000,
2025-11-19 22:00:00.000,67714883.00000000,
2025-11-19 23:00:00.000,67471620.00000000,
2025-11-20 00:00:00.000,67699954.00000000,
2025-11-20 01:00:00.000,67258124.00000000,
2025-11-20 02:00:00.000,67214304.00000000,
2025-11-20 03:00:00.000,67280836.00000000,
2025-11-20 04:00:00.000,66977694.00000000,
2025-11-20 05:00:00.000,67048812.00000000,
2025-11-20 06:00:00.000,67089936.00000000,
2025-11-20 07:00:00.000,66778452.00000000,
2025-11-20 08:00:00.000,66855900.00000000,
2025-11-20 09:00:00.000,66854204.00000000,
2025-11-20 10:00:00.000,66612380.00000000,
2025-11-20 11:00:00.000,66930592.00000000,
2025-11-20 12:00:00.000,66868674.00000000,
2025-11-20 13:00:00.000,67673792.00000000,
2025-11-20 14:00:00.000,67845722.00000000,
2025-11-20 15:00:00.000,67231810.00000000,
2025-11-20 16:00:00.000,67173678.00000000,
2025-11-20 17:00:00.000,66293990.00000000,
2025-11-20 18:00:00.000,67535771.00000000,
2025-11-20 19:00:00.000,67532126.00000000,
2025-11-20 20:00:00.000,67496146.00000000,
2025-11-20 21:00:00.000,67432194.00000000,
2025-11-20 22:00:00.000,67633154.00000000,
2025-11-20 23:00:00.000,67919409.00000000,
2025-11-21 00:00:00.000,67779238.00000000,
2025-11-21 01:00:00.000,68312936.00000000,
2025-11-21 02:00:00.000,67761530.00000000,
2025-11-21 03:00:00.000,67627254.00000000,
2025-11-21 04:00:00.000,67776832.00000000,
2025-11-21 05:00:00.000,67890168.00000000,
2025-11-21 06:00:00.000,67813318.00000000,
2025-11-21 07:00:00.000,67569794.00000000,
2025-11-21 08:00:00.000,68731242.00000000,
2025-11-21 09:00:00.000,68615716.00000000,
2025-11-21 10:00:00.000,69098990.00000000,
2025-11-21 11:00:00.000,68881316.00000000,
2025-11-21 12:00:00.000,68881554.00000000,
2025-11-21 13:00:00.000,70497320.00000000,
2025-11-21 14:00:00.000,70698388.00000000,
2025-11-21 15:00:00.000,69869321.00000000,
2025-11-21 16:00:00.000,69972954.00000000,
2025-11-21 17:00:00.000,70280424.00000000,
2025-11-21 18:00:00.000,69844628.00000000,
2025-11-21 19:00:00.000,69641150.00000000,
2025-11-21 20:00:00.000,70078684.00000000,
2025-11-21 21:00:00.000,69647518.00000000,
2025-11-21 22:00:00.000,69656036.00000000,
2025-11-21 23:00:00.000,69319966.00000000,
2025-11-22 00:00:00.000,69073160.00000000,
2025-11-22 01:00:00.000,68770788.00000000,
2025-11-22 02:00:00.000,69395016.00000000,
2025-11-22 03:00:00.000,69676506.00000000,
2025-11-22 04:00:00.000,69481906.00000000,
2025-11-22 05:00:00.000,68971040.00000000,
2025-11-22 06:00:00.000,68887478.00000000,
2025-11-22 07:00:00.000,69101390.00000000,
2025-11-22 08:00:00.000,69079638.00000000,
2025-11-22 09:00:00.000,68828016.00000000,
2025-11-22 10:00:00.000,68598648.00000000,
2025-11-22 11:00:00.000,68280134.00000000,
2025-11-22 12:00:00.000,68320284.00000000,
2025-11-22 13:00:00.000,68229202.00000000,
2025-11-22 14:00:00.000,69038132.00000000,
2025-11-22 15:00:00.000,70708586.00000000,
2025-11-22 16:00:00.000,69971359.00000000,
2025-11-22 17:00:00.000,70535716.00000000,
2025-11-22 18:00:00.000,71091584.00000000,
2025-11-22 19:00:00.000,71075536.00000000,
2025-11-22 20:00:00.000,71159332.00000000,
2025-11-22 21:00:00.000,71179472.00000000,
2025-11-22 22:00:00.000,70957274.00000000,
2025-11-22 23:00:00.000,70625490.00000000,
2025-11-23 00:00:00.000,70537492.00000000,
2025-11-23 01:00:00.000,70610026.00000000,
2025-11-23 02:00:00.000,70524233.00000000,
2025-11-23 03:00:00.000,70722354.00000000,
2025-11-23 04:00:00.000,70360668.00000000,
2025-11-23 05:00:00.000,70924944.00000000,
2025-11-23 06:00:00.000,70530872.00000000,
2025-11-23 07:00:00.000,70142484.00000000,
2025-11-23 08:00:00.000,70468666.00000000,
2025-11-23 09:00:00.000,70394562.00000000,
2025-11-23 10:00:00.000,70561012.00000000,
2025-11-23 11:00:00.000,69982508.00000000,
2025-11-23 12:00:00.000,70291530.00000000,
2025-11-23 13:00:00.000,70344012.00000000,
2025-11-23 14:00:00.000,70420696.00000000,
2025-11-23 15:00:00.000,70041754.00000000,
2025-11-23 16:00:00.000,69667662.00000000,
2025-11-23 17:00:00.000,69862123.00000000,
2025-11-23 18:00:00.000,70025250.00000000,
2025-11-23 19:00:00.000,69503445.00000000,
2025-11-23 20:00:00.000,69457566.00000000,
2025-11-23 21:00:00.000,69649516.00000000,
2025-11-23 22:00:00.000,69679894.00000000,
2025-11-23 23:00:00.000,69438792.00000000,
2025-11-24 00:00:00.000,69528384.00000000,
2025-11-24 01:00:00.000,70798062.00000000,
2025-11-24 02:00:00.000,71409623.00000000,
2025-11-24 03:00:00.000,71251084.00000000,
2025-11-24 04:00:00.000,71421438.00000000,
2025-11-24 05:00:00.000,71414380.00000000,
2025-11-24 06:00:00.000,71822590.00000000,
2025-11-24 07:00:00.000,72020572.00000000,
2025-11-24 08:00:00.000,71766906.00000000,
2025-11-24 09:00:00.000,72062934.00000000,
2025-11-24 10:00:00.000,71776272.00000000,
2025-11-24 11:00:00.000,72658332.00000000,
2025-11-24 12:00:00.000,72998908.00000000,
2025-11-24 13:00:00.000,72553292.00000000,
2025-11-24 14:00:00.000,72538554.00000000,
2025-11-24 15:00:00.000,72126227.00000000,
2025-11-24 16:00:00.000,72593270.00000000,
2025-11-24 17:00:00.000,72555808.00000000,
2025-11-24 18:00:00.000,76997424.00000000,
2025-11-24 19:00:00.000,73227888.00000000,
2025-11-24 20:00:00.000,72795558.00000000,
2025-11-24 21:00:00.000,72639991.00000000,
2025-11-24 22:00:00.000,72821718.00000000,
2025-11-24 23:00:00.000,72212768.00000000,
2025-11-25 00:00:00.000,72524718.00000000,
2025-11-25 01:00:00.000,73285452.00000000,
2025-11-25 02:00:00.000,73818134.00000000,
2025-11-25 03:00:00.000,73796580.00000000,
2025-11-25 04:00:00.000,74261854.00000000,
2025-11-25 05:00:00.000,74325590.00000000,
2025-11-25 06:00:00.000,74384184.00000000,
2025-11-25 07:00:00.000,74379582.00000000,
2025-11-25 08:00:00.000,74430837.00000000,
2025-11-25 09:00:00.000,73968930.00000000,
2025-11-25 10:00:00.000,75557578.00000000,
2025-11-25 11:00:00.000,75841526.00000000,
2025-11-25 12:00:00.000,75840116.00000000,
2025-11-25 13:00:00.000,75632158.00000000,
2025-11-25 14:00:00.000,76286342.00000000,
2025-11-25 15:00:00.000,75574690.00000000,
2025-11-25 16:00:00.000,75114712.00000000,
2025-11-25 17:00:00.000,75114043.00000000,
2025-11-25 18:00:00.000,75647692.00000000,
2025-11-25 19:00:00.000,75264194.00000000,
2025-11-25 20:00:00.000,75109836.00000000,
2025-11-25 21:00:00.000,83285436.00000000,
2025-11-25 22:00:00.000,83287656.00000000,
2025-11-25 23:00:00.000,82691128.00000000,
2025-11-26 00:00:00.000,82589598.00000000,
2025-11-26 01:00:00.000,81347086.00000000,
2025-11-26 02:00:00.000,81034248.00000000,
2025-11-26 03:00:00.000,81370412.00000000,
2025-11-26 04:00:00.000,81967378.00000000,
2025-11-26 05:00:00.000,82333500.00000000,
2025-11-26 06:00:00.000,82508698.00000000,
2025-11-26 07:00:00.000,82645614.00000000,
2025-11-26 08:00:00.000,83580294.00000000,
2025-11-26 09:00:00.000,83527414.00000000,
2025-11-26 10:00:00.000,83686952.00000000,
2025-11-26 11:00:00.000,83599714.00000000,
2025-11-26 12:00:00.000,85219566.00000000,
2025-11-26 13:00:00.000,84999502.00000000,
2025-11-26 14:00:00.000,85375942.00000000,
2025-11-26 15:00:00.000,85482993.00000000,
2025-11-26 16:00:00.000,85613024.00000000,
2025-11-26 17:00:00.000,85650432.00000000,
2025-11-26 18:00:00.000,86200714.00000000,
2025-11-26 19:00:00.000,86214106.00000000,
2025-11-26 20:00:00.000,86069725.00000000,
2025-11-26 21:00:00.000,87020196.00000000,
2025-11-26 22:00:00.000,87938232.00000000,
2025-11-26 23:00:00.000,87393338.00000000,
2025-11-27 00:00:00.000,87260238.00000000,
2025-11-27 01:00:00.000,87781920.00000000,
2025-11-27 02:00:00.000,87725987.00000000,
2025-11-27 03:00:00.000,87978256.00000000,
2025-11-27 04:00:00.000,87765172.00000000,
2025-11-27 05:00:00.000,87708702.00000000,
2025-11-27 06:00:00.000,87042684.00000000,
2025-11-27 07:00:00.000,87071864.00000000,
2025-11-27 08:00:00.000,86816558.00000000,
2025-11-27 09:00:00.000,86821460.00000000,
2025-11-27 10:00:00.000,87229372.00000000,
2025-11-27 11:00:00.000,86939128.00000000,
2025-11-27 12:00:00.000,87626478.00000000,
2025-11-27 13:00:00.000,87185714.00000000,
2025-11-27 14:00:00.000,87092408.00000000,
2025-11-27 15:00:00.000,87349318.00000000,
2025-11-27 16:00:00.000,87684976.00000000,
2025-11-27 17:00:00.000,88022856.00000000,
2025-11-27 18:00:00.000,87818176.00000000,
2025-11-27 19:00:00.000,88040719.00000000,
2025-11-27 20:00:00.000,88114810.00000000,
2025-11-27 21:00:00.000,88238528.00000000,
2025-11-27 22:00:00.000,87892412.00000000,
2025-11-27 23:00:00.000,87621874.00000000,
2025-11-28 00:00:00.000,87941692.00000000,
2025-11-28 01:00:00.000,87756746.00000000,
2025-11-28 02:00:00.000,87332756.00000000,
2025-11-28 03:00:00.000,86684507.00000000,
2025-11-28 04:00:00.000,86525502.00000000,
2025-11-28 05:00:00.000,86922014.00000000,
2025-11-28 06:00:00.000,87616040.00000000,
2025-11-28 07:00:00.000,88840076.00000000,
2025-11-28 08:00:00.000,89021956.00000000,
2025-11-28 09:00:00.000,88638425.00000000,
2025-11-28 10:00:00.000,89662242.00000000,
2025-11-28 11:00:00.000,89189946.00000000,
2025-11-28 12:00:00.000,89105852.00000000,
2025-11-28 13:00:00.000,89412796.00000000,
2025-11-28 14:00:00.000,89774410.00000000,
2025-11-28 15:00:00.000,89984400.00000000,
2025-11-28 16:00:00.000,89377648.00000000,
2025-11-28 17:00:00.000,88551514.00000000,
2025-11-28 18:00:00.000,88224663.00000000,
2025-11-28 19:00:00.000,88288331.00000000,
2025-11-28 20:00:00.000,88406694.00000000,
2025-11-28 21:00:00.000,88278644.00000000,
2025-11-28 22:00:00.000,87890994.00000000,
2025-11-28 23:00:00.000,87501548.00000000,
2025-11-29 00:00:00.000,86636164.00000000,
2025-11-29 01:00:00.000,85940295.00000000,
2025-11-29 02:00:00.000,85952538.00000000,
2025-11-29 03:00:00.000,85762948.00000000,
2025-11-29 04:00:00.000,85475138.00000000,
2025-11-29 05:00:00.000,85500250.00000000,
2025-11-29 06:00:00.000,86749182.00000000,
2025-11-29 07:00:00.000,86370750.00000000,
2025-11-29 08:00:00.000,85928638.00000000,
2025-11-29 09:00:00.000,85735016.00000000,
2025-11-29 10:00:00.000,85832830.00000000,
2025-11-29 11:00:00.000,85979822.00000000,
2025-11-29 12:00:00.000,85852538.00000000,
2025-11-29 13:00:00.000,85875488.00000000,
2025-11-29 14:00:00.000,85941310.00000000,
2025-11-29 15:00:00.000,86042132.00000000,
2025-11-29 16:00:00.000,86080000.00000000,
2025-11-29 17:00:00.000,86192862.00000000,
2025-11-29 18:00:00.000,85728056.00000000,
2025-11-29 19:00:00.000,85209088.00000000,
2025-11-29 20:00:00.000,85119082.00000000,
2025-11-29 21:00:00.000,84892940.00000000,
2025-11-29 22:00:00.000,84817016.00000000,
2025-11-29 23:00:00.000,84253660.00000000,
2025-11-30 00:00:00.000,83961186.00000000,
2025-11-30 01:00:00.000,84430170.00000000,
2025-11-30 02:00:00.000,84485268.00000000,
2025-11-30 03:00:00.000,84243578.00000000,
2025-11-30 04:00:00.000,84155986.00000000,
2025-11-30 05:00:00.000,84082552.00000000,
2025-11-30 06:00:00.000,84255808.00000000,
2025-11-30 07:00:00.000,84354410.00000000,
2025-11-30 08:00:00.000,84676722.00000000,
2025-11-30 09:00:00.000,84523090.00000000,
2025-11-30 10:00:00.000,84320122.00000000,
2025-11-30 11:00:00.000,84160824.00000000,
2025-11-30 12:00:00.000,83614832.00000000,
2025-11-30 13:00:00.000,83669000.00000000,
2025-11-30 14:00:00.000,84311378.00000000,
2025-11-30 15:00:00.000,84341477.00000000,
2025-11-30 16:00:00.000,84061762.00000000,
2025-11-30 17:00:00.000,84248412.00000000,
2025-11-30 18:00:00.000,90258688.00000000,
2025-11-30 19:00:00.000,90274430.00000000,
2025-11-30 20:00:00.000,89807078.00000000,
2025-11-30 21:00:00.000,89445776.00000000,
2025-11-30 22:00:00.000,89343786.00000000,
2025-11-30 23:00:00.000,88453128.00000000,
2025-12-01 00:00:00.000,88539230.00000000,
2025-12-01 01:00:00.000,84788897.00000000,
2025-12-01 02:00:00.000,84960667.00000000,
2025-12-01 03:00:00.000,84286465.00000000,
2025-12-01 04:00:00.000,83571417.00000000,
2025-12-01 05:00:00.000,83536769.00000000,
2025-12-01 06:00:00.000,83417859.00000000,
2025-12-01 07:00:00.000,83377887.00000000,
2025-12-01 08:00:00.000,83153855.00000000,
2025-12-01 09:00:00.000,83554871.00000000,
2025-12-01 10:00:00.000,83468545.00000000,
2025-12-01 11:00:00.000,84102739.00000000,
2025-12-01 12:00:00.000,83909243.00000000,
2025-12-01 13:00:00.000,80001499.00000000,
2025-12-01 14:00:00.000,79200195.00000000,
2025-12-01 15:00:00.000,80315387.00000000,
2025-12-01 16:00:00.000,78831157.00000000,
2025-12-01 17:00:00.000,79071442.00000000,
2025-12-01 18:00:00.000,79276751.00000000,
2025-12-01 19:00:00.000,79889901.00000000,
2025-12-01 20:00:00.000,79998141.00000000,
2025-12-01 21:00:00.000,79896871.00000000,
2025-12-01 22:00:00.000,79959297.00000000,
2025-12-01 23:00:00.000,80111381.00000000,
2025-12-02 00:00:00.000,80420371.00000000,
2025-12-02 01:00:00.000,81420449.00000000,
2025-12-02 02:00:00.000,81382117.00000000,
2025-12-02 03:00:00.000,82148291.00000000,
2025-12-02 04:00:00.000,82785603.00000000,
2025-12-02 05:00:00.000,82839337.00000000,
2025-12-02 06:00:00.000,83370499.00000000,
2025-12-02 07:00:00.000,84327747.00000000,
2025-12-02 08:00:00.000,84867471.00000000,
2025-12-02 09:00:00.000,83731659.00000000,
2025-12-02 10:00:00.000,83534222.00000000,
2025-12-02 11:00:00.000,83818911.00000000,
2025-12-02 12:00:00.000,85811672.00000000,
2025-12-02 13:00:00.000,85732477.00000000,
2025-12-02 14:00:00.000,85237485.00000000,
2025-12-02 15:00:00.000,85640907.00000000,
2025-12-02 16:00:00.000,98800615.00000000,
2025-12-02 17:00:00.000,99032130.00000000,
2025-12-02 18:00:00.000,98577154.00000000,
2025-12-02 19:00:00.000,98058582.00000000,
2025-12-02 20:00:00.000,98337344.00000000,
2025-12-02 21:00:00.000,97051608.00000000,
2025-12-02 22:00:00.000,96979472.00000000,
2025-12-02 23:00:00.000,96636040.00000000,
2025-12-03 00:00:00.000,96592808.00000000,
2025-12-03 01:00:00.000,96422674.00000000,
2025-12-03 02:00:00.000,89900296.00000000,
2025-12-03 03:00:00.000,87773296.00000000,
2025-12-03 04:00:00.000,87761925.00000000,
2025-12-03 05:00:00.000,87300068.00000000,
2025-12-03 06:00:00.000,87378150.00000000,
2025-12-03 07:00:00.000,87057230.00000000,
2025-12-03 08:00:00.000,86913714.00000000,
2025-12-03 09:00:00.000,86643954.00000000,
2025-12-03 10:00:00.000,86841328.00000000,
2025-12-03 11:00:00.000,86064534.00000000,
2025-12-03 12:00:00.000,86399860.00000000,
2025-12-03 13:00:00.000,86085174.00000000,
2025-12-03 14:00:00.000,85414344.00000000,
2025-12-03 15:00:00.000,85122362.00000000,
2025-12-03 16:00:00.000,85393156.00000000,
2025-12-03 17:00:00.000,85000008.00000000,
2025-12-03 18:00:00.000,84850676.00000000,
2025-12-03 19:00:00.000,84565392.00000000,
2025-12-03 20:00:00.000,84478858.00000000,
2025-12-03 21:00:00.000,84130228.00000000,
2025-12-03 22:00:00.000,84181462.00000000,
2025-12-03 23:00:00.000,83805014.00000000,
2025-12-04 00:00:00.000,83732170.00000000,
2025-12-04 01:00:00.000,84167862.00000000,
2025-12-04 02:00:00.000,84499746.00000000,
2025-12-04 03:00:00.000,84430490.00000000,
2025-12-04 04:00:00.000,84124614.00000000,
2025-12-04 05:00:00.000,84398402.00000000,
2025-12-04 06:00:00.000,84585510.00000000,
2025-12-04 07:00:00.000,83856110.00000000,
2025-12-04 08:00:00.000,83928011.00000000,
2025-12-04 09:00:00.000,83979368.00000000,
2025-12-04 10:00:00.000,84099792.00000000,
2025-12-04 11:00:00.000,84185716.00000000,
2025-12-04 12:00:00.000,83950150.00000000,
2025-12-04 13:00:00.000,84542492.00000000,
2025-12-04 14:00:00.000,83561998.00000000,
2025-12-04 15:00:00.000,84274369.00000000,
2025-12-04 16:00:00.000,83188089.00000000,
2025-12-04 17:00:00.000,83077079.00000000,
2025-12-04 18:00:00.000,83018263.00000000,
2025-12-04 19:00:00.000,82963291.00000000,
2025-12-04 20:00:00.000,81393225.00000000,
2025-12-04 21:00:00.000,81489911.00000000,
2025-12-04 22:00:00.000,82072215.00000000,
2025-12-04 23:00:00.000,81711721.00000000,
2025-12-05 00:00:00.000,82493031.00000000,
2025-12-05 01:00:00.000,82415963.00000000,
2025-12-05 02:00:00.000,82446909.00000000,
2025-12-05 03:00:00.000,82483073.00000000,
2025-12-05 04:00:00.000,82856527.00000000,
2025-12-05 05:00:00.000,82192687.00000000,
2025-12-05 06:00:00.000,82285489.00000000,
2025-12-05 07:00:00.000,82572039.00000000,
2025-12-05 08:00:00.000,82883915.00000000,
2025-12-05 09:00:00.000,82827063.00000000,
2025-12-05 10:00:00.000,83716047.00000000,
2025-12-05 11:00:00.000,84201975.00000000,
2025-12-05 12:00:00.000,83903203.00000000,
2025-12-05 13:00:00.000,85012075.00000000,
2025-12-05 14:00:00.000,84716882.00000000,
2025-12-05 15:00:00.000,84365384.00000000,
2025-12-05 16:00:00.000,83799749.00000000,
2025-12-05 17:00:00.000,83779464.00000000,
2025-12-05 18:00:00.000,84099546.00000000,
2025-12-05 19:00:00.000,83679182.00000000,
2025-12-05 20:00:00.000,83400894.00000000,
2025-12-05 21:00:00.000,83524826.00000000,
2025-12-05 22:00:00.000,83839766.00000000,
2025-12-05 23:00:00.000,83790918.00000000,
2025-12-06 00:00:00.000,83584982.00000000,
2025-12-06 01:00:00.000,83636634.00000000,
2025-12-06 02:00:00.000,83523332.00000000,
2025-12-06 03:00:00.000,83776134.00000000,
2025-12-06 04:00:00.000,83998218.00000000,
2025-12-06 05:00:00.000,84313876.00000000,
2025-12-06 06:00:00.000,84624398.00000000,
2025-12-06 07:00:00.000,84477034.00000000,
2025-12-06 08:00:00.000,84305286.00000000,
2025-12-06 09:00:00.000,84325970.00000000,
2025-12-06 10:00:00.000,84342482.00000000,
2025-12-06 11:00:00.000,84299182.00000000,
2025-12-06 12:00:00.000,84056954.00000000,
2025-12-06 13:00:00.000,84003774.00000000,
2025-12-06 14:00:00.000,84084870.00000000,
2025-12-06 15:00:00.000,84057110.00000000,
2025-12-06 16:00:00.000,83907370.00000000,
2025-12-06 17:00:00.000,84123078.00000000,
2025-12-06 18:00:00.000,84327450.00000000,
2025-12-06 19:00:00.000,85044780.00000000,
2025-12-06 20:00:00.000,85564672.00000000,
2025-12-06 21:00:00.000,84895432.00000000,
2025-12-06 22:00:00.000,84678676.00000000,
2025-12-06 23:00:00.000,84388326.00000000,
2025-12-07 00:00:00.000,84055162.00000000,
2025-12-07 01:00:00.000,83823903.00000000,
2025-12-07 02:00:00.000,83939792.00000000,
2025-12-07 03:00:00.000,83754366.00000000,
2025-12-07 04:00:00.000,83736662.00000000,
2025-12-07 05:00:00.000,83492306.00000000,
2025-12-07 06:00:00.000,83768170.00000000,
2025-12-07 07:00:00.000,84008748.00000000,
2025-12-07 08:00:00.000,83416660.00000000,
2025-12-07 09:00:00.000,82293316.00000000,
2025-12-07 10:00:00.000,82046586.00000000,
2025-12-07 11:00:00.000,82426002.00000000,
2025-12-07 12:00:00.000,82542802.00000000,
2025-12-07 13:00:00.000,82259542.00000000,
2025-12-07 14:00:00.000,82297958.00000000,
2025-12-07 15:00:00.000,81035720.00000000,
2025-12-07 16:00:00.000,81558664.00000000,
2025-12-07 17:00:00.000,81431520.00000000,
2025-12-07 18:00:00.000,82582781.00000000,
2025-12-07 19:00:00.000,82422632.00000000,
2025-12-07 20:00:00.000,82904978.00000000,
2025-12-07 21:00:00.000,82767051.00000000,
2025-12-07 22:00:00.000,82319113.00000000,
2025-12-07 23:00:00.000,81879596.00000000,
2025-12-08 00:00:00.000,82094672.00000000,
2025-12-08 01:00:00.000,82511964.00000000,
2025-12-08 02:00:00.000,82550065.00000000,
2025-12-08 03:00:00.000,82120544.00000000,
2025-12-08 04:00:00.000,82301722.00000000,
2025-12-08 05:00:00.000,82049426.00000000,
2025-12-08 06:00:00.000,82130172.00000000,
2025-12-08 07:00:00.000,82166282.00000000,
2025-12-08 08:00:00.000,82303970.00000000,
2025-12-08 09:00:00.000,82285416.00000000,
2025-12-08 10:00:00.000,82438718.00000000,
2025-12-08 11:00:00.000,82605950.00000000,
2025-12-08 12:00:00.000,82319216.00000000,
2025-12-08 13:00:00.000,82371566.00000000,
2025-12-08 14:00:00.000,82081032.00000000,
2025-12-08 15:00:00.000,82579687.00000000,
2025-12-08 16:00:00.000,81647300.00000000,
2025-12-08 17:00:00.000,81416538.00000000,
2025-12-08 18:00:00.000,81721832.00000000,
2025-12-08 19:00:00.000,81271100.00000000,
2025-12-08 20:00:00.000,81020331.00000000,
2025-12-08 21:00:00.000,81038695.00000000,
2025-12-08 22:00:00.000,81229373.00000000,
2025-12-08 23:00:00.000,81226865.00000000,
2025-12-09 00:00:00.000,81214309.00000000,
2025-12-09 01:00:00.000,81834769.00000000,
2025-12-09 02:00:00.000,82145567.00000000,
2025-12-09 03:00:00.000,82234923.00000000,
2025-12-09 04:00:00.000,81969341.00000000,
2025-12-09 05:00:00.000,81967783.00000000,
2025-12-09 06:00:00.000,82007921.00000000,
2025-12-09 07:00:00.000,82464595.00000000,
2025-12-09 08:00:00.000,82439615.00000000,
2025-12-09 09:00:00.000,83625905.00000000,
2025-12-09 10:00:00.000,82873633.00000000,
2025-12-09 11:00:00.000,82108375.00000000,
2025-12-09 12:00:00.000,82041999.00000000,
2025-12-09 13:00:00.000,82137235.00000000,
2025-12-09 14:00:00.000,82570835.00000000,
2025-12-09 15:00:00.000,83025644.00000000,
2025-12-09 16:00:00.000,84301672.00000000,
2025-12-09 17:00:00.000,84695585.00000000,
2025-12-09 18:00:00.000,84466456.00000000,
2025-12-09 19:00:00.000,84552866.00000000,
2025-12-09 20:00:00.000,84421058.00000000,
2025-12-09 21:00:00.000,83679572.00000000,
2025-12-09 22:00:00.000,82651255.00000000,
2025-12-09 23:00:00.000,82622740.00000000,
2025-12-10 00:00:00.000,82573557.00000000,
2025-12-10 01:00:00.000,83051977.00000000,
2025-12-10 02:00:00.000,82901885.00000000,
2025-12-10 03:00:00.000,84366037.00000000,
2025-12-10 04:00:00.000,84202035.00000000,
2025-12-10 05:00:00.000,84676079.00000000,
2025-12-10 06:00:00.000,85502067.00000000,
2025-12-10 07:00:00.000,84986985.00000000,
2025-12-10 08:00:00.000,85038759.00000000,
2025-12-10 09:00:00.000,85320775.00000000,
2025-12-10 10:00:00.000,85549225.00000000,
2025-12-10 11:00:00.000,85977955.00000000,
2025-12-10 12:00:00.000,85418039.00000000,
2025-12-10 13:00:00.000,85815455.00000000,
2025-12-10 14:00:00.000,86571929.00000000,
2025-12-10 15:00:00.000,86922505.00000000,
2025-12-10 16:00:00.000,86980319.00000000,
2025-12-10 17:00:00.000,87237287.00000000,
2025-12-10 18:00:00.000,85482321.00000000,
2025-12-10 19:00:00.000,84990243.00000000,
2025-12-10 20:00:00.000,85632479.00000000,
2025-12-10 21:00:00.000,86073665.00000000,
2025-12-10 22:00:00.000,86290928.00000000,
2025-12-10 23:00:00.000,86647171.00000000,
2025-12-11 00:00:00.000,86892697.00000000,
2025-12-11 01:00:00.000,87009114.00000000,
2025-12-11 02:00:00.000,86829400.00000000,
2025-12-11 03:00:00.000,86087452.00000000,
2025-12-11 04:00:00.000,86062380.00000000,
2025-12-11 05:00:00.000,85961830.00000000,
2025-12-11 06:00:00.000,86240188.00000000,
2025-12-11 07:00:00.000,86508408.00000000,
2025-12-11 08:00:00.000,86295788.00000000,
2025-12-11 09:00:00.000,85690826.00000000,
2025-12-11 10:00:00.000,85408766.00000000,
2025-12-11 11:00:00.000,85155378.00000000,
2025-12-11 12:00:00.000,85197028.00000000,
2025-12-11 13:00:00.000,85105860.00000000,
2025-12-11 14:00:00.000,85194600.00000000,
2025-12-11 15:00:00.000,84650228.00000000,
2025-12-11 16:00:00.000,85110168.00000000,
2025-12-11 17:00:00.000,84979617.00000000,
2025-12-11 18:00:00.000,85430056.00000000,
2025-12-11 19:00:00.000,85997398.00000000,
2025-12-11 20:00:00.000,85789168.00000000,
2025-12-11 21:00:00.000,85821466.00000000,
2025-12-11 22:00:00.000,87041668.00000000,
2025-12-11 23:00:00.000,87338049.00000000,
2025-12-12 00:00:00.000,87537050.00000000,
2025-12-12 01:00:00.000,87449148.00000000,
2025-12-12 02:00:00.000,87333852.00000000,
2025-12-12 03:00:00.000,87350532.00000000,
2025-12-12 04:00:00.000,87783818.00000000,
2025-12-12 05:00:00.000,87940528.00000000,
2025-12-12 06:00:00.000,88008046.00000000,
2025-12-12 07:00:00.000,88259570.00000000,
2025-12-12 08:00:00.000,88608140.00000000,
2025-12-12 09:00:00.000,88490250.00000000,
2025-12-12 10:00:00.000,89406900.00000000,
2025-12-12 11:00:00.000,89509994.00000000,
2025-12-12 12:00:00.000,89290122.00000000,
2025-12-12 13:00:00.000,89294490.00000000,
2025-12-12 14:00:00.000,88524268.00000000,
2025-12-12 15:00:00.000,88848814.00000000,
2025-12-12 16:00:00.000,88790945.00000000,
2025-12-12 17:00:00.000,88200626.00000000,
2025-12-12 18:00:00.000,89222372.00000000,
2025-12-12 19:00:00.000,88343518.00000000,
2025-12-12 20:00:00.000,88651352.00000000,
2025-12-12 21:00:00.000,88429072.00000000,
2025-12-12 22:00:00.000,88465526.00000000,
2025-12-12 23:00:00.000,87575950.00000000,
2025-12-13 00:00:00.000,86669378.00000000,
2025-12-13 01:00:00.000,86631314.00000000,
2025-12-13 02:00:00.000,86595226.00000000,
2025-12-13 03:00:00.000,86453498.00000000,
2025-12-13 04:00:00.000,86184326.00000000,
2025-12-13 05:00:00.000,85694890.00000000,
2025-12-13 06:00:00.000,85347702.00000000,
2025-12-13 07:00:00.000,85026264.00000000,
2025-12-13 08:00:00.000,85168794.00000000,
2025-12-13 09:00:00.000,85734144.00000000,
2025-12-13 10:00:00.000,85507384.00000000,
2025-12-13 11:00:00.000,85305700.00000000,
2025-12-13 12:00:00.000,85558934.00000000,
2025-12-13 13:00:00.000,85134572.00000000,
2025-12-13 14:00:00.000,85111992.00000000,
2025-12-13 15:00:00.000,84974854.00000000,
2025-12-13 16:00:00.000,85047668.00000000,
2025-12-13 17:00:00.000,84661274.00000000,
2025-12-13 18:00:00.000,84826814.00000000,
2025-12-13 19:00:00.000,84784546.00000000,
2025-12-13 20:00:00.000,85553374.00000000,
2025-12-13 21:00:00.000,85440626.00000000,
2025-12-13 22:00:00.000,85523250.00000000,
2025-12-13 23:00:00.000,85142698.00000000,
2025-12-14 00:00:00.000,84635376.00000000,
2025-12-14 01:00:00.000,83869114.00000000,
2025-12-14 02:00:00.000,83945806.00000000,
2025-12-14 03:00:00.000,83843834.00000000,
2025-12-14 04:00:00.000,83767492.00000000,
2025-12-14 05:00:00.000,83470006.00000000,
2025-12-14 06:00:00.000,83151836.00000000,
2025-12-14 07:00:00.000,83194816.00000000,
2025-12-14 08:00:00.000,83154628.00000000,
2025-12-14 09:00:00.000,83257068.00000000,
2025-12-14 10:00:00.000,83559684.00000000,
2025-12-14 11:00:00.000,83449220.00000000,
2025-12-14 12:00:00.000,82560380.00000000,
2025-12-14 13:00:00.000,82143552.00000000,
2025-12-14 14:00:00.000,81868233.00000000,
2025-12-14 15:00:00.000,81815585.00000000,
2025-12-14 16:00:00.000,81993122.00000000,
2025-12-14 17:00:00.000,82089274.00000000,
2025-12-14 18:00:00.000,82132942.00000000,
2025-12-14 19:00:00.000,81858458.00000000,
2025-12-14 20:00:00.000,81930068.00000000,
2025-12-14 21:00:00.000,81990840.00000000,
2025-12-14 22:00:00.000,82590036.00000000,
2025-12-14 23:00:00.000,82393926.00000000,
2025-12-15 00:00:00.000,82449472.00000000,
2025-12-15 01:00:00.000,82431134.00000000,
2025-12-15 02:00:00.000,82196564.00000000,
2025-12-15 03:00:00.000,82210072.00000000,
2025-12-15 04:00:00.000,81971900.00000000,
2025-12-15 05:00:00.000,82019932.00000000,
2025-12-15 06:00:00.000,83398660.00000000,
2025-12-15 07:00:00.000,83233198.00000000,
2025-12-15 08:00:00.000,83428700.00000000,
2025-12-15 09:00:00.000,83883980.00000000,
2025-12-15 10:00:00.000,83743954.00000000,
2025-12-15 11:00:00.000,83629774.00000000,
2025-12-15 12:00:00.000,84105208.00000000,
2025-12-15 13:00:00.000,84635604.00000000,
2025-12-15 14:00:00.000,84776000.00000000,
2025-12-15 15:00:00.000,84154662.00000000,
2025-12-15 16:00:00.000,84633223.00000000,
2025-12-15 17:00:00.000,83027127.00000000,
2025-12-15 18:00:00.000,81927262.00000000,
2025-12-15 19:00:00.000,81918981.00000000,
2025-12-15 20:00:00.000,82301096.00000000,
2025-12-15 21:00:00.000,82754504.00000000,
2025-12-15 22:00:00.000,83316622.00000000,
2025-12-15 23:00:00.000,82759228.00000000,
2025-12-16 00:00:00.000,82757844.00000000,
2025-12-16 01:00:00.000,84248052.00000000,
2025-12-16 02:00:00.000,84444394.00000000,
2025-12-16 03:00:00.000,84391310.00000000,
2025-12-16 04:00:00.000,85289063.00000000,
2025-12-16 05:00:00.000,84902584.00000000,
2025-12-16 06:00:00.000,84918502.00000000,
2025-12-16 07:00:00.000,84797016.00000000,
2025-12-16 08:00:00.000,83959238.00000000,
2025-12-16 09:00:00.000,85743004.00000000,
2025-12-16 10:00:00.000,86474630.00000000,
2025-12-16 11:00:00.000,86055930.00000000,
2025-12-16 12:00:00.000,86483626.00000000,
2025-12-16 13:00:00.000,86138752.00000000,
2025-12-16 14:00:00.000,85215203.00000000,
2025-12-16 15:00:00.000,85163096.00000000,
2025-12-16 16:00:00.000,85443850.00000000,
2025-12-16 17:00:00.000,85271572.00000000,
2025-12-16 18:00:00.000,85340398.00000000,
2025-12-16 19:00:00.000,84987998.00000000,
2025-12-16 20:00:00.000,84546522.00000000,
2025-12-16 21:00:00.000,84468102.00000000,
2025-12-16 22:00:00.000,85636326.00000000,
2025-12-16 23:00:00.000,85230422.00000000,
2025-12-17 00:00:00.000,85388942.00000000,
2025-12-17 01:00:00.000,85287104.00000000,
2025-12-17 02:00:00.000,85385618.00000000,
2025-12-17 03:00:00.000,85456590.00000000,
2025-12-17 04:00:00.000,85192800.00000000,
2025-12-17 05:00:00.000,85145718.00000000,
2025-12-17 06:00:00.000,84314628.00000000,
2025-12-17 07:00:00.000,84489176.00000000,
2025-12-17 08:00:00.000,84683180.00000000,
2025-12-17 09:00:00.000,84281110.00000000,
2025-12-17 10:00:00.000,84327194.00000000,
2025-12-17 11:00:00.000,84478386.00000000,
2025-12-17 12:00:00.000,84921606.00000000,
2025-12-17 13:00:00.000,84818020.00000000,
2025-12-17 14:00:00.000,84727324.00000000,
2025-12-17 15:00:00.000,84882068.00000000,
2025-12-17 16:00:00.000,84216180.00000000,
2025-12-17 17:00:00.000,83435193.00000000,
2025-12-17 18:00:00.000,83384564.00000000,
2025-12-17 19:00:00.000,83974007.00000000,
2025-12-17 20:00:00.000,84035557.00000000,
2025-12-17 21:00:00.000,84242151.00000000,
2025-12-17 22:00:00.000,84625300.00000000,
2025-12-17 23:00:00.000,84871705.00000000,
2025-12-18 00:00:00.000,84314351.00000000,
2025-12-18 01:00:00.000,85061625.00000000,
2025-12-18 02:00:00.000,84475042.00000000,
2025-12-18 03:00:00.000,84330058.00000000,
2025-12-18 04:00:00.000,85060742.00000000,
2025-12-18 05:00:00.000,84820286.00000000,
2025-12-18 06:00:00.000,84078400.00000000,
2025-12-18 07:00:00.000,83965198.00000000,
2025-12-18 08:00:00.000,84182538.00000000,
2025-12-18 09:00:00.000,83880500.00000000,
2025-12-18 10:00:00.000,84163240.00000000,
2025-12-18 11:00:00.000,84003648.00000000,
2025-12-18 12:00:00.000,84054718.00000000,
2025-12-18 13:00:00.000,83563106.00000000,
2025-12-18 14:00:00.000,83748836.00000000,
2025-12-18 15:00:00.000,82560544.00000000,
2025-12-18 16:00:00.000,82027642.00000000,
2025-12-18 17:00:00.000,81825210.00000000,
2025-12-18 18:00:00.000,81248089.00000000,
2025-12-18 19:00:00.000,80894803.00000000,
2025-12-18 20:00:00.000,81530341.00000000,
2025-12-18 21:00:00.000,80741093.00000000,
2025-12-18 22:00:00.000,81527127.00000000,
2025-12-18 23:00:00.000,81194859.00000000,
2025-12-19 00:00:00.000,81381745.00000000,
2025-12-19 01:00:00.000,81561618.00000000,
2025-12-19 02:00:00.000,81247713.00000000,
2025-12-19 03:00:00.000,81911793.00000000,
2025-12-19 04:00:00.000,81521637.00000000,
2025-12-19 05:00:00.000,81760265.00000000,
2025-12-19 06:00:00.000,81772331.00000000,
2025-12-19 07:00:00.000,82214629.00000000,
2025-12-19 08:00:00.000,82391617.00000000,
2025-12-19 09:00:00.000,82726925.00000000,
2025-12-19 10:00:00.000,82719789.00000000,
2025-12-19 11:00:00.000,83096107.00000000,
2025-12-19 12:00:00.000,83440709.00000000,
2025-12-19 13:00:00.000,83127779.00000000,
2025-12-19 14:00:00.000,83241781.00000000,
2025-12-19 15:00:00.000,83482367.00000000,
2025-12-19 16:00:00.000,83923048.00000000,
2025-12-19 17:00:00.000,82426227.00000000,
2025-12-19 18:00:00.000,82211635.00000000,
2025-12-19 19:00:00.000,82418167.00000000,
2025-12-19 20:00:00.000,81977533.00000000,
2025-12-19 21:00:00.000,81467374.00000000,
2025-12-19 22:00:00.000,81521929.00000000,
2025-12-19 23:00:00.000,82266125.00000000,
2025-12-20 00:00:00.000,82627789.00000000,
2025-12-20 01:00:00.000,81043749.00000000,
2025-12-20 02:00:00.000,81590555.00000000,
2025-12-20 03:00:00.000,81731947.00000000,
2025-12-20 04:00:00.000,81547331.00000000,
2025-12-20 05:00:00.000,81244911.00000000,
2025-12-20 06:00:00.000,81217655.00000000,
2025-12-20 07:00:00.000,81313041.00000000,
2025-12-20 08:00:00.000,81066058.00000000,
2025-12-20 09:00:00.000,80845013.00000000,
2025-12-20 10:00:00.000,80615445.00000000,
2025-12-20 11:00:00.000,81011463.00000000,
2025-12-20 12:00:00.000,80754763.00000000,
2025-12-20 13:00:00.000,80584619.00000000,
2025-12-20 14:00:00.000,81645007.00000000,
2025-12-20 15:00:00.000,81616089.00000000,
2025-12-20 16:00:00.000,81752395.00000000,
2025-12-20 17:00:00.000,81556355.00000000,
2025-12-20 18:00:00.000,81412573.00000000,
2025-12-20 19:00:00.000,80994467.00000000,
2025-12-20 20:00:00.000,80974793.00000000,
2025-12-20 21:00:00.000,81545285.00000000,
2025-12-20 22:00:00.000,81158983.00000000,
2025-12-20 23:00:00.000,81767959.00000000,
2025-12-21 00:00:00.000,81287685.00000000,
2025-12-21 01:00:00.000,80939955.00000000,
2025-12-21 02:00:00.000,81292743.00000000,
2025-12-21 03:00:00.000,81159219.00000000,
2025-12-21 04:00:00.000,81739489.00000000,
2025-12-21 05:00:00.000,81603941.00000000,
2025-12-21 06:00:00.000,81640685.00000000,
2025-12-21 07:00:00.000,81817843.00000000,
2025-12-21 08:00:00.000,81734229.00000000,
2025-12-21 09:00:00.000,82305185.00000000,
2025-12-21 10:00:00.000,82599676.00000000,
2025-12-21 11:00:00.000,82197947.00000000,
2025-12-21 12:00:00.000,82220153.00000000,
2025-12-21 13:00:00.000,81563823.00000000,
2025-12-21 14:00:00.000,79880163.00000000,
2025-12-21 15:00:00.000,79467725.00000000,
2025-12-21 16:00:00.000,79993090.00000000,
2025-12-21 17:00:00.000,79925651.00000000,
2025-12-21 18:00:00.000,80263455.00000000,
2025-12-21 19:00:00.000,80022353.00000000,
2025-12-21 20:00:00.000,79744573.00000000,
2025-12-21 21:00:00.000,79545941.00000000,
2025-12-21 22:00:00.000,79415319.00000000,
2025-12-21 23:00:00.000,79491927.00000000,
2025-12-22 00:00:00.000,79779391.00000000,
2025-12-22 01:00:00.000,80337805.00000000,
2025-12-22 02:00:00.000,80452868.00000000,
2025-12-22 03:00:00.000,80955647.00000000,
2025-12-22 04:00:00.000,81216733.00000000,
2025-12-22 05:00:00.000,81144125.00000000,
2025-12-22 06:00:00.000,80889277.00000000,
2025-12-22 07:00:00.000,80818428.00000000,
2025-12-22 08:00:00.000,81445096.00000000,
2025-12-22 09:00:00.000,80878892.00000000,
2025-12-22 10:00:00.000,81044131.00000000,
2025-12-22 11:00:00.000,81135059.00000000,
2025-12-22 12:00:00.000,80751201.00000000,
2025-12-22 13:00:00.000,81061735.00000000,
2025-12-22 14:00:00.000,81497941.00000000,
2025-12-22 15:00:00.000,81027881.00000000,
2025-12-22 16:00:00.000,80848305.00000000,
2025-12-22 17:00:00.000,80901585.00000000,
2025-12-22 18:00:00.000,80765769.00000000,
2025-12-22 19:00:00.000,81073164.00000000,
2025-12-22 20:00:00.000,81109033.00000000,
2025-12-22 21:00:00.000,80744023.00000000,
2025-12-22 22:00:00.000,80119987.00000000,
2025-12-22 23:00:00.000,79955703.00000000,
2025-12-23 00:00:00.000,79668287.00000000,
2025-12-23 01:00:00.000,79938071.00000000,
2025-12-23 02:00:00.000,79888715.00000000,
2025-12-23 03:00:00.000,80238291.00000000,
2025-12-23 04:00:00.000,80542143.00000000,
2025-12-23 05:00:00.000,80496733.00000000,
2025-12-23 06:00:00.000,80567298.00000000,
2025-12-23 07:00:00.000,80734673.00000000,
2025-12-23 08:00:00.000,80760281.00000000,
2025-12-23 09:00:00.000,81280651.00000000,
2025-12-23 10:00:00.000,81051985.00000000,
2025-12-23 11:00:00.000,81414767.00000000,
2025-12-23 12:00:00.000,81797065.00000000,
2025-12-23 13:00:00.000,82428996.00000000,
2025-12-23 14:00:00.000,82399979.00000000,
2025-12-23 15:00:00.000,83442602.00000000,
2025-12-23 16:00:00.000,83570283.00000000,
2025-12-23 17:00:00.000,84036535.00000000,
2025-12-23 18:00:00.000,83061315.00000000,
2025-12-23 19:00:00.000,83451921.00000000,
2025-12-23 20:00:00.000,83465394.00000000,
2025-12-23 21:00:00.000,83105343.00000000,
2025-12-23 22:00:00.000,82669013.00000000,
2025-12-23 23:00:00.000,82543285.00000000,
2025-12-24 00:00:00.000,82048457.00000000,
2025-12-24 01:00:00.000,81969799.00000000,
2025-12-24 02:00:00.000,81490289.00000000,
2025-12-24 03:00:00.000,81254705.00000000,
2025-12-24 04:00:00.000,81398809.00000000,
2025-12-24 05:00:00.000,81223663.00000000,
2025-12-24 06:00:00.000,81036055.00000000,
2025-12-24 07:00:00.000,81114935.00000000,
2025-12-24 08:00:00.000,81084257.00000000,
2025-12-24 09:00:00.000,80822949.00000000,
2025-12-24 10:00:00.000,81262887.00000000,
2025-12-24 11:00:00.000,81238393.00000000,
2025-12-24 12:00:00.000,81580111.00000000,
2025-12-24 13:00:00.000,82737353.00000000,
2025-12-24 14:00:00.000,82696215.00000000,
2025-12-24 15:00:00.000,81911581.00000000,
2025-12-24 16:00:00.000,82530421.00000000,
2025-12-24 17:00:00.000,82985499.00000000,
2025-12-24 18:00:00.000,83191495.00000000,
2025-12-24 19:00:00.000,82721157.00000000,
2025-12-24 20:00:00.000,82892293.00000000,
2025-12-24 21:00:00.000,83003805.00000000,
2025-12-24 22:00:00.000,83598615.00000000,
2025-12-24 23:00:00.000,83707941.00000000,
2025-12-25 00:00:00.000,83798077.00000000,
2025-12-25 01:00:00.000,83624377.00000000,
2025-12-25 02:00:00.000,83630307.00000000,
2025-12-25 03:00:00.000,83905009.00000000,
2025-12-25 04:00:00.000,84782847.00000000,
2025-12-25 05:00:00.000,84744579.00000000,
2025-12-25 06:00:00.000,85280449.00000000,
2025-12-25 07:00:00.000,86281315.00000000,
2025-12-25 08:00:00.000,86651377.00000000,
2025-12-25 09:00:00.000,86102991.00000000,
2025-12-25 10:00:00.000,85980003.00000000,
2025-12-25 11:00:00.000,85797641.00000000,
2025-12-25 12:00:00.000,86196117.00000000,
2025-12-25 13:00:00.000,86128641.00000000,
2025-12-25 14:00:00.000,86250657.00000000,
2025-12-25 15:00:00.000,86188353.00000000,
2025-12-25 16:00:00.000,86466000.00000000,
2025-12-25 17:00:00.000,86671939.00000000,
2025-12-25 18:00:00.000,86617309.00000000,
2025-12-25 19:00:00.000,87200209.00000000,
2025-12-25 20:00:00.000,87197383.00000000,
2025-12-25 21:00:00.000,87348287.00000000,
2025-12-25 22:00:00.000,87384751.00000000,
2025-12-25 23:00:00.000,84870029.00000000,
2025-12-26 00:00:00.000,84985799.00000000,
2025-12-26 01:00:00.000,84830390.00000000,
2025-12-26 02:00:00.000,84931248.00000000,
2025-12-26 03:00:00.000,83948358.00000000,
2025-12-26 04:00:00.000,83949619.00000000,
2025-12-26 05:00:00.000,83888650.00000000,
2025-12-26 06:00:00.000,83709612.00000000,
2025-12-26 07:00:00.000,83619312.00000000,
2025-12-26 08:00:00.000,84709120.00000000,
2025-12-26 09:00:00.000,85306888.00000000,
2025-12-26 10:00:00.000,86047128.00000000,
2025-12-26 11:00:00.000,86917616.00000000,
2025-12-26 12:00:00.000,87756272.00000000,
2025-12-26 13:00:00.000,88134698.00000000,
2025-12-26 14:00:00.000,88023760.00000000,
2025-12-26 15:00:00.000,88166616.00000000,
2025-12-26 16:00:00.000,87456116.00000000,
2025-12-26 17:00:00.000,86594072.00000000,
2025-12-26 18:00:00.000,86776069.00000000,
2025-12-26 19:00:00.000,86908488.00000000,
2025-12-26 20:00:00.000,86930124.00000000,
2025-12-26 21:00:00.000,87180332.00000000,
2025-12-26 22:00:00.000,87044150.00000000,
2025-12-26 23:00:00.000,86834456.00000000,
2025-12-27 00:00:00.000,87058886.00000000,
2025-12-27 01:00:00.000,86429698.00000000,
2025-12-27 02:00:00.000,86520410.00000000,
2025-12-27 03:00:00.000,86961096.00000000,
2025-12-27 04:00:00.000,86750822.00000000,
2025-12-27 05:00:00.000,86745186.00000000,
2025-12-27 06:00:00.000,86280400.00000000,
2025-12-27 07:00:00.000,86304460.00000000,
2025-12-27 08:00:00.000,86168004.00000000,
2025-12-27 09:00:00.000,86148628.00000000,
2025-12-27 10:00:00.000,86245318.00000000,
2025-12-27 11:00:00.000,86258204.00000000,
2025-12-27 12:00:00.000,86303657.00000000,
2025-12-27 13:00:00.000,86214666.00000000,
2025-12-27 14:00:00.000,86225270.00000000,
2025-12-27 15:00:00.000,86217882.00000000,
2025-12-27 16:00:00.000,86257730.00000000,
2025-12-27 17:00:00.000,86383508.00000000,
2025-12-27 18:00:00.000,86383564.00000000,
2025-12-27 19:00:00.000,86302658.00000000,
2025-12-27 20:00:00.000,88254026.00000000,
2025-12-27 21:00:00.000,87780696.00000000,
2025-12-27 22:00:00.000,87207726.00000000,
2025-12-27 23:00:00.000,86838425.00000000,
2025-12-28 00:00:00.000,86901697.00000000,
2025-12-28 01:00:00.000,86292565.00000000,
2025-12-28 02:00:00.000,86537429.00000000,
2025-12-28 03:00:00.000,86455983.00000000,
2025-12-28 04:00:00.000,86219394.00000000,
2025-12-28 05:00:00.000,84641003.00000000,
2025-12-28 06:00:00.000,83963473.00000000,
2025-12-28 07:00:00.000,83654723.00000000,
2025-12-28 08:00:00.000,83650441.00000000,
2025-12-28 09:00:00.000,83841629.00000000,
2025-12-28 10:00:00.000,83670873.00000000,
2025-12-28 11:00:00.000,83671533.00000000,
2025-12-28 12:00:00.000,82749035.00000000,
2025-12-28 13:00:00.000,82575809.00000000,
2025-12-28 14:00:00.000,82369423.00000000,
2025-12-28 15:00:00.000,82210561.00000000,
2025-12-28 16:00:00.000,82358355.00000000,
2025-12-28 17:00:00.000,82005785.00000000,
2025-12-28 18:00:00.000,81981035.00000000,
2025-12-28 19:00:00.000,81725844.00000000,
2025-12-28 20:00:00.000,81507327.00000000,
2025-12-28 21:00:00.000,81637049.00000000,
2025-12-28 22:00:00.000,81557995.00000000,
2025-12-28 23:00:00.000,81396769.00000000,
2025-12-29 00:00:00.000,82261549.00000000,
2025-12-29 01:00:00.000,82922637.00000000,
2025-12-29 02:00:00.000,83033473.00000000,
2025-12-29 03:00:00.000,83420561.00000000,
2025-12-29 04:00:00.000,83193193.00000000,
2025-12-29 05:00:00.000,83770045.00000000,
2025-12-29 06:00:00.000,83969711.00000000,
2025-12-29 07:00:00.000,84153089.00000000,
2025-12-29 08:00:00.000,84400969.00000000,
2025-12-29 09:00:00.000,84605305.00000000,
2025-12-29 10:00:00.000,84218287.00000000,
2025-12-29 11:00:00.000,84718065.00000000,
2025-12-29 12:00:00.000,84788193.00000000,
2025-12-29 13:00:00.000,83939921.00000000,
2025-12-29 14:00:00.000,84664649.00000000,
2025-12-29 15:00:00.000,84249525.00000000,
2025-12-29 16:00:00.000,84500032.00000000,
2025-12-29 17:00:00.000,84628069.00000000,
2025-12-29 18:00:00.000,85192375.00000000,
2025-12-29 19:00:00.000,84859507.00000000,
2025-12-29 20:00:00.000,84958400.00000000,
2025-12-29 21:00:00.000,84805326.00000000,
2025-12-29 22:00:00.000,84848956.00000000,
2025-12-29 23:00:00.000,84268524.00000000,
2025-12-30 00:00:00.000,84446498.00000000,
2025-12-30 01:00:00.000,84215870.00000000,
2025-12-30 02:00:00.000,84637468.00000000,
2025-12-30 03:00:00.000,84638460.00000000,
2025-12-30 04:00:00.000,86064696.00000000,
2025-12-30 05:00:00.000,86591920.00000000,
2025-12-30 06:00:00.000,86436334.00000000,
2025-12-30 07:00:00.000,86605940.00000000,
2025-12-30 08:00:00.000,86942460.00000000,
2025-12-30 09:00:00.000,87681196.00000000,
2025-12-30 10:00:00.000,87345468.00000000,
2025-12-30 11:00:00.000,87376126.00000000,
2025-12-30 12:00:00.000,87573522.00000000,
2025-12-30 13:00:00.000,88365922.00000000,
2025-12-30 14:00:00.000,88436904.00000000,
2025-12-30 15:00:00.000,91028904.00000000,
2025-12-30 16:00:00.000,91298072.00000000,
2025-12-30 17:00:00.000,91505530.00000000,
2025-12-30 18:00:00.000,91822322.00000000,
2025-12-30 19:00:00.000,92609968.00000000,
2025-12-30 20:00:00.000,93040664.00000000,
2025-12-30 21:00:00.000,93519982.00000000,
2025-12-30 22:00:00.000,94122858.00000000,
2025-12-30 23:00:00.000,94238086.00000000,
2025-12-31 00:00:00.000,93703268.00000000,
2025-12-31 01:00:00.000,93784342.00000000,
2025-12-31 02:00:00.000,94433062.00000000,
2025-12-31 03:00:00.000,95636130.00000000,
2025-12-31 04:00:00.000,96166188.00000000,
2025-12-31 05:00:00.000,96593622.00000000,
2025-12-31 06:00:00.000,97844988.00000000,
2025-12-31 07:00:00.000,97737778.00000000,
2025-12-31 08:00:00.000,97653558.00000000,
2025-12-31 09:00:00.000,97640278.00000000,
2025-12-31 10:00:00.000,97470076.00000000,
2025-12-31 11:00:00.000,97518112.00000000,
2025-12-31 12:00:00.000,97286930.00000000,
2025-12-31 13:00:00.000,96996060.00000000,
2025-12-31 14:00:00.000,96774822.00000000,
2025-12-31 15:00:00.000,97067332.00000000,
2025-12-31 16:00:00.000,96530817.00000000,
2025-12-31 17:00:00.000,97083423.00000000,
2025-12-31 18:00:00.000,97213361.00000000,
2025-12-31 19:00:00.000,97630051.00000000,
2025-12-31 20:00:00.000,98024605.00000000,
2025-12-31 21:00:00.000,98193882.00000000,
2025-12-31 22:00:00.000,98731557.00000000,
2025-12-31 23:00:00.000,98488179.00000000,
2026-01-01 00:00:00.000,98642473.00000000,
2026-01-01 01:00:00.000,98760849.00000000,
2026-01-01 02:00:00.000,98861689.00000000,
2026-01-01 03:00:00.000,99854921.00000000,
2026-01-01 04:00:00.000,99535937.00000000,
2026-01-01 05:00:00.000,100190671.00000000,
2026-01-01 06:00:00.000,102431267.00000000,
2026-01-01 07:00:00.000,102640409.00000000,
2026-01-01 08:00:00.000,103885855.00000000,
2026-01-01 09:00:00.000,103396003.00000000,
2026-01-01 10:00:00.000,104197111.00000000,
2026-01-01 11:00:00.000,103654130.00000000,
2026-01-01 12:00:00.000,103548485.00000000,
2026-01-01 13:00:00.000,103384329.00000000,
2026-01-01 14:00:00.000,103591429.00000000,
2026-01-01 15:00:00.000,103617353.00000000,
2026-01-01 16:00:00.000,103002427.00000000,
2026-01-01 17:00:00.000,100339295.00000000,
2026-01-01 18:00:00.000,99139675.00000000,
2026-01-01 19:00:00.000,98258747.00000000,
2026-01-01 20:00:00.000,97394209.00000000,
2026-01-01 21:00:00.000,96106877.00000000,
2026-01-01 22:00:00.000,95254391.00000000,
2026-01-01 23:00:00.000,93707703.00000000,
2026-01-02 00:00:00.000,93735289.00000000,
2026-01-02 01:00:00.000,93905779.00000000,
2026-01-02 02:00:00.000,94126201.00000000,
2026-01-02 03:00:00.000,93734871.00000000,
2026-01-02 04:00:00.000,92221964.00000000,
2026-01-02 05:00:00.000,91830808.00000000,
2026-01-02 06:00:00.000,91417574.00000000,
2026-01-02 07:00:00.000,90967724.00000000,
2026-01-02 08:00:00.000,91730487.00000000,
2026-01-02 09:00:00.000,91420059.00000000,
2026-01-02 10:00:00.000,91102175.00000000,
2026-01-02 11:00:00.000,90994219.00000000,
2026-01-02 12:00:00.000,90266697.00000000,
2026-01-02 13:00:00.000,91515104.00000000,
2026-01-02 14:00:00.000,91704821.00000000,
2026-01-02 15:00:00.000,92642485.00000000,
2026-01-02 16:00:00.000,91298423.00000000,
2026-01-02 17:00:00.000,88447153.00000000,
2026-01-02 18:00:00.000,87325865.00000000,
2026-01-02 19:00:00.000,87538706.00000000,
2026-01-02 20:00:00.000,87939294.00000000,
2026-01-02 21:00:00.000,87854864.00000000,
2026-01-02 22:00:00.000,87673872.00000000,
2026-01-02 23:00:00.000,87152272.00000000,
2026-01-03 00:00:00.000,86721454.00000000,
2026-01-03 01:00:00.000,85819280.00000000,
2026-01-03 02:00:00.000,85538953.00000000,
2026-01-03 03:00:00.000,85330312.00000000,
2026-01-03 04:00:00.000,84941133.00000000,
2026-01-03 05:00:00.000,85543011.00000000,
2026-01-03 06:00:00.000,85505989.00000000,
2026-01-03 07:00:00.000,84843307.00000000,
2026-01-03 08:00:00.000,84083340.00000000,
2026-01-03 09:00:00.000,83753750.00000000,
2026-01-03 10:00:00.000,83512098.00000000,
2026-01-03 11:00:00.000,83546107.00000000,
2026-01-03 12:00:00.000,83884868.00000000,
2026-01-03 13:00:00.000,83927742.00000000,
2026-01-03 14:00:00.000,84319320.00000000,
2026-01-03 15:00:00.000,83521192.00000000,
2026-01-03 16:00:00.000,83975338.00000000,
2026-01-03 17:00:00.000,84274480.00000000,
2026-01-03 18:00:00.000,85006796.00000000,
2026-01-03 19:00:00.000,84551986.00000000,
2026-01-03 20:00:00.000,84349858.00000000,
2026-01-03 21:00:00.000,84158424.00000000,
2026-01-03 22:00:00.000,84061311.00000000,
2026-01-03 23:00:00.000,83535212.00000000,
2026-01-04 00:00:00.000,83591442.00000000,
2026-01-04 01:00:00.000,83091903.00000000,
2026-01-04 02:00:00.000,83853524.00000000,
2026-01-04 03:00:00.000,83406199.00000000,
2026-01-04 04:00:00.000,82621417.00000000,
2026-01-04 05:00:00.000,81976812.00000000,
2026-01-04 06:00:00.000,82318191.00000000,
2026-01-04 07:00:00.000,82935074.00000000,
2026-01-04 08:00:00.000,82792655.00000000,
2026-01-04 09:00:00.000,82424229.00000000,
2026-01-04 10:00:00.000,81809603.00000000,
2026-01-04 11:00:00.000,83062604.00000000,
2026-01-04 12:00:00.000,83141649.00000000,
2026-01-04 13:00:00.000,83275937.00000000,
2026-01-04 14:00:00.000,82665507.00000000,
2026-01-04 15:00:00.000,83032369.00000000,
2026-01-04 16:00:00.000,83606949.00000000,
2026-01-04 17:00:00.000,83383787.00000000,
2026-01-04 18:00:00.000,83636475.00000000,
2026-01-04 19:00:00.000,82887039.00000000,
2026-01-04 20:00:00.000,82923075.00000000,
2026-01-04 21:00:00.000,83789348.00000000,
2026-01-04 22:00:00.000,83512613.00000000,
2026-01-04 23:00:00.000,83332029.00000000,
2026-01-05 00:00:00.000,83290701.00000000,
2026-01-05 01:00:00.000,83539409.00000000,
2026-01-05 02:00:00.000,83344275.00000000,
2026-01-05 03:00:00.000,83439745.00000000,
2026-01-05 04:00:00.000,83555161.00000000,
2026-01-05 05:00:00.000,83948819.00000000,
2026-01-05 06:00:00.000,84123157.00000000,
2026-01-05 07:00:00.000,84175609.00000000,
2026-01-05 08:00:00.000,83869931.00000000,
2026-01-05 09:00:00.000,83408315.00000000,
2026-01-05 10:00:00.000,83453665.00000000,
2026-01-05 11:00:00.000,82428909.00000000,
2026-01-05 12:00:00.000,82823127.00000000,
2026-01-05 13:00:00.000,82577177.00000000,
2026-01-05 14:00:00.000,83038919.00000000,
2026-01-05 15:00:00.000,82555245.00000000,
2026-01-05 16:00:00.000,83402709.00000000,
2026-01-05 17:00:00.000,83268923.00000000,
2026-01-05 18:00:00.000,83417129.00000000,
2026-01-05 19:00:00.000,82776925.00000000,
2026-01-05 20:00:00.000,82908939.00000000,
2026-01-05 21:00:00.000,84622119.00000000,
2026-01-05 22:00:00.000,85090499.00000000,
2026-01-05 23:00:00.000,83647701.00000000,
2026-01-06 00:00:00.000,83884273.00000000,
2026-01-06 01:00:00.000,82548443.00000000,
2026-01-06 02:00:00.000,84388315.00000000,
2026-01-06 03:00:00.000,84577933.00000000,
2026-01-06 04:00:00.000,84841141.00000000,
2026-01-06 05:00:00.000,85027123.00000000,
2026-01-06 06:00:00.000,84980929.00000000,
2026-01-06 07:00:00.000,85680887.00000000,
2026-01-06 08:00:00.000,84828553.00000000,
2026-01-06 09:00:00.000,84893917.00000000,
2026-01-06 10:00:00.000,85081873.00000000,
2026-01-06 11:00:00.000,85597971.00000000,
2026-01-06 12:00:00.000,86265055.00000000,
2026-01-06 13:00:00.000,86281715.00000000,
2026-01-06 14:00:00.000,85040073.00000000,
2026-01-06 15:00:00.000,82417459.00000000,
2026-01-06 16:00:00.000,84426642.00000000,
2026-01-06 17:00:00.000,85550091.00000000,
2026-01-06 18:00:00.000,85355963.00000000,
2026-01-06 19:00:00.000,85555659.00000000,
2026-01-06 20:00:00.000,85171897.00000000,
2026-01-06 21:00:00.000,86118939.00000000,
2026-01-06 22:00:00.000,85255678.00000000,
2026-01-06 23:00:00.000,84948313.00000000,
2026-01-07 00:00:00.000,84811025.00000000,
2026-01-07 01:00:00.000,84764905.00000000,
2026-01-07 02:00:00.000,84803363.00000000,
2026-01-07 03:00:00.000,84204957.00000000,
2026-01-07 04:00:00.000,85586001.00000000,
2026-01-07 05:00:00.000,85493035.00000000,
2026-01-07 06:00:00.000,85111141.00000000,
2026-01-07 07:00:00.000,84874291.00000000,
2026-01-07 08:00:00.000,84068983.00000000,
2026-01-07 09:00:00.000,84663503.00000000,
2026-01-07 10:00:00.000,84185949.00000000,
2026-01-07 11:00:00.000,84314773.00000000,
2026-01-07 12:00:00.000,84483525.00000000,
2026-01-07 13:00:00.000,84282845.00000000,
2026-01-07 14:00:00.000,84563321.00000000,
2026-01-07 15:00:00.000,84888353.00000000,
2026-01-07 16:00:00.000,86452473.00000000,
2026-01-07 17:00:00.000,86068145.00000000,
2026-01-07 18:00:00.000,84030096.00000000,
2026-01-07 19:00:00.000,82050713.00000000,
2026-01-07 20:00:00.000,80787307.00000000,
2026-01-07 21:00:00.000,80607892.00000000,
2026-01-07 22:00:00.000,80093791.00000000,
2026-01-07 23:00:00.000,80162519.00000000,
2026-01-08 00:00:00.000,80180031.00000000,
2026-01-08 01:00:00.000,80459055.00000000,
2026-01-08 02:00:00.000,79893057.00000000,
2026-01-08 03:00:00.000,79841919.00000000,
2026-01-08 04:00:00.000,80084783.00000000,
2026-01-08 05:00:00.000,80133421.00000000,
2026-01-08 06:00:00.000,80240963.00000000,
2026-01-08 07:00:00.000,79871473.00000000,
2026-01-08 08:00:00.000,79424183.00000000,
2026-01-08 09:00:00.000,79166221.00000000,
2026-01-08 10:00:00.000,79747649.00000000,
2026-01-08 11:00:00.000,80895947.00000000,
2026-01-08 12:00:00.000,80509036.00000000,
2026-01-08 13:00:00.000,80421094.00000000,
2026-01-08 14:00:00.000,80359542.00000000,
2026-01-08 15:00:00.000,80915684.00000000,
2026-01-08 16:00:00.000,82319197.00000000,
2026-01-08 17:00:00.000,83423013.00000000,
2026-01-08 18:00:00.000,83779864.00000000,
2026-01-08 19:00:00.000,83448836.00000000,
2026-01-08 20:00:00.000,85448807.00000000,
2026-01-08 21:00:00.000,85368656.00000000,
2026-01-08 22:00:00.000,85017376.00000000,
2026-01-08 23:00:00.000,84174456.00000000,
2026-01-09 00:00:00.000,85513432.00000000,
2026-01-09 01:00:00.000,85768898.00000000,
2026-01-09 02:00:00.000,85564517.00000000,
2026-01-09 03:00:00.000,85500111.00000000,
2026-01-09 04:00:00.000,84998746.00000000,
2026-01-09 05:00:00.000,86245010.00000000,
2026-01-09 06:00:00.000,88022503.00000000,
2026-01-09 07:00:00.000,90776821.00000000,
2026-01-09 08:00:00.000,89408259.00000000,
2026-01-09 09:00:00.000,89253728.00000000,
2026-01-09 10:00:00.000,90248056.00000000,
2026-01-09 11:00:00.000,91735574.00000000,
2026-01-09 12:00:00.000,92816536.00000000,
2026-01-09 13:00:00.000,91599134.00000000,
2026-01-09 14:00:00.000,95256112.00000000,
2026-01-09 15:00:00.000,97814049.00000000,
2026-01-09 16:00:00.000,102880995.00000000,
2026-01-09 17:00:00.000,103891875.00000000,
2026-01-09 18:00:00.000,104576897.00000000,
2026-01-09 19:00:00.000,104002640.00000000,
2026-01-09 20:00:00.000,103548683.00000000,
2026-01-09 21:00:00.000,103882380.00000000,
2026-01-09 22:00:00.000,102805997.00000000,
2026-01-09 23:00:00.000,102354842.00000000,
2026-01-10 00:00:00.000,103320385.00000000,
2026-01-10 01:00:00.000,104271390.00000000,
2026-01-10 02:00:00.000,102819578.00000000,
2026-01-10 03:00:00.000,102908753.00000000,
2026-01-10 04:00:00.000,105151920.00000000,
2026-01-10 05:00:00.000,105512869.00000000,
2026-01-10 06:00:00.000,110098088.00000000,
2026-01-10 07:00:00.000,112931151.00000000,
2026-01-10 08:00:00.000,116788763.00000000,
2026-01-10 09:00:00.000,116974259.00000000,
2026-01-10 10:00:00.000,119716705.00000000,
2026-01-10 11:00:00.000,123751203.00000000,
2026-01-10 12:00:00.000,126382354.00000000,
2026-01-10 13:00:00.000,126680744.00000000,
2026-01-10 14:00:00.000,135155508.00000000,
2026-01-10 15:00:00.000,134855212.00000000,
2026-01-10 16:00:00.000,139598172.00000000,
2026-01-10 17:00:00.000,143209130.00000000,
2026-01-10 18:00:00.000,146495091.00000000,
2026-01-10 19:00:00.000,145389467.00000000,
2026-01-10 20:00:00.000,149428169.00000000,
2026-01-10 21:00:00.000,153185302.00000000,
2026-01-10 22:00:00.000,158226510.00000000,
2026-01-10 23:00:00.000,156213100.00000000,
2026-01-11 00:00:00.000,157808397.00000000,
2026-01-11 01:00:00.000,156055859.00000000,
2026-01-11 02:00:00.000,151941214.00000000,
2026-01-11 03:00:00.000,151691388.00000000,
2026-01-11 04:00:00.000,152936057.00000000,
2026-01-11 05:00:00.000,153548175.00000000,
2026-01-11 06:00:00.000,151434035.00000000,
2026-01-11 07:00:00.000,152402848.00000000,
2026-01-11 08:00:00.000,156429268.00000000,
2026-01-11 09:00:00.000,155669047.00000000,
2026-01-11 10:00:00.000,155067497.00000000,
2026-01-11 11:00:00.000,159845781.00000000,
2026-01-11 12:00:00.000,162363618.00000000,
2026-01-11 13:00:00.000,163960503.00000000,
2026-01-11 14:00:00.000,166599589.00000000,
2026-01-11 15:00:00.000,162491976.00000000,
2026-01-11 16:00:00.000,165205831.00000000,
2026-01-11 17:00:00.000,159318489.00000000,
2026-01-11 18:00:00.000,160046344.00000000,
2026-01-11 19:00:00.000,161619839.00000000,
2026-01-11 20:00:00.000,161583184.00000000,
2026-01-11 21:00:00.000,161656873.00000000,
2026-01-11 22:00:00.000,159214549.00000000,
2026-01-11 23:00:00.000,157557005.00000000,
2026-01-12 00:00:00.000,152633664.00000000,
2026-01-12 01:00:00.000,153155135.00000000,
2026-01-12 02:00:00.000,152886277.00000000,
2026-01-12 03:00:00.000,152595148.00000000,
2026-01-12 04:00:00.000,151259470.00000000,
2026-01-12 05:00:00.000,151078521.00000000,
2026-01-12 06:00:00.000,144379422.00000000,
2026-01-12 07:00:00.000,145330519.00000000,
2026-01-12 08:00:00.000,146403902.00000000,
2026-01-12 09:00:00.000,148191637.00000000,
2026-01-12 10:00:00.000,150046231.00000000,
2026-01-12 11:00:00.000,148690419.00000000,
2026-01-12 12:00:00.000,145900893.00000000,
2026-01-12 13:00:00.000,149521731.00000000,
2026-01-12 14:00:00.000,150336353.00000000,
2026-01-12 15:00:00.000,150955655.00000000,
2026-01-12 16:00:00.000,150033729.00000000,
2026-01-12 17:00:00.000,148635172.00000000,
2026-01-12 18:00:00.000,147904967.00000000,
2026-01-12 19:00:00.000,148752920.00000000,
2026-01-12 20:00:00.000,149885065.00000000,
2026-01-12 21:00:00.000,149825142.00000000,
2026-01-12 22:00:00.000,152883172.00000000,
2026-01-12 23:00:00.000,142893544.00000000,
2026-01-13 00:00:00.000,143196487.00000000,
2026-01-13 01:00:00.000,142615282.00000000,
2026-01-13 02:00:00.000,141633240.00000000,
2026-01-13 03:00:00.000,139563760.00000000,
2026-01-13 04:00:00.000,138912830.00000000,
2026-01-13 05:00:00.000,138683962.00000000,
2026-01-13 06:00:00.000,136447186.00000000,
2026-01-13 07:00:00.000,136041430.00000000,
2026-01-13 08:00:00.000,137664236.00000000,
2026-01-13 09:00:00.000,138984696.00000000,
2026-01-13 10:00:00.000,136876512.00000000,
2026-01-13 11:00:00.000,135258418.00000000,
2026-01-13 12:00:00.000,136263841.00000000,
2026-01-13 13:00:00.000,136206390.00000000,
2026-01-13 14:00:00.000,132711768.00000000,
2026-01-13 15:00:00.000,136675432.00000000,
2026-01-13 16:00:00.000,139599294.00000000,
2026-01-13 17:00:00.000,144443929.00000000,
2026-01-13 18:00:00.000,143845832.00000000,
2026-01-13 19:00:00.000,141820075.00000000,
2026-01-13 20:00:00.000,140298957.00000000,
2026-01-13 21:00:00.000,140648889.00000000,
2026-01-13 22:00:00.000,140360949.00000000,
2026-01-13 23:00:00.000,152363927.00000000,
2026-01-14 00:00:00.000,151933265.00000000,
2026-01-14 01:00:00.000,151617911.00000000,
2026-01-14 02:00:00.000,150708461.00000000,
2026-01-14 03:00:00.000,150477793.00000000,
2026-01-14 04:00:00.000,150308492.00000000,
2026-01-14 05:00:00.000,151537970.00000000,
2026-01-14 06:00:00.000,150775375.00000000,
2026-01-14 07:00:00.000,150235597.00000000,
2026-01-14 08:00:00.000,150688879.00000000,
2026-01-14 09:00:00.000,149863192.00000000,
2026-01-14 10:00:00.000,148512706.00000000,
2026-01-14 11:00:00.000,149705127.00000000,
2026-01-14 12:00:00.000,141881348.00000000,
2026-01-14 13:00:00.000,138858027.00000000,
2026-01-14 14:00:00.000,139670725.00000000,
2026-01-14 15:00:00.000,137957959.00000000,
2026-01-14 16:00:00.000,138179811.00000000,
2026-01-14 17:00:00.000,131336501.00000000,
2026-01-14 18:00:00.000,128890075.00000000,
2026-01-14 19:00:00.000,128425356.00000000,
2026-01-14 20:00:00.000,128427431.00000000,
2026-01-14 21:00:00.000,127407621.00000000,
2026-01-14 22:00:00.000,125022919.00000000,
2026-01-14 23:00:00.000,125007181.00000000,
2026-01-15 00:00:00.000,124662385.00000000,
2026-01-15 01:00:00.000,125484127.00000000,
2026-01-15 02:00:00.000,125862599.00000000,
2026-01-15 03:00:00.000,125487429.00000000,
2026-01-15 04:00:00.000,124702798.00000000,
2026-01-15 05:00:00.000,124827922.00000000,
2026-01-15 06:00:00.000,124969318.00000000,
2026-01-15 07:00:00.000,121069115.00000000,
2026-01-15 08:00:00.000,123197396.00000000,
2026-01-15 09:00:00.000,122924803.00000000,
2026-01-15 10:00:00.000,119978723.00000000,
2026-01-15 11:00:00.000,119692391.00000000,
2026-01-15 12:00:00.000,119464823.00000000,
2026-01-15 13:00:00.000,122301384.00000000,
2026-01-15 14:00:00.000,120877669.00000000,
2026-01-15 15:00:00.000,118510531.00000000,
2026-01-15 16:00:00.000,117559402.00000000,
2026-01-15 17:00:00.000,117089533.00000000,
2026-01-15 18:00:00.000,116957199.00000000,
2026-01-15 19:00:00.000,115333041.00000000,
2026-01-15 20:00:00.000,114765696.00000000,
2026-01-15 21:00:00.000,112467412.00000000,
2026-01-15 22:00:00.000,111467407.00000000,
2026-01-15 23:00:00.000,111567473.00000000,
2026-01-16 00:00:00.000,111385596.00000000,
2026-01-16 01:00:00.000,111768771.00000000,
2026-01-16 02:00:00.000,112599429.00000000,
2026-01-16 03:00:00.000,109909863.00000000,
2026-01-16 04:00:00.000,109949577.00000000,
2026-01-16 05:00:00.000,109550651.00000000,
2026-01-16 06:00:00.000,110077665.00000000,
2026-01-16 07:00:00.000,109293111.00000000,
2026-01-16 08:00:00.000,108312753.00000000,
2026-01-16 09:00:00.000,108455825.00000000,
2026-01-16 10:00:00.000,108285271.00000000,
2026-01-16 11:00:00.000,109572021.00000000,
2026-01-16 12:00:00.000,108936660.00000000,
2026-01-16 13:00:00.000,109731053.00000000,
2026-01-16 14:00:00.000,110867303.00000000,
2026-01-16 15:00:00.000,109015390.00000000,
2026-01-16 16:00:00.000,110676059.00000000,
2026-01-16 17:00:00.000,110055875.00000000,
2026-01-16 18:00:00.000,110011880.00000000,
2026-01-16 19:00:00.000,108642975.00000000,
2026-01-16 20:00:00.000,107806361.00000000,
2026-01-16 21:00:00.000,107403779.00000000,
2026-01-16 22:00:00.000,110417624.00000000,
2026-01-16 23:00:00.000,108047081.00000000,
2026-01-17 00:00:00.000,108829015.00000000,
2026-01-17 01:00:00.000,107944935.00000000,
2026-01-17 02:00:00.000,107859391.00000000,
2026-01-17 03:00:00.000,107910981.00000000,
2026-01-17 04:00:00.000,107662985.00000000,
2026-01-17 05:00:00.000,107649395.00000000,
2026-01-17 06:00:00.000,108414437.00000000,
2026-01-17 07:00:00.000,107742945.00000000,
2026-01-17 08:00:00.000,107558503.00000000,
2026-01-17 09:00:00.000,107788849.00000000,
2026-01-17 10:00:00.000,107439869.00000000,
2026-01-17 11:00:00.000,107339157.00000000,
2026-01-17 12:00:00.000,108136447.00000000,
2026-01-17 13:00:00.000,107599740.00000000,
2026-01-17 14:00:00.000,106866911.00000000,
2026-01-17 15:00:00.000,106008399.00000000,
2026-01-17 16:00:00.000,106344158.00000000,
2026-01-17 17:00:00.000,105610153.00000000,
2026-01-17 18:00:00.000,106362167.00000000,
2026-01-17 19:00:00.000,106344209.00000000,
2026-01-17 20:00:00.000,105448925.00000000,
2026-01-17 21:00:00.000,105816601.00000000,
2026-01-17 22:00:00.000,105909759.00000000,
2026-01-17 23:00:00.000,103674117.00000000,
2026-01-18 00:00:00.000,103458563.00000000,
2026-01-18 01:00:00.000,104643213.00000000,
2026-01-18 02:00:00.000,104039597.00000000,
2026-01-18 03:00:00.000,103363553.00000000,
2026-01-18 04:00:00.000,103414077.00000000,
2026-01-18 05:00:00.000,102959225.00000000,
2026-01-18 06:00:00.000,103014071.00000000,
2026-01-18 07:00:00.000,102757246.00000000,
2026-01-18 08:00:00.000,103483743.00000000,
2026-01-18 09:00:00.000,102326497.00000000,
2026-01-18 10:00:00.000,102760135.00000000,
2026-01-18 11:00:00.000,102547463.00000000,
2026-01-18 12:00:00.000,102106281.00000000,
2026-01-18 13:00:00.000,102439225.00000000,
2026-01-18 14:00:00.000,101685138.00000000,
2026-01-18 15:00:00.000,101105507.00000000,
2026-01-18 16:00:00.000,101065754.00000000,
2026-01-18 17:00:00.000,100564525.00000000,
2026-01-18 18:00:00.000,101674610.00000000,
2026-01-18 19:00:00.000,102692089.00000000,
2026-01-18 20:00:00.000,102086417.00000000,
2026-01-18 21:00:00.000,102122697.00000000,
2026-01-18 22:00:00.000,102098606.00000000,
2026-01-18 23:00:00.000,101973628.00000000,
2026-01-19 00:00:00.000,98432257.00000000,
2026-01-19 01:00:00.000,91749097.00000000,
2026-01-19 02:00:00.000,90858515.00000000,
2026-01-19 03:00:00.000,91442918.00000000,
2026-01-19 04:00:00.000,91260367.00000000,
2026-01-19 05:00:00.000,91080537.00000000,
2026-01-19 06:00:00.000,91346155.00000000,
2026-01-19 07:00:00.000,90070015.00000000,
2026-01-19 08:00:00.000,89562375.00000000,
2026-01-19 09:00:00.000,91235929.00000000,
2026-01-19 10:00:00.000,90269575.00000000,
2026-01-19 11:00:00.000,90661415.00000000,
2026-01-19 12:00:00.000,90355864.00000000,
2026-01-19 13:00:00.000,91418995.00000000,
2026-01-19 14:00:00.000,90778247.00000000,
2026-01-19 15:00:00.000,88930319.00000000,
2026-01-19 16:00:00.000,89036929.00000000,
2026-01-19 17:00:00.000,89927245.00000000,
2026-01-19 18:00:00.000,90068745.00000000,
2026-01-19 19:00:00.000,88924769.00000000,
2026-01-19 20:00:00.000,88574397.00000000,
2026-01-19 21:00:00.000,88819385.00000000,
2026-01-19 22:00:00.000,88766486.00000000,
2026-01-19 23:00:00.000,88784484.00000000,
2026-01-20 00:00:00.000,89214659.00000000,
2026-01-20 01:00:00.000,88842111.00000000,
2026-01-20 02:00:00.000,88484225.00000000,
2026-01-20 03:00:00.000,88679735.00000000,
2026-01-20 04:00:00.000,88951549.00000000,
2026-01-20 05:00:00.000,88379939.00000000,
2026-01-20 06:00:00.000,87970275.00000000,
2026-01-20 07:00:00.000,87265429.00000000,
2026-01-20 08:00:00.000,87894572.00000000,
2026-01-20 09:00:00.000,88649743.00000000,
2026-01-20 10:00:00.000,88377261.00000000,
2026-01-20 11:00:00.000,87674741.00000000,
2026-01-20 12:00:00.000,87144361.00000000,
2026-01-20 13:00:00.000,86393617.00000000,
2026-01-20 14:00:00.000,86412457.00000000,
2026-01-20 15:00:00.000,87739241.00000000,
2026-01-20 16:00:00.000,87638879.00000000,
2026-01-20 17:00:00.000,87123931.00000000,
2026-01-20 18:00:00.000,86591893.00000000,
2026-01-20 19:00:00.000,87107381.00000000,
2026-01-20 20:00:00.000,87558625.00000000,
2026-01-20 21:00:00.000,88406431.00000000,
2026-01-20 22:00:00.000,87853134.00000000,
2026-01-20 23:00:00.000,87034723.00000000,
2026-01-21 00:00:00.000,88072697.00000000,
2026-01-21 01:00:00.000,87890395.00000000,
2026-01-21 02:00:00.000,86712223.00000000,
2026-01-21 03:00:00.000,86488149.00000000,
2026-01-21 04:00:00.000,87669636.00000000,
2026-01-21 05:00:00.000,87440037.00000000,
2026-01-21 06:00:00.000,87265549.00000000,
2026-01-21 07:00:00.000,86397947.00000000,
2026-01-21 08:00:00.000,86249979.00000000,
2026-01-21 09:00:00.000,86547979.00000000,
2026-01-21 10:00:00.000,86755795.00000000,
2026-01-21 11:00:00.000,87472069.00000000,
2026-01-21 12:00:00.000,87020023.00000000,
2026-01-21 13:00:00.000,87672671.00000000,
2026-01-21 14:00:00.000,88191638.00000000,
2026-01-21 15:00:00.000,88553802.00000000,
2026-01-21 16:00:00.000,90597253.00000000,
2026-01-21 17:00:00.000,90311329.00000000,
2026-01-21 18:00:00.000,90299263.00000000,
2026-01-21 19:00:00.000,90912745.00000000,
2026-01-21 20:00:00.000,92037223.00000000,
2026-01-21 21:00:00.000,91349971.00000000,
2026-01-21 22:00:00.000,90914113.00000000,
2026-01-21 23:00:00.000,90226732.00000000,
2026-01-22 00:00:00.000,90829271.00000000,
2026-01-22 01:00:00.000,90463765.00000000,
2026-01-22 02:00:00.000,90521497.00000000,
2026-01-22 03:00:00.000,89900589.00000000,
2026-01-22 04:00:00.000,89258726.00000000,
2026-01-22 05:00:00.000,89658295.00000000,
2026-01-22 06:00:00.000,89173261.00000000,
2026-01-22 07:00:00.000,89040481.00000000,
2026-01-22 08:00:00.000,88314807.00000000,
2026-01-22 09:00:00.000,87435049.00000000,
2026-01-22 10:00:00.000,87054071.00000000,
2026-01-22 11:00:00.000,87539773.00000000,
2026-01-22 12:00:00.000,87486583.00000000,
2026-01-22 13:00:00.000,87959291.00000000,
2026-01-22 14:00:00.000,87909793.00000000,
2026-01-22 15:00:00.000,87301607.00000000,
2026-01-22 16:00:00.000,87020451.00000000,
2026-01-22 17:00:00.000,87283809.00000000,
2026-01-22 18:00:00.000,89006465.00000000,
2026-01-22 19:00:00.000,88366391.00000000,
2026-01-22 20:00:00.000,87644661.00000000,
2026-01-22 21:00:00.000,87390421.00000000,
2026-01-22 22:00:00.000,86988305.00000000,
2026-01-22 23:00:00.000,86244919.00000000,
2026-01-23 00:00:00.000,86023762.00000000,
2026-01-23 01:00:00.000,86794106.00000000,
2026-01-23 02:00:00.000,87199841.00000000,
2026-01-23 03:00:00.000,87477239.00000000,
2026-01-23 04:00:00.000,87221163.00000000,
2026-01-23 05:00:00.000,87130421.00000000,
2026-01-23 06:00:00.000,87395083.00000000,
2026-01-23 07:00:00.000,87221344.00000000,
2026-01-23 08:00:00.000,87170123.00000000,
2026-01-23 09:00:00.000,86110177.00000000,
2026-01-23 10:00:00.000,86137066.00000000,
2026-01-23 11:00:00.000,86025163.00000000,
2026-01-23 12:00:00.000,86551031.00000000,
2026-01-23 13:00:00.000,86400303.00000000,
2026-01-23 14:00:00.000,89436642.00000000,
2026-01-23 15:00:00.000,88781241.00000000,
2026-01-23 16:00:00.000,87022570.00000000,
2026-01-23 17:00:00.000,85747685.00000000,
2026-01-23 18:00:00.000,84636373.00000000,
2026-01-23 19:00:00.000,84804264.00000000,
2026-01-23 20:00:00.000,82608754.00000000,
2026-01-23 21:00:00.000,82967402.00000000,
2026-01-23 22:00:00.000,82766511.00000000,
2026-01-23 23:00:00.000,81946525.00000000,
2026-01-24 00:00:00.000,81835983.00000000,
2026-01-24 01:00:00.000,81731445.00000000,
2026-01-24 02:00:00.000,81511603.00000000,
2026-01-24 03:00:00.000,81787677.00000000,
2026-01-24 04:00:00.000,83376997.00000000,
2026-01-24 05:00:00.000,82733769.00000000,
2026-01-24 06:00:00.000,82499225.00000000,
2026-01-24 07:00:00.000,82913973.00000000,
2026-01-24 08:00:00.000,83580251.00000000,
2026-01-24 09:00:00.000,82914465.00000000,
2026-01-24 10:00:00.000,82878211.00000000,
2026-01-24 11:00:00.000,83481269.00000000,
2026-01-24 12:00:00.000,83553763.00000000,
2026-01-24 13:00:00.000,83538849.00000000,
2026-01-24 14:00:00.000,83731757.00000000,
2026-01-24 15:00:00.000,83638453.00000000,
2026-01-24 16:00:00.000,83589057.00000000,
2026-01-24 17:00:00.000,84382112.00000000,
2026-01-24 18:00:00.000,84924830.00000000,
2026-01-24 19:00:00.000,84817781.00000000,
2026-01-24 20:00:00.000,85131647.00000000,
2026-01-24 21:00:00.000,87419479.00000000,
2026-01-24 22:00:00.000,87547971.00000000,
2026-01-24 23:00:00.000,88066033.00000000,
2026-01-25 00:00:00.000,86513647.00000000,
2026-01-25 01:00:00.000,87232245.00000000,
2026-01-25 02:00:00.000,87642643.00000000,
2026-01-25 03:00:00.000,87138299.00000000,
2026-01-25 04:00:00.000,86528565.00000000,
2026-01-25 05:00:00.000,85744049.00000000,
2026-01-25 06:00:00.000,85724146.00000000,
2026-01-25 07:00:00.000,85213257.00000000,
2026-01-25 08:00:00.000,85540124.00000000,
2026-01-25 09:00:00.000,84986561.00000000,
2026-01-25 10:00:00.000,85017287.00000000,
2026-01-25 11:00:00.000,85364333.00000000,
2026-01-25 12:00:00.000,85693338.00000000,
2026-01-25 13:00:00.000,84687377.00000000,
2026-01-25 14:00:00.000,85017001.00000000,
2026-01-25 15:00:00.000,83036603.00000000,
2026-01-25 16:00:00.000,83735471.00000000,
2026-01-25 17:00:00.000,82849131.00000000,
2026-01-25 18:00:00.000,83136722.00000000,
2026-01-25 19:00:00.000,82799961.00000000,
2026-01-25 20:00:00.000,80924845.00000000,
2026-01-25 21:00:00.000,81644206.00000000,
2026-01-25 22:00:00.000,81384443.00000000,
2026-01-25 23:00:00.000,81144697.00000000,
2026-01-26 00:00:00.000,80801601.00000000,
2026-01-26 01:00:00.000,80284833.00000000,
2026-01-26 02:00:00.000,81203413.00000000,
2026-01-26 03:00:00.000,81603215.00000000,
2026-01-26 04:00:00.000,81231713.00000000,
2026-01-26 05:00:00.000,80851527.00000000,
2026-01-26 06:00:00.000,80964065.00000000,
2026-01-26 07:00:00.000,81373829.00000000,
2026-01-26 08:00:00.000,81331358.00000000,
2026-01-26 09:00:00.000,81503871.00000000,
2026-01-26 10:00:00.000,81117589.00000000,
2026-01-26 11:00:00.000,81006255.00000000,
2026-01-26 12:00:00.000,81917503.00000000,
2026-01-26 13:00:00.000,82062197.00000000,
2026-01-26 14:00:00.000,82136575.00000000,
2026-01-26 15:00:00.000,83363031.00000000,
2026-01-26 16:00:00.000,83919295.00000000,
2026-01-26 17:00:00.000,86659156.00000000,
2026-01-26 18:00:00.000,86532165.00000000,
2026-01-26 19:00:00.000,87199421.00000000,
2026-01-26 20:00:00.000,87209631.00000000,
2026-01-26 21:00:00.000,87730819.00000000,
2026-01-26 22:00:00.000,87761443.00000000,
2026-01-26 23:00:00.000,88080317.00000000,
2026-01-27 00:00:00.000,88331007.00000000,
2026-01-27 01:00:00.000,87814355.00000000,
2026-01-27 02:00:00.000,87966373.00000000,
2026-01-27 03:00:00.000,87495499.00000000,
2026-01-27 04:00:00.000,88369408.00000000,
2026-01-27 05:00:00.000,88863595.00000000,
2026-01-27 06:00:00.000,89075587.00000000,
2026-01-27 07:00:00.000,89087041.00000000,
2026-01-27 08:00:00.000,89293431.00000000,
2026-01-27 09:00:00.000,89836153.00000000,
2026-01-27 10:00:00.000,92208157.00000000,
2026-01-27 11:00:00.000,92749759.00000000,
2026-01-27 12:00:00.000,92920775.00000000,
2026-01-27 13:00:00.000,93149617.00000000,
2026-01-27 14:00:00.000,93160075.00000000,
2026-01-27 15:00:00.000,93279733.00000000,
2026-01-27 16:00:00.000,94721577.00000000,
2026-01-27 17:00:00.000,92572832.00000000,
2026-01-27 18:00:00.000,91859477.00000000,
2026-01-27 19:00:00.000,94639265.00000000,
2026-01-27 20:00:00.000,94513787.00000000,
2026-01-27 21:00:00.000,93575950.00000000,
2026-01-27 22:00:00.000,93733179.00000000,
2026-01-27 23:00:00.000,93325365.00000000,
2026-01-28 00:00:00.000,93159057.00000000,
2026-01-28 01:00:00.000,93575667.00000000,
2026-01-28 02:00:00.000,94104685.00000000,
2026-01-28 03:00:00.000,94325081.00000000,
2026-01-28 04:00:00.000,94489995.00000000,
2026-01-28 05:00:00.000,94265203.00000000,
2026-01-28 06:00:00.000,93517193.00000000,
2026-01-28 07:00:00.000,93800303.00000000,
2026-01-28 08:00:00.000,95069348.00000000,
2026-01-28 09:00:00.000,94757531.00000000,
2026-01-28 10:00:00.000,94360606.00000000,
2026-01-28 11:00:00.000,95045976.00000000,
2026-01-28 12:00:00.000,95516179.00000000,
2026-01-28 13:00:00.000,94739381.00000000,
2026-01-28 14:00:00.000,93978091.00000000,
2026-01-28 15:00:00.000,94146943.00000000,
2026-01-28 16:00:00.000,96022534.00000000,
2026-01-28 17:00:00.000,96234075.00000000,
2026-01-28 18:00:00.000,95581247.00000000,
2026-01-28 19:00:00.000,95739609.00000000,
2026-01-28 20:00:00.000,95659009.00000000,
2026-01-28 21:00:00.000,96136106.00000000,
2026-01-28 22:00:00.000,96272385.00000000,
2026-01-28 23:00:00.000,96010471.00000000,
2026-01-29 00:00:00.000,94937961.00000000,
2026-01-29 01:00:00.000,94770217.00000000,
2026-01-29 02:00:00.000,94554865.00000000,
2026-01-29 03:00:00.000,94640926.00000000,
2026-01-29 04:00:00.000,94448108.00000000,
2026-01-29 05:00:00.000,94712086.00000000,
2026-01-29 06:00:00.000,94489622.00000000,
2026-01-29 07:00:00.000,94277402.00000000,
2026-01-29 08:00:00.000,94598800.00000000,
2026-01-29 09:00:00.000,94997012.00000000,
2026-01-29 10:00:00.000,95022682.00000000,
2026-01-29 11:00:00.000,95734688.00000000,
2026-01-29 12:00:00.000,96050376.00000000,
2026-01-29 13:00:00.000,95853934.00000000,
2026-01-29 14:00:00.000,95999283.00000000,
2026-01-29 15:00:00.000,96567492.00000000,
2026-01-29 16:00:00.000,96781963.00000000,
2026-01-29 17:00:00.000,96285449.00000000,
2026-01-29 18:00:00.000,94695927.00000000,
2026-01-29 19:00:00.000,94419605.00000000,
2026-01-29 20:00:00.000,94669998.00000000,
2026-01-29 21:00:00.000,93887475.00000000,
2026-01-29 22:00:00.000,94079607.00000000,
2026-01-29 23:00:00.000,93433577.00000000,
2026-01-30 00:00:00.000,93289641.00000000,
2026-01-30 01:00:00.000,93277301.00000000,
2026-01-30 02:00:00.000,92731651.00000000,
2026-01-30 03:00:00.000,92518757.00000000,
2026-01-30 04:00:00.000,92037115.00000000,
2026-01-30 05:00:00.000,91414996.00000000,
2026-01-30 06:00:00.000,91570301.00000000,
2026-01-30 07:00:00.000,91472082.00000000,
2026-01-30 08:00:00.000,92169841.00000000,
2026-01-30 09:00:00.000,91950815.00000000,
2026-01-30 10:00:00.000,92624451.00000000,
2026-01-30 11:00:00.000,95158157.00000000,
2026-01-30 12:00:00.000,95095147.00000000,
2026-01-30 13:00:00.000,94707463.00000000,
2026-01-30 14:00:00.000,94783065.00000000,
2026-01-30 15:00:00.000,94148517.00000000,
2026-01-30 16:00:00.000,94937139.00000000,
2026-01-30 17:00:00.000,95532079.00000000,
2026-01-30 18:00:00.000,95572120.00000000,
2026-01-30 19:00:00.000,96971118.00000000,
2026-01-30 20:00:00.000,97488145.00000000,
2026-01-30 21:00:00.000,97496484.00000000,
2026-01-30 22:00:00.000,96996771.00000000,
2026-01-30 23:00:00.000,96508111.00000000,
2026-01-31 00:00:00.000,96424271.00000000,
2026-01-31 01:00:00.000,96710985.00000000,
2026-01-31 02:00:00.000,97417159.00000000,
2026-01-31 03:00:00.000,97057915.00000000,
2026-01-31 04:00:00.000,97226655.00000000,
2026-01-31 05:00:00.000,96927861.00000000,
2026-01-31 06:00:00.000,96818729.00000000,
2026-01-31 07:00:00.000,96800097.00000000,
2026-01-31 08:00:00.000,97134499.00000000,
2026-01-31 09:00:00.000,98040577.00000000,
2026-01-31 10:00:00.000,98307104.00000000,
2026-01-31 11:00:00.000,98702253.00000000,
2026-01-31 12:00:00.000,98923869.00000000,
2026-01-31 13:00:00.000,98051797.00000000,
2026-01-31 14:00:00.000,97218578.00000000,
2026-01-31 15:00:00.000,97576198.00000000,
2026-01-31 16:00:00.000,97492601.00000000,
2026-01-31 17:00:00.000,98428001.00000000,
2026-01-31 18:00:00.000,100796160.00000000,
2026-01-31 19:00:00.000,96714058.00000000,
2026-01-31 20:00:00.000,96407434.00000000,
2026-01-31 21:00:00.000,97343969.00000000,
2026-01-31 22:00:00.000,96182675.00000000,
2026-01-31 23:00:00.000,97360783.00000000,
2026-02-01 00:00:00.000,96583301.00000000,
2026-02-01 01:00:00.000,97222414.00000000,
2026-02-01 02:00:00.000,96897267.00000000,
2026-02-01 03:00:00.000,96988242.00000000,
2026-02-01 04:00:00.000,96388939.00000000,
2026-02-01 05:00:00.000,98187284.00000000,
2026-02-01 06:00:00.000,97607605.00000000,
2026-02-01 07:00:00.000,96654342.00000000,
2026-02-01 08:00:00.000,96973028.00000000,
2026-02-01 09:00:00.000,97425947.00000000,
2026-02-01 10:00:00.000,97800479.00000000,
2026-02-01 11:00:00.000,97455814.00000000,
2026-02-01 12:00:00.000,98940295.00000000,
2026-02-01 13:00:00.000,99616401.00000000,
2026-02-01 14:00:00.000,97854505.00000000,
2026-02-01 15:00:00.000,98425611.00000000,
2026-02-01 16:00:00.000,98705941.00000000,
2026-02-01 17:00:00.000,99177455.00000000,
2026-02-01 18:00:00.000,99193277.00000000,
2026-02-01 19:00:00.000,100243734.00000000,
2026-02-01 20:00:00.000,100381493.00000000,
2026-02-01 21:00:00.000,100395839.00000000,
2026-02-01 22:00:00.000,101179539.00000000,
2026-02-01 23:00:00.000,102249433.00000000,
2026-02-02 00:00:00.000,102216351.00000000,
2026-02-02 01:00:00.000,101256825.00000000,
2026-02-02 02:00:00.000,100064620.00000000,
2026-02-02 03:00:00.000,99218747.00000000,
2026-02-02 04:00:00.000,100402859.00000000,
2026-02-02 05:00:00.000,99973950.00000000,
2026-02-02 06:00:00.000,100360407.00000000,
2026-02-02 07:00:00.000,100652177.00000000,
2026-02-02 08:00:00.000,101120638.00000000,
2026-02-02 09:00:00.000,100802601.00000000,
2026-02-02 10:00:00.000,100043222.00000000,
2026-02-02 11:00:00.000,99901954.00000000,
2026-02-02 12:00:00.000,100272172.00000000,
2026-02-02 13:00:00.000,99786600.00000000,
2026-02-02 14:00:00.000,99992098.00000000,
2026-02-02 15:00:00.000,99987241.00000000,
2026-02-02 16:00:00.000,98582312.00000000,
2026-02-02 17:00:00.000,97965237.00000000,
2026-02-02 18:00:00.000,98703254.00000000,
2026-02-02 19:00:00.000,99343686.00000000,
2026-02-02 20:00:00.000,98464275.00000000,
2026-02-02 21:00:00.000,98824173.00000000,
2026-02-02 22:00:00.000,101094689.00000000,
2026-02-02 23:00:00.000,100529330.00000000,
2026-02-03 00:00:00.000,101038592.00000000,
2026-02-03 01:00:00.000,101660414.00000000,
2026-02-03 02:00:00.000,100591222.00000000,
2026-02-03 03:00:00.000,101051532.00000000,
2026-02-03 04:00:00.000,101323147.00000000,
2026-02-03 05:00:00.000,101263036.00000000,
2026-02-03 06:00:00.000,101144614.00000000,
2026-02-03 07:00:00.000,104985985.00000000,
2026-02-03 08:00:00.000,104979451.00000000,
2026-02-03 09:00:00.000,108374336.00000000,
2026-02-03 10:00:00.000,107910033.00000000,
2026-02-03 11:00:00.000,108712106.00000000,
2026-02-03 12:00:00.000,107053965.00000000,
2026-02-03 13:00:00.000,107285053.00000000,
2026-02-03 14:00:00.000,106187025.00000000,
2026-02-03 15:00:00.000,108277701.00000000,
2026-02-03 16:00:00.000,109761164.00000000,
2026-02-03 17:00:00.000,111756007.00000000,
2026-02-03 18:00:00.000,112790840.00000000,
2026-02-03 19:00:00.000,110568497.00000000,
2026-02-03 20:00:00.000,109405662.00000000,
2026-02-03 21:00:00.000,111099650.00000000,
2026-02-03 22:00:00.000,111089767.00000000,
2026-02-03 23:00:00.000,111354953.00000000,
2026-02-04 00:00:00.000,111430756.00000000,
2026-02-04 01:00:00.000,111299008.00000000,
2026-02-04 02:00:00.000,110391463.00000000,
2026-02-04 03:00:00.000,110378837.00000000,
2026-02-04 04:00:00.000,110217764.00000000,
2026-02-04 05:00:00.000,109715480.00000000,
2026-02-04 06:00:00.000,109576804.00000000,
2026-02-04 07:00:00.000,108767166.00000000,
2026-02-04 08:00:00.000,108061334.00000000,
2026-02-04 09:00:00.000,108532029.00000000,
2026-02-04 10:00:00.000,108145182.00000000,
2026-02-04 11:00:00.000,108220046.00000000,
2026-02-04 12:00:00.000,107689966.00000000,
2026-02-04 13:00:00.000,108052767.00000000,
2026-02-04 14:00:00.000,109031802.00000000,
2026-02-04 15:00:00.000,108398351.00000000,
2026-02-04 16:00:00.000,107555164.00000000,
2026-02-04 17:00:00.000,108019226.00000000,
2026-02-04 18:00:00.000,107080802.00000000,
2026-02-04 19:00:00.000,106876739.00000000,
2026-02-04 20:00:00.000,106815899.00000000,
2026-02-04 21:00:00.000,106238956.00000000,
2026-02-04 22:00:00.000,106023276.00000000,
2026-02-04 23:00:00.000,106142185.00000000,
2026-02-05 00:00:00.000,105782003.00000000,
2026-02-05 01:00:00.000,106109861.00000000,
2026-02-05 02:00:00.000,106867895.00000000,
2026-02-05 03:00:00.000,106513632.00000000,
2026-02-05 04:00:00.000,106364633.00000000,
2026-02-05 05:00:00.000,106520123.00000000,
2026-02-05 06:00:00.000,105988667.00000000,
2026-02-05 07:00:00.000,105482127.00000000,
2026-02-05 08:00:00.000,105187553.00000000,
2026-02-05 09:00:00.000,104856394.00000000,
2026-02-05 10:00:00.000,103164656.00000000,
2026-02-05 11:00:00.000,102554012.00000000,
2026-02-05 12:00:00.000,103221370.00000000,
2026-02-05 13:00:00.000,103571334.00000000,
2026-02-05 14:00:00.000,105442359.00000000,
2026-02-05 15:00:00.000,104444384.00000000,
2026-02-05 16:00:00.000,101130844.00000000,
2026-02-05 17:00:00.000,100949425.00000000,
2026-02-05 18:00:00.000,98996670.00000000,
2026-02-05 19:00:00.000,97798787.00000000,
2026-02-05 20:00:00.000,96468708.00000000,
2026-02-05 21:00:00.000,99490375.00000000,
2026-02-05 22:00:00.000,98838934.00000000,
2026-02-05 23:00:00.000,118338442.00000000,
2026-02-06 00:00:00.000,117741712.00000000,
2026-02-06 01:00:00.000,114027128.00000000,
2026-02-06 02:00:00.000,115375396.00000000,
2026-02-06 03:00:00.000,116593052.00000000,
2026-02-06 04:00:00.000,116467796.00000000,
2026-02-06 05:00:00.000,121063614.00000000,
2026-02-06 06:00:00.000,126071341.00000000,
2026-02-06 07:00:00.000,145431919.00000000,
2026-02-06 08:00:00.000,152390275.00000000,
2026-02-06 09:00:00.000,152311792.00000000,
2026-02-06 10:00:00.000,161785042.00000000,
2026-02-06 11:00:00.000,159366101.00000000,
2026-02-06 12:00:00.000,157640313.00000000,
2026-02-06 13:00:00.000,155740375.00000000,
2026-02-06 14:00:00.000,155751741.00000000,
2026-02-06 15:00:00.000,155317923.00000000,
2026-02-06 16:00:00.000,157171316.00000000,
2026-02-06 17:00:00.000,158627099.00000000,
2026-02-06 18:00:00.000,159529963.00000000,
2026-02-06 19:00:00.000,160755123.00000000,
2026-02-06 20:00:00.000,162748306.00000000,
2026-02-06 21:00:00.000,162608396.00000000,
2026-02-06 22:00:00.000,162219464.00000000,
2026-02-06 23:00:00.000,163345420.00000000,
2026-02-07 00:00:00.000,163953557.00000000,
2026-02-07 01:00:00.000,162049432.00000000,
2026-02-07 02:00:00.000,161070910.00000000,
2026-02-07 03:00:00.000,160673344.00000000,
2026-02-07 04:00:00.000,160680950.00000000,
2026-02-07 05:00:00.000,160344573.00000000,
2026-02-07 06:00:00.000,160183316.00000000,
2026-02-07 07:00:00.000,159534538.00000000,
2026-02-07 08:00:00.000,158435056.00000000,
2026-02-07 09:00:00.000,159037015.00000000,
2026-02-07 10:00:00.000,158880249.00000000,
2026-02-07 11:00:00.000,158207587.00000000,
2026-02-07 12:00:00.000,158358449.00000000,
2026-02-07 13:00:00.000,155972269.00000000,
2026-02-07 14:00:00.000,155719840.00000000,
2026-02-07 15:00:00.000,155050007.00000000,
2026-02-07 16:00:00.000,155329083.00000000,
2026-02-07 17:00:00.000,158495841.00000000,
2026-02-07 18:00:00.000,157337323.00000000,
2026-02-07 19:00:00.000,155463200.00000000,
2026-02-07 20:00:00.000,155709893.00000000,
2026-02-07 21:00:00.000,155029378.00000000,
2026-02-07 22:00:00.000,154651219.00000000,
2026-02-07 23:00:00.000,154488633.00000000,
2026-02-08 00:00:00.000,154407069.00000000,
2026-02-08 01:00:00.000,154627159.00000000,
2026-02-08 02:00:00.000,154491852.00000000,
2026-02-08 03:00:00.000,154505039.00000000,
2026-02-08 04:00:00.000,154417476.00000000,
2026-02-08 05:00:00.000,153735377.00000000,
2026-02-08 06:00:00.000,153726177.00000000,
2026-02-08 07:00:00.000,153806253.00000000,
2026-02-08 08:00:00.000,153770204.00000000,
2026-02-08 09:00:00.000,154475697.00000000,
2026-02-08 10:00:00.000,154613685.00000000,
2026-02-08 11:00:00.000,154010963.00000000,
2026-02-08 12:00:00.000,153624485.00000000,
2026-02-08 13:00:00.000,153552906.00000000,
2026-02-08 14:00:00.000,154565595.00000000,
2026-02-08 15:00:00.000,154430867.00000000,
2026-02-08 16:00:00.000,154760627.00000000,
2026-02-08 17:00:00.000,153777723.00000000,
2026-02-08 18:00:00.000,153566508.00000000,
2026-02-08 19:00:00.000,154029613.00000000,
2026-02-08 20:00:00.000,154557139.00000000,
2026-02-08 21:00:00.000,154879375.00000000,
2026-02-08 22:00:00.000,153924937.00000000,
2026-02-08 23:00:00.000,153854089.00000000,
2026-02-09 00:00:00.000,153543976.00000000,
2026-02-09 01:00:00.000,153265936.00000000,
2026-02-09 02:00:00.000,153420063.00000000,
2026-02-09 03:00:00.000,153666889.00000000,
2026-02-09 04:00:00.000,154117509.00000000,
2026-02-09 05:00:00.000,153834007.00000000,
2026-02-09 06:00:00.000,154339425.00000000,
2026-02-09 07:00:00.000,154771019.00000000,
2026-02-09 08:00:00.000,153906269.00000000,
2026-02-09 09:00:00.000,153712433.00000000,
2026-02-09 10:00:00.000,154680367.00000000,
2026-02-09 11:00:00.000,154485480.00000000,
2026-02-09 12:00:00.000,154486318.00000000,
2026-02-09 13:00:00.000,155165106.00000000,
2026-02-09 14:00:00.000,154656893.00000000,
2026-02-09 15:00:00.000,154033433.00000000,
2026-02-09 16:00:00.000,158626528.00000000,
2026-02-09 17:00:00.000,159160632.00000000,
2026-02-09 18:00:00.000,159704210.00000000,
2026-02-09 19:00:00.000,159224536.00000000,
2026-02-09 20:00:00.000,159218098.00000000,
2026-02-09 21:00:00.000,158708737.00000000,
2026-02-09 22:00:00.000,158541560.00000000,
2026-02-09 23:00:00.000,158809996.00000000,
2026-02-10 00:00:00.000,158505862.00000000,
2026-02-10 01:00:00.000,158171032.00000000,
2026-02-10 02:00:00.000,158263254.00000000,
2026-02-10 03:00:00.000,157516936.00000000,
2026-02-10 04:00:00.000,157431228.00000000,
2026-02-10 05:00:00.000,156578328.00000000,
2026-02-10 06:00:00.000,156135061.00000000,
2026-02-10 07:00:00.000,156160886.00000000,
2026-02-10 08:00:00.000,155691054.00000000,
2026-02-10 09:00:00.000,155570342.00000000,
2026-02-10 10:00:00.000,155815574.00000000,
2026-02-10 11:00:00.000,155504568.00000000,
2026-02-10 12:00:00.000,155960794.00000000,
2026-02-10 13:00:00.000,155338700.00000000,
2026-02-10 14:00:00.000,155335322.00000000,
2026-02-10 15:00:00.000,156173502.00000000,
2026-02-10 16:00:00.000,154673436.00000000,
2026-02-10 17:00:00.000,155176612.00000000,
2026-02-10 18:00:00.000,155142582.00000000,
2026-02-10 19:00:00.000,153820830.00000000,
2026-02-10 20:00:00.000,154586822.00000000,
2026-02-10 21:00:00.000,154419344.00000000,
2026-02-10 22:00:00.000,154933234.00000000,
2026-02-10 23:00:00.000,154176033.00000000,
2026-02-11 00:00:00.000,154265034.00000000,
2026-02-11 01:00:00.000,154496130.00000000,
2026-02-11 02:00:00.000,153912562.00000000,
2026-02-11 03:00:00.000,154236128.00000000,
2026-02-11 04:00:00.000,154071090.00000000,
2026-02-11 05:00:00.000,152283846.00000000,
2026-02-11 06:00:00.000,152677080.00000000,
2026-02-11 07:00:00.000,152378554.00000000,
2026-02-11 08:00:00.000,150422586.00000000,
2026-02-11 09:00:00.000,149604258.00000000,
2026-02-11 10:00:00.000,149540680.00000000,
2026-02-11 11:00:00.000,150375254.00000000,
2026-02-11 12:00:00.000,150299544.00000000,
2026-02-11 13:00:00.000,149552820.00000000,
2026-02-11 14:00:00.000,148223386.00000000,
2026-02-11 15:00:00.000,145445559.00000000,
2026-02-11 16:00:00.000,144871946.00000000,
2026-02-11 17:00:00.000,143505140.00000000,
2026-02-11 18:00:00.000,142649922.00000000,
2026-02-11 19:00:00.000,142670810.00000000,
2026-02-11 20:00:00.000,143615466.00000000,
2026-02-11 21:00:00.000,143705808.00000000,
2026-02-11 22:00:00.000,145066336.00000000,
2026-02-11 23:00:00.000,144472838.00000000,
2026-02-12 00:00:00.000,143665967.00000000,
2026-02-12 01:00:00.000,143680662.00000000,
2026-02-12 02:00:00.000,143507752.00000000,
2026-02-12 03:00:00.000,142679912.00000000,
2026-02-12 04:00:00.000,141967114.00000000,
2026-02-12 05:00:00.000,141739462.00000000,
2026-02-12 06:00:00.000,141307164.00000000,
2026-02-12 07:00:00.000,141289372.00000000,
2026-02-12 08:00:00.000,140174238.00000000,
2026-02-12 09:00:00.000,139575747.00000000,
2026-02-12 10:00:00.000,139410402.00000000,
2026-02-12 11:00:00.000,139647197.00000000,
2026-02-12 12:00:00.000,140022270.00000000,
2026-02-12 13:00:00.000,140310778.00000000,
2026-02-12 14:00:00.000,140165071.00000000,
2026-02-12 15:00:00.000,139957498.00000000,
2026-02-12 16:00:00.000,138430301.00000000,
2026-02-12 17:00:00.000,137702124.00000000,
2026-02-12 18:00:00.000,138101378.00000000,
2026-02-12 19:00:00.000,138350722.00000000,
2026-02-12 20:00:00.000,140783232.00000000,
2026-02-12 21:00:00.000,140084150.00000000,
2026-02-12 22:00:00.000,140471844.00000000,
2026-02-12 23:00:00.000,140145006.00000000,
2026-02-13 00:00:00.000,139550380.00000000,
2026-02-13 01:00:00.000,138392725.00000000,
2026-02-13 02:00:00.000,138061954.00000000,
2026-02-13 03:00:00.000,139071667.00000000,
2026-02-13 04:00:00.000,139049335.00000000,
2026-02-13 05:00:00.000,138812210.00000000,
2026-02-13 06:00:00.000,138537239.00000000,
2026-02-13 07:00:00.000,137547939.00000000,
2026-02-13 08:00:00.000,139835745.00000000,
2026-02-13 09:00:00.000,138756835.00000000,
2026-02-13 10:00:00.000,138074059.00000000,
2026-02-13 11:00:00.000,137705643.00000000,
2026-02-13 12:00:00.000,137008683.00000000,
2026-02-13 13:00:00.000,136823203.00000000,
2026-02-13 14:00:00.000,136429323.00000000,
2026-02-13 15:00:00.000,136437601.00000000,
2026-02-13 16:00:00.000,136046695.00000000,
2026-02-13 17:00:00.000,136947813.00000000,
2026-02-13 18:00:00.000,136166977.00000000,
2026-02-13 19:00:00.000,136031413.00000000,
2026-02-13 20:00:00.000,135687587.00000000,
2026-02-13 21:00:00.000,135729698.00000000,
2026-02-13 22:00:00.000,136023718.00000000,
2026-02-13 23:00:00.000,132929856.00000000,
2026-02-14 00:00:00.000,132461624.00000000,
2026-02-14 01:00:00.000,132651847.00000000,
2026-02-14 02:00:00.000,133055268.00000000,
2026-02-14 03:00:00.000,132384567.00000000,
2026-02-14 04:00:00.000,131355847.00000000,
2026-02-14 05:00:00.000,131499516.00000000,
2026-02-14 06:00:00.000,131480816.00000000,
2026-02-14 07:00:00.000,131457650.00000000,
2026-02-14 08:00:00.000,131440389.00000000,
2026-02-14 09:00:00.000,131426203.00000000,
2026-02-14 10:00:00.000,131075575.00000000,
2026-02-14 11:00:00.000,130762717.00000000,
2026-02-14 12:00:00.000,132139437.00000000,
2026-02-14 13:00:00.000,131782757.00000000,
2026-02-14 14:00:00.000,129170459.00000000,
2026-02-14 15:00:00.000,128566530.00000000,
2026-02-14 16:00:00.000,127970070.00000000,
2026-02-14 17:00:00.000,126865399.00000000,
2026-02-14 18:00:00.000,126550158.00000000,
2026-02-14 19:00:00.000,125688259.00000000,
2026-02-14 20:00:00.000,125023682.00000000,
2026-02-14 21:00:00.000,126255261.00000000,
2026-02-14 22:00:00.000,126318241.00000000,
2026-02-14 23:00:00.000,127126371.00000000,
2026-02-15 00:00:00.000,126219877.00000000,
2026-02-15 01:00:00.000,127305653.00000000,
2026-02-15 02:00:00.000,125917009.00000000,
2026-02-15 03:00:00.000,125731970.00000000,
2026-02-15 04:00:00.000,124695183.00000000,
2026-02-15 05:00:00.000,123867951.00000000,
2026-02-15 06:00:00.000,124227744.00000000,
2026-02-15 07:00:00.000,124933854.00000000,
2026-02-15 08:00:00.000,124591812.00000000,
2026-02-15 09:00:00.000,124049034.00000000,
2026-02-15 10:00:00.000,123947186.00000000,
2026-02-15 11:00:00.000,123565857.00000000,
2026-02-15 12:00:00.000,123564079.00000000,
2026-02-15 13:00:00.000,123786612.00000000,
2026-02-15 14:00:00.000,121459722.00000000,
2026-02-15 15:00:00.000,120660152.00000000,
2026-02-15 16:00:00.000,120962764.00000000,
2026-02-15 17:00:00.000,120106174.00000000,
2026-02-15 18:00:00.000,119963936.00000000,
2026-02-15 19:00:00.000,119681296.00000000,
2026-02-15 20:00:00.000,119231480.00000000,
2026-02-15 21:00:00.000,119259300.00000000,
2026-02-15 22:00:00.000,119452472.00000000,
2026-02-15 23:00:00.000,119225102.00000000,
2026-02-16 00:00:00.000,119164422.00000000,
2026-02-16 01:00:00.000,120307670.00000000,
2026-02-16 02:00:00.000,120611148.00000000,
2026-02-16 03:00:00.000,120795135.00000000,
2026-02-16 04:00:00.000,119993954.00000000,
2026-02-16 05:00:00.000,120346628.00000000,
2026-02-16 06:00:00.000,120437194.00000000,
2026-02-16 07:00:00.000,120172452.00000000,
2026-02-16 08:00:00.000,120424506.00000000,
2026-02-16 09:00:00.000,120249313.00000000,
2026-02-16 10:00:00.000,120312730.00000000,
2026-02-16 11:00:00.000,120283282.00000000,
2026-02-16 12:00:00.000,122384404.00000000,
2026-02-16 13:00:00.000,121955586.00000000,
2026-02-16 14:00:00.000,121175246.00000000,
2026-02-16 15:00:00.000,121968262.00000000,
2026-02-16 16:00:00.000,122617124.00000000,
2026-02-16 17:00:00.000,123226758.00000000,
2026-02-16 18:00:00.000,122405832.00000000,
2026-02-16 19:00:00.000,122234666.00000000,
2026-02-16 20:00:00.000,122658804.00000000,
2026-02-16 21:00:00.000,123298464.00000000,
2026-02-16 22:00:00.000,123247854.00000000,
2026-02-16 23:00:00.000,123121898.00000000,
2026-02-17 00:00:00.000,123165312.00000000,
2026-02-17 01:00:00.000,123165768.00000000,
2026-02-17 02:00:00.000,123091602.00000000,
2026-02-17 03:00:00.000,123675558.00000000,
2026-02-17 04:00:00.000,123849840.00000000,
2026-02-17 05:00:00.000,123831272.00000000,
2026-02-17 06:00:00.000,123358146.00000000,
2026-02-17 07:00:00.000,123324368.00000000,
2026-02-17 08:00:00.000,123292950.00000000,
2026-02-17 09:00:00.000,123810648.00000000,
2026-02-17 10:00:00.000,123238656.00000000,
2026-02-17 11:00:00.000,123196214.00000000,
2026-02-17 12:00:00.000,124506144.00000000,
2026-02-17 13:00:00.000,124084557.00000000,
2026-02-17 14:00:00.000,123794840.00000000,
2026-02-17 15:00:00.000,123059780.00000000,
2026-02-17 16:00:00.000,122592614.00000000,
2026-02-17 17:00:00.000,123008523.00000000,
2026-02-17 18:00:00.000,123708018.00000000,
2026-02-17 19:00:00.000,123432163.00000000,
2026-02-17 20:00:00.000,123926845.00000000,
2026-02-17 21:00:00.000,123763416.00000000,
2026-02-17 22:00:00.000,123355018.00000000,
2026-02-17 23:00:00.000,122678852.00000000,
2026-02-18 00:00:00.000,122418516.00000000,
2026-02-18 01:00:00.000,122550646.00000000,
2026-02-18 02:00:00.000,122302256.00000000,
2026-02-18 03:00:00.000,121981032.00000000,
2026-02-18 04:00:00.000,122173155.00000000,
2026-02-18 05:00:00.000,122847580.00000000,
2026-02-18 06:00:00.000,123004011.00000000,
2026-02-18 07:00:00.000,124311708.00000000,
2026-02-18 08:00:00.000,124115480.00000000,
2026-02-18 09:00:00.000,124319210.00000000,
2026-02-18 10:00:00.000,123415178.00000000,
2026-02-18 11:00:00.000,122556289.00000000,
2026-02-18 12:00:00.000,122768646.00000000,
2026-02-18 13:00:00.000,122006464.00000000,
2026-02-18 14:00:00.000,122411314.00000000,
2026-02-18 15:00:00.000,122266962.00000000,
2026-02-18 16:00:00.000,123137912.00000000,
2026-02-18 17:00:00.000,123197926.00000000,
2026-02-18 18:00:00.000,122937396.00000000,
2026-02-18 19:00:00.000,122627112.00000000,
2026-02-18 20:00:00.000,123336607.00000000,
2026-02-18 21:00:00.000,122880168.00000000,
2026-02-18 22:00:00.000,123234526.00000000,
2026-02-18 23:00:00.000,122763862.00000000,
2026-02-19 00:00:00.000,122777550.00000000,
2026-02-19 01:00:00.000,122827162.00000000,
2026-02-19 02:00:00.000,122939264.00000000,
2026-02-19 03:00:00.000,122775549.00000000,
2026-02-19 04:00:00.000,122756702.00000000,
2026-02-19 05:00:00.000,122856144.00000000,
2026-02-19 06:00:00.000,122164079.00000000,
2026-02-19 07:00:00.000,122417324.00000000,
2026-02-19 08:00:00.000,122390371.00000000,
2026-02-19 09:00:00.000,122197368.00000000,
2026-02-19 10:00:00.000,121966512.00000000,
2026-02-19 11:00:00.000,121498556.00000000,
2026-02-19 12:00:00.000,121481772.00000000,
2026-02-19 13:00:00.000,121221950.00000000,
2026-02-19 14:00:00.000,120735320.00000000,
2026-02-19 15:00:00.000,120261127.00000000,
2026-02-19 16:00:00.000,121333838.00000000,
2026-02-19 17:00:00.000,121094112.00000000,
2026-02-19 18:00:00.000,121457028.00000000,
2026-02-19 19:00:00.000,120392242.00000000,
2026-02-19 20:00:00.000,120661200.00000000,
2026-02-19 21:00:00.000,120481745.00000000,
2026-02-19 22:00:00.000,120689270.00000000,
2026-02-19 23:00:00.000,119701520.00000000,
2026-02-20 00:00:00.000,119666520.00000000,
2026-02-20 01:00:00.000,119346120.00000000,
2026-02-20 02:00:00.000,119211236.00000000,
2026-02-20 03:00:00.000,119318522.00000000,
2026-02-20 04:00:00.000,119229432.00000000,
2026-02-20 05:00:00.000,119159358.00000000,
2026-02-20 06:00:00.000,119086622.00000000,
2026-02-20 07:00:00.000,118599458.00000000,
2026-02-20 08:00:00.000,118582964.00000000,
2026-02-20 09:00:00.000,119390524.00000000,
2026-02-20 10:00:00.000,119583334.00000000,
2026-02-20 11:00:00.000,119277693.00000000,
2026-02-20 12:00:00.000,119407017.00000000,
2026-02-20 13:00:00.000,118238479.00000000,
2026-02-20 14:00:00.000,118330695.00000000,
2026-02-20 15:00:00.000,118559109.00000000,
2026-02-20 16:00:00.000,117787007.00000000,
2026-02-20 17:00:00.000,119156599.00000000,
2026-02-20 18:00:00.000,120313917.00000000,
2026-02-20 19:00:00.000,120242870.00000000,
2026-02-20 20:00:00.000,118662441.00000000,
2026-02-20 21:00:00.000,118126067.00000000,
2026-02-20 22:00:00.000,118165211.00000000,
2026-02-20 23:00:00.000,118071263.00000000,
2026-02-21 00:00:00.000,118016482.00000000,
2026-02-21 01:00:00.000,118981463.00000000,
2026-02-21 02:00:00.000,118835777.00000000,
2026-02-21 03:00:00.000,118686505.00000000,
2026-02-21 04:00:00.000,118802271.00000000,
2026-02-21 05:00:00.000,120063099.00000000,
2026-02-21 06:00:00.000,120939759.00000000,
2026-02-21 07:00:00.000,121187767.00000000,
2026-02-21 08:00:00.000,121549857.00000000,
2026-02-21 09:00:00.000,122295724.00000000,
2026-02-21 10:00:00.000,122639084.00000000,
2026-02-21 11:00:00.000,122333763.00000000,
2026-02-21 12:00:00.000,122074828.00000000,
2026-02-21 13:00:00.000,122143569.00000000,
2026-02-21 14:00:00.000,123157578.00000000,
2026-02-21 15:00:00.000,123297859.00000000,
2026-02-21 16:00:00.000,125178365.00000000,
2026-02-21 17:00:00.000,124182959.00000000,
2026-02-21 18:00:00.000,125122863.00000000,
2026-02-21 19:00:00.000,124754863.00000000,
2026-02-21 20:00:00.000,126526993.00000000,
2026-02-21 21:00:00.000,126196727.00000000,
2026-02-21 22:00:00.000,126037545.00000000,
2026-02-21 23:00:00.000,125721201.00000000,
2026-02-22 00:00:00.000,125094567.00000000,
2026-02-22 01:00:00.000,124912315.00000000,
2026-02-22 02:00:00.000,124649225.00000000,
2026-02-22 03:00:00.000,124423081.00000000,
2026-02-22 04:00:00.000,123948774.00000000,
2026-02-22 05:00:00.000,124174357.00000000,
2026-02-22 06:00:00.000,123703999.00000000,
2026-02-22 07:00:00.000,123718837.00000000,
2026-02-22 08:00:00.000,123395441.00000000,
2026-02-22 09:00:00.000,123248192.00000000,
2026-02-22 10:00:00.000,122863831.00000000,
2026-02-22 11:00:00.000,122853598.00000000,
2026-02-22 12:00:00.000,122794456.00000000,
2026-02-22 13:00:00.000,122329622.00000000,
2026-02-22 14:00:00.000,121398507.00000000,
2026-02-22 15:00:00.000,121421244.00000000,
2026-02-22 16:00:00.000,121173172.00000000,
2026-02-22 17:00:00.000,121030002.00000000,
2026-02-22 18:00:00.000,120683310.00000000,
2026-02-22 19:00:00.000,120766594.00000000,
2026-02-22 20:00:00.000,120583950.00000000,
2026-02-22 21:00:00.000,120446452.00000000,
2026-02-22 22:00:00.000,119303664.00000000,
2026-02-22 23:00:00.000,119326010.00000000,
2026-02-23 00:00:00.000,119859450.00000000,
2026-02-23 01:00:00.000,119600750.00000000,
2026-02-23 02:00:00.000,119126163.00000000,
2026-02-23 03:00:00.000,119674979.00000000,
2026-02-23 04:00:00.000,120066440.00000000,
2026-02-23 05:00:00.000,120183344.00000000,
2026-02-23 06:00:00.000,120850354.00000000,
2026-02-23 07:00:00.000,121578874.00000000,
2026-02-23 08:00:00.000,123139621.00000000,
2026-02-23 09:00:00.000,123788979.00000000,
2026-02-23 10:00:00.000,123618257.00000000,
2026-02-23 11:00:00.000,125200510.00000000,
2026-02-23 12:00:00.000,125012020.00000000,
2026-02-23 13:00:00.000,125079534.00000000,
2026-02-23 14:00:00.000,124976966.00000000,
2026-02-23 15:00:00.000,125526753.00000000,
2026-02-23 16:00:00.000,126124052.00000000,
2026-02-23 17:00:00.000,128547176.00000000,
2026-02-23 18:00:00.000,126422265.00000000,
2026-02-23 19:00:00.000,128407396.00000000,
2026-02-23 20:00:00.000,128964209.00000000,
2026-02-23 21:00:00.000,131472748.00000000,
2026-02-23 22:00:00.000,131686202.00000000,
2026-02-23 23:00:00.000,131631192.00000000,
2026-02-24 00:00:00.000,131919810.00000000,
2026-02-24 01:00:00.000,131732103.00000000,
2026-02-24 02:00:00.000,130952877.00000000,
2026-02-24 03:00:00.000,131248104.00000000,
2026-02-24 04:00:00.000,131482136.00000000,
2026-02-24 05:00:00.000,131129502.00000000,
2026-02-24 06:00:00.000,131500164.00000000,
2026-02-24 07:00:00.000,130107950.00000000,
2026-02-24 08:00:00.000,130142664.00000000,
2026-02-24 09:00:00.000,129346770.00000000,
2026-02-24 10:00:00.000,129134930.00000000,
2026-02-24 11:00:00.000,129258772.00000000,
2026-02-24 12:00:00.000,128960010.00000000,
2026-02-24 13:00:00.000,127740045.00000000,
2026-02-24 14:00:00.000,127207341.00000000,
2026-02-24 15:00:00.000,127460624.00000000,
2026-02-24 16:00:00.000,127565799.00000000,
2026-02-24 17:00:00.000,127533271.00000000,
2026-02-24 18:00:00.000,126415283.00000000,
2026-02-24 19:00:00.000,126036823.00000000,
2026-02-24 20:00:00.000,125598303.00000000,
2026-02-24 21:00:00.000,125224734.00000000,
2026-02-24 22:00:00.000,126874878.00000000,
2026-02-24 23:00:00.000,127002115.00000000,
2026-02-25 00:00:00.000,126671828.00000000,
2026-02-25 01:00:00.000,126602521.00000000,
2026-02-25 02:00:00.000,125044725.00000000,
2026-02-25 03:00:00.000,123852377.00000000,
2026-02-25 04:00:00.000,125756704.00000000,
2026-02-25 05:00:00.000,125778252.00000000,
2026-02-25 06:00:00.000,124654236.00000000,
2026-02-25 07:00:00.000,124808472.00000000,
2026-02-25 08:00:00.000,130407233.00000000,
2026-02-25 09:00:00.000,130810742.00000000,
2026-02-25 10:00:00.000,130688164.00000000,
2026-02-25 11:00:00.000,130395134.00000000,
2026-02-25 12:00:00.000,130172852.00000000,
2026-02-25 13:00:00.000,130828079.00000000,
2026-02-25 14:00:00.000,131456114.00000000,
2026-02-25 15:00:00.000,131903934.00000000,
2026-02-25 16:00:00.000,131923006.00000000,
2026-02-25 17:00:00.000,134380538.00000000,
2026-02-25 18:00:00.000,134014556.00000000,
2026-02-25 19:00:00.000,134534044.00000000,
2026-02-25 20:00:00.000,135223551.00000000,
2026-02-25 21:00:00.000,134585460.00000000,
2026-02-25 22:00:00.000,133610839.00000000,
2026-02-25 23:00:00.000,132867599.00000000,
2026-02-26 00:00:00.000,132288257.00000000,
2026-02-26 01:00:00.000,132426492.00000000,
2026-02-26 02:00:00.000,132644944.00000000,
2026-02-26 03:00:00.000,131612966.00000000,
2026-02-26 04:00:00.000,131439752.00000000,
2026-02-26 05:00:00.000,131163988.00000000,
2026-02-26 06:00:00.000,131412526.00000000,
2026-02-26 07:00:00.000,131823840.00000000,
2026-02-26 08:00:00.000,131290010.00000000,
2026-02-26 09:00:00.000,129177676.00000000,
2026-02-26 10:00:00.000,129151110.00000000,
2026-02-26 11:00:00.000,129753254.00000000,
2026-02-26 12:00:00.000,129262848.00000000,
2026-02-26 13:00:00.000,129729234.00000000,
2026-02-26 14:00:00.000,130909392.00000000,
2026-02-26 15:00:00.000,131210829.00000000,
2026-02-26 16:00:00.000,130364470.00000000,
2026-02-26 17:00:00.000,128137835.00000000,
2026-02-26 18:00:00.000,128677709.00000000,
2026-02-26 19:00:00.000,128805934.00000000,
2026-02-26 20:00:00.000,129410497.00000000,
2026-02-26 21:00:00.000,127974894.00000000,
2026-02-26 22:00:00.000,128265699.00000000,
2026-02-26 23:00:00.000,128518713.00000000,
2026-02-27 00:00:00.000,128471507.00000000,
2026-02-27 01:00:00.000,128031138.00000000,
2026-02-27 02:00:00.000,127812314.00000000,
2026-02-27 03:00:00.000,128380802.00000000,
2026-02-27 04:00:00.000,128294393.00000000,
2026-02-27 05:00:00.000,130244710.00000000,
2026-02-27 06:00:00.000,130521576.00000000,
2026-02-27 07:00:00.000,129942114.00000000,
2026-02-27 08:00:00.000,130732722.00000000,
2026-02-27 09:00:00.000,130700866.00000000,
2026-02-27 10:00:00.000,128782777.00000000,
2026-02-27 11:00:00.000,128444917.00000000,
2026-02-27 12:00:00.000,126384777.00000000,
2026-02-27 13:00:00.000,126369885.00000000,
2026-02-27 14:00:00.000,126595129.00000000,
2026-02-27 15:00:00.000,126741635.00000000,
2026-02-27 16:00:00.000,126858285.00000000,
2026-02-27 17:00:00.000,125777505.00000000,
2026-02-27 18:00:00.000,125305109.00000000,
2026-02-27 19:00:00.000,125740823.00000000,
2026-02-27 20:00:00.000,126609226.00000000,
2026-02-27 21:00:00.000,126286912.00000000,
2026-02-27 22:00:00.000,125836062.00000000,
2026-02-27 23:00:00.000,125632684.00000000,
2026-02-28 00:00:00.000,125389824.00000000,
2026-02-28 01:00:00.000,126181138.00000000,
2026-02-28 02:00:00.000,125811102.00000000,
2026-02-28 03:00:00.000,126451674.00000000,
2026-02-28 04:00:00.000,126162384.00000000,
2026-02-28 05:00:00.000,125699696.00000000,
2026-02-28 06:00:00.000,125120067.00000000,
2026-02-28 07:00:00.000,122676472.00000000,
2026-02-28 08:00:00.000,126089548.00000000,
2026-02-28 09:00:00.000,125432928.00000000,
2026-02-28 10:00:00.000,125869028.00000000,
2026-02-28 11:00:00.000,124898290.00000000,
2026-02-28 12:00:00.000,125398430.00000000,
2026-02-28 13:00:00.000,125223396.00000000,
2026-02-28 14:00:00.000,125219802.00000000,
2026-02-28 15:00:00.000,125034237.00000000,
2026-02-28 16:00:00.000,124663424.00000000,
2026-02-28 17:00:00.000,125614035.00000000,
2026-02-28 18:00:00.000,125201701.00000000,
2026-02-28 19:00:00.000,124279426.00000000,
2026-02-28 20:00:00.000,122783802.00000000,
2026-02-28 21:00:00.000,123367898.00000000,
2026-02-28 22:00:00.000,122112966.00000000,
2026-02-28 23:00:00.000,121826587.00000000,
2026-03-01 00:00:00.000,121598165.00000000,
2026-03-01 01:00:00.000,121685308.00000000,
2026-03-01 02:00:00.000,122173692.00000000,
2026-03-01 03:00:00.000,123145708.00000000,
2026-03-01 04:00:00.000,123093638.00000000,
2026-03-01 05:00:00.000,123085672.00000000,
2026-03-01 06:00:00.000,123189230.00000000,
2026-03-01 07:00:00.000,125039888.00000000,
2026-03-01 08:00:00.000,124662336.00000000,
2026-03-01 09:00:00.000,124146830.00000000,
2026-03-01 10:00:00.000,124422276.00000000,
2026-03-01 11:00:00.000,124117709.00000000,
2026-03-01 12:00:00.000,124275219.00000000,
2026-03-01 13:00:00.000,124073569.00000000,
2026-03-01 14:00:00.000,123702678.00000000,
2026-03-01 15:00:00.000,123870245.00000000,
2026-03-01 16:00:00.000,124859964.00000000,
2026-03-01 17:00:00.000,123734755.00000000,
2026-03-01 18:00:00.000,122699589.00000000,
2026-03-01 19:00:00.000,123743658.00000000,
2026-03-01 20:00:00.000,123072439.00000000,
2026-03-01 21:00:00.000,122981528.00000000,
2026-03-01 22:00:00.000,122620997.00000000,
2026-03-01 23:00:00.000,121790816.00000000,
2026-03-02 00:00:00.000,122135200.00000000,
2026-03-02 01:00:00.000,121581128.00000000,
2026-03-02 02:00:00.000,121502458.00000000,
2026-03-02 03:00:00.000,121176760.00000000,
2026-03-02 04:00:00.000,121322464.00000000,
2026-03-02 05:00:00.000,121475886.00000000,
2026-03-02 06:00:00.000,120035398.00000000,
2026-03-02 07:00:00.000,119941158.00000000,
2026-03-02 08:00:00.000,121891327.00000000,
2026-03-02 09:00:00.000,125500566.00000000,
2026-03-02 10:00:00.000,126183092.00000000,
2026-03-02 11:00:00.000,127756010.00000000,
2026-03-02 12:00:00.000,128156330.00000000,
2026-03-02 13:00:00.000,129007314.00000000,
2026-03-02 14:00:00.000,131947543.00000000,
2026-03-02 15:00:00.000,129517662.00000000,
2026-03-02 16:00:00.000,127926687.00000000,
2026-03-02 17:00:00.000,128718728.00000000,
2026-03-02 18:00:00.000,125620286.00000000,
2026-03-02 19:00:00.000,125353665.00000000,
2026-03-02 20:00:00.000,134429072.00000000,
2026-03-02 21:00:00.000,137894664.00000000,
2026-03-02 22:00:00.000,139269169.00000000,
2026-03-02 23:00:00.000,138450760.00000000,
2026-03-03 00:00:00.000,138146032.00000000,
2026-03-03 01:00:00.000,137761152.00000000,
2026-03-03 02:00:00.000,137719229.00000000,
2026-03-03 03:00:00.000,138489200.00000000,
2026-03-03 04:00:00.000,138093904.00000000,
2026-03-03 05:00:00.000,137419222.00000000,
2026-03-03 06:00:00.000,136212178.00000000,
2026-03-03 07:00:00.000,136139886.00000000,
2026-03-03 08:00:00.000,131303205.00000000,
2026-03-03 09:00:00.000,131403342.00000000,
2026-03-03 10:00:00.000,130681441.00000000,
2026-03-03 11:00:00.000,130127465.00000000,
2026-03-03 12:00:00.000,129758197.00000000,
2026-03-03 13:00:00.000,128126987.00000000,
2026-03-03 14:00:00.000,128335161.00000000,
2026-03-03 15:00:00.000,125823865.00000000,
2026-03-03 16:00:00.000,125853259.00000000,
2026-03-03 17:00:00.000,124266630.00000000,
2026-03-03 18:00:00.000,123569228.00000000,
2026-03-03 19:00:00.000,124424506.00000000,
2026-03-03 20:00:00.000,123070106.00000000,
2026-03-03 21:00:00.000,122570264.00000000,
2026-03-03 22:00:00.000,123045906.00000000,
2026-03-03 23:00:00.000,122504994.00000000,
2026-03-04 00:00:00.000,122318881.00000000,
2026-03-04 01:00:00.000,121884754.00000000,
2026-03-04 02:00:00.000,121929228.00000000,
2026-03-04 03:00:00.000,122047242.00000000,
2026-03-04 04:00:00.000,122328020.00000000,
2026-03-04 05:00:00.000,122690302.00000000,
2026-03-04 06:00:00.000,122114201.00000000,
2026-03-04 07:00:00.000,122092662.00000000,
2026-03-04 08:00:00.000,123369286.00000000,
2026-03-04 09:00:00.000,124137248.00000000,
2026-03-04 10:00:00.000,124162750.00000000,
2026-03-04 11:00:00.000,123950798.00000000,
2026-03-04 12:00:00.000,123103472.00000000,
2026-03-04 13:00:00.000,123605770.00000000,
2026-03-04 14:00:00.000,122443864.00000000,
2026-03-04 15:00:00.000,123081306.00000000,
2026-03-04 16:00:00.000,124644862.00000000,
2026-03-04 17:00:00.000,124939392.00000000,
2026-03-04 18:00:00.000,123430364.00000000,
2026-03-04 19:00:00.000,123777296.00000000,
2026-03-04 20:00:00.000,123896800.00000000,
2026-03-04 21:00:00.000,123806600.00000000,
2026-03-04 22:00:00.000,123881358.00000000,
2026-03-04 23:00:00.000,123708022.00000000,
2026-03-05 00:00:00.000,123302616.00000000,
2026-03-05 01:00:00.000,123986952.00000000,
2026-03-05 02:00:00.000,123744700.00000000,
2026-03-05 03:00:00.000,123665710.00000000,
2026-03-05 04:00:00.000,123693570.00000000,
2026-03-05 05:00:00.000,124354966.00000000,
2026-03-05 06:00:00.000,124212474.00000000,
2026-03-05 07:00:00.000,123752256.00000000,
2026-03-05 08:00:00.000,123935858.00000000,
2026-03-05 09:00:00.000,122993466.00000000,
2026-03-05 10:00:00.000,123288772.00000000,
2026-03-05 11:00:00.000,123591782.00000000,
2026-03-05 12:00:00.000,123112864.00000000,
2026-03-05 13:00:00.000,125869112.00000000,
2026-03-05 14:00:00.000,126360670.00000000,
2026-03-05 15:00:00.000,126547962.00000000,
2026-03-05 16:00:00.000,126036820.00000000,
2026-03-05 17:00:00.000,128454070.00000000,
2026-03-05 18:00:00.000,129294690.00000000,
2026-03-05 19:00:00.000,129315750.00000000,
2026-03-05 20:00:00.000,129389380.00000000,
2026-03-05 21:00:00.000,129241092.00000000,
2026-03-05 22:00:00.000,128989760.00000000,
2026-03-05 23:00:00.000,128512871.00000000,
2026-03-06 00:00:00.000,128500586.00000000,
2026-03-06 01:00:00.000,127802192.00000000,
2026-03-06 02:00:00.000,128586884.00000000,
2026-03-06 03:00:00.000,128647420.00000000,
2026-03-06 04:00:00.000,128451880.00000000,
2026-03-06 05:00:00.000,128696136.00000000,
2026-03-06 06:00:00.000,128901290.00000000,
2026-03-06 07:00:00.000,129367356.00000000,
2026-03-06 08:00:00.000,129199542.00000000,
2026-03-06 09:00:00.000,126618668.00000000,
2026-03-06 10:00:00.000,127254661.00000000,
2026-03-06 11:00:00.000,128688484.00000000,
2026-03-06 12:00:00.000,128702190.00000000,
2026-03-06 13:00:00.000,129700790.00000000,
2026-03-06 14:00:00.000,129361787.00000000,
2026-03-06 15:00:00.000,128063206.00000000,
2026-03-06 16:00:00.000,129741123.00000000,
2026-03-06 17:00:00.000,130993894.00000000,
2026-03-06 18:00:00.000,131327183.00000000,
2026-03-06 19:00:00.000,131158114.00000000,
2026-03-06 20:00:00.000,131819694.00000000,
2026-03-06 21:00:00.000,132695322.00000000,
2026-03-06 22:00:00.000,132811588.00000000,
2026-03-06 23:00:00.000,133004496.00000000,
2026-03-07 00:00:00.000,132621822.00000000,
2026-03-07 01:00:00.000,132628454.00000000,
2026-03-07 02:00:00.000,132460394.00000000,
2026-03-07 03:00:00.000,132282340.00000000,
2026-03-07 04:00:00.000,131963011.00000000,
2026-03-07 05:00:00.000,132700484.00000000,
2026-03-07 06:00:00.000,132989970.00000000,
2026-03-07 07:00:00.000,134734502.00000000,
2026-03-07 08:00:00.000,134476496.00000000,
2026-03-07 09:00:00.000,134437088.00000000,
2026-03-07 10:00:00.000,134443940.00000000,
2026-03-07 11:00:00.000,134420172.00000000,
2026-03-07 12:00:00.000,134135480.00000000,
2026-03-07 13:00:00.000,135054622.00000000,
2026-03-07 14:00:00.000,136406283.00000000,
2026-03-07 15:00:00.000,137421764.00000000,
2026-03-07 16:00:00.000,136354033.00000000,
2026-03-07 17:00:00.000,136334580.00000000,
2026-03-07 18:00:00.000,136403554.00000000,
2026-03-07 19:00:00.000,131591930.00000000,
2026-03-07 20:00:00.000,130770356.00000000,
2026-03-07 21:00:00.000,131392660.00000000,
2026-03-07 22:00:00.000,131777598.00000000,
2026-03-07 23:00:00.000,132057192.00000000,
2026-03-08 00:00:00.000,132402608.00000000,
2026-03-08 01:00:00.000,132715814.00000000,
2026-03-08 02:00:00.000,133376882.00000000,
2026-03-08 03:00:00.000,131350480.00000000,
2026-03-08 04:00:00.000,131418826.00000000,
2026-03-08 05:00:00.000,131882801.00000000,
2026-03-08 06:00:00.000,131162088.00000000,
2026-03-08 07:00:00.000,131279322.00000000,
2026-03-08 08:00:00.000,131260432.00000000,
2026-03-08 09:00:00.000,131313072.00000000,
2026-03-08 10:00:00.000,131830586.00000000,
2026-03-08 11:00:00.000,131457028.00000000,
2026-03-08 12:00:00.000,130997262.00000000,
2026-03-08 13:00:00.000,130552164.00000000,
2026-03-08 14:00:00.000,131076106.00000000,
2026-03-08 15:00:00.000,132313884.00000000,
2026-03-08 16:00:00.000,131993103.00000000,
2026-03-08 17:00:00.000,131673798.00000000,
2026-03-08 18:00:00.000,131857064.00000000,
2026-03-08 19:00:00.000,133290820.00000000,
2026-03-08 20:00:00.000,131626940.00000000,
2026-03-08 21:00:00.000,131967880.00000000,
2026-03-08 22:00:00.000,131463520.00000000,
2026-03-08 23:00:00.000,131084486.00000000,
2026-03-09 00:00:00.000,131559300.00000000,
2026-03-09 01:00:00.000,131950678.00000000,
2026-03-09 02:00:00.000,131879850.00000000,
2026-03-09 03:00:00.000,131661231.00000000,
2026-03-09 04:00:00.000,130819902.00000000,
2026-03-09 05:00:00.000,130488534.00000000,
2026-03-09 06:00:00.000,130210016.00000000,
2026-03-09 07:00:00.000,129381833.00000000,
2026-03-09 08:00:00.000,129686692.00000000,
2026-03-09 09:00:00.000,129490346.00000000,
2026-03-09 10:00:00.000,129294300.00000000,
2026-03-09 11:00:00.000,129796702.00000000,
2026-03-09 12:00:00.000,130111588.00000000,
2026-03-09 13:00:00.000,131337542.00000000,
2026-03-09 14:00:00.000,130713768.00000000,
2026-03-09 15:00:00.000,130632654.00000000,
2026-03-09 16:00:00.000,130376468.00000000,
2026-03-09 17:00:00.000,131004316.00000000,
2026-03-09 18:00:00.000,130641042.00000000,
2026-03-09 19:00:00.000,130148944.00000000,
2026-03-09 20:00:00.000,129676978.00000000,
2026-03-09 21:00:00.000,130474238.00000000,
2026-03-09 22:00:00.000,130324806.00000000,
2026-03-09 23:00:00.000,131222904.00000000,
2026-03-10 00:00:00.000,131357726.00000000,
2026-03-10 01:00:00.000,131713764.00000000,
2026-03-10 02:00:00.000,132125450.00000000,
2026-03-10 03:00:00.000,132165584.00000000,
2026-03-10 04:00:00.000,131421218.00000000,
2026-03-10 05:00:00.000,131350944.00000000,
2026-03-10 06:00:00.000,132085676.00000000,
2026-03-10 07:00:00.000,132388838.00000000,
2026-03-10 08:00:00.000,132500061.00000000,
2026-03-10 09:00:00.000,132585976.00000000,
2026-03-10 10:00:00.000,133064481.00000000,
2026-03-10 11:00:00.000,132592510.00000000,
2026-03-10 12:00:00.000,134779865.00000000,
2026-03-10 13:00:00.000,134345864.00000000,
2026-03-10 14:00:00.000,134130202.00000000,
2026-03-10 15:00:00.000,133584070.00000000,
2026-03-10 16:00:00.000,133547067.00000000,
2026-03-10 17:00:00.000,138175904.00000000,
2026-03-10 18:00:00.000,135198370.00000000,
2026-03-10 19:00:00.000,133596418.00000000,
2026-03-10 20:00:00.000,133191987.00000000,
2026-03-10 21:00:00.000,133179928.00000000,
2026-03-10 22:00:00.000,133004746.00000000,
2026-03-10 23:00:00.000,133762334.00000000,
2026-03-11 00:00:00.000,134631634.00000000,
2026-03-11 01:00:00.000,133730234.00000000,
2026-03-11 02:00:00.000,134158212.00000000,
2026-03-11 03:00:00.000,134055016.00000000,
2026-03-11 04:00:00.000,133572168.00000000,
2026-03-11 05:00:00.000,133759016.00000000,
2026-03-11 06:00:00.000,134056098.00000000,
2026-03-11 07:00:00.000,134439756.00000000,
2026-03-11 08:00:00.000,134273902.00000000,
2026-03-11 09:00:00.000,135371634.00000000,
2026-03-11 10:00:00.000,135417552.00000000,
2026-03-11 11:00:00.000,136151452.00000000,
2026-03-11 12:00:00.000,135527727.00000000,
2026-03-11 13:00:00.000,134866558.00000000,
2026-03-11 14:00:00.000,134240200.00000000,
2026-03-11 15:00:00.000,133498362.00000000,
2026-03-11 16:00:00.000,133612764.00000000,
2026-03-11 17:00:00.000,134292649.00000000,
2026-03-11 18:00:00.000,134453332.00000000,
2026-03-11 19:00:00.000,134846120.00000000,
2026-03-11 20:00:00.000,135000622.00000000,
2026-03-11 21:00:00.000,135784520.00000000,
2026-03-11 22:00:00.000,136759166.00000000,
2026-03-11 23:00:00.000,137432504.00000000,
2026-03-12 00:00:00.000,137770614.00000000,
2026-03-12 01:00:00.000,139055926.00000000,
2026-03-12 02:00:00.000,138057012.00000000,
2026-03-12 03:00:00.000,136458439.00000000,
2026-03-12 04:00:00.000,136787176.00000000,
2026-03-12 05:00:00.000,137405119.00000000,
2026-03-12 06:00:00.000,136361154.00000000,
2026-03-12 07:00:00.000,136127484.00000000,
2026-03-12 08:00:00.000,136276568.00000000,
2026-03-12 09:00:00.000,136314102.00000000,
2026-03-12 10:00:00.000,137333860.00000000,
2026-03-12 11:00:00.000,137247666.00000000,
2026-03-12 12:00:00.000,136767002.00000000,
2026-03-12 13:00:00.000,136944120.00000000,
2026-03-12 14:00:00.000,138586297.00000000,
2026-03-12 15:00:00.000,137475574.00000000,
2026-03-12 16:00:00.000,138828566.00000000,
2026-03-12 17:00:00.000,138565402.00000000,
2026-03-12 18:00:00.000,138140901.00000000,
2026-03-12 19:00:00.000,137878058.00000000,
2026-03-12 20:00:00.000,138595826.00000000,
2026-03-12 21:00:00.000,137449418.00000000,
2026-03-12 22:00:00.000,136772240.00000000,
2026-03-12 23:00:00.000,136153347.00000000,
2026-03-13 00:00:00.000,144189442.00000000,
2026-03-13 01:00:00.000,145541252.00000000,
2026-03-13 02:00:00.000,146079918.00000000,
2026-03-13 03:00:00.000,146702750.00000000,
2026-03-13 04:00:00.000,146311500.00000000,
2026-03-13 05:00:00.000,145578790.00000000,
2026-03-13 06:00:00.000,145806439.00000000,
2026-03-13 07:00:00.000,143641028.00000000,
2026-03-13 08:00:00.000,142690336.00000000,
2026-03-13 09:00:00.000,142269508.00000000,
2026-03-13 10:00:00.000,141684332.00000000,
2026-03-13 11:00:00.000,142070370.00000000,
2026-03-13 12:00:00.000,142394264.00000000,
2026-03-13 13:00:00.000,147124796.00000000,
2026-03-13 14:00:00.000,152568321.00000000,
2026-03-13 15:00:00.000,153021384.00000000,
2026-03-13 16:00:00.000,153068526.00000000,
2026-03-13 17:00:00.000,157694760.00000000,
2026-03-13 18:00:00.000,162116298.00000000,
2026-03-13 19:00:00.000,162864606.00000000,
2026-03-13 20:00:00.000,162638914.00000000,
2026-03-13 21:00:00.000,161569868.00000000,
2026-03-13 22:00:00.000,163331748.00000000,
2026-03-13 23:00:00.000,159760651.00000000,
2026-03-14 00:00:00.000,159696446.00000000,
2026-03-14 01:00:00.000,160344288.00000000,
2026-03-14 02:00:00.000,159895360.00000000,
2026-03-14 03:00:00.000,159967766.00000000,
2026-03-14 04:00:00.000,160887022.00000000,
2026-03-14 05:00:00.000,160420866.00000000,
2026-03-14 06:00:00.000,159934182.00000000,
2026-03-14 07:00:00.000,159198865.00000000,
2026-03-14 08:00:00.000,158964145.00000000,
2026-03-14 09:00:00.000,159095040.00000000,
2026-03-14 10:00:00.000,159006140.00000000,
2026-03-14 11:00:00.000,159402197.00000000,
2026-03-14 12:00:00.000,158992348.00000000,
2026-03-14 13:00:00.000,159576470.00000000,
2026-03-14 14:00:00.000,159329734.00000000,
2026-03-14 15:00:00.000,157551680.00000000,
2026-03-14 16:00:00.000,157841704.00000000,
2026-03-14 17:00:00.000,157465970.00000000,
2026-03-14 18:00:00.000,157543050.00000000,
2026-03-14 19:00:00.000,157866190.00000000,
2026-03-14 20:00:00.000,157760706.00000000,
2026-03-14 21:00:00.000,158070352.00000000,
2026-03-14 22:00:00.000,158976266.00000000,
2026-03-14 23:00:00.000,159404044.00000000,
2026-03-15 00:00:00.000,159755148.00000000,
2026-03-15 01:00:00.000,160402380.00000000,
2026-03-15 02:00:00.000,160851943.00000000,
2026-03-15 03:00:00.000,160575472.00000000,
2026-03-15 04:00:00.000,160600570.00000000,
2026-03-15 05:00:00.000,157953792.00000000,
2026-03-15 06:00:00.000,157746602.00000000,
2026-03-15 07:00:00.000,159682676.00000000,
2026-03-15 08:00:00.000,160153118.00000000,
2026-03-15 09:00:00.000,160894222.00000000,
2026-03-15 10:00:00.000,161231676.00000000,
2026-03-15 11:00:00.000,161660852.00000000,
2026-03-15 12:00:00.000,161709276.00000000,
2026-03-15 13:00:00.000,163241306.00000000,
2026-03-15 14:00:00.000,162913898.00000000,
2026-03-15 15:00:00.000,161716960.00000000,
2026-03-15 16:00:00.000,163077436.00000000,
2026-03-15 17:00:00.000,162843580.00000000,
2026-03-15 18:00:00.000,162487466.00000000,
2026-03-15 19:00:00.000,164014452.00000000,
2026-03-15 20:00:00.000,163863238.00000000,
2026-03-15 21:00:00.000,162788304.00000000,
2026-03-15 22:00:00.000,162341189.00000000,
2026-03-15 23:00:00.000,160533740.00000000,
2026-03-16 00:00:00.000,159872208.00000000,
2026-03-16 01:00:00.000,158539318.00000000,
2026-03-16 02:00:00.000,158761629.00000000,
2026-03-16 03:00:00.000,159745364.00000000,
2026-03-16 04:00:00.000,160802454.00000000,
2026-03-16 05:00:00.000,160157750.00000000,
2026-03-16 06:00:00.000,160163588.00000000,
2026-03-16 07:00:00.000,159572808.00000000,
2026-03-16 08:00:00.000,159725898.00000000,
2026-03-16 09:00:00.000,159976834.00000000,
2026-03-16 10:00:00.000,159413800.00000000,
2026-03-16 11:00:00.000,158738464.00000000,
2026-03-16 12:00:00.000,158237686.00000000,
2026-03-16 13:00:00.000,158937186.00000000,
2026-03-16 14:00:00.000,158419830.00000000,
2026-03-16 15:00:00.000,158722346.00000000,
2026-03-16 16:00:00.000,159464822.00000000,
2026-03-16 17:00:00.000,159740518.00000000,
2026-03-16 18:00:00.000,159617760.00000000,
2026-03-16 19:00:00.000,159317440.00000000,
2026-03-16 20:00:00.000,158474786.00000000,
2026-03-16 21:00:00.000,158303734.00000000,
2026-03-16 22:00:00.000,158883600.00000000,
2026-03-16 23:00:00.000,159358534.00000000,
2026-03-17 00:00:00.000,158804966.00000000,
2026-03-17 01:00:00.000,159599646.00000000,
2026-03-17 02:00:00.000,159673304.00000000,
2026-03-17 03:00:00.000,159759284.00000000,
2026-03-17 04:00:00.000,158519364.00000000,
2026-03-17 05:00:00.000,158429324.00000000,
2026-03-17 06:00:00.000,158382774.00000000,
2026-03-17 07:00:00.000,158004686.00000000,
2026-03-17 08:00:00.000,159158640.00000000,
2026-03-17 09:00:00.000,159492666.00000000,
2026-03-17 10:00:00.000,159400552.00000000,
2026-03-17 11:00:00.000,159068210.00000000,
2026-03-17 12:00:00.000,159405120.00000000,
2026-03-17 13:00:00.000,158839082.00000000,
2026-03-17 14:00:00.000,158123549.00000000,
2026-03-17 15:00:00.000,158362336.00000000,
2026-03-17 16:00:00.000,158256256.00000000,
2026-03-17 17:00:00.000,159641964.00000000,
2026-03-17 18:00:00.000,159523632.00000000,
2026-03-17 19:00:00.000,160471782.00000000,
2026-03-17 20:00:00.000,160087476.00000000,
2026-03-17 21:00:00.000,159970222.00000000,
2026-03-17 22:00:00.000,161590144.00000000,
2026-03-17 23:00:00.000,161138606.00000000,
2026-03-18 00:00:00.000,161015738.00000000,
2026-03-18 01:00:00.000,160896872.00000000,
2026-03-18 02:00:00.000,161606938.00000000,
2026-03-18 03:00:00.000,161263162.00000000,
2026-03-18 04:00:00.000,160895122.00000000,
2026-03-18 05:00:00.000,160333978.00000000,
2026-03-18 06:00:00.000,160758416.00000000,
2026-03-18 07:00:00.000,163279770.00000000,
2026-03-18 08:00:00.000,162719902.00000000,
2026-03-18 09:00:00.000,163141160.00000000,
2026-03-18 10:00:00.000,163312775.00000000,
2026-03-18 11:00:00.000,161947894.00000000,
2026-03-18 12:00:00.000,160824072.00000000,
2026-03-18 13:00:00.000,159295422.00000000,
2026-03-18 14:00:00.000,159835476.00000000,
2026-03-18 15:00:00.000,156548172.00000000,
2026-03-18 16:00:00.000,156869772.00000000,
2026-03-18 17:00:00.000,157813188.00000000,
2026-03-18 18:00:00.000,157809058.00000000,
2026-03-18 19:00:00.000,158612150.00000000,
2026-03-18 20:00:00.000,158668844.00000000,
2026-03-18 21:00:00.000,158387320.00000000,
2026-03-18 22:00:00.000,159156286.00000000,
2026-03-18 23:00:00.000,159817586.00000000,
2026-03-19 00:00:00.000,160074852.00000000,
2026-03-19 01:00:00.000,160309354.00000000,
2026-03-19 02:00:00.000,160388400.00000000,
2026-03-19 03:00:00.000,160811856.00000000,
2026-03-19 04:00:00.000,160671518.00000000,
2026-03-19 05:00:00.000,160170646.00000000,
2026-03-19 06:00:00.000,159479788.00000000,
2026-03-19 07:00:00.000,159692868.00000000,
2026-03-19 08:00:00.000,158873227.00000000,
2026-03-19 09:00:00.000,159114900.00000000,
2026-03-19 10:00:00.000,159471232.00000000,
2026-03-19 11:00:00.000,159276822.00000000,
2026-03-19 12:00:00.000,158985646.00000000,
2026-03-19 13:00:00.000,158408115.00000000,
2026-03-19 14:00:00.000,158332792.00000000,
2026-03-19 15:00:00.000,158004538.00000000,
2026-03-19 16:00:00.000,158959919.00000000,
2026-03-19 17:00:00.000,158963994.00000000,
2026-03-19 18:00:00.000,159544014.00000000,
2026-03-19 19:00:00.000,159506224.00000000,
2026-03-19 20:00:00.000,159278786.00000000,
2026-03-19 21:00:00.000,159576512.00000000,
2026-03-19 22:00:00.000,160125358.00000000,
2026-03-19 23:00:00.000,160042472.00000000,
2026-03-20 00:00:00.000,160091830.00000000,
2026-03-20 01:00:00.000,159527314.00000000,
2026-03-20 02:00:00.000,159512326.00000000,
2026-03-20 03:00:00.000,159337489.00000000,
2026-03-20 04:00:00.000,159215230.00000000,
2026-03-20 05:00:00.000,159123806.00000000,
2026-03-20 06:00:00.000,160606379.00000000,
2026-03-20 07:00:00.000,160373606.00000000,
2026-03-20 08:00:00.000,158014768.00000000,
2026-03-20 09:00:00.000,157070566.00000000,
2026-03-20 10:00:00.000,156933032.00000000,
2026-03-20 11:00:00.000,156193724.00000000,
2026-03-20 12:00:00.000,156046122.00000000,
2026-03-20 13:00:00.000,156014962.00000000,
2026-03-20 14:00:00.000,156137872.00000000,
2026-03-20 15:00:00.000,155377110.00000000,
2026-03-20 16:00:00.000,155857380.00000000,
2026-03-20 17:00:00.000,161948373.00000000,
2026-03-20 18:00:00.000,159760632.00000000,
2026-03-20 19:00:00.000,162316768.00000000,
2026-03-20 20:00:00.000,162548378.00000000,
2026-03-20 21:00:00.000,162713826.00000000,
2026-03-20 22:00:00.000,162152528.00000000,
2026-03-20 23:00:00.000,162309442.00000000,
2026-03-21 00:00:00.000,162211120.00000000,
2026-03-21 01:00:00.000,162899132.00000000,
2026-03-21 02:00:00.000,162754704.00000000,
2026-03-21 03:00:00.000,162375129.00000000,
2026-03-21 04:00:00.000,162436088.00000000,
2026-03-21 05:00:00.000,162482818.00000000,
2026-03-21 06:00:00.000,162772750.00000000,
2026-03-21 07:00:00.000,163125188.00000000,
2026-03-21 08:00:00.000,162599338.00000000,
2026-03-21 09:00:00.000,162693552.00000000,
2026-03-21 10:00:00.000,162508086.00000000,
2026-03-21 11:00:00.000,162791070.00000000,
2026-03-21 12:00:00.000,162908730.00000000,
2026-03-21 13:00:00.000,163258644.00000000,
2026-03-21 14:00:00.000,163336768.00000000,
2026-03-21 15:00:00.000,163160260.00000000,
2026-03-21 16:00:00.000,163101154.00000000,
2026-03-21 17:00:00.000,163623794.00000000,
2026-03-21 18:00:00.000,163684842.00000000,
2026-03-21 19:00:00.000,163399472.00000000,
2026-03-21 20:00:00.000,163340358.00000000,
2026-03-21 21:00:00.000,163266000.00000000,
2026-03-21 22:00:00.000,163097202.00000000,
2026-03-21 23:00:00.000,162804988.00000000,
2026-03-22 00:00:00.000,160587548.00000000,
2026-03-22 01:00:00.000,158873812.00000000,
2026-03-22 02:00:00.000,159100180.00000000,
2026-03-22 03:00:00.000,159051636.00000000,
2026-03-22 04:00:00.000,159105178.00000000,
2026-03-22 05:00:00.000,158620274.00000000,
2026-03-22 06:00:00.000,158341534.00000000,
2026-03-22 07:00:00.000,159588356.00000000,
2026-03-22 08:00:00.000,159370160.00000000,
2026-03-22 09:00:00.000,159811870.00000000,
2026-03-22 10:00:00.000,159755870.00000000,
2026-03-22 11:00:00.000,159108106.00000000,
2026-03-22 12:00:00.000,158916516.00000000,
2026-03-22 13:00:00.000,158076836.00000000,
2026-03-22 14:00:00.000,157732718.00000000,
2026-03-22 15:00:00.000,156455352.00000000,
2026-03-22 16:00:00.000,156037554.00000000,
2026-03-22 17:00:00.000,155369296.00000000,
2026-03-22 18:00:00.000,154623037.00000000,
2026-03-22 19:00:00.000,154455924.00000000,
2026-03-22 20:00:00.000,154062066.00000000,
2026-03-22 21:00:00.000,153753422.00000000,
2026-03-22 22:00:00.000,153598778.00000000,
2026-03-22 23:00:00.000,152918816.00000000,
2026-03-23 00:00:00.000,153182586.00000000,
2026-03-23 01:00:00.000,152725904.00000000,
2026-03-23 02:00:00.000,152348362.00000000,
2026-03-23 03:00:00.000,151920834.00000000,
2026-03-23 04:00:00.000,151905274.00000000,
2026-03-23 05:00:00.000,151989854.00000000,
2026-03-23 06:00:00.000,151205100.00000000,
2026-03-23 07:00:00.000,151425290.00000000,
2026-03-23 08:00:00.000,151483040.00000000,
2026-03-23 09:00:00.000,151941758.00000000,
2026-03-23 10:00:00.000,153318012.00000000,
2026-03-23 11:00:00.000,153158036.00000000,
2026-03-23 12:00:00.000,152698166.00000000,
2026-03-23 13:00:00.000,151448842.00000000,
2026-03-23 14:00:00.000,152862136.00000000,
2026-03-23 15:00:00.000,154281764.00000000,
2026-03-23 16:00:00.000,154944114.00000000,
2026-03-23 17:00:00.000,154706782.00000000,
2026-03-23 18:00:00.000,154468006.00000000,
2026-03-23 19:00:00.000,157110356.00000000,
2026-03-23 20:00:00.000,156490796.00000000,
2026-03-23 21:00:00.000,156406480.00000000,
2026-03-23 22:00:00.000,155742222.00000000,
2026-03-23 23:00:00.000,155793488.00000000,
2026-03-24 00:00:00.000,155388842.00000000,
2026-03-24 01:00:00.000,154380376.00000000,
2026-03-24 02:00:00.000,154023626.00000000,
2026-03-24 03:00:00.000,154137082.00000000,
2026-03-24 04:00:00.000,153927320.00000000,
2026-03-24 05:00:00.000,153757138.00000000,
2026-03-24 06:00:00.000,154410580.00000000,
2026-03-24 07:00:00.000,154009474.00000000,
2026-03-24 08:00:00.000,153290834.00000000,
2026-03-24 09:00:00.000,153071618.00000000,
2026-03-24 10:00:00.000,153146618.00000000,
2026-03-24 11:00:00.000,153628470.00000000,
2026-03-24 12:00:00.000,153203684.00000000,
2026-03-24 13:00:00.000,152294619.00000000,
2026-03-24 14:00:00.000,152048432.00000000,
2026-03-24 15:00:00.000,152122316.00000000,
2026-03-24 16:00:00.000,151689052.00000000,
2026-03-24 17:00:00.000,151918129.00000000,
2026-03-24 18:00:00.000,151865974.00000000,
2026-03-24 19:00:00.000,152326446.00000000,
2026-03-24 20:00:00.000,152377312.00000000,
2026-03-24 21:00:00.000,153481306.00000000,
2026-03-24 22:00:00.000,153216628.00000000,
2026-03-24 23:00:00.000,153021754.00000000,
2026-03-25 00:00:00.000,153195018.00000000,
2026-03-25 01:00:00.000,152923039.00000000,
2026-03-25 02:00:00.000,152167722.00000000,
2026-03-25 03:00:00.000,152185308.00000000,
2026-03-25 04:00:00.000,151931032.00000000,
2026-03-25 05:00:00.000,151702000.00000000,
2026-03-25 06:00:00.000,151603456.00000000,
2026-03-25 07:00:00.000,152370340.00000000,
2026-03-25 08:00:00.000,152756461.00000000,
2026-03-25 09:00:00.000,152731110.00000000,
2026-03-25 10:00:00.000,153125162.00000000,
2026-03-25 11:00:00.000,153343534.00000000,
2026-03-25 12:00:00.000,152390510.00000000,
2026-03-25 13:00:00.000,150898038.00000000,
2026-03-25 14:00:00.000,149196012.00000000,
2026-03-25 15:00:00.000,148672800.00000000,
2026-03-25 16:00:00.000,146796002.00000000,
2026-03-25 17:00:00.000,144290643.00000000,
2026-03-25 18:00:00.000,143904892.00000000,
2026-03-25 19:00:00.000,142723116.00000000,
2026-03-25 20:00:00.000,142702472.00000000,
2026-03-25 21:00:00.000,142458152.00000000,
2026-03-25 22:00:00.000,141437020.00000000,
2026-03-25 23:00:00.000,141497356.00000000,
2026-03-26 00:00:00.000,140649318.00000000,
2026-03-26 01:00:00.000,140314282.00000000,
2026-03-26 02:00:00.000,140021336.00000000,
2026-03-26 03:00:00.000,139968560.00000000,
2026-03-26 04:00:00.000,139160590.00000000,
2026-03-26 05:00:00.000,138994612.00000000,
2026-03-26 06:00:00.000,138554882.00000000,
2026-03-26 07:00:00.000,136966474.00000000,
2026-03-26 08:00:00.000,139428730.00000000,
2026-03-26 09:00:00.000,139928843.00000000,
2026-03-26 10:00:00.000,139589024.00000000,
2026-03-26 11:00:00.000,139291228.00000000,
2026-03-26 12:00:00.000,138464676.00000000,
2026-03-26 13:00:00.000,140464774.00000000,
2026-03-26 14:00:00.000,139855920.00000000,
2026-03-26 15:00:00.000,139698440.00000000,
2026-03-26 16:00:00.000,138076274.00000000,
2026-03-26 17:00:00.000,137981307.00000000,
2026-03-26 18:00:00.000,138033631.00000000,
2026-03-26 19:00:00.000,138765578.00000000,
2026-03-26 20:00:00.000,138009370.00000000,
2026-03-26 21:00:00.000,138263770.00000000,
2026-03-26 22:00:00.000,138683828.00000000,
2026-03-26 23:00:00.000,138542130.00000000,
2026-03-27 00:00:00.000,138558110.00000000,
2026-03-27 01:00:00.000,139800216.00000000,
2026-03-27 02:00:00.000,140865806.00000000,
2026-03-27 03:00:00.000,141598530.00000000,
2026-03-27 04:00:00.000,141898434.00000000,
2026-03-27 05:00:00.000,141226478.00000000,
2026-03-27 06:00:00.000,140988736.00000000,
2026-03-27 07:00:00.000,143883654.00000000,
2026-03-27 08:00:00.000,143207104.00000000,
2026-03-27 09:00:00.000,140967362.00000000,
2026-03-27 10:00:00.000,139373496.00000000,
2026-03-27 11:00:00.000,137663612.00000000,
2026-03-27 12:00:00.000,136392344.00000000,
2026-03-27 13:00:00.000,137169162.00000000,
2026-03-27 14:00:00.000,137713790.00000000,
2026-03-27 15:00:00.000,137728070.00000000,
2026-03-27 16:00:00.000,138375258.00000000,
2026-03-27 17:00:00.000,138396096.00000000,
2026-03-27 18:00:00.000,138397574.00000000,
2026-03-27 19:00:00.000,138485998.00000000,
2026-03-27 20:00:00.000,138879044.00000000,
2026-03-27 21:00:00.000,139081796.00000000,
2026-03-27 22:00:00.000,139076042.00000000,
2026-03-27 23:00:00.000,139070370.00000000,
2026-03-28 00:00:00.000,139150622.00000000,
2026-03-28 01:00:00.000,138759674.00000000,
2026-03-28 02:00:00.000,138437180.00000000,
2026-03-28 03:00:00.000,138205122.00000000,
2026-03-28 04:00:00.000,138201228.00000000,
2026-03-28 05:00:00.000,138112565.00000000,
2026-03-28 06:00:00.000,138463576.00000000,
2026-03-28 07:00:00.000,137566358.00000000,
2026-03-28 08:00:00.000,137415035.00000000,
2026-03-28 09:00:00.000,140085174.00000000,
2026-03-28 10:00:00.000,140554308.00000000,
2026-03-28 11:00:00.000,141298212.00000000,
2026-03-28 12:00:00.000,141454252.00000000,
2026-03-28 13:00:00.000,141531306.00000000,
2026-03-28 14:00:00.000,141184366.00000000,
2026-03-28 15:00:00.000,141281344.00000000,
2026-03-28 16:00:00.000,140650896.00000000,
2026-03-28 17:00:00.000,140691062.00000000,
2026-03-28 18:00:00.000,140411124.00000000,
2026-03-28 19:00:00.000,140691864.00000000,
2026-03-28 20:00:00.000,140525074.00000000,
2026-03-28 21:00:00.000,140670482.00000000,
2026-03-28 22:00:00.000,140362750.00000000,
2026-03-28 23:00:00.000,140424670.00000000,
2026-03-29 00:00:00.000,140518382.00000000,
2026-03-29 01:00:00.000,140451156.00000000,
2026-03-29 02:00:00.000,140265516.00000000,
2026-03-29 03:00:00.000,140408531.00000000,
2026-03-29 04:00:00.000,140432600.00000000,
2026-03-29 05:00:00.000,140339826.00000000,
2026-03-29 06:00:00.000,140202184.00000000,
2026-03-29 07:00:00.000,140775722.00000000,
2026-03-29 08:00:00.000,140653356.00000000,
2026-03-29 09:00:00.000,140490700.00000000,
2026-03-29 10:00:00.000,140395958.00000000,
2026-03-29 11:00:00.000,139940761.00000000,
2026-03-29 12:00:00.000,139423161.00000000,
2026-03-29 13:00:00.000,139719049.00000000,
2026-03-29 14:00:00.000,139806249.00000000,
2026-03-29 15:00:00.000,139948293.00000000,
2026-03-29 16:00:00.000,140116061.00000000,
2026-03-29 17:00:00.000,139948477.00000000,
2026-03-29 18:00:00.000,139996815.00000000,
2026-03-29 19:00:00.000,139626251.00000000,
2026-03-29 20:00:00.000,139366179.00000000,
2026-03-29 21:00:00.000,139398601.00000000,
2026-03-29 22:00:00.000,139147433.00000000,
2026-03-29 23:00:00.000,137057791.00000000,
2026-03-30 00:00:00.000,136714297.00000000,
2026-03-30 01:00:00.000,137490246.00000000,
2026-03-30 02:00:00.000,137386175.00000000,
2026-03-30 03:00:00.000,137096875.00000000,
2026-03-30 04:00:00.000,137795911.00000000,
2026-03-30 05:00:00.000,135903265.00000000,
2026-03-30 06:00:00.000,135300645.00000000,
2026-03-30 07:00:00.000,135359521.00000000,
2026-03-30 08:00:00.000,135641197.00000000,
2026-03-30 09:00:00.000,135920085.00000000,
2026-03-30 10:00:00.000,136942929.00000000,
2026-03-30 11:00:00.000,136851871.00000000,
2026-03-30 12:00:00.000,136675007.00000000,
2026-03-30 13:00:00.000,136308971.00000000,
2026-03-30 14:00:00.000,135877516.00000000,
2026-03-30 15:00:00.000,135227426.00000000,
2026-03-30 16:00:00.000,135716511.00000000,
2026-03-30 17:00:00.000,135419703.00000000,
2026-03-30 18:00:00.000,135555581.00000000,
2026-03-30 19:00:00.000,135024129.00000000,
2026-03-30 20:00:00.000,134371983.00000000,
2026-03-30 21:00:00.000,137310897.00000000,
2026-03-30 22:00:00.000,135937977.00000000,
2026-03-30 23:00:00.000,136010031.00000000,
2026-03-31 00:00:00.000,136022325.00000000,
2026-03-31 01:00:00.000,138177401.00000000,
2026-03-31 02:00:00.000,137798903.00000000,
2026-03-31 03:00:00.000,137596051.00000000,
2026-03-31 04:00:00.000,137411747.00000000,
2026-03-31 05:00:00.000,136351887.00000000,
2026-03-31 06:00:00.000,137299791.00000000,
2026-03-31 07:00:00.000,138960523.00000000,
2026-03-31 08:00:00.000,140499402.00000000,
2026-03-31 09:00:00.000,140611475.00000000,
2026-03-31 10:00:00.000,141568265.00000000,
2026-03-31 11:00:00.000,141661687.00000000,
2026-03-31 12:00:00.000,141629395.00000000,
2026-03-31 13:00:00.000,141890419.00000000,
2026-03-31 14:00:00.000,143558679.00000000,
2026-03-31 15:00:00.000,144337413.00000000,
2026-03-31 16:00:00.000,144860822.00000000,
2026-03-31 17:00:00.000,144399655.00000000,
2026-03-31 18:00:00.000,143704353.00000000,
2026-03-31 19:00:00.000,145904723.00000000,
2026-03-31 20:00:00.000,144112001.00000000,
2026-03-31 21:00:00.000,144219013.00000000,
2026-03-31 22:00:00.000,144165577.00000000,
2026-03-31 23:00:00.000,144185525.00000000,
2026-04-01 00:00:00.000,143654613.00000000,
2026-04-01 01:00:00.000,143258859.00000000,
2026-04-01 02:00:00.000,143008023.00000000,
2026-04-01 03:00:00.000,143280369.00000000,
2026-04-01 04:00:00.000,142673941.00000000,
2026-04-01 05:00:00.000,141964979.00000000,
2026-04-01 06:00:00.000,141790763.00000000,
2026-04-01 07:00:00.000,140503201.00000000,
2026-04-01 08:00:00.000,139459033.00000000,
2026-04-01 09:00:00.000,139545709.00000000,
2026-04-01 10:00:00.000,139695149.00000000,
2026-04-01 11:00:00.000,139795871.00000000,
2026-04-01 12:00:00.000,140154203.00000000,
2026-04-01 13:00:00.000,140140453.00000000,
2026-04-01 14:00:00.000,140762223.00000000,
2026-04-01 15:00:00.000,140409824.00000000,
2026-04-01 16:00:00.000,140106513.00000000,
2026-04-01 17:00:00.000,139766867.00000000,
2026-04-01 18:00:00.000,139511039.00000000,
2026-04-01 19:00:00.000,139394107.00000000,
2026-04-01 20:00:00.000,139594735.00000000,
2026-04-01 21:00:00.000,139932903.00000000,
2026-04-01 22:00:00.000,139179413.00000000,
2026-04-01 23:00:00.000,139359343.00000000,
2026-04-02 00:00:00.000,139322640.00000000,
2026-04-02 01:00:00.000,140157572.00000000,
2026-04-02 02:00:00.000,141765811.00000000,
2026-04-02 03:00:00.000,141754007.00000000,
2026-04-02 04:00:00.000,141881027.00000000,
2026-04-02 05:00:00.000,142715667.00000000,
2026-04-02 06:00:00.000,142474936.00000000,
2026-04-02 07:00:00.000,143457305.00000000,
2026-04-02 08:00:00.000,143403034.00000000,
2026-04-02 09:00:00.000,142901235.00000000,
2026-04-02 10:00:00.000,142764188.00000000,
2026-04-02 11:00:00.000,143225267.00000000,
2026-04-02 12:00:00.000,144626527.00000000,
2026-04-02 13:00:00.000,144518743.00000000,
2026-04-02 14:00:00.000,144486859.00000000,
2026-04-02 15:00:00.000,144351755.00000000,
2026-04-02 16:00:00.000,144572885.00000000,
2026-04-02 17:00:00.000,146176695.00000000,
2026-04-02 18:00:00.000,145859821.00000000,
2026-04-02 19:00:00.000,145777087.00000000,
2026-04-02 20:00:00.000,145739529.00000000,
2026-04-02 21:00:00.000,146290961.00000000,
2026-04-02 22:00:00.000,146472534.00000000,
2026-04-02 23:00:00.000,146617971.00000000,
2026-04-03 00:00:00.000,146638721.00000000,
2026-04-03 01:00:00.000,146966813.00000000,
2026-04-03 02:00:00.000,146527971.00000000,
2026-04-03 03:00:00.000,146173709.00000000,
2026-04-03 04:00:00.000,145809890.00000000,
2026-04-03 05:00:00.000,145966505.00000000,
2026-04-03 06:00:00.000,145607883.00000000,
2026-04-03 07:00:00.000,145481125.00000000,
2026-04-03 08:00:00.000,145074433.00000000,
2026-04-03 09:00:00.000,145260093.00000000,
2026-04-03 10:00:00.000,146162977.00000000,
2026-04-03 11:00:00.000,146561605.00000000,
2026-04-03 12:00:00.000,146857297.00000000,
2026-04-03 13:00:00.000,147192261.00000000,
2026-04-03 14:00:00.000,146792015.00000000,
2026-04-03 15:00:00.000,148307613.00000000,
2026-04-03 16:00:00.000,148078168.00000000,
2026-04-03 17:00:00.000,148557405.00000000,
2026-04-03 18:00:00.000,147761054.00000000,
2026-04-03 19:00:00.000,147634657.00000000,
2026-04-03 20:00:00.000,147737561.00000000,
2026-04-03 21:00:00.000,147659323.00000000,
2026-04-03 22:00:00.000,147347303.00000000,
2026-04-03 23:00:00.000,147675323.00000000,
2026-04-04 00:00:00.000,147576995.00000000,
2026-04-04 01:00:00.000,148486517.00000000,
2026-04-04 02:00:00.000,149393803.00000000,
2026-04-04 03:00:00.000,150151001.00000000,
2026-04-04 04:00:00.000,150762187.00000000,
2026-04-04 05:00:00.000,150595771.00000000,
2026-04-04 06:00:00.000,150733469.00000000,
2026-04-04 07:00:00.000,150932431.00000000,
2026-04-04 08:00:00.000,151166645.00000000,
2026-04-04 09:00:00.000,151268001.00000000,
2026-04-04 10:00:00.000,151029677.00000000,
2026-04-04 11:00:00.000,150681287.00000000,
2026-04-04 12:00:00.000,150647409.00000000,
2026-04-04 13:00:00.000,150587005.00000000,
2026-04-04 14:00:00.000,150837999.00000000,
2026-04-04 15:00:00.000,151628225.00000000,
2026-04-04 16:00:00.000,151312977.00000000,
2026-04-04 17:00:00.000,152758979.00000000,
2026-04-04 18:00:00.000,153520615.00000000,
2026-04-04 19:00:00.000,153681969.00000000,
2026-04-04 20:00:00.000,153465703.00000000,
2026-04-04 21:00:00.000,153526165.00000000,
2026-04-04 22:00:00.000,153579265.00000000,
2026-04-04 23:00:00.000,153812031.00000000,
2026-04-05 00:00:00.000,154198407.00000000,
2026-04-05 01:00:00.000,153416857.00000000,
2026-04-05 02:00:00.000,152638037.00000000,
2026-04-05 03:00:00.000,152799681.00000000,
2026-04-05 04:00:00.000,152890143.00000000,
2026-04-05 05:00:00.000,151895425.00000000,
2026-04-05 06:00:00.000,151661867.00000000,
2026-04-05 07:00:00.000,151950171.00000000,
2026-04-05 08:00:00.000,151695057.00000000,
2026-04-05 09:00:00.000,152720979.00000000,
2026-04-05 10:00:00.000,153432905.00000000,
2026-04-05 11:00:00.000,153533647.00000000,
2026-04-05 12:00:00.000,154041577.00000000,
2026-04-05 13:00:00.000,154539363.00000000,
2026-04-05 14:00:00.000,154628573.00000000,
2026-04-05 15:00:00.000,155027791.00000000,
2026-04-05 16:00:00.000,154950791.00000000,
2026-04-05 17:00:00.000,154717823.00000000,
2026-04-05 18:00:00.000,154383023.00000000,
2026-04-05 19:00:00.000,155082045.00000000,
2026-04-05 20:00:00.000,154841109.00000000,
2026-04-05 21:00:00.000,154945771.00000000,
2026-04-05 22:00:00.000,155452521.00000000,
2026-04-05 23:00:00.000,155535007.00000000,
2026-04-06 00:00:00.000,155672869.00000000,
2026-04-06 01:00:00.000,156347979.00000000,
2026-04-06 02:00:00.000,155609645.00000000,
2026-04-06 03:00:00.000,154982627.00000000,
2026-04-06 04:00:00.000,153513489.00000000,
2026-04-06 05:00:00.000,153132910.00000000,
2026-04-06 06:00:00.000,152707431.00000000,
2026-04-06 07:00:00.000,152029053.00000000,
2026-04-06 08:00:00.000,151994099.00000000,
2026-04-06 09:00:00.000,150646979.00000000,
2026-04-06 10:00:00.000,149472303.00000000,
2026-04-06 11:00:00.000,149450849.00000000,
2026-04-06 12:00:00.000,148665319.00000000,
2026-04-06 13:00:00.000,148113985.00000000,
2026-04-06 14:00:00.000,147804241.00000000,
2026-04-06 15:00:00.000,147493427.00000000,
2026-04-06 16:00:00.000,146638979.00000000,
2026-04-06 17:00:00.000,146958119.00000000,
2026-04-06 18:00:00.000,147030177.00000000,
2026-04-06 19:00:00.000,146811471.00000000,
2026-04-06 20:00:00.000,146861541.00000000,
2026-04-06 21:00:00.000,146619397.00000000,
2026-04-06 22:00:00.000,145589091.00000000,
2026-04-06 23:00:00.000,145788419.00000000,
2026-04-07 00:00:00.000,144880663.00000000,
2026-04-07 01:00:00.000,145268697.00000000,
2026-04-07 02:00:00.000,145857165.00000000,
2026-04-07 03:00:00.000,146258842.00000000,
2026-04-07 04:00:00.000,146458826.00000000,
2026-04-07 05:00:00.000,147710826.00000000,
2026-04-07 06:00:00.000,147914860.00000000,
2026-04-07 07:00:00.000,148360090.00000000,
2026-04-07 08:00:00.000,148892304.00000000,
2026-04-07 09:00:00.000,149227622.00000000,
2026-04-07 10:00:00.000,149388262.00000000,
2026-04-07 11:00:00.000,150256968.00000000,
2026-04-07 12:00:00.000,150879502.00000000,
2026-04-07 13:00:00.000,151353660.00000000,
2026-04-07 14:00:00.000,151914374.00000000,
2026-04-07 15:00:00.000,152271548.00000000,
2026-04-07 16:00:00.000,152866244.00000000,
2026-04-07 17:00:00.000,153770524.00000000,
2026-04-07 18:00:00.000,153890320.00000000,
2026-04-07 19:00:00.000,154142870.00000000,
2026-04-07 20:00:00.000,154389471.00000000,
2026-04-07 21:00:00.000,155089408.00000000,
2026-04-07 22:00:00.000,156341424.00000000,
2026-04-07 23:00:00.000,155901133.00000000,
2026-04-08 00:00:00.000,156978190.00000000,
2026-04-08 01:00:00.000,161656660.00000000,
2026-04-08 02:00:00.000,162145997.00000000,
2026-04-08 03:00:00.000,162513538.00000000,
2026-04-08 04:00:00.000,162939630.00000000,
2026-04-08 05:00:00.000,163019806.00000000,
2026-04-08 06:00:00.000,163581420.00000000,
2026-04-08 07:00:00.000,164599978.00000000,
2026-04-08 08:00:00.000,164809892.00000000,
2026-04-08 09:00:00.000,165418388.00000000,
2026-04-08 10:00:00.000,165804592.00000000,
2026-04-08 11:00:00.000,166348042.00000000,
2026-04-08 12:00:00.000,167304518.00000000,
2026-04-08 13:00:00.000,167844244.00000000,
2026-04-08 14:00:00.000,171386440.00000000,
2026-04-08 15:00:00.000,172148763.00000000,
2026-04-08 16:00:00.000,173634728.00000000,
2026-04-08 17:00:00.000,173882574.00000000,
2026-04-08 18:00:00.000,174212812.00000000,
2026-04-08 19:00:00.000,175693464.00000000,
2026-04-08 20:00:00.000,177196612.00000000,
2026-04-08 21:00:00.000,178793202.00000000,
2026-04-08 22:00:00.000,179060284.00000000,
2026-04-08 23:00:00.000,180807188.00000000,
2026-04-09 00:00:00.000,183344641.00000000,
2026-04-09 01:00:00.000,187993552.00000000,
2026-04-09 02:00:00.000,190351980.00000000,
2026-04-09 03:00:00.000,190907420.00000000,
2026-04-09 04:00:00.000,192592034.00000000,
2026-04-09 05:00:00.000,194206468.00000000,
2026-04-09 06:00:00.000,197149364.00000000,
2026-04-09 07:00:00.000,201570862.00000000,
2026-04-09 08:00:00.000,204144894.00000000,
2026-04-09 09:00:00.000,206846230.00000000,
2026-04-09 10:00:00.000,209179244.00000000,
2026-04-09 11:00:00.000,209439928.00000000,
2026-04-09 12:00:00.000,210318369.00000000,
2026-04-09 13:00:00.000,213118010.00000000,
2026-04-09 14:00:00.000,213101542.00000000,
2026-04-09 15:00:00.000,214105182.00000000,
2026-04-09 16:00:00.000,213842264.00000000,
2026-04-09 17:00:00.000,213983628.00000000,
2026-04-09 18:00:00.000,213697206.00000000,
2026-04-09 19:00:00.000,210496116.00000000,
2026-04-09 20:00:00.000,210135632.00000000,
2026-04-09 21:00:00.000,209869146.00000000,
2026-04-09 22:00:00.000,210620334.00000000,
2026-04-09 23:00:00.000,211084374.00000000,
2026-04-10 00:00:00.000,212414378.00000000,
2026-04-10 01:00:00.000,215123646.00000000,
2026-04-10 02:00:00.000,215915114.00000000,
2026-04-10 03:00:00.000,215155896.00000000,
2026-04-10 04:00:00.000,214837622.00000000,
2026-04-10 05:00:00.000,214035089.00000000,
2026-04-10 06:00:00.000,214069404.00000000,
2026-04-10 07:00:00.000,212712201.00000000,
2026-04-10 08:00:00.000,215335102.00000000,
2026-04-10 09:00:00.000,214355158.00000000,
2026-04-10 10:00:00.000,211233032.00000000,
2026-04-10 11:00:00.000,210952661.00000000,
2026-04-10 12:00:00.000,211938177.00000000,
2026-04-10 13:00:00.000,211420588.00000000,
2026-04-10 14:00:00.000,211732136.00000000,
2026-04-10 15:00:00.000,211960788.00000000,
2026-04-10 16:00:00.000,210681276.00000000,
2026-04-10 17:00:00.000,211284410.00000000,
2026-04-10 18:00:00.000,211373368.00000000,
2026-04-10 19:00:00.000,211547822.00000000,
2026-04-10 20:00:00.000,211603832.00000000,
2026-04-10 21:00:00.000,211874665.00000000,
2026-04-10 22:00:00.000,211578878.00000000,
2026-04-10 23:00:00.000,211044560.00000000,
2026-04-11 00:00:00.000,210311818.00000000,
2026-04-11 01:00:00.000,208476905.00000000,
2026-04-11 02:00:00.000,208189218.00000000,
2026-04-11 03:00:00.000,208281098.00000000,
2026-04-11 04:00:00.000,208559860.00000000,
2026-04-11 05:00:00.000,208190798.00000000,
2026-04-11 06:00:00.000,208541533.00000000,
2026-04-11 07:00:00.000,208551890.00000000,
2026-04-11 08:00:00.000,209097093.00000000,
2026-04-11 09:00:00.000,208406950.00000000,
2026-04-11 10:00:00.000,208121964.00000000,
2026-04-11 11:00:00.000,208852028.00000000,
2026-04-11 12:00:00.000,210023438.00000000,
2026-04-11 13:00:00.000,209954468.00000000,
2026-04-11 14:00:00.000,209136408.00000000,
2026-04-11 15:00:00.000,208431052.00000000,
2026-04-11 16:00:00.000,208875977.00000000,
2026-04-11 17:00:00.000,206418898.00000000,
2026-04-11 18:00:00.000,205446810.00000000,
2026-04-11 19:00:00.000,204456592.00000000,
2026-04-11 20:00:00.000,203168440.00000000,
2026-04-11 21:00:00.000,201284794.00000000,
2026-04-11 22:00:00.000,201369264.00000000,
2026-04-11 23:00:00.000,199785808.00000000,
2026-04-12 00:00:00.000,199515640.00000000,
2026-04-12 01:00:00.000,199441694.00000000,
2026-04-12 02:00:00.000,199127999.00000000,
2026-04-12 03:00:00.000,200207564.00000000,
2026-04-12 04:00:00.000,200416891.00000000,
2026-04-12 05:00:00.000,200836292.00000000,
2026-04-12 06:00:00.000,200826486.00000000,
2026-04-12 07:00:00.000,201227104.00000000,
2026-04-12 08:00:00.000,201352180.00000000,
2026-04-12 09:00:00.000,203035650.00000000,
2026-04-12 10:00:00.000,200987278.00000000,
2026-04-12 11:00:00.000,199331697.00000000,
2026-04-12 12:00:00.000,200611006.00000000,
2026-04-12 13:00:00.000,199900046.00000000,
2026-04-12 14:00:00.000,197209962.00000000,
2026-04-12 15:00:00.000,195973784.00000000,
2026-04-12 16:00:00.000,195939608.00000000,
2026-04-12 17:00:00.000,195308490.00000000,
2026-04-12 18:00:00.000,195417692.00000000,
2026-04-12 19:00:00.000,195392992.00000000,
2026-04-12 20:00:00.000,195539800.00000000,
2026-04-12 21:00:00.000,195858914.00000000,
2026-04-12 22:00:00.000,194966809.00000000,
2026-04-12 23:00:00.000,196431932.00000000,
2026-04-13 00:00:00.000,196308612.00000000,
2026-04-13 01:00:00.000,194935814.00000000,
2026-04-13 02:00:00.000,194735610.00000000,
2026-04-13 03:00:00.000,194120618.00000000,
2026-04-13 04:00:00.000,193881566.00000000,
2026-04-13 05:00:00.000,193921658.00000000,
2026-04-13 06:00:00.000,194328812.00000000,
2026-04-13 07:00:00.000,194540540.00000000,
2026-04-13 08:00:00.000,195283063.00000000,
2026-04-13 09:00:00.000,195230038.00000000,
2026-04-13 10:00:00.000,195744860.00000000,
2026-04-13 11:00:00.000,196076070.00000000,
2026-04-13 12:00:00.000,195977678.00000000,
2026-04-13 13:00:00.000,196416812.00000000,
2026-04-13 14:00:00.000,196659910.00000000,
2026-04-13 15:00:00.000,196615408.00000000,
2026-04-13 16:00:00.000,196766482.00000000,
2026-04-13 17:00:00.000,195711004.00000000,
2026-04-13 18:00:00.000,198082496.00000000,
2026-04-13 19:00:00.000,197776384.00000000,
2026-04-13 20:00:00.000,197859980.00000000,
2026-04-13 21:00:00.000,197417814.00000000,
2026-04-13 22:00:00.000,196692238.00000000,
2026-04-13 23:00:00.000,196597658.00000000,
2026-04-14 00:00:00.000,198108494.00000000,
2026-04-14 01:00:00.000,197740201.00000000,
2026-04-14 02:00:00.000,197892192.00000000,
2026-04-14 03:00:00.000,198311598.00000000,
2026-04-14 04:00:00.000,198498268.00000000,
2026-04-14 05:00:00.000,198800262.00000000,
2026-04-14 06:00:00.000,198129316.00000000,
2026-04-14 07:00:00.000,198395317.00000000,
2026-04-14 08:00:00.000,198043572.00000000,
2026-04-14 09:00:00.000,197236446.00000000,
2026-04-14 10:00:00.000,197980140.00000000,
2026-04-14 11:00:00.000,200202289.00000000,
2026-04-14 12:00:00.000,201464842.00000000,
2026-04-14 13:00:00.000,200890684.00000000,
2026-04-14 14:00:00.000,200979954.00000000,
2026-04-14 15:00:00.000,201527098.00000000,
2026-04-14 16:00:00.000,202572322.00000000,
2026-04-14 17:00:00.000,203307628.00000000,
2026-04-14 18:00:00.000,202552816.00000000,
2026-04-14 19:00:00.000,204779494.00000000,
2026-04-14 20:00:00.000,204994260.00000000,
2026-04-14 21:00:00.000,204774730.00000000,
2026-04-14 22:00:00.000,204648958.00000000,
2026-04-14 23:00:00.000,205256646.00000000,
2026-04-15 00:00:00.000,205288242.00000000,
2026-04-15 01:00:00.000,205945026.00000000,
2026-04-15 02:00:00.000,205360830.00000000,
2026-04-15 03:00:00.000,205288408.00000000,
2026-04-15 04:00:00.000,204951120.00000000,
2026-04-15 05:00:00.000,204440210.00000000,
2026-04-15 06:00:00.000,204402802.00000000,
2026-04-15 07:00:00.000,204060388.00000000,
2026-04-15 08:00:00.000,203718806.00000000,
2026-04-15 09:00:00.000,204209408.00000000,
2026-04-15 10:00:00.000,203608284.00000000,
2026-04-15 11:00:00.000,202687540.00000000,
2026-04-15 12:00:00.000,202234216.00000000,
2026-04-15 13:00:00.000,199806688.00000000,
2026-04-15 14:00:00.000,198841835.00000000,
2026-04-15 15:00:00.000,199501006.00000000,
2026-04-15 16:00:00.000,199543796.00000000,
2026-04-15 17:00:00.000,199111143.00000000,
2026-04-15 18:00:00.000,197770650.00000000,
2026-04-15 19:00:00.000,196451946.00000000,
2026-04-15 20:00:00.000,195868247.00000000,
2026-04-15 21:00:00.000,194492062.00000000,
2026-04-15 22:00:00.000,193878718.00000000,
2026-04-15 23:00:00.000,192589762.00000000,
2026-04-16 00:00:00.000,192169860.00000000,
2026-04-16 01:00:00.000,189902654.00000000,
2026-04-16 02:00:00.000,188623276.00000000,
2026-04-16 03:00:00.000,188209050.00000000,
2026-04-16 04:00:00.000,189151868.00000000,
2026-04-16 05:00:00.000,187897087.00000000,
2026-04-16 06:00:00.000,186935296.00000000,
2026-04-16 07:00:00.000,187113877.00000000,
2026-04-16 08:00:00.000,186518966.00000000,
2026-04-16 09:00:00.000,185527794.00000000,
2026-04-16 10:00:00.000,185447686.00000000,
2026-04-16 11:00:00.000,185638624.00000000,
2026-04-16 12:00:00.000,185285517.00000000,
2026-04-16 13:00:00.000,184162153.00000000,
2026-04-16 14:00:00.000,187047199.00000000,
2026-04-16 15:00:00.000,185152244.00000000,
2026-04-16 16:00:00.000,184258687.00000000,
2026-04-16 17:00:00.000,183136634.00000000,
2026-04-16 18:00:00.000,181850214.00000000,
2026-04-16 19:00:00.000,178899682.00000000,
2026-04-16 20:00:00.000,178622532.00000000,
2026-04-16 21:00:00.000,177385972.00000000,
2026-04-16 22:00:00.000,176927594.00000000,
2026-04-16 23:00:00.000,177040032.00000000,
2026-04-17 00:00:00.000,176709838.00000000,
2026-04-17 01:00:00.000,176632766.00000000,
2026-04-17 02:00:00.000,176511888.00000000,
2026-04-17 03:00:00.000,177054084.00000000,
2026-04-17 04:00:00.000,177663604.00000000,
2026-04-17 05:00:00.000,177399272.00000000,
2026-04-17 06:00:00.000,177006764.00000000,
2026-04-17 07:00:00.000,176840588.00000000,
2026-04-17 08:00:00.000,176950672.00000000,
2026-04-17 09:00:00.000,176695774.00000000,
2026-04-17 10:00:00.000,176660914.00000000,
2026-04-17 11:00:00.000,177636786.00000000,
2026-04-17 12:00:00.000,177790738.00000000,
2026-04-17 13:00:00.000,177311784.00000000,
2026-04-17 14:00:00.000,176306430.00000000,
2026-04-17 15:00:00.000,176624154.00000000,
2026-04-17 16:00:00.000,176405214.00000000,
2026-04-17 17:00:00.000,177100380.00000000,
2026-04-17 18:00:00.000,177517990.00000000,
2026-04-17 19:00:00.000,177812972.00000000,
2026-04-17 20:00:00.000,178216799.00000000,
2026-04-17 21:00:00.000,178346284.00000000,
2026-04-17 22:00:00.000,177897584.00000000,
2026-04-17 23:00:00.000,177529002.00000000,
2026-04-18 00:00:00.000,177231102.00000000,
2026-04-18 01:00:00.000,175421400.00000000,
2026-04-18 02:00:00.000,175546104.00000000,
2026-04-18 03:00:00.000,175834248.00000000,
2026-04-18 04:00:00.000,175550854.00000000,
2026-04-18 05:00:00.000,175210751.00000000,
2026-04-18 06:00:00.000,177042782.00000000,
2026-04-18 07:00:00.000,177588504.00000000,
2026-04-18 08:00:00.000,177680549.00000000,
2026-04-18 09:00:00.000,178013658.00000000,
2026-04-18 10:00:00.000,179348190.00000000,
2026-04-18 11:00:00.000,179304748.00000000,
2026-04-18 12:00:00.000,179913714.00000000,
2026-04-18 13:00:00.000,179893908.00000000,
2026-04-18 14:00:00.000,180171116.00000000,
2026-04-18 15:00:00.000,180736508.00000000,
2026-04-18 16:00:00.000,180830886.00000000,
2026-04-18 17:00:00.000,180815376.00000000,
2026-04-18 18:00:00.000,180841496.00000000,
2026-04-18 19:00:00.000,180375236.00000000,
2026-04-18 20:00:00.000,179730262.00000000,
2026-04-18 21:00:00.000,179654594.00000000,
2026-04-18 22:00:00.000,180436764.00000000,
2026-04-18 23:00:00.000,179669624.00000000,
2026-04-19 00:00:00.000,179709936.00000000,
2026-04-19 01:00:00.000,181354242.00000000,
2026-04-19 02:00:00.000,181905520.00000000,
2026-04-19 03:00:00.000,181629969.00000000,
2026-04-19 04:00:00.000,181221118.00000000,
2026-04-19 05:00:00.000,181629184.00000000,
2026-04-19 06:00:00.000,182068038.00000000,
2026-04-19 07:00:00.000,182413616.00000000,
2026-04-19 08:00:00.000,181203566.00000000,
2026-04-19 09:00:00.000,181914850.00000000,
2026-04-19 10:00:00.000,181954372.00000000,
2026-04-19 11:00:00.000,181103348.00000000,
2026-04-19 12:00:00.000,180429512.00000000,
2026-04-19 13:00:00.000,182117808.00000000,
2026-04-19 14:00:00.000,185344539.00000000,
2026-04-19 15:00:00.000,184788728.00000000,
2026-04-19 16:00:00.000,185017979.00000000,
2026-04-19 17:00:00.000,186307840.00000000,
2026-04-19 18:00:00.000,185737918.00000000,
2026-04-19 19:00:00.000,185407086.00000000,
2026-04-19 20:00:00.000,186935818.00000000,
2026-04-19 21:00:00.000,189708556.00000000,
2026-04-19 22:00:00.000,188099010.00000000,
2026-04-19 23:00:00.000,185907170.00000000,
2026-04-20 00:00:00.000,187743640.00000000,
2026-04-20 01:00:00.000,187046172.00000000,
2026-04-20 02:00:00.000,186957318.00000000,
2026-04-20 03:00:00.000,187099222.00000000,
2026-04-20 04:00:00.000,186781988.00000000,
2026-04-20 05:00:00.000,184993574.00000000,
2026-04-20 06:00:00.000,184508676.00000000,
2026-04-20 07:00:00.000,184173178.00000000,
2026-04-20 08:00:00.000,186724211.00000000,
2026-04-20 09:00:00.000,186544156.00000000,
2026-04-20 10:00:00.000,187484686.00000000,
2026-04-20 11:00:00.000,188076150.00000000,
2026-04-20 12:00:00.000,187087662.00000000,
2026-04-20 13:00:00.000,187600580.00000000,
2026-04-20 14:00:00.000,185767168.00000000,
2026-04-20 15:00:00.000,186149767.00000000,
2026-04-20 16:00:00.000,186955840.00000000,
2026-04-20 17:00:00.000,188582236.00000000,
2026-04-20 18:00:00.000,190115370.00000000,
2026-04-20 19:00:00.000,190588032.00000000,
2026-04-20 20:00:00.000,191300980.00000000,
2026-04-20 21:00:00.000,191459825.00000000,
2026-04-20 22:00:00.000,193688748.00000000,
2026-04-20 23:00:00.000,192864048.00000000,
2026-04-21 00:00:00.000,192912430.00000000,
2026-04-21 01:00:00.000,192095630.00000000,
2026-04-21 02:00:00.000,191986632.00000000,
2026-04-21 03:00:00.000,191367750.00000000,
2026-04-21 04:00:00.000,190701130.00000000,
2026-04-21 05:00:00.000,190960292.00000000,
2026-04-21 06:00:00.000,190427808.00000000,
2026-04-21 07:00:00.000,190239080.00000000,
2026-04-21 08:00:00.000,190108535.00000000,
2026-04-21 09:00:00.000,189896766.00000000,
2026-04-21 10:00:00.000,190716420.00000000,
2026-04-21 11:00:00.000,192004434.00000000,
2026-04-21 12:00:00.000,191522822.00000000,
2026-04-21 13:00:00.000,191151427.00000000,
2026-04-21 14:00:00.000,190208392.00000000,
2026-04-21 15:00:00.000,191266367.00000000,
2026-04-21 16:00:00.000,191226134.00000000,
2026-04-21 17:00:00.000,190255306.00000000,
2026-04-21 18:00:00.000,191145264.00000000,
2026-04-21 19:00:00.000,191605025.00000000,
2026-04-21 20:00:00.000,190957948.00000000,
2026-04-21 21:00:00.000,190187012.00000000,
2026-04-21 22:00:00.000,189397970.00000000,
2026-04-21 23:00:00.000,189580317.00000000,
2026-04-22 00:00:00.000,189334136.00000000,
2026-04-22 01:00:00.000,192274646.00000000,
2026-04-22 02:00:00.000,191956883.00000000,
2026-04-22 03:00:00.000,191820601.00000000,
2026-04-22 04:00:00.000,190371320.00000000,
2026-04-22 05:00:00.000,190471072.00000000,
2026-04-22 06:00:00.000,190964890.00000000,
2026-04-22 07:00:00.000,190676036.00000000,
2026-04-22 08:00:00.000,191273440.00000000,
2026-04-22 09:00:00.000,190618749.00000000,
2026-04-22 10:00:00.000,187869428.00000000,
2026-04-22 11:00:00.000,187396538.00000000,
2026-04-22 12:00:00.000,186678458.00000000,
2026-04-22 13:00:00.000,187113854.00000000,
2026-04-22 14:00:00.000,187860152.00000000,
2026-04-22 15:00:00.000,185006344.00000000,
2026-04-22 16:00:00.000,184648528.00000000,
2026-04-22 17:00:00.000,185836094.00000000,
2026-04-22 18:00:00.000,185450557.00000000,
2026-04-22 19:00:00.000,186910428.00000000,
2026-04-22 20:00:00.000,186732492.00000000,
2026-04-22 21:00:00.000,188849233.00000000,
2026-04-22 22:00:00.000,189209838.00000000,
2026-04-22 23:00:00.000,189369768.00000000,
2026-04-23 00:00:00.000,188860530.00000000,
2026-04-23 01:00:00.000,188582006.00000000,
2026-04-23 02:00:00.000,189005521.00000000,
2026-04-23 03:00:00.000,188821258.00000000,
2026-04-23 04:00:00.000,188638582.00000000,
2026-04-23 05:00:00.000,188531909.00000000,
2026-04-23 06:00:00.000,190764286.00000000,
2026-04-23 07:00:00.000,190959032.00000000,
2026-04-23 08:00:00.000,191239234.00000000,
2026-04-23 09:00:00.000,191285306.00000000,
2026-04-23 10:00:00.000,192129977.00000000,
2026-04-23 11:00:00.000,192304304.00000000,
2026-04-23 12:00:00.000,194532540.00000000,
2026-04-23 13:00:00.000,194374434.00000000,
2026-04-23 14:00:00.000,194682088.00000000,
2026-04-23 15:00:00.000,196453275.00000000,
2026-04-23 16:00:00.000,196345112.00000000,
2026-04-23 17:00:00.000,195063502.00000000,
2026-04-23 18:00:00.000,193148968.00000000,
2026-04-23 19:00:00.000,193400851.00000000,
2026-04-23 20:00:00.000,193551468.00000000,
2026-04-23 21:00:00.000,196914464.00000000,
2026-04-23 22:00:00.000,194295644.00000000,
2026-04-23 23:00:00.000,195757358.00000000,
2026-04-24 00:00:00.000,195771868.00000000,
2026-04-24 01:00:00.000,195466478.00000000,
2026-04-24 02:00:00.000,195102918.00000000,
2026-04-24 03:00:00.000,194650446.00000000,
2026-04-24 04:00:00.000,194248048.00000000,
2026-04-24 05:00:00.000,194855302.00000000,
2026-04-24 06:00:00.000,195423736.00000000,
2026-04-24 07:00:00.000,195809408.00000000,
2026-04-24 08:00:00.000,195138844.00000000,
2026-04-24 09:00:00.000,194596952.00000000,
2026-04-24 10:00:00.000,194542364.00000000,
2026-04-24 11:00:00.000,194321369.00000000,
2026-04-24 12:00:00.000,194946964.00000000,
2026-04-24 13:00:00.000,194461494.00000000,
2026-04-24 14:00:00.000,193572676.00000000,
2026-04-24 15:00:00.000,198863126.00000000,
2026-04-24 16:00:00.000,200440124.00000000,
2026-04-24 17:00:00.000,199800308.00000000,
2026-04-24 18:00:00.000,199198928.00000000,
2026-04-24 19:00:00.000,199597400.00000000,
2026-04-24 20:00:00.000,197561025.00000000,
2026-04-24 21:00:00.000,196736150.00000000,
2026-04-24 22:00:00.000,196276376.00000000,
2026-04-24 23:00:00.000,196672012.00000000,
2026-04-25 00:00:00.000,193745139.00000000,
2026-04-25 01:00:00.000,188727178.00000000,
2026-04-25 02:00:00.000,186583082.00000000,
2026-04-25 03:00:00.000,186010530.00000000,
2026-04-25 04:00:00.000,185180548.00000000,
2026-04-25 05:00:00.000,186105194.00000000,
2026-04-25 06:00:00.000,186135930.00000000,
2026-04-25 07:00:00.000,186325928.00000000,
2026-04-25 08:00:00.000,185778274.00000000,
2026-04-25 09:00:00.000,186636706.00000000,
2026-04-25 10:00:00.000,186231016.00000000,
2026-04-25 11:00:00.000,187087098.00000000,
2026-04-25 12:00:00.000,185728186.00000000,
2026-04-25 13:00:00.000,185653500.00000000,
2026-04-25 14:00:00.000,186648178.00000000,
2026-04-25 15:00:00.000,185558876.00000000,
2026-04-25 16:00:00.000,186192562.00000000,
2026-04-25 17:00:00.000,185846616.00000000,
2026-04-25 18:00:00.000,185888466.00000000,
2026-04-25 19:00:00.000,185794770.00000000,
2026-04-25 20:00:00.000,186302404.00000000,
2026-04-25 21:00:00.000,185719620.00000000,
2026-04-25 22:00:00.000,185266654.00000000,
2026-04-25 23:00:00.000,185165420.00000000,
2026-04-26 00:00:00.000,185022494.00000000,
2026-04-26 01:00:00.000,185763910.00000000,
2026-04-26 02:00:00.000,186088050.00000000,
2026-04-26 03:00:00.000,186102696.00000000,
2026-04-26 04:00:00.000,186279350.00000000,
2026-04-26 05:00:00.000,186255434.00000000,
2026-04-26 06:00:00.000,187319528.00000000,
2026-04-26 07:00:00.000,187481144.00000000,
2026-04-26 08:00:00.000,187354500.00000000,
2026-04-26 09:00:00.000,186991898.00000000,
2026-04-26 10:00:00.000,187196652.00000000,
2026-04-26 11:00:00.000,188363750.00000000,
2026-04-26 12:00:00.000,188570564.00000000,
2026-04-26 13:00:00.000,188465106.00000000,
2026-04-26 14:00:00.000,188841568.00000000,
2026-04-26 15:00:00.000,188454524.00000000,
2026-04-26 16:00:00.000,188630816.00000000,
2026-04-26 17:00:00.000,188710362.00000000,
2026-04-26 18:00:00.000,188776920.00000000,
2026-04-26 19:00:00.000,189325528.00000000,
2026-04-26 20:00:00.000,188978864.00000000,
2026-04-26 21:00:00.000,188467434.00000000,
2026-04-26 22:00:00.000,189174344.00000000,
2026-04-26 23:00:00.000,189302660.00000000,
2026-04-27 00:00:00.000,189481937.00000000,
2026-04-27 01:00:00.000,189911574.00000000,
2026-04-27 02:00:00.000,189640634.00000000,
2026-04-27 03:00:00.000,189501794.00000000,
2026-04-27 04:00:00.000,188791282.00000000,
2026-04-27 05:00:00.000,188491838.00000000,
2026-04-27 06:00:00.000,188318422.00000000,
2026-04-27 07:00:00.000,188774064.00000000,
2026-04-27 08:00:00.000,188750671.00000000,
2026-04-27 09:00:00.000,190890996.00000000,
2026-04-27 10:00:00.000,191190272.00000000,
2026-04-27 11:00:00.000,190685490.00000000,
2026-04-27 12:00:00.000,191403522.00000000,
2026-04-27 13:00:00.000,191290499.00000000,
2026-04-27 14:00:00.000,191048654.00000000,
2026-04-27 15:00:00.000,190081878.00000000,
2026-04-27 16:00:00.000,189068152.00000000,
2026-04-27 17:00:00.000,189384836.00000000,
2026-04-27 18:00:00.000,188666986.00000000,
2026-04-27 19:00:00.000,188679992.00000000,
2026-04-27 20:00:00.000,188368362.00000000,
2026-04-27 21:00:00.000,190906336.00000000,
2026-04-27 22:00:00.000,189676892.00000000,
2026-04-27 23:00:00.000,189055460.00000000,
2026-04-28 00:00:00.000,188655606.00000000,
2026-04-28 01:00:00.000,188554822.00000000,
2026-04-28 02:00:00.000,188516104.00000000,
2026-04-28 03:00:00.000,188354638.00000000,
2026-04-28 04:00:00.000,188065724.00000000,
2026-04-28 05:00:00.000,188052648.00000000,
2026-04-28 06:00:00.000,187855775.00000000,
2026-04-28 07:00:00.000,187673192.00000000,
2026-04-28 08:00:00.000,186862798.00000000,
2026-04-28 09:00:00.000,186734752.00000000,
2026-04-28 10:00:00.000,186608888.00000000,
2026-04-28 11:00:00.000,184478798.00000000,
2026-04-28 12:00:00.000,183896445.00000000,
2026-04-28 13:00:00.000,184266930.00000000,
2026-04-28 14:00:00.000,183935778.00000000,
2026-04-28 15:00:00.000,183517088.00000000,
2026-04-28 16:00:00.000,182645180.00000000,
2026-04-28 17:00:00.000,182088494.00000000,
2026-04-28 18:00:00.000,182535244.00000000,
2026-04-28 19:00:00.000,182363782.00000000,
2026-04-28 20:00:00.000,182371912.00000000,
2026-04-28 21:00:00.000,182273818.00000000,
2026-04-28 22:00:00.000,181733668.00000000,
2026-04-28 23:00:00.000,181670230.00000000,
2026-04-29 00:00:00.000,181138356.00000000,
2026-04-29 01:00:00.000,180951254.00000000,
2026-04-29 02:00:00.000,181273828.00000000,
2026-04-29 03:00:00.000,181544042.00000000,
2026-04-29 04:00:00.000,180713064.00000000,
2026-04-29 05:00:00.000,181131230.00000000,
2026-04-29 06:00:00.000,181059874.00000000,
2026-04-29 07:00:00.000,180944364.00000000,
2026-04-29 08:00:00.000,180872480.00000000,
2026-04-29 09:00:00.000,180406750.00000000,
2026-04-29 10:00:00.000,181479867.00000000,
2026-04-29 11:00:00.000,181224889.00000000,
2026-04-29 12:00:00.000,181197618.00000000,
2026-04-29 13:00:00.000,181469276.00000000,
2026-04-29 14:00:00.000,181575636.00000000,
2026-04-29 15:00:00.000,181573054.00000000,
2026-04-29 16:00:00.000,181958338.00000000,
2026-04-29 17:00:00.000,182196715.00000000,
2026-04-29 18:00:00.000,195475880.00000000,
2026-04-29 19:00:00.000,183658372.00000000,
2026-04-29 20:00:00.000,184796784.00000000,
2026-04-29 21:00:00.000,184546322.00000000,
2026-04-29 22:00:00.000,183705724.00000000,
2026-04-29 23:00:00.000,183970786.00000000,
2026-04-30 00:00:00.000,185039830.00000000,
2026-04-30 01:00:00.000,184578378.00000000,
2026-04-30 02:00:00.000,185068404.00000000,
2026-04-30 03:00:00.000,184724686.00000000,
2026-04-30 04:00:00.000,183884368.00000000,
2026-04-30 05:00:00.000,183828792.00000000,
2026-04-30 06:00:00.000,184110972.00000000,
2026-04-30 07:00:00.000,183745568.00000000,
2026-04-30 08:00:00.000,183458340.00000000,
2026-04-30 09:00:00.000,183510668.00000000,
2026-04-30 10:00:00.000,183473934.00000000,
2026-04-30 11:00:00.000,183518830.00000000,
2026-04-30 12:00:00.000,183654732.00000000,
2026-04-30 13:00:00.000,183485937.00000000,
2026-04-30 14:00:00.000,183076094.00000000,
2026-04-30 15:00:00.000,183449273.00000000,
2026-04-30 16:00:00.000,183083796.00000000,
2026-04-30 17:00:00.000,184637226.00000000,
2026-04-30 18:00:00.000,185931728.00000000,
2026-04-30 19:00:00.000,185433690.00000000,
2026-04-30 20:00:00.000,185502354.00000000,
2026-04-30 21:00:00.000,184775394.00000000,
2026-04-30 22:00:00.000,183932334.00000000,
2026-04-30 23:00:00.000,182539854.00000000,
2026-05-01 00:00:00.000,182784622.00000000,
2026-05-01 01:00:00.000,182700336.00000000,
2026-05-01 02:00:00.000,181685178.00000000,
2026-05-01 03:00:00.000,180967208.00000000,
2026-05-01 04:00:00.000,180721462.00000000,
2026-05-01 05:00:00.000,180918232.00000000,
2026-05-01 06:00:00.000,180646343.00000000,
2026-05-01 07:00:00.000,180704374.00000000,
2026-05-01 08:00:00.000,180324002.00000000,
2026-05-01 09:00:00.000,180040238.00000000,
2026-05-01 10:00:00.000,179646792.00000000,
2026-05-01 11:00:00.000,179180886.00000000,
2026-05-01 12:00:00.000,178777020.00000000,
2026-05-01 13:00:00.000,178445634.00000000,
2026-05-01 14:00:00.000,178216060.00000000,
2026-05-01 15:00:00.000,177870172.00000000,
2026-05-01 16:00:00.000,177388278.00000000,
2026-05-01 17:00:00.000,178422048.00000000,
2026-05-01 18:00:00.000,178093098.00000000,
2026-05-01 19:00:00.000,180120594.00000000,
2026-05-01 20:00:00.000,179473232.00000000,
2026-05-01 21:00:00.000,178831688.00000000,
2026-05-01 22:00:00.000,178113176.00000000,
2026-05-01 23:00:00.000,178942670.00000000,
2026-05-02 00:00:00.000,177662748.00000000,
2026-05-02 01:00:00.000,177389046.00000000,
2026-05-02 02:00:00.000,177087908.00000000,
2026-05-02 03:00:00.000,176638138.00000000,
2026-05-02 04:00:00.000,176534460.00000000,
2026-05-02 05:00:00.000,176546612.00000000,
2026-05-02 06:00:00.000,176535924.00000000,
2026-05-02 07:00:00.000,177108598.00000000,
2026-05-02 08:00:00.000,176853318.00000000,
2026-05-02 09:00:00.000,177937266.00000000,
2026-05-02 10:00:00.000,177653742.00000000,
2026-05-02 11:00:00.000,177749870.00000000,
2026-05-02 12:00:00.000,177461132.00000000,
2026-05-02 13:00:00.000,177459758.00000000,
2026-05-02 14:00:00.000,177392564.00000000,
2026-05-02 15:00:00.000,177116506.00000000,
2026-05-02 16:00:00.000,176912644.00000000,
2026-05-02 17:00:00.000,176816508.00000000,
2026-05-02 18:00:00.000,176623608.00000000,
2026-05-02 19:00:00.000,177340800.00000000,
2026-05-02 20:00:00.000,177289030.00000000,
2026-05-02 21:00:00.000,177199922.00000000,
2026-05-02 22:00:00.000,176629646.00000000,
2026-05-02 23:00:00.000,176641236.00000000,
2026-05-03 00:00:00.000,176491960.00000000,
2026-05-03 01:00:00.000,175353678.00000000,
2026-05-03 02:00:00.000,175029988.00000000,
2026-05-03 03:00:00.000,174538394.00000000,
2026-05-03 04:00:00.000,174554358.00000000,
2026-05-03 05:00:00.000,174306068.00000000,
2026-05-03 06:00:00.000,173927109.00000000,
2026-05-03 07:00:00.000,172773868.00000000,
2026-05-03 08:00:00.000,172442021.00000000,
2026-05-03 09:00:00.000,172560125.00000000,
2026-05-03 10:00:00.000,172271558.00000000,
2026-05-03 11:00:00.000,172049788.00000000,
2026-05-03 12:00:00.000,172255579.00000000,
2026-05-03 13:00:00.000,172247250.00000000,
2026-05-03 14:00:00.000,172093978.00000000,
2026-05-03 15:00:00.000,172348084.00000000,
2026-05-03 16:00:00.000,172352872.00000000,
2026-05-03 17:00:00.000,172356854.00000000,
2026-05-03 18:00:00.000,172512632.00000000,
2026-05-03 19:00:00.000,172857092.00000000,
2026-05-03 20:00:00.000,172688590.00000000,
2026-05-03 21:00:00.000,173073362.00000000,
2026-05-03 22:00:00.000,172482304.00000000,
2026-05-03 23:00:00.000,173296656.00000000,
2026-05-04 00:00:00.000,172822108.00000000,
2026-05-04 01:00:00.000,171930316.00000000,
2026-05-04 02:00:00.000,172058096.00000000,
2026-05-04 03:00:00.000,171670114.00000000,
2026-05-04 04:00:00.000,171842932.00000000,
2026-05-04 05:00:00.000,172045240.00000000,
2026-05-04 06:00:00.000,171606034.00000000,
2026-05-04 07:00:00.000,171292579.00000000,
2026-05-04 08:00:00.000,171430378.00000000,
2026-05-04 09:00:00.000,171818804.00000000,
2026-05-04 10:00:00.000,172012772.00000000,
2026-05-04 11:00:00.000,171805549.00000000,
2026-05-04 12:00:00.000,171421320.00000000,
2026-05-04 13:00:00.000,171109288.00000000,
2026-05-04 14:00:00.000,171358985.00000000,
2026-05-04 15:00:00.000,171741454.00000000,
2026-05-04 16:00:00.000,171637622.00000000,
2026-05-04 17:00:00.000,172062607.00000000,
2026-05-04 18:00:00.000,172325138.00000000,
2026-05-04 19:00:00.000,172288628.00000000,
2026-05-04 20:00:00.000,172062548.00000000,
2026-05-04 21:00:00.000,172106746.00000000,
2026-05-04 22:00:00.000,171651042.00000000,
2026-05-04 23:00:00.000,171780076.00000000,
2026-05-05 00:00:00.000,172423254.00000000,
2026-05-05 01:00:00.000,172745918.00000000,
2026-05-05 02:00:00.000,173386489.00000000,
2026-05-05 03:00:00.000,173183062.00000000,
2026-05-05 04:00:00.000,173392432.00000000,
2026-05-05 05:00:00.000,173180570.00000000,
2026-05-05 06:00:00.000,173035680.00000000,
2026-05-05 07:00:00.000,172855590.00000000,
2026-05-05 08:00:00.000,173013132.00000000,
2026-05-05 09:00:00.000,173109277.00000000,
2026-05-05 10:00:00.000,173541680.00000000,
2026-05-05 11:00:00.000,172727360.00000000,
2026-05-05 12:00:00.000,172713702.00000000,
2026-05-05 13:00:00.000,171919653.00000000,
2026-05-05 14:00:00.000,170990250.00000000,
2026-05-05 15:00:00.000,172870452.00000000,
2026-05-05 16:00:00.000,175083762.00000000,
2026-05-05 17:00:00.000,174575398.00000000,
2026-05-05 18:00:00.000,174373756.00000000,
2026-05-05 19:00:00.000,174437936.00000000,
2026-05-05 20:00:00.000,174655680.00000000,
2026-05-05 21:00:00.000,174573244.00000000,
2026-05-05 22:00:00.000,172997110.00000000,
2026-05-05 23:00:00.000,173565738.00000000,
2026-05-06 00:00:00.000,173588638.00000000,
2026-05-06 01:00:00.000,173444528.00000000,
2026-05-06 02:00:00.000,172969504.00000000,
2026-05-06 03:00:00.000,172707818.00000000,
2026-05-06 04:00:00.000,171734084.00000000,
2026-05-06 05:00:00.000,171564011.00000000,
2026-05-06 06:00:00.000,171711342.00000000,
2026-05-06 07:00:00.000,171419566.00000000,
2026-05-06 08:00:00.000,171577528.00000000,
2026-05-06 09:00:00.000,172220306.00000000,
2026-05-06 10:00:00.000,171671916.00000000,
2026-05-06 11:00:00.000,172068046.00000000,
2026-05-06 12:00:00.000,173379246.00000000,
2026-05-06 13:00:00.000,173449528.00000000,
2026-05-06 14:00:00.000,172735050.00000000,
2026-05-06 15:00:00.000,172942400.00000000,
2026-05-06 16:00:00.000,172921226.00000000,
2026-05-06 17:00:00.000,172945952.00000000,
2026-05-06 18:00:00.000,172860489.00000000,
2026-05-06 19:00:00.000,172791358.00000000,
2026-05-06 20:00:00.000,174266264.00000000,
2026-05-06 21:00:00.000,174344150.00000000,
2026-05-06 22:00:00.000,173656078.00000000,
2026-05-06 23:00:00.000,173739278.00000000,
2026-05-07 00:00:00.000,173787750.00000000,
2026-05-07 01:00:00.000,173318324.00000000,
2026-05-07 02:00:00.000,173874892.00000000,
2026-05-07 03:00:00.000,173165600.00000000,
2026-05-07 04:00:00.000,173078070.00000000,
2026-05-07 05:00:00.000,172217960.00000000,
2026-05-07 06:00:00.000,171510447.00000000,
2026-05-07 07:00:00.000,172205484.00000000,
2026-05-07 08:00:00.000,170337619.00000000,
2026-05-07 09:00:00.000,170371302.00000000,
2026-05-07 10:00:00.000,169376698.00000000,
2026-05-07 11:00:00.000,169407228.00000000,
2026-05-07 12:00:00.000,170134549.00000000,
2026-05-07 13:00:00.000,170558948.00000000,
2026-05-07 14:00:00.000,169378094.00000000,
2026-05-07 15:00:00.000,168819084.00000000,
2026-05-07 16:00:00.000,168491759.00000000,
2026-05-07 17:00:00.000,167196880.00000000,
2026-05-07 18:00:00.000,167494292.00000000,
2026-05-07 19:00:00.000,168043618.00000000,
2026-05-07 20:00:00.000,167332054.00000000,
2026-05-07 21:00:00.000,168403496.00000000,
2026-05-07 22:00:00.000,167159584.00000000,
2026-05-07 23:00:00.000,167423826.00000000,
2026-05-08 00:00:00.000,167123228.00000000,
2026-05-08 01:00:00.000,166318200.00000000,
2026-05-08 02:00:00.000,166324212.00000000,
2026-05-08 03:00:00.000,166435328.00000000,
2026-05-08 04:00:00.000,166003166.00000000,
2026-05-08 05:00:00.000,165557482.00000000,
2026-05-08 06:00:00.000,165308658.00000000,
2026-05-08 07:00:00.000,164403242.00000000,
2026-05-08 08:00:00.000,164414217.00000000,
2026-05-08 09:00:00.000,163402940.00000000,
2026-05-08 10:00:00.000,163033864.00000000,
2026-05-08 11:00:00.000,163772016.00000000,
2026-05-08 12:00:00.000,164107498.00000000,
2026-05-08 13:00:00.000,163557228.00000000,
2026-05-08 14:00:00.000,163013052.00000000,
2026-05-08 15:00:00.000,163199652.00000000,
2026-05-08 16:00:00.000,163480025.00000000,
2026-05-08 17:00:00.000,162922168.00000000,
2026-05-08 18:00:00.000,163091940.00000000,
2026-05-08 19:00:00.000,165268764.00000000,
2026-05-08 20:00:00.000,165245320.00000000,
2026-05-08 21:00:00.000,164099044.00000000,
2026-05-08 22:00:00.000,163742694.00000000,
2026-05-08 23:00:00.000,163959186.00000000,
2026-05-09 00:00:00.000,163968062.00000000,
2026-05-09 01:00:00.000,164217262.00000000,
2026-05-09 02:00:00.000,164412674.00000000,
2026-05-09 03:00:00.000,164984849.00000000,
2026-05-09 04:00:00.000,164917676.00000000,
2026-05-09 05:00:00.000,164883690.00000000,
2026-05-09 06:00:00.000,165404964.00000000,
2026-05-09 07:00:00.000,164655474.00000000,
2026-05-09 08:00:00.000,164701378.00000000,
2026-05-09 09:00:00.000,164520924.00000000,
2026-05-09 10:00:00.000,164234752.00000000,
2026-05-09 11:00:00.000,164684742.00000000,
2026-05-09 12:00:00.000,164654260.00000000,
2026-05-09 13:00:00.000,164088698.00000000,
2026-05-09 14:00:00.000,164174528.00000000,
2026-05-09 15:00:00.000,163986374.00000000,
2026-05-09 16:00:00.000,164178498.00000000,
2026-05-09 17:00:00.000,164046777.00000000,
2026-05-09 18:00:00.000,164614320.00000000,
2026-05-09 19:00:00.000,164828570.00000000,
2026-05-09 20:00:00.000,164965868.00000000,
2026-05-09 21:00:00.000,164746960.00000000,
2026-05-09 22:00:00.000,164572572.00000000,
2026-05-09 23:00:00.000,164354172.00000000,
2026-05-10 00:00:00.000,164485076.00000000,
2026-05-10 01:00:00.000,163997344.00000000,
2026-05-10 02:00:00.000,165276472.00000000,
2026-05-10 03:00:00.000,164973853.00000000,
2026-05-10 04:00:00.000,163054212.00000000,
2026-05-10 05:00:00.000,163016924.00000000,
2026-05-10 06:00:00.000,163056736.00000000,
2026-05-10 07:00:00.000,166006470.00000000,
2026-05-10 08:00:00.000,165090884.00000000,
2026-05-10 09:00:00.000,164736202.00000000,
2026-05-10 10:00:00.000,164759788.00000000,
2026-05-10 11:00:00.000,164723348.00000000,
2026-05-10 12:00:00.000,164032828.00000000,
2026-05-10 13:00:00.000,163930256.00000000,
2026-05-10 14:00:00.000,163683238.00000000,
2026-05-10 15:00:00.000,162688390.00000000,
2026-05-10 16:00:00.000,161884040.00000000,
2026-05-10 17:00:00.000,161527415.00000000,
2026-05-10 18:00:00.000,161253538.00000000,
2026-05-10 19:00:00.000,160734578.00000000,
2026-05-10 20:00:00.000,160081870.00000000,
2026-05-10 21:00:00.000,162065202.00000000,
2026-05-10 22:00:00.000,161683578.00000000,
2026-05-10 23:00:00.000,161186384.00000000,
2026-05-11 00:00:00.000,162153468.00000000,
2026-05-11 01:00:00.000,161331400.00000000,
2026-05-11 02:00:00.000,160738508.00000000,
2026-05-11 03:00:00.000,159892220.00000000,
2026-05-11 04:00:00.000,159496796.00000000,
2026-05-11 05:00:00.000,159036668.00000000,
2026-05-11 06:00:00.000,159112943.00000000,
2026-05-11 07:00:00.000,159286050.00000000,
2026-05-11 08:00:00.000,158762006.00000000,
2026-05-11 09:00:00.000,158457578.00000000,
2026-05-11 10:00:00.000,158375034.00000000,
2026-05-11 11:00:00.000,158345614.00000000,
2026-05-11 12:00:00.000,158654188.00000000,
2026-05-11 13:00:00.000,158581010.00000000,
2026-05-11 14:00:00.000,158141474.00000000,
2026-05-11 15:00:00.000,157888577.00000000,
2026-05-11 16:00:00.000,158891022.00000000,
2026-05-11 17:00:00.000,159345766.00000000,
2026-05-11 18:00:00.000,160157996.00000000,
2026-05-11 19:00:00.000,159483088.00000000,
2026-05-11 20:00:00.000,159555490.00000000,
2026-05-11 21:00:00.000,158756450.00000000,
2026-05-11 22:00:00.000,158421908.00000000,
2026-05-11 23:00:00.000,157239118.00000000,
2026-05-12 00:00:00.000,157237306.00000000,
2026-05-12 01:00:00.000,157341222.00000000,
2026-05-12 02:00:00.000,158916616.00000000,
2026-05-12 03:00:00.000,157765430.00000000,
2026-05-12 04:00:00.000,158029990.00000000,
2026-05-12 05:00:00.000,158085678.00000000,
2026-05-12 06:00:00.000,158233268.00000000,
2026-05-12 07:00:00.000,158243138.00000000,
2026-05-12 08:00:00.000,158157106.00000000,
2026-05-12 09:00:00.000,157962174.00000000,
2026-05-12 10:00:00.000,157562698.00000000,
2026-05-12 11:00:00.000,157409526.00000000,
2026-05-12 12:00:00.000,157082675.00000000,
2026-05-12 13:00:00.000,157562826.00000000,
2026-05-12 14:00:00.000,157467343.00000000,
2026-05-12 15:00:00.000,156495898.00000000,
2026-05-12 16:00:00.000,156347236.00000000,
2026-05-12 17:00:00.000,156447933.00000000,
2026-05-12 18:00:00.000,156766328.00000000,
2026-05-12 19:00:00.000,156734742.00000000,
2026-05-12 20:00:00.000,157099438.00000000,
2026-05-12 21:00:00.000,157319422.00000000,
2026-05-12 22:00:00.000,156733732.00000000,
2026-05-12 23:00:00.000,156795874.00000000,
2026-05-13 00:00:00.000,156740850.00000000,
2026-05-13 01:00:00.000,155967930.00000000,
2026-05-13 02:00:00.000,156221910.00000000,
2026-05-13 03:00:00.000,156515068.00000000,
2026-05-13 04:00:00.000,156594806.00000000,
2026-05-13 05:00:00.000,156673486.00000000,
2026-05-13 06:00:00.000,156741249.00000000,
2026-05-13 07:00:00.000,157010964.00000000,
2026-05-13 08:00:00.000,157133878.00000000,
2026-05-13 09:00:00.000,157248244.00000000,
2026-05-13 10:00:00.000,157066454.00000000,
2026-05-13 11:00:00.000,156841222.00000000,
2026-05-13 12:00:00.000,156364276.00000000,
2026-05-13 13:00:00.000,157752448.00000000,
2026-05-13 14:00:00.000,157391409.00000000,
2026-05-13 15:00:00.000,157157586.00000000,
2026-05-13 16:00:00.000,156496296.00000000,
2026-05-13 17:00:00.000,156069798.00000000,
2026-05-13 18:00:00.000,156608814.00000000,
2026-05-13 19:00:00.000,156793129.00000000,
2026-05-13 20:00:00.000,159167874.00000000,
2026-05-13 21:00:00.000,159136408.00000000,
2026-05-13 22:00:00.000,159113919.00000000,
2026-05-13 23:00:00.000,159153960.00000000,
2026-05-14 00:00:00.000,159254761.00000000,
2026-05-14 01:00:00.000,159108760.00000000,
2026-05-14 02:00:00.000,158946932.00000000,
2026-05-14 03:00:00.000,158727866.00000000,
2026-05-14 04:00:00.000,157006192.00000000,
2026-05-14 05:00:00.000,160020779.00000000,
2026-05-14 06:00:00.000,159387010.00000000,
2026-05-14 07:00:00.000,155570860.00000000,
2026-05-14 08:00:00.000,155379872.00000000,
2026-05-14 09:00:00.000,155207824.00000000,
2026-05-14 10:00:00.000,155725296.00000000,
2026-05-14 11:00:00.000,155743628.00000000,
2026-05-14 12:00:00.000,156501506.00000000,
2026-05-14 13:00:00.000,156474808.00000000,
2026-05-14 14:00:00.000,156199408.00000000,
2026-05-14 15:00:00.000,157530376.00000000,
2026-05-14 16:00:00.000,158314014.00000000,
2026-05-14 17:00:00.000,158389126.00000000,
2026-05-14 18:00:00.000,159744237.00000000,
2026-05-14 19:00:00.000,162664534.00000000,
2026-05-14 20:00:00.000,162731780.00000000,
2026-05-14 21:00:00.000,163610580.00000000,
2026-05-14 22:00:00.000,163565664.00000000,
2026-05-14 23:00:00.000,163685204.00000000,
2026-05-15 00:00:00.000,163468188.00000000,
2026-05-15 01:00:00.000,164435294.00000000,
2026-05-15 02:00:00.000,164674584.00000000,
2026-05-15 03:00:00.000,163912144.00000000,
2026-05-15 04:00:00.000,163342396.00000000,
2026-05-15 05:00:00.000,162465144.00000000,
2026-05-15 06:00:00.000,162325384.00000000,
2026-05-15 07:00:00.000,163046468.00000000,
2026-05-15 08:00:00.000,163349494.00000000,
2026-05-15 09:00:00.000,162731388.00000000,
2026-05-15 10:00:00.000,162631832.00000000,
2026-05-15 11:00:00.000,163129126.00000000,
2026-05-15 12:00:00.000,163746823.00000000,
2026-05-15 13:00:00.000,164603434.00000000,
2026-05-15 14:00:00.000,164530632.00000000,
2026-05-15 15:00:00.000,166391394.00000000,
2026-05-15 16:00:00.000,165831177.00000000,
2026-05-15 17:00:00.000,166338728.00000000,
2026-05-15 18:00:00.000,166301102.00000000,
2026-05-15 19:00:00.000,166241964.00000000,
2026-05-15 20:00:00.000,166185017.00000000,
2026-05-15 21:00:00.000,166252128.00000000,
2026-05-15 22:00:00.000,165401186.00000000,
2026-05-15 23:00:00.000,165486438.00000000,
2026-05-16 00:00:00.000,165100816.00000000,
2026-05-16 01:00:00.000,165329655.00000000,
2026-05-16 02:00:00.000,165362074.00000000,
2026-05-16 03:00:00.000,165288486.00000000,
2026-05-16 04:00:00.000,165981210.00000000,
2026-05-16 05:00:00.000,165827678.00000000,
2026-05-16 06:00:00.000,165770174.00000000,
2026-05-16 07:00:00.000,165411950.00000000,
2026-05-16 08:00:00.000,164502422.00000000,
2026-05-16 09:00:00.000,164568907.00000000,
2026-05-16 10:00:00.000,164977816.00000000,
2026-05-16 11:00:00.000,165759592.00000000,
2026-05-16 12:00:00.000,166298610.00000000,
2026-05-16 13:00:00.000,166871057.00000000,
2026-05-16 14:00:00.000,166702398.00000000,
2026-05-16 15:00:00.000,166501390.00000000,
2026-05-16 16:00:00.000,165826392.00000000,
2026-05-16 17:00:00.000,165611832.00000000,
2026-05-16 18:00:00.000,165739604.00000000,
2026-05-16 19:00:00.000,165513138.00000000,
2026-05-16 20:00:00.000,165430134.00000000,
2026-05-16 21:00:00.000,165294520.00000000,
2026-05-16 22:00:00.000,164890856.00000000,
2026-05-16 23:00:00.000,164836768.00000000,
2026-05-17 00:00:00.000,164390194.00000000,
2026-05-17 01:00:00.000,165705024.00000000,
2026-05-17 02:00:00.000,165721012.00000000,
2026-05-17 03:00:00.000,165379138.00000000,
2026-05-17 04:00:00.000,165262540.00000000,
2026-05-17 05:00:00.000,165712591.00000000,
2026-05-17 06:00:00.000,165958844.00000000,
2026-05-17 07:00:00.000,165763604.00000000,
2026-05-17 08:00:00.000,165791378.00000000,
2026-05-17 09:00:00.000,165507084.00000000,
2026-05-17 10:00:00.000,165104454.00000000,
2026-05-17 11:00:00.000,164585928.00000000,
2026-05-17 12:00:00.000,164757394.00000000,
2026-05-17 13:00:00.000,165094304.00000000,
2026-05-17 14:00:00.000,164126968.00000000,
2026-05-17 15:00:00.000,163631787.00000000,
2026-05-17 16:00:00.000,161175320.00000000,
2026-05-17 17:00:00.000,161323462.00000000,
2026-05-17 18:00:00.000,160834310.00000000,
2026-05-17 19:00:00.000,161100642.00000000,
2026-05-17 20:00:00.000,160916118.00000000,
2026-05-17 21:00:00.000,160892570.00000000,
2026-05-17 22:00:00.000,160881190.00000000,
2026-05-17 23:00:00.000,160647414.00000000,
2026-05-18 00:00:00.000,162856664.00000000,
2026-05-18 01:00:00.000,162146058.00000000,
2026-05-18 02:00:00.000,161871192.00000000,
2026-05-18 03:00:00.000,162591504.00000000,
2026-05-18 04:00:00.000,162549748.00000000,
2026-05-18 05:00:00.000,162430303.00000000,
2026-05-18 06:00:00.000,162126397.00000000,
2026-05-18 07:00:00.000,160180896.00000000,
2026-05-18 08:00:00.000,161243246.00000000,
2026-05-18 09:00:00.000,161647138.00000000,
2026-05-18 10:00:00.000,161522404.00000000,
2026-05-18 11:00:00.000,160737139.00000000,
2026-05-18 12:00:00.000,160520362.00000000,
2026-05-18 13:00:00.000,160145714.00000000,
2026-05-18 14:00:00.000,159899671.00000000,
2026-05-18 15:00:00.000,159034480.00000000,
2026-05-18 16:00:00.000,159438342.00000000,
2026-05-18 17:00:00.000,159887741.00000000,
2026-05-18 18:00:00.000,160133598.00000000,
2026-05-18 19:00:00.000,160297208.00000000,
2026-05-18 20:00:00.000,161668920.00000000,
2026-05-18 21:00:00.000,161148344.00000000,
2026-05-18 22:00:00.000,160174105.00000000,
2026-05-18 23:00:00.000,165983494.00000000,
2026-05-19 00:00:00.000,166225342.00000000,
2026-05-19 01:00:00.000,166671408.00000000,
2026-05-19 02:00:00.000,166118432.00000000,
2026-05-19 03:00:00.000,165851140.00000000,
2026-05-19 04:00:00.000,165674938.00000000,
2026-05-19 05:00:00.000,165385962.00000000,
2026-05-19 06:00:00.000,165478132.00000000,
2026-05-19 07:00:00.000,165675780.00000000,
2026-05-19 08:00:00.000,165498464.00000000,
2026-05-19 09:00:00.000,165804528.00000000,
2026-05-19 10:00:00.000,165301088.00000000,
2026-05-19 11:00:00.000,164903778.00000000,
2026-05-19 12:00:00.000,165712206.00000000,
2026-05-19 13:00:00.000,165762336.00000000,
2026-05-19 14:00:00.000,166570542.00000000,
2026-05-19 15:00:00.000,166667536.00000000,
2026-05-19 16:00:00.000,166996906.00000000,
2026-05-19 17:00:00.000,167203816.00000000,
2026-05-19 18:00:00.000,168118004.00000000,
2026-05-19 19:00:00.000,176702068.00000000,
2026-05-19 20:00:00.000,175901658.00000000,
2026-05-19 21:00:00.000,176320244.00000000,
2026-05-19 22:00:00.000,176372106.00000000,
2026-05-19 23:00:00.000,176292790.00000000,
2026-05-20 00:00:00.000,176760512.00000000,
2026-05-20 01:00:00.000,179168660.00000000,
2026-05-20 02:00:00.000,178868202.00000000,
2026-05-20 03:00:00.000,178886600.00000000,
2026-05-20 04:00:00.000,178946650.00000000,
2026-05-20 05:00:00.000,178997006.00000000,
2026-05-20 06:00:00.000,178968163.00000000,
2026-05-20 07:00:00.000,178598294.00000000,
2026-05-20 08:00:00.000,178182616.00000000,
2026-05-20 09:00:00.000,178581194.00000000,
2026-05-20 10:00:00.000,178477576.00000000,
2026-05-20 11:00:00.000,178597176.00000000,
2026-05-20 12:00:00.000,178655080.00000000,
2026-05-20 13:00:00.000,179475300.00000000,
2026-05-20 14:00:00.000,180970898.00000000,
2026-05-20 15:00:00.000,181055761.00000000,
2026-05-20 16:00:00.000,181015694.00000000,
2026-05-20 17:00:00.000,180989809.00000000,
2026-05-20 18:00:00.000,183296958.00000000,
2026-05-20 19:00:00.000,182132120.00000000,
2026-05-20 20:00:00.000,181809690.00000000,
2026-05-20 21:00:00.000,181635612.00000000,
2026-05-20 22:00:00.000,181321428.00000000,
2026-05-20 23:00:00.000,181736086.00000000,
2026-05-21 00:00:00.000,181443456.00000000,
2026-05-21 01:00:00.000,183463700.00000000,
2026-05-21 02:00:00.000,183130078.00000000,
2026-05-21 03:00:00.000,183146052.00000000,
2026-05-21 04:00:00.000,182975890.00000000,
2026-05-21 05:00:00.000,183289296.00000000,
2026-05-21 06:00:00.000,183200424.00000000,
2026-05-21 07:00:00.000,184354702.00000000,
2026-05-21 08:00:00.000,184023214.00000000,
2026-05-21 09:00:00.000,183599182.00000000,
2026-05-21 10:00:00.000,183634960.00000000,
2026-05-21 11:00:00.000,182320814.00000000,
2026-05-21 12:00:00.000,182041014.00000000,
2026-05-21 13:00:00.000,175520380.00000000,
2026-05-21 14:00:00.000,173541276.00000000,
2026-05-21 15:00:00.000,174397520.00000000,
2026-05-21 16:00:00.000,173895190.00000000,
2026-05-21 17:00:00.000,173617762.00000000,
2026-05-21 18:00:00.000,172770210.00000000,
2026-05-21 19:00:00.000,172260422.00000000,
2026-05-21 20:00:00.000,171768516.00000000,
2026-05-21 21:00:00.000,171568464.00000000,
2026-05-21 22:00:00.000,171166432.00000000,
2026-05-21 23:00:00.000,171298976.00000000,
2026-05-22 00:00:00.000,171171546.00000000,
2026-05-22 01:00:00.000,170441742.00000000,
2026-05-22 02:00:00.000,170555820.00000000,
2026-05-22 03:00:00.000,169696436.00000000,
2026-05-22 04:00:00.000,169847665.00000000,
2026-05-22 05:00:00.000,169587401.00000000,
2026-05-22 06:00:00.000,169222280.00000000,
2026-05-22 07:00:00.000,165922642.00000000,
2026-05-22 08:00:00.000,165373468.00000000,
2026-05-22 09:00:00.000,165240836.00000000,
2026-05-22 10:00:00.000,165379644.00000000,
2026-05-22 11:00:00.000,165459480.00000000,
2026-05-22 12:00:00.000,165141282.00000000,
2026-05-22 13:00:00.000,164622792.00000000,
2026-05-22 14:00:00.000,163762276.00000000,
2026-05-22 15:00:00.000,164158798.00000000,
2026-05-22 16:00:00.000,164076048.00000000,
2026-05-22 17:00:00.000,165136088.00000000,
2026-05-22 18:00:00.000,164452110.00000000,
2026-05-22 19:00:00.000,174569377.00000000,
2026-05-22 20:00:00.000,173477774.00000000,
2026-05-22 21:00:00.000,172733656.00000000,
2026-05-22 22:00:00.000,172334688.00000000,
2026-05-22 23:00:00.000,171244632.00000000,
2026-05-23 00:00:00.000,171381012.00000000,
2026-05-23 01:00:00.000,170863222.00000000,
2026-05-23 02:00:00.000,170324646.00000000,
2026-05-23 03:00:00.000,170157218.00000000,
2026-05-23 04:00:00.000,169736312.00000000,
2026-05-23 05:00:00.000,169349222.00000000,
2026-05-23 06:00:00.000,169072496.00000000,
2026-05-23 07:00:00.000,169122780.00000000,
2026-05-23 08:00:00.000,169022570.00000000,
2026-05-23 09:00:00.000,170176176.00000000,
2026-05-23 10:00:00.000,169992526.00000000,
2026-05-23 11:00:00.000,169714514.00000000,
2026-05-23 12:00:00.000,169554340.00000000,
2026-05-23 13:00:00.000,169866734.00000000,
2026-05-23 14:00:00.000,167735463.00000000,
2026-05-23 15:00:00.000,167102502.00000000,
2026-05-23 16:00:00.000,165615899.00000000,
2026-05-23 17:00:00.000,165920580.00000000,
2026-05-23 18:00:00.000,167304652.00000000,
2026-05-23 19:00:00.000,167372266.00000000,
2026-05-23 20:00:00.000,167859306.00000000,
2026-05-23 21:00:00.000,167290228.00000000,
2026-05-23 22:00:00.000,166789030.00000000,
2026-05-23 23:00:00.000,166482082.00000000,
2026-05-24 00:00:00.000,165942260.00000000,
2026-05-24 01:00:00.000,165529754.00000000,
2026-05-24 02:00:00.000,165987362.00000000,
2026-05-24 03:00:00.000,165936216.00000000,
2026-05-24 04:00:00.000,165697326.00000000,
2026-05-24 05:00:00.000,165249564.00000000,
2026-05-24 06:00:00.000,165225082.00000000,
2026-05-24 07:00:00.000,165309410.00000000,
2026-05-24 08:00:00.000,165320268.00000000,
2026-05-24 09:00:00.000,165539756.00000000,
2026-05-24 10:00:00.000,165678939.00000000,
2026-05-24 11:00:00.000,166578034.00000000,
2026-05-24 12:00:00.000,166027366.00000000,
2026-05-24 13:00:00.000,166186286.00000000,
2026-05-24 14:00:00.000,165541130.00000000,
2026-05-24 15:00:00.000,165915619.00000000,
2026-05-24 16:00:00.000,166079850.00000000,
2026-05-24 17:00:00.000,165989302.00000000,
2026-05-24 18:00:00.000,166036410.00000000,
2026-05-24 19:00:00.000,166176552.00000000,
2026-05-24 20:00:00.000,166067656.00000000,
2026-05-24 21:00:00.000,166381938.00000000,
2026-05-24 22:00:00.000,164655595.00000000,
2026-05-24 23:00:00.000,164893470.00000000,
2026-05-25 00:00:00.000,164985234.00000000,
2026-05-25 01:00:00.000,165336904.00000000,
2026-05-25 02:00:00.000,165382212.00000000,
2026-05-25 03:00:00.000,165685164.00000000,
2026-05-25 04:00:00.000,166039026.00000000,
2026-05-25 05:00:00.000,166661392.00000000,
2026-05-25 06:00:00.000,168314302.00000000,
2026-05-25 07:00:00.000,168504988.00000000,
2026-05-25 08:00:00.000,168709862.00000000,
2026-05-25 09:00:00.000,169313131.00000000,
2026-05-25 10:00:00.000,169400946.00000000,
2026-05-25 11:00:00.000,169880410.00000000,
2026-05-25 12:00:00.000,169563426.00000000,
2026-05-25 13:00:00.000,168979020.00000000,
2026-05-25 14:00:00.000,168957176.00000000,
2026-05-25 15:00:00.000,168484958.00000000,
2026-05-25 16:00:00.000,167823554.00000000,
2026-05-25 17:00:00.000,168797600.00000000,
2026-05-25 18:00:00.000,168346762.00000000,
2026-05-25 19:00:00.000,168408572.00000000,
2026-05-25 20:00:00.000,168775134.00000000,
2026-05-25 21:00:00.000,168456318.00000000,
2026-05-25 22:00:00.000,167942696.00000000,
2026-05-25 23:00:00.000,167765856.00000000,
2026-05-26 00:00:00.000,167493942.00000000,
2026-05-26 01:00:00.000,166220752.00000000,
2026-05-26 02:00:00.000,165398644.00000000,
2026-05-26 03:00:00.000,165500138.00000000,
2026-05-26 04:00:00.000,165680076.00000000,
2026-05-26 05:00:00.000,165402116.00000000,
2026-05-26 06:00:00.000,165403572.00000000,
2026-05-26 07:00:00.000,165752086.00000000,
2026-05-26 08:00:00.000,165905532.00000000,
2026-05-26 09:00:00.000,166380178.00000000,
2026-05-26 10:00:00.000,166957710.00000000,
2026-05-26 11:00:00.000,166611490.00000000,
2026-05-26 12:00:00.000,166750834.00000000,
2026-05-26 13:00:00.000,166930474.00000000,
2026-05-26 14:00:00.000,167451254.00000000,
2026-05-26 15:00:00.000,166801024.00000000,
2026-05-26 16:00:00.000,167333406.00000000,
2026-05-26 17:00:00.000,167195658.00000000,
2026-05-26 18:00:00.000,167316464.00000000,
2026-05-26 19:00:00.000,167045390.00000000,
2026-05-26 20:00:00.000,167433438.00000000,
2026-05-26 21:00:00.000,167531589.00000000,
2026-05-26 22:00:00.000,167182240.00000000,
2026-05-26 23:00:00.000,167286538.00000000,
2026-05-27 00:00:00.000,167457292.00000000,
2026-05-27 01:00:00.000,167671184.00000000,
2026-05-27 02:00:00.000,167562518.00000000,
2026-05-27 03:00:00.000,167478703.00000000,
2026-05-27 04:00:00.000,167255020.00000000,
2026-05-27 05:00:00.000,167479610.00000000,
2026-05-27 06:00:00.000,167384128.00000000,
2026-05-27 07:00:00.000,167408226.00000000,
2026-05-27 08:00:00.000,168381588.00000000,
2026-05-27 09:00:00.000,169149166.00000000,
2026-05-27 10:00:00.000,169923138.00000000,
2026-05-27 11:00:00.000,169904452.00000000,
2026-05-27 12:00:00.000,168817052.00000000,
2026-05-27 13:00:00.000,167903978.00000000,
2026-05-27 14:00:00.000,163738808.00000000,
2026-05-27 15:00:00.000,164369902.00000000,
2026-05-27 16:00:00.000,164207414.00000000,
2026-05-27 17:00:00.000,164480662.00000000,
2026-05-27 18:00:00.000,164064082.00000000,
2026-05-27 19:00:00.000,163492936.00000000,
2026-05-27 20:00:00.000,162915998.00000000,
2026-05-27 21:00:00.000,162999354.00000000,
2026-05-27 22:00:00.000,161712602.00000000,
2026-05-27 23:00:00.000,162850184.00000000,
2026-05-28 00:00:00.000,162548818.00000000,
2026-05-28 01:00:00.000,162968544.00000000,
2026-05-28 02:00:00.000,162921452.00000000,
2026-05-28 03:00:00.000,163015592.00000000,
2026-05-28 04:00:00.000,164846788.00000000,
2026-05-28 05:00:00.000,164241805.00000000,
2026-05-28 06:00:00.000,163768742.00000000,
2026-05-28 07:00:00.000,163961152.00000000,
2026-05-28 08:00:00.000,163461576.00000000,
2026-05-28 09:00:00.000,163770306.00000000,
2026-05-28 10:00:00.000,164396914.00000000,
2026-05-28 11:00:00.000,163970334.00000000,
2026-05-28 12:00:00.000,164084044.00000000,
2026-05-28 13:00:00.000,163779704.00000000,
2026-05-28 14:00:00.000,163860664.00000000,
2026-05-28 15:00:00.000,164916494.00000000,
2026-05-28 16:00:00.000,165171582.00000000,
2026-05-28 17:00:00.000,166675944.00000000,
2026-05-28 18:00:00.000,168160833.00000000,
2026-05-28 19:00:00.000,162355930.00000000,
2026-05-28 20:00:00.000,160990586.00000000,
2026-05-28 21:00:00.000,159913222.00000000,
2026-05-28 22:00:00.000,158642088.00000000,
2026-05-28 23:00:00.000,158457584.00000000,
2026-05-29 00:00:00.000,158527498.00000000,
2026-05-29 01:00:00.000,158567775.00000000,
2026-05-29 02:00:00.000,158875434.00000000,
2026-05-29 03:00:00.000,158213992.00000000,
2026-05-29 04:00:00.000,158272286.00000000,
2026-05-29 05:00:00.000,157792434.00000000,
2026-05-29 06:00:00.000,157657791.00000000,
2026-05-29 07:00:00.000,157763502.00000000,
2026-05-29 08:00:00.000,157105800.00000000,
2026-05-29 09:00:00.000,157268534.00000000,
2026-05-29 10:00:00.000,157055056.00000000,
2026-05-29 11:00:00.000,157030152.00000000,
2026-05-29 12:00:00.000,156884930.00000000,
2026-05-29 13:00:00.000,156523538.00000000,
2026-05-29 14:00:00.000,156280250.00000000,
2026-05-29 15:00:00.000,155567858.00000000,
2026-05-29 16:00:00.000,154115077.00000000,
2026-05-29 17:00:00.000,155490062.00000000,
2026-05-29 18:00:00.000,155599926.00000000,
2026-05-29 19:00:00.000,155316840.00000000,
2026-05-29 20:00:00.000,155010358.00000000,
2026-05-29 21:00:00.000,154627282.00000000,
2026-05-29 22:00:00.000,153745976.00000000,
2026-05-29 23:00:00.000,153897722.00000000,
2026-05-30 00:00:00.000,154081304.00000000,
2026-05-30 01:00:00.000,155505582.00000000,
2026-05-30 02:00:00.000,153975362.00000000,
2026-05-30 03:00:00.000,153472156.00000000,
2026-05-30 04:00:00.000,153234694.00000000,
2026-05-30 05:00:00.000,153036216.00000000,
2026-05-30 06:00:00.000,152313374.00000000,
2026-05-30 07:00:00.000,152529414.00000000,
2026-05-30 08:00:00.000,151955930.00000000,
2026-05-30 09:00:00.000,151948558.00000000,
2026-05-30 10:00:00.000,152065438.00000000,
2026-05-30 11:00:00.000,151955158.00000000,
2026-05-30 12:00:00.000,152838972.00000000,
2026-05-30 13:00:00.000,152747366.00000000,
2026-05-30 14:00:00.000,152330596.00000000,
2026-05-30 15:00:00.000,152567340.00000000,
2026-05-30 16:00:00.000,152424241.00000000,
2026-05-30 17:00:00.000,152672892.00000000,
2026-05-30 18:00:00.000,152155922.00000000,
2026-05-30 19:00:00.000,152100038.00000000,
2026-05-30 20:00:00.000,152167688.00000000,
2026-05-30 21:00:00.000,152004638.00000000,
2026-05-30 22:00:00.000,151738734.00000000,
2026-05-30 23:00:00.000,152164982.00000000,
2026-05-31 00:00:00.000,152128703.00000000,
2026-05-31 01:00:00.000,152295500.00000000,
2026-05-31 02:00:00.000,152568660.00000000,
2026-05-31 03:00:00.000,152271634.00000000,
2026-05-31 04:00:00.000,152400536.00000000,
2026-05-31 05:00:00.000,152593040.00000000,
2026-05-31 06:00:00.000,152464410.00000000,
2026-05-31 07:00:00.000,152293604.00000000,
2026-05-31 08:00:00.000,152266668.00000000,
2026-05-31 09:00:00.000,152889464.00000000,
2026-05-31 10:00:00.000,152765586.00000000,
2026-05-31 11:00:00.000,152723006.00000000,
2026-05-31 12:00:00.000,152893458.00000000,
2026-05-31 13:00:00.000,152771474.00000000,
2026-05-31 14:00:00.000,152829644.00000000,
2026-05-31 15:00:00.000,152931018.00000000,
2026-05-31 16:00:00.000,152880010.00000000,
2026-05-31 17:00:00.000,153245984.00000000,
2026-05-31 18:00:00.000,153005609.00000000,
2026-05-31 19:00:00.000,153021596.00000000,
2026-05-31 20:00:00.000,152273280.00000000,
2026-05-31 21:00:00.000,151493084.00000000,
2026-05-31 22:00:00.000,152610142.00000000,
2026-05-31 23:00:00.000,152583090.00000000,
2026-06-01 00:00:00.000,152087782.00000000,
2026-06-01 01:00:00.000,151951034.00000000,
2026-06-01 02:00:00.000,151586174.00000000,
2026-06-01 03:00:00.000,151407170.00000000,
2026-06-01 04:00:00.000,151070506.00000000,
2026-06-01 05:00:00.000,150973922.00000000,
2026-06-01 06:00:00.000,151008758.00000000,
2026-06-01 07:00:00.000,153843770.00000000,
2026-06-01 08:00:00.000,152595660.00000000,
2026-06-01 09:00:00.000,151909402.00000000,
2026-06-01 10:00:00.000,151720710.00000000,
2026-06-01 11:00:00.000,151900277.00000000,
2026-06-01 12:00:00.000,151758746.00000000,
2026-06-01 13:00:00.000,151604462.00000000,
2026-06-01 14:00:00.000,150810630.00000000,
2026-06-01 15:00:00.000,150780214.00000000,
2026-06-01 16:00:00.000,150694258.00000000,
2026-06-01 17:00:00.000,151729172.00000000,
2026-06-01 18:00:00.000,152700982.00000000,
2026-06-01 19:00:00.000,152837296.00000000,
2026-06-01 20:00:00.000,153154052.00000000,
2026-06-01 21:00:00.000,153224378.00000000,
2026-06-01 22:00:00.000,153105296.00000000,
2026-06-01 23:00:00.000,153229680.00000000,
2026-06-02 00:00:00.000,153203668.00000000,
2026-06-02 01:00:00.000,153845376.00000000,
2026-06-02 02:00:00.000,153360550.00000000,
2026-06-02 03:00:00.000,152955809.00000000,
2026-06-02 04:00:00.000,153537830.00000000,
2026-06-02 05:00:00.000,153601304.00000000,
2026-06-02 06:00:00.000,154427212.00000000,
2026-06-02 07:00:00.000,154436116.00000000,
2026-06-02 08:00:00.000,154770766.00000000,
2026-06-02 09:00:00.000,154648910.00000000,
2026-06-02 10:00:00.000,154080230.00000000,
2026-06-02 11:00:00.000,152899788.00000000,
2026-06-02 12:00:00.000,153164660.00000000,
2026-06-02 13:00:00.000,153668601.00000000,
2026-06-02 14:00:00.000,153596442.00000000,
2026-06-02 15:00:00.000,151662666.00000000,
2026-06-02 16:00:00.000,156006250.00000000,
2026-06-02 17:00:00.000,152765902.00000000,
2026-06-02 18:00:00.000,152543328.00000000,
2026-06-02 19:00:00.000,152019684.00000000,
2026-06-02 20:00:00.000,151510080.00000000,
2026-06-02 21:00:00.000,151101898.00000000,
2026-06-02 22:00:00.000,150529384.00000000,
2026-06-02 23:00:00.000,150046718.00000000,
2026-06-03 00:00:00.000,150161490.00000000,
2026-06-03 01:00:00.000,149932844.00000000,
2026-06-03 02:00:00.000,149471716.00000000,
2026-06-03 03:00:00.000,149493900.00000000,
2026-06-03 04:00:00.000,149231734.00000000,
2026-06-03 05:00:00.000,149224348.00000000,
2026-06-03 06:00:00.000,149192766.00000000,
2026-06-03 07:00:00.000,154672006.00000000,
2026-06-03 08:00:00.000,155080750.00000000,
2026-06-03 09:00:00.000,154371562.00000000,
2026-06-03 10:00:00.000,154524386.00000000,
2026-06-03 11:00:00.000,154120332.00000000,
2026-06-03 12:00:00.000,153887912.00000000,
2026-06-03 13:00:00.000,153646078.00000000,
2026-06-03 14:00:00.000,153125942.00000000,
2026-06-03 15:00:00.000,153525928.00000000,
2026-06-03 16:00:00.000,154097146.00000000,
2026-06-03 17:00:00.000,154501914.00000000,
2026-06-03 18:00:00.000,154775742.00000000,
2026-06-03 19:00:00.000,154498045.00000000,
2026-06-03 20:00:00.000,154389934.00000000,
2026-06-03 21:00:00.000,153645250.00000000,
2026-06-03 22:00:00.000,153866494.00000000,
2026-06-03 23:00:00.000,153788956.00000000,
2026-06-04 00:00:00.000,153808100.00000000,
2026-06-04 01:00:00.000,151265676.00000000,
2026-06-04 02:00:00.000,149874938.00000000,
2026-06-04 03:00:00.000,150427020.00000000,
2026-06-04 04:00:00.000,150448318.00000000,
2026-06-04 05:00:00.000,150439628.00000000,
2026-06-04 06:00:00.000,150486596.00000000,
2026-06-04 07:00:00.000,151056152.00000000,
2026-06-04 08:00:00.000,151531758.00000000,
2026-06-04 09:00:00.000,151603872.00000000,
2026-06-04 10:00:00.000,152368308.00000000,
2026-06-04 11:00:00.000,152936382.00000000,
2026-06-04 12:00:00.000,153238686.00000000,
2026-06-04 13:00:00.000,152773942.00000000,
2026-06-04 14:00:00.000,152949800.00000000,
2026-06-04 15:00:00.000,152924722.00000000,
2026-06-04 16:00:00.000,153224598.00000000,
2026-06-04 17:00:00.000,154211802.00000000,
2026-06-04 18:00:00.000,154584288.00000000,
2026-06-04 19:00:00.000,154235976.00000000,
2026-06-04 20:00:00.000,154364296.00000000,
2026-06-04 21:00:00.000,154621868.00000000,
2026-06-04 22:00:00.000,154700308.00000000,
2026-06-04 23:00:00.000,155518710.00000000,
2026-06-05 00:00:00.000,156800416.00000000,
2026-06-05 01:00:00.000,159026330.00000000,
2026-06-05 02:00:00.000,159883546.00000000,
2026-06-05 03:00:00.000,159858424.00000000,
2026-06-05 04:00:00.000,160877396.00000000,
2026-06-05 05:00:00.000,161783152.00000000,
2026-06-05 06:00:00.000,161900312.00000000,
2026-06-05 07:00:00.000,160495570.00000000,
2026-06-05 08:00:00.000,160558759.00000000,
2026-06-05 09:00:00.000,160481974.00000000,
2026-06-05 10:00:00.000,160874182.00000000,
2026-06-05 11:00:00.000,160798806.00000000,
2026-06-05 12:00:00.000,161793472.00000000,
2026-06-05 13:00:00.000,162203819.00000000,
2026-06-05 14:00:00.000,162296970.00000000,
2026-06-05 15:00:00.000,162078304.00000000,
2026-06-05 16:00:00.000,161544772.00000000,
2026-06-05 17:00:00.000,156435908.00000000,
2026-06-05 18:00:00.000,154963816.00000000,
2026-06-05 19:00:00.000,157355608.00000000,
2026-06-05 20:00:00.000,155590401.00000000,
2026-06-05 21:00:00.000,155639924.00000000,
2026-06-05 22:00:00.000,155232032.00000000,
2026-06-05 23:00:00.000,154111090.00000000,
2026-06-06 00:00:00.000,152951976.00000000,
2026-06-06 01:00:00.000,151381710.00000000,
2026-06-06 02:00:00.000,150189566.00000000,
2026-06-06 03:00:00.000,148574273.00000000,
2026-06-06 04:00:00.000,148376444.00000000,
2026-06-06 05:00:00.000,151325791.00000000,
2026-06-06 06:00:00.000,150191584.00000000,
2026-06-06 07:00:00.000,151440270.00000000,
2026-06-06 08:00:00.000,151186352.00000000,
2026-06-06 09:00:00.000,150827465.00000000,
2026-06-06 10:00:00.000,150418412.00000000,
2026-06-06 11:00:00.000,150512578.00000000,
2026-06-06 12:00:00.000,150133706.00000000,
2026-06-06 13:00:00.000,149768898.00000000,
2026-06-06 14:00:00.000,149498928.00000000,
2026-06-06 15:00:00.000,150009506.00000000,
2026-06-06 16:00:00.000,150116804.00000000,
2026-06-06 17:00:00.000,150526906.00000000,
2026-06-06 18:00:00.000,150173686.00000000,
2026-06-06 19:00:00.000,150381062.00000000,
2026-06-06 20:00:00.000,150200662.00000000,
2026-06-06 21:00:00.000,150027614.00000000,
2026-06-06 22:00:00.000,149901712.00000000,
2026-06-06 23:00:00.000,149800358.00000000,
2026-06-07 00:00:00.000,149686242.00000000,
2026-06-07 01:00:00.000,149626204.00000000,
2026-06-07 02:00:00.000,148605902.00000000,
2026-06-07 03:00:00.000,148498292.00000000,
2026-06-07 04:00:00.000,148707706.00000000,
2026-06-07 05:00:00.000,148421306.00000000,
2026-06-07 06:00:00.000,148482078.00000000,
2026-06-07 07:00:00.000,148632950.00000000,
2026-06-07 08:00:00.000,148748628.00000000,
2026-06-07 09:00:00.000,148593784.00000000,
2026-06-07 10:00:00.000,148474012.00000000,
2026-06-07 11:00:00.000,148201714.00000000,
2026-06-07 12:00:00.000,148480486.00000000,
2026-06-07 13:00:00.000,147870727.00000000,
2026-06-07 14:00:00.000,147711861.00000000,
2026-06-07 15:00:00.000,147726061.00000000,
2026-06-07 16:00:00.000,147474355.00000000,
2026-06-07 17:00:00.000,147476927.00000000,
2026-06-07 18:00:00.000,147485631.00000000,
2026-06-07 19:00:00.000,146667312.00000000,
2026-06-07 20:00:00.000,145343243.00000000,
2026-06-07 21:00:00.000,145112673.00000000,
2026-06-07 22:00:00.000,145034003.00000000,
2026-06-07 23:00:00.000,145091796.00000000,
2026-06-08 00:00:00.000,145557768.00000000,
2026-06-08 01:00:00.000,144797380.00000000,
2026-06-08 02:00:00.000,144402222.00000000,
2026-06-08 03:00:00.000,144483363.00000000,
2026-06-08 04:00:00.000,144229872.00000000,
2026-06-08 05:00:00.000,143917629.00000000,
2026-06-08 06:00:00.000,144364605.00000000,
2026-06-08 07:00:00.000,144490936.00000000,
2026-06-08 08:00:00.000,144582675.00000000,
2026-06-08 09:00:00.000,144683058.00000000,
2026-06-08 10:00:00.000,144796544.00000000,
2026-06-08 11:00:00.000,144571560.00000000,
2026-06-08 12:00:00.000,144581880.00000000,
2026-06-08 13:00:00.000,144624423.00000000,
2026-06-08 14:00:00.000,144532248.00000000,
2026-06-08 15:00:00.000,144369258.00000000,
2026-06-08 16:00:00.000,143867158.00000000,
2026-06-08 17:00:00.000,147325672.00000000,
2026-06-08 18:00:00.000,148975008.00000000,
2026-06-08 19:00:00.000,148858144.00000000,
2026-06-08 20:00:00.000,149533882.00000000,
2026-06-08 21:00:00.000,149106344.00000000,
2026-06-08 22:00:00.000,147841714.00000000,
2026-06-08 23:00:00.000,147841016.00000000,
2026-06-09 00:00:00.000,147718138.00000000,
2026-06-09 01:00:00.000,151464028.00000000,
2026-06-09 02:00:00.000,151918764.00000000,
2026-06-09 03:00:00.000,152116770.00000000,
2026-06-09 04:00:00.000,152598118.00000000,
2026-06-09 05:00:00.000,153057936.00000000,
2026-06-09 06:00:00.000,153304944.00000000,
2026-06-09 07:00:00.000,153248208.00000000,
2026-06-09 08:00:00.000,152865426.00000000,
2026-06-09 09:00:00.000,152285442.00000000,
2026-06-09 10:00:00.000,152173448.00000000,
2026-06-09 11:00:00.000,152021262.00000000,
2026-06-09 12:00:00.000,151514350.00000000,
2026-06-09 13:00:00.000,151766204.00000000,
2026-06-09 14:00:00.000,152247152.00000000,
2026-06-09 15:00:00.000,152885386.00000000,
2026-06-09 16:00:00.000,146615726.00000000,
2026-06-09 17:00:00.000,145224044.00000000,
2026-06-09 18:00:00.000,144096074.00000000,
2026-06-09 19:00:00.000,143812382.00000000,
2026-06-09 20:00:00.000,143744231.00000000,
2026-06-09 21:00:00.000,143535900.00000000,
2026-06-09 22:00:00.000,143862226.00000000,
2026-06-09 23:00:00.000,143859968.00000000,
2026-06-10 00:00:00.000,144307530.00000000,
2026-06-10 01:00:00.000,143328632.00000000,
2026-06-10 02:00:00.000,142689820.00000000,
2026-06-10 03:00:00.000,142594639.00000000,
2026-06-10 04:00:00.000,142157640.00000000,
2026-06-10 05:00:00.000,141561712.00000000,
2026-06-10 06:00:00.000,141481004.00000000,
2026-06-10 07:00:00.000,141530418.00000000,
2026-06-10 08:00:00.000,140880406.00000000,
2026-06-10 09:00:00.000,140805036.00000000,
2026-06-10 10:00:00.000,140457758.00000000,
2026-06-10 11:00:00.000,140090894.00000000,
2026-06-10 12:00:00.000,140179830.00000000,
2026-06-10 13:00:00.000,139683362.00000000,
2026-06-10 14:00:00.000,138956506.00000000,
2026-06-10 15:00:00.000,138594114.00000000,
2026-06-10 16:00:00.000,140798018.00000000,
2026-06-10 17:00:00.000,141348298.00000000,
2026-06-10 18:00:00.000,140642070.00000000,
2026-06-10 19:00:00.000,139846110.00000000,
2026-06-10 20:00:00.000,139380828.00000000,
2026-06-10 21:00:00.000,138984590.00000000,
2026-06-10 22:00:00.000,138931568.00000000,
2026-06-10 23:00:00.000,137526832.00000000,
2026-06-11 00:00:00.000,137428830.00000000,
2026-06-11 01:00:00.000,136963598.00000000,
2026-06-11 02:00:00.000,137514710.00000000,
2026-06-11 03:00:00.000,137723490.00000000,
2026-06-11 04:00:00.000,138057896.00000000,
2026-06-11 05:00:00.000,137039604.00000000,
2026-06-11 06:00:00.000,136345331.00000000,
2026-06-11 07:00:00.000,136442652.00000000,
2026-06-11 08:00:00.000,136187615.00000000,
2026-06-11 09:00:00.000,136182508.00000000,
2026-06-11 10:00:00.000,136254019.00000000,
2026-06-11 11:00:00.000,136292596.00000000,
2026-06-11 12:00:00.000,136660838.00000000,
2026-06-11 13:00:00.000,137064934.00000000,
2026-06-11 14:00:00.000,136846754.00000000,
2026-06-11 15:00:00.000,137675392.00000000,
2026-06-11 16:00:00.000,138559921.00000000,
2026-06-11 17:00:00.000,139097906.00000000,
2026-06-11 18:00:00.000,139028548.00000000,
2026-06-11 19:00:00.000,140803612.00000000,
2026-06-11 20:00:00.000,139594521.00000000,
2026-06-11 21:00:00.000,139531178.00000000,
2026-06-11 22:00:00.000,137944280.00000000,
2026-06-11 23:00:00.000,137987092.00000000,
2026-06-12 00:00:00.000,137786144.00000000,
2026-06-12 01:00:00.000,137340424.00000000,
2026-06-12 02:00:00.000,136979490.00000000,
2026-06-12 03:00:00.000,136774722.00000000,
2026-06-12 04:00:00.000,136681574.00000000,
2026-06-12 05:00:00.000,135570396.00000000,
2026-06-12 06:00:00.000,135052238.00000000,
2026-06-12 07:00:00.000,135406650.00000000,
2026-06-12 08:00:00.000,135184594.00000000,
2026-06-12 09:00:00.000,134627598.00000000,
2026-06-12 10:00:00.000,134787852.00000000,
2026-06-12 11:00:00.000,134552772.00000000,
2026-06-12 12:00:00.000,134577726.00000000,
2026-06-12 13:00:00.000,134658518.00000000,
2026-06-12 14:00:00.000,134248592.00000000,
2026-06-12 15:00:00.000,134336572.00000000,
2026-06-12 16:00:00.000,134330456.00000000,
2026-06-12 17:00:00.000,134344118.00000000,
2026-06-12 18:00:00.000,134723344.00000000,
2026-06-12 19:00:00.000,134723888.00000000,
2026-06-12 20:00:00.000,134520598.00000000,
2026-06-12 21:00:00.000,134421440.00000000,
2026-06-12 22:00:00.000,134099106.00000000,
2026-06-12 23:00:00.000,134174020.00000000,
2026-06-13 00:00:00.000,134041949.00000000,
2026-06-13 01:00:00.000,136895282.00000000,
2026-06-13 02:00:00.000,136779612.00000000,
2026-06-13 03:00:00.000,135807990.00000000,
2026-06-13 04:00:00.000,135645544.00000000,
2026-06-13 05:00:00.000,136301036.00000000,
2026-06-13 06:00:00.000,136342566.00000000,
2026-06-13 07:00:00.000,136063226.00000000,
2026-06-13 08:00:00.000,135035194.00000000,
2026-06-13 09:00:00.000,134817160.00000000,
2026-06-13 10:00:00.000,134807442.00000000,
2026-06-13 11:00:00.000,134753654.00000000,
2026-06-13 12:00:00.000,134599800.00000000,
2026-06-13 13:00:00.000,134020842.00000000,
2026-06-13 14:00:00.000,133895144.00000000,
2026-06-13 15:00:00.000,133752902.00000000,
2026-06-13 16:00:00.000,134102154.00000000,
2026-06-13 17:00:00.000,134139360.00000000,
2026-06-13 18:00:00.000,133832452.00000000,
2026-06-13 19:00:00.000,133663946.00000000,
2026-06-13 20:00:00.000,133669878.00000000,
2026-06-13 21:00:00.000,133419728.00000000,
2026-06-13 22:00:00.000,133259186.00000000,
2026-06-13 23:00:00.000,133032752.00000000,
2026-06-14 00:00:00.000,133073605.00000000,
2026-06-14 01:00:00.000,133615530.00000000,
2026-06-14 02:00:00.000,133551088.00000000,
2026-06-14 03:00:00.000,133556796.00000000,
2026-06-14 04:00:00.000,133460932.00000000,
2026-06-14 05:00:00.000,133650028.00000000,
2026-06-14 06:00:00.000,133424372.00000000,
2026-06-14 07:00:00.000,133460309.00000000,
2026-06-14 08:00:00.000,133956724.00000000,
2026-06-14 09:00:00.000,134056102.00000000,
2026-06-14 10:00:00.000,134183230.00000000,
2026-06-14 11:00:00.000,134128014.00000000,
2026-06-14 12:00:00.000,134810666.00000000,
2026-06-14 13:00:00.000,136478974.00000000,
2026-06-14 14:00:00.000,136167208.00000000,
2026-06-14 15:00:00.000,134696942.00000000,
2026-06-14 16:00:00.000,134558497.00000000,
2026-06-14 17:00:00.000,134542145.00000000,
2026-06-14 18:00:00.000,134971412.00000000,
2026-06-14 19:00:00.000,134828794.00000000,
2026-06-14 20:00:00.000,134105730.00000000,
2026-06-14 21:00:00.000,134018528.00000000,
2026-06-14 22:00:00.000,134444086.00000000,
2026-06-14 23:00:00.000,134537524.00000000,
2026-06-15 00:00:00.000,133236396.00000000,
2026-06-15 01:00:00.000,133022088.00000000,
2026-06-15 02:00:00.000,132178110.00000000,
2026-06-15 03:00:00.000,132369462.00000000,
2026-06-15 04:00:00.000,132445096.00000000,
2026-06-15 05:00:00.000,132189938.00000000,
2026-06-15 06:00:00.000,131436726.00000000,
2026-06-15 07:00:00.000,130755854.00000000,
2026-06-15 08:00:00.000,131154748.00000000,
2026-06-15 09:00:00.000,131262098.00000000,
2026-06-15 10:00:00.000,131085582.00000000,
2026-06-15 11:00:00.000,131046452.00000000,
2026-06-15 12:00:00.000,131355618.00000000,
2026-06-15 13:00:00.000,131559224.00000000,
2026-06-15 14:00:00.000,135952580.00000000,
2026-06-15 15:00:00.000,135288010.00000000,
2026-06-15 16:00:00.000,134463750.00000000,
2026-06-15 17:00:00.000,134334644.00000000,
2026-06-15 18:00:00.000,134249356.00000000,
2026-06-15 19:00:00.000,134024064.00000000,
2026-06-15 20:00:00.000,133905338.00000000,
2026-06-15 21:00:00.000,133826944.00000000,
2026-06-15 22:00:00.000,133864302.00000000,
2026-06-15 23:00:00.000,134096610.00000000,
2026-06-16 00:00:00.000,134241946.00000000,
2026-06-16 01:00:00.000,134348268.00000000,
2026-06-16 02:00:00.000,133962632.00000000,
2026-06-16 03:00:00.000,134086578.00000000,
2026-06-16 04:00:00.000,133909448.00000000,
2026-06-16 05:00:00.000,134096889.00000000,
2026-06-16 06:00:00.000,134365907.00000000,
2026-06-16 07:00:00.000,133758024.00000000,
2026-06-16 08:00:00.000,134007686.00000000,
2026-06-16 09:00:00.000,135011716.00000000,
2026-06-16 10:00:00.000,135661548.00000000,
2026-06-16 11:00:00.000,135844320.00000000,
2026-06-16 12:00:00.000,135852176.00000000,
2026-06-16 13:00:00.000,135252528.00000000,
2026-06-16 14:00:00.000,134947702.00000000,
2026-06-16 15:00:00.000,134783040.00000000,
2026-06-16 16:00:00.000,134932758.00000000,
2026-06-16 17:00:00.000,134737970.00000000,
2026-06-16 18:00:00.000,134815754.00000000,
2026-06-16 19:00:00.000,141293604.00000000,
2026-06-16 20:00:00.000,141156888.00000000,
2026-06-16 21:00:00.000,141506054.00000000,
2026-06-16 22:00:00.000,140976374.00000000,
2026-06-16 23:00:00.000,141315648.00000000,
2026-06-17 00:00:00.000,141381654.00000000,
2026-06-17 01:00:00.000,143804713.00000000,
2026-06-17 02:00:00.000,143923942.00000000,
2026-06-17 03:00:00.000,145486026.00000000,
2026-06-17 04:00:00.000,144899797.00000000,
2026-06-17 05:00:00.000,144551156.00000000,
2026-06-17 06:00:00.000,144176398.00000000,
2026-06-17 07:00:00.000,142148370.00000000,
2026-06-17 08:00:00.000,141671074.00000000,
2026-06-17 09:00:00.000,141075822.00000000,
2026-06-17 10:00:00.000,141161560.00000000,
2026-06-17 11:00:00.000,140972666.00000000,
2026-06-17 12:00:00.000,140743316.00000000,
2026-06-17 13:00:00.000,139746020.00000000,
2026-06-17 14:00:00.000,140114206.00000000,
2026-06-17 15:00:00.000,138082232.00000000,
2026-06-17 16:00:00.000,137554206.00000000,
2026-06-17 17:00:00.000,137382892.00000000,
2026-06-17 18:00:00.000,137573686.00000000,
2026-06-17 19:00:00.000,136977712.00000000,
2026-06-17 20:00:00.000,135907022.00000000,
2026-06-17 21:00:00.000,135612474.00000000,
2026-06-17 22:00:00.000,135429144.00000000,
2026-06-17 23:00:00.000,135057944.00000000,
2026-06-18 00:00:00.000,134723788.00000000,
2026-06-18 01:00:00.000,132717840.00000000,
2026-06-18 02:00:00.000,132700602.00000000,
2026-06-18 03:00:00.000,132534992.00000000,
2026-06-18 04:00:00.000,132301946.00000000,
2026-06-18 05:00:00.000,132363428.00000000,
2026-06-18 06:00:00.000,133180052.00000000,
2026-06-18 07:00:00.000,132814178.00000000,
2026-06-18 08:00:00.000,132272136.00000000,
2026-06-18 09:00:00.000,132432356.00000000,
2026-06-18 10:00:00.000,133411686.00000000,
2026-06-18 11:00:00.000,132951132.00000000,
2026-06-18 12:00:00.000,132891780.00000000,
2026-06-18 13:00:00.000,132770674.00000000,
2026-06-18 14:00:00.000,132432324.00000000,
2026-06-18 15:00:00.000,131648397.00000000,
2026-06-18 16:00:00.000,130816904.00000000,
2026-06-18 17:00:00.000,130568650.00000000,
2026-06-18 18:00:00.000,130249660.00000000,
2026-06-18 19:00:00.000,130547426.00000000,
2026-06-18 20:00:00.000,130105934.00000000,
2026-06-18 21:00:00.000,131308684.00000000,
2026-06-18 22:00:00.000,130688602.00000000,
2026-06-18 23:00:00.000,130864150.00000000,
2026-06-19 00:00:00.000,130510340.00000000,
2026-06-19 01:00:00.000,130813030.00000000,
2026-06-19 02:00:00.000,131181974.00000000,
2026-06-19 03:00:00.000,131199936.00000000,
2026-06-19 04:00:00.000,130782826.00000000,
2026-06-19 05:00:00.000,130565930.00000000,
2026-06-19 06:00:00.000,130417330.00000000,
2026-06-19 07:00:00.000,130558672.00000000,
2026-06-19 08:00:00.000,130347734.00000000,
2026-06-19 09:00:00.000,130993628.00000000,
2026-06-19 10:00:00.000,130814596.00000000,
2026-06-19 11:00:00.000,130574472.00000000,
2026-06-19 12:00:00.000,131219040.00000000,
2026-06-19 13:00:00.000,132000596.00000000,
2026-06-19 14:00:00.000,133957706.00000000,
2026-06-19 15:00:00.000,134236050.00000000,
2026-06-19 16:00:00.000,132926336.00000000,
2026-06-19 17:00:00.000,133231409.00000000,
2026-06-19 18:00:00.000,133407893.00000000,
2026-06-19 19:00:00.000,133373476.00000000,
2026-06-19 20:00:00.000,132898468.00000000,
2026-06-19 21:00:00.000,132628110.00000000,
2026-06-19 22:00:00.000,132329888.00000000,
2026-06-19 23:00:00.000,131963191.00000000,
2026-06-20 00:00:00.000,131771205.00000000,
2026-06-20 01:00:00.000,131220919.00000000,
2026-06-20 02:00:00.000,131926917.00000000,
2026-06-20 03:00:00.000,131866305.00000000,
2026-06-20 04:00:00.000,133182514.00000000,
2026-06-20 05:00:00.000,134402587.00000000,
2026-06-20 06:00:00.000,136136972.00000000,
2026-06-20 07:00:00.000,136781886.00000000,
2026-06-20 08:00:00.000,136523102.00000000,
2026-06-20 09:00:00.000,137053570.00000000,
2026-06-20 10:00:00.000,137462136.00000000,
2026-06-20 11:00:00.000,137077060.00000000,
2026-06-20 12:00:00.000,136820374.00000000,
2026-06-20 13:00:00.000,136348298.00000000,
2026-06-20 14:00:00.000,136576164.00000000,
2026-06-20 15:00:00.000,136491216.00000000,
2026-06-20 16:00:00.000,137428022.00000000,
2026-06-20 17:00:00.000,137616562.00000000,
2026-06-20 18:00:00.000,137619376.00000000,
2026-06-20 19:00:00.000,137011604.00000000,
2026-06-20 20:00:00.000,137044516.00000000,
2026-06-20 21:00:00.000,137131370.00000000,
2026-06-20 22:00:00.000,136579542.00000000,
2026-06-20 23:00:00.000,136649114.00000000,
2026-06-21 00:00:00.000,136408806.00000000,
2026-06-21 01:00:00.000,136653169.00000000,
2026-06-21 02:00:00.000,136401193.00000000,
2026-06-21 03:00:00.000,136308916.00000000,
2026-06-21 04:00:00.000,136508780.00000000,
2026-06-21 05:00:00.000,136859118.00000000,
2026-06-21 06:00:00.000,137011824.00000000,
2026-06-21 07:00:00.000,136869859.00000000,
2026-06-21 08:00:00.000,136813286.00000000,
2026-06-21 09:00:00.000,136889734.00000000,
2026-06-21 10:00:00.000,136624902.00000000,
2026-06-21 11:00:00.000,136805865.00000000,
2026-06-21 12:00:00.000,136880406.00000000,
2026-06-21 13:00:00.000,136989554.00000000,
2026-06-21 14:00:00.000,137122489.00000000,
2026-06-21 15:00:00.000,137158888.00000000,
2026-06-21 16:00:00.000,136942394.00000000,
2026-06-21 17:00:00.000,136730312.00000000,
2026-06-21 18:00:00.000,136153688.00000000,
2026-06-21 19:00:00.000,136352815.00000000,
2026-06-21 20:00:00.000,136624364.00000000,
2026-06-21 21:00:00.000,136189842.00000000,
2026-06-21 22:00:00.000,135727898.00000000,
2026-06-21 23:00:00.000,135689889.00000000,
2026-06-22 00:00:00.000,135614086.00000000,
2026-06-22 01:00:00.000,135560888.00000000,
2026-06-22 02:00:00.000,135480194.00000000,
2026-06-22 03:00:00.000,134705358.00000000,
2026-06-22 04:00:00.000,134869212.00000000,
2026-06-22 05:00:00.000,134561606.00000000,
2026-06-22 06:00:00.000,135352562.00000000,
2026-06-22 07:00:00.000,135199706.00000000,
2026-06-22 08:00:00.000,135427070.00000000,
2026-06-22 09:00:00.000,136135774.00000000,
2026-06-22 10:00:00.000,135692212.00000000,
2026-06-22 11:00:00.000,135783872.00000000,
2026-06-22 12:00:00.000,135729546.00000000,
2026-06-22 13:00:00.000,135838760.00000000,
2026-06-22 14:00:00.000,137983864.00000000,
2026-06-22 15:00:00.000,138611972.00000000,
2026-06-22 16:00:00.000,137417974.00000000,
2026-06-22 17:00:00.000,137728348.00000000,
2026-06-22 18:00:00.000,137354194.00000000,
2026-06-22 19:00:00.000,137159150.00000000,
2026-06-22 20:00:00.000,136750241.00000000,
2026-06-22 21:00:00.000,136746562.00000000,
2026-06-22 22:00:00.000,136486726.00000000,
2026-06-22 23:00:00.000,137075166.00000000,
2026-06-23 00:00:00.000,136943566.00000000,
2026-06-23 01:00:00.000,137146684.00000000,
2026-06-23 02:00:00.000,136534692.00000000,
2026-06-23 03:00:00.000,136061740.00000000,
2026-06-23 04:00:00.000,135942898.00000000,
2026-06-23 05:00:00.000,136233088.00000000,
2026-06-23 06:00:00.000,136430648.00000000,
2026-06-23 07:00:00.000,136812506.00000000,
2026-06-23 08:00:00.000,136356480.00000000,
2026-06-23 09:00:00.000,135822512.00000000,
2026-06-23 10:00:00.000,135713804.00000000,
2026-06-23 11:00:00.000,135652170.00000000,
2026-06-23 12:00:00.000,135726458.00000000,
2026-06-23 13:00:00.000,135656868.00000000,
2026-06-23 14:00:00.000,135319628.00000000,
2026-06-23 15:00:00.000,135846960.00000000,
2026-06-23 16:00:00.000,136131506.00000000,
2026-06-23 17:00:00.000,135716235.00000000,
2026-06-23 18:00:00.000,135249036.00000000,
2026-06-23 19:00:00.000,135721438.00000000,
2026-06-23 20:00:00.000,135817902.00000000,
2026-06-23 21:00:00.000,135960872.00000000,
2026-06-23 22:00:00.000,135611691.00000000,
2026-06-23 23:00:00.000,135478508.00000000,
2026-06-24 00:00:00.000,135566780.00000000,
2026-06-24 01:00:00.000,135633986.00000000,
2026-06-24 02:00:00.000,139318748.00000000,
2026-06-24 03:00:00.000,138896692.00000000,
2026-06-24 04:00:00.000,138995302.00000000,
2026-06-24 05:00:00.000,139051888.00000000,
2026-06-24 06:00:00.000,138980248.00000000,
2026-06-24 07:00:00.000,139079994.00000000,
2026-06-24 08:00:00.000,139023176.00000000,
2026-06-24 09:00:00.000,138886320.00000000,
2026-06-24 10:00:00.000,139155818.00000000,
2026-06-24 11:00:00.000,138886210.00000000,
2026-06-24 12:00:00.000,139101210.00000000,
2026-06-24 13:00:00.000,139425462.00000000,
2026-06-24 14:00:00.000,137810256.00000000,
2026-06-24 15:00:00.000,137828610.00000000,
2026-06-24 16:00:00.000,138819419.00000000,
2026-06-24 17:00:00.000,139914718.00000000,
2026-06-24 18:00:00.000,140085140.00000000,
2026-06-24 19:00:00.000,140620996.00000000,
2026-06-24 20:00:00.000,141347404.00000000,
2026-06-24 21:00:00.000,141907141.00000000,
2026-06-24 22:00:00.000,141381030.00000000,
2026-06-24 23:00:00.000,141661634.00000000,
2026-06-25 00:00:00.000,141938420.00000000,
2026-06-25 01:00:00.000,142468896.00000000,
2026-06-25 02:00:00.000,142759580.00000000,
2026-06-25 03:00:00.000,143502166.00000000,
2026-06-25 04:00:00.000,143771551.00000000,
2026-06-25 05:00:00.000,145163797.00000000,
2026-06-25 06:00:00.000,145030758.00000000,
2026-06-25 07:00:00.000,146093940.00000000,
2026-06-25 08:00:00.000,145994131.00000000,
2026-06-25 09:00:00.000,146178254.00000000,
2026-06-25 10:00:00.000,146080758.00000000,
2026-06-25 11:00:00.000,146190038.00000000,
2026-06-25 12:00:00.000,145278882.00000000,
2026-06-25 13:00:00.000,145879556.00000000,
2026-06-25 14:00:00.000,141785691.00000000,
2026-06-25 15:00:00.000,143144254.00000000,
2026-06-25 16:00:00.000,142634388.00000000,
2026-06-25 17:00:00.000,142984576.00000000,
2026-06-25 18:00:00.000,144162340.00000000,
2026-06-25 19:00:00.000,143869898.00000000,
2026-06-25 20:00:00.000,144234744.00000000,
2026-06-25 21:00:00.000,144802990.00000000,
2026-06-25 22:00:00.000,141331816.00000000,
2026-06-25 23:00:00.000,140223583.00000000,
2026-06-26 00:00:00.000,141286644.00000000,
2026-06-26 01:00:00.000,142488790.00000000,
2026-06-26 02:00:00.000,145552168.00000000,
2026-06-26 03:00:00.000,147698092.00000000,
2026-06-26 04:00:00.000,149223873.00000000,
2026-06-26 05:00:00.000,151870212.00000000,
2026-06-26 06:00:00.000,153831856.00000000,
2026-06-26 07:00:00.000,153267695.00000000,
2026-06-26 08:00:00.000,153149560.00000000,
2026-06-26 09:00:00.000,152254766.00000000,
2026-06-26 10:00:00.000,151616706.00000000,
2026-06-26 11:00:00.000,151217332.00000000,
2026-06-26 12:00:00.000,150744436.00000000,
2026-06-26 13:00:00.000,150269666.00000000,
2026-06-26 14:00:00.000,149936168.00000000,
2026-06-26 15:00:00.000,148169378.00000000,
2026-06-26 16:00:00.000,148385798.00000000,
2026-06-26 17:00:00.000,148963951.00000000,
2026-06-26 18:00:00.000,148840951.00000000,
2026-06-26 19:00:00.000,148565594.00000000,
2026-06-26 20:00:00.000,148478430.00000000,
2026-06-26 21:00:00.000,147695060.00000000,
2026-06-26 22:00:00.000,147563734.00000000,
2026-06-26 23:00:00.000,147731982.00000000,
2026-06-27 00:00:00.000,148814296.00000000,
2026-06-27 01:00:00.000,148490396.00000000,
2026-06-27 02:00:00.000,147912492.00000000,
2026-06-27 03:00:00.000,147651559.00000000,
2026-06-27 04:00:00.000,147441148.00000000,
2026-06-27 05:00:00.000,147137002.00000000,
2026-06-27 06:00:00.000,146935190.00000000,
2026-06-27 07:00:00.000,147404794.00000000,
2026-06-27 08:00:00.000,147422318.00000000,
2026-06-27 09:00:00.000,147672777.00000000,
2026-06-27 10:00:00.000,147833150.00000000,
2026-06-27 11:00:00.000,147813909.00000000,
2026-06-27 12:00:00.000,147936003.00000000,
2026-06-27 13:00:00.000,147902902.00000000,
2026-06-27 14:00:00.000,147978512.00000000,
2026-06-27 15:00:00.000,148008482.00000000,
2026-06-27 16:00:00.000,147994328.00000000,
2026-06-27 17:00:00.000,148408905.00000000,
2026-06-27 18:00:00.000,147889688.00000000,
2026-06-27 19:00:00.000,147322196.00000000,
2026-06-27 20:00:00.000,146601598.00000000,
2026-06-27 21:00:00.000,146690080.00000000,
2026-06-27 22:00:00.000,146474176.00000000,
2026-06-27 23:00:00.000,146154370.00000000,
2026-06-28 00:00:00.000,145953547.00000000,
2026-06-28 01:00:00.000,145837830.00000000,
2026-06-28 02:00:00.000,145556628.00000000,
2026-06-28 03:00:00.000,145809680.00000000,
2026-06-28 04:00:00.000,145634106.00000000,
2026-06-28 05:00:00.000,145538152.00000000,
2026-06-28 06:00:00.000,145325954.00000000,
2026-06-28 07:00:00.000,145750236.00000000,
2026-06-28 08:00:00.000,145106162.00000000,
2026-06-28 09:00:00.000,144963416.00000000,
2026-06-28 10:00:00.000,144841326.00000000,
2026-06-28 11:00:00.000,144525604.00000000,
2026-06-28 12:00:00.000,144515598.00000000,
2026-06-28 13:00:00.000,144496622.00000000,
2026-06-28 14:00:00.000,144299090.00000000,
2026-06-28 15:00:00.000,144133806.00000000,
2026-06-28 16:00:00.000,144516352.00000000,
2026-06-28 17:00:00.000,144768588.00000000,
2026-06-28 18:00:00.000,144466976.00000000,
2026-06-28 19:00:00.000,144309898.00000000,
2026-06-28 20:00:00.000,143839850.00000000,
2026-06-28 21:00:00.000,143961938.00000000,
2026-06-28 22:00:00.000,142712648.00000000,
2026-06-28 23:00:00.000,142198056.00000000,
2026-06-29 00:00:00.000,141966014.00000000,
2026-06-29 01:00:00.000,142260092.00000000,
2026-06-29 02:00:00.000,141861970.00000000,
2026-06-29 03:00:00.000,142143950.00000000,
2026-06-29 04:00:00.000,142667482.00000000,
2026-06-29 05:00:00.000,141736828.00000000,
2026-06-29 06:00:00.000,141513716.00000000,
2026-06-29 07:00:00.000,141584964.00000000,
2026-06-29 08:00:00.000,141454144.00000000,
2026-06-29 09:00:00.000,140671738.00000000,
2026-06-29 10:00:00.000,140574672.00000000,
2026-06-29 11:00:00.000,140764486.00000000,
2026-06-29 12:00:00.000,140780636.00000000,
2026-06-29 13:00:00.000,140482538.00000000,
2026-06-29 14:00:00.000,139734130.00000000,
2026-06-29 15:00:00.000,139381398.00000000,
2026-06-29 16:00:00.000,140753346.00000000,
2026-06-29 17:00:00.000,140837238.00000000,
2026-06-29 18:00:00.000,141173938.00000000,
2026-06-29 19:00:00.000,141287530.00000000,
2026-06-29 20:00:00.000,144737724.00000000,
2026-06-29 21:00:00.000,144254230.00000000,
2026-06-29 22:00:00.000,143975798.00000000,
2026-06-29 23:00:00.000,144006457.00000000,
2026-06-30 00:00:00.000,144330288.00000000,
2026-06-30 01:00:00.000,144475132.00000000,
2026-06-30 02:00:00.000,143781970.00000000,
2026-06-30 03:00:00.000,143641664.00000000,
2026-06-30 04:00:00.000,143782934.00000000,
2026-06-30 05:00:00.000,143356516.00000000,
2026-06-30 06:00:00.000,143557960.00000000,
2026-06-30 07:00:00.000,143637306.00000000,
2026-06-30 08:00:00.000,143563824.00000000,
2026-06-30 09:00:00.000,143623305.00000000,
2026-06-30 10:00:00.000,143694674.00000000,
2026-06-30 11:00:00.000,143656464.00000000,
2026-06-30 12:00:00.000,143627392.00000000,
2026-06-30 13:00:00.000,143205099.00000000,
2026-06-30 14:00:00.000,143683060.00000000,
2026-06-30 15:00:00.000,144036334.00000000,
2026-06-30 16:00:00.000,144973962.00000000,
2026-06-30 17:00:00.000,145039284.00000000,
2026-06-30 18:00:00.000,145080702.00000000,
2026-06-30 19:00:00.000,144743406.00000000,
2026-06-30 20:00:00.000,144831140.00000000,
2026-06-30 21:00:00.000,144387240.00000000,
2026-06-30 22:00:00.000,144292714.00000000,
2026-06-30 23:00:00.000,144375548.00000000,
2026-07-01 00:00:00.000,143365852.00000000,
2026-07-01 01:00:00.000,143476702.00000000,
2026-07-01 02:00:00.000,142652916.00000000,
2026-07-01 03:00:00.000,142726978.00000000,
2026-07-01 04:00:00.000,142400586.00000000,
2026-07-01 05:00:00.000,142392954.00000000,
2026-07-01 06:00:00.000,142827124.00000000,
2026-07-01 07:00:00.000,148007914.00000000,
2026-07-01 08:00:00.000,147161112.00000000,
2026-07-01 09:00:00.000,147033538.00000000,
2026-07-01 10:00:00.000,146650412.00000000,
2026-07-01 11:00:00.000,146706608.00000000,
2026-07-01 12:00:00.000,146687352.00000000,
2026-07-01 13:00:00.000,143132428.00000000,
2026-07-01 14:00:00.000,142972154.00000000,
2026-07-01 15:00:00.000,139941934.00000000,
2026-07-01 16:00:00.000,139500976.00000000,
2026-07-01 17:00:00.000,138913246.00000000,
2026-07-01 18:00:00.000,138876546.00000000,
2026-07-01 19:00:00.000,147586430.00000000,
2026-07-01 20:00:00.000,147143252.00000000,
2026-07-01 21:00:00.000,146570502.00000000,
2026-07-01 22:00:00.000,145313568.00000000,
2026-07-01 23:00:00.000,144813836.00000000,
2026-07-02 00:00:00.000,144485280.00000000,
2026-07-02 01:00:00.000,142395272.00000000,
2026-07-02 02:00:00.000,141735230.00000000,
2026-07-02 03:00:00.000,141284858.00000000,
2026-07-02 04:00:00.000,140786975.00000000,
2026-07-02 05:00:00.000,140546532.00000000,
2026-07-02 06:00:00.000,139650906.00000000,
2026-07-02 07:00:00.000,139496094.00000000,
2026-07-02 08:00:00.000,139281800.00000000,
2026-07-02 09:00:00.000,139653546.00000000,
2026-07-02 10:00:00.000,140205214.00000000,
2026-07-02 11:00:00.000,140622732.00000000,
2026-07-02 12:00:00.000,140259520.00000000,
2026-07-02 13:00:00.000,140426014.00000000,
2026-07-02 14:00:00.000,139956516.00000000,
2026-07-02 15:00:00.000,139617362.00000000,
2026-07-02 16:00:00.000,139273884.00000000,
2026-07-02 17:00:00.000,140159148.00000000,
2026-07-02 18:00:00.000,142505770.00000000,
2026-07-02 19:00:00.000,143179702.00000000,
2026-07-02 20:00:00.000,142782124.00000000,
2026-07-02 21:00:00.000,139739706.00000000,
2026-07-02 22:00:00.000,138538774.00000000,
2026-07-02 23:00:00.000,139367964.00000000,
2026-07-03 00:00:00.000,139250080.00000000,
2026-07-03 01:00:00.000,139149482.00000000,
2026-07-03 02:00:00.000,139823740.00000000,
2026-07-03 03:00:00.000,139453488.00000000,
2026-07-03 04:00:00.000,139388260.00000000,
2026-07-03 05:00:00.000,139202984.00000000,
2026-07-03 06:00:00.000,139169338.00000000,
2026-07-03 07:00:00.000,139316728.00000000,
2026-07-03 08:00:00.000,139351142.00000000,
2026-07-03 09:00:00.000,139616870.00000000,
2026-07-03 10:00:00.000,139526000.00000000,
2026-07-03 11:00:00.000,139113782.00000000,
2026-07-03 12:00:00.000,138561399.00000000,
2026-07-03 13:00:00.000,139148518.00000000,
2026-07-03 14:00:00.000,140157206.00000000,
2026-07-03 15:00:00.000,141466064.00000000,
2026-07-03 16:00:00.000,141144344.00000000,
2026-07-03 17:00:00.000,141034820.00000000,
2026-07-03 18:00:00.000,141202512.00000000,
2026-07-03 19:00:00.000,142056848.00000000,
2026-07-03 20:00:00.000,141582251.00000000,
2026-07-03 21:00:00.000,141387458.00000000,
2026-07-03 22:00:00.000,140470824.00000000,
2026-07-03 23:00:00.000,140679506.00000000,
2026-07-04 00:00:00.000,140423364.00000000,
2026-07-04 01:00:00.000,144370358.00000000,
2026-07-04 02:00:00.000,144119420.00000000,
2026-07-04 03:00:00.000,143953498.00000000,
2026-07-04 04:00:00.000,143892734.00000000,
2026-07-04 05:00:00.000,143864324.00000000,
2026-07-04 06:00:00.000,143654956.00000000,
2026-07-04 07:00:00.000,145423795.00000000,
2026-07-04 08:00:00.000,145341622.00000000,
2026-07-04 09:00:00.000,145080540.00000000,
2026-07-04 10:00:00.000,144668172.00000000,
2026-07-04 11:00:00.000,144412174.00000000,
2026-07-04 12:00:00.000,144302756.00000000,
2026-07-04 13:00:00.000,142590088.00000000,
2026-07-04 14:00:00.000,142467928.00000000,
2026-07-04 15:00:00.000,142165172.00000000,
2026-07-04 16:00:00.000,141221606.00000000,
2026-07-04 17:00:00.000,140675954.00000000,
2026-07-04 18:00:00.000,140848268.00000000,
2026-07-04 19:00:00.000,140536070.00000000,
2026-07-04 20:00:00.000,139436956.00000000,
2026-07-04 21:00:00.000,139253156.00000000,
2026-07-04 22:00:00.000,139333996.00000000,
2026-07-04 23:00:00.000,139761960.00000000,
2026-07-05 00:00:00.000,139335862.00000000,
2026-07-05 01:00:00.000,140946413.00000000,
2026-07-05 02:00:00.000,140774252.00000000,
2026-07-05 03:00:00.000,141256914.00000000,
2026-07-05 04:00:00.000,140924104.00000000,
2026-07-05 05:00:00.000,140529692.00000000,
2026-07-05 06:00:00.000,140907878.00000000,
2026-07-05 07:00:00.000,141154630.00000000,
2026-07-05 08:00:00.000,141076172.00000000,
2026-07-05 09:00:00.000,140851670.00000000,
2026-07-05 10:00:00.000,140335324.00000000,
2026-07-05 11:00:00.000,140496436.00000000,
2026-07-05 12:00:00.000,140666280.00000000,
2026-07-05 13:00:00.000,139410546.00000000,
2026-07-05 14:00:00.000,139250846.00000000,
2026-07-05 15:00:00.000,139153620.00000000,
2026-07-05 16:00:00.000,138802634.00000000,
2026-07-05 17:00:00.000,138742806.00000000,
2026-07-05 18:00:00.000,138611662.00000000,
2026-07-05 19:00:00.000,138558742.00000000,
2026-07-05 20:00:00.000,138446880.00000000,
2026-07-05 21:00:00.000,141141126.00000000,
2026-07-05 22:00:00.000,136839240.00000000,
2026-07-05 23:00:00.000,136232268.00000000,
2026-07-06 00:00:00.000,136138876.00000000,
2026-07-06 01:00:00.000,136474810.00000000,
2026-07-06 02:00:00.000,136698572.00000000,
2026-07-06 03:00:00.000,136531138.00000000,
2026-07-06 04:00:00.000,136464060.00000000,
2026-07-06 05:00:00.000,136556176.00000000,
2026-07-06 06:00:00.000,136073524.00000000,
2026-07-06 07:00:00.000,136244976.00000000,
2026-07-06 08:00:00.000,136280496.00000000,
2026-07-06 09:00:00.000,136014264.00000000,
2026-07-06 10:00:00.000,136716500.00000000,
2026-07-06 11:00:00.000,136584674.00000000,
2026-07-06 12:00:00.000,136357133.00000000,
2026-07-06 13:00:00.000,135019196.00000000,
2026-07-06 14:00:00.000,134787346.00000000,
2026-07-06 15:00:00.000,134946840.00000000,
2026-07-06 16:00:00.000,136201960.00000000,
2026-07-06 17:00:00.000,135163510.00000000,
2026-07-06 18:00:00.000,134920938.00000000,
2026-07-06 19:00:00.000,135514810.00000000,
2026-07-06 20:00:00.000,135650568.00000000,
2026-07-06 21:00:00.000,135626930.00000000,
2026-07-06 22:00:00.000,135270744.00000000,
2026-07-06 23:00:00.000,135241314.00000000,
2026-07-07 00:00:00.000,135183566.00000000,
2026-07-07 01:00:00.000,137759020.00000000,
2026-07-07 02:00:00.000,137541748.00000000,
2026-07-07 03:00:00.000,137682332.00000000,
2026-07-07 04:00:00.000,137313784.00000000,
2026-07-07 05:00:00.000,137227968.00000000,
2026-07-07 06:00:00.000,136779308.00000000,
2026-07-07 07:00:00.000,132967916.00000000,
2026-07-07 08:00:00.000,133026228.00000000,
2026-07-07 09:00:00.000,132518000.00000000,
2026-07-07 10:00:00.000,132261561.00000000,
2026-07-07 11:00:00.000,132587206.00000000,
2026-07-07 12:00:00.000,132374660.00000000,
2026-07-07 13:00:00.000,136482512.00000000,
2026-07-07 14:00:00.000,135835277.00000000,
2026-07-07 15:00:00.000,135941556.00000000,
2026-07-07 16:00:00.000,136788120.00000000,
2026-07-07 17:00:00.000,136790982.00000000,
2026-07-07 18:00:00.000,136741908.00000000,
2026-07-07 19:00:00.000,142243448.00000000,
2026-07-07 20:00:00.000,142564504.00000000,
2026-07-07 21:00:00.000,143264404.00000000,
2026-07-07 22:00:00.000,145025648.00000000,
2026-07-07 23:00:00.000,146476372.00000000,
2026-07-08 00:00:00.000,146622098.00000000,
2026-07-08 01:00:00.000,146035504.00000000,
2026-07-08 02:00:00.000,145669030.00000000,
2026-07-08 03:00:00.000,145814900.00000000,
2026-07-08 04:00:00.000,146573154.00000000,
2026-07-08 05:00:00.000,146578204.00000000,
2026-07-08 06:00:00.000,146466732.00000000,
2026-07-08 07:00:00.000,146417072.00000000,
2026-07-08 08:00:00.000,146198984.00000000,
2026-07-08 09:00:00.000,144977370.00000000,
2026-07-08 10:00:00.000,145198234.00000000,
2026-07-08 11:00:00.000,144922210.00000000,
2026-07-08 12:00:00.000,144583368.00000000,
2026-07-08 13:00:00.000,143847010.00000000,
2026-07-08 14:00:00.000,143351112.00000000,
2026-07-08 15:00:00.000,143350492.00000000,
2026-07-08 16:00:00.000,142271040.00000000,
2026-07-08 17:00:00.000,142845804.00000000,
2026-07-08 18:00:00.000,142886018.00000000,
2026-07-08 19:00:00.000,142889798.00000000,
2026-07-08 20:00:00.000,143221106.00000000,
2026-07-08 21:00:00.000,143290758.00000000,
2026-07-08 22:00:00.000,142965865.00000000,
2026-07-08 23:00:00.000,143055334.00000000,
2026-07-09 00:00:00.000,142816068.00000000,
2026-07-09 01:00:00.000,146047274.00000000,
2026-07-09 02:00:00.000,146517580.00000000,
2026-07-09 03:00:00.000,146645966.00000000,
2026-07-09 04:00:00.000,146370030.00000000,
2026-07-09 05:00:00.000,146391436.00000000,
2026-07-09 06:00:00.000,146423838.00000000,
2026-07-09 07:00:00.000,145245288.00000000,
2026-07-09 08:00:00.000,145216536.00000000,
2026-07-09 09:00:00.000,145248378.00000000,
2026-07-09 10:00:00.000,145408940.00000000,
2026-07-09 11:00:00.000,145352366.00000000,
2026-07-09 12:00:00.000,145510082.00000000,
2026-07-09 13:00:00.000,146059246.00000000,
2026-07-09 14:00:00.000,146056506.00000000,
2026-07-09 15:00:00.000,145928404.00000000,
2026-07-09 16:00:00.000,146077146.00000000,
2026-07-09 17:00:00.000,148184956.00000000,
2026-07-09 18:00:00.000,148125374.00000000,
2026-07-09 19:00:00.000,147718198.00000000,
2026-07-09 20:00:00.000,147353442.00000000,
2026-07-09 21:00:00.000,147421330.00000000,
2026-07-09 22:00:00.000,146067502.00000000,
2026-07-09 23:00:00.000,146223106.00000000,
2026-07-10 00:00:00.000,146011598.00000000,
2026-07-10 01:00:00.000,145324397.00000000,
2026-07-10 02:00:00.000,145393024.00000000,
2026-07-10 03:00:00.000,145314600.00000000,
2026-07-10 04:00:00.000,145116090.00000000,
2026-07-10 05:00:00.000,145138036.00000000,
2026-07-10 06:00:00.000,145185002.00000000,
2026-07-10 07:00:00.000,145308280.00000000,
2026-07-10 08:00:00.000,144455832.00000000,
2026-07-10 09:00:00.000,145416258.00000000,
2026-07-10 10:00:00.000,145372562.00000000,
2026-07-10 11:00:00.000,145796820.00000000,
2026-07-10 12:00:00.000,146815412.00000000,
2026-07-10 13:00:00.000,147169090.00000000,
2026-07-10 14:00:00.000,148181842.00000000,
2026-07-10 15:00:00.000,149912422.00000000,
2026-07-10 16:00:00.000,150272678.00000000,
2026-07-10 17:00:00.000,151411865.00000000,
2026-07-10 18:00:00.000,152631590.00000000,
2026-07-10 19:00:00.000,153771388.00000000,
2026-07-10 20:00:00.000,153869188.00000000,
2026-07-10 21:00:00.000,154240212.00000000,
2026-07-10 22:00:00.000,154382434.00000000,
2026-07-10 23:00:00.000,154558322.00000000,
2026-07-11 00:00:00.000,154723850.00000000,
2026-07-11 01:00:00.000,156304252.00000000,
2026-07-11 02:00:00.000,156362948.00000000,
2026-07-11 03:00:00.000,156311792.00000000,
2026-07-11 04:00:00.000,156475662.00000000,
2026-07-11 05:00:00.000,156484372.00000000,
2026-07-11 06:00:00.000,156691710.00000000,
2026-07-11 07:00:00.000,156747922.00000000,
2026-07-11 08:00:00.000,157089418.00000000,
2026-07-11 09:00:00.000,157263056.00000000,
2026-07-11 10:00:00.000,157262988.00000000,
2026-07-11 11:00:00.000,157928508.00000000,
2026-07-11 12:00:00.000,157949518.00000000,
2026-07-11 13:00:00.000,158577758.00000000,
2026-07-11 14:00:00.000,158283798.00000000,
2026-07-11 15:00:00.000,158663988.00000000,
2026-07-11 16:00:00.000,158418894.00000000,
2026-07-11 17:00:00.000,158812758.00000000,
2026-07-11 18:00:00.000,158864468.00000000,
2026-07-11 19:00:00.000,161639692.00000000,
2026-07-11 20:00:00.000,161739208.00000000,
2026-07-11 21:00:00.000,161681746.00000000,
2026-07-11 22:00:00.000,161002328.00000000,
2026-07-11 23:00:00.000,161074418.00000000,
2026-07-12 00:00:00.000,160823546.00000000,
2026-07-12 01:00:00.000,162680368.00000000,
2026-07-12 02:00:00.000,162733996.00000000,
2026-07-12 03:00:00.000,162749877.00000000,
2026-07-12 04:00:00.000,162914286.00000000,
2026-07-12 05:00:00.000,162943784.00000000,
2026-07-12 06:00:00.000,163043138.00000000,
2026-07-12 07:00:00.000,160115294.00000000,
2026-07-12 08:00:00.000,160582914.00000000,
2026-07-12 09:00:00.000,160752628.00000000,
2026-07-12 10:00:00.000,160777522.00000000,
2026-07-12 11:00:00.000,160831378.00000000,
2026-07-12 12:00:00.000,160896352.00000000,
2026-07-12 13:00:00.000,161066925.00000000,
2026-07-12 14:00:00.000,162255298.00000000,
2026-07-12 15:00:00.000,163990566.00000000,
2026-07-12 16:00:00.000,164333310.00000000,
2026-07-12 17:00:00.000,164531416.00000000,
2026-07-12 18:00:00.000,164631566.00000000,
2026-07-12 19:00:00.000,166107808.00000000,
2026-07-12 20:00:00.000,166465774.00000000,
2026-07-12 21:00:00.000,165493040.00000000,
2026-07-12 22:00:00.000,165241278.00000000,
2026-07-12 23:00:00.000,165233718.00000000,
2026-07-13 00:00:00.000,165346108.00000000,
2026-07-13 01:00:00.000,164464160.00000000,
2026-07-13 02:00:00.000,164520938.00000000,
2026-07-13 03:00:00.000,163283962.00000000,
2026-07-13 04:00:00.000,162919026.00000000,
2026-07-13 05:00:00.000,162863830.00000000,
2026-07-13 06:00:00.000,163348576.00000000,
2026-07-13 07:00:00.000,163395682.00000000,
2026-07-13 08:00:00.000,163694012.00000000,
2026-07-13 09:00:00.000,163928461.00000000,
2026-07-13 10:00:00.000,164156938.00000000,
2026-07-13 11:00:00.000,164766634.00000000,
2026-07-13 12:00:00.000,165709130.00000000,
2026-07-13 13:00:00.000,166609350.00000000,
2026-07-13 14:00:00.000,165818038.00000000,
2026-07-13 15:00:00.000,165013280.00000000,
2026-07-13 16:00:00.000,165015328.00000000,
2026-07-13 17:00:00.000,164683826.00000000,
2026-07-13 18:00:00.000,165163964.00000000,
2026-07-13 19:00:00.000,164846554.00000000,
2026-07-13 20:00:00.000,164851354.00000000,
2026-07-13 21:00:00.000,164981334.00000000,
2026-07-13 22:00:00.000,163446770.00000000,
2026-07-13 23:00:00.000,162858924.00000000,
2026-07-14 00:00:00.000,162754692.00000000,
2026-07-14 01:00:00.000,162513088.00000000,
2026-07-14 02:00:00.000,161885754.00000000,
2026-07-14 03:00:00.000,160912402.00000000,
2026-07-14 04:00:00.000,160725113.00000000,
2026-07-14 05:00:00.000,160406968.00000000,
2026-07-14 06:00:00.000,160047830.00000000,
2026-07-14 07:00:00.000,159890068.00000000,
2026-07-14 08:00:00.000,159752465.00000000,
2026-07-14 09:00:00.000,159636026.00000000,
2026-07-14 10:00:00.000,158074956.00000000,
2026-07-14 11:00:00.000,157632114.00000000,
2026-07-14 12:00:00.000,157088048.00000000,
2026-07-14 13:00:00.000,158126602.00000000,
2026-07-14 14:00:00.000,158146518.00000000,
2026-07-14 15:00:00.000,157944068.00000000,
2026-07-14 16:00:00.000,158017078.00000000,
2026-07-14 17:00:00.000,157972426.00000000,
2026-07-14 18:00:00.000,158227346.00000000,
2026-07-14 19:00:00.000,157901908.00000000,
2026-07-14 20:00:00.000,157723864.00000000,
2026-07-14 21:00:00.000,157838230.00000000,
2026-07-14 22:00:00.000,157426586.00000000,
2026-07-14 23:00:00.000,157228714.00000000,
2026-07-15 00:00:00.000,156804032.00000000,
2026-07-15 01:00:00.000,156194832.00000000,
2026-07-15 02:00:00.000,156461356.00000000,
2026-07-15 03:00:00.000,156600064.00000000,
2026-07-15 04:00:00.000,156553612.00000000,
2026-07-15 05:00:00.000,156475440.00000000,
2026-07-15 06:00:00.000,157249454.00000000,
2026-07-15 07:00:00.000,158390972.00000000,
2026-07-15 08:00:00.000,158344212.00000000,
2026-07-15 09:00:00.000,158056820.00000000,
2026-07-15 10:00:00.000,157842248.00000000,
2026-07-15 11:00:00.000,158414344.00000000,
2026-07-15 12:00:00.000,158188410.00000000,
2026-07-15 13:00:00.000,158968259.00000000,
2026-07-15 14:00:00.000,158257332.00000000,
2026-07-15 15:00:00.000,157708982.00000000,
2026-07-15 16:00:00.000,157560362.00000000,
2026-07-15 17:00:00.000,157480598.00000000,
2026-07-15 18:00:00.000,157427748.00000000,
2026-07-15 19:00:00.000,158914542.00000000,
2026-07-15 20:00:00.000,157249176.00000000,
2026-07-15 21:00:00.000,157384506.00000000,
2026-07-15 22:00:00.000,156772914.00000000,
2026-07-15 23:00:00.000,155976810.00000000,
2026-07-16 00:00:00.000,155700350.00000000,
2026-07-16 01:00:00.000,153756805.00000000,
2026-07-16 02:00:00.000,153509612.00000000,
2026-07-16 03:00:00.000,153392632.00000000,
2026-07-16 04:00:00.000,152949966.00000000,
2026-07-16 05:00:00.000,153080086.00000000,
2026-07-16 06:00:00.000,152240925.00000000,
2026-07-16 07:00:00.000,151835108.00000000,
2026-07-16 08:00:00.000,151943402.00000000,
2026-07-16 09:00:00.000,151787084.00000000,
2026-07-16 10:00:00.000,151794386.00000000,
2026-07-16 11:00:00.000,152104772.00000000,
2026-07-16 12:00:00.000,153010602.00000000,
2026-07-16 13:00:00.000,152876817.00000000,
2026-07-16 14:00:00.000,152842316.00000000,
2026-07-16 15:00:00.000,152194794.00000000,
2026-07-16 16:00:00.000,150702852.00000000,
2026-07-16 17:00:00.000,151670488.00000000,
2026-07-16 18:00:00.000,151578297.00000000,
2026-07-16 19:00:00.000,151384302.00000000,
2026-07-16 20:00:00.000,151156750.00000000,
2026-07-16 21:00:00.000,149976440.00000000,
2026-07-16 22:00:00.000,149658142.00000000,
2026-07-16 23:00:00.000,149353980.00000000,
2026-07-17 00:00:00.000,149030586.00000000,
2026-07-17 01:00:00.000,149560718.00000000,
2026-07-17 02:00:00.000,149321399.00000000,
2026-07-17 03:00:00.000,149081852.00000000,
2026-07-17 04:00:00.000,148878990.00000000,
2026-07-17 05:00:00.000,148833226.00000000,
2026-07-17 06:00:00.000,148562716.00000000,
2026-07-17 07:00:00.000,152964348.00000000,
2026-07-17 08:00:00.000,152348730.00000000,
2026-07-17 09:00:00.000,152202048.00000000,
2026-07-17 10:00:00.000,152614152.00000000,
2026-07-17 11:00:00.000,152381238.00000000,
2026-07-17 12:00:00.000,152626296.00000000,
2026-07-17 13:00:00.000,153043816.00000000,
2026-07-17 14:00:00.000,152449554.00000000,
2026-07-17 15:00:00.000,151536724.00000000,
2026-07-17 16:00:00.000,151584442.00000000,
2026-07-17 17:00:00.000,151098600.00000000,
2026-07-17 18:00:00.000,149817824.00000000,
2026-07-17 19:00:00.000,148736254.00000000,
2026-07-17 20:00:00.000,148373415.00000000,
2026-07-17 21:00:00.000,148154096.00000000,
2026-07-17 22:00:00.000,147633048.00000000,
2026-07-17 23:00:00.000,147689028.00000000,
2026-07-18 00:00:00.000,147227954.00000000,
2026-07-18 01:00:00.000,147743452.00000000,
2026-07-18 02:00:00.000,147655334.00000000,
2026-07-18 03:00:00.000,147345978.00000000,
2026-07-18 04:00:00.000,147145666.00000000,
2026-07-18 05:00:00.000,147058740.00000000,
2026-07-18 06:00:00.000,146976556.00000000,
2026-07-18 07:00:00.000,151569288.00000000,
2026-07-18 08:00:00.000,150837732.00000000,
2026-07-18 09:00:00.000,152498872.00000000,
2026-07-18 10:00:00.000,151300698.00000000,
2026-07-18 11:00:00.000,150972410.00000000,
2026-07-18 12:00:00.000,150808818.00000000,
2026-07-18 13:00:00.000,150343906.00000000,
2026-07-18 14:00:00.000,150176676.00000000,
2026-07-18 15:00:00.000,149780234.00000000,
2026-07-18 16:00:00.000,151503608.00000000,
2026-07-18 17:00:00.000,150642714.00000000,
2026-07-18 18:00:00.000,150524826.00000000,
2026-07-18 19:00:00.000,150181002.00000000,
2026-07-18 20:00:00.000,149914542.00000000,
2026-07-18 21:00:00.000,149644670.00000000,
2026-07-18 22:00:00.000,148841858.00000000,
2026-07-18 23:00:00.000,148651342.00000000,
2026-07-19 00:00:00.000,148521348.00000000,
2026-07-19 01:00:00.000,148383084.00000000,
2026-07-19 02:00:00.000,148043398.00000000,
2026-07-19 03:00:00.000,147905130.00000000,
2026-07-19 04:00:00.000,148359836.00000000,
2026-07-19 05:00:00.000,148517506.00000000,
2026-07-19 06:00:00.000,148436098.00000000,
2026-07-19 07:00:00.000,148208128.00000000,
2026-07-19 08:00:00.000,147959002.00000000,
2026-07-19 09:00:00.000,147577880.00000000,
2026-07-19 10:00:00.000,147548428.00000000,
2026-07-19 11:00:00.000,147456114.00000000,
2026-07-19 12:00:00.000,147786586.00000000,
2026-07-19 13:00:00.000,148039022.00000000,
2026-07-19 14:00:00.000,147995804.00000000,
2026-07-19 15:00:00.000,148250842.00000000,
2026-07-19 16:00:00.000,148205984.00000000,
2026-07-19 17:00:00.000,147585280.00000000,
2026-07-19 18:00:00.000,148015304.00000000,
2026-07-19 19:00:00.000,147874086.00000000,
2026-07-19 20:00:00.000,148036496.00000000,
2026-07-19 21:00:00.000,148049474.00000000,
2026-07-19 22:00:00.000,147782388.00000000,
2026-07-19 23:00:00.000,147747944.00000000,
2026-07-20 00:00:00.000,147860964.00000000,
2026-07-20 01:00:00.000,147651416.00000000,
2026-07-20 02:00:00.000,147673440.00000000,
2026-07-20 03:00:00.000,147665444.00000000,
2026-07-20 04:00:00.000,147562054.00000000,
2026-07-20 05:00:00.000,147763140.00000000,
2026-07-20 06:00:00.000,147737506.00000000,
2026-07-20 07:00:00.000,147372508.00000000,
2026-07-20 08:00:00.000,147724935.00000000,
2026-07-20 09:00:00.000,147618840.00000000,
2026-07-20 10:00:00.000,147455004.00000000,
2026-07-20 11:00:00.000,147252810.00000000,
2026-07-20 12:00:00.000,147193174.00000000,
2026-07-20 13:00:00.000,147695352.00000000,
2026-07-20 14:00:00.000,147037354.00000000,
2026-07-20 15:00:00.000,146949040.00000000,
2026-07-20 16:00:00.000,147289480.00000000,
2026-07-20 17:00:00.000,146536630.00000000,
2026-07-20 18:00:00.000,146263218.00000000,
2026-07-20 19:00:00.000,146489092.00000000,
2026-07-20 20:00:00.000,146581828.00000000,
2026-07-20 21:00:00.000,147236352.00000000,
2026-07-20 22:00:00.000,146951700.00000000,
2026-07-20 23:00:00.000,146965258.00000000,
2026-07-21 00:00:00.000,146860998.00000000,
2026-07-21 01:00:00.000,146522672.00000000,
2026-07-21 02:00:00.000,146631662.00000000,
2026-07-21 03:00:00.000,146756582.00000000,
2026-07-21 04:00:00.000,146775368.00000000,
2026-07-21 05:00:00.000,146885248.00000000,
2026-07-21 06:00:00.000,146481532.00000000,
2026-07-21 07:00:00.000,147180460.00000000,
2026-07-21 08:00:00.000,147452814.00000000,
2026-07-21 09:00:00.000,147828554.00000000,
2026-07-21 10:00:00.000,148216672.00000000,
2026-07-21 11:00:00.000,148839082.00000000,
2026-07-21 12:00:00.000,147708834.00000000,
2026-07-21 13:00:00.000,148988876.00000000,
2026-07-21 14:00:00.000,148200564.00000000,
2026-07-21 15:00:00.000,147378924.00000000,
2026-07-21 16:00:00.000,146987898.00000000,
2026-07-21 17:00:00.000,148048632.00000000,
2026-07-21 18:00:00.000,147791970.00000000,
2026-07-21 19:00:00.000,148083860.00000000,
2026-07-21 20:00:00.000,148793032.00000000,
2026-07-21 21:00:00.000,148820906.00000000,
2026-07-21 22:00:00.000,147602796.00000000,
2026-07-21 23:00:00.000,147506364.00000000,
2026-07-22 00:00:00.000,147628760.00000000,
2026-07-22 01:00:00.000,146924398.00000000,
2026-07-22 02:00:00.000,146990232.00000000,
2026-07-22 03:00:00.000,146880850.00000000,
2026-07-22 04:00:00.000,146738842.00000000,
2026-07-22 05:00:00.000,146691600.00000000,
2026-07-22 06:00:00.000,146831260.00000000,
2026-07-22 07:00:00.000,146881348.00000000,
2026-07-22 08:00:00.000,146807546.00000000,
2026-07-22 09:00:00.000,146824330.00000000,
2026-07-22 10:00:00.000,146728583.00000000,
2026-07-22 11:00:00.000,146988934.00000000,
2026-07-22 12:00:00.000,147796412.00000000,
2026-07-22 13:00:00.000,148678580.00000000,
2026-07-22 14:00:00.000,148549800.00000000,
2026-07-22 15:00:00.000,149739570.00000000,
2026-07-22 16:00:00.000,149540146.00000000,
2026-07-22 17:00:00.000,149532156.00000000,
2026-07-22 18:00:00.000,149458692.00000000,
2026-07-22 19:00:00.000,149503984.00000000,
2026-07-22 20:00:00.000,148962290.00000000,
2026-07-22 21:00:00.000,149538470.00000000,
2026-07-22 22:00:00.000,148681705.00000000,
2026-07-22 23:00:00.000,148297300.00000000,
2026-07-23 00:00:00.000,148434726.00000000,
2026-07-23 01:00:00.000,149564341.00000000,
2026-07-23 02:00:00.000,149441342.00000000,
2026-07-23 03:00:00.000,149298402.00000000,
2026-07-23 04:00:00.000,149746056.00000000,
2026-07-23 05:00:00.000,149848610.00000000,
2026-07-23 06:00:00.000,149628208.00000000,
2026-07-23 07:00:00.000,149659290.00000000,
2026-07-23 08:00:00.000,149257592.00000000,
2026-07-23 09:00:00.000,149030604.00000000,
2026-07-23 10:00:00.000,148944246.00000000,
2026-07-23 11:00:00.000,148772563.00000000,
2026-07-23 12:00:00.000,147739468.00000000,
2026-07-23 13:00:00.000,148276694.00000000,
2026-07-23 14:00:00.000,148491650.00000000,
2026-07-23 15:00:00.000,149452744.00000000,
2026-07-23 16:00:00.000,151627641.00000000,
2026-07-23 17:00:00.000,150913970.00000000,
2026-07-23 18:00:00.000,151191518.00000000,
2026-07-23 19:00:00.000,151261840.00000000,
2026-07-23 20:00:00.000,151177841.00000000,
2026-07-23 21:00:00.000,151097303.00000000,
2026-07-23 22:00:00.000,149939928.00000000,
2026-07-23 23:00:00.000,150109908.00000000,
2026-07-24 00:00:00.000,150532335.00000000,
2026-07-24 01:00:00.000,150285213.00000000,
2026-07-24 02:00:00.000,150225504.00000000,
2026-07-24 03:00:00.000,150013198.00000000,
2026-07-24 04:00:00.000,150022884.00000000,
2026-07-24 05:00:00.000,149979780.00000000,
2026-07-24 06:00:00.000,150093764.00000000,
2026-07-24 07:00:00.000,149488416.00000000,
2026-07-24 08:00:00.000,149958976.00000000,
2026-07-24 09:00:00.000,149741856.00000000,
2026-07-24 10:00:00.000,149042634.00000000,
2026-07-24 11:00:00.000,148996210.00000000,
2026-07-24 12:00:00.000,148403106.00000000,
2026-07-24 13:00:00.000,147166912.00000000,
2026-07-24 14:00:00.000,147229242.00000000,
2026-07-24 15:00:00.000,146624954.00000000,
2026-07-24 16:00:00.000,145397568.00000000,
2026-07-24 17:00:00.000,144779194.00000000,
2026-07-24 18:00:00.000,144859166.00000000,
2026-07-24 19:00:00.000,146143058.00000000,
2026-07-24 20:00:00.000,145625756.00000000,
2026-07-24 21:00:00.000,145187478.00000000,
2026-07-24 22:00:00.000,144428840.00000000,
2026-07-24 23:00:00.000,144673652.00000000,
2026-07-25 00:00:00.000,144805200.00000000,
2026-07-25 01:00:00.000,144936068.00000000,
2026-07-25 02:00:00.000,144983696.00000000,
2026-07-25 03:00:00.000,144977198.00000000,
2026-07-25 04:00:00.000,144912658.00000000,
2026-07-25 05:00:00.000,145121228.00000000,
2026-07-25 06:00:00.000,145064278.00000000,
2026-07-25 07:00:00.000,145082664.00000000,
2026-07-25 08:00:00.000,145050466.00000000,
2026-07-25 09:00:00.000,146253830.00000000,
2026-07-25 10:00:00.000,146024534.00000000,
2026-07-25 11:00:00.000,146302940.00000000,
2026-07-25 12:00:00.000,146548714.00000000,
2026-07-25 13:00:00.000,147645700.00000000,
2026-07-25 14:00:00.000,147543620.00000000,
2026-07-25 15:00:00.000,147467578.00000000,
2026-07-25 16:00:00.000,147305130.00000000,
2026-07-25 17:00:00.000,147449966.00000000,
2026-07-25 18:00:00.000,147329070.00000000,
2026-07-25 19:00:00.000,147236488.00000000,
2026-07-25 20:00:00.000,147253960.00000000,
2026-07-25 21:00:00.000,147251008.00000000,
2026-07-25 22:00:00.000,145028182.00000000,
2026-07-25 23:00:00.000,145453590.00000000,
2026-07-26 00:00:00.000,145249582.00000000,
2026-07-26 01:00:00.000,145085230.00000000,
2026-07-26 02:00:00.000,144912462.00000000,
2026-07-26 03:00:00.000,144736428.00000000,
2026-07-26 04:00:00.000,144608822.00000000,
2026-07-26 05:00:00.000,144354794.00000000,
2026-07-26 06:00:00.000,144228116.00000000,
2026-07-26 07:00:00.000,144171864.00000000,
2026-07-26 08:00:00.000,144091838.00000000,
2026-07-26 09:00:00.000,144871966.00000000,
2026-07-26 10:00:00.000,145170190.00000000,
2026-07-26 11:00:00.000,145208248.00000000,
2026-07-26 12:00:00.000,145153842.00000000,
2026-07-26 13:00:00.000,145140240.00000000,
2026-07-26 14:00:00.000,145765850.00000000,
2026-07-26 15:00:00.000,145647088.00000000,
2026-07-26 16:00:00.000,145502758.00000000,
2026-07-26 17:00:00.000,144288632.00000000,
2026-07-26 18:00:00.000,144226922.00000000,
2026-07-26 19:00:00.000,144228160.00000000,
2026-07-26 20:00:00.000,144343444.00000000,
2026-07-26 21:00:00.000,144339604.00000000,
2026-07-26 22:00:00.000,143413590.00000000,
2026-07-26 23:00:00.000,142845590.00000000,
2026-07-27 00:00:00.000,143153416.00000000,
2026-07-27 01:00:00.000,144520458.00000000,
2026-07-27 02:00:00.000,144539560.00000000,
2026-07-27 03:00:00.000,144328406.00000000,
2026-07-27 04:00:00.000,144123468.00000000,
2026-07-27 05:00:00.000,143859614.00000000,
2026-07-27 06:00:00.000,143920423.00000000,
2026-07-27 07:00:00.000,144166177.00000000,
2026-07-27 08:00:00.000,144027271.00000000,
2026-07-27 09:00:00.000,143424788.00000000,
2026-07-27 10:00:00.000,142670506.00000000,
2026-07-27 11:00:00.000,143210380.00000000,
2026-07-27 12:00:00.000,143617572.00000000,
2026-07-27 13:00:00.000,143402094.00000000,
2026-07-27 14:00:00.000,143407678.00000000,
2026-07-27 15:00:00.000,142591614.00000000,
2026-07-27 16:00:00.000,143034221.00000000,
2026-07-27 17:00:00.000,144005674.00000000,
2026-07-27 18:00:00.000,143872659.00000000,
2026-07-27 19:00:00.000,144014074.00000000,
2026-07-27 20:00:00.000,145131390.00000000,
2026-07-27 21:00:00.000,146375554.00000000,
2026-07-27 22:00:00.000,145318786.00000000,
2026-07-27 23:00:00.000,144353124.00000000,
2026-07-28 00:00:00.000,144236154.00000000,
2026-07-28 01:00:00.000,144800024.00000000,
2026-07-28 02:00:00.000,144990860.00000000,
2026-07-28 03:00:00.000,146639558.00000000,
2026-07-28 04:00:00.000,146502142.00000000,
2026-07-28 05:00:00.000,146579826.00000000,
2026-07-28 06:00:00.000,146164556.00000000,
2026-07-28 07:00:00.000,145611432.00000000,
2026-07-28 08:00:00.000,145532370.00000000,
2026-07-28 09:00:00.000,147025092.00000000,
2026-07-28 10:00:00.000,146817194.00000000,
2026-07-28 11:00:00.000,146325190.00000000,
2026-07-28 12:00:00.000,146842319.00000000,
2026-07-28 13:00:00.000,146405499.00000000,
2026-07-28 14:00:00.000,146031092.00000000,
2026-07-28 15:00:00.000,145896190.00000000,
2026-07-28 16:00:00.000,146044426.00000000,
2026-07-28 17:00:00.000,146371420.00000000,
2026-07-28 18:00:00.000,145380547.00000000,
2026-07-28 19:00:00.000,145951518.00000000,
2026-07-28 20:00:00.000,146053570.00000000,
2026-07-28 21:00:00.000,145860094.00000000,
2026-07-28 22:00:00.000,145410726.00000000,
2026-07-28 23:00:00.000,145260828.00000000,
2026-07-29 00:00:00.000,145539884.00000000,
2026-07-29 01:00:00.000,145017006.00000000,
2026-07-29 02:00:00.000,146053494.00000000,
2026-07-29 03:00:00.000,145781700.00000000,
2026-07-29 04:00:00.000,145526374.00000000,
2026-07-29 05:00:00.000,145935932.00000000,
2026-07-29 06:00:00.000,146313180.00000000,
2026-07-29 07:00:00.000,146986666.00000000,
2026-07-29 08:00:00.000,146820058.00000000,
2026-07-29 09:00:00.000,147336576.00000000,
2026-07-29 10:00:00.000,147160334.00000000,
2026-07-29 11:00:00.000,147077386.00000000,
2026-07-29 12:00:00.000,146920102.00000000,
2026-07-29 13:00:00.000,147215168.00000000,
2026-07-29 14:00:00.000,145937143.00000000,
2026-07-29 15:00:00.000,145903082.00000000,
2026-07-29 16:00:00.000,147231652.00000000,
2026-07-29 17:00:00.000,147717380.00000000,
2026-07-29 18:00:00.000,147615532.00000000,
2026-07-29 19:00:00.000,147446362.00000000,
2026-07-29 20:00:00.000,147001202.00000000,
2026-07-29 21:00:00.000,147067494.00000000,
2026-07-29 22:00:00.000,146866330.00000000,
2026-07-29 23:00:00.000,147089986.00000000,
2026-07-30 00:00:00.000,147519020.00000000,
2026-07-30 01:00:00.000,146970206.00000000,
2026-07-30 02:00:00.000,146933174.00000000,
2026-07-30 03:00:00.000,147435570.00000000,
2026-07-30 04:00:00.000,147572650.00000000,
2026-07-30 05:00:00.000,147576410.00000000,
2026-07-30 06:00:00.000,147764934.00000000,
2026-07-30 07:00:00.000,148062587.00000000,
2026-07-30 08:00:00.000,147556239.00000000,
2026-07-30 09:00:00.000,147682696.00000000,
2026-07-30 10:00:00.000,147959714.00000000,
2026-07-30 11:00:00.000,149256924.00000000,
2026-07-30 12:00:00.000,150390210.00000000,
2026-07-30 13:00:00.000,149903882.00000000,
2026-07-30 14:00:00.000,151380694.00000000,
2026-07-30 15:00:00.000,151448639.00000000,
2026-07-30 16:00:00.000,151562318.00000000,
2026-07-30 17:00:00.000,151034114.00000000,
2026-07-30 18:00:00.000,151108214.00000000,
2026-07-30 19:00:00.000,151300774.00000000,
2026-07-30 20:00:00.000,151439796.00000000,
2026-07-30 21:00:00.000,151377820.00000000,
2026-07-30 22:00:00.000,151352218.00000000,
2026-07-30 23:00:00.000,151481856.00000000,
2026-07-31 00:00:00.000,151372660.00000000,
2026-07-31 01:00:00.000,151666978.00000000,
2026-07-31 02:00:00.000,150772190.00000000,
2026-07-31 03:00:00.000,151222992.00000000,
2026-07-31 04:00:00.000,151219998.00000000,
2026-07-31 05:00:00.000,151184964.00000000,
2026-07-31 06:00:00.000,151339744.00000000,
2026-07-31 07:00:00.000,151107916.00000000,
2026-07-31 08:00:00.000,151491870.00000000,
2026-07-31 09:00:00.000,151229886.00000000,
2026-07-31 10:00:00.000,151145950.00000000,
2026-07-31 11:00:00.000,151129092.00000000,
2026-07-31 12:00:00.000,150947250.00000000,
2026-07-31 13:00:00.000,151288078.00000000,
2026-07-31 14:00:00.000,151173662.00000000,
2026-07-31 15:00:00.000,151129864.00000000,
2026-07-31 16:00:00.000,150148752.00000000,
2026-07-31 17:00:00.000,150461694.00000000,
2026-07-31 18:00:00.000,150739016.00000000,
2026-07-31 19:00:00.000,150774635.00000000,
2026-07-31 20:00:00.000,150689862.00000000,
2026-07-31 21:00:00.000,149589758.00000000,
2026-07-31 22:00:00.000,149198192.00000000,
2026-07-31 23:00:00.000,149155490.00000000,
2026-08-01 00:00:00.000,149191074.00000000,
2026-08-01 01:00:00.000,148383322.00000000,
2026-08-01 02:00:00.000,148105178.00000000,
2026-08-01 03:00:00.000,148137520.00000000,
2026-08-01 04:00:00.000,148134548.00000000,
2026-08-01 05:00:00.000,148099538.00000000,
2026-08-01 06:00:00.000,148398578.00000000,
2026-08-01 07:00:00.000,148517383.00000000,
2026-08-01 08:00:00.000,148366196.00000000,
2026-08-01 09:00:00.000,147947428.00000000,
2026-08-01 10:00:00.000,146053859.00000000,
2026-08-01 11:00:00.000,146009002.00000000,
2026-08-01 12:00:00.000,146138524.00000000,
2026-08-01 13:00:00.000,145828474.00000000,
2026-08-01 14:00:00.000,147425252.00000000,
2026-08-01 15:00:00.000,147395302.00000000,
2026-08-01 16:00:00.000,147299974.00000000,
2026-08-01 17:00:00.000,147027172.00000000,
2026-08-01 18:00:00.000,147789446.00000000,
2026-08-01 19:00:00.000,147482990.00000000,
2026-08-01 20:00:00.000,147194086.00000000,
2026-08-01 21:00:00.000,147210794.00000000,
2026-08-01 22:00:00.000,146984574.00000000,
2026-08-01 23:00:00.000,147038274.00000000,
2026-08-02 00:00:00.000,147821850.00000000,
2026-08-02 01:00:00.000,148254942.00000000,
2026-08-02 02:00:00.000,148259750.00000000,
2026-08-02 03:00:00.000,148202954.00000000,
2026-08-02 04:00:00.000,148140838.00000000,
2026-08-02 05:00:00.000,147934452.00000000,
2026-08-02 06:00:00.000,148805610.00000000,
2026-08-02 07:00:00.000,149058640.00000000,
2026-08-02 08:00:00.000,148667624.00000000,
2026-08-02 09:00:00.000,150174054.00000000,
2026-08-02 10:00:00.000,150934036.00000000,
2026-08-02 11:00:00.000,151256854.00000000,
2026-08-02 12:00:00.000,151200822.00000000,
2026-08-02 13:00:00.000,151066908.00000000,
2026-08-02 14:00:00.000,151212996.00000000,
2026-08-02 15:00:00.000,151400456.00000000,
2026-08-02 16:00:00.000,153096886.00000000,
2026-08-02 17:00:00.000,152012208.00000000,
2026-08-02 18:00:00.000,150539690.00000000,
2026-08-02 19:00:00.000,150404556.00000000,
2026-08-02 20:00:00.000,150430920.00000000,
2026-08-02 21:00:00.000,150437894.00000000,
2026-08-02 22:00:00.000,150538002.00000000,
2026-08-02 23:00:00.000,150590204.00000000,
2026-08-03 00:00:00.000,150831410.00000000,
2026-08-03 01:00:00.000,150764318.00000000,
2026-08-03 02:00:00.000,151251089.00000000,
2026-08-03 03:00:00.000,151231390.00000000,
2026-08-03 04:00:00.000,151171608.00000000,
2026-08-03 05:00:00.000,151347710.00000000,
2026-08-03 06:00:00.000,150820648.00000000,
2026-08-03 07:00:00.000,150851147.00000000,
2026-08-03 08:00:00.000,150904260.00000000,
2026-08-03 09:00:00.000,151035912.00000000,
2026-08-03 10:00:00.000,151531576.00000000,
2026-08-03 11:00:00.000,151245874.00000000,
2026-08-03 12:00:00.000,151216598.00000000,
2026-08-03 13:00:00.000,151137322.00000000,
2026-08-03 14:00:00.000,152181978.00000000,
2026-08-03 15:00:00.000,152991268.00000000,
2026-08-03 16:00:00.000,153886688.00000000,
2026-08-03 17:00:00.000,154890344.00000000,
2026-08-03 18:00:00.000,155100096.00000000,
2026-08-03 19:00:00.000,154643894.00000000,
2026-08-03 20:00:00.000,154411856.00000000,
2026-08-03 21:00:00.000,154448484.00000000,
2026-08-03 22:00:00.000,153969844.00000000,
2026-08-03 23:00:00.000,153838100.00000000,
2026-08-04 00:00:00.000,154330204.00000000,
2026-08-04 01:00:00.000,154733154.00000000,
2026-08-04 02:00:00.000,155186454.00000000,
2026-08-04 03:00:00.000,155155850.00000000,
2026-08-04 04:00:00.000,155268368.00000000,
2026-08-04 05:00:00.000,155099508.00000000,
2026-08-04 06:00:00.000,155070168.00000000,
2026-08-04 07:00:00.000,155245950.00000000,
2026-08-04 08:00:00.000,155392781.00000000,
2026-08-04 09:00:00.000,154472378.00000000,
2026-08-04 10:00:00.000,154650660.00000000,
2026-08-04 11:00:00.000,154440024.00000000,
2026-08-04 12:00:00.000,154849470.00000000,
2026-08-04 13:00:00.000,156066756.00000000,
2026-08-04 14:00:00.000,155650206.00000000,
2026-08-04 15:00:00.000,156778202.00000000,
2026-08-04 16:00:00.000,156741626.00000000,
2026-08-04 17:00:00.000,156992588.00000000,
2026-08-04 18:00:00.000,156860854.00000000,
2026-08-04 19:00:00.000,156904336.00000000,
2026-08-04 20:00:00.000,156838303.00000000,
2026-08-04 21:00:00.000,156748228.00000000,
2026-08-04 22:00:00.000,155850228.00000000,
2026-08-04 23:00:00.000,156928676.00000000,
2026-08-05 00:00:00.000,156666190.00000000,
2026-08-05 01:00:00.000,156304626.00000000,
2026-08-05 02:00:00.000,156248017.00000000,
2026-08-05 03:00:00.000,155871324.00000000,
2026-08-05 04:00:00.000,154491984.00000000,
2026-08-05 05:00:00.000,154432156.00000000,
2026-08-05 06:00:00.000,154571440.00000000,
2026-08-05 07:00:00.000,154260024.00000000,
2026-08-05 08:00:00.000,154751856.00000000,
2026-08-05 09:00:00.000,154935930.00000000,
2026-08-05 10:00:00.000,155474294.00000000,
2026-08-05 11:00:00.000,155400678.00000000,
2026-08-05 12:00:00.000,155680502.00000000,
2026-08-05 13:00:00.000,155329954.00000000,
2026-08-05 14:00:00.000,156075332.00000000,
2026-08-05 15:00:00.000,156669196.00000000,
2026-08-05 16:00:00.000,157428564.00000000,
2026-08-05 17:00:00.000,157347494.00000000,
2026-08-05 18:00:00.000,157312876.00000000,
2026-08-05 19:00:00.000,157683168.00000000,
2026-08-05 20:00:00.000,158057148.00000000,
2026-08-05 21:00:00.000,157880586.00000000,
2026-08-05 22:00:00.000,157238974.00000000,
2026-08-05 23:00:00.000,157391948.00000000,
2026-08-06 00:00:00.000,158000350.00000000,
2026-08-06 01:00:00.000,157281530.00000000,
2026-08-06 02:00:00.000,157268201.00000000,
2026-08-06 03:00:00.000,157293812.00000000,
2026-08-06 04:00:00.000,157689740.00000000,
2026-08-06 05:00:00.000,157700362.00000000,
2026-08-06 06:00:00.000,157992840.00000000,
2026-08-06 07:00:00.000,158395116.00000000,
2026-08-06 08:00:00.000,158387594.00000000,
2026-08-06 09:00:00.000,158305118.00000000,
2026-08-06 10:00:00.000,157799064.00000000,
2026-08-06 11:00:00.000,157694572.00000000,
2026-08-06 12:00:00.000,157745632.00000000,
2026-08-06 13:00:00.000,157911614.00000000,
2026-08-06 14:00:00.000,158854588.00000000,
2026-08-06 15:00:00.000,159890138.00000000,
2026-08-06 16:00:00.000,159608276.00000000,
2026-08-06 17:00:00.000,159736066.00000000,
2026-08-06 18:00:00.000,159708676.00000000,
2026-08-06 19:00:00.000,159634692.00000000,
2026-08-06 20:00:00.000,159694752.00000000,
2026-08-06 21:00:00.000,159618198.00000000,
2026-08-06 22:00:00.000,159467040.00000000,
2026-08-06 23:00:00.000,159323408.00000000,
2026-08-07 00:00:00.000,159146942.00000000,
2026-08-07 01:00:00.000,159448782.00000000,
2026-08-07 02:00:00.000,159631266.00000000,
2026-08-07 03:00:00.000,159779602.00000000,
2026-08-07 04:00:00.000,159887602.00000000,
2026-08-07 05:00:00.000,159996408.00000000,
2026-08-07 06:00:00.000,160353198.00000000,
2026-08-07 07:00:00.000,160435630.00000000,
2026-08-07 08:00:00.000,160419294.00000000,
2026-08-07 09:00:00.000,159165444.00000000,
2026-08-07 10:00:00.000,158952392.00000000,
2026-08-07 11:00:00.000,157816326.00000000,
2026-08-07 12:00:00.000,157859294.00000000,
2026-08-07 13:00:00.000,158425764.00000000,
2026-08-07 14:00:00.000,158634682.00000000,
2026-08-07 15:00:00.000,158921846.00000000,
2026-08-07 16:00:00.000,158757878.00000000,
2026-08-07 17:00:00.000,158006590.00000000,
2026-08-07 18:00:00.000,158167912.00000000,
2026-08-07 19:00:00.000,157885607.00000000,
2026-08-07 20:00:00.000,157836778.00000000,
2026-08-07 21:00:00.000,157874212.00000000,
2026-08-07 22:00:00.000,157872376.00000000,
2026-08-07 23:00:00.000,157543700.00000000,
2026-08-08 00:00:00.000,157301244.00000000,
2026-08-08 01:00:00.000,156215239.00000000,
2026-08-08 02:00:00.000,156085538.00000000,
2026-08-08 03:00:00.000,156247176.00000000,
2026-08-08 04:00:00.000,156462734.00000000,
2026-08-08 05:00:00.000,156234508.00000000,
2026-08-08 06:00:00.000,156062684.00000000,
2026-08-08 07:00:00.000,155982090.00000000,
2026-08-08 08:00:00.000,155676624.00000000,
2026-08-08 09:00:00.000,156394142.00000000,
2026-08-08 10:00:00.000,156158496.00000000,
2026-08-08 11:00:00.000,156228934.00000000,
2026-08-08 12:00:00.000,156086209.00000000,
2026-08-08 13:00:00.000,156476498.00000000,
2026-08-08 14:00:00.000,156603666.00000000,
2026-08-08 15:00:00.000,156999152.00000000,
2026-08-08 16:00:00.000,157398227.00000000,
2026-08-08 17:00:00.000,157180554.00000000,
2026-08-08 18:00:00.000,157094630.00000000,
2026-08-08 19:00:00.000,157344790.00000000,
2026-08-08 20:00:00.000,157232332.00000000,
2026-08-08 21:00:00.000,159240242.00000000,
2026-08-08 22:00:00.000,160239756.00000000,
2026-08-08 23:00:00.000,159902308.00000000,
2026-08-09 00:00:00.000,159904372.00000000,
2026-08-09 01:00:00.000,160214574.00000000,
2026-08-09 02:00:00.000,160539552.00000000,
2026-08-09 03:00:00.000,161049182.00000000,
2026-08-09 04:00:00.000,160669102.00000000,
2026-08-09 05:00:00.000,160331524.00000000,
2026-08-09 06:00:00.000,159249754.00000000,
2026-08-09 07:00:00.000,159477796.00000000,
2026-08-09 08:00:00.000,159124092.00000000,
2026-08-09 09:00:00.000,159226078.00000000,
2026-08-09 10:00:00.000,158793084.00000000,
2026-08-09 11:00:00.000,157879818.00000000,
2026-08-09 12:00:00.000,157518876.00000000,
2026-08-09 13:00:00.000,157065032.00000000,
2026-08-09 14:00:00.000,156624398.00000000,
2026-08-09 15:00:00.000,156320806.00000000,
2026-08-09 16:00:00.000,156153908.00000000,
2026-08-09 17:00:00.000,155951400.00000000,
2026-08-09 18:00:00.000,155952164.00000000,
2026-08-09 19:00:00.000,156008530.00000000,
2026-08-09 20:00:00.000,156044322.00000000,
2026-08-09 21:00:00.000,156029536.00000000,
2026-08-09 22:00:00.000,156487464.00000000,
2026-08-09 23:00:00.000,156143162.00000000,
2026-08-10 00:00:00.000,156029224.00000000,
2026-08-10 01:00:00.000,156004324.00000000,
2026-08-10 02:00:00.000,156283854.00000000,
2026-08-10 03:00:00.000,155816090.00000000,
2026-08-10 04:00:00.000,154793284.00000000,
2026-08-10 05:00:00.000,154561774.00000000,
2026-08-10 06:00:00.000,154406950.00000000,
2026-08-10 07:00:00.000,154495954.00000000,
2026-08-10 08:00:00.000,154332516.00000000,
2026-08-10 09:00:00.000,154783484.00000000,
2026-08-10 10:00:00.000,154794120.00000000,
2026-08-10 11:00:00.000,155742960.00000000,
2026-08-10 12:00:00.000,156463658.00000000,
2026-08-10 13:00:00.000,156430916.00000000,
2026-08-10 14:00:00.000,157049282.00000000,
2026-08-10 15:00:00.000,157359964.00000000,
2026-08-10 16:00:00.000,156602290.00000000,
2026-08-10 17:00:00.000,156189616.00000000,
2026-08-10 18:00:00.000,156138886.00000000,
2026-08-10 19:00:00.000,156002450.00000000,
2026-08-10 20:00:00.000,155798406.00000000,
2026-08-10 21:00:00.000,156105434.00000000,
2026-08-10 22:00:00.000,155310084.00000000,
2026-08-10 23:00:00.000,155458304.00000000,
2026-08-11 00:00:00.000,156772028.00000000,
2026-08-11 01:00:00.000,156940148.00000000,
2026-08-11 02:00:00.000,157450948.00000000,
2026-08-11 03:00:00.000,157141916.00000000,
2026-08-11 04:00:00.000,156752544.00000000,
2026-08-11 05:00:00.000,156628518.00000000,
2026-08-11 06:00:00.000,156883710.00000000,
2026-08-11 07:00:00.000,156979994.00000000,
2026-08-11 08:00:00.000,156662146.00000000,
2026-08-11 09:00:00.000,156682912.00000000,
2026-08-11 10:00:00.000,156415566.00000000,
2026-08-11 11:00:00.000,156464442.00000000,
2026-08-11 12:00:00.000,156343184.00000000,
2026-08-11 13:00:00.000,156488548.00000000,
2026-08-11 14:00:00.000,156375256.00000000,
2026-08-11 15:00:00.000,157190697.00000000,
2026-08-11 16:00:00.000,157315198.00000000,
2026-08-11 17:00:00.000,156598839.00000000,
2026-08-11 18:00:00.000,156940642.00000000,
2026-08-11 19:00:00.000,154882622.00000000,
2026-08-11 20:00:00.000,152734694.00000000,
2026-08-11 21:00:00.000,152420364.00000000,
2026-08-11 22:00:00.000,153584648.00000000,
2026-08-11 23:00:00.000,153704627.00000000,
2026-08-12 00:00:00.000,153731562.00000000,
2026-08-12 01:00:00.000,153909906.00000000,
2026-08-12 02:00:00.000,151844488.00000000,
2026-08-12 03:00:00.000,151776610.00000000,
2026-08-12 04:00:00.000,151823370.00000000,
2026-08-12 05:00:00.000,151836328.00000000,
2026-08-12 06:00:00.000,152042126.00000000,
2026-08-12 07:00:00.000,151936282.00000000,
2026-08-12 08:00:00.000,152266858.00000000,
2026-08-12 09:00:00.000,152035706.00000000,
2026-08-12 10:00:00.000,152435498.00000000,
2026-08-12 11:00:00.000,152636640.00000000,
2026-08-12 12:00:00.000,152644446.00000000,
2026-08-12 13:00:00.000,154038060.00000000,
2026-08-12 14:00:00.000,155639298.00000000,
2026-08-12 15:00:00.000,156906522.00000000,
2026-08-12 16:00:00.000,157719798.00000000,
2026-08-12 17:00:00.000,158127182.00000000,
2026-08-12 18:00:00.000,157700370.00000000,
2026-08-12 19:00:00.000,157695274.00000000,
2026-08-12 20:00:00.000,157613494.00000000,
2026-08-12 21:00:00.000,157703586.00000000,
2026-08-12 22:00:00.000,157653210.00000000,
2026-08-12 23:00:00.000,157544474.00000000,
2026-08-13 00:00:00.000,157509912.00000000,
2026-08-13 01:00:00.000,157483734.00000000,
2026-08-13 02:00:00.000,157573888.00000000,
2026-08-13 03:00:00.000,157721714.00000000,
2026-08-13 04:00:00.000,157733150.00000000,
2026-08-13 05:00:00.000,157667046.00000000,
2026-08-13 06:00:00.000,157919042.00000000,
2026-08-13 07:00:00.000,158225194.00000000,
2026-08-13 08:00:00.000,158293692.00000000,
2026-08-13 09:00:00.000,158434196.00000000,
2026-08-13 10:00:00.000,158011226.00000000,
2026-08-13 11:00:00.000,158221372.00000000,
2026-08-13 12:00:00.000,158144096.00000000,
2026-08-13 13:00:00.000,158397580.00000000,
2026-08-13 14:00:00.000,158885274.00000000,
2026-08-13 15:00:00.000,158567320.00000000,
2026-08-13 16:00:00.000,158112755.00000000,
2026-08-13 17:00:00.000,158328330.00000000,
2026-08-13 18:00:00.000,158869418.00000000,
2026-08-13 19:00:00.000,159159960.00000000,
2026-08-13 20:00:00.000,159379409.00000000,
2026-08-13 21:00:00.000,159792520.00000000,
2026-08-13 22:00:00.000,159836142.00000000,
2026-08-13 23:00:00.000,159850934.00000000,
2026-08-14 00:00:00.000,159639908.00000000,
2026-08-14 01:00:00.000,159037532.00000000,
2026-08-14 02:00:00.000,158932818.00000000,
2026-08-14 03:00:00.000,159050522.00000000,
2026-08-14 04:00:00.000,160272010.00000000,
2026-08-14 05:00:00.000,160107142.00000000,
2026-08-14 06:00:00.000,160192214.00000000,
2026-08-14 07:00:00.000,159921420.00000000,
2026-08-14 08:00:00.000,160231264.00000000,
2026-08-14 09:00:00.000,160737986.00000000,
2026-08-14 10:00:00.000,160992040.00000000,
2026-08-14 11:00:00.000,160819306.00000000,
2026-08-14 12:00:00.000,161145064.00000000,
2026-08-14 13:00:00.000,160772726.00000000,
2026-08-14 14:00:00.000,160394820.00000000,
2026-08-14 15:00:00.000,159824228.00000000,
2026-08-14 16:00:00.000,159802128.00000000,
2026-08-14 17:00:00.000,155408590.00000000,
2026-08-14 18:00:00.000,155636766.00000000,
2026-08-14 19:00:00.000,155624840.00000000,
2026-08-14 20:00:00.000,155361174.00000000,
2026-08-14 21:00:00.000,154661698.00000000,
2026-08-14 22:00:00.000,154405920.00000000,
2026-08-14 23:00:00.000,154361178.00000000,
2026-08-15 00:00:00.000,154376590.00000000,
2026-08-15 01:00:00.000,153500834.00000000,
2026-08-15 02:00:00.000,153401946.00000000,
2026-08-15 03:00:00.000,153400420.00000000,
2026-08-15 04:00:00.000,152760717.00000000,
2026-08-15 05:00:00.000,152890656.00000000,
2026-08-15 06:00:00.000,152764968.00000000,
2026-08-15 07:00:00.000,153140506.00000000,
2026-08-15 08:00:00.000,151817866.00000000,
2026-08-15 09:00:00.000,152151490.00000000,
2026-08-15 10:00:00.000,152055676.00000000,
2026-08-15 11:00:00.000,152054594.00000000,
2026-08-15 12:00:00.000,151780172.00000000,
2026-08-15 13:00:00.000,151902659.00000000,
2026-08-15 14:00:00.000,152126914.00000000,
2026-08-15 15:00:00.000,152056390.00000000,
2026-08-15 16:00:00.000,152261064.00000000,
2026-08-15 17:00:00.000,153084188.00000000,
2026-08-15 18:00:00.000,153122390.00000000,
2026-08-15 19:00:00.000,152979522.00000000,
2026-08-15 20:00:00.000,152591270.00000000,
2026-08-15 21:00:00.000,152336716.00000000,
2026-08-15 22:00:00.000,152320350.00000000,
2026-08-15 23:00:00.000,152254132.00000000,
2026-08-16 00:00:00.000,152465532.00000000,
2026-08-16 01:00:00.000,152239808.00000000,
2026-08-16 02:00:00.000,152428982.00000000,
2026-08-16 03:00:00.000,152940352.00000000,
2026-08-16 04:00:00.000,152943970.00000000,
2026-08-16 05:00:00.000,152665494.00000000,
2026-08-16 06:00:00.000,152092404.00000000,
2026-08-16 07:00:00.000,152295752.00000000,
2026-08-16 08:00:00.000,152080144.00000000,
2026-08-16 09:00:00.000,151994096.00000000,
2026-08-16 10:00:00.000,151797254.00000000,
2026-08-16 11:00:00.000,151626928.00000000,
2026-08-16 12:00:00.000,151473756.00000000,
2026-08-16 13:00:00.000,151397800.00000000,
2026-08-16 14:00:00.000,151646944.00000000,
2026-08-16 15:00:00.000,151751256.00000000,
2026-08-16 16:00:00.000,151799534.00000000,
2026-08-16 17:00:00.000,151888456.00000000,
2026-08-16 18:00:00.000,152790888.00000000,
2026-08-16 19:00:00.000,152535900.00000000,
2026-08-16 20:00:00.000,152382320.00000000,
2026-08-16 21:00:00.000,152343244.00000000,
2026-08-16 22:00:00.000,152438594.00000000,
2026-08-16 23:00:00.000,152505562.00000000,
2026-08-17 00:00:00.000,152335050.00000000,
2026-08-17 01:00:00.000,152411014.00000000,
2026-08-17 02:00:00.000,152058746.00000000,
2026-08-17 03:00:00.000,151811898.00000000,
2026-08-17 04:00:00.000,152019860.00000000,
2026-08-17 05:00:00.000,151994704.00000000,
2026-08-17 06:00:00.000,151889546.00000000,
2026-08-17 07:00:00.000,151740902.00000000,
2026-08-17 08:00:00.000,151600988.00000000,
2026-08-17 09:00:00.000,150860266.00000000,
2026-08-17 10:00:00.000,151990842.00000000,
2026-08-17 11:00:00.000,150517620.00000000,
2026-08-17 12:00:00.000,151116316.00000000,
2026-08-17 13:00:00.000,151170290.00000000,
2026-08-17 14:00:00.000,152990172.00000000,
2026-08-17 15:00:00.000,152462740.00000000,
2026-08-17 16:00:00.000,153354566.00000000,
2026-08-17 17:00:00.000,153469052.00000000,
2026-08-17 18:00:00.000,154287853.00000000,
2026-08-17 19:00:00.000,160239206.00000000,
2026-08-17 20:00:00.000,156167760.00000000,
2026-08-17 21:00:00.000,156791018.00000000,
2026-08-17 22:00:00.000,157127474.00000000,
2026-08-17 23:00:00.000,157535926.00000000,
2026-08-18 00:00:00.000,157723350.00000000,
2026-08-18 01:00:00.000,156765158.00000000,
2026-08-18 02:00:00.000,155657140.00000000,
2026-08-18 03:00:00.000,154027772.00000000,
2026-08-18 04:00:00.000,153109134.00000000,
2026-08-18 05:00:00.000,155779356.00000000,
2026-08-18 06:00:00.000,155110382.00000000,
2026-08-18 07:00:00.000,154942926.00000000,
2026-08-18 08:00:00.000,154119392.00000000,
2026-08-18 09:00:00.000,154125638.00000000,
2026-08-18 10:00:00.000,154050604.00000000,
2026-08-18 11:00:00.000,154214486.00000000,
2026-08-18 12:00:00.000,155054575.00000000,
2026-08-18 13:00:00.000,154935132.00000000,
2026-08-18 14:00:00.000,157143038.00000000,
2026-08-18 15:00:00.000,157299699.00000000,
2026-08-18 16:00:00.000,157533094.00000000,
2026-08-18 17:00:00.000,157857828.00000000,
2026-08-18 18:00:00.000,157234078.00000000,
2026-08-18 19:00:00.000,157276154.00000000,
2026-08-18 20:00:00.000,156774562.00000000,
2026-08-18 21:00:00.000,156384022.00000000,
2026-08-18 22:00:00.000,155777940.00000000,
2026-08-18 23:00:00.000,155844864.00000000,
2026-08-19 00:00:00.000,155726052.00000000,
2026-08-19 01:00:00.000,155225322.00000000,
2026-08-19 02:00:00.000,155240600.00000000,
2026-08-19 03:00:00.000,154864430.00000000,
2026-08-19 04:00:00.000,154111736.00000000,
2026-08-19 05:00:00.000,153940714.00000000,
2026-08-19 06:00:00.000,153556327.00000000,
2026-08-19 07:00:00.000,153471634.00000000,
2026-08-19 08:00:00.000,153143474.00000000,
2026-08-19 09:00:00.000,153080748.00000000,
2026-08-19 10:00:00.000,153340540.00000000,
2026-08-19 11:00:00.000,153205359.00000000,
2026-08-19 12:00:00.000,152921462.00000000,
2026-08-19 13:00:00.000,152466246.00000000,
2026-08-19 14:00:00.000,153069154.00000000,
2026-08-19 15:00:00.000,152533122.00000000,
2026-08-19 16:00:00.000,151281540.00000000,
2026-08-19 17:00:00.000,149661728.00000000,
2026-08-19 18:00:00.000,149402138.00000000,
2026-08-19 19:00:00.000,149680612.00000000,
2026-08-19 20:00:00.000,150295988.00000000,
2026-08-19 21:00:00.000,149647358.00000000,
2026-08-19 22:00:00.000,148755936.00000000,
2026-08-19 23:00:00.000,149407204.00000000,
2026-08-20 00:00:00.000,149538874.00000000,
2026-08-20 01:00:00.000,150052978.00000000,
2026-08-20 02:00:00.000,149593786.00000000,
2026-08-20 03:00:00.000,149456086.00000000,
2026-08-20 04:00:00.000,149500874.00000000,
2026-08-20 05:00:00.000,149612438.00000000,
2026-08-20 06:00:00.000,149419988.00000000,
2026-08-20 07:00:00.000,149325594.00000000,
2026-08-20 08:00:00.000,150045208.00000000,
2026-08-20 09:00:00.000,149445366.00000000,
2026-08-20 10:00:00.000,149352166.00000000,
2026-08-20 11:00:00.000,151155382.00000000,
2026-08-20 12:00:00.000,151811256.00000000,
2026-08-20 13:00:00.000,152006572.00000000,
2026-08-20 14:00:00.000,152796354.00000000,
2026-08-20 15:00:00.000,152745928.00000000,
2026-08-20 16:00:00.000,152932804.00000000,
2026-08-20 17:00:00.000,150835838.00000000,
2026-08-20 18:00:00.000,151809078.00000000,
2026-08-20 19:00:00.000,151789193.00000000,
2026-08-20 20:00:00.000,150098911.00000000,
2026-08-20 21:00:00.000,149883006.00000000,
2026-08-20 22:00:00.000,149792884.00000000,
2026-08-20 23:00:00.000,149468824.00000000,
2026-08-21 00:00:00.000,148467812.00000000,
2026-08-21 01:00:00.000,147390038.00000000,
2026-08-21 02:00:00.000,146949444.00000000,
2026-08-21 03:00:00.000,146752370.00000000,
2026-08-21 04:00:00.000,146770124.00000000,
2026-08-21 05:00:00.000,144209814.00000000,
2026-08-21 06:00:00.000,143533156.00000000,
2026-08-21 07:00:00.000,147186366.00000000,
2026-08-21 08:00:00.000,142495254.00000000,
2026-08-21 09:00:00.000,142350582.00000000,
2026-08-21 10:00:00.000,144511814.00000000,
2026-08-21 11:00:00.000,146349348.00000000,
2026-08-21 12:00:00.000,147266796.00000000,
2026-08-21 13:00:00.000,144203888.00000000,
2026-08-21 14:00:00.000,142538740.00000000,
2026-08-21 15:00:00.000,141674212.00000000,
2026-08-21 16:00:00.000,142847756.00000000,
2026-08-21 17:00:00.000,144395236.00000000,
2026-08-21 18:00:00.000,144812478.00000000,
2026-08-21 19:00:00.000,145507810.00000000,
2026-08-21 20:00:00.000,145743665.00000000,
2026-08-21 21:00:00.000,145509498.00000000,
2026-08-21 22:00:00.000,145249200.00000000,
2026-08-21 23:00:00.000,148643584.00000000,
2026-08-22 00:00:00.000,150780970.00000000,
2026-08-22 01:00:00.000,151648738.00000000,
2026-08-22 02:00:00.000,151321446.00000000,
2026-08-22 03:00:00.000,150428896.00000000,
2026-08-22 04:00:00.000,157985364.00000000,
2026-08-22 05:00:00.000,160863506.00000000,
2026-08-22 06:00:00.000,148871204.00000000,
2026-08-22 07:00:00.000,155264237.00000000,
2026-08-22 08:00:00.000,160571221.00000000,
2026-08-22 09:00:00.000,173174502.00000000,
2026-08-22 10:00:00.000,172145462.00000000,
2026-08-22 11:00:00.000,168174092.00000000,
2026-08-22 12:00:00.000,168980718.00000000,
2026-08-22 13:00:00.000,167065758.00000000,
2026-08-22 14:00:00.000,166789828.00000000,
2026-08-22 15:00:00.000,164898745.00000000,
2026-08-22 16:00:00.000,167939556.00000000,
2026-08-22 17:00:00.000,166707678.00000000,
2026-08-22 18:00:00.000,166271270.00000000,
