funding_time,funding_rate,mark_price
2021-06-02 16:00:00.000,0.0001,
2021-06-03 00:00:00.000,0.0001,
2021-06-03 08:00:00.000,0.00020993,
2021-06-03 16:00:00.000,0.0001,
2021-06-04 00:00:00.000,0.00041288,
2021-06-04 08:00:00.000,0.0001432,
2021-06-04 16:00:00.000,0.0001,
2021-06-05 00:00:00.000,0.0001,
2021-06-05 08:00:00.000,0.0001,
2021-06-05 16:00:00.000,0.0001,
2021-06-06 00:00:00.000,0.0001,
2021-06-06 08:00:00.000,0.0001,
2021-06-06 16:00:00.000,0.0001,
2021-06-07 00:00:00.000,0.00039362,
2021-06-07 08:00:00.000,0.0001,
2021-06-07 16:00:00.000,0.00032232,
2021-06-08 00:00:00.000,0.00069374,
2021-06-08 08:00:00.000,0.0001,
2021-06-08 16:00:00.000,5.077e-05,
2021-06-09 00:00:00.000,0.0001,
2021-06-09 08:00:00.000,5.084e-05,
2021-06-09 16:00:00.000,4.533e-05,
2021-06-10 00:00:00.000,0.0001,
2021-06-10 08:00:00.000,0.0001,
2021-06-10 16:00:00.000,0.0001,
2021-06-11 00:00:00.000,0.0001,
2021-06-11 08:00:00.000,0.0001,
2021-06-11 16:00:00.000,0.00017834,
2021-06-12 00:00:00.000,0.00044763,
2021-06-12 08:00:00.000,0.0001,
2021-06-12 16:00:00.000,0.0001,
2021-06-13 00:00:00.000,0.0001,
2021-06-13 08:00:00.000,0.0001,
2021-06-13 16:00:00.000,0.0001,
2021-06-14 00:00:00.000,0.0001,
2021-06-14 08:00:00.000,0.0001,
2021-06-14 16:00:00.000,0.00065002,
2021-06-15 00:00:00.000,0.00027614,
2021-06-15 08:00:00.000,0.0001,
2021-06-15 16:00:00.000,0.0001,
2021-06-16 00:00:00.000,0.0002956,
2021-06-16 08:00:00.000,0.00019898,
2021-06-16 16:00:00.000,0.00018852,
2021-06-17 00:00:00.000,0.0001,
2021-06-17 08:00:00.000,0.0001,
2021-06-17 16:00:00.000,0.00014778,
2021-06-18 00:00:00.000,0.0006625,
2021-06-18 08:00:00.000,0.00057772,
2021-06-18 16:00:00.000,0.0001,
2021-06-19 00:00:00.000,0.0001,
2021-06-19 08:00:00.000,0.0001,
2021-06-19 16:00:00.000,4.634e-05,
2021-06-20 00:00:00.000,0.0001,
2021-06-20 08:00:00.000,0.0001,
2021-06-20 16:00:00.000,-5.57e-06,
2021-06-21 00:00:00.000,-0.0005267,
2021-06-21 08:00:00.000,-0.00017188,
2021-06-21 16:00:00.000,-8.642e-05,
2021-06-22 00:00:00.000,-0.00033794,
2021-06-22 08:00:00.000,-0.00090614,
2021-06-22 16:00:00.000,-0.00102195,
2021-06-23 00:00:00.000,-0.00091774,
2021-06-23 08:00:00.000,-0.00088019,
2021-06-23 16:00:00.000,-0.0007059,
2021-06-24 00:00:00.000,-0.00048995,
2021-06-24 08:00:00.000,-0.00019131,
2021-06-24 16:00:00.000,-0.00044396,
2021-06-25 00:00:00.000,-0.00022558,
2021-06-25 08:00:00.000,-6.224e-05,
2021-06-25 16:00:00.000,-0.00018516,
2021-06-26 00:00:00.000,7.167e-05,
2021-06-26 08:00:00.000,-0.00011117,
2021-06-26 16:00:00.000,-9.97e-06,
2021-06-27 00:00:00.000,-0.00021387,
2021-06-27 08:00:00.000,-3.438e-05,
2021-06-27 16:00:00.000,0.0001,
2021-06-28 00:00:00.000,0.0001,
2021-06-28 08:00:00.000,0.0001,
2021-06-28 16:00:00.000,0.00024586,
2021-06-29 00:00:00.000,0.0001,
2021-06-29 08:00:00.000,0.00013619,
2021-06-29 16:00:00.000,0.00064812,
2021-06-30 00:00:00.000,0.00063767,
2021-06-30 08:00:00.000,0.0001,
2021-06-30 16:00:00.000,0.0001,
2021-07-01 00:00:00.000,0.0001,
2021-07-01 08:00:00.000,0.0001,
2021-07-01 16:00:00.000,7.997e-05,
2021-07-02 00:00:00.000,0.0001,
2021-07-02 08:00:00.000,0.0001,
2021-07-02 16:00:00.000,0.0001,
2021-07-03 00:00:00.000,0.0001,
2021-07-03 08:00:00.000,0.0001,
2021-07-03 16:00:00.000,0.0001,
2021-07-04 00:00:00.000,0.0001,
2021-07-04 08:00:00.000,0.0001,
2021-07-04 16:00:00.000,0.0001,
2021-07-05 00:00:00.000,0.0001,
2021-07-05 08:00:00.000,0.0001,
2021-07-05 16:00:00.000,0.00047122,
2021-07-06 00:00:00.000,0.0001,
2021-07-06 08:00:00.000,0.0001,
2021-07-06 16:00:00.000,0.0001,
2021-07-07 00:00:00.000,0.0001,
2021-07-07 08:00:00.000,0.0001,
2021-07-07 16:00:00.000,0.0001,
2021-07-08 00:00:00.000,0.0001,
2021-07-08 08:00:00.000,0.0001,
2021-07-08 16:00:00.000,9.085e-05,
2021-07-09 00:00:00.000,0.0001,
2021-07-09 08:00:00.000,0.0001,
2021-07-09 16:00:00.000,-4.968e-05,
2021-07-10 00:00:00.000,0.0001,
2021-07-10 08:00:00.000,0.0001,
2021-07-10 16:00:00.000,0.0001,
2021-07-11 00:00:00.000,0.0001,
2021-07-11 08:00:00.000,0.0001,
2021-07-11 16:00:00.000,0.0001,
2021-07-12 00:00:00.000,0.0001,
2021-07-12 08:00:00.000,0.0001,
2021-07-12 16:00:00.000,0.0001,
2021-07-13 00:00:00.000,0.0001,
2021-07-13 08:00:00.000,0.0001,
2021-07-13 16:00:00.000,0.0001,
2021-07-14 00:00:00.000,0.0001,
2021-07-14 08:00:00.000,0.0001,
2021-07-14 16:00:00.000,0.0001,
2021-07-15 00:00:00.000,0.0001,
2021-07-15 08:00:00.000,0.0001,
2021-07-15 16:00:00.000,0.0001,
2021-07-16 00:00:00.000,0.0001,
2021-07-16 08:00:00.000,0.0001,
2021-07-16 16:00:00.000,0.0001,
2021-07-17 00:00:00.000,0.0001,
2021-07-17 08:00:00.000,0.0001,
2021-07-17 16:00:00.000,0.0001,
2021-07-18 00:00:00.000,0.0001,
2021-07-18 08:00:00.000,0.0001,
2021-07-18 16:00:00.000,0.0001,
2021-07-19 00:00:00.000,0.0001,
2021-07-19 08:00:00.000,0.0001,
2021-07-19 16:00:00.000,0.0001,
2021-07-20 00:00:00.000,0.0001,
2021-07-20 08:00:00.000,0.0001,
2021-07-20 16:00:00.000,0.0001,
2021-07-21 00:00:00.000,0.0001,
2021-07-21 08:00:00.000,-2.154e-05,
2021-07-21 16:00:00.000,-0.00023757,
2021-07-22 00:00:00.000,-0.00029056,
2021-07-22 08:00:00.000,-0.00020462,
2021-07-22 16:00:00.000,0.0001,
2021-07-23 00:00:00.000,0.00018922,
2021-07-23 08:00:00.000,0.0001,
2021-07-23 16:00:00.000,0.0001739,
2021-07-24 00:00:00.000,0.00042112,
2021-07-24 08:00:00.000,0.0001,
2021-07-24 16:00:00.000,0.0001,
2021-07-25 00:00:00.000,0.0001,
2021-07-25 08:00:00.000,0.0001,
2021-07-25 16:00:00.000,0.0001,
2021-07-26 00:00:00.000,0.00017443,
2021-07-26 08:00:00.000,0.00019894,
2021-07-26 16:00:00.000,0.00073755,
2021-07-27 00:00:00.000,0.00032865,
2021-07-27 08:00:00.000,0.0001,
2021-07-27 16:00:00.000,0.0001,
2021-07-28 00:00:00.000,0.0001,
2021-07-28 08:00:00.000,0.0001,
2021-07-28 16:00:00.000,0.00029325,
2021-07-29 00:00:00.000,0.00011339,
2021-07-29 08:00:00.000,0.0001,
2021-07-29 16:00:00.000,0.0001,
2021-07-30 00:00:00.000,0.0001,
2021-07-30 08:00:00.000,0.0001,
2021-07-30 16:00:00.000,0.00073194,
2021-07-31 00:00:00.000,0.00020151,
2021-07-31 08:00:00.000,0.00046807,
2021-07-31 16:00:00.000,0.00027615,
2021-08-01 00:00:00.000,0.0001,
2021-08-01 08:00:00.000,0.0001,
2021-08-01 16:00:00.000,0.0001,
2021-08-02 00:00:00.000,0.00029212,
2021-08-02 08:00:00.000,0.00010193,
2021-08-02 16:00:00.000,0.0001,
2021-08-03 00:00:00.000,0.00010894,
2021-08-03 08:00:00.000,0.00060492,
2021-08-03 16:00:00.000,0.00054699,
2021-08-04 00:00:00.000,0.00012499,
2021-08-04 08:00:00.000,0.0001,
2021-08-04 16:00:00.000,0.0001,
2021-08-05 00:00:00.000,0.0001,
2021-08-05 08:00:00.000,0.0001,
2021-08-05 16:00:00.000,0.00033305,
2021-08-06 00:00:00.000,0.00018513,
2021-08-06 08:00:00.000,0.0001,
2021-08-06 16:00:00.000,0.0001,
2021-08-07 00:00:00.000,0.0001,
2021-08-07 08:00:00.000,0.00054641,
2021-08-07 16:00:00.000,0.00044803,
2021-08-08 00:00:00.000,0.00042072,
2021-08-08 08:00:00.000,0.00060917,
2021-08-08 16:00:00.000,0.00159837,
2021-08-09 00:00:00.000,0.00048659,
2021-08-09 08:00:00.000,0.0001,
2021-08-09 16:00:00.000,0.00043282,
2021-08-10 00:00:00.000,0.00032664,
2021-08-10 08:00:00.000,0.00060634,
2021-08-10 16:00:00.000,0.00083789,
2021-08-11 00:00:00.000,0.00092582,
2021-08-11 08:00:00.000,0.00124242,
2021-08-11 16:00:00.000,0.00042288,
2021-08-12 00:00:00.000,0.000316,
2021-08-12 08:00:00.000,0.00029459,
2021-08-12 16:00:00.000,0.00123373,
2021-08-13 00:00:00.000,0.00015441,
2021-08-13 08:00:00.000,0.0001,
2021-08-13 16:00:00.000,0.00032393,
2021-08-14 00:00:00.000,0.00058589,
2021-08-14 08:00:00.000,0.0010102,
2021-08-14 16:00:00.000,0.00184629,
2021-08-15 00:00:00.000,0.00104999,
2021-08-15 08:00:00.000,0.00067305,
2021-08-15 16:00:00.000,0.00183753,
2021-08-16 00:00:00.000,0.0001566,
2021-08-16 08:00:00.000,0.00050532,
2021-08-16 16:00:00.000,0.00168431,
2021-08-17 00:00:00.000,0.00166085,
2021-08-17 08:00:00.000,0.0001,
2021-08-17 16:00:00.000,0.00063153,
2021-08-18 00:00:00.000,0.00060381,
2021-08-18 08:00:00.000,0.00028287,
2021-08-18 16:00:00.000,0.0001,
2021-08-19 00:00:00.000,0.00016954,
2021-08-19 08:00:00.000,0.00066197,
2021-08-19 16:00:00.000,0.00034497,
2021-08-20 00:00:00.000,0.00017775,
2021-08-20 08:00:00.000,0.0001,
2021-08-20 16:00:00.000,0.00038564,
2021-08-21 00:00:00.000,0.00111359,
2021-08-21 08:00:00.000,0.00060404,
2021-08-21 16:00:00.000,0.00060488,
2021-08-22 00:00:00.000,0.00037383,
2021-08-22 08:00:00.000,0.00048336,
2021-08-22 16:00:00.000,0.00083398,
2021-08-23 00:00:00.000,0.00120247,
2021-08-23 08:00:00.000,0.00043485,
2021-08-23 16:00:00.000,0.00081457,
2021-08-24 00:00:00.000,0.0014517,
2021-08-24 08:00:00.000,0.00122646,
2021-08-24 16:00:00.000,0.00132915,
2021-08-25 00:00:00.000,0.00101265,
2021-08-25 08:00:00.000,0.0001,
2021-08-25 16:00:00.000,0.00019959,
2021-08-26 00:00:00.000,0.0001,
2021-08-26 08:00:00.000,0.00022217,
2021-08-26 16:00:00.000,0.00023844,
2021-08-27 00:00:00.000,0.0001,
2021-08-27 08:00:00.000,0.00092552,
2021-08-27 16:00:00.000,0.00017765,
2021-08-28 00:00:00.000,0.0001,
2021-08-28 08:00:00.000,0.00095396,
2021-08-28 16:00:00.000,0.00059793,
2021-08-29 00:00:00.000,0.00015539,
2021-08-29 08:00:00.000,0.00065886,
2021-08-29 16:00:00.000,0.00047013,
2021-08-30 00:00:00.000,0.00081458,
2021-08-30 08:00:00.000,0.00070056,
2021-08-30 16:00:00.000,0.0011001,
2021-08-31 00:00:00.000,0.00076213,
2021-08-31 08:00:00.000,0.0001,
2021-08-31 16:00:00.000,0.00067563,
2021-09-01 00:00:00.000,0.00022184,
2021-09-01 08:00:00.000,0.0007548,
2021-09-01 16:00:00.000,0.00071736,
2021-09-02 00:00:00.000,0.0008925,
2021-09-02 08:00:00.000,0.00052789,
2021-09-02 16:00:00.000,0.00147986,
2021-09-03 00:00:00.000,0.00138887,
2021-09-03 08:00:00.000,0.00061826,
2021-09-03 16:00:00.000,0.00133111,
2021-09-04 00:00:00.000,0.00125158,
2021-09-04 08:00:00.000,0.00136863,
2021-09-04 16:00:00.000,0.0015765,
2021-09-05 00:00:00.000,0.00138411,
2021-09-05 08:00:00.000,0.00150704,
2021-09-05 16:00:00.000,0.00119361,
2021-09-06 00:00:00.000,0.00076728,
2021-09-06 08:00:00.000,0.0013531,
2021-09-06 16:00:00.000,0.00188393,
2021-09-07 00:00:00.000,0.00143647,
2021-09-07 08:00:00.000,0.00104215,
2021-09-07 16:00:00.000,0.00135954,
2021-09-08 00:00:00.000,0.0001,
2021-09-08 08:00:00.000,0.0001,
2021-09-08 16:00:00.000,0.0001,
2021-09-09 00:00:00.000,0.0001,
2021-09-09 08:00:00.000,-8.474e-05,
2021-09-09 16:00:00.000,0.0001,
2021-09-10 00:00:00.000,0.0001,
2021-09-10 08:00:00.000,0.0001,
2021-09-10 16:00:00.000,0.0001,
2021-09-11 00:00:00.000,0.0001,
2021-09-11 08:00:00.000,0.0001,
2021-09-11 16:00:00.000,-2.879e-05,
2021-09-12 00:00:00.000,0.0001,
2021-09-12 08:00:00.000,0.0001,
2021-09-12 16:00:00.000,0.00028334,
2021-09-13 00:00:00.000,0.0001,
2021-09-13 08:00:00.000,0.0001,
2021-09-13 16:00:00.000,0.0001,
2021-09-14 00:00:00.000,0.0001,
2021-09-14 08:00:00.000,0.0001,
2021-09-14 16:00:00.000,0.0001,
2021-09-15 00:00:00.000,0.0001,
2021-09-15 08:00:00.000,0.00029183,
2021-09-15 16:00:00.000,0.0001,
2021-09-16 00:00:00.000,0.0001,
2021-09-16 08:00:00.000,0.0001,
2021-09-16 16:00:00.000,0.0001,
2021-09-17 00:00:00.000,0.0001,
2021-09-17 08:00:00.000,0.0001,
2021-09-17 16:00:00.000,0.00024154,
2021-09-18 00:00:00.000,0.00052126,
2021-09-18 08:00:00.000,0.00062795,
2021-09-18 16:00:00.000,0.00022796,
2021-09-19 00:00:00.000,0.0001122,
2021-09-19 08:00:00.000,0.00059071,
2021-09-19 16:00:00.000,0.00050741,
2021-09-20 00:00:00.000,0.00010104,
2021-09-20 08:00:00.000,0.0001,
2021-09-20 16:00:00.000,0.0001,
2021-09-21 00:00:00.000,2.723e-05,
2021-09-21 08:00:00.000,0.0001,
2021-09-21 16:00:00.000,0.0001,
2021-09-22 00:00:00.000,0.0001,
2021-09-22 08:00:00.000,0.0001,
2021-09-22 16:00:00.000,0.0001,
2021-09-23 00:00:00.000,0.0001,
2021-09-23 08:00:00.000,0.0001,
2021-09-23 16:00:00.000,0.0001,
2021-09-24 00:00:00.000,0.0001,
2021-09-24 08:00:00.000,0.0001,
2021-09-24 16:00:00.000,0.0001,
2021-09-25 00:00:00.000,0.0001,
2021-09-25 08:00:00.000,0.0001,
2021-09-25 16:00:00.000,0.0001,
2021-09-26 00:00:00.000,0.0001,
2021-09-26 08:00:00.000,0.0001,
2021-09-26 16:00:00.000,0.0001,
2021-09-27 00:00:00.000,0.0001,
2021-09-27 08:00:00.000,0.0001,
2021-09-27 16:00:00.000,0.0001,
2021-09-28 00:00:00.000,0.0001,
2021-09-28 08:00:00.000,0.0001,
2021-09-28 16:00:00.000,0.0001,
2021-09-29 00:00:00.000,0.0001,
2021-09-29 08:00:00.000,0.0001,
2021-09-29 16:00:00.000,0.0001,
2021-09-30 00:00:00.000,0.0001,
2021-09-30 08:00:00.000,0.0001,
2021-09-30 16:00:00.000,0.0001,
2021-10-01 00:00:00.000,0.00021306,
2021-10-01 08:00:00.000,0.0001,
2021-10-01 16:00:00.000,0.0001,
2021-10-02 00:00:00.000,0.0001,
2021-10-02 08:00:00.000,0.0001,
2021-10-02 16:00:00.000,0.0003334,
2021-10-03 00:00:00.000,0.00020176,
2021-10-03 08:00:00.000,0.0001,
2021-10-03 16:00:00.000,0.00010559,
2021-10-04 00:00:00.000,0.00012009,
2021-10-04 08:00:00.000,0.0001,
2021-10-04 16:00:00.000,0.00010812,
2021-10-05 00:00:00.000,0.0001,
2021-10-05 08:00:00.000,0.0001,
2021-10-05 16:00:00.000,0.00058599,
2021-10-06 00:00:00.000,0.0001,
2021-10-06 08:00:00.000,0.00019946,
2021-10-06 16:00:00.000,0.00067166,
2021-10-07 00:00:00.000,0.00054662,
2021-10-07 08:00:00.000,0.00034261,
2021-10-07 16:00:00.000,0.00018509,
2021-10-08 00:00:00.000,0.00086141,
2021-10-08 08:00:00.000,0.00128759,
2021-10-08 16:00:00.000,0.00081795,
2021-10-09 00:00:00.000,0.00090808,
2021-10-09 08:00:00.000,0.00070784,
2021-10-09 16:00:00.000,0.000688,
2021-10-10 00:00:00.000,0.00024082,
2021-10-10 08:00:00.000,0.00078714,
2021-10-10 16:00:00.000,0.00075468,
2021-10-11 00:00:00.000,0.00082232,
2021-10-11 08:00:00.000,0.0001,
2021-10-11 16:00:00.000,0.0001,
2021-10-12 00:00:00.000,0.00040375,
2021-10-12 08:00:00.000,0.0001577,
2021-10-12 16:00:00.000,0.0001,
2021-10-13 00:00:00.000,0.0001,
2021-10-13 08:00:00.000,0.0001,
2021-10-13 16:00:00.000,0.0001,
2021-10-14 00:00:00.000,0.0001,
2021-10-14 08:00:00.000,0.0001,
2021-10-14 16:00:00.000,0.0001,
2021-10-15 00:00:00.000,0.00084106,
2021-10-15 08:00:00.000,0.00108967,
2021-10-15 16:00:00.000,0.00113307,
2021-10-16 00:00:00.000,0.00100085,
2021-10-16 08:00:00.000,0.00066258,
2021-10-16 16:00:00.000,0.00115285,
2021-10-17 00:00:00.000,0.00108612,
2021-10-17 08:00:00.000,0.00100792,
2021-10-17 16:00:00.000,0.00132626,
2021-10-18 00:00:00.000,0.00097351,
2021-10-18 08:00:00.000,0.00029599,
2021-10-18 16:00:00.000,0.00053616,
2021-10-19 00:00:00.000,0.00063126,
2021-10-19 08:00:00.000,0.00082407,
2021-10-19 16:00:00.000,0.00093906,
2021-10-20 00:00:00.000,0.00026164,
2021-10-20 08:00:00.000,0.00025607,
2021-10-20 16:00:00.000,0.00088142,
2021-10-21 00:00:00.000,0.00063088,
2021-10-21 08:00:00.000,0.00069068,
2021-10-21 16:00:00.000,0.00177036,
2021-10-22 00:00:00.000,0.00136163,
2021-10-22 08:00:00.000,0.00105405,
2021-10-22 16:00:00.000,0.00100338,
2021-10-23 00:00:00.000,0.00087968,
2021-10-23 08:00:00.000,0.00028302,
2021-10-23 16:00:00.000,0.0001,
2021-10-24 00:00:00.000,0.00036378,
2021-10-24 08:00:00.000,0.00104202,
2021-10-24 16:00:00.000,0.00117057,
2021-10-25 00:00:00.000,0.00080033,
2021-10-25 08:00:00.000,0.00100916,
2021-10-25 16:00:00.000,0.00093766,
2021-10-26 00:00:00.000,0.00125945,
2021-10-26 08:00:00.000,0.00077266,
2021-10-26 16:00:00.000,0.00088679,
2021-10-27 00:00:00.000,0.00090235,
2021-10-27 08:00:00.000,0.00096344,
2021-10-27 16:00:00.000,0.00042927,
2021-10-28 00:00:00.000,0.0001,
2021-10-28 08:00:00.000,0.0001,
2021-10-28 16:00:00.000,0.0001,
2021-10-29 00:00:00.000,0.00065761,
2021-10-29 08:00:00.000,0.00095839,
2021-10-29 16:00:00.000,0.00075682,
2021-10-30 00:00:00.000,0.000415,
2021-10-30 08:00:00.000,0.00043373,
2021-10-30 16:00:00.000,0.00113323,
2021-10-31 00:00:00.000,0.00078355,
2021-10-31 08:00:00.000,0.00033234,
2021-10-31 16:00:00.000,0.00073227,
2021-11-01 00:00:00.000,0.00061173,
2021-11-01 08:00:00.000,0.0001,
2021-11-01 16:00:00.000,0.00057899,
2021-11-02 00:00:00.000,0.00077705,
2021-11-02 08:00:00.000,0.00061966,
2021-11-02 16:00:00.000,0.00083008,
2021-11-03 00:00:00.000,0.00140341,
2021-11-03 08:00:00.000,0.00116232,
2021-11-03 16:00:00.000,0.00117089,
2021-11-04 00:00:00.000,0.00082105,
2021-11-04 08:00:00.000,0.00141493,
2021-11-04 16:00:00.000,0.001841,
2021-11-05 00:00:00.000,0.00141566,
2021-11-05 08:00:00.000,0.00038236,
2021-11-05 16:00:00.000,0.00058674,
2021-11-06 00:00:00.000,0.00087136,
2021-11-06 08:00:00.000,0.00092436,
2021-11-06 16:00:00.000,0.00105095,
2021-11-07 00:00:00.000,0.00061047,
2021-11-07 08:00:00.000,0.00022313,
2021-11-07 16:00:00.000,0.00053628,
2021-11-08 00:00:00.000,0.00118378,
2021-11-08 08:00:00.000,0.00066725,
2021-11-08 16:00:00.000,0.0006411,
2021-11-09 00:00:00.000,0.00101151,
2021-11-09 08:00:00.000,0.00139723,
2021-11-09 16:00:00.000,0.00176371,
2021-11-10 00:00:00.000,0.00157809,
2021-11-10 08:00:00.000,0.00114126,
2021-11-10 16:00:00.000,0.0013281,
2021-11-11 00:00:00.000,0.00148603,
2021-11-11 08:00:00.000,0.00064346,
2021-11-11 16:00:00.000,0.0001,
2021-11-12 00:00:00.000,0.0001,
2021-11-12 08:00:00.000,0.0001,
2021-11-12 16:00:00.000,0.00011982,
2021-11-13 00:00:00.000,0.0001,
2021-11-13 08:00:00.000,0.0001,
2021-11-13 16:00:00.000,0.00033781,
2021-11-14 00:00:00.000,0.00018453,
2021-11-14 08:00:00.000,0.00012167,
2021-11-14 16:00:00.000,0.00020903,
2021-11-15 00:00:00.000,0.0001,
2021-11-15 08:00:00.000,0.0001,
2021-11-15 16:00:00.000,0.0002182,
2021-11-16 00:00:00.000,0.00018565,
2021-11-16 08:00:00.000,0.00017966,
2021-11-16 16:00:00.000,0.0001,
2021-11-17 00:00:00.000,0.0001,
2021-11-17 08:00:00.000,0.0001,
2021-11-17 16:00:00.000,0.0001,
2021-11-18 00:00:00.000,0.0001,
2021-11-18 08:00:00.000,0.0001,
2021-11-18 16:00:00.000,0.0001,
2021-11-19 00:00:00.000,0.0001,
2021-11-19 08:00:00.000,0.0001,
2021-11-19 16:00:00.000,0.0001,
2021-11-20 00:00:00.000,0.0001,
2021-11-20 08:00:00.000,0.0001,
2021-11-20 16:00:00.000,0.0002055,
2021-11-21 00:00:00.000,0.0002815,
2021-11-21 08:00:00.000,0.0002165,
2021-11-21 16:00:00.000,0.00049382,
2021-11-22 00:00:00.000,0.00039945,
2021-11-22 08:00:00.000,0.00034604,
2021-11-22 16:00:00.000,0.00026006,
2021-11-23 00:00:00.000,0.00042914,
2021-11-23 08:00:00.000,0.0001,
2021-11-23 16:00:00.000,0.0001,
2021-11-24 00:00:00.000,0.0001,
2021-11-24 08:00:00.000,0.00024189,
2021-11-24 16:00:00.000,0.0001,
2021-11-25 00:00:00.000,0.0001,
2021-11-25 08:00:00.000,0.0001,
2021-11-25 16:00:00.000,0.0001,
2021-11-26 00:00:00.000,0.00021804,
2021-11-26 08:00:00.000,0.00050138,
2021-11-26 16:00:00.000,0.00036931,
2021-11-27 00:00:00.000,-0.0006243,
2021-11-27 08:00:00.000,0.0001,
2021-11-27 16:00:00.000,0.0001,
2021-11-28 00:00:00.000,0.0001,
2021-11-28 08:00:00.000,0.0001,
2021-11-28 16:00:00.000,0.0001,
2021-11-29 00:00:00.000,0.0001,
2021-11-29 08:00:00.000,0.0001,
2021-11-29 16:00:00.000,0.0001,
2021-11-30 00:00:00.000,0.0001,
2021-11-30 08:00:00.000,0.00010298,
2021-11-30 16:00:00.000,0.0001518,
2021-12-01 00:00:00.000,0.00028495,
2021-12-01 08:00:00.000,0.00010241,
2021-12-01 16:00:00.000,0.00064029,
2021-12-02 00:00:00.000,0.00052554,
2021-12-02 08:00:00.000,0.00039408,
2021-12-02 16:00:00.000,0.00047823,
2021-12-03 00:00:00.000,0.0001,
2021-12-03 08:00:00.000,0.00022076,
2021-12-03 16:00:00.000,0.00033755,
2021-12-04 00:00:00.000,0.00022564,
2021-12-04 08:00:00.000,0.0001,
2021-12-04 16:00:00.000,-0.00121897,
2021-12-05 00:00:00.000,5.661e-05,
2021-12-05 08:00:00.000,-0.00028405,
2021-12-05 16:00:00.000,0.0001,
2021-12-06 00:00:00.000,7.11e-06,
2021-12-06 08:00:00.000,5.155e-05,
2021-12-06 16:00:00.000,-0.00037408,
2021-12-07 00:00:00.000,0.0001,
2021-12-07 08:00:00.000,0.0001,
2021-12-07 16:00:00.000,0.0001,
2021-12-08 00:00:00.000,0.0001,
2021-12-08 08:00:00.000,0.0001,
2021-12-08 16:00:00.000,0.0001,
2021-12-09 00:00:00.000,0.0001,
2021-12-09 08:00:00.000,0.0001,
2021-12-09 16:00:00.000,0.0001,
2021-12-10 00:00:00.000,0.0001,
2021-12-10 08:00:00.000,0.0001,
2021-12-10 16:00:00.000,0.0001,
2021-12-11 00:00:00.000,0.0001,
2021-12-11 08:00:00.000,0.0001,
2021-12-11 16:00:00.000,0.0001,
2021-12-12 00:00:00.000,0.0001,
2021-12-12 08:00:00.000,0.0001,
2021-12-12 16:00:00.000,0.0001,
2021-12-13 00:00:00.000,0.0001,
2021-12-13 08:00:00.000,0.0001,
2021-12-13 16:00:00.000,0.0001,
2021-12-14 00:00:00.000,0.0001,
2021-12-14 08:00:00.000,0.0001,
2021-12-14 16:00:00.000,0.0001,
2021-12-15 00:00:00.000,-0.00021845,
2021-12-15 08:00:00.000,0.0001,
2021-12-15 16:00:00.000,0.0001144,
2021-12-16 00:00:00.000,0.0001,
2021-12-16 08:00:00.000,0.0001,
2021-12-16 16:00:00.000,0.00019644,
2021-12-17 00:00:00.000,0.0001,
2021-12-17 08:00:00.000,0.0001,
2021-12-17 16:00:00.000,0.0001,
2021-12-18 00:00:00.000,0.0001,
2021-12-18 08:00:00.000,0.0001,
2021-12-18 16:00:00.000,0.0001,
2021-12-19 00:00:00.000,0.0001,
2021-12-19 08:00:00.000,0.0001,
2021-12-19 16:00:00.000,0.0001,
2021-12-20 00:00:00.000,0.0001,
2021-12-20 08:00:00.000,0.0001,
2021-12-20 16:00:00.000,0.0001,
2021-12-21 00:00:00.000,0.0001,
2021-12-21 08:00:00.000,0.0001,
2021-12-21 16:00:00.000,0.0001,
2021-12-22 00:00:00.000,0.0001,
2021-12-22 08:00:00.000,0.0001,
2021-12-22 16:00:00.000,0.0001,
2021-12-23 00:00:00.000,0.0001,
2021-12-23 08:00:00.000,0.0001,
2021-12-23 16:00:00.000,0.0001,
2021-12-24 00:00:00.000,0.0001,
2021-12-24 08:00:00.000,0.0001,
2021-12-24 16:00:00.000,0.0001,
2021-12-25 00:00:00.000,0.0001,
2021-12-25 08:00:00.000,0.0001,
2021-12-25 16:00:00.000,0.0001,
2021-12-26 00:00:00.000,0.0001,
2021-12-26 08:00:00.000,0.0001,
2021-12-26 16:00:00.000,0.0001,
2021-12-27 00:00:00.000,0.0001,
2021-12-27 08:00:00.000,0.0001,
2021-12-27 16:00:00.000,0.00040873,
2021-12-28 00:00:00.000,0.0001,
2021-12-28 08:00:00.000,0.0001,
2021-12-28 16:00:00.000,0.0001,
2021-12-29 00:00:00.000,0.0001,
2021-12-29 08:00:00.000,0.0001,
2021-12-29 16:00:00.000,0.0001,
2021-12-30 00:00:00.000,0.0001,
2021-12-30 08:00:00.000,0.0001,
2021-12-30 16:00:00.000,0.0001,
2021-12-31 00:00:00.000,0.0001,
2021-12-31 08:00:00.000,0.0001,
2021-12-31 16:00:00.000,0.0001,
2022-01-01 00:00:00.000,0.0001,
2022-01-01 08:00:00.000,0.0001,
2022-01-01 16:00:00.000,0.0001,
2022-01-02 00:00:00.000,0.0001,
2022-01-02 08:00:00.000,0.0001,
2022-01-02 16:00:00.000,0.0001,
2022-01-03 00:00:00.000,0.0001,
2022-01-03 08:00:00.000,0.0001,
2022-01-03 16:00:00.000,0.0001,
2022-01-04 00:00:00.000,0.00018309,
2022-01-04 08:00:00.000,0.0001,
2022-01-04 16:00:00.000,0.0001,
2022-01-05 00:00:00.000,0.0001,
2022-01-05 08:00:00.000,0.0001,
2022-01-05 16:00:00.000,0.0001,
2022-01-06 00:00:00.000,0.0001,
2022-01-06 08:00:00.000,0.0001,
2022-01-06 16:00:00.000,-0.00019076,
2022-01-07 00:00:00.000,9.139e-05,
2022-01-07 08:00:00.000,0.0001,
2022-01-07 16:00:00.000,0.0001,
2022-01-08 00:00:00.000,0.0001,
2022-01-08 08:00:00.000,0.0001,
2022-01-08 16:00:00.000,0.0001,
2022-01-09 00:00:00.000,0.0001,
2022-01-09 08:00:00.000,0.0001,
2022-01-09 16:00:00.000,0.0001,
2022-01-10 00:00:00.000,0.0001,
2022-01-10 08:00:00.000,0.0001,
2022-01-10 16:00:00.000,0.0001,
2022-01-11 00:00:00.000,-1.621e-05,
2022-01-11 08:00:00.000,-0.00012567,
2022-01-11 16:00:00.000,8.727e-05,
2022-01-12 00:00:00.000,-1.484e-05,
2022-01-12 08:00:00.000,0.0001,
2022-01-12 16:00:00.000,0.0001,
2022-01-13 00:00:00.000,0.0001,
2022-01-13 08:00:00.000,0.0001,
2022-01-13 16:00:00.000,0.0001,
2022-01-14 00:00:00.000,0.0001,
2022-01-14 08:00:00.000,0.0001,
2022-01-14 16:00:00.000,0.0001,
2022-01-15 00:00:00.000,0.0001,
2022-01-15 08:00:00.000,0.0001,
2022-01-15 16:00:00.000,0.0001,
2022-01-16 00:00:00.000,0.0001,
2022-01-16 08:00:00.000,0.0001,
2022-01-16 16:00:00.000,0.0001,
2022-01-17 00:00:00.000,0.0001,
2022-01-17 08:00:00.000,0.0001,
2022-01-17 16:00:00.000,0.0001,
2022-01-18 00:00:00.000,0.0001,
2022-01-18 08:00:00.000,0.0001,
2022-01-18 16:00:00.000,0.0001,
2022-01-19 00:00:00.000,0.0001,
2022-01-19 08:00:00.000,0.0001,
2022-01-19 16:00:00.000,0.0001,
2022-01-20 00:00:00.000,0.0001,
2022-01-20 08:00:00.000,0.0001,
2022-01-20 16:00:00.000,0.0001,
2022-01-21 00:00:00.000,0.0001,
2022-01-21 08:00:00.000,0.0001,
2022-01-21 16:00:00.000,0.0001,
2022-01-22 00:00:00.000,0.0001,
2022-01-22 08:00:00.000,0.0001,
2022-01-22 16:00:00.000,0.0001,
2022-01-23 00:00:00.000,-0.00027036,
2022-01-23 08:00:00.000,0.0001,
2022-01-23 16:00:00.000,0.0001,
2022-01-24 00:00:00.000,0.0001,
2022-01-24 08:00:00.000,0.0001,
2022-01-24 16:00:00.000,0.0001,
2022-01-25 00:00:00.000,0.0001,
2022-01-25 08:00:00.000,0.0001,
2022-01-25 16:00:00.000,0.0001,
2022-01-26 00:00:00.000,0.0001,
2022-01-26 08:00:00.000,0.0001,
2022-01-26 16:00:00.000,0.0001,
2022-01-27 00:00:00.000,6.753e-05,
2022-01-27 08:00:00.000,9.8e-07,
2022-01-27 16:00:00.000,0.0001,
2022-01-28 00:00:00.000,0.0001,
2022-01-28 08:00:00.000,0.0001,
2022-01-28 16:00:00.000,0.0001,
2022-01-29 00:00:00.000,0.0001,
2022-01-29 08:00:00.000,0.0001,
2022-01-29 16:00:00.000,0.0001,
2022-01-30 00:00:00.000,0.0001,
2022-01-30 08:00:00.000,0.0001,
2022-01-30 16:00:00.000,0.0001,
2022-01-31 00:00:00.000,0.0001,
2022-01-31 08:00:00.000,0.0001,
2022-01-31 16:00:00.000,0.0001,
2022-02-01 00:00:00.000,0.0001,
2022-02-01 08:00:00.000,0.0001,
2022-02-01 16:00:00.000,0.0001,
2022-02-02 00:00:00.000,0.0001,
2022-02-02 08:00:00.000,0.0001,
2022-02-02 16:00:00.000,0.0001,
2022-02-03 00:00:00.000,0.0001,
2022-02-03 08:00:00.000,0.0001,
2022-02-03 16:00:00.000,0.0001,
2022-02-04 00:00:00.000,0.0001,
2022-02-04 08:00:00.000,0.0001,
2022-02-04 16:00:00.000,-0.00028988,
2022-02-05 00:00:00.000,2.206e-05,
2022-02-05 08:00:00.000,0.0001,
2022-02-05 16:00:00.000,0.0001,
2022-02-06 00:00:00.000,0.0001,
2022-02-06 08:00:00.000,0.0001,
2022-02-06 16:00:00.000,0.0001,
2022-02-07 00:00:00.000,6.043e-05,
2022-02-07 08:00:00.000,0.0001,
2022-02-07 16:00:00.000,0.0001,
2022-02-08 00:00:00.000,0.0001,
2022-02-08 08:00:00.000,0.0001,
2022-02-08 16:00:00.000,0.0001,
2022-02-09 00:00:00.000,0.0001,
2022-02-09 08:00:00.000,0.0001,
2022-02-09 16:00:00.000,0.0001,
2022-02-10 00:00:00.000,0.0001,
2022-02-10 08:00:00.000,0.0001,
2022-02-10 16:00:00.000,0.0001,
2022-02-11 00:00:00.000,0.0001,
2022-02-11 08:00:00.000,0.0001,
2022-02-11 16:00:00.000,0.0001,
2022-02-12 00:00:00.000,0.0001,
2022-02-12 08:00:00.000,3.233e-05,
2022-02-12 16:00:00.000,-1.048e-05,
2022-02-13 00:00:00.000,0.0001,
2022-02-13 08:00:00.000,0.0001,
2022-02-13 16:00:00.000,0.0001,
2022-02-14 00:00:00.000,-8.897e-05,
2022-02-14 08:00:00.000,8.769e-05,
2022-02-14 16:00:00.000,0.0001,
2022-02-15 00:00:00.000,7.473e-05,
2022-02-15 08:00:00.000,-4.342e-05,
2022-02-15 16:00:00.000,2.653e-05,
2022-02-16 00:00:00.000,0.0001,
2022-02-16 08:00:00.000,0.0001,
2022-02-16 16:00:00.000,0.0001,
2022-02-17 00:00:00.000,0.0001,
2022-02-17 08:00:00.000,0.0001,
2022-02-17 16:00:00.000,0.0001,
2022-02-18 00:00:00.000,0.0001,
2022-02-18 08:00:00.000,-0.00015377,
2022-02-18 16:00:00.000,-2.18e-05,
2022-02-19 00:00:00.000,0.0001,
2022-02-19 08:00:00.000,0.0001,
2022-02-19 16:00:00.000,0.0001,
2022-02-20 00:00:00.000,0.0001,
2022-02-20 08:00:00.000,0.0001,
2022-02-20 16:00:00.000,0.0001,
2022-02-21 00:00:00.000,-7.282e-05,
2022-02-21 08:00:00.000,-0.00011219,
2022-02-21 16:00:00.000,-2.172e-05,
2022-02-22 00:00:00.000,4.203e-05,
2022-02-22 08:00:00.000,-9.359e-05,
2022-02-22 16:00:00.000,-0.0002692,
2022-02-23 00:00:00.000,-0.00015393,
2022-02-23 08:00:00.000,0.0001,
2022-02-23 16:00:00.000,0.0001,
2022-02-24 00:00:00.000,0.0001,
2022-02-24 08:00:00.000,0.0001,
2022-02-24 16:00:00.000,-0.00056238,
2022-02-25 00:00:00.000,-0.00029236,
2022-02-25 08:00:00.000,-0.00037872,
2022-02-25 16:00:00.000,6.515e-05,
2022-02-26 00:00:00.000,0.0001,
2022-02-26 08:00:00.000,-2.278e-05,
2022-02-26 16:00:00.000,0.0001,
2022-02-27 00:00:00.000,0.0001,
2022-02-27 08:00:00.000,0.0001,
2022-02-27 16:00:00.000,-2.594e-05,
2022-02-28 00:00:00.000,-1.887e-05,
2022-02-28 08:00:00.000,0.0001,
2022-02-28 16:00:00.000,0.0001,
2022-03-01 00:00:00.000,0.0001,
2022-03-01 08:00:00.000,0.0001,
2022-03-01 16:00:00.000,0.0001,
2022-03-02 00:00:00.000,0.0001,
2022-03-02 08:00:00.000,0.0001,
2022-03-02 16:00:00.000,0.0001,
2022-03-03 00:00:00.000,0.0001,
2022-03-03 08:00:00.000,0.0001,
2022-03-03 16:00:00.000,0.0001,
2022-03-04 00:00:00.000,0.0001,
2022-03-04 08:00:00.000,0.0001,
2022-03-04 16:00:00.000,0.0001,
2022-03-05 00:00:00.000,0.0001,
2022-03-05 08:00:00.000,0.0001,
2022-03-05 16:00:00.000,0.0001,
2022-03-06 00:00:00.000,0.0001,
2022-03-06 08:00:00.000,0.0001,
2022-03-06 16:00:00.000,0.0001,
2022-03-07 00:00:00.000,0.0001,
2022-03-07 08:00:00.000,0.0001,
2022-03-07 16:00:00.000,5.581e-05,
2022-03-08 00:00:00.000,0.0001,
2022-03-08 08:00:00.000,-8.331e-05,
2022-03-08 16:00:00.000,6.891e-05,
2022-03-09 00:00:00.000,0.0001,
2022-03-09 08:00:00.000,0.0001,
2022-03-09 16:00:00.000,0.0001,
2022-03-10 00:00:00.000,0.0001,
2022-03-10 08:00:00.000,0.0001,
2022-03-10 16:00:00.000,0.0001,
2022-03-11 00:00:00.000,0.0001,
2022-03-11 08:00:00.000,0.0001,
2022-03-11 16:00:00.000,0.0001,
2022-03-12 00:00:00.000,0.0001,
2022-03-12 08:00:00.000,0.0001,
2022-03-12 16:00:00.000,0.0001,
2022-03-13 00:00:00.000,0.0001,
2022-03-13 08:00:00.000,0.0001,
2022-03-13 16:00:00.000,0.0001,
2022-03-14 00:00:00.000,0.0001,
2022-03-14 08:00:00.000,0.0001,
2022-03-14 16:00:00.000,0.0001,
2022-03-15 00:00:00.000,0.0001,
2022-03-15 08:00:00.000,0.0001,
2022-03-15 16:00:00.000,0.0001,
2022-03-16 00:00:00.000,0.0001,
2022-03-16 08:00:00.000,0.0001,
2022-03-16 16:00:00.000,0.0001,
2022-03-17 00:00:00.000,0.0001,
2022-03-17 08:00:00.000,0.0001,
2022-03-17 16:00:00.000,0.0001,
2022-03-18 00:00:00.000,0.0001,
2022-03-18 08:00:00.000,0.0001,
2022-03-18 16:00:00.000,0.0001,
2022-03-19 00:00:00.000,0.0001,
2022-03-19 08:00:00.000,0.0001,
2022-03-19 16:00:00.000,0.0001,
2022-03-20 00:00:00.000,0.0001,
2022-03-20 08:00:00.000,0.0001,
2022-03-20 16:00:00.000,0.0001,
2022-03-21 00:00:00.000,0.0001,
2022-03-21 08:00:00.000,0.0001,
2022-03-21 16:00:00.000,0.0001,
2022-03-22 00:00:00.000,0.0001,
2022-03-22 08:00:00.000,0.0001,
2022-03-22 16:00:00.000,0.0001,
2022-03-23 00:00:00.000,0.0001,
2022-03-23 08:00:00.000,0.0001,
2022-03-23 16:00:00.000,0.0001,
2022-03-24 00:00:00.000,0.0001,
2022-03-24 08:00:00.000,0.0001,
2022-03-24 16:00:00.000,0.0001,
2022-03-25 00:00:00.000,0.0001,
2022-03-25 08:00:00.000,0.0001,
2022-03-25 16:00:00.000,0.0001,
2022-03-26 00:00:00.000,0.0001,
2022-03-26 08:00:00.000,0.0001,
2022-03-26 16:00:00.000,0.0001,
2022-03-27 00:00:00.000,0.0001,
2022-03-27 08:00:00.000,0.0001,
2022-03-27 16:00:00.000,0.0001,
2022-03-28 00:00:00.000,0.0001,
2022-03-28 08:00:00.000,0.0001,
2022-03-28 16:00:00.000,0.00011782,
2022-03-29 00:00:00.000,0.00017099,
2022-03-29 08:00:00.000,0.0001,
2022-03-29 16:00:00.000,0.00011163,
2022-03-30 00:00:00.000,0.00022823,
2022-03-30 08:00:00.000,0.0001,
2022-03-30 16:00:00.000,0.0001,
2022-03-31 00:00:00.000,0.0001,
2022-03-31 08:00:00.000,0.00027133,
2022-03-31 16:00:00.000,0.0002438,
2022-04-01 00:00:00.000,0.00024471,
2022-04-01 08:00:00.000,0.0001,
2022-04-01 16:00:00.000,0.0001,
2022-04-02 00:00:00.000,0.0001,
2022-04-02 08:00:00.000,0.0001,
2022-04-02 16:00:00.000,0.0001,
2022-04-03 00:00:00.000,0.0001,
2022-04-03 08:00:00.000,0.0001,
2022-04-03 16:00:00.000,0.0001,
2022-04-04 00:00:00.000,0.0001,
2022-04-04 08:00:00.000,0.0001,
2022-04-04 16:00:00.000,0.0001,
2022-04-05 00:00:00.000,0.00021403,
2022-04-05 08:00:00.000,0.0001,
2022-04-05 16:00:00.000,0.0001,
2022-04-06 00:00:00.000,0.00014707,
2022-04-06 08:00:00.000,0.0001,
2022-04-06 16:00:00.000,0.0001,
2022-04-07 00:00:00.000,0.0001,
2022-04-07 08:00:00.000,0.0001,
2022-04-07 16:00:00.000,0.0001,
2022-04-08 00:00:00.000,0.0001,
2022-04-08 08:00:00.000,0.0001,
2022-04-08 16:00:00.000,0.0001,
2022-04-09 00:00:00.000,0.0001,
2022-04-09 08:00:00.000,0.0001,
2022-04-09 16:00:00.000,0.0001,
2022-04-10 00:00:00.000,0.0001,
2022-04-10 08:00:00.000,0.0001,
2022-04-10 16:00:00.000,0.0001,
2022-04-11 00:00:00.000,0.0001,
2022-04-11 08:00:00.000,0.0001,
2022-04-11 16:00:00.000,0.0001,
2022-04-12 00:00:00.000,0.0001,
2022-04-12 08:00:00.000,0.0001,
2022-04-12 16:00:00.000,-2.357e-05,
2022-04-13 00:00:00.000,8.682e-05,
2022-04-13 08:00:00.000,0.0001,
2022-04-13 16:00:00.000,0.0001,
2022-04-14 00:00:00.000,0.0001,
2022-04-14 08:00:00.000,0.0001,
2022-04-14 16:00:00.000,0.0001,
2022-04-15 00:00:00.000,0.0001,
2022-04-15 08:00:00.000,0.0001,
2022-04-15 16:00:00.000,0.0001,
2022-04-16 00:00:00.000,0.0001,
2022-04-16 08:00:00.000,0.0001,
2022-04-16 16:00:00.000,0.0001,
2022-04-17 00:00:00.000,0.0001,
2022-04-17 08:00:00.000,0.0001,
2022-04-17 16:00:00.000,0.0001,
2022-04-18 00:00:00.000,0.0001,
2022-04-18 08:00:00.000,0.0001,
2022-04-18 16:00:00.000,0.0001,
2022-04-19 00:00:00.000,0.0001,
2022-04-19 08:00:00.000,0.0001,
2022-04-19 16:00:00.000,0.0001,
2022-04-20 00:00:00.000,0.0001,
2022-04-20 08:00:00.000,0.0001,
2022-04-20 16:00:00.000,0.0001,
2022-04-21 00:00:00.000,0.0001,
2022-04-21 08:00:00.000,0.0001,
2022-04-21 16:00:00.000,0.0001,
2022-04-22 00:00:00.000,0.0001,
2022-04-22 08:00:00.000,0.0001,
2022-04-22 16:00:00.000,0.0001,
2022-04-23 00:00:00.000,0.0001,
2022-04-23 08:00:00.000,0.0001,
2022-04-23 16:00:00.000,0.0001,
2022-04-24 00:00:00.000,0.0001,
2022-04-24 08:00:00.000,0.0001,
2022-04-24 16:00:00.000,0.0001,
2022-04-25 00:00:00.000,0.0001,
2022-04-25 08:00:00.000,0.0001,
2022-04-25 16:00:00.000,-4.368e-05,
2022-04-26 00:00:00.000,-9.092e-05,
2022-04-26 08:00:00.000,0.0001,
2022-04-26 16:00:00.000,0.0001,
2022-04-27 00:00:00.000,0.0001,
2022-04-27 08:00:00.000,0.0001,
2022-04-27 16:00:00.000,0.0001,
2022-04-28 00:00:00.000,0.0001,
2022-04-28 08:00:00.000,0.0001,
2022-04-28 16:00:00.000,0.0001,
2022-04-29 00:00:00.000,0.0001,
2022-04-29 08:00:00.000,0.0001,
2022-04-29 16:00:00.000,0.0001,
2022-04-30 00:00:00.000,0.0001,
2022-04-30 08:00:00.000,0.0001,
2022-04-30 16:00:00.000,0.0001,
2022-05-01 00:00:00.000,0.0001,
2022-05-01 08:00:00.000,0.0001,
2022-05-01 16:00:00.000,0.0001,
2022-05-02 00:00:00.000,0.0001,
2022-05-02 08:00:00.000,0.0001,
2022-05-02 16:00:00.000,0.0001,
2022-05-03 00:00:00.000,0.0001,
2022-05-03 08:00:00.000,0.0001,
2022-05-03 16:00:00.000,0.0001,
2022-05-04 00:00:00.000,0.0001,
2022-05-04 08:00:00.000,0.0001,
2022-05-04 16:00:00.000,0.0001,
2022-05-05 00:00:00.000,0.0001,
2022-05-05 08:00:00.000,0.0001,
2022-05-05 16:00:00.000,0.0001,
2022-05-06 00:00:00.000,0.0001,
2022-05-06 08:00:00.000,0.0001,
2022-05-06 16:00:00.000,0.0001,
2022-05-07 00:00:00.000,0.0001,
2022-05-07 08:00:00.000,0.0001,
2022-05-07 16:00:00.000,0.0001,
2022-05-08 00:00:00.000,0.0001,
2022-05-08 08:00:00.000,0.0001,
2022-05-08 16:00:00.000,0.0001,
2022-05-09 00:00:00.000,0.0001,
2022-05-09 08:00:00.000,0.0001,
2022-05-09 16:00:00.000,8.732e-05,
2022-05-10 00:00:00.000,0.0001,
2022-05-10 08:00:00.000,-5.953e-05,
2022-05-10 16:00:00.000,-0.00020959,
2022-05-11 00:00:00.000,0.0001,
2022-05-11 08:00:00.000,4.934e-05,
2022-05-11 16:00:00.000,0.0001,
2022-05-12 00:00:00.000,-0.00051517,
2022-05-12 08:00:00.000,-0.00045657,
2022-05-12 16:00:00.000,-0.00107607,
2022-05-13 00:00:00.000,-0.00128485,
2022-05-13 08:00:00.000,-0.00040769,
2022-05-13 16:00:00.000,-0.00020439,
2022-05-14 00:00:00.000,-3.189e-05,
2022-05-14 08:00:00.000,-3.447e-05,
2022-05-14 16:00:00.000,8.241e-05,
2022-05-15 00:00:00.000,-7.119e-05,
2022-05-15 08:00:00.000,-6.696e-05,
2022-05-15 16:00:00.000,0.0001,
2022-05-16 00:00:00.000,0.0001,
2022-05-16 08:00:00.000,-5.596e-05,
2022-05-16 16:00:00.000,-0.00012733,
2022-05-17 00:00:00.000,-7.816e-05,
2022-05-17 08:00:00.000,3.761e-05,
2022-05-17 16:00:00.000,-0.00013985,
2022-05-18 00:00:00.000,4.59e-05,
2022-05-18 08:00:00.000,0.0001,
2022-05-18 16:00:00.000,3.051e-05,
2022-05-19 00:00:00.000,-0.00015418,
2022-05-19 08:00:00.000,1.592e-05,
2022-05-19 16:00:00.000,3.654e-05,
2022-05-20 00:00:00.000,0.0001,
2022-05-20 08:00:00.000,0.0001,
2022-05-20 16:00:00.000,0.0001,
2022-05-21 00:00:00.000,0.0001,
2022-05-21 08:00:00.000,6.028e-05,
2022-05-21 16:00:00.000,3.861e-05,
2022-05-22 00:00:00.000,0.0001,
2022-05-22 08:00:00.000,0.0001,
2022-05-22 16:00:00.000,0.0001,
2022-05-23 00:00:00.000,0.0001,
2022-05-23 08:00:00.000,0.0001,
2022-05-23 16:00:00.000,0.0001,
2022-05-24 00:00:00.000,0.0001,
2022-05-24 08:00:00.000,0.0001,
2022-05-24 16:00:00.000,1.28e-06,
2022-05-25 00:00:00.000,5.554e-05,
2022-05-25 08:00:00.000,0.0001,
2022-05-25 16:00:00.000,0.0001,
2022-05-26 00:00:00.000,0.0001,
2022-05-26 08:00:00.000,0.0001,
2022-05-26 16:00:00.000,0.0001,
2022-05-27 00:00:00.000,-4.49e-05,
2022-05-27 08:00:00.000,-0.00014347,
2022-05-27 16:00:00.000,-0.00028802,
2022-05-28 00:00:00.000,0.0001,
2022-05-28 08:00:00.000,7.22e-05,
2022-05-28 16:00:00.000,0.0001,
2022-05-29 00:00:00.000,0.0001,
2022-05-29 08:00:00.000,0.0001,
2022-05-29 16:00:00.000,0.0001,
2022-05-30 00:00:00.000,0.0001,
2022-05-30 08:00:00.000,0.0001,
2022-05-30 16:00:00.000,0.0001,
2022-05-31 00:00:00.000,0.0001,
2022-05-31 08:00:00.000,0.0001,
2022-05-31 16:00:00.000,0.0001,
2022-06-01 00:00:00.000,0.0001,
2022-06-01 08:00:00.000,0.0001,
2022-06-01 16:00:00.000,0.0001,
2022-06-02 00:00:00.000,0.0001,
2022-06-02 08:00:00.000,0.0001,
2022-06-02 16:00:00.000,0.0001,
2022-06-03 00:00:00.000,0.0001,
2022-06-03 08:00:00.000,0.0001,
2022-06-03 16:00:00.000,0.0001,
2022-06-04 00:00:00.000,0.0001,
2022-06-04 08:00:00.000,0.0001,
2022-06-04 16:00:00.000,0.0001,
2022-06-05 00:00:00.000,0.0001,
2022-06-05 08:00:00.000,0.0001,
2022-06-05 16:00:00.000,0.0001,
2022-06-06 00:00:00.000,0.0001,
2022-06-06 08:00:00.000,0.0001,
2022-06-06 16:00:00.000,0.0001,
2022-06-07 00:00:00.000,0.0001,
2022-06-07 08:00:00.000,0.0001,
2022-06-07 16:00:00.000,0.0001,
2022-06-08 00:00:00.000,0.0001,
2022-06-08 08:00:00.000,0.0001,
2022-06-08 16:00:00.000,0.0001,
2022-06-09 00:00:00.000,0.0001,
2022-06-09 08:00:00.000,0.0001,
2022-06-09 16:00:00.000,0.0001,
2022-06-10 00:00:00.000,0.0001,
2022-06-10 08:00:00.000,0.0001,
2022-06-10 16:00:00.000,0.0001,
2022-06-11 00:00:00.000,0.0001,
2022-06-11 08:00:00.000,8.263e-05,
2022-06-11 16:00:00.000,0.0001,
2022-06-12 00:00:00.000,-0.00021433,
2022-06-12 08:00:00.000,-7.626e-05,
2022-06-12 16:00:00.000,-0.00017536,
2022-06-13 00:00:00.000,5.795e-05,
2022-06-13 08:00:00.000,-2.83e-06,
2022-06-13 16:00:00.000,-1.624e-05,
2022-06-14 00:00:00.000,8.074e-05,
2022-06-14 08:00:00.000,4.036e-05,
2022-06-14 16:00:00.000,0.0001,
2022-06-15 00:00:00.000,0.0001,
2022-06-15 08:00:00.000,0.0001,
2022-06-15 16:00:00.000,0.0001,
2022-06-16 00:00:00.000,0.0001,
2022-06-16 08:00:00.000,0.0001,
2022-06-16 16:00:00.000,0.0001,
2022-06-17 00:00:00.000,0.0001,
2022-06-17 08:00:00.000,0.0001,
2022-06-17 16:00:00.000,0.0001,
2022-06-18 00:00:00.000,0.0001,
2022-06-18 08:00:00.000,0.0001,
2022-06-18 16:00:00.000,0.0001,
2022-06-19 00:00:00.000,0.0001,
2022-06-19 08:00:00.000,0.0001,
2022-06-19 16:00:00.000,4.406e-05,
2022-06-20 00:00:00.000,5.282e-05,
2022-06-20 08:00:00.000,0.0001,
2022-06-20 16:00:00.000,0.0001,
2022-06-21 00:00:00.000,0.0001,
2022-06-21 08:00:00.000,0.0001,
2022-06-21 16:00:00.000,0.0001,
2022-06-22 00:00:00.000,0.0001,
2022-06-22 08:00:00.000,0.0001,
2022-06-22 16:00:00.000,0.0001,
2022-06-23 00:00:00.000,0.0001,
2022-06-23 08:00:00.000,0.0001,
2022-06-23 16:00:00.000,0.0001,
2022-06-24 00:00:00.000,0.0001,
2022-06-24 08:00:00.000,0.0001,
2022-06-24 16:00:00.000,0.0001,
2022-06-25 00:00:00.000,0.0001,
2022-06-25 08:00:00.000,0.0001,
2022-06-25 16:00:00.000,0.0001,
2022-06-26 00:00:00.000,0.0001,
2022-06-26 08:00:00.000,0.0001,
2022-06-26 16:00:00.000,0.0001,
2022-06-27 00:00:00.000,0.0001,
2022-06-27 08:00:00.000,0.0001,
2022-06-27 16:00:00.000,-0.00020232,
2022-06-28 00:00:00.000,9.408e-05,
2022-06-28 08:00:00.000,0.0001,
2022-06-28 16:00:00.000,0.0001,
2022-06-29 00:00:00.000,0.0001,
2022-06-29 08:00:00.000,0.0001,
2022-06-29 16:00:00.000,0.0001,
2022-06-30 00:00:00.000,0.0001,
2022-06-30 08:00:00.000,0.0001,
2022-06-30 16:00:00.000,0.0001,
2022-07-01 00:00:00.000,0.0001,
2022-07-01 08:00:00.000,0.0001,
2022-07-01 16:00:00.000,0.0001,
2022-07-02 00:00:00.000,0.0001,
2022-07-02 08:00:00.000,0.0001,
2022-07-02 16:00:00.000,0.0001,
2022-07-03 00:00:00.000,0.0001,
2022-07-03 08:00:00.000,0.0001,
2022-07-03 16:00:00.000,0.0001,
2022-07-04 00:00:00.000,0.0001,
2022-07-04 08:00:00.000,0.0001,
2022-07-04 16:00:00.000,0.0001,
2022-07-05 00:00:00.000,0.0001,
2022-07-05 08:00:00.000,0.0001,
2022-07-05 16:00:00.000,0.0001,
2022-07-06 00:00:00.000,0.0001,
2022-07-06 08:00:00.000,0.0001,
2022-07-06 16:00:00.000,0.0001,
2022-07-07 00:00:00.000,0.0001,
2022-07-07 08:00:00.000,0.0001,
2022-07-07 16:00:00.000,0.0001,
2022-07-08 00:00:00.000,0.0001,
2022-07-08 08:00:00.000,0.0001,
2022-07-08 16:00:00.000,0.0001,
2022-07-09 00:00:00.000,0.0001,
2022-07-09 08:00:00.000,0.0001,
2022-07-09 16:00:00.000,0.0001,
2022-07-10 00:00:00.000,0.0001,
2022-07-10 08:00:00.000,0.0001,
2022-07-10 16:00:00.000,0.0001,
2022-07-11 00:00:00.000,0.0001,
2022-07-11 08:00:00.000,0.0001,
2022-07-11 16:00:00.000,0.0001,
2022-07-12 00:00:00.000,0.0001,
2022-07-12 08:00:00.000,0.0001,
2022-07-12 16:00:00.000,0.0001,
2022-07-13 00:00:00.000,0.0001,
2022-07-13 08:00:00.000,0.0001,
2022-07-13 16:00:00.000,0.0001,
2022-07-14 00:00:00.000,0.0001,
2022-07-14 08:00:00.000,0.0001,
2022-07-14 16:00:00.000,0.0001,
2022-07-15 00:00:00.000,0.0001,
2022-07-15 08:00:00.000,0.0001,
2022-07-15 16:00:00.000,0.0001,
2022-07-16 00:00:00.000,0.0001,
2022-07-16 08:00:00.000,0.0001,
2022-07-16 16:00:00.000,0.0001,
2022-07-17 00:00:00.000,0.0001,
2022-07-17 08:00:00.000,0.0001,
2022-07-17 16:00:00.000,0.0001,
2022-07-18 00:00:00.000,0.0001,
2022-07-18 08:00:00.000,0.0001,
2022-07-18 16:00:00.000,0.0001,
2022-07-19 00:00:00.000,0.0001,
2022-07-19 08:00:00.000,0.0001,
2022-07-19 16:00:00.000,0.0001,
2022-07-20 00:00:00.000,0.0001,
2022-07-20 08:00:00.000,0.0001,
2022-07-20 16:00:00.000,0.0001,
2022-07-21 00:00:00.000,0.0001,
2022-07-21 08:00:00.000,0.0001,
2022-07-21 16:00:00.000,0.0001,
2022-07-22 00:00:00.000,0.0001,
2022-07-22 08:00:00.000,0.0001,
2022-07-22 16:00:00.000,0.0001,
2022-07-23 00:00:00.000,0.0001,
2022-07-23 08:00:00.000,0.0001,
2022-07-23 16:00:00.000,0.0001,
2022-07-24 00:00:00.000,0.0001,
2022-07-24 08:00:00.000,0.0001,
2022-07-24 16:00:00.000,0.0001,
2022-07-25 00:00:00.000,0.0001,
2022-07-25 08:00:00.000,0.0001,
2022-07-25 16:00:00.000,0.0001,
2022-07-26 00:00:00.000,0.0001,
2022-07-26 08:00:00.000,0.0001,
2022-07-26 16:00:00.000,0.0001,
2022-07-27 00:00:00.000,0.0001,
2022-07-27 08:00:00.000,0.0001,
2022-07-27 16:00:00.000,0.0001,
2022-07-28 00:00:00.000,0.0001,
2022-07-28 08:00:00.000,0.0001,
2022-07-28 16:00:00.000,0.0001,
2022-07-29 00:00:00.000,0.0001,
2022-07-29 08:00:00.000,0.0001,
2022-07-29 16:00:00.000,0.0001,
2022-07-30 00:00:00.000,0.0001,
2022-07-30 08:00:00.000,0.0001,
2022-07-30 16:00:00.000,0.0001,
2022-07-31 00:00:00.000,0.0001,
2022-07-31 08:00:00.000,0.0001,
2022-07-31 16:00:00.000,0.0001,
2022-08-01 00:00:00.000,0.0001,
2022-08-01 08:00:00.000,0.0001,
2022-08-01 16:00:00.000,0.0001,
2022-08-02 00:00:00.000,0.0001,
2022-08-02 08:00:00.000,0.0001,
2022-08-02 16:00:00.000,0.0001,
2022-08-03 00:00:00.000,0.0001,
2022-08-03 08:00:00.000,0.0001,
2022-08-03 16:00:00.000,0.0001,
2022-08-04 00:00:00.000,0.0001,
2022-08-04 08:00:00.000,0.0001,
2022-08-04 16:00:00.000,0.0001,
2022-08-05 00:00:00.000,0.0001,
2022-08-05 08:00:00.000,0.0001,
2022-08-05 16:00:00.000,0.0001,
2022-08-06 00:00:00.000,0.0001,
2022-08-06 08:00:00.000,0.0001,
2022-08-06 16:00:00.000,0.0001,
2022-08-07 00:00:00.000,0.0001,
2022-08-07 08:00:00.000,0.0001,
2022-08-07 16:00:00.000,0.0001,
2022-08-08 00:00:00.000,0.0001,
2022-08-08 08:00:00.000,0.0001,
2022-08-08 16:00:00.000,0.0001,
2022-08-09 00:00:00.000,0.0001,
2022-08-09 08:00:00.000,0.0001,
2022-08-09 16:00:00.000,0.0001,
2022-08-10 00:00:00.000,0.0001,
2022-08-10 08:00:00.000,0.0001,
2022-08-10 16:00:00.000,0.0001,
2022-08-11 00:00:00.000,0.0001,
2022-08-11 08:00:00.000,0.0001,
2022-08-11 16:00:00.000,0.0001,
2022-08-12 00:00:00.000,0.0001,
2022-08-12 08:00:00.000,0.0001,
2022-08-12 16:00:00.000,0.0001,
2022-08-13 00:00:00.000,0.0001,
2022-08-13 08:00:00.000,0.0001,
2022-08-13 16:00:00.000,0.0001,
2022-08-14 00:00:00.000,0.0001,
2022-08-14 08:00:00.000,0.0001,
2022-08-14 16:00:00.000,0.0001,
2022-08-15 00:00:00.000,0.0001,
2022-08-15 08:00:00.000,0.0001,
2022-08-15 16:00:00.000,0.0001,
2022-08-16 00:00:00.000,0.0001,
2022-08-16 08:00:00.000,0.0001,
2022-08-16 16:00:00.000,0.0001,
2022-08-17 00:00:00.000,0.0001,
2022-08-17 08:00:00.000,0.0001,
2022-08-17 16:00:00.000,0.0001,
2022-08-18 00:00:00.000,0.0001,
2022-08-18 08:00:00.000,0.0001,
2022-08-18 16:00:00.000,0.0001,
2022-08-19 00:00:00.000,0.0001,
2022-08-19 08:00:00.000,0.0001,
2022-08-19 16:00:00.000,0.0001,
2022-08-20 00:00:00.000,0.0001,
2022-08-20 08:00:00.000,0.0001,
2022-08-20 16:00:00.000,0.0001,
2022-08-21 00:00:00.000,0.0001,
2022-08-21 08:00:00.000,0.0001,
2022-08-21 16:00:00.000,0.0001,
2022-08-22 00:00:00.000,0.0001,
2022-08-22 08:00:00.000,0.0001,
2022-08-22 16:00:00.000,0.0001,
2022-08-23 00:00:00.000,0.0001,
2022-08-23 08:00:00.000,0.0001,
2022-08-23 16:00:00.000,0.0001,
2022-08-24 00:00:00.000,0.0001,
2022-08-24 08:00:00.000,0.0001,
2022-08-24 16:00:00.000,0.0001,
2022-08-25 00:00:00.000,0.0001,
2022-08-25 08:00:00.000,0.0001,
2022-08-25 16:00:00.000,0.0001,
2022-08-26 00:00:00.000,0.0001,
2022-08-26 08:00:00.000,0.0001,
2022-08-26 16:00:00.000,0.0001,
2022-08-27 00:00:00.000,0.0001,
2022-08-27 08:00:00.000,0.0001,
2022-08-27 16:00:00.000,0.0001,
2022-08-28 00:00:00.000,0.0001,
2022-08-28 08:00:00.000,0.0001,
2022-08-28 16:00:00.000,0.0001,
2022-08-29 00:00:00.000,0.0001,
2022-08-29 08:00:00.000,0.0001,
2022-08-29 16:00:00.000,0.0001,
2022-08-30 00:00:00.000,0.0001,
2022-08-30 08:00:00.000,0.0001,
2022-08-30 16:00:00.000,0.0001,
2022-08-31 00:00:00.000,0.0001,
2022-08-31 08:00:00.000,0.0001,
2022-08-31 16:00:00.000,0.0001,
2022-09-01 00:00:00.000,0.0001,
2022-09-01 08:00:00.000,0.0001,
2022-09-01 16:00:00.000,0.0001,
2022-09-02 00:00:00.000,0.0001,
2022-09-02 08:00:00.000,0.0001,
2022-09-02 16:00:00.000,0.0001,
2022-09-03 00:00:00.000,0.0001,
2022-09-03 08:00:00.000,0.0001,
2022-09-03 16:00:00.000,0.0001,
2022-09-04 00:00:00.000,0.0001,
2022-09-04 08:00:00.000,0.0001,
2022-09-04 16:00:00.000,0.0001,
2022-09-05 00:00:00.000,0.0001,
2022-09-05 08:00:00.000,0.0001,
2022-09-05 16:00:00.000,0.0001,
2022-09-06 00:00:00.000,0.0001,
2022-09-06 08:00:00.000,0.0001,
2022-09-06 16:00:00.000,0.0001,
2022-09-07 00:00:00.000,0.0001,
2022-09-07 08:00:00.000,0.0001,
2022-09-07 16:00:00.000,0.0001,
2022-09-08 00:00:00.000,0.0001,
2022-09-08 08:00:00.000,0.0001,
2022-09-08 16:00:00.000,0.0001,
2022-09-09 00:00:00.000,0.0001,
2022-09-09 08:00:00.000,0.0001,
2022-09-09 16:00:00.000,0.0001,
2022-09-10 00:00:00.000,0.0001,
2022-09-10 08:00:00.000,0.0001,
2022-09-10 16:00:00.000,0.0001,
2022-09-11 00:00:00.000,0.0001,
2022-09-11 08:00:00.000,0.0001,
2022-09-11 16:00:00.000,0.0001,
2022-09-12 00:00:00.000,0.0001,
2022-09-12 08:00:00.000,0.0001,
2022-09-12 16:00:00.000,0.0001,
2022-09-13 00:00:00.000,0.0001,
2022-09-13 08:00:00.000,0.0001,
2022-09-13 16:00:00.000,0.0001,
2022-09-14 00:00:00.000,0.0001,
2022-09-14 08:00:00.000,0.0001,
2022-09-14 16:00:00.000,0.0001,
2022-09-15 00:00:00.000,0.0001,
2022-09-15 08:00:00.000,0.0001,
2022-09-15 16:00:00.000,0.0001,
2022-09-16 00:00:00.000,0.0001,
2022-09-16 08:00:00.000,0.0001,
2022-09-16 16:00:00.000,0.0001,
2022-09-17 00:00:00.000,0.0001,
2022-09-17 08:00:00.000,1.489e-05,
2022-09-17 16:00:00.000,0.0001,
2022-09-18 00:00:00.000,0.0001,
2022-09-18 08:00:00.000,0.0001,
2022-09-18 16:00:00.000,0.0001,
2022-09-19 00:00:00.000,0.0001,
2022-09-19 08:00:00.000,0.0001,
2022-09-19 16:00:00.000,0.0001,
2022-09-20 00:00:00.000,0.0001,
2022-09-20 08:00:00.000,0.0001,
2022-09-20 16:00:00.000,0.0001,
2022-09-21 00:00:00.000,0.0001,
2022-09-21 08:00:00.000,0.0001,
2022-09-21 16:00:00.000,0.0001,
2022-09-22 00:00:00.000,0.0001,
2022-09-22 08:00:00.000,0.0001,
2022-09-22 16:00:00.000,0.0001,
2022-09-23 00:00:00.000,0.0001,
2022-09-23 08:00:00.000,0.0001,
2022-09-23 16:00:00.000,0.0001,
2022-09-24 00:00:00.000,0.0001,
2022-09-24 08:00:00.000,0.0001,
2022-09-24 16:00:00.000,0.0001,
2022-09-25 00:00:00.000,0.0001,
2022-09-25 08:00:00.000,0.0001,
2022-09-25 16:00:00.000,0.0001,
2022-09-26 00:00:00.000,0.0001,
2022-09-26 08:00:00.000,0.0001,
2022-09-26 16:00:00.000,0.0001,
2022-09-27 00:00:00.000,0.0001,
2022-09-27 08:00:00.000,0.0001,
2022-09-27 16:00:00.000,0.0001,
2022-09-28 00:00:00.000,0.0001,
2022-09-28 08:00:00.000,0.0001,
2022-09-28 16:00:00.000,0.0001,
2022-09-29 00:00:00.000,0.0001,
2022-09-29 08:00:00.000,0.0001,
2022-09-29 16:00:00.000,0.0001,
2022-09-30 00:00:00.000,0.0001,
2022-09-30 08:00:00.000,0.0001,
2022-09-30 16:00:00.000,0.0001,
2022-10-01 00:00:00.000,0.0001,
2022-10-01 08:00:00.000,0.0001,
2022-10-01 16:00:00.000,0.0001,
2022-10-02 00:00:00.000,0.0001,
2022-10-02 08:00:00.000,0.0001,
2022-10-02 16:00:00.000,0.0001,
2022-10-03 00:00:00.000,0.0001,
2022-10-03 08:00:00.000,0.0001,
2022-10-03 16:00:00.000,0.0001,
2022-10-04 00:00:00.000,0.0001,
2022-10-04 08:00:00.000,0.0001,
2022-10-04 16:00:00.000,0.0001,
2022-10-05 00:00:00.000,0.0001,
2022-10-05 08:00:00.000,0.0001,
2022-10-05 16:00:00.000,0.0001,
2022-10-06 00:00:00.000,0.0001,
2022-10-06 08:00:00.000,0.0001,
2022-10-06 16:00:00.000,0.0001,
2022-10-07 00:00:00.000,0.0001,
2022-10-07 08:00:00.000,0.0001,
2022-10-07 16:00:00.000,0.0001,
2022-10-08 00:00:00.000,0.0001,
2022-10-08 08:00:00.000,0.0001,
2022-10-08 16:00:00.000,0.0001,
2022-10-09 00:00:00.000,0.0001,
2022-10-09 08:00:00.000,0.0001,
2022-10-09 16:00:00.000,0.0001,
2022-10-10 00:00:00.000,0.0001,
2022-10-10 08:00:00.000,0.0001,
2022-10-10 16:00:00.000,0.0001,
2022-10-11 00:00:00.000,0.0001,
2022-10-11 08:00:00.000,0.0001,
2022-10-11 16:00:00.000,0.0001,
2022-10-12 00:00:00.000,0.0001,
2022-10-12 08:00:00.000,0.0001,
2022-10-12 16:00:00.000,0.0001,
2022-10-13 00:00:00.000,0.0001,
2022-10-13 08:00:00.000,0.0001,
2022-10-13 16:00:00.000,0.0001,
2022-10-14 00:00:00.000,0.0001,
2022-10-14 08:00:00.000,0.0001,
2022-10-14 16:00:00.000,0.0001,
2022-10-15 00:00:00.000,0.0001,
2022-10-15 08:00:00.000,0.0001,
2022-10-15 16:00:00.000,0.0001,
2022-10-16 00:00:00.000,0.0001,
2022-10-16 08:00:00.000,0.0001,
2022-10-16 16:00:00.000,0.0001,
2022-10-17 00:00:00.000,0.0001,
2022-10-17 08:00:00.000,0.0001,
2022-10-17 16:00:00.000,0.0001,
2022-10-18 00:00:00.000,0.0001,
2022-10-18 08:00:00.000,0.0001,
2022-10-18 16:00:00.000,0.0001,
2022-10-19 00:00:00.000,0.0001,
2022-10-19 08:00:00.000,0.0001,
2022-10-19 16:00:00.000,0.0001,
2022-10-20 00:00:00.000,0.0001,
2022-10-20 08:00:00.000,0.0001,
2022-10-20 16:00:00.000,0.0001,
2022-10-21 00:00:00.000,0.0001,
2022-10-21 08:00:00.000,0.0001,
2022-10-21 16:00:00.000,0.0001,
2022-10-22 00:00:00.000,0.0001,
2022-10-22 08:00:00.000,0.0001,
2022-10-22 16:00:00.000,0.0001,
2022-10-23 00:00:00.000,0.0001,
2022-10-23 08:00:00.000,0.0001,
2022-10-23 16:00:00.000,0.0001,
2022-10-24 00:00:00.000,0.0001,
2022-10-24 08:00:00.000,0.0001,
2022-10-24 16:00:00.000,0.0001,
2022-10-25 00:00:00.000,0.0001,
2022-10-25 08:00:00.000,0.0001,
2022-10-25 16:00:00.000,0.0001,
2022-10-26 00:00:00.000,0.0001,
2022-10-26 08:00:00.000,0.0001,
2022-10-26 16:00:00.000,0.0001,
2022-10-27 00:00:00.000,0.0001,
2022-10-27 08:00:00.000,3.355e-05,
2022-10-27 16:00:00.000,0.0001,
2022-10-28 00:00:00.000,0.0001,
2022-10-28 08:00:00.000,0.0001,
2022-10-28 16:00:00.000,-0.00027402,
2022-10-29 00:00:00.000,1.49e-05,
2022-10-29 08:00:00.000,-0.00019311,
2022-10-29 16:00:00.000,-6.744e-05,
2022-10-30 00:00:00.000,0.0001,
2022-10-30 08:00:00.000,0.0001,
2022-10-30 16:00:00.000,0.0001,
2022-10-31 00:00:00.000,0.0001,
2022-10-31 08:00:00.000,0.0001,
2022-10-31 16:00:00.000,0.0001,
2022-11-01 00:00:00.000,0.0001,
2022-11-01 08:00:00.000,9.731e-05,
2022-11-01 16:00:00.000,0.0001,
2022-11-02 00:00:00.000,0.0001,
2022-11-02 08:00:00.000,0.0001,
2022-11-02 16:00:00.000,0.0001,
2022-11-03 00:00:00.000,0.0001,
2022-11-03 08:00:00.000,0.0001,
2022-11-03 16:00:00.000,0.0001,
2022-11-04 00:00:00.000,0.0001,
2022-11-04 08:00:00.000,0.0001,
2022-11-04 16:00:00.000,0.0001,
2022-11-05 00:00:00.000,0.0001,
2022-11-05 08:00:00.000,0.0001,
2022-11-05 16:00:00.000,0.0001,
2022-11-06 00:00:00.000,0.0001,
2022-11-06 08:00:00.000,0.0001,
2022-11-06 16:00:00.000,0.0001,
2022-11-07 00:00:00.000,0.0001,
2022-11-07 08:00:00.000,9.422e-05,
2022-11-07 16:00:00.000,0.0001,
2022-11-08 00:00:00.000,0.0001,
2022-11-08 08:00:00.000,0.0001,
2022-11-08 16:00:00.000,0.0001,
2022-11-09 00:00:00.000,-0.00040392,
2022-11-09 08:00:00.000,2.24e-06,
2022-11-09 16:00:00.000,0.0001,
2022-11-10 00:00:00.000,0.0001,
2022-11-10 08:00:00.000,0.0001,
2022-11-10 16:00:00.000,0.0001,
2022-11-11 00:00:00.000,0.0001,
2022-11-11 08:00:00.000,0.0001,
2022-11-11 16:00:00.000,0.0001,
2022-11-12 00:00:00.000,0.0001,
2022-11-12 08:00:00.000,0.0001,
2022-11-12 16:00:00.000,0.0001,
2022-11-13 00:00:00.000,0.0001,
2022-11-13 08:00:00.000,0.0001,
2022-11-13 16:00:00.000,0.0001,
2022-11-14 00:00:00.000,0.0001,
2022-11-14 08:00:00.000,0.0001,
2022-11-14 16:00:00.000,0.0001,
2022-11-15 00:00:00.000,0.0001,
2022-11-15 08:00:00.000,0.0001,
2022-11-15 16:00:00.000,0.0001,
2022-11-16 00:00:00.000,0.0001,
2022-11-16 08:00:00.000,0.0001,
2022-11-16 16:00:00.000,0.0001,
2022-11-17 00:00:00.000,0.0001,
2022-11-17 08:00:00.000,0.0001,
2022-11-17 16:00:00.000,0.0001,
2022-11-18 00:00:00.000,0.0001,
2022-11-18 08:00:00.000,0.0001,
2022-11-18 16:00:00.000,0.0001,
2022-11-19 00:00:00.000,0.0001,
2022-11-19 08:00:00.000,0.0001,
2022-11-19 16:00:00.000,0.0001,
2022-11-20 00:00:00.000,0.0001,
2022-11-20 08:00:00.000,0.0001,
2022-11-20 16:00:00.000,0.0001,
2022-11-21 00:00:00.000,0.0001,
2022-11-21 08:00:00.000,0.0001,
2022-11-21 16:00:00.000,0.0001,
2022-11-22 00:00:00.000,0.0001,
2022-11-22 08:00:00.000,0.0001,
2022-11-22 16:00:00.000,0.0001,
2022-11-23 00:00:00.000,0.0001,
2022-11-23 08:00:00.000,0.0001,
2022-11-23 16:00:00.000,0.0001,
2022-11-24 00:00:00.000,0.0001,
2022-11-24 08:00:00.000,0.0001,
2022-11-24 16:00:00.000,0.0001,
2022-11-25 00:00:00.000,0.0001,
2022-11-25 08:00:00.000,0.0001,
2022-11-25 16:00:00.000,0.0001,
2022-11-26 00:00:00.000,0.0001,
2022-11-26 08:00:00.000,0.0001,
2022-11-26 16:00:00.000,0.0001,
2022-11-27 00:00:00.000,0.0001,
2022-11-27 08:00:00.000,0.0001,
2022-11-27 16:00:00.000,0.0001,
2022-11-28 00:00:00.000,0.0001,
2022-11-28 08:00:00.000,0.0001,
2022-11-28 16:00:00.000,0.0001,
2022-11-29 00:00:00.000,0.0001,
2022-11-29 08:00:00.000,-0.00305914,
2022-11-29 16:00:00.000,0.0001,
2022-11-30 00:00:00.000,-0.00010545,
2022-11-30 08:00:00.000,9.256e-05,
2022-11-30 16:00:00.000,0.0001,
2022-12-01 00:00:00.000,0.0001,
2022-12-01 08:00:00.000,0.0001,
2022-12-01 16:00:00.000,0.0001,
2022-12-02 00:00:00.000,0.0001,
2022-12-02 08:00:00.000,9.623e-05,
2022-12-02 16:00:00.000,0.0001,
2022-12-03 00:00:00.000,6.024e-05,
2022-12-03 08:00:00.000,0.0001,
2022-12-03 16:00:00.000,0.0001,
2022-12-04 00:00:00.000,0.0001,
2022-12-04 08:00:00.000,6.618e-05,
2022-12-04 16:00:00.000,5.656e-05,
2022-12-05 00:00:00.000,-1.109e-05,
2022-12-05 08:00:00.000,9.24e-06,
2022-12-05 16:00:00.000,0.0001,
2022-12-06 00:00:00.000,0.0001,
2022-12-06 08:00:00.000,0.0001,
2022-12-06 16:00:00.000,0.0001,
2022-12-07 00:00:00.000,0.0001,
2022-12-07 08:00:00.000,0.0001,
2022-12-07 16:00:00.000,0.0001,
2022-12-08 00:00:00.000,8.37e-05,
2022-12-08 08:00:00.000,0.0001,
2022-12-08 16:00:00.000,0.0001,
2022-12-09 00:00:00.000,0.0001,
2022-12-09 08:00:00.000,0.0001,
2022-12-09 16:00:00.000,0.0001,
2022-12-10 00:00:00.000,0.0001,
2022-12-10 08:00:00.000,0.0001,
2022-12-10 16:00:00.000,0.0001,
2022-12-11 00:00:00.000,0.0001,
2022-12-11 08:00:00.000,0.0001,
2022-12-11 16:00:00.000,0.0001,
2022-12-12 00:00:00.000,0.0001,
2022-12-12 08:00:00.000,1.634e-05,
2022-12-12 16:00:00.000,0.0001,
2022-12-13 00:00:00.000,0.0001,
2022-12-13 08:00:00.000,0.0001,
2022-12-13 16:00:00.000,0.0001,
2022-12-14 00:00:00.000,0.0001,
2022-12-14 08:00:00.000,0.0001,
2022-12-14 16:00:00.000,0.0001,
2022-12-15 00:00:00.000,0.0001,
2022-12-15 08:00:00.000,0.0001,
2022-12-15 16:00:00.000,0.0001,
2022-12-16 00:00:00.000,0.0001,
2022-12-16 08:00:00.000,0.0001,
2022-12-16 16:00:00.000,0.0001,
2022-12-17 00:00:00.000,0.0001,
2022-12-17 08:00:00.000,0.0001,
2022-12-17 16:00:00.000,0.0001,
2022-12-18 00:00:00.000,6.548e-05,
2022-12-18 08:00:00.000,0.0001,
2022-12-18 16:00:00.000,8.478e-05,
2022-12-19 00:00:00.000,0.0001,
2022-12-19 08:00:00.000,0.0001,
2022-12-19 16:00:00.000,0.0001,
2022-12-20 00:00:00.000,1.451e-05,
2022-12-20 08:00:00.000,6.615e-05,
2022-12-20 16:00:00.000,1.062e-05,
2022-12-21 00:00:00.000,5.288e-05,
2022-12-21 08:00:00.000,2.183e-05,
2022-12-21 16:00:00.000,9.206e-05,
2022-12-22 00:00:00.000,0.0001,
2022-12-22 08:00:00.000,0.0001,
2022-12-22 16:00:00.000,0.0001,
2022-12-23 00:00:00.000,8.877e-05,
2022-12-23 08:00:00.000,9.494e-05,
2022-12-23 16:00:00.000,0.0001,
2022-12-24 00:00:00.000,0.0001,
2022-12-24 08:00:00.000,0.0001,
2022-12-24 16:00:00.000,0.0001,
2022-12-25 00:00:00.000,0.0001,
2022-12-25 08:00:00.000,0.0001,
2022-12-25 16:00:00.000,0.0001,
2022-12-26 00:00:00.000,0.0001,
2022-12-26 08:00:00.000,0.0001,
2022-12-26 16:00:00.000,0.0001,
2022-12-27 00:00:00.000,0.0001,
2022-12-27 08:00:00.000,0.0001,
2022-12-27 16:00:00.000,0.0001,
2022-12-28 00:00:00.000,0.0001,
2022-12-28 08:00:00.000,0.0001,
2022-12-28 16:00:00.000,6.275e-05,
2022-12-29 00:00:00.000,2.083e-05,
2022-12-29 08:00:00.000,0.0001,
2022-12-29 16:00:00.000,0.0001,
2022-12-30 00:00:00.000,-2.664e-05,
2022-12-30 08:00:00.000,7.93e-05,
2022-12-30 16:00:00.000,5.014e-05,
2022-12-31 00:00:00.000,-2.726e-05,
2022-12-31 08:00:00.000,-6.755e-05,
2022-12-31 16:00:00.000,2.685e-05,
2023-01-01 00:00:00.000,0.0001,
2023-01-01 08:00:00.000,0.0001,
2023-01-01 16:00:00.000,0.0001,
2023-01-02 00:00:00.000,0.0001,
2023-01-02 08:00:00.000,0.0001,
2023-01-02 16:00:00.000,0.0001,
2023-01-03 00:00:00.000,0.0001,
2023-01-03 08:00:00.000,0.0001,
2023-01-03 16:00:00.000,0.0001,
2023-01-04 00:00:00.000,0.0001,
2023-01-04 08:00:00.000,0.0001,
2023-01-04 16:00:00.000,0.0001,
2023-01-05 00:00:00.000,0.0001,
2023-01-05 08:00:00.000,0.0001,
2023-01-05 16:00:00.000,0.0001,
2023-01-06 00:00:00.000,0.0001,
2023-01-06 08:00:00.000,0.0001,
2023-01-06 16:00:00.000,0.0001,
2023-01-07 00:00:00.000,0.0001,
2023-01-07 08:00:00.000,0.0001,
2023-01-07 16:00:00.000,0.0001,
2023-01-08 00:00:00.000,0.0001,
2023-01-08 08:00:00.000,0.0001,
2023-01-08 16:00:00.000,0.0001,
2023-01-09 00:00:00.000,0.0001,
2023-01-09 08:00:00.000,0.0001,
2023-01-09 16:00:00.000,0.0001,
2023-01-10 00:00:00.000,0.0001,
2023-01-10 08:00:00.000,0.0001,
2023-01-10 16:00:00.000,0.0001,
2023-01-11 00:00:00.000,0.0001,
2023-01-11 08:00:00.000,0.0001,
2023-01-11 16:00:00.000,0.0001,
2023-01-12 00:00:00.000,0.0001,
2023-01-12 08:00:00.000,0.0001,
2023-01-12 16:00:00.000,0.0001,
2023-01-13 00:00:00.000,0.0001,
2023-01-13 08:00:00.000,0.0001,
2023-01-13 16:00:00.000,0.0001,
2023-01-14 00:00:00.000,0.0001,
2023-01-14 08:00:00.000,0.00039228,
2023-01-14 16:00:00.000,0.0001,
2023-01-15 00:00:00.000,0.0001,
2023-01-15 08:00:00.000,0.00011768,
2023-01-15 16:00:00.000,0.00014265,
2023-01-16 00:00:00.000,0.00021795,
2023-01-16 08:00:00.000,0.00010853,
2023-01-16 16:00:00.000,0.0001,
2023-01-17 00:00:00.000,0.0001,
2023-01-17 08:00:00.000,0.0001,
2023-01-17 16:00:00.000,0.0001,
2023-01-18 00:00:00.000,0.0001,
2023-01-18 08:00:00.000,0.0001,
2023-01-18 16:00:00.000,0.0001,
2023-01-19 00:00:00.000,0.0001,
2023-01-19 08:00:00.000,0.0001,
2023-01-19 16:00:00.000,0.0001,
2023-01-20 00:00:00.000,0.0001,
2023-01-20 08:00:00.000,0.0001,
2023-01-20 16:00:00.000,0.0001,
2023-01-21 00:00:00.000,0.0001,
2023-01-21 08:00:00.000,0.00012992,
2023-01-21 16:00:00.000,0.0001,
2023-01-22 00:00:00.000,0.0001,
2023-01-22 08:00:00.000,0.0001,
2023-01-22 16:00:00.000,0.0001,
2023-01-23 00:00:00.000,0.0001,
2023-01-23 08:00:00.000,0.0001,
2023-01-23 16:00:00.000,0.00019354,
2023-01-24 00:00:00.000,0.0001,
2023-01-24 08:00:00.000,0.0003046,
2023-01-24 16:00:00.000,0.0001,
2023-01-25 00:00:00.000,0.0001,
2023-01-25 08:00:00.000,0.0001,
2023-01-25 16:00:00.000,0.0001,
2023-01-26 00:00:00.000,0.0001,
2023-01-26 08:00:00.000,0.0001,
2023-01-26 16:00:00.000,0.0001,
2023-01-27 00:00:00.000,0.0001,
2023-01-27 08:00:00.000,0.0001,
2023-01-27 16:00:00.000,0.0001,
2023-01-28 00:00:00.000,0.0001,
2023-01-28 08:00:00.000,0.0001,
2023-01-28 16:00:00.000,0.0001,
2023-01-29 00:00:00.000,0.0001,
2023-01-29 08:00:00.000,0.0001,
2023-01-29 16:00:00.000,0.0001,
2023-01-30 00:00:00.000,0.0001,
2023-01-30 08:00:00.000,0.00011929,
2023-01-30 16:00:00.000,0.0001,
2023-01-31 00:00:00.000,0.0001,
2023-01-31 08:00:00.000,0.0001,
2023-01-31 16:00:00.000,0.0001,
2023-02-01 00:00:00.000,0.0001,
2023-02-01 08:00:00.000,0.00010082,
2023-02-01 16:00:00.000,0.0001,
2023-02-02 00:00:00.000,0.0001,
2023-02-02 08:00:00.000,0.00027414,
2023-02-02 16:00:00.000,0.00017837,
2023-02-03 00:00:00.000,0.0001,
2023-02-03 08:00:00.000,0.0001,
2023-02-03 16:00:00.000,0.00025605,
2023-02-04 00:00:00.000,0.0001,
2023-02-04 08:00:00.000,0.00026186,
2023-02-04 16:00:00.000,0.00033181,
2023-02-05 00:00:00.000,0.00017562,
2023-02-05 08:00:00.000,0.0001,
2023-02-05 16:00:00.000,0.0001,
2023-02-06 00:00:00.000,0.0001,
2023-02-06 08:00:00.000,0.0001,
2023-02-06 16:00:00.000,0.0001,
2023-02-07 00:00:00.000,0.0001,
2023-02-07 08:00:00.000,0.0001,
2023-02-07 16:00:00.000,0.0001,
2023-02-08 00:00:00.000,0.0001,
2023-02-08 08:00:00.000,0.0001,
2023-02-08 16:00:00.000,0.0001,
2023-02-09 00:00:00.000,0.0001,
2023-02-09 08:00:00.000,0.0001,
2023-02-09 16:00:00.000,0.0001,
2023-02-10 00:00:00.000,0.0001,
2023-02-10 08:00:00.000,0.0001,
2023-02-10 16:00:00.000,0.0001,
2023-02-11 00:00:00.000,9.251e-05,
2023-02-11 08:00:00.000,0.0001,
2023-02-11 16:00:00.000,6.03e-05,
2023-02-12 00:00:00.000,6.781e-05,
2023-02-12 08:00:00.000,0.0001,
2023-02-12 16:00:00.000,0.0001,
2023-02-13 00:00:00.000,0.0001,
2023-02-13 08:00:00.000,3.405e-05,
2023-02-13 16:00:00.000,0.0001,
2023-02-14 00:00:00.000,0.0001,
2023-02-14 08:00:00.000,0.0001,
2023-02-14 16:00:00.000,0.0001,
2023-02-15 00:00:00.000,0.0001,
2023-02-15 08:00:00.000,8.9e-07,
2023-02-15 16:00:00.000,8.681e-05,
2023-02-16 00:00:00.000,0.0001,
2023-02-16 08:00:00.000,0.0001,
2023-02-16 16:00:00.000,0.0001,
2023-02-17 00:00:00.000,0.0001,
2023-02-17 08:00:00.000,0.0001,
2023-02-17 16:00:00.000,0.0001,
2023-02-18 00:00:00.000,0.0001,
2023-02-18 08:00:00.000,0.0001,
2023-02-18 16:00:00.000,0.0001,
2023-02-19 00:00:00.000,0.0001,
2023-02-19 08:00:00.000,0.0001,
2023-02-19 16:00:00.000,0.0001,
2023-02-20 00:00:00.000,0.0001,
2023-02-20 08:00:00.000,0.0001,
2023-02-20 16:00:00.000,0.0001,
2023-02-21 00:00:00.000,0.0001,
2023-02-21 08:00:00.000,0.0001,
2023-02-21 16:00:00.000,0.0001,
2023-02-22 00:00:00.000,0.0001,
2023-02-22 08:00:00.000,0.0001,
2023-02-22 16:00:00.000,0.0001,
2023-02-23 00:00:00.000,0.0001,
2023-02-23 08:00:00.000,0.0001,
2023-02-23 16:00:00.000,0.0001,
2023-02-24 00:00:00.000,0.0001,
2023-02-24 08:00:00.000,0.0001,
2023-02-24 16:00:00.000,0.0001,
2023-02-25 00:00:00.000,0.0001,
2023-02-25 08:00:00.000,0.0001,
2023-02-25 16:00:00.000,0.0001,
2023-02-26 00:00:00.000,0.0001,
2023-02-26 08:00:00.000,0.0001,
2023-02-26 16:00:00.000,0.0001,
2023-02-27 00:00:00.000,0.0001,
2023-02-27 08:00:00.000,0.0001,
2023-02-27 16:00:00.000,0.0001,
2023-02-28 00:00:00.000,0.0001,
2023-02-28 08:00:00.000,0.0001,
2023-02-28 16:00:00.000,0.0001,
2023-03-01 00:00:00.000,0.0001,
2023-03-01 08:00:00.000,0.0001,
2023-03-01 16:00:00.000,0.0001,
2023-03-02 00:00:00.000,0.0001,
2023-03-02 08:00:00.000,0.0001,
2023-03-02 16:00:00.000,0.0001,
2023-03-03 00:00:00.000,0.0001,
2023-03-03 08:00:00.000,0.0001,
2023-03-03 16:00:00.000,4.925e-05,
2023-03-04 00:00:00.000,0.0001,
2023-03-04 08:00:00.000,0.0001,
2023-03-04 16:00:00.000,0.0001,
2023-03-05 00:00:00.000,4.85e-05,
2023-03-05 08:00:00.000,6.812e-05,
2023-03-05 16:00:00.000,9.858e-05,
2023-03-06 00:00:00.000,4.387e-05,
2023-03-06 08:00:00.000,7.051e-05,
2023-03-06 16:00:00.000,9.326e-05,
2023-03-07 00:00:00.000,5.343e-05,
2023-03-07 08:00:00.000,0.0001,
2023-03-07 16:00:00.000,8.094e-05,
2023-03-08 00:00:00.000,2.752e-05,
2023-03-08 08:00:00.000,8.78e-06,
2023-03-08 16:00:00.000,9.935e-05,
2023-03-09 00:00:00.000,7.666e-05,
2023-03-09 08:00:00.000,0.0001,
2023-03-09 16:00:00.000,0.0001,
2023-03-10 00:00:00.000,-0.00014233,
2023-03-10 08:00:00.000,-6.348e-05,
2023-03-10 16:00:00.000,1.2e-06,
2023-03-11 00:00:00.000,8.096e-05,
2023-03-11 08:00:00.000,1.346e-05,
2023-03-11 16:00:00.000,0.0001,
2023-03-12 00:00:00.000,0.0001,
2023-03-12 08:00:00.000,0.0001,
2023-03-12 16:00:00.000,0.0001,
2023-03-13 00:00:00.000,0.0001,
2023-03-13 08:00:00.000,0.0001,
2023-03-13 16:00:00.000,0.0001,
2023-03-14 00:00:00.000,6.383e-05,
2023-03-14 08:00:00.000,0.0001,
2023-03-14 16:00:00.000,0.0001,
2023-03-15 00:00:00.000,0.00010801,
2023-03-15 08:00:00.000,0.0001,
2023-03-15 16:00:00.000,0.0001,
2023-03-16 00:00:00.000,0.0001,
2023-03-16 08:00:00.000,0.0001,
2023-03-16 16:00:00.000,0.0001,
2023-03-17 00:00:00.000,0.0001,
2023-03-17 08:00:00.000,0.0001,
2023-03-17 16:00:00.000,0.0001,
2023-03-18 00:00:00.000,0.0001,
2023-03-18 08:00:00.000,0.0001,
2023-03-18 16:00:00.000,0.0001,
2023-03-19 00:00:00.000,0.0001,
2023-03-19 08:00:00.000,0.0001,
2023-03-19 16:00:00.000,0.0001,
2023-03-20 00:00:00.000,0.0001,
2023-03-20 08:00:00.000,0.0001,
2023-03-20 16:00:00.000,0.0001,
2023-03-21 00:00:00.000,0.0001,
2023-03-21 08:00:00.000,8.939e-05,
2023-03-21 16:00:00.000,0.0001,
2023-03-22 00:00:00.000,0.0001,
2023-03-22 08:00:00.000,0.0001,
2023-03-22 16:00:00.000,0.0001,
2023-03-23 00:00:00.000,0.0001,
2023-03-23 08:00:00.000,6.655e-05,
2023-03-23 16:00:00.000,0.0001,
2023-03-24 00:00:00.000,9.904e-05,
2023-03-24 08:00:00.000,0.0001,
2023-03-24 16:00:00.000,8e-06,
2023-03-25 00:00:00.000,0.0001,
2023-03-25 08:00:00.000,0.0001,
2023-03-25 16:00:00.000,0.0001,
2023-03-26 00:00:00.000,3.681e-05,
2023-03-26 08:00:00.000,0.0001,
2023-03-26 16:00:00.000,0.0001,
2023-03-27 00:00:00.000,1.056e-05,
2023-03-27 08:00:00.000,-2.198e-05,
2023-03-27 16:00:00.000,9.7e-06,
2023-03-28 00:00:00.000,0.0001,
2023-03-28 08:00:00.000,0.0001,
2023-03-28 16:00:00.000,5.676e-05,
2023-03-29 00:00:00.000,0.0001,
2023-03-29 08:00:00.000,0.0001,
2023-03-29 16:00:00.000,0.0001,
2023-03-30 00:00:00.000,0.0001,
2023-03-30 08:00:00.000,0.0001,
2023-03-30 16:00:00.000,0.0001,
2023-03-31 00:00:00.000,0.0001,
2023-03-31 08:00:00.000,0.0001,
2023-03-31 16:00:00.000,0.0001,
2023-04-01 00:00:00.000,0.0001,
2023-04-01 08:00:00.000,0.0001,
2023-04-01 16:00:00.000,0.0001,
2023-04-02 00:00:00.000,0.0001,
2023-04-02 08:00:00.000,0.0001,
2023-04-02 16:00:00.000,0.0001,
2023-04-03 00:00:00.000,0.0001,
2023-04-03 08:00:00.000,0.0001,
2023-04-03 16:00:00.000,0.0001,
2023-04-04 00:00:00.000,0.0001,
2023-04-04 08:00:00.000,0.0001,
2023-04-04 16:00:00.000,0.0001,
2023-04-05 00:00:00.000,0.0001,
2023-04-05 08:00:00.000,0.0001,
2023-04-05 16:00:00.000,0.0001,
2023-04-06 00:00:00.000,0.0001,
2023-04-06 08:00:00.000,0.0001,
2023-04-06 16:00:00.000,0.0001,
2023-04-07 00:00:00.000,0.0001,
2023-04-07 08:00:00.000,0.0001,
2023-04-07 16:00:00.000,0.0001,
2023-04-08 00:00:00.000,0.0001,
2023-04-08 08:00:00.000,0.0001,
2023-04-08 16:00:00.000,0.0001,
2023-04-09 00:00:00.000,8.417e-05,
2023-04-09 08:00:00.000,7.058e-05,
2023-04-09 16:00:00.000,0.0001,
2023-04-10 00:00:00.000,9.89e-05,
2023-04-10 08:00:00.000,6.628e-05,
2023-04-10 16:00:00.000,0.0001,
2023-04-11 00:00:00.000,9.979e-05,
2023-04-11 08:00:00.000,5.081e-05,
2023-04-11 16:00:00.000,0.0001,
2023-04-12 00:00:00.000,0.0001,
2023-04-12 08:00:00.000,7.053e-05,
2023-04-12 16:00:00.000,-1e-08,
2023-04-13 00:00:00.000,1.89e-05,
2023-04-13 08:00:00.000,0.0001,
2023-04-13 16:00:00.000,0.0001,
2023-04-14 00:00:00.000,0.0001,
2023-04-14 08:00:00.000,0.00020692,
2023-04-14 16:00:00.000,0.0001,
2023-04-15 00:00:00.000,0.0001,
2023-04-15 08:00:00.000,0.0001,
2023-04-15 16:00:00.000,0.0001,
2023-04-16 00:00:00.000,0.0001,
2023-04-16 08:00:00.000,0.0001,
2023-04-16 16:00:00.000,0.0001,
2023-04-17 00:00:00.000,0.0001,
2023-04-17 08:00:00.000,0.0001,
2023-04-17 16:00:00.000,0.00012522,
2023-04-18 00:00:00.000,0.0001,
2023-04-18 08:00:00.000,0.0001,
2023-04-18 16:00:00.000,0.00032981,
2023-04-19 00:00:00.000,0.0001,
2023-04-19 08:00:00.000,0.0001,
2023-04-19 16:00:00.000,0.0001,
2023-04-20 00:00:00.000,0.0001,
2023-04-20 08:00:00.000,0.0001,
2023-04-20 16:00:00.000,0.0001,
2023-04-21 00:00:00.000,0.0001,
2023-04-21 08:00:00.000,0.0001,
2023-04-21 16:00:00.000,0.0001,
2023-04-22 00:00:00.000,-9.525e-05,
2023-04-22 08:00:00.000,2.706e-05,
2023-04-22 16:00:00.000,-8.49e-06,
2023-04-23 00:00:00.000,0.0001,
2023-04-23 08:00:00.000,9.89e-05,
2023-04-23 16:00:00.000,0.0001,
2023-04-24 00:00:00.000,2.284e-05,
2023-04-24 08:00:00.000,0.0001,
2023-04-24 16:00:00.000,7.188e-05,
2023-04-25 00:00:00.000,6.887e-05,
2023-04-25 08:00:00.000,0.0001,
2023-04-25 16:00:00.000,6.746e-05,
2023-04-26 00:00:00.000,7.593e-05,
2023-04-26 08:00:00.000,3.743e-05,
2023-04-26 16:00:00.000,7.629e-05,
2023-04-27 00:00:00.000,-9.263e-05,
2023-04-27 08:00:00.000,6.58e-05,
2023-04-27 16:00:00.000,6.541e-05,
2023-04-28 00:00:00.000,3.58e-05,
2023-04-28 08:00:00.000,0.0001,
2023-04-28 16:00:00.000,2.406e-05,
2023-04-29 00:00:00.000,3.644e-05,
2023-04-29 08:00:00.000,9.074e-05,
2023-04-29 16:00:00.000,0.0001,
2023-04-30 00:00:00.000,0.0001,
2023-04-30 08:00:00.000,7.822e-05,
2023-04-30 16:00:00.000,0.0001,
2023-05-01 00:00:00.000,0.0001,
2023-05-01 08:00:00.000,3.976e-05,
2023-05-01 16:00:00.000,0.0001,
2023-05-02 00:00:00.000,2.802e-05,
2023-05-02 08:00:00.000,0.0001,
2023-05-02 16:00:00.000,6.747e-05,
2023-05-03 00:00:00.000,2.477e-05,
2023-05-03 08:00:00.000,0.0001,
2023-05-03 16:00:00.000,0.0001,
2023-05-04 00:00:00.000,3.11e-05,
2023-05-04 08:00:00.000,0.0001,
2023-05-04 16:00:00.000,0.0001,
2023-05-05 00:00:00.000,0.0001,
2023-05-05 08:00:00.000,0.0001,
2023-05-05 16:00:00.000,0.0001,
2023-05-06 00:00:00.000,0.0001,
2023-05-06 08:00:00.000,0.0001,
2023-05-06 16:00:00.000,-1.7e-05,
2023-05-07 00:00:00.000,2.213e-05,
2023-05-07 08:00:00.000,-5.298e-05,
2023-05-07 16:00:00.000,4.808e-05,
2023-05-08 00:00:00.000,0.0001,
2023-05-08 08:00:00.000,6.011e-05,
2023-05-08 16:00:00.000,2.409e-05,
2023-05-09 00:00:00.000,-0.00020843,
2023-05-09 08:00:00.000,-9.407e-05,
2023-05-09 16:00:00.000,-7.27e-06,
2023-05-10 00:00:00.000,4.789e-05,
2023-05-10 08:00:00.000,0.0001,
2023-05-10 16:00:00.000,0.0001,
2023-05-11 00:00:00.000,5.834e-05,
2023-05-11 08:00:00.000,9.604e-05,
2023-05-11 16:00:00.000,4.12e-06,
2023-05-12 00:00:00.000,-6.972e-05,
2023-05-12 08:00:00.000,0.0001,
2023-05-12 16:00:00.000,1.303e-05,
2023-05-13 00:00:00.000,3.682e-05,
2023-05-13 08:00:00.000,6.151e-05,
2023-05-13 16:00:00.000,0.0001,
2023-05-14 00:00:00.000,-2.44e-05,
2023-05-14 08:00:00.000,-3.191e-05,
2023-05-14 16:00:00.000,1.434e-05,
2023-05-15 00:00:00.000,-4.114e-05,
2023-05-15 08:00:00.000,2.585e-05,
2023-05-15 16:00:00.000,1.835e-05,
2023-05-16 00:00:00.000,4.131e-05,
2023-05-16 08:00:00.000,-7.8e-06,
2023-05-16 16:00:00.000,4.783e-05,
2023-05-17 00:00:00.000,5.797e-05,
2023-05-17 08:00:00.000,6.966e-05,
2023-05-17 16:00:00.000,7.137e-05,
2023-05-18 00:00:00.000,7.628e-05,
2023-05-18 08:00:00.000,4.33e-05,
2023-05-18 16:00:00.000,6.018e-05,
2023-05-19 00:00:00.000,7.801e-05,
2023-05-19 08:00:00.000,7.289e-05,
2023-05-19 16:00:00.000,0.0001,
2023-05-20 00:00:00.000,2.041e-05,
2023-05-20 08:00:00.000,9.91e-05,
2023-05-20 16:00:00.000,0.0001,
2023-05-21 00:00:00.000,6.97e-05,
2023-05-21 08:00:00.000,9.565e-05,
2023-05-21 16:00:00.000,2.322e-05,
2023-05-22 00:00:00.000,-4.489e-05,
2023-05-22 08:00:00.000,-2.193e-05,
2023-05-22 16:00:00.000,6.335e-05,
2023-05-23 00:00:00.000,0.0001,
2023-05-23 08:00:00.000,0.0001,
2023-05-23 16:00:00.000,0.0001,
2023-05-24 00:00:00.000,0.0001,
2023-05-24 08:00:00.000,0.0001,
2023-05-24 16:00:00.000,0.0001,
2023-05-25 00:00:00.000,9.289e-05,
2023-05-25 08:00:00.000,2.279e-05,
2023-05-25 16:00:00.000,0.0001,
2023-05-26 00:00:00.000,7.156e-05,
2023-05-26 08:00:00.000,0.0001,
2023-05-26 16:00:00.000,0.0001,
2023-05-27 00:00:00.000,0.0001,
2023-05-27 08:00:00.000,0.0001,
2023-05-27 16:00:00.000,0.0001,
2023-05-28 00:00:00.000,0.0001,
2023-05-28 08:00:00.000,0.0001,
2023-05-28 16:00:00.000,0.0001,
2023-05-29 00:00:00.000,8.829e-05,
2023-05-29 08:00:00.000,0.0001,
2023-05-29 16:00:00.000,0.0001,
2023-05-30 00:00:00.000,0.0001,
2023-05-30 08:00:00.000,0.0001,
2023-05-30 16:00:00.000,0.0001,
2023-05-31 00:00:00.000,0.0001,
2023-05-31 08:00:00.000,0.0001,
2023-05-31 16:00:00.000,0.0001,
2023-06-01 00:00:00.000,0.0001,
2023-06-01 08:00:00.000,0.0001,
2023-06-01 16:00:00.000,0.0001,
2023-06-02 00:00:00.000,0.0001,
2023-06-02 08:00:00.000,0.0001,
2023-06-02 16:00:00.000,0.0001,
2023-06-03 00:00:00.000,0.0001,
2023-06-03 08:00:00.000,0.0001,
2023-06-03 16:00:00.000,0.0001,
2023-06-04 00:00:00.000,0.0001,
2023-06-04 08:00:00.000,0.0001,
2023-06-04 16:00:00.000,0.0001,
2023-06-05 00:00:00.000,0.0001,
2023-06-05 08:00:00.000,0.0001,
2023-06-05 16:00:00.000,0.0001,
2023-06-06 00:00:00.000,-8.506e-05,
2023-06-06 08:00:00.000,-1.438e-05,
2023-06-06 16:00:00.000,7.387e-05,
2023-06-07 00:00:00.000,0.0001,
2023-06-07 08:00:00.000,8.853e-05,
2023-06-07 16:00:00.000,0.0001,
2023-06-08 00:00:00.000,-4.351e-05,
2023-06-08 08:00:00.000,2.9e-06,
2023-06-08 16:00:00.000,0.0001,
2023-06-09 00:00:00.000,0.0001,
2023-06-09 08:00:00.000,6.951e-05,
2023-06-09 16:00:00.000,0.0001,
2023-06-10 00:00:00.000,0.0001,
2023-06-10 08:00:00.000,-0.00025603,
2023-06-10 16:00:00.000,-0.00030365,
2023-06-11 00:00:00.000,-0.00012295,
2023-06-11 08:00:00.000,-5.433e-05,
2023-06-11 16:00:00.000,-5.356e-05,
2023-06-12 00:00:00.000,4.17e-06,
2023-06-12 08:00:00.000,-0.00010195,
2023-06-12 16:00:00.000,-6.38e-06,
2023-06-13 00:00:00.000,1.224e-05,
2023-06-13 08:00:00.000,3.77e-06,
2023-06-13 16:00:00.000,5.958e-05,
2023-06-14 00:00:00.000,0.0001,
2023-06-14 08:00:00.000,0.0001,
2023-06-14 16:00:00.000,5.128e-05,
2023-06-15 00:00:00.000,-5.195e-05,
2023-06-15 08:00:00.000,6.34e-06,
2023-06-15 16:00:00.000,0.0001,
2023-06-16 00:00:00.000,9.795e-05,
2023-06-16 08:00:00.000,7.487e-05,
2023-06-16 16:00:00.000,0.0001,
2023-06-17 00:00:00.000,3.825e-05,
2023-06-17 08:00:00.000,-4.673e-05,
2023-06-17 16:00:00.000,4.932e-05,
2023-06-18 00:00:00.000,-9.993e-05,
2023-06-18 08:00:00.000,1.618e-05,
2023-06-18 16:00:00.000,2.785e-05,
2023-06-19 00:00:00.000,-5.845e-05,
2023-06-19 08:00:00.000,0.0001,
2023-06-19 16:00:00.000,5.784e-05,
2023-06-20 00:00:00.000,6.009e-05,
2023-06-20 08:00:00.000,3.411e-05,
2023-06-20 16:00:00.000,-6.13e-06,
2023-06-21 00:00:00.000,9.038e-05,
2023-06-21 08:00:00.000,7.448e-05,
2023-06-21 16:00:00.000,0.0001,
2023-06-22 00:00:00.000,0.0001,
2023-06-22 08:00:00.000,0.0001,
2023-06-22 16:00:00.000,0.0001,
2023-06-23 00:00:00.000,6.97e-05,
2023-06-23 08:00:00.000,7.59e-05,
2023-06-23 16:00:00.000,8.471e-05,
2023-06-24 00:00:00.000,0.0001,
2023-06-24 08:00:00.000,0.0001,
2023-06-24 16:00:00.000,0.0001,
2023-06-25 00:00:00.000,3.974e-05,
2023-06-25 08:00:00.000,8.754e-05,
2023-06-25 16:00:00.000,0.0001,
2023-06-26 00:00:00.000,6.997e-05,
2023-06-26 08:00:00.000,1.461e-05,
2023-06-26 16:00:00.000,6.94e-05,
2023-06-27 00:00:00.000,-0.00017003,
2023-06-27 08:00:00.000,-4.912e-05,
2023-06-27 16:00:00.000,6.747e-05,
2023-06-28 00:00:00.000,0.0001,
2023-06-28 08:00:00.000,0.0001,
2023-06-28 16:00:00.000,-1.995e-05,
2023-06-29 00:00:00.000,-0.00030023,
2023-06-29 08:00:00.000,-7.093e-05,
2023-06-29 16:00:00.000,-4.563e-05,
2023-06-30 00:00:00.000,4.966e-05,
2023-06-30 08:00:00.000,0.0001,
2023-06-30 16:00:00.000,3.93e-06,
2023-07-01 00:00:00.000,0.0001,
2023-07-01 08:00:00.000,0.0001,
2023-07-01 16:00:00.000,0.0001,
2023-07-02 00:00:00.000,0.0001,
2023-07-02 08:00:00.000,0.0001,
2023-07-02 16:00:00.000,0.0001,
2023-07-03 00:00:00.000,0.0001,
2023-07-03 08:00:00.000,0.0001,
2023-07-03 16:00:00.000,0.0001,
2023-07-04 00:00:00.000,0.0001,
2023-07-04 08:00:00.000,0.0001,
2023-07-04 16:00:00.000,0.0001,
2023-07-05 00:00:00.000,0.0001,
2023-07-05 08:00:00.000,0.0001,
2023-07-05 16:00:00.000,3.541e-05,
2023-07-06 00:00:00.000,-0.00015783,
2023-07-06 08:00:00.000,-2.29e-06,
2023-07-06 16:00:00.000,8.485e-05,
2023-07-07 00:00:00.000,4.424e-05,
2023-07-07 08:00:00.000,8.705e-05,
2023-07-07 16:00:00.000,-2.698e-05,
2023-07-08 00:00:00.000,-0.00019355,
2023-07-08 08:00:00.000,-0.00014643,
2023-07-08 16:00:00.000,-2.87e-05,
2023-07-09 00:00:00.000,-3.288e-05,
2023-07-09 08:00:00.000,-1.155e-05,
2023-07-09 16:00:00.000,-4.9e-07,
2023-07-10 00:00:00.000,5.23e-06,
2023-07-10 08:00:00.000,4.376e-05,
2023-07-10 16:00:00.000,0.0001,
2023-07-11 00:00:00.000,5.947e-05,
2023-07-11 08:00:00.000,0.0001,
2023-07-11 16:00:00.000,0.0001,
2023-07-12 00:00:00.000,8.033e-05,
2023-07-12 08:00:00.000,0.0001,
2023-07-12 16:00:00.000,0.0001,
2023-07-13 00:00:00.000,-4.43e-06,
2023-07-13 08:00:00.000,3.909e-05,
2023-07-13 16:00:00.000,0.0001,
2023-07-14 00:00:00.000,0.0001,
2023-07-14 08:00:00.000,0.0001,
2023-07-14 16:00:00.000,0.0001,
2023-07-15 00:00:00.000,0.0001,
2023-07-15 08:00:00.000,0.0001,
2023-07-15 16:00:00.000,0.0001,
2023-07-16 00:00:00.000,0.0001,
2023-07-16 08:00:00.000,0.0001,
2023-07-16 16:00:00.000,0.0001,
2023-07-17 00:00:00.000,0.0001,
2023-07-17 08:00:00.000,0.0001,
2023-07-17 16:00:00.000,0.0001,
2023-07-18 00:00:00.000,0.0001,
2023-07-18 08:00:00.000,0.0001,
2023-07-18 16:00:00.000,0.0001,
2023-07-19 00:00:00.000,0.0001,
2023-07-19 08:00:00.000,0.0001,
2023-07-19 16:00:00.000,0.0001,
2023-07-20 00:00:00.000,0.0001,
2023-07-20 08:00:00.000,0.0001,
2023-07-20 16:00:00.000,0.0001,
2023-07-21 00:00:00.000,0.0001,
2023-07-21 08:00:00.000,0.0001,
2023-07-21 16:00:00.000,0.0001,
2023-07-22 00:00:00.000,0.0001,
2023-07-22 08:00:00.000,0.0001,
2023-07-22 16:00:00.000,0.0001,
2023-07-23 00:00:00.000,0.0001,
2023-07-23 08:00:00.000,0.0001,
2023-07-23 16:00:00.000,0.0001,
2023-07-24 00:00:00.000,0.0001,
2023-07-24 08:00:00.000,0.0001,
2023-07-24 16:00:00.000,0.0001,
2023-07-25 00:00:00.000,0.0001,
2023-07-25 08:00:00.000,0.0001,
2023-07-25 16:00:00.000,0.0001,
2023-07-26 00:00:00.000,0.0001,
2023-07-26 08:00:00.000,0.0001,
2023-07-26 16:00:00.000,0.0001,
2023-07-27 00:00:00.000,0.0001,
2023-07-27 08:00:00.000,0.0001,
2023-07-27 16:00:00.000,0.0001,
2023-07-28 00:00:00.000,6.04e-05,
2023-07-28 08:00:00.000,0.0001,
2023-07-28 16:00:00.000,0.0001,
2023-07-29 00:00:00.000,0.0001,
2023-07-29 08:00:00.000,0.0001,
2023-07-29 16:00:00.000,0.0001,
2023-07-30 00:00:00.000,0.0001,
2023-07-30 08:00:00.000,0.0001,
2023-07-30 16:00:00.000,0.0001,
2023-07-31 00:00:00.000,0.0001,
2023-07-31 08:00:00.000,0.0001,
2023-07-31 16:00:00.000,0.0001,
2023-08-01 00:00:00.000,0.0001,
2023-08-01 08:00:00.000,0.0001,
2023-08-01 16:00:00.000,0.0001,
2023-08-02 00:00:00.000,0.0001,
2023-08-02 08:00:00.000,0.0001,
2023-08-02 16:00:00.000,0.0001,
2023-08-03 00:00:00.000,0.0001,
2023-08-03 08:00:00.000,0.0001,
2023-08-03 16:00:00.000,0.0001,
2023-08-04 00:00:00.000,0.0001,
2023-08-04 08:00:00.000,0.0001,
2023-08-04 16:00:00.000,0.0001,
2023-08-05 00:00:00.000,9.182e-05,
2023-08-05 08:00:00.000,0.0001,
2023-08-05 16:00:00.000,0.0001,
2023-08-06 00:00:00.000,0.0001,
2023-08-06 08:00:00.000,0.0001,
2023-08-06 16:00:00.000,0.0001,
2023-08-07 00:00:00.000,0.0001,
2023-08-07 08:00:00.000,0.0001,
2023-08-07 16:00:00.000,0.0001,
2023-08-08 00:00:00.000,0.0001,
2023-08-08 08:00:00.000,0.0001,
2023-08-08 16:00:00.000,0.0001,
2023-08-09 00:00:00.000,0.0001,
2023-08-09 08:00:00.000,0.0001,
2023-08-09 16:00:00.000,0.0001,
2023-08-10 00:00:00.000,0.0001,
2023-08-10 08:00:00.000,0.0001,
2023-08-10 16:00:00.000,0.0001,
2023-08-11 00:00:00.000,0.0001,
2023-08-11 08:00:00.000,0.0001,
2023-08-11 16:00:00.000,0.0001,
2023-08-12 00:00:00.000,0.0001,
2023-08-12 08:00:00.000,0.0001,
2023-08-12 16:00:00.000,0.0001,
2023-08-13 00:00:00.000,0.0001,
2023-08-13 08:00:00.000,0.0001,
2023-08-13 16:00:00.000,0.0001,
2023-08-14 00:00:00.000,0.0001,
2023-08-14 08:00:00.000,0.0001,
2023-08-14 16:00:00.000,0.0001,
2023-08-15 00:00:00.000,0.0001,
2023-08-15 08:00:00.000,0.0001,
2023-08-15 16:00:00.000,0.0001,
2023-08-16 00:00:00.000,0.0001,
2023-08-16 08:00:00.000,0.0001,
2023-08-16 16:00:00.000,0.0001,
2023-08-17 00:00:00.000,0.0001,
2023-08-17 08:00:00.000,4.942e-05,
2023-08-17 16:00:00.000,0.0001,
2023-08-18 00:00:00.000,-5.621e-05,
2023-08-18 08:00:00.000,-3.169e-05,
2023-08-18 16:00:00.000,0.0001,
2023-08-19 00:00:00.000,5.679e-05,
2023-08-19 08:00:00.000,-1.36e-05,
2023-08-19 16:00:00.000,0.0001,
2023-08-20 00:00:00.000,-3.384e-05,
2023-08-20 08:00:00.000,-4.068e-05,
2023-08-20 16:00:00.000,5.756e-05,
2023-08-21 00:00:00.000,7.07e-06,
2023-08-21 08:00:00.000,0.0001,
2023-08-21 16:00:00.000,0.0001,
2023-08-22 00:00:00.000,3.563e-05,
2023-08-22 08:00:00.000,-0.00016963,
2023-08-22 16:00:00.000,6.556e-05,
2023-08-23 00:00:00.000,9.964e-05,
2023-08-23 08:00:00.000,8.026e-05,
2023-08-23 16:00:00.000,0.0001,
2023-08-24 00:00:00.000,0.0001,
2023-08-24 08:00:00.000,4.894e-05,
2023-08-24 16:00:00.000,4.273e-05,
2023-08-25 00:00:00.000,-1.457e-05,
2023-08-25 08:00:00.000,-4.411e-05,
2023-08-25 16:00:00.000,1.986e-05,
2023-08-26 00:00:00.000,-1.48e-06,
2023-08-26 08:00:00.000,7.863e-05,
2023-08-26 16:00:00.000,0.0001,
2023-08-27 00:00:00.000,9.348e-05,
2023-08-27 08:00:00.000,3.56e-05,
2023-08-27 16:00:00.000,0.0001,
2023-08-28 00:00:00.000,4.135e-05,
2023-08-28 08:00:00.000,8.54e-05,
2023-08-28 16:00:00.000,0.0001,
2023-08-29 00:00:00.000,0.0001,
2023-08-29 08:00:00.000,0.0001,
2023-08-29 16:00:00.000,0.0001,
2023-08-30 00:00:00.000,4.952e-05,
2023-08-30 08:00:00.000,0.0001,
2023-08-30 16:00:00.000,6.674e-05,
2023-08-31 00:00:00.000,0.0001,
2023-08-31 08:00:00.000,0.0001,
2023-08-31 16:00:00.000,6.869e-05,
2023-09-01 00:00:00.000,0.0001,
2023-09-01 08:00:00.000,5.187e-05,
2023-09-01 16:00:00.000,4.066e-05,
2023-09-02 00:00:00.000,-3.731e-05,
2023-09-02 08:00:00.000,-6.205e-05,
2023-09-02 16:00:00.000,-3.941e-05,
2023-09-03 00:00:00.000,-5.18e-06,
2023-09-03 08:00:00.000,-3.8e-05,
2023-09-03 16:00:00.000,-1.766e-05,
2023-09-04 00:00:00.000,-0.000105,
2023-09-04 08:00:00.000,-5.432e-05,
2023-09-04 16:00:00.000,-4.751e-05,
2023-09-05 00:00:00.000,-9.11e-06,
2023-09-05 08:00:00.000,3.116e-05,
2023-09-05 16:00:00.000,8.421e-05,
2023-09-06 00:00:00.000,6.283e-05,
2023-09-06 08:00:00.000,0.0001,
2023-09-06 16:00:00.000,0.0001,
2023-09-07 00:00:00.000,-3.307e-05,
2023-09-07 08:00:00.000,-6.408e-05,
2023-09-07 16:00:00.000,3.1e-05,
2023-09-08 00:00:00.000,5.674e-05,
2023-09-08 08:00:00.000,6.727e-05,
2023-09-08 16:00:00.000,-0.00013885,
2023-09-09 00:00:00.000,1.8e-06,
2023-09-09 08:00:00.000,4.101e-05,
2023-09-09 16:00:00.000,5.063e-05,
2023-09-10 00:00:00.000,-3.223e-05,
2023-09-10 08:00:00.000,-4.07e-06,
2023-09-10 16:00:00.000,-0.00012186,
2023-09-11 00:00:00.000,-9.37e-06,
2023-09-11 08:00:00.000,-3.904e-05,
2023-09-11 16:00:00.000,2.209e-05,
2023-09-12 00:00:00.000,0.0001,
2023-09-12 08:00:00.000,6.009e-05,
2023-09-12 16:00:00.000,6.928e-05,
2023-09-13 00:00:00.000,5.394e-05,
2023-09-13 08:00:00.000,1.809e-05,
2023-09-13 16:00:00.000,0.0001,
2023-09-14 00:00:00.000,8.4e-06,
2023-09-14 08:00:00.000,0.0001,
2023-09-14 16:00:00.000,-3.971e-05,
2023-09-15 00:00:00.000,-7.246e-05,
2023-09-15 08:00:00.000,0.0001,
2023-09-15 16:00:00.000,0.0001,
2023-09-16 00:00:00.000,6.327e-05,
2023-09-16 08:00:00.000,6.82e-06,
2023-09-16 16:00:00.000,-0.00013625,
2023-09-17 00:00:00.000,-7.015e-05,
2023-09-17 08:00:00.000,-1.537e-05,
2023-09-17 16:00:00.000,0.0001,
2023-09-18 00:00:00.000,-5.992e-05,
2023-09-18 08:00:00.000,4.22e-05,
2023-09-18 16:00:00.000,0.0001,
2023-09-19 00:00:00.000,5.944e-05,
2023-09-19 08:00:00.000,2.88e-06,
2023-09-19 16:00:00.000,0.0001,
2023-09-20 00:00:00.000,0.0001,
2023-09-20 08:00:00.000,6.075e-05,
2023-09-20 16:00:00.000,2.409e-05,
2023-09-21 00:00:00.000,-2.871e-05,
2023-09-21 08:00:00.000,0.0001,
2023-09-21 16:00:00.000,0.0001,
2023-09-22 00:00:00.000,-3.734e-05,
2023-09-22 08:00:00.000,5.98e-06,
2023-09-22 16:00:00.000,7.73e-05,
2023-09-23 00:00:00.000,6.673e-05,
2023-09-23 08:00:00.000,-3.104e-05,
2023-09-23 16:00:00.000,0.0001,
2023-09-24 00:00:00.000,-0.00013559,
2023-09-24 08:00:00.000,3.344e-05,
2023-09-24 16:00:00.000,0.0001,
2023-09-25 00:00:00.000,1.506e-05,
2023-09-25 08:00:00.000,6.6e-07,
2023-09-25 16:00:00.000,0.0001,
2023-09-26 00:00:00.000,-2.65e-06,
2023-09-26 08:00:00.000,1.545e-05,
2023-09-26 16:00:00.000,6.089e-05,
2023-09-27 00:00:00.000,3.445e-05,
2023-09-27 08:00:00.000,7.255e-05,
2023-09-27 16:00:00.000,5.965e-05,
2023-09-28 00:00:00.000,0.0001,
2023-09-28 08:00:00.000,0.0001,
2023-09-28 16:00:00.000,7.426e-05,
2023-09-29 00:00:00.000,-2.883e-05,
2023-09-29 08:00:00.000,4.917e-05,
2023-09-29 16:00:00.000,0.0001,
2023-09-30 00:00:00.000,6.335e-05,
2023-09-30 08:00:00.000,8.701e-05,
2023-09-30 16:00:00.000,9.882e-05,
2023-10-01 00:00:00.000,-9.66e-06,
2023-10-01 08:00:00.000,0.0001,
2023-10-01 16:00:00.000,1.308e-05,
2023-10-02 00:00:00.000,4.688e-05,
2023-10-02 08:00:00.000,-5.627e-05,
2023-10-02 16:00:00.000,-8.601e-05,
2023-10-03 00:00:00.000,6.33e-05,
2023-10-03 08:00:00.000,8.855e-05,
2023-10-03 16:00:00.000,0.0001,
2023-10-04 00:00:00.000,9.519e-05,
2023-10-04 08:00:00.000,-7.286e-05,
2023-10-04 16:00:00.000,-1.98e-05,
2023-10-05 00:00:00.000,-9.253e-05,
2023-10-05 08:00:00.000,5.687e-05,
2023-10-05 16:00:00.000,7.59e-06,
2023-10-06 00:00:00.000,2.44e-06,
2023-10-06 08:00:00.000,-3.045e-05,
2023-10-06 16:00:00.000,6.822e-05,
2023-10-07 00:00:00.000,0.0001,
2023-10-07 08:00:00.000,0.0001,
2023-10-07 16:00:00.000,8.717e-05,
2023-10-08 00:00:00.000,0.0001,
2023-10-08 08:00:00.000,3.001e-05,
2023-10-08 16:00:00.000,6.636e-05,
2023-10-09 00:00:00.000,-8.85e-06,
2023-10-09 08:00:00.000,2.581e-05,
2023-10-09 16:00:00.000,-0.00010016,
2023-10-10 00:00:00.000,-0.00013754,
2023-10-10 08:00:00.000,-0.00021729,
2023-10-10 16:00:00.000,-2.46e-05,
2023-10-11 00:00:00.000,-0.00013064,
2023-10-11 08:00:00.000,-2.508e-05,
2023-10-11 16:00:00.000,7.12e-05,
2023-10-12 00:00:00.000,-1.14e-06,
2023-10-12 08:00:00.000,-0.00017808,
2023-10-12 16:00:00.000,2.718e-05,
2023-10-13 00:00:00.000,0.0001,
2023-10-13 08:00:00.000,-1.97e-06,
2023-10-13 16:00:00.000,-6.644e-05,
2023-10-14 00:00:00.000,1.843e-05,
2023-10-14 08:00:00.000,0.0001,
2023-10-14 16:00:00.000,0.0001,
2023-10-15 00:00:00.000,0.0001,
2023-10-15 08:00:00.000,0.0001,
2023-10-15 16:00:00.000,0.0001,
2023-10-16 00:00:00.000,0.0001,
2023-10-16 08:00:00.000,0.0001,
2023-10-16 16:00:00.000,7.59e-06,
2023-10-17 00:00:00.000,-1.971e-05,
2023-10-17 08:00:00.000,0.0001,
2023-10-17 16:00:00.000,0.0001,
2023-10-18 00:00:00.000,0.0001,
2023-10-18 08:00:00.000,6.78e-06,
2023-10-18 16:00:00.000,-6.554e-05,
2023-10-19 00:00:00.000,0.0001,
2023-10-19 08:00:00.000,0.0001,
2023-10-19 16:00:00.000,0.0001,
2023-10-20 00:00:00.000,3.943e-05,
2023-10-20 08:00:00.000,0.0001,
2023-10-20 16:00:00.000,0.0001,
2023-10-21 00:00:00.000,0.0001,
2023-10-21 08:00:00.000,0.0001,
2023-10-21 16:00:00.000,0.0001,
2023-10-22 00:00:00.000,0.0001,
2023-10-22 08:00:00.000,0.0001,
2023-10-22 16:00:00.000,0.0001,
2023-10-23 00:00:00.000,0.0001,
2023-10-23 08:00:00.000,0.0001,
2023-10-23 16:00:00.000,0.0001,
2023-10-24 00:00:00.000,0.0001,
2023-10-24 08:00:00.000,0.0001,
2023-10-24 16:00:00.000,0.0001,
2023-10-25 00:00:00.000,0.0001,
2023-10-25 08:00:00.000,0.0001,
2023-10-25 16:00:00.000,0.0001,
2023-10-26 00:00:00.000,0.0001703,
2023-10-26 08:00:00.000,0.00016051,
2023-10-26 16:00:00.000,0.00013332,
2023-10-27 00:00:00.000,0.0001,
2023-10-27 08:00:00.000,0.0001,
2023-10-27 16:00:00.000,0.0001,
2023-10-28 00:00:00.000,0.0001,
2023-10-28 08:00:00.000,0.0001,
2023-10-28 16:00:00.000,0.0001,
2023-10-29 00:00:00.000,0.00014643,
2023-10-29 08:00:00.000,0.00019432,
2023-10-29 16:00:00.000,0.00022513,
2023-10-30 00:00:00.000,0.00013011,
2023-10-30 08:00:00.000,0.0001,
2023-10-30 16:00:00.000,0.00023317,
2023-10-31 00:00:00.000,0.00021896,
2023-10-31 08:00:00.000,0.00016806,
2023-10-31 16:00:00.000,0.0001,
2023-11-01 00:00:00.000,0.0001,
2023-11-01 08:00:00.000,0.0001,
2023-11-01 16:00:00.000,0.0001,
2023-11-02 00:00:00.000,0.00026546,
2023-11-02 08:00:00.000,0.00027737,
2023-11-02 16:00:00.000,0.00021039,
2023-11-03 00:00:00.000,0.0001,
2023-11-03 08:00:00.000,0.0001,
2023-11-03 16:00:00.000,0.0001,
2023-11-04 00:00:00.000,0.0001,
2023-11-04 08:00:00.000,0.00030005,
2023-11-04 16:00:00.000,0.00019511,
2023-11-05 00:00:00.000,0.0002928,
2023-11-05 08:00:00.000,0.00028075,
2023-11-05 16:00:00.000,0.00025819,
2023-11-06 00:00:00.000,0.00030618,
2023-11-06 08:00:00.000,0.00025041,
2023-11-06 16:00:00.000,0.00050107,
2023-11-07 00:00:00.000,0.0003289,
2023-11-07 08:00:00.000,0.00024822,
2023-11-07 16:00:00.000,0.00011464,
2023-11-08 00:00:00.000,0.00014497,
2023-11-08 08:00:00.000,0.0001,
2023-11-08 16:00:00.000,0.0003081,
2023-11-09 00:00:00.000,0.0002397,
2023-11-09 08:00:00.000,0.0002454,
2023-11-09 16:00:00.000,0.00032168,
2023-11-10 00:00:00.000,0.0001,
2023-11-10 08:00:00.000,0.00027287,
2023-11-10 16:00:00.000,0.00028711,
2023-11-11 00:00:00.000,0.00013686,
2023-11-11 08:00:00.000,0.00024689,
2023-11-11 16:00:00.000,0.00058275,
2023-11-12 00:00:00.000,0.00036753,
2023-11-12 08:00:00.000,0.00021785,
2023-11-12 16:00:00.000,0.00036236,
2023-11-13 00:00:00.000,0.00023305,
2023-11-13 08:00:00.000,0.00024847,
2023-11-13 16:00:00.000,0.00017434,
2023-11-14 00:00:00.000,0.0001,
2023-11-14 08:00:00.000,0.00013342,
2023-11-14 16:00:00.000,0.0001,
2023-11-15 00:00:00.000,0.0001,
2023-11-15 08:00:00.000,0.0001,
2023-11-15 16:00:00.000,0.0001,
2023-11-16 00:00:00.000,0.00019993,
2023-11-16 08:00:00.000,0.00033074,
2023-11-16 16:00:00.000,0.00029892,
2023-11-17 00:00:00.000,0.00019073,
2023-11-17 08:00:00.000,0.00028934,
2023-11-17 16:00:00.000,0.00012116,
2023-11-18 00:00:00.000,0.0001,
2023-11-18 08:00:00.000,0.0001,
2023-11-18 16:00:00.000,0.0001,
2023-11-19 00:00:00.000,0.0001,
2023-11-19 08:00:00.000,0.0001,
2023-11-19 16:00:00.000,0.0001,
2023-11-20 00:00:00.000,0.0001,
2023-11-20 08:00:00.000,0.00019412,
2023-11-20 16:00:00.000,0.00014507,
2023-11-21 00:00:00.000,0.0001,
2023-11-21 08:00:00.000,0.0001,
2023-11-21 16:00:00.000,0.0001,
2023-11-22 00:00:00.000,0.0001,
2023-11-22 08:00:00.000,0.0001,
2023-11-22 16:00:00.000,0.0001,
2023-11-23 00:00:00.000,0.0001,
2023-11-23 08:00:00.000,0.0001,
2023-11-23 16:00:00.000,0.0001,
2023-11-24 00:00:00.000,0.0001,
2023-11-24 08:00:00.000,0.0001,
2023-11-24 16:00:00.000,0.0001,
2023-11-25 00:00:00.000,0.0001,
2023-11-25 08:00:00.000,0.0001,
2023-11-25 16:00:00.000,0.0001,
2023-11-26 00:00:00.000,0.0001,
2023-11-26 08:00:00.000,0.0001,
2023-11-26 16:00:00.000,0.0001,
2023-11-27 00:00:00.000,0.0001,
2023-11-27 08:00:00.000,0.0001,
2023-11-27 16:00:00.000,0.0001,
2023-11-28 00:00:00.000,0.0001,
2023-11-28 08:00:00.000,0.0001,
2023-11-28 16:00:00.000,0.0001,
2023-11-29 00:00:00.000,0.0001,
2023-11-29 08:00:00.000,0.0001,
2023-11-29 16:00:00.000,0.0001,
2023-11-30 00:00:00.000,0.0001,
2023-11-30 08:00:00.000,0.0001,
2023-11-30 16:00:00.000,0.0001,
2023-12-01 00:00:00.000,0.0001,
2023-12-01 08:00:00.000,0.0001,
2023-12-01 16:00:00.000,0.0001,
2023-12-02 00:00:00.000,0.0001,
2023-12-02 08:00:00.000,0.0001,
2023-12-02 16:00:00.000,0.0001,
2023-12-03 00:00:00.000,0.00012384,
2023-12-03 08:00:00.000,0.00046585,
2023-12-03 16:00:00.000,0.00013321,
2023-12-04 00:00:00.000,0.0001,
2023-12-04 08:00:00.000,0.00063031,
2023-12-04 16:00:00.000,0.00034419,
2023-12-05 00:00:00.000,0.00036266,
2023-12-05 08:00:00.000,0.00024269,
2023-12-05 16:00:00.000,0.0001,
2023-12-06 00:00:00.000,0.00055556,
2023-12-06 08:00:00.000,0.00039429,
2023-12-06 16:00:00.000,0.00033388,
2023-12-07 00:00:00.000,0.00018698,
2023-12-07 08:00:00.000,0.00019099,
2023-12-07 16:00:00.000,0.00025651,
2023-12-08 00:00:00.000,0.00032073,
2023-12-08 08:00:00.000,0.00026461,
2023-12-08 16:00:00.000,0.00044268,
2023-12-09 00:00:00.000,0.00038785,
2023-12-09 08:00:00.000,0.00067594,
2023-12-09 16:00:00.000,0.00069941,
2023-12-10 00:00:00.000,0.00035187,
2023-12-10 08:00:00.000,0.0004383,
2023-12-10 16:00:00.000,0.0003185,
2023-12-11 00:00:00.000,0.0004791,
2023-12-11 08:00:00.000,0.00010427,
2023-12-11 16:00:00.000,0.00011849,
2023-12-12 00:00:00.000,0.0001,
2023-12-12 08:00:00.000,0.0001,
2023-12-12 16:00:00.000,0.00018434,
2023-12-13 00:00:00.000,0.0001,
2023-12-13 08:00:00.000,0.0001,
2023-12-13 16:00:00.000,0.00013504,
2023-12-14 00:00:00.000,0.0001,
2023-12-14 08:00:00.000,0.00016169,
2023-12-14 16:00:00.000,0.00012308,
2023-12-15 00:00:00.000,0.00010891,
2023-12-15 08:00:00.000,0.00014111,
2023-12-15 16:00:00.000,0.00013413,
2023-12-16 00:00:00.000,0.0001,
2023-12-16 08:00:00.000,0.0001,
2023-12-16 16:00:00.000,0.0001,
2023-12-17 00:00:00.000,0.0001,
2023-12-17 08:00:00.000,0.0001,
2023-12-17 16:00:00.000,0.0001,
2023-12-18 00:00:00.000,0.00013361,
2023-12-18 08:00:00.000,0.0001,
2023-12-18 16:00:00.000,0.0001,
2023-12-19 00:00:00.000,0.0001,
2023-12-19 08:00:00.000,0.0001,
2023-12-19 16:00:00.000,0.0001,
2023-12-20 00:00:00.000,0.0001,
2023-12-20 08:00:00.000,0.00019813,
2023-12-20 16:00:00.000,0.000254,
2023-12-21 00:00:00.000,0.00035256,
2023-12-21 08:00:00.000,0.00035583,
2023-12-21 16:00:00.000,0.00030398,
2023-12-22 00:00:00.000,0.00048096,
2023-12-22 08:00:00.000,0.00062517,
2023-12-22 16:00:00.000,0.00044627,
2023-12-23 00:00:00.000,0.00052716,
2023-12-23 08:00:00.000,0.00016551,
2023-12-23 16:00:00.000,0.00024081,
2023-12-24 00:00:00.000,0.00031492,
2023-12-24 08:00:00.000,0.00043164,
2023-12-24 16:00:00.000,0.00043383,
2023-12-25 00:00:00.000,0.00020378,
2023-12-25 08:00:00.000,0.00019041,
2023-12-25 16:00:00.000,0.00054552,
2023-12-26 00:00:00.000,0.00071865,
2023-12-26 08:00:00.000,0.00036363,
2023-12-26 16:00:00.000,0.0004595,
2023-12-27 00:00:00.000,0.00012611,
2023-12-27 08:00:00.000,0.00018811,
2023-12-27 16:00:00.000,0.000554,
2023-12-28 00:00:00.000,0.00067075,
2023-12-28 08:00:00.000,0.00071706,
2023-12-28 16:00:00.000,0.00060874,
2023-12-29 00:00:00.000,0.00038693,
2023-12-29 08:00:00.000,0.00035857,
2023-12-29 16:00:00.000,0.00058362,
2023-12-30 00:00:00.000,0.00025603,
2023-12-30 08:00:00.000,0.00019228,
2023-12-30 16:00:00.000,0.00028563,
2023-12-31 00:00:00.000,0.00024168,
2023-12-31 08:00:00.000,0.00030608,
2023-12-31 16:00:00.000,0.0002724,
2024-01-01 00:00:00.000,0.00024366,
2024-01-01 08:00:00.000,0.00026541,
2024-01-01 16:00:00.000,0.0002442,
2024-01-02 00:00:00.000,0.00049046,
2024-01-02 08:00:00.000,0.00070738,
2024-01-02 16:00:00.000,0.00074106,
2024-01-03 00:00:00.000,0.00037446,
2024-01-03 08:00:00.000,0.00053043,
2024-01-03 16:00:00.000,0.0001,
2024-01-04 00:00:00.000,0.0001,
2024-01-04 08:00:00.000,0.0001,
2024-01-04 16:00:00.000,0.0001,
2024-01-05 00:00:00.000,0.0001,
2024-01-05 08:00:00.000,0.0001,
2024-01-05 16:00:00.000,0.0001,
2024-01-06 00:00:00.000,0.0001,
2024-01-06 08:00:00.000,0.0001,
2024-01-06 16:00:00.000,0.0001,
2024-01-07 00:00:00.000,0.0001,
2024-01-07 08:00:00.000,0.0001,
2024-01-07 16:00:00.000,0.0001,
2024-01-08 00:00:00.000,0.0001,
2024-01-08 08:00:00.000,0.0001,
2024-01-08 16:00:00.000,0.0001,
2024-01-09 00:00:00.000,0.0001,
2024-01-09 08:00:00.000,0.0001,
2024-01-09 16:00:00.000,0.0001,
2024-01-10 00:00:00.000,0.0001,
2024-01-10 08:00:00.000,0.0001,
2024-01-10 16:00:00.000,0.0001,
2024-01-11 00:00:00.000,0.0001,
2024-01-11 08:00:00.000,0.0001,
2024-01-11 16:00:00.000,0.0001,
2024-01-12 00:00:00.000,0.0001,
2024-01-12 08:00:00.000,0.0001,
2024-01-12 16:00:00.000,0.0001,
2024-01-13 00:00:00.000,0.0001,
2024-01-13 08:00:00.000,0.0001,
2024-01-13 16:00:00.000,0.0001,
2024-01-14 00:00:00.000,0.0001,
2024-01-14 08:00:00.000,0.0001,
2024-01-14 16:00:00.000,0.0001,
2024-01-15 00:00:00.000,0.0001,
2024-01-15 08:00:00.000,0.0001,
2024-01-15 16:00:00.000,0.0001,
2024-01-16 00:00:00.000,0.0001,
2024-01-16 08:00:00.000,0.0001,
2024-01-16 16:00:00.000,0.0001,
2024-01-17 00:00:00.000,0.0001,
2024-01-17 08:00:00.000,0.0001,
2024-01-17 16:00:00.000,0.0001,
2024-01-18 00:00:00.000,0.0001,
2024-01-18 08:00:00.000,0.0001,
2024-01-18 16:00:00.000,0.0001,
2024-01-19 00:00:00.000,0.0001,
2024-01-19 08:00:00.000,0.0001,
2024-01-19 16:00:00.000,0.0001,
2024-01-20 00:00:00.000,0.0001,
2024-01-20 08:00:00.000,0.0001,
2024-01-20 16:00:00.000,0.0001,
2024-01-21 00:00:00.000,0.0001,
2024-01-21 08:00:00.000,0.0001,
2024-01-21 16:00:00.000,0.0001,
2024-01-22 00:00:00.000,0.0001,
2024-01-22 08:00:00.000,0.0001,
2024-01-22 16:00:00.000,0.0001,
2024-01-23 00:00:00.000,0.0001,
2024-01-23 08:00:00.000,0.0001,
2024-01-23 16:00:00.000,0.0001,
2024-01-24 00:00:00.000,0.0001,
2024-01-24 08:00:00.000,0.0001,
2024-01-24 16:00:00.000,0.0001,
2024-01-25 00:00:00.000,0.0001,
2024-01-25 08:00:00.000,0.0001,
2024-01-25 16:00:00.000,0.0001,
2024-01-26 00:00:00.000,0.0001,
2024-01-26 08:00:00.000,0.0001,
2024-01-26 16:00:00.000,0.0001,
2024-01-27 00:00:00.000,0.0001,
2024-01-27 08:00:00.000,0.0001,
2024-01-27 16:00:00.000,0.0001,
2024-01-28 00:00:00.000,0.0001,
2024-01-28 08:00:00.000,0.0001,
2024-01-28 16:00:00.000,0.0001,
2024-01-29 00:00:00.000,0.0001,
2024-01-29 08:00:00.000,0.0001,
2024-01-29 16:00:00.000,0.0001,
2024-01-30 00:00:00.000,0.0001,
2024-01-30 08:00:00.000,0.0001,
2024-01-30 16:00:00.000,0.0001,
2024-01-31 00:00:00.000,0.0001,
2024-01-31 08:00:00.000,0.0001,
2024-01-31 16:00:00.000,0.0001,
2024-02-01 00:00:00.000,0.0001,
2024-02-01 08:00:00.000,0.0001,
2024-02-01 16:00:00.000,0.0001,
2024-02-02 00:00:00.000,0.0001,
2024-02-02 08:00:00.000,0.0001,
2024-02-02 16:00:00.000,0.0001,
2024-02-03 00:00:00.000,0.0001,
2024-02-03 08:00:00.000,0.0001,
2024-02-03 16:00:00.000,0.0001,
2024-02-04 00:00:00.000,0.0001,
2024-02-04 08:00:00.000,0.0001,
2024-02-04 16:00:00.000,0.0001,
2024-02-05 00:00:00.000,0.0001,
2024-02-05 08:00:00.000,0.0001,
2024-02-05 16:00:00.000,0.0001,
2024-02-06 00:00:00.000,0.0001,
2024-02-06 08:00:00.000,0.0001,
2024-02-06 16:00:00.000,0.0001,
2024-02-07 00:00:00.000,0.0001,
2024-02-07 08:00:00.000,0.0001,
2024-02-07 16:00:00.000,0.0001,
2024-02-08 00:00:00.000,0.0001,
2024-02-08 08:00:00.000,0.0001,
2024-02-08 16:00:00.000,0.0001,
2024-02-09 00:00:00.000,7.134e-05,
2024-02-09 08:00:00.000,0.0001,
2024-02-09 16:00:00.000,0.0001,
2024-02-10 00:00:00.000,0.0001,
2024-02-10 08:00:00.000,0.0001,
2024-02-10 16:00:00.000,0.0001,
2024-02-11 00:00:00.000,0.0001,
2024-02-11 08:00:00.000,0.0001,
2024-02-11 16:00:00.000,0.0001,
2024-02-12 00:00:00.000,0.0001,
2024-02-12 08:00:00.000,0.0001,
2024-02-12 16:00:00.000,0.0001,
2024-02-13 00:00:00.000,0.0001,
2024-02-13 08:00:00.000,0.00014357,
2024-02-13 16:00:00.000,0.00018613,
2024-02-14 00:00:00.000,0.00017259,
2024-02-14 08:00:00.000,0.0001,
2024-02-14 16:00:00.000,0.00020879,
2024-02-15 00:00:00.000,0.00026377,
2024-02-15 08:00:00.000,0.00035606,
2024-02-15 16:00:00.000,0.00027772,
2024-02-16 00:00:00.000,0.00023881,
2024-02-16 08:00:00.000,0.00036019,
2024-02-16 16:00:00.000,0.0001,
2024-02-17 00:00:00.000,0.00010521,
2024-02-17 08:00:00.000,0.00019651,
2024-02-17 16:00:00.000,0.00010833,
2024-02-18 00:00:00.000,0.00013575,
2024-02-18 08:00:00.000,0.00021463,
2024-02-18 16:00:00.000,0.00017103,
2024-02-19 00:00:00.000,0.00023633,
2024-02-19 08:00:00.000,0.00040254,
2024-02-19 16:00:00.000,0.0002242,
2024-02-20 00:00:00.000,0.0002709,
2024-02-20 08:00:00.000,0.00036583,
2024-02-20 16:00:00.000,0.000115,
2024-02-21 00:00:00.000,0.0001,
2024-02-21 08:00:00.000,0.0001,
2024-02-21 16:00:00.000,0.0001,
2024-02-22 00:00:00.000,0.0001,
2024-02-22 08:00:00.000,0.0001,
2024-02-22 16:00:00.000,0.00017744,
2024-02-23 00:00:00.000,0.00014491,
2024-02-23 08:00:00.000,0.00017792,
2024-02-23 16:00:00.000,0.00013961,
2024-02-24 00:00:00.000,0.00016504,
2024-02-24 08:00:00.000,0.0002531,
2024-02-24 16:00:00.000,0.00028575,
2024-02-25 00:00:00.000,0.00020159,
2024-02-25 08:00:00.000,0.00021698,
2024-02-25 16:00:00.000,0.00023228,
2024-02-26 00:00:00.000,0.00037749,
2024-02-26 08:00:00.000,0.00025137,
2024-02-26 16:00:00.000,0.00033275,
2024-02-27 00:00:00.000,0.0003962,
2024-02-27 08:00:00.000,0.0006344,
2024-02-27 16:00:00.000,0.00060487,
2024-02-28 00:00:00.000,0.00039405,
2024-02-28 08:00:00.000,0.00045098,
2024-02-28 16:00:00.000,0.00062422,
2024-02-29 00:00:00.000,0.0009013,
2024-02-29 08:00:00.000,0.00128083,
2024-02-29 16:00:00.000,0.00116529,
2024-03-01 00:00:00.000,0.00068372,
2024-03-01 08:00:00.000,0.00055302,
2024-03-01 16:00:00.000,0.00058281,
2024-03-02 00:00:00.000,0.00104421,
2024-03-02 08:00:00.000,0.0010501,
2024-03-02 16:00:00.000,0.00105314,
2024-03-03 00:00:00.000,0.00100038,
2024-03-03 08:00:00.000,0.00129456,
2024-03-03 16:00:00.000,0.00065736,
2024-03-04 00:00:00.000,0.00192609,
2024-03-04 08:00:00.000,0.00177668,
2024-03-04 16:00:00.000,0.00107211,
2024-03-05 00:00:00.000,0.00079469,
2024-03-05 08:00:00.000,0.00210706,
2024-03-05 16:00:00.000,0.00129802,
2024-03-06 00:00:00.000,0.0001,
2024-03-06 08:00:00.000,0.00012571,
2024-03-06 16:00:00.000,0.00028605,
2024-03-07 00:00:00.000,0.0002844,
2024-03-07 08:00:00.000,0.0001,
2024-03-07 16:00:00.000,0.00033185,
2024-03-08 00:00:00.000,0.00042608,
2024-03-08 08:00:00.000,0.00055517,
2024-03-08 16:00:00.000,0.00062691,
2024-03-09 00:00:00.000,0.00030429,
2024-03-09 08:00:00.000,0.00049315,
2024-03-09 16:00:00.000,0.00051351,
2024-03-10 00:00:00.000,0.00095357,
2024-03-10 08:00:00.000,0.00076126,
2024-03-10 16:00:00.000,0.00038397,
2024-03-11 00:00:00.000,0.00022684,
2024-03-11 08:00:00.000,0.00030672,
2024-03-11 16:00:00.000,0.00056315,
2024-03-12 00:00:00.000,0.00094339,
2024-03-12 08:00:00.000,0.0004405,
2024-03-12 16:00:00.000,0.00043317,
2024-03-13 00:00:00.000,0.00032647,
2024-03-13 08:00:00.000,0.00077524,
2024-03-13 16:00:00.000,0.00060913,
2024-03-14 00:00:00.000,0.00050223,
2024-03-14 08:00:00.000,0.00132591,
2024-03-14 16:00:00.000,0.00082048,
2024-03-15 00:00:00.000,0.00046068,
2024-03-15 08:00:00.000,0.00010764,
2024-03-15 16:00:00.000,0.0001,
2024-03-16 00:00:00.000,0.0001,
2024-03-16 08:00:00.000,0.0001,
2024-03-16 16:00:00.000,0.0001,
2024-03-17 00:00:00.000,0.0001,
2024-03-17 08:00:00.000,0.0001,
2024-03-17 16:00:00.000,0.0001143,
2024-03-18 00:00:00.000,0.0001,
2024-03-18 08:00:00.000,0.0001,
2024-03-18 16:00:00.000,0.0001,
2024-03-19 00:00:00.000,0.0001,
2024-03-19 08:00:00.000,0.0001,
2024-03-19 16:00:00.000,0.0001,
2024-03-20 00:00:00.000,0.0001,
2024-03-20 08:00:00.000,0.0001,
2024-03-20 16:00:00.000,0.0001,
2024-03-21 00:00:00.000,0.0001,
2024-03-21 08:00:00.000,0.0001,
2024-03-21 16:00:00.000,0.0001,
2024-03-22 00:00:00.000,0.0002386,
2024-03-22 08:00:00.000,0.00019294,
2024-03-22 16:00:00.000,0.0001,
2024-03-23 00:00:00.000,0.0001,
2024-03-23 08:00:00.000,0.0001,
2024-03-23 16:00:00.000,0.00015912,
2024-03-24 00:00:00.000,0.0001,
2024-03-24 08:00:00.000,0.00042393,
2024-03-24 16:00:00.000,0.00021953,
2024-03-25 00:00:00.000,0.00021896,
2024-03-25 08:00:00.000,0.00024298,
2024-03-25 16:00:00.000,0.00034799,
2024-03-26 00:00:00.000,0.00042713,
2024-03-26 08:00:00.000,0.00041365,
2024-03-26 16:00:00.000,0.00031787,
2024-03-27 00:00:00.000,0.00063954,
2024-03-27 08:00:00.000,0.000605,
2024-03-27 16:00:00.000,0.00038508,
2024-03-28 00:00:00.000,0.00060846,
2024-03-28 08:00:00.000,0.0006085,
2024-03-28 16:00:00.000,0.00086388,
2024-03-29 00:00:00.000,0.00066045,
2024-03-29 08:00:00.000,0.00082424,
2024-03-29 16:00:00.000,0.00073818,
2024-03-30 00:00:00.000,0.00077067,
2024-03-30 08:00:00.000,0.00092635,
2024-03-30 16:00:00.000,0.00091362,
2024-03-31 00:00:00.000,0.00056929,
2024-03-31 08:00:00.000,0.00061027,
2024-03-31 16:00:00.000,0.00063717,
2024-04-01 00:00:00.000,0.00108645,
2024-04-01 08:00:00.000,0.00021233,
2024-04-01 16:00:00.000,0.0001,
2024-04-02 00:00:00.000,0.00028274,
2024-04-02 08:00:00.000,0.0001,
2024-04-02 16:00:00.000,0.00010739,
2024-04-03 00:00:00.000,0.0001,
2024-04-03 08:00:00.000,0.00010892,
2024-04-03 16:00:00.000,0.00015916,
2024-04-04 00:00:00.000,0.0001,
2024-04-04 08:00:00.000,0.0001,
2024-04-04 16:00:00.000,0.00016134,
2024-04-05 00:00:00.000,0.0001,
2024-04-05 08:00:00.000,0.0001,
2024-04-05 16:00:00.000,0.0001,
2024-04-06 00:00:00.000,0.0001,
2024-04-06 08:00:00.000,0.0001,
2024-04-06 16:00:00.000,0.0001,
2024-04-07 00:00:00.000,0.00014531,
2024-04-07 08:00:00.000,0.00028293,
2024-04-07 16:00:00.000,0.0002253,
2024-04-08 00:00:00.000,0.00018604,
2024-04-08 08:00:00.000,0.00015835,
2024-04-08 16:00:00.000,0.00038988,
2024-04-09 00:00:00.000,0.00033252,
2024-04-09 08:00:00.000,0.00010053,
2024-04-09 16:00:00.000,0.0001,
2024-04-10 00:00:00.000,0.0001,
2024-04-10 08:00:00.000,0.0001,
2024-04-10 16:00:00.000,0.0001,
2024-04-11 00:00:00.000,0.00045661,
2024-04-11 08:00:00.000,0.00030245,
2024-04-11 16:00:00.000,0.0001,
2024-04-12 00:00:00.000,0.0001,
2024-04-12 08:00:00.000,0.00024761,
2024-04-12 16:00:00.000,0.00011735,
2024-04-13 00:00:00.000,0.0001,
2024-04-13 08:00:00.000,4.99e-06,
2024-04-13 16:00:00.000,9.172e-05,
2024-04-14 00:00:00.000,-2.934e-05,
2024-04-14 08:00:00.000,0.0001,
2024-04-14 16:00:00.000,8.114e-05,
2024-04-15 00:00:00.000,0.0001,
2024-04-15 08:00:00.000,0.0001,
2024-04-15 16:00:00.000,-7.884e-05,
2024-04-16 00:00:00.000,0.0001,
2024-04-16 08:00:00.000,0.0001,
2024-04-16 16:00:00.000,0.0001,
2024-04-17 00:00:00.000,0.0001,
2024-04-17 08:00:00.000,7.713e-05,
2024-04-17 16:00:00.000,-3.561e-05,
2024-04-18 00:00:00.000,-4.324e-05,
2024-04-18 08:00:00.000,3.379e-05,
2024-04-18 16:00:00.000,1.658e-05,
2024-04-19 00:00:00.000,-7.509e-05,
2024-04-19 08:00:00.000,0.0001,
2024-04-19 16:00:00.000,0.0001,
2024-04-20 00:00:00.000,0.0001,
2024-04-20 08:00:00.000,8.25e-06,
2024-04-20 16:00:00.000,2.123e-05,
2024-04-21 00:00:00.000,0.0001,
2024-04-21 08:00:00.000,7.99e-05,
2024-04-21 16:00:00.000,7.634e-05,
2024-04-22 00:00:00.000,-3.339e-05,
2024-04-22 08:00:00.000,7.909e-05,
2024-04-22 16:00:00.000,5.646e-05,
2024-04-23 00:00:00.000,0.0001,
2024-04-23 08:00:00.000,4.147e-05,
2024-04-23 16:00:00.000,0.0001,
2024-04-24 00:00:00.000,0.0001,
2024-04-24 08:00:00.000,0.0001,
2024-04-24 16:00:00.000,4.653e-05,
2024-04-25 00:00:00.000,3.221e-05,
2024-04-25 08:00:00.000,-8.725e-05,
2024-04-25 16:00:00.000,1.114e-05,
2024-04-26 00:00:00.000,6.974e-05,
2024-04-26 08:00:00.000,0.0001,
2024-04-26 16:00:00.000,4.047e-05,
2024-04-27 00:00:00.000,2.128e-05,
2024-04-27 08:00:00.000,0.0001,
2024-04-27 16:00:00.000,-4.73e-06,
2024-04-28 00:00:00.000,4.341e-05,
2024-04-28 08:00:00.000,6.02e-05,
2024-04-28 16:00:00.000,0.0001,
2024-04-29 00:00:00.000,0.0001,
2024-04-29 08:00:00.000,0.0001,
2024-04-29 16:00:00.000,3.405e-05,
2024-04-30 00:00:00.000,-3.025e-05,
2024-04-30 08:00:00.000,5.001e-05,
2024-04-30 16:00:00.000,-2.5e-06,
2024-05-01 00:00:00.000,-3.849e-05,
2024-05-01 08:00:00.000,0.0001,
2024-05-01 16:00:00.000,4.324e-05,
2024-05-02 00:00:00.000,-2.557e-05,
2024-05-02 08:00:00.000,-2.65e-06,
2024-05-02 16:00:00.000,1.01e-05,
2024-05-03 00:00:00.000,0.0001,
2024-05-03 08:00:00.000,-3.934e-05,
2024-05-03 16:00:00.000,4.8e-07,
2024-05-04 00:00:00.000,6.608e-05,
2024-05-04 08:00:00.000,0.0001,
2024-05-04 16:00:00.000,0.0001,
2024-05-05 00:00:00.000,0.0001,
2024-05-05 08:00:00.000,0.0001,
2024-05-05 16:00:00.000,0.0001,
2024-05-06 00:00:00.000,7.23e-05,
2024-05-06 08:00:00.000,0.0001,
2024-05-06 16:00:00.000,0.0001,
2024-05-07 00:00:00.000,0.0001,
2024-05-07 08:00:00.000,0.0001,
2024-05-07 16:00:00.000,0.0001,
2024-05-08 00:00:00.000,0.0001,
2024-05-08 08:00:00.000,0.0001,
2024-05-08 16:00:00.000,5.823e-05,
2024-05-09 00:00:00.000,0.0001,
2024-05-09 08:00:00.000,8.825e-05,
2024-05-09 16:00:00.000,1.605e-05,
2024-05-10 00:00:00.000,5.758e-05,
2024-05-10 08:00:00.000,4.38e-05,
2024-05-10 16:00:00.000,0.0001,
2024-05-11 00:00:00.000,-3.089e-05,
2024-05-11 08:00:00.000,2.91e-06,
2024-05-11 16:00:00.000,-9.084e-05,
2024-05-12 00:00:00.000,5.128e-05,
2024-05-12 08:00:00.000,0.0001,
2024-05-12 16:00:00.000,0.0001,
2024-05-13 00:00:00.000,-6.101e-05,
2024-05-13 08:00:00.000,-3.75e-05,
2024-05-13 16:00:00.000,0.0001,
2024-05-14 00:00:00.000,0.0001,
2024-05-14 08:00:00.000,0.0001,
2024-05-14 16:00:00.000,0.0001,
2024-05-15 00:00:00.000,2.483e-05,
2024-05-15 08:00:00.000,0.0001,
2024-05-15 16:00:00.000,0.0001,
2024-05-16 00:00:00.000,0.0001,
2024-05-16 08:00:00.000,0.0001,
2024-05-16 16:00:00.000,0.0001,
2024-05-17 00:00:00.000,0.0001,
2024-05-17 08:00:00.000,0.0001,
2024-05-17 16:00:00.000,0.0001,
2024-05-18 00:00:00.000,0.0001,
2024-05-18 08:00:00.000,0.0001,
2024-05-18 16:00:00.000,0.0001,
2024-05-19 00:00:00.000,0.0001,
2024-05-19 08:00:00.000,0.0001,
2024-05-19 16:00:00.000,6.279e-05,
2024-05-20 00:00:00.000,6.682e-05,
2024-05-20 08:00:00.000,4.323e-05,
2024-05-20 16:00:00.000,0.0001,
2024-05-21 00:00:00.000,0.0001,
2024-05-21 08:00:00.000,0.0001,
2024-05-21 16:00:00.000,0.00014503,
2024-05-22 00:00:00.000,0.0001362,
2024-05-22 08:00:00.000,0.0001,
2024-05-22 16:00:00.000,0.0001,
2024-05-23 00:00:00.000,0.0001,
2024-05-23 08:00:00.000,0.00017433,
2024-05-23 16:00:00.000,0.0001,
2024-05-24 00:00:00.000,0.0001,
2024-05-24 08:00:00.000,0.0001,
2024-05-24 16:00:00.000,0.0001,
2024-05-25 00:00:00.000,0.0001,
2024-05-25 08:00:00.000,0.0001,
2024-05-25 16:00:00.000,0.0001,
2024-05-26 00:00:00.000,0.00015572,
2024-05-26 08:00:00.000,0.0001,
2024-05-26 16:00:00.000,0.0001,
2024-05-27 00:00:00.000,0.0001,
2024-05-27 08:00:00.000,0.0001,
2024-05-27 16:00:00.000,0.00013493,
2024-05-28 00:00:00.000,0.0001,
2024-05-28 08:00:00.000,0.0001,
2024-05-28 16:00:00.000,0.0001,
2024-05-29 00:00:00.000,0.00010058,
2024-05-29 08:00:00.000,0.00030581,
2024-05-29 16:00:00.000,0.0001,
2024-05-30 00:00:00.000,0.0001,
2024-05-30 08:00:00.000,0.0001,
2024-05-30 16:00:00.000,0.0001,
2024-05-31 00:00:00.000,0.0001,
2024-05-31 08:00:00.000,0.0001,
2024-05-31 16:00:00.000,0.0001,
2024-06-01 00:00:00.000,0.0001,
2024-06-01 08:00:00.000,0.0001,
2024-06-01 16:00:00.000,0.0001,
2024-06-02 00:00:00.000,0.0001,
2024-06-02 08:00:00.000,0.0001,
2024-06-02 16:00:00.000,0.0001,
2024-06-03 00:00:00.000,0.0001,
2024-06-03 08:00:00.000,0.00018811,
2024-06-03 16:00:00.000,0.0001,
2024-06-04 00:00:00.000,0.0001,
2024-06-04 08:00:00.000,0.00013884,
2024-06-04 16:00:00.000,0.00011643,
2024-06-05 00:00:00.000,0.00016054,
2024-06-05 08:00:00.000,0.00021171,
2024-06-05 16:00:00.000,0.00017626,
2024-06-06 00:00:00.000,0.00020219,
2024-06-06 08:00:00.000,0.0002138,
2024-06-06 16:00:00.000,0.00022847,
2024-06-07 00:00:00.000,0.0001,
2024-06-07 08:00:00.000,0.00013569,
2024-06-07 16:00:00.000,0.00020029,
2024-06-08 00:00:00.000,0.0001,
2024-06-08 08:00:00.000,0.0001,
2024-06-08 16:00:00.000,0.0001,
2024-06-09 00:00:00.000,0.0001,
2024-06-09 08:00:00.000,0.0001,
2024-06-09 16:00:00.000,0.0001,
2024-06-10 00:00:00.000,0.0001,
2024-06-10 08:00:00.000,0.0001,
2024-06-10 16:00:00.000,0.0001,
2024-06-11 00:00:00.000,0.0001,
2024-06-11 08:00:00.000,0.0001,
2024-06-11 16:00:00.000,0.0001,
2024-06-12 00:00:00.000,9.693e-05,
2024-06-12 08:00:00.000,8.271e-05,
2024-06-12 16:00:00.000,2.78e-05,
2024-06-13 00:00:00.000,0.0001,
2024-06-13 08:00:00.000,0.0001,
2024-06-13 16:00:00.000,0.0001,
2024-06-14 00:00:00.000,0.0001,
2024-06-14 08:00:00.000,6.313e-05,
2024-06-14 16:00:00.000,2.035e-05,
2024-06-15 00:00:00.000,-6.12e-05,
2024-06-15 08:00:00.000,6.881e-05,
2024-06-15 16:00:00.000,-2.035e-05,
2024-06-16 00:00:00.000,0.0001,
2024-06-16 08:00:00.000,0.0001,
2024-06-16 16:00:00.000,0.0001,
2024-06-17 00:00:00.000,0.0001,
2024-06-17 08:00:00.000,0.0001,
2024-06-17 16:00:00.000,7.149e-05,
2024-06-18 00:00:00.000,-7.63e-06,
2024-06-18 08:00:00.000,-2.735e-05,
2024-06-18 16:00:00.000,2.21e-05,
2024-06-19 00:00:00.000,3.272e-05,
2024-06-19 08:00:00.000,-3.342e-05,
2024-06-19 16:00:00.000,0.0001,
2024-06-20 00:00:00.000,-2.86e-06,
2024-06-20 08:00:00.000,-2.91e-05,
2024-06-20 16:00:00.000,6.712e-05,
2024-06-21 00:00:00.000,-1.553e-05,
2024-06-21 08:00:00.000,-1.001e-05,
2024-06-21 16:00:00.000,6.47e-05,
2024-06-22 00:00:00.000,0.0001,
2024-06-22 08:00:00.000,0.0001,
2024-06-22 16:00:00.000,8.726e-05,
2024-06-23 00:00:00.000,0.0001,
2024-06-23 08:00:00.000,8.386e-05,
2024-06-23 16:00:00.000,-3.115e-05,
2024-06-24 00:00:00.000,7.498e-05,
2024-06-24 08:00:00.000,6.944e-05,
2024-06-24 16:00:00.000,5.296e-05,
2024-06-25 00:00:00.000,7.105e-05,
2024-06-25 08:00:00.000,0.0001,
2024-06-25 16:00:00.000,5.29e-05,
2024-06-26 00:00:00.000,0.0001,
2024-06-26 08:00:00.000,0.0001,
2024-06-26 16:00:00.000,0.0001,
2024-06-27 00:00:00.000,0.0001,
2024-06-27 08:00:00.000,0.0001,
2024-06-27 16:00:00.000,0.0001,
2024-06-28 00:00:00.000,0.0001,
2024-06-28 08:00:00.000,0.0001,
2024-06-28 16:00:00.000,0.0001,
2024-06-29 00:00:00.000,3.503e-05,
2024-06-29 08:00:00.000,1.097e-05,
2024-06-29 16:00:00.000,1.6e-05,
2024-06-30 00:00:00.000,0.0001,
2024-06-30 08:00:00.000,-5.954e-05,
2024-06-30 16:00:00.000,5.918e-05,
2024-07-01 00:00:00.000,4.833e-05,
2024-07-01 08:00:00.000,0.0001,
2024-07-01 16:00:00.000,0.0001,
2024-07-02 00:00:00.000,0.0001,
2024-07-02 08:00:00.000,3.636e-05,
2024-07-02 16:00:00.000,0.0001,
2024-07-03 00:00:00.000,7.492e-05,
2024-07-03 08:00:00.000,2.46e-06,
2024-07-03 16:00:00.000,-3.095e-05,
2024-07-04 00:00:00.000,-2.482e-05,
2024-07-04 08:00:00.000,7.45e-06,
2024-07-04 16:00:00.000,-6.314e-05,
2024-07-05 00:00:00.000,1.916e-05,
2024-07-05 08:00:00.000,-0.00010243,
2024-07-05 16:00:00.000,-0.00018191,
2024-07-06 00:00:00.000,-0.00033745,
2024-07-06 08:00:00.000,-3.862e-05,
2024-07-06 16:00:00.000,8.45e-06,
2024-07-07 00:00:00.000,1.813e-05,
2024-07-07 08:00:00.000,6.952e-05,
2024-07-07 16:00:00.000,5.826e-05,
2024-07-08 00:00:00.000,1.206e-05,
2024-07-08 08:00:00.000,1.047e-05,
2024-07-08 16:00:00.000,4.634e-05,
2024-07-09 00:00:00.000,2.756e-05,
2024-07-09 08:00:00.000,2.211e-05,
2024-07-09 16:00:00.000,8.091e-05,
2024-07-10 00:00:00.000,7.272e-05,
2024-07-10 08:00:00.000,5.456e-05,
2024-07-10 16:00:00.000,0.0001,
2024-07-11 00:00:00.000,1.883e-05,
2024-07-11 08:00:00.000,8.006e-05,
2024-07-11 16:00:00.000,0.0001,
2024-07-12 00:00:00.000,-1.566e-05,
2024-07-12 08:00:00.000,-8.526e-05,
2024-07-12 16:00:00.000,6.767e-05,
2024-07-13 00:00:00.000,-9.665e-05,
2024-07-13 08:00:00.000,2.275e-05,
2024-07-13 16:00:00.000,9.313e-05,
2024-07-14 00:00:00.000,0.0001,
2024-07-14 08:00:00.000,-4.9e-06,
2024-07-14 16:00:00.000,7.088e-05,
2024-07-15 00:00:00.000,-1.665e-05,
2024-07-15 08:00:00.000,5.382e-05,
2024-07-15 16:00:00.000,5.525e-05,
2024-07-16 00:00:00.000,9.779e-05,
2024-07-16 08:00:00.000,0.0001,
2024-07-16 16:00:00.000,5.118e-05,
2024-07-17 00:00:00.000,0.0001,
2024-07-17 08:00:00.000,0.0001,
2024-07-17 16:00:00.000,0.0001,
2024-07-18 00:00:00.000,0.0001,
2024-07-18 08:00:00.000,0.0001,
2024-07-18 16:00:00.000,5.953e-05,
2024-07-19 00:00:00.000,-2.5e-06,
2024-07-19 08:00:00.000,2.365e-05,
2024-07-19 16:00:00.000,4.982e-05,
2024-07-20 00:00:00.000,0.0001,
2024-07-20 08:00:00.000,0.0001,
2024-07-20 16:00:00.000,0.0001,
2024-07-21 00:00:00.000,0.0001,
2024-07-21 08:00:00.000,0.0001,
2024-07-21 16:00:00.000,2.877e-05,
2024-07-22 00:00:00.000,0.0001,
2024-07-22 08:00:00.000,0.0001,
2024-07-22 16:00:00.000,0.0001,
2024-07-23 00:00:00.000,0.0001,
2024-07-23 08:00:00.000,5.465e-05,
2024-07-23 16:00:00.000,3.424e-05,
2024-07-24 00:00:00.000,0.0001,
2024-07-24 08:00:00.000,0.0001,
2024-07-24 16:00:00.000,8.661e-05,
2024-07-25 00:00:00.000,7.919e-05,
2024-07-25 08:00:00.000,7.129e-05,
2024-07-25 16:00:00.000,1.502e-05,
2024-07-26 00:00:00.000,7.282e-05,
2024-07-26 08:00:00.000,0.0001,
2024-07-26 16:00:00.000,0.0001,
2024-07-27 00:00:00.000,0.0001,
2024-07-27 08:00:00.000,0.0001,
2024-07-27 16:00:00.000,9.717e-05,
2024-07-28 00:00:00.000,8.344e-05,
2024-07-28 08:00:00.000,4.053e-05,
2024-07-28 16:00:00.000,0.0001,
2024-07-29 00:00:00.000,4.726e-05,
2024-07-29 08:00:00.000,0.0001,
2024-07-29 16:00:00.000,0.0001,
2024-07-30 00:00:00.000,1.013e-05,
2024-07-30 08:00:00.000,3.618e-05,
2024-07-30 16:00:00.000,8.492e-05,
2024-07-31 00:00:00.000,4.718e-05,
2024-07-31 08:00:00.000,0.0001,
2024-07-31 16:00:00.000,0.0001,
2024-08-01 00:00:00.000,0.0001,
2024-08-01 08:00:00.000,-6.319e-05,
2024-08-01 16:00:00.000,-1.447e-05,
2024-08-02 00:00:00.000,-1.229e-05,
2024-08-02 08:00:00.000,1.283e-05,
2024-08-02 16:00:00.000,1.538e-05,
2024-08-03 00:00:00.000,8.748e-05,
2024-08-03 08:00:00.000,1.759e-05,
2024-08-03 16:00:00.000,3.844e-05,
2024-08-04 00:00:00.000,-8.95e-06,
2024-08-04 08:00:00.000,-3.041e-05,
2024-08-04 16:00:00.000,-4.46e-06,
2024-08-05 00:00:00.000,3.065e-05,
2024-08-05 08:00:00.000,-1.784e-05,
2024-08-05 16:00:00.000,-7.328e-05,
2024-08-06 00:00:00.000,-6.173e-05,
2024-08-06 08:00:00.000,-8.891e-05,
2024-08-06 16:00:00.000,6.955e-05,
2024-08-07 00:00:00.000,2.4e-05,
2024-08-07 08:00:00.000,0.0001,
2024-08-07 16:00:00.000,4.991e-05,
2024-08-08 00:00:00.000,6.258e-05,
2024-08-08 08:00:00.000,9.657e-05,
2024-08-08 16:00:00.000,8.105e-05,
2024-08-09 00:00:00.000,3.962e-05,
2024-08-09 08:00:00.000,1.075e-05,
2024-08-09 16:00:00.000,4.96e-05,
2024-08-10 00:00:00.000,-1.964e-05,
2024-08-10 08:00:00.000,-2.236e-05,
2024-08-10 16:00:00.000,-3.683e-05,
2024-08-11 00:00:00.000,7.79e-06,
2024-08-11 08:00:00.000,1.092e-05,
2024-08-11 16:00:00.000,1.343e-05,
2024-08-12 00:00:00.000,3.98e-06,
2024-08-12 08:00:00.000,-2.277e-05,
2024-08-12 16:00:00.000,4.047e-05,
2024-08-13 00:00:00.000,1.786e-05,
2024-08-13 08:00:00.000,-8.478e-05,
2024-08-13 16:00:00.000,-8.07e-06,
2024-08-14 00:00:00.000,-4.245e-05,
2024-08-14 08:00:00.000,5.332e-05,
2024-08-14 16:00:00.000,8.52e-06,
2024-08-15 00:00:00.000,-2.644e-05,
2024-08-15 08:00:00.000,4.689e-05,
2024-08-15 16:00:00.000,1.89e-05,
2024-08-16 00:00:00.000,-8.869e-05,
2024-08-16 08:00:00.000,2.658e-05,
2024-08-16 16:00:00.000,-1.27e-06,
2024-08-17 00:00:00.000,6.445e-05,
2024-08-17 08:00:00.000,-5.42e-06,
2024-08-17 16:00:00.000,-3.04e-06,
2024-08-18 00:00:00.000,0.0001,
2024-08-18 08:00:00.000,9.066e-05,
2024-08-18 16:00:00.000,7.011e-05,
2024-08-19 00:00:00.000,-2.77e-06,
2024-08-19 08:00:00.000,6.45e-06,
2024-08-19 16:00:00.000,1.506e-05,
2024-08-20 00:00:00.000,8.124e-05,
2024-08-20 08:00:00.000,9.158e-05,
2024-08-20 16:00:00.000,0.0001,
2024-08-21 00:00:00.000,0.0001,
2024-08-21 08:00:00.000,3.134e-05,
2024-08-21 16:00:00.000,1.922e-05,
2024-08-22 00:00:00.000,0.0001,
2024-08-22 08:00:00.000,5.516e-05,
2024-08-22 16:00:00.000,6.732e-05,
2024-08-23 00:00:00.000,7.299e-05,
2024-08-23 08:00:00.000,7.123e-05,
2024-08-23 16:00:00.000,3.157e-05,
2024-08-24 00:00:00.000,0.0001,
2024-08-24 08:00:00.000,-2.525e-05,
2024-08-24 16:00:00.000,1.706e-05,
2024-08-25 00:00:00.000,3.467e-05,
2024-08-25 08:00:00.000,7.012e-05,
2024-08-25 16:00:00.000,3.272e-05,
2024-08-26 00:00:00.000,9.276e-05,
2024-08-26 08:00:00.000,3.033e-05,
2024-08-26 16:00:00.000,8.758e-05,
2024-08-27 00:00:00.000,2.613e-05,
2024-08-27 08:00:00.000,1.28e-06,
2024-08-27 16:00:00.000,5.166e-05,
2024-08-28 00:00:00.000,-0.00016033,
2024-08-28 08:00:00.000,4.14e-06,
2024-08-28 16:00:00.000,9.814e-05,
2024-08-29 00:00:00.000,-8.36e-05,
2024-08-29 08:00:00.000,-5.001e-05,
2024-08-29 16:00:00.000,4.8e-05,
2024-08-30 00:00:00.000,1.827e-05,
2024-08-30 08:00:00.000,5.178e-05,
2024-08-30 16:00:00.000,-9.49e-06,
2024-08-31 00:00:00.000,9.794e-05,
2024-08-31 08:00:00.000,0.0001,
2024-08-31 16:00:00.000,0.0001,
2024-09-01 00:00:00.000,9.968e-05,
2024-09-01 08:00:00.000,1.661e-05,
2024-09-01 16:00:00.000,-6.822e-05,
2024-09-02 00:00:00.000,-0.00014406,
2024-09-02 08:00:00.000,-4.33e-05,
2024-09-02 16:00:00.000,-7.35e-06,
2024-09-03 00:00:00.000,5.77e-06,
2024-09-03 08:00:00.000,0.0001,
2024-09-03 16:00:00.000,-3.002e-05,
2024-09-04 00:00:00.000,-1.233e-05,
2024-09-04 08:00:00.000,-3.007e-05,
2024-09-04 16:00:00.000,-2.372e-05,
2024-09-05 00:00:00.000,4.324e-05,
2024-09-05 08:00:00.000,0.0001,
2024-09-05 16:00:00.000,5.248e-05,
2024-09-06 00:00:00.000,0.0001,
2024-09-06 08:00:00.000,4.918e-05,
2024-09-06 16:00:00.000,-9.806e-05,
2024-09-07 00:00:00.000,-0.0001999,
2024-09-07 08:00:00.000,4.2e-06,
2024-09-07 16:00:00.000,-2.156e-05,
2024-09-08 00:00:00.000,-3.868e-05,
2024-09-08 08:00:00.000,0.0001,
2024-09-08 16:00:00.000,-5.362e-05,
2024-09-09 00:00:00.000,7.841e-05,
2024-09-09 08:00:00.000,0.0001,
2024-09-09 16:00:00.000,-1.159e-05,
2024-09-10 00:00:00.000,0.0001,
2024-09-10 08:00:00.000,-1.3e-05,
2024-09-10 16:00:00.000,9.015e-05,
2024-09-11 00:00:00.000,9.653e-05,
2024-09-11 08:00:00.000,5.325e-05,
2024-09-11 16:00:00.000,2.244e-05,
2024-09-12 00:00:00.000,7.29e-06,
2024-09-12 08:00:00.000,0.0001,
2024-09-12 16:00:00.000,7.512e-05,
2024-09-13 00:00:00.000,0.0001,
2024-09-13 08:00:00.000,0.0001,
2024-09-13 16:00:00.000,8.803e-05,
2024-09-14 00:00:00.000,5.812e-05,
2024-09-14 08:00:00.000,5.216e-05,
2024-09-14 16:00:00.000,5.957e-05,
2024-09-15 00:00:00.000,1.237e-05,
2024-09-15 08:00:00.000,1.307e-05,
2024-09-15 16:00:00.000,6.098e-05,
2024-09-16 00:00:00.000,2.5e-06,
2024-09-16 08:00:00.000,-7.025e-05,
2024-09-16 16:00:00.000,6.37e-06,
2024-09-17 00:00:00.000,-8.29e-05,
2024-09-17 08:00:00.000,1.043e-05,
2024-09-17 16:00:00.000,7.561e-05,
2024-09-18 00:00:00.000,0.0001,
2024-09-18 08:00:00.000,-1.032e-05,
2024-09-18 16:00:00.000,6.057e-05,
2024-09-19 00:00:00.000,0.0001,
2024-09-19 08:00:00.000,2.048e-05,
2024-09-19 16:00:00.000,9.148e-05,
2024-09-20 00:00:00.000,0.0001,
2024-09-20 08:00:00.000,9.107e-05,
2024-09-20 16:00:00.000,2.622e-05,
2024-09-21 00:00:00.000,0.0001,
2024-09-21 08:00:00.000,8.486e-05,
2024-09-21 16:00:00.000,8.706e-05,
2024-09-22 00:00:00.000,0.0001,
2024-09-22 08:00:00.000,0.0001,
2024-09-22 16:00:00.000,4.231e-05,
2024-09-23 00:00:00.000,1.264e-05,
2024-09-23 08:00:00.000,0.0001,
2024-09-23 16:00:00.000,3.622e-05,
2024-09-24 00:00:00.000,7.387e-05,
2024-09-24 08:00:00.000,0.0001,
2024-09-24 16:00:00.000,0.0001,
2024-09-25 00:00:00.000,0.0001,
2024-09-25 08:00:00.000,0.0001,
2024-09-25 16:00:00.000,9.338e-05,
2024-09-26 00:00:00.000,0.0001,
2024-09-26 08:00:00.000,0.0001,
2024-09-26 16:00:00.000,0.0001,
2024-09-27 00:00:00.000,0.0001,
2024-09-27 08:00:00.000,0.0001,
2024-09-27 16:00:00.000,0.0001,
2024-09-28 00:00:00.000,9.159e-05,
2024-09-28 08:00:00.000,0.0001,
2024-09-28 16:00:00.000,0.0001,
2024-09-29 00:00:00.000,0.0001,
2024-09-29 08:00:00.000,0.0001,
2024-09-29 16:00:00.000,0.0001,
2024-09-30 00:00:00.000,0.0001,
2024-09-30 08:00:00.000,0.0001,
2024-09-30 16:00:00.000,0.0001,
2024-10-01 00:00:00.000,0.0001,
2024-10-01 08:00:00.000,3.303e-05,
2024-10-01 16:00:00.000,0.0001,
2024-10-02 00:00:00.000,-5.228e-05,
2024-10-02 08:00:00.000,9.301e-05,
2024-10-02 16:00:00.000,-7.586e-05,
2024-10-03 00:00:00.000,-3.143e-05,
2024-10-03 08:00:00.000,4.87e-06,
2024-10-03 16:00:00.000,-2.284e-05,
2024-10-04 00:00:00.000,8.138e-05,
2024-10-04 08:00:00.000,1.614e-05,
2024-10-04 16:00:00.000,3.678e-05,
2024-10-05 00:00:00.000,-1.094e-05,
2024-10-05 08:00:00.000,3.347e-05,
2024-10-05 16:00:00.000,7.323e-05,
2024-10-06 00:00:00.000,0.0001,
2024-10-06 08:00:00.000,6.793e-05,
2024-10-06 16:00:00.000,6.3e-05,
2024-10-07 00:00:00.000,-4.962e-05,
2024-10-07 08:00:00.000,9.692e-05,
2024-10-07 16:00:00.000,9.53e-05,
2024-10-08 00:00:00.000,2.638e-05,
2024-10-08 08:00:00.000,1.136e-05,
2024-10-08 16:00:00.000,2.249e-05,
2024-10-09 00:00:00.000,5.751e-05,
2024-10-09 08:00:00.000,0.0001,
2024-10-09 16:00:00.000,7.302e-05,
2024-10-10 00:00:00.000,9.817e-05,
2024-10-10 08:00:00.000,6.147e-05,
2024-10-10 16:00:00.000,-3.44e-05,
2024-10-11 00:00:00.000,6.154e-05,
2024-10-11 08:00:00.000,7.052e-05,
2024-10-11 16:00:00.000,0.0001,
2024-10-12 00:00:00.000,0.0001,
2024-10-12 08:00:00.000,0.0001,
2024-10-12 16:00:00.000,0.0001,
2024-10-13 00:00:00.000,6.989e-05,
2024-10-13 08:00:00.000,0.0001,
2024-10-13 16:00:00.000,0.0001,
2024-10-14 00:00:00.000,0.0001,
2024-10-14 08:00:00.000,0.0001,
2024-10-14 16:00:00.000,0.0001,
2024-10-15 00:00:00.000,0.0001,
2024-10-15 08:00:00.000,0.0001,
2024-10-15 16:00:00.000,0.0001,
2024-10-16 00:00:00.000,0.0001,
2024-10-16 08:00:00.000,0.0001,
2024-10-16 16:00:00.000,0.0001,
2024-10-17 00:00:00.000,0.0001,
2024-10-17 08:00:00.000,0.0001,
2024-10-17 16:00:00.000,0.0001,
2024-10-18 00:00:00.000,0.0001,
2024-10-18 08:00:00.000,0.0001,
2024-10-18 16:00:00.000,0.0001,
2024-10-19 00:00:00.000,0.0001,
2024-10-19 08:00:00.000,0.0001,
2024-10-19 16:00:00.000,0.0001,
2024-10-20 00:00:00.000,0.0001,
2024-10-20 08:00:00.000,0.0001,
2024-10-20 16:00:00.000,0.0001,
2024-10-21 00:00:00.000,0.0001,
2024-10-21 08:00:00.000,0.0001,
2024-10-21 16:00:00.000,0.0001,
2024-10-22 00:00:00.000,0.0001,
2024-10-22 08:00:00.000,0.0001,
2024-10-22 16:00:00.000,0.0001,
2024-10-23 00:00:00.000,0.0001,
2024-10-23 08:00:00.000,0.0001,
2024-10-23 16:00:00.000,0.0001,
2024-10-24 00:00:00.000,0.0001,
2024-10-24 08:00:00.000,0.0001,
2024-10-24 16:00:00.000,0.0001,
2024-10-25 00:00:00.000,0.0001,
2024-10-25 08:00:00.000,0.0001,
2024-10-25 16:00:00.000,0.0001,
2024-10-26 00:00:00.000,0.0001,
2024-10-26 08:00:00.000,0.0001,
2024-10-26 16:00:00.000,0.0001,
2024-10-27 00:00:00.000,0.0001,
2024-10-27 08:00:00.000,0.0001,
2024-10-27 16:00:00.000,0.0001,
2024-10-28 00:00:00.000,0.0001,
2024-10-28 08:00:00.000,0.0001,
2024-10-28 16:00:00.000,0.0001,
2024-10-29 00:00:00.000,0.0001,
2024-10-29 08:00:00.000,0.0001,
2024-10-29 16:00:00.000,0.0001,
2024-10-30 00:00:00.000,0.0001,
2024-10-30 08:00:00.000,0.0001,
2024-10-30 16:00:00.000,0.0001,
2024-10-31 00:00:00.000,0.0001,
2024-10-31 08:00:00.000,0.0001,
2024-10-31 16:00:00.000,0.0001,
2024-11-01 00:00:00.000,0.0001,
2024-11-01 08:00:00.000,0.0001,
2024-11-01 16:00:00.000,0.0001,
2024-11-02 00:00:00.000,0.0001,
2024-11-02 08:00:00.000,0.0001,
2024-11-02 16:00:00.000,0.0001,
2024-11-03 00:00:00.000,0.0001,
2024-11-03 08:00:00.000,0.0001,
2024-11-03 16:00:00.000,0.0001,
2024-11-04 00:00:00.000,0.0001,
2024-11-04 08:00:00.000,0.0001,
2024-11-04 16:00:00.000,9.673e-05,
2024-11-05 00:00:00.000,0.0001,
2024-11-05 08:00:00.000,0.0001,
2024-11-05 16:00:00.000,0.0001,
2024-11-06 00:00:00.000,0.0001,
2024-11-06 08:00:00.000,0.0001,
2024-11-06 16:00:00.000,0.0001,
2024-11-07 00:00:00.000,0.0001,
2024-11-07 08:00:00.000,0.0001,
2024-11-07 16:00:00.000,0.0001,
2024-11-08 00:00:00.000,0.0001,
2024-11-08 08:00:00.000,0.00023363,
2024-11-08 16:00:00.000,0.0001,
2024-11-09 00:00:00.000,0.0001,
2024-11-09 08:00:00.000,0.0001,
2024-11-09 16:00:00.000,0.0001,
2024-11-10 00:00:00.000,0.0001,
2024-11-10 08:00:00.000,0.00019971,
2024-11-10 16:00:00.000,0.0003873,
2024-11-11 00:00:00.000,0.00022951,
2024-11-11 08:00:00.000,0.0001,
2024-11-11 16:00:00.000,0.0001,
2024-11-12 00:00:00.000,0.0002091,
2024-11-12 08:00:00.000,0.00032911,
2024-11-12 16:00:00.000,0.00057057,
2024-11-13 00:00:00.000,0.0003201,
2024-11-13 08:00:00.000,0.0001,
2024-11-13 16:00:00.000,0.0003637,
2024-11-14 00:00:00.000,0.0001,
2024-11-14 08:00:00.000,0.0001,
2024-11-14 16:00:00.000,0.0001,
2024-11-15 00:00:00.000,0.0001,
2024-11-15 08:00:00.000,0.0001,
2024-11-15 16:00:00.000,0.0001,
2024-11-16 00:00:00.000,0.00024146,
2024-11-16 08:00:00.000,0.00038462,
2024-11-16 16:00:00.000,0.00026345,
2024-11-17 00:00:00.000,0.00029785,
2024-11-17 08:00:00.000,0.00018312,
2024-11-17 16:00:00.000,0.00050867,
2024-11-18 00:00:00.000,0.00040678,
2024-11-18 08:00:00.000,0.00076532,
2024-11-18 16:00:00.000,0.00022081,
2024-11-19 00:00:00.000,0.00028275,
2024-11-19 08:00:00.000,0.00062361,
2024-11-19 16:00:00.000,0.00033727,
2024-11-20 00:00:00.000,0.00012361,
2024-11-20 08:00:00.000,0.0001075,
2024-11-20 16:00:00.000,0.00018487,
2024-11-21 00:00:00.000,0.0001,
2024-11-21 08:00:00.000,0.0001,
2024-11-21 16:00:00.000,0.00036219,
2024-11-22 00:00:00.000,0.00053959,
2024-11-22 08:00:00.000,0.000654,
2024-11-22 16:00:00.000,0.00057121,
2024-11-23 00:00:00.000,0.00062389,
2024-11-23 08:00:00.000,0.00082426,
2024-11-23 16:00:00.000,0.00082728,
2024-11-24 00:00:00.000,0.00016344,
2024-11-24 08:00:00.000,0.0003974,
2024-11-24 16:00:00.000,0.0001,
2024-11-25 00:00:00.000,0.00039627,
2024-11-25 08:00:00.000,0.00043601,
2024-11-25 16:00:00.000,0.00015918,
2024-11-26 00:00:00.000,0.0001,
2024-11-26 08:00:00.000,0.00027614,
2024-11-26 16:00:00.000,0.0001,
2024-11-27 00:00:00.000,0.0001,
2024-11-27 08:00:00.000,0.00013265,
2024-11-27 16:00:00.000,0.0001,
2024-11-28 00:00:00.000,0.00034221,
2024-11-28 08:00:00.000,0.00024318,
2024-11-28 16:00:00.000,0.00019003,
2024-11-29 00:00:00.000,0.00033119,
2024-11-29 08:00:00.000,0.00038943,
2024-11-29 16:00:00.000,0.00043264,
2024-11-30 00:00:00.000,0.00065159,
2024-11-30 08:00:00.000,0.0006073,
2024-11-30 16:00:00.000,0.00024827,
2024-12-01 00:00:00.000,0.00032509,
2024-12-01 08:00:00.000,0.00030107,
2024-12-01 16:00:00.000,0.00035756,
2024-12-02 00:00:00.000,0.00065207,
2024-12-02 08:00:00.000,0.00034736,
2024-12-02 16:00:00.000,0.0001,
2024-12-03 00:00:00.000,0.00031697,
2024-12-03 08:00:00.000,0.00055207,
2024-12-03 16:00:00.000,0.00027104,
2024-12-04 00:00:00.000,0.00067702,
2024-12-04 08:00:00.000,0.00062776,
2024-12-04 16:00:00.000,0.00056702,
2024-12-05 00:00:00.000,0.00077162,
2024-12-05 08:00:00.000,0.00114631,
2024-12-05 16:00:00.000,0.00075898,
2024-12-06 00:00:00.000,0.00042396,
2024-12-06 08:00:00.000,0.0006713,
2024-12-06 16:00:00.000,0.0003457,
2024-12-07 00:00:00.000,0.00061406,
2024-12-07 08:00:00.000,0.00055803,
2024-12-07 16:00:00.000,0.0009381,
2024-12-08 00:00:00.000,0.00082805,
2024-12-08 08:00:00.000,0.00052856,
2024-12-08 16:00:00.000,0.0003395,
2024-12-09 00:00:00.000,0.00038758,
2024-12-09 08:00:00.000,0.00016971,
2024-12-09 16:00:00.000,0.0001,
2024-12-10 00:00:00.000,-8.634e-05,
2024-12-10 08:00:00.000,0.0001,
2024-12-10 16:00:00.000,0.0001,
2024-12-11 00:00:00.000,8.637e-05,
2024-12-11 08:00:00.000,0.0001,
2024-12-11 16:00:00.000,0.0001,
2024-12-12 00:00:00.000,0.0001,
2024-12-12 08:00:00.000,0.0001,
2024-12-12 16:00:00.000,0.0001,
2024-12-13 00:00:00.000,0.0001,
2024-12-13 08:00:00.000,0.0001,
2024-12-13 16:00:00.000,0.0001,
2024-12-14 00:00:00.000,0.0001,
2024-12-14 08:00:00.000,0.0001,
2024-12-14 16:00:00.000,0.0001,
2024-12-15 00:00:00.000,0.0001,
2024-12-15 08:00:00.000,0.0001,
2024-12-15 16:00:00.000,0.0001,
2024-12-16 00:00:00.000,0.0001,
2024-12-16 08:00:00.000,0.0001,
2024-12-16 16:00:00.000,0.0001,
2024-12-17 00:00:00.000,0.0001,
2024-12-17 08:00:00.000,0.0001,
2024-12-17 16:00:00.000,0.0001,
2024-12-18 00:00:00.000,0.0001,
2024-12-18 08:00:00.000,7.177e-05,
2024-12-18 16:00:00.000,0.0001,
2024-12-19 00:00:00.000,-1.332e-05,
2024-12-19 08:00:00.000,0.0001,
2024-12-19 16:00:00.000,0.0001,
2024-12-20 00:00:00.000,-9.139e-05,
2024-12-20 08:00:00.000,6.868e-05,
2024-12-20 16:00:00.000,-6.854e-05,
2024-12-21 00:00:00.000,0.0001,
2024-12-21 08:00:00.000,-3.1e-05,
2024-12-21 16:00:00.000,5.932e-05,
2024-12-22 00:00:00.000,1.892e-05,
2024-12-22 08:00:00.000,7.776e-05,
2024-12-22 16:00:00.000,-3.412e-05,
2024-12-23 00:00:00.000,-2.776e-05,
2024-12-23 08:00:00.000,2.627e-05,
2024-12-23 16:00:00.000,0.0001,
2024-12-24 00:00:00.000,0.0001,
2024-12-24 08:00:00.000,0.0001,
2024-12-24 16:00:00.000,0.0001,
2024-12-25 00:00:00.000,0.0001,
2024-12-25 08:00:00.000,0.0001,
2024-12-25 16:00:00.000,5.519e-05,
2024-12-26 00:00:00.000,0.0001,
2024-12-26 08:00:00.000,2.162e-05,
2024-12-26 16:00:00.000,1.317e-05,
2024-12-27 00:00:00.000,8.814e-05,
2024-12-27 08:00:00.000,4.223e-05,
2024-12-27 16:00:00.000,9.994e-05,
2024-12-28 00:00:00.000,0.0001,
2024-12-28 08:00:00.000,0.0001,
2024-12-28 16:00:00.000,0.0001,
2024-12-29 00:00:00.000,0.0001,
2024-12-29 08:00:00.000,0.0001,
2024-12-29 16:00:00.000,0.0001,
2024-12-30 00:00:00.000,5.378e-05,
2024-12-30 08:00:00.000,0.0001,
2024-12-30 16:00:00.000,0.0001,
2024-12-31 00:00:00.000,9.083e-05,
2024-12-31 08:00:00.000,-2.435e-05,
2024-12-31 16:00:00.000,0.0001,
2025-01-01 00:00:00.000,0.0001,
2025-01-01 08:00:00.000,5.484e-05,
2025-01-01 16:00:00.000,5.86e-05,
2025-01-02 00:00:00.000,0.0001,
2025-01-02 08:00:00.000,0.0001,
2025-01-02 16:00:00.000,0.0001,
2025-01-03 00:00:00.000,0.0001,
2025-01-03 08:00:00.000,0.0001,
2025-01-03 16:00:00.000,0.0001,
2025-01-04 00:00:00.000,0.0001,
2025-01-04 08:00:00.000,0.0001,
2025-01-04 16:00:00.000,0.0001,
2025-01-05 00:00:00.000,0.0001,
2025-01-05 08:00:00.000,0.0001,
2025-01-05 16:00:00.000,0.0001,
2025-01-06 00:00:00.000,0.0001,
2025-01-06 08:00:00.000,0.0001,
2025-01-06 16:00:00.000,0.0001,
2025-01-07 00:00:00.000,0.0001,
2025-01-07 08:00:00.000,0.0001,
2025-01-07 16:00:00.000,0.0001,
2025-01-08 00:00:00.000,4.826e-05,
2025-01-08 08:00:00.000,-8.51e-06,
2025-01-08 16:00:00.000,6.741e-05,
2025-01-09 00:00:00.000,8.416e-05,
2025-01-09 08:00:00.000,2.252e-05,
2025-01-09 16:00:00.000,2.8e-05,
2025-01-10 00:00:00.000,-3.063e-05,
2025-01-10 08:00:00.000,-5.112e-05,
2025-01-10 16:00:00.000,4.751e-05,
2025-01-11 00:00:00.000,1.325e-05,
2025-01-11 08:00:00.000,0.0001,
2025-01-11 16:00:00.000,0.0001,
2025-01-12 00:00:00.000,7.475e-05,
2025-01-12 08:00:00.000,0.0001,
2025-01-12 16:00:00.000,0.0001,
2025-01-13 00:00:00.000,0.0001,
2025-01-13 08:00:00.000,5.036e-05,
2025-01-13 16:00:00.000,2.816e-05,
2025-01-14 00:00:00.000,9.118e-05,
2025-01-14 08:00:00.000,0.0001,
2025-01-14 16:00:00.000,0.0001,
2025-01-15 00:00:00.000,0.0001,
2025-01-15 08:00:00.000,0.0001,
2025-01-15 16:00:00.000,0.0001,
2025-01-16 00:00:00.000,0.0001,
2025-01-16 08:00:00.000,0.0001,
2025-01-16 16:00:00.000,0.0001,
2025-01-17 00:00:00.000,0.0001,
2025-01-17 08:00:00.000,0.0001,
2025-01-17 16:00:00.000,0.0001,
2025-01-18 00:00:00.000,0.0001,
2025-01-18 08:00:00.000,0.0001,
2025-01-18 16:00:00.000,0.0001,
2025-01-19 00:00:00.000,0.0001,
2025-01-19 08:00:00.000,0.0001,
2025-01-19 16:00:00.000,0.0001,
2025-01-20 00:00:00.000,0.0001,
2025-01-20 08:00:00.000,0.0001,
2025-01-20 16:00:00.000,0.0001,
2025-01-21 00:00:00.000,0.0001,
2025-01-21 08:00:00.000,0.0001,
2025-01-21 16:00:00.000,0.0001,
2025-01-22 00:00:00.000,0.0001,
2025-01-22 08:00:00.000,0.0001,
2025-01-22 16:00:00.000,0.0001,
2025-01-23 00:00:00.000,0.0001,
2025-01-23 08:00:00.000,0.0001,
2025-01-23 16:00:00.000,0.0001,
2025-01-24 00:00:00.000,0.0001,
2025-01-24 08:00:00.000,0.0001,
2025-01-24 16:00:00.000,0.0001,
2025-01-25 00:00:00.000,0.0001,
2025-01-25 08:00:00.000,0.0001,
2025-01-25 16:00:00.000,0.0001,
2025-01-26 00:00:00.000,0.0001,
2025-01-26 08:00:00.000,0.0001,
2025-01-26 16:00:00.000,0.0001,
2025-01-27 00:00:00.000,0.0001,
2025-01-27 08:00:00.000,-1.067e-05,
2025-01-27 16:00:00.000,-1.922e-05,
2025-01-28 00:00:00.000,5.69e-05,
2025-01-28 08:00:00.000,4.324e-05,
2025-01-28 16:00:00.000,0.0001,
2025-01-29 00:00:00.000,4.823e-05,
2025-01-29 08:00:00.000,0.0001,
2025-01-29 16:00:00.000,0.0001,
2025-01-30 00:00:00.000,0.0001,
2025-01-30 08:00:00.000,0.0001,
2025-01-30 16:00:00.000,0.0001,
2025-01-31 00:00:00.000,0.0001,
2025-01-31 08:00:00.000,0.0001,
2025-01-31 16:00:00.000,0.0001,
2025-02-01 00:00:00.000,0.0001,
2025-02-01 08:00:00.000,0.0001,
2025-02-01 16:00:00.000,3.005e-05,
2025-02-02 00:00:00.000,4.404e-05,
2025-02-02 08:00:00.000,-1.751e-05,
2025-02-02 16:00:00.000,6.9e-07,
2025-02-03 00:00:00.000,-4.213e-05,
2025-02-03 08:00:00.000,-0.00011137,
2025-02-03 16:00:00.000,-6.213e-05,
2025-02-04 00:00:00.000,-1.833e-05,
2025-02-04 08:00:00.000,0.0001,
2025-02-04 16:00:00.000,3.326e-05,
2025-02-05 00:00:00.000,-1.748e-05,
2025-02-05 08:00:00.000,8.151e-05,
2025-02-05 16:00:00.000,1.051e-05,
2025-02-06 00:00:00.000,3.591e-05,
2025-02-06 08:00:00.000,-6.89e-06,
2025-02-06 16:00:00.000,9.371e-05,
2025-02-07 00:00:00.000,1.852e-05,
2025-02-07 08:00:00.000,4.349e-05,
2025-02-07 16:00:00.000,6.872e-05,
2025-02-08 00:00:00.000,-1.722e-05,
2025-02-08 08:00:00.000,7.331e-05,
2025-02-08 16:00:00.000,6.955e-05,
2025-02-09 00:00:00.000,8.419e-05,
2025-02-09 08:00:00.000,8.063e-05,
2025-02-09 16:00:00.000,7.642e-05,
2025-02-10 00:00:00.000,-2.307e-05,
2025-02-10 08:00:00.000,3.434e-05,
2025-02-10 16:00:00.000,0.0001,
2025-02-11 00:00:00.000,8.021e-05,
2025-02-11 08:00:00.000,6.104e-05,
2025-02-11 16:00:00.000,7.622e-05,
2025-02-12 00:00:00.000,-3.569e-05,
2025-02-12 08:00:00.000,-4.135e-05,
2025-02-12 16:00:00.000,3.407e-05,
2025-02-13 00:00:00.000,0.0001,
2025-02-13 08:00:00.000,0.0001,
2025-02-13 16:00:00.000,2.85e-05,
2025-02-14 00:00:00.000,5.05e-05,
2025-02-14 08:00:00.000,9.837e-05,
2025-02-14 16:00:00.000,0.0001,
2025-02-15 00:00:00.000,4.331e-05,
2025-02-15 08:00:00.000,0.0001,
2025-02-15 16:00:00.000,3.149e-05,
2025-02-16 00:00:00.000,-1.713e-05,
2025-02-16 08:00:00.000,3.225e-05,
2025-02-16 16:00:00.000,9.94e-06,
2025-02-17 00:00:00.000,2.873e-05,
2025-02-17 08:00:00.000,-1.302e-05,
2025-02-17 16:00:00.000,2.862e-05,
2025-02-18 00:00:00.000,3.615e-05,
2025-02-18 08:00:00.000,6.953e-05,
2025-02-18 16:00:00.000,1.955e-05,
2025-02-19 00:00:00.000,4.903e-05,
2025-02-19 08:00:00.000,1.148e-05,
2025-02-19 16:00:00.000,4.527e-05,
2025-02-20 00:00:00.000,7.099e-05,
2025-02-20 08:00:00.000,5.41e-06,
2025-02-20 16:00:00.000,4.899e-05,
2025-02-21 00:00:00.000,9.149e-05,
2025-02-21 08:00:00.000,0.0001,
2025-02-21 16:00:00.000,0.0001,
2025-02-22 00:00:00.000,0.0001,
2025-02-22 08:00:00.000,0.0001,
2025-02-22 16:00:00.000,0.0001,
2025-02-23 00:00:00.000,0.0001,
2025-02-23 08:00:00.000,0.0001,
2025-02-23 16:00:00.000,0.0001,
2025-02-24 00:00:00.000,0.0001,
2025-02-24 08:00:00.000,0.0001,
2025-02-24 16:00:00.000,0.0001,
2025-02-25 00:00:00.000,0.0001,
2025-02-25 08:00:00.000,0.0001,
2025-02-25 16:00:00.000,0.0001,
2025-02-26 00:00:00.000,0.0001,
2025-02-26 08:00:00.000,0.0001,
2025-02-26 16:00:00.000,0.0001,
2025-02-27 00:00:00.000,0.0001,
2025-02-27 08:00:00.000,0.0001,
2025-02-27 16:00:00.000,0.0001,
2025-02-28 00:00:00.000,0.0001,
2025-02-28 08:00:00.000,0.0001,
2025-02-28 16:00:00.000,-2.498e-05,
2025-03-01 00:00:00.000,0.0001,
2025-03-01 08:00:00.000,0.0001,
2025-03-01 16:00:00.000,0.0001,
2025-03-02 00:00:00.000,6.143e-05,
2025-03-02 08:00:00.000,9.074e-05,
2025-03-02 16:00:00.000,9.877e-05,
2025-03-03 00:00:00.000,0.0001,
2025-03-03 08:00:00.000,0.0001,
2025-03-03 16:00:00.000,0.0001,
2025-03-04 00:00:00.000,-2.455e-05,
2025-03-04 08:00:00.000,-0.00010831,
2025-03-04 16:00:00.000,-2.741e-05,
2025-03-05 00:00:00.000,6.61e-06,
2025-03-05 08:00:00.000,1.957e-05,
2025-03-05 16:00:00.000,5.718e-05,
2025-03-06 00:00:00.000,7.924e-05,
2025-03-06 08:00:00.000,7.332e-05,
2025-03-06 16:00:00.000,0.0001,
2025-03-07 00:00:00.000,-3.75e-06,
2025-03-07 08:00:00.000,-5.913e-05,
2025-03-07 16:00:00.000,7.771e-05,
2025-03-08 00:00:00.000,8.329e-05,
2025-03-08 08:00:00.000,1.612e-05,
2025-03-08 16:00:00.000,2.693e-05,
2025-03-09 00:00:00.000,-1.315e-05,
2025-03-09 08:00:00.000,1.681e-05,
2025-03-09 16:00:00.000,-3.653e-05,
2025-03-10 00:00:00.000,-0.0001145,
2025-03-10 08:00:00.000,-6.365e-05,
2025-03-10 16:00:00.000,-9.21e-06,
2025-03-11 00:00:00.000,-7.376e-05,
2025-03-11 08:00:00.000,-0.00013444,
2025-03-11 16:00:00.000,5.546e-05,
2025-03-12 00:00:00.000,8.05e-05,
2025-03-12 08:00:00.000,5.354e-05,
2025-03-12 16:00:00.000,4.94e-05,
2025-03-13 00:00:00.000,2.677e-05,
2025-03-13 08:00:00.000,-4.48e-06,
2025-03-13 16:00:00.000,-1.17e-05,
2025-03-14 00:00:00.000,-4.35e-06,
2025-03-14 08:00:00.000,0.0001,
2025-03-14 16:00:00.000,7.139e-05,
2025-03-15 00:00:00.000,6.627e-05,
2025-03-15 08:00:00.000,0.0001,
2025-03-15 16:00:00.000,6.512e-05,
2025-03-16 00:00:00.000,4.978e-05,
2025-03-16 08:00:00.000,-3.527e-05,
2025-03-16 16:00:00.000,-5.54e-05,
2025-03-17 00:00:00.000,-1.86e-06,
2025-03-17 08:00:00.000,2.106e-05,
2025-03-17 16:00:00.000,2.031e-05,
2025-03-18 00:00:00.000,0.0001,
2025-03-18 08:00:00.000,-1.695e-05,
2025-03-18 16:00:00.000,-1.497e-05,
2025-03-19 00:00:00.000,-5.234e-05,
2025-03-19 08:00:00.000,4.819e-05,
2025-03-19 16:00:00.000,4.169e-05,
2025-03-20 00:00:00.000,4.962e-05,
2025-03-20 08:00:00.000,1.095e-05,
2025-03-20 16:00:00.000,-7.187e-05,
2025-03-21 00:00:00.000,-5.654e-05,
2025-03-21 08:00:00.000,-2.138e-05,
2025-03-21 16:00:00.000,-5.206e-05,
2025-03-22 00:00:00.000,3.103e-05,
2025-03-22 08:00:00.000,-9.73e-06,
2025-03-22 16:00:00.000,-5.65e-06,
2025-03-23 00:00:00.000,-7.7e-07,
2025-03-23 08:00:00.000,-1.246e-05,
2025-03-23 16:00:00.000,8.745e-05,
2025-03-24 00:00:00.000,4.568e-05,
2025-03-24 08:00:00.000,5.552e-05,
2025-03-24 16:00:00.000,5.425e-05,
2025-03-25 00:00:00.000,7.297e-05,
2025-03-25 08:00:00.000,2.543e-05,
2025-03-25 16:00:00.000,-6.24e-06,
2025-03-26 00:00:00.000,2.772e-05,
2025-03-26 08:00:00.000,-4.011e-05,
2025-03-26 16:00:00.000,4.164e-05,
2025-03-27 00:00:00.000,2.334e-05,
2025-03-27 08:00:00.000,3.198e-05,
2025-03-27 16:00:00.000,2.371e-05,
2025-03-28 00:00:00.000,8.576e-05,
2025-03-28 08:00:00.000,6.36e-06,
2025-03-28 16:00:00.000,-3.38e-06,
2025-03-29 00:00:00.000,4.001e-05,
2025-03-29 08:00:00.000,1.237e-05,
2025-03-29 16:00:00.000,-1.398e-05,
2025-03-30 00:00:00.000,-2.337e-05,
2025-03-30 08:00:00.000,-0.00012215,
2025-03-30 16:00:00.000,-1.993e-05,
2025-03-31 00:00:00.000,-2.68e-05,
2025-03-31 08:00:00.000,1.079e-05,
2025-03-31 16:00:00.000,-2.918e-05,
2025-04-01 00:00:00.000,-3.224e-05,
2025-04-01 08:00:00.000,-5.195e-05,
2025-04-01 16:00:00.000,4.016e-05,
2025-04-02 00:00:00.000,0.0001,
2025-04-02 08:00:00.000,4.756e-05,
2025-04-02 16:00:00.000,6.14e-05,
2025-04-03 00:00:00.000,3.031e-05,
2025-04-03 08:00:00.000,9.39e-06,
2025-04-03 16:00:00.000,7.05e-06,
2025-04-04 00:00:00.000,1.318e-05,
2025-04-04 08:00:00.000,3.493e-05,
2025-04-04 16:00:00.000,3.726e-05,
2025-04-05 00:00:00.000,9.695e-05,
2025-04-05 08:00:00.000,1.703e-05,
2025-04-05 16:00:00.000,6.983e-05,
2025-04-06 00:00:00.000,6.09e-05,
2025-04-06 08:00:00.000,1.197e-05,
2025-04-06 16:00:00.000,1.349e-05,
2025-04-07 00:00:00.000,1.857e-05,
2025-04-07 08:00:00.000,-5.65e-06,
2025-04-07 16:00:00.000,-3.01e-06,
2025-04-08 00:00:00.000,0.0001,
2025-04-08 08:00:00.000,5.78e-05,
2025-04-08 16:00:00.000,4.637e-05,
2025-04-09 00:00:00.000,2.838e-05,
2025-04-09 08:00:00.000,3.93e-05,
2025-04-09 16:00:00.000,8.862e-05,
2025-04-10 00:00:00.000,0.0001,
2025-04-10 08:00:00.000,1.703e-05,
2025-04-10 16:00:00.000,2.889e-05,
2025-04-11 00:00:00.000,-1.315e-05,
2025-04-11 08:00:00.000,0.0001,
2025-04-11 16:00:00.000,8.003e-05,
2025-04-12 00:00:00.000,7.076e-05,
2025-04-12 08:00:00.000,4.082e-05,
2025-04-12 16:00:00.000,7.943e-05,
2025-04-13 00:00:00.000,0.0001,
2025-04-13 08:00:00.000,0.0001,
2025-04-13 16:00:00.000,3.013e-05,
2025-04-14 00:00:00.000,3.6e-05,
2025-04-14 08:00:00.000,0.0001,
2025-04-14 16:00:00.000,3.847e-05,
2025-04-15 00:00:00.000,-5.548e-05,
2025-04-15 08:00:00.000,-2.615e-05,
2025-04-15 16:00:00.000,-4.478e-05,
2025-04-16 00:00:00.000,-5.216e-05,
2025-04-16 08:00:00.000,-3.148e-05,
2025-04-16 16:00:00.000,-8.49e-06,
2025-04-17 00:00:00.000,4.989e-05,
2025-04-17 08:00:00.000,8.057e-05,
2025-04-17 16:00:00.000,3.345e-05,
2025-04-18 00:00:00.000,4.171e-05,
2025-04-18 08:00:00.000,-1.632e-05,
2025-04-18 16:00:00.000,8.331e-05,
2025-04-19 00:00:00.000,7.845e-05,
2025-04-19 08:00:00.000,8.231e-05,
2025-04-19 16:00:00.000,1.824e-05,
2025-04-20 00:00:00.000,8.243e-05,
2025-04-20 08:00:00.000,1.882e-05,
2025-04-20 16:00:00.000,-5.1e-06,
2025-04-21 00:00:00.000,1.25e-06,
2025-04-21 08:00:00.000,0.0001,
2025-04-21 16:00:00.000,0.0001,
2025-04-22 00:00:00.000,9.404e-05,
2025-04-22 08:00:00.000,0.0001,
2025-04-22 16:00:00.000,0.0001,
2025-04-23 00:00:00.000,0.0001,
2025-04-23 08:00:00.000,0.0001,
2025-04-23 16:00:00.000,0.0001,
2025-04-24 00:00:00.000,0.0001,
2025-04-24 08:00:00.000,0.0001,
2025-04-24 16:00:00.000,9.527e-05,
2025-04-25 00:00:00.000,0.0001,
2025-04-25 08:00:00.000,9.714e-05,
2025-04-25 16:00:00.000,0.0001,
2025-04-26 00:00:00.000,5.578e-05,
2025-04-26 08:00:00.000,7.093e-05,
2025-04-26 16:00:00.000,-2.672e-05,
2025-04-27 00:00:00.000,1.93e-05,
2025-04-27 08:00:00.000,-9.58e-06,
2025-04-27 16:00:00.000,3.819e-05,
2025-04-28 00:00:00.000,-2.328e-05,
2025-04-28 08:00:00.000,4.609e-05,
2025-04-28 16:00:00.000,2.955e-05,
2025-04-29 00:00:00.000,4.942e-05,
2025-04-29 08:00:00.000,1.42e-06,
2025-04-29 16:00:00.000,8.58e-06,
2025-04-30 00:00:00.000,-3.317e-05,
2025-04-30 08:00:00.000,-5.268e-05,
2025-04-30 16:00:00.000,-3.578e-05,
2025-05-01 00:00:00.000,4.743e-05,
2025-05-01 08:00:00.000,0.0001,
2025-05-01 16:00:00.000,9.127e-05,
2025-05-02 00:00:00.000,0.0001,
2025-05-02 08:00:00.000,0.0001,
2025-05-02 16:00:00.000,1.734e-05,
2025-05-03 00:00:00.000,8.551e-05,
2025-05-03 08:00:00.000,3.63e-05,
2025-05-03 16:00:00.000,6.591e-05,
2025-05-04 00:00:00.000,7.297e-05,
2025-05-04 08:00:00.000,8.674e-05,
2025-05-04 16:00:00.000,2.872e-05,
2025-05-05 00:00:00.000,-3.054e-05,
2025-05-05 08:00:00.000,3.44e-05,
2025-05-05 16:00:00.000,-3.36e-06,
2025-05-06 00:00:00.000,-3.353e-05,
2025-05-06 08:00:00.000,3.413e-05,
2025-05-06 16:00:00.000,-3.334e-05,
2025-05-07 00:00:00.000,3.678e-05,
2025-05-07 08:00:00.000,3.55e-06,
2025-05-07 16:00:00.000,1.852e-05,
2025-05-08 00:00:00.000,3.259e-05,
2025-05-08 08:00:00.000,6.959e-05,
2025-05-08 16:00:00.000,0.0001,
2025-05-09 00:00:00.000,0.0001,
2025-05-09 08:00:00.000,0.0001,
2025-05-09 16:00:00.000,0.0001,
2025-05-10 00:00:00.000,0.0001,
2025-05-10 08:00:00.000,0.0001,
2025-05-10 16:00:00.000,0.0001,
2025-05-11 00:00:00.000,0.0001,
2025-05-11 08:00:00.000,0.0001,
2025-05-11 16:00:00.000,9.154e-05,
2025-05-12 00:00:00.000,0.0001,
2025-05-12 08:00:00.000,0.0001,
2025-05-12 16:00:00.000,0.0001,
2025-05-13 00:00:00.000,0.0001,
2025-05-13 08:00:00.000,6.259e-05,
2025-05-13 16:00:00.000,8.402e-05,
2025-05-14 00:00:00.000,0.0001,
2025-05-14 08:00:00.000,0.0001,
2025-05-14 16:00:00.000,0.0001,
2025-05-15 00:00:00.000,0.0001,
2025-05-15 08:00:00.000,9.032e-05,
2025-05-15 16:00:00.000,-4.786e-05,
2025-05-16 00:00:00.000,-6.091e-05,
2025-05-16 08:00:00.000,5.966e-05,
2025-05-16 16:00:00.000,9.562e-05,
2025-05-17 00:00:00.000,8.701e-05,
2025-05-17 08:00:00.000,1.666e-05,
2025-05-17 16:00:00.000,1.346e-05,
2025-05-18 00:00:00.000,-7.08e-06,
2025-05-18 08:00:00.000,5.612e-05,
2025-05-18 16:00:00.000,0.0001,
2025-05-19 00:00:00.000,8.379e-05,
2025-05-19 08:00:00.000,-6.218e-05,
2025-05-19 16:00:00.000,-2.817e-05,
2025-05-20 00:00:00.000,0.0001,
2025-05-20 08:00:00.000,8.284e-05,
2025-05-20 16:00:00.000,-5.475e-05,
2025-05-21 00:00:00.000,0.0001,
2025-05-21 08:00:00.000,0.0001,
2025-05-21 16:00:00.000,0.0001,
2025-05-22 00:00:00.000,0.0001,
2025-05-22 08:00:00.000,0.0001,
2025-05-22 16:00:00.000,0.0001,
2025-05-23 00:00:00.000,0.0001,
2025-05-23 08:00:00.000,0.0001,
2025-05-23 16:00:00.000,0.0001,
2025-05-24 00:00:00.000,0.0001,
2025-05-24 08:00:00.000,8.412e-05,
2025-05-24 16:00:00.000,4.438e-05,
2025-05-25 00:00:00.000,0.0001,
2025-05-25 08:00:00.000,8.515e-05,
2025-05-25 16:00:00.000,2.982e-05,
2025-05-26 00:00:00.000,9.772e-05,
2025-05-26 08:00:00.000,0.0001,
2025-05-26 16:00:00.000,0.0001,
2025-05-27 00:00:00.000,0.0001,
2025-05-27 08:00:00.000,0.0001,
2025-05-27 16:00:00.000,0.0001,
2025-05-28 00:00:00.000,9.428e-05,
2025-05-28 08:00:00.000,-2.003e-05,
2025-05-28 16:00:00.000,-9.67e-06,
2025-05-29 00:00:00.000,-8.6e-07,
2025-05-29 08:00:00.000,0.0001,
2025-05-29 16:00:00.000,4.803e-05,
2025-05-30 00:00:00.000,5.262e-05,
2025-05-30 08:00:00.000,0.0001,
2025-05-30 16:00:00.000,8.619e-05,
2025-05-31 00:00:00.000,2.756e-05,
2025-05-31 08:00:00.000,-5.345e-05,
2025-05-31 16:00:00.000,2.192e-05,
2025-06-01 00:00:00.000,-3.54e-05,
2025-06-01 08:00:00.000,-4.96e-06,
2025-06-01 16:00:00.000,8.66e-06,
2025-06-02 00:00:00.000,3.82e-05,
2025-06-02 08:00:00.000,4.525e-05,
2025-06-02 16:00:00.000,7.073e-05,
2025-06-03 00:00:00.000,6.893e-05,
2025-06-03 08:00:00.000,4.07e-05,
2025-06-03 16:00:00.000,8.3e-05,
2025-06-04 00:00:00.000,2.824e-05,
2025-06-04 08:00:00.000,5.579e-05,
2025-06-04 16:00:00.000,-2.899e-05,
2025-06-05 00:00:00.000,6.834e-05,
2025-06-05 08:00:00.000,-1.9e-06,
2025-06-05 16:00:00.000,5.454e-05,
2025-06-06 00:00:00.000,-6.34e-05,
2025-06-06 08:00:00.000,-1.622e-05,
2025-06-06 16:00:00.000,1.14e-06,
2025-06-07 00:00:00.000,-9.46e-06,
2025-06-07 08:00:00.000,-2.82e-06,
2025-06-07 16:00:00.000,-8.15e-06,
2025-06-08 00:00:00.000,3.73e-06,
2025-06-08 08:00:00.000,5.044e-05,
2025-06-08 16:00:00.000,5.053e-05,
2025-06-09 00:00:00.000,9.158e-05,
2025-06-09 08:00:00.000,2.922e-05,
2025-06-09 16:00:00.000,0.0001,
2025-06-10 00:00:00.000,0.0001,
2025-06-10 08:00:00.000,0.0001,
2025-06-10 16:00:00.000,0.0001,
2025-06-11 00:00:00.000,0.0001,
2025-06-11 08:00:00.000,0.0001,
2025-06-11 16:00:00.000,0.0001,
2025-06-12 00:00:00.000,2.822e-05,
2025-06-12 08:00:00.000,1.806e-05,
2025-06-12 16:00:00.000,3.029e-05,
2025-06-13 00:00:00.000,-2.393e-05,
2025-06-13 08:00:00.000,-1.481e-05,
2025-06-13 16:00:00.000,9.3e-06,
2025-06-14 00:00:00.000,1.08e-05,
2025-06-14 08:00:00.000,-5.929e-05,
2025-06-14 16:00:00.000,-9.74e-06,
2025-06-15 00:00:00.000,-6.72e-06,
2025-06-15 08:00:00.000,-5.003e-05,
2025-06-15 16:00:00.000,3.867e-05,
2025-06-16 00:00:00.000,2.304e-05,
2025-06-16 08:00:00.000,3.712e-05,
2025-06-16 16:00:00.000,0.0001,
2025-06-17 00:00:00.000,5.253e-05,
2025-06-17 08:00:00.000,4.568e-05,
2025-06-17 16:00:00.000,7.522e-05,
2025-06-18 00:00:00.000,6.78e-06,
2025-06-18 08:00:00.000,4.419e-05,
2025-06-18 16:00:00.000,2.477e-05,
2025-06-19 00:00:00.000,2.285e-05,
2025-06-19 08:00:00.000,7.355e-05,
2025-06-19 16:00:00.000,8.15e-06,
2025-06-20 00:00:00.000,9e-05,
2025-06-20 08:00:00.000,6.264e-05,
2025-06-20 16:00:00.000,4.855e-05,
2025-06-21 00:00:00.000,1.45e-06,
2025-06-21 08:00:00.000,-1.981e-05,
2025-06-21 16:00:00.000,8.93e-06,
2025-06-22 00:00:00.000,1.266e-05,
2025-06-22 08:00:00.000,5.5e-07,
2025-06-22 16:00:00.000,-5.919e-05,
2025-06-23 00:00:00.000,9.4e-06,
2025-06-23 08:00:00.000,5.392e-05,
2025-06-23 16:00:00.000,-3.69e-05,
2025-06-24 00:00:00.000,5.95e-06,
2025-06-24 08:00:00.000,-4.4e-06,
2025-06-24 16:00:00.000,-2.829e-05,
2025-06-25 00:00:00.000,1.604e-05,
2025-06-25 08:00:00.000,4.884e-05,
2025-06-25 16:00:00.000,4.372e-05,
2025-06-26 00:00:00.000,4.093e-05,
2025-06-26 08:00:00.000,-4.316e-05,
2025-06-26 16:00:00.000,2.898e-05,
2025-06-27 00:00:00.000,7.869e-05,
2025-06-27 08:00:00.000,6.176e-05,
2025-06-27 16:00:00.000,-3.024e-05,
2025-06-28 00:00:00.000,1.475e-05,
2025-06-28 08:00:00.000,6.526e-05,
2025-06-28 16:00:00.000,6.036e-05,
2025-06-29 00:00:00.000,0.0001,
2025-06-29 08:00:00.000,0.0001,
2025-06-29 16:00:00.000,2.713e-05,
2025-06-30 00:00:00.000,0.0001,
2025-06-30 08:00:00.000,3.909e-05,
2025-06-30 16:00:00.000,-9.89e-06,
2025-07-01 00:00:00.000,8.373e-05,
2025-07-01 08:00:00.000,5.92e-05,
2025-07-01 16:00:00.000,3.335e-05,
2025-07-02 00:00:00.000,6.78e-06,
2025-07-02 08:00:00.000,3.634e-05,
2025-07-02 16:00:00.000,4.046e-05,
2025-07-03 00:00:00.000,0.0001,
2025-07-03 08:00:00.000,0.0001,
2025-07-03 16:00:00.000,8.182e-05,
2025-07-04 00:00:00.000,1.798e-05,
2025-07-04 08:00:00.000,9.003e-05,
2025-07-04 16:00:00.000,1.063e-05,
2025-07-05 00:00:00.000,8.4e-06,
2025-07-05 08:00:00.000,-6.678e-05,
2025-07-05 16:00:00.000,-1.508e-05,
2025-07-06 00:00:00.000,4.189e-05,
2025-07-06 08:00:00.000,-3.855e-05,
2025-07-06 16:00:00.000,0.0001,
2025-07-07 00:00:00.000,0.0001,
2025-07-07 08:00:00.000,0.0001,
2025-07-07 16:00:00.000,0.0001,
2025-07-08 00:00:00.000,-2.531e-05,
2025-07-08 08:00:00.000,8.28e-06,
2025-07-08 16:00:00.000,5.926e-05,
2025-07-09 00:00:00.000,0.0001,
2025-07-09 08:00:00.000,0.0001,
2025-07-09 16:00:00.000,0.0001,
2025-07-10 00:00:00.000,0.0001,
2025-07-10 08:00:00.000,0.0001,
2025-07-10 16:00:00.000,0.0001,
2025-07-11 00:00:00.000,0.0001,
2025-07-11 08:00:00.000,0.0001,
2025-07-11 16:00:00.000,0.0001,
2025-07-12 00:00:00.000,0.0001,
2025-07-12 08:00:00.000,0.0001,
2025-07-12 16:00:00.000,0.0001,
2025-07-13 00:00:00.000,0.0001,
2025-07-13 08:00:00.000,0.0001,
2025-07-13 16:00:00.000,0.0001,
2025-07-14 00:00:00.000,0.0001,
2025-07-14 08:00:00.000,0.0001,
2025-07-14 16:00:00.000,0.0001,
2025-07-15 00:00:00.000,0.0001,
2025-07-15 08:00:00.000,0.0001,
2025-07-15 16:00:00.000,0.0001,
2025-07-16 00:00:00.000,0.0001,
2025-07-16 08:00:00.000,0.0001,
2025-07-16 16:00:00.000,0.0001,
2025-07-17 00:00:00.000,0.0001,
2025-07-17 08:00:00.000,0.0001,
2025-07-17 16:00:00.000,0.0001,
2025-07-18 00:00:00.000,0.0001,
2025-07-18 08:00:00.000,0.00035727,
2025-07-18 16:00:00.000,0.0001,
2025-07-19 00:00:00.000,0.0001,
2025-07-19 08:00:00.000,0.0001,
2025-07-19 16:00:00.000,0.0001,
2025-07-20 00:00:00.000,0.0001,
2025-07-20 08:00:00.000,0.0001,
2025-07-20 16:00:00.000,0.0001,
2025-07-21 00:00:00.000,0.0001,
2025-07-21 08:00:00.000,0.0001,
2025-07-21 16:00:00.000,0.00025883,
2025-07-22 00:00:00.000,0.0001,
2025-07-22 08:00:00.000,0.0001,
2025-07-22 16:00:00.000,0.0001,
2025-07-23 00:00:00.000,0.00023303,
2025-07-23 08:00:00.000,0.0001,
2025-07-23 16:00:00.000,0.0001,
2025-07-24 00:00:00.000,0.0001,
2025-07-24 08:00:00.000,0.0001,
2025-07-24 16:00:00.000,0.0001,
2025-07-25 00:00:00.000,0.0001,
2025-07-25 08:00:00.000,0.0001,
2025-07-25 16:00:00.000,0.0001,
2025-07-26 00:00:00.000,0.0001,
2025-07-26 08:00:00.000,0.0001,
2025-07-26 16:00:00.000,0.0001,
2025-07-27 00:00:00.000,0.0001,
2025-07-27 08:00:00.000,0.0001,
2025-07-27 16:00:00.000,0.0001,
2025-07-28 00:00:00.000,0.0001,
2025-07-28 08:00:00.000,0.0001,
2025-07-28 16:00:00.000,0.0001,
2025-07-29 00:00:00.000,0.0001,
2025-07-29 08:00:00.000,0.0001,
2025-07-29 16:00:00.000,0.0001,
2025-07-30 00:00:00.000,0.0001,
2025-07-30 08:00:00.000,0.0001,
2025-07-30 16:00:00.000,0.0001,
2025-07-31 00:00:00.000,0.0001,
2025-07-31 08:00:00.000,0.0001,
2025-07-31 16:00:00.000,0.0001,
2025-08-01 00:00:00.000,4.556e-05,
2025-08-01 08:00:00.000,5.554e-05,
2025-08-01 16:00:00.000,0.0001,
2025-08-02 00:00:00.000,2.1e-06,
2025-08-02 08:00:00.000,8.799e-05,
2025-08-02 16:00:00.000,0.0001,
2025-08-03 00:00:00.000,0.0001,
2025-08-03 08:00:00.000,5.468e-05,
2025-08-03 16:00:00.000,-6.86e-06,
2025-08-04 00:00:00.000,2.214e-05,
2025-08-04 08:00:00.000,-2.97e-05,
2025-08-04 16:00:00.000,-2.32e-06,
2025-08-05 00:00:00.000,3.916e-05,
2025-08-05 08:00:00.000,5.124e-05,
2025-08-05 16:00:00.000,7.211e-05,
2025-08-06 00:00:00.000,-3.92e-06,
2025-08-06 08:00:00.000,7e-08,
2025-08-06 16:00:00.000,5.595e-05,
2025-08-07 00:00:00.000,0.0001,
2025-08-07 08:00:00.000,0.0001,
2025-08-07 16:00:00.000,0.0001,
2025-08-08 00:00:00.000,0.0001,
2025-08-08 08:00:00.000,0.0001,
2025-08-08 16:00:00.000,0.0001,
2025-08-09 00:00:00.000,0.0001,
2025-08-09 08:00:00.000,4.193e-05,
2025-08-09 16:00:00.000,8.582e-05,
2025-08-10 00:00:00.000,0.0001,
2025-08-10 08:00:00.000,0.0001,
2025-08-10 16:00:00.000,0.0001,
2025-08-11 00:00:00.000,0.0001,
2025-08-11 08:00:00.000,0.0001,
2025-08-11 16:00:00.000,0.0001,
2025-08-12 00:00:00.000,0.0001,
2025-08-12 08:00:00.000,3.548e-05,
2025-08-12 16:00:00.000,6.253e-05,
2025-08-13 00:00:00.000,0.0001,
2025-08-13 08:00:00.000,0.0001,
2025-08-13 16:00:00.000,0.0001,
2025-08-14 00:00:00.000,0.0001,
2025-08-14 08:00:00.000,0.0001,
2025-08-14 16:00:00.000,0.0001,
2025-08-15 00:00:00.000,-5.118e-05,
2025-08-15 08:00:00.000,-3.623e-05,
2025-08-15 16:00:00.000,0.0001,
2025-08-16 00:00:00.000,0.0001,
2025-08-16 08:00:00.000,0.0001,
2025-08-16 16:00:00.000,0.0001,
2025-08-17 00:00:00.000,0.0001,
2025-08-17 08:00:00.000,0.0001,
2025-08-17 16:00:00.000,0.0001,
2025-08-18 00:00:00.000,3.648e-05,
2025-08-18 08:00:00.000,-4.605e-05,
2025-08-18 16:00:00.000,-3.561e-05,
2025-08-19 00:00:00.000,-4.72e-05,
2025-08-19 08:00:00.000,4.144e-05,
2025-08-19 16:00:00.000,0.0001,
2025-08-20 00:00:00.000,0.0001,
2025-08-20 08:00:00.000,3.971e-05,
2025-08-20 16:00:00.000,6.655e-05,
2025-08-21 00:00:00.000,6.514e-05,
2025-08-21 08:00:00.000,0.0001,
2025-08-21 16:00:00.000,-1.07e-05,
2025-08-22 00:00:00.000,0.0001,
2025-08-22 08:00:00.000,0.0001,
2025-08-22 16:00:00.000,0.0001,
2025-08-23 00:00:00.000,0.0001,
2025-08-23 08:00:00.000,0.0001,
2025-08-23 16:00:00.000,0.0001,
2025-08-24 00:00:00.000,0.0001,
2025-08-24 08:00:00.000,0.0001,
2025-08-24 16:00:00.000,0.0001,
2025-08-25 00:00:00.000,0.0001,
2025-08-25 08:00:00.000,0.0001,
2025-08-25 16:00:00.000,9.497e-05,
2025-08-26 00:00:00.000,-6.882e-05,
2025-08-26 08:00:00.000,1.063e-05,
2025-08-26 16:00:00.000,-1.287e-05,
2025-08-27 00:00:00.000,3.294e-05,
2025-08-27 08:00:00.000,0.0001,
2025-08-27 16:00:00.000,8.327e-05,
2025-08-28 00:00:00.000,0.0001,
2025-08-28 08:00:00.000,0.0001,
2025-08-28 16:00:00.000,0.0001,
2025-08-29 00:00:00.000,0.0001,
2025-08-29 08:00:00.000,0.0001,
2025-08-29 16:00:00.000,1.625e-05,
2025-08-30 00:00:00.000,7.48e-06,
2025-08-30 08:00:00.000,0.0001,
2025-08-30 16:00:00.000,0.0001,
2025-08-31 00:00:00.000,0.0001,
2025-08-31 08:00:00.000,0.0001,
2025-08-31 16:00:00.000,0.0001,
2025-09-01 00:00:00.000,0.0001,
2025-09-01 08:00:00.000,-3.078e-05,
2025-09-01 16:00:00.000,5.192e-05,
2025-09-02 00:00:00.000,-8.215e-05,
2025-09-02 08:00:00.000,0.0001,
2025-09-02 16:00:00.000,6.405e-05,
2025-09-03 00:00:00.000,0.0001,
2025-09-03 08:00:00.000,0.0001,
2025-09-03 16:00:00.000,0.0001,
2025-09-04 00:00:00.000,0.0001,
2025-09-04 08:00:00.000,9.017e-05,
2025-09-04 16:00:00.000,-2.805e-05,
2025-09-05 00:00:00.000,-6.539e-05,
2025-09-05 08:00:00.000,3.801e-05,
2025-09-05 16:00:00.000,0.0001,
2025-09-06 00:00:00.000,0.0001,
2025-09-06 08:00:00.000,0.0001,
2025-09-06 16:00:00.000,8.57e-06,
2025-09-07 00:00:00.000,-2.272e-05,
2025-09-07 08:00:00.000,0.0001,
2025-09-07 16:00:00.000,0.0001,
2025-09-08 00:00:00.000,0.0001,
2025-09-08 08:00:00.000,0.0001,
2025-09-08 16:00:00.000,0.0001,
2025-09-09 00:00:00.000,0.0001,
2025-09-09 08:00:00.000,0.0001,
2025-09-09 16:00:00.000,0.0001,
2025-09-10 00:00:00.000,0.0001,
2025-09-10 08:00:00.000,0.0001,
2025-09-10 16:00:00.000,0.0001,
2025-09-11 00:00:00.000,0.0001,
2025-09-11 08:00:00.000,0.0001,
2025-09-11 16:00:00.000,9.545e-05,
2025-09-12 00:00:00.000,8.801e-05,
2025-09-12 08:00:00.000,0.0001,
2025-09-12 16:00:00.000,0.0001,
2025-09-13 00:00:00.000,0.0001,
2025-09-13 08:00:00.000,0.0001,
2025-09-13 16:00:00.000,0.0001,
2025-09-14 00:00:00.000,0.0001,
2025-09-14 08:00:00.000,0.0001,
2025-09-14 16:00:00.000,0.0001,
2025-09-15 00:00:00.000,0.0001,
2025-09-15 08:00:00.000,0.0001,
2025-09-15 16:00:00.000,3.532e-05,
2025-09-16 00:00:00.000,0.0001,
2025-09-16 08:00:00.000,0.0001,
2025-09-16 16:00:00.000,-1.008e-05,
2025-09-17 00:00:00.000,7.381e-05,
2025-09-17 08:00:00.000,8.519e-05,
2025-09-17 16:00:00.000,4.937e-05,
2025-09-18 00:00:00.000,6.032e-05,
2025-09-18 08:00:00.000,0.0001,
2025-09-18 16:00:00.000,0.0001,
2025-09-19 00:00:00.000,0.0001,
2025-09-19 08:00:00.000,0.0001,
2025-09-19 16:00:00.000,0.0001,
2025-09-20 00:00:00.000,0.0001,
2025-09-20 08:00:00.000,2.518e-05,
2025-09-20 16:00:00.000,7.576e-05,
2025-09-21 00:00:00.000,0.0001,
2025-09-21 08:00:00.000,0.0001,
2025-09-21 16:00:00.000,0.0001,
2025-09-22 00:00:00.000,0.0001,
2025-09-22 08:00:00.000,3.261e-05,
2025-09-22 16:00:00.000,7.071e-05,
2025-09-23 00:00:00.000,0.0001,
2025-09-23 08:00:00.000,0.0001,
2025-09-23 16:00:00.000,7.452e-05,
2025-09-24 00:00:00.000,0.0001,
2025-09-24 08:00:00.000,0.0001,
2025-09-24 16:00:00.000,1.18e-05,
2025-09-25 00:00:00.000,8.368e-05,
2025-09-25 08:00:00.000,-1.192e-05,
2025-09-25 16:00:00.000,-2.946e-05,
2025-09-26 00:00:00.000,-2.311e-05,
2025-09-26 08:00:00.000,0.0001,
2025-09-26 16:00:00.000,5.35e-06,
2025-09-27 00:00:00.000,8.611e-05,
2025-09-27 08:00:00.000,8.091e-05,
2025-09-27 16:00:00.000,3.374e-05,
2025-09-28 00:00:00.000,0.0001,
2025-09-28 08:00:00.000,7.384e-05,
2025-09-28 16:00:00.000,2.74e-05,
2025-09-29 00:00:00.000,4.263e-05,
2025-09-29 08:00:00.000,9.373e-05,
2025-09-29 16:00:00.000,-9.45e-06,
2025-09-30 00:00:00.000,7.372e-05,
2025-09-30 08:00:00.000,-2.913e-05,
2025-09-30 16:00:00.000,-5.74e-06,
2025-10-01 00:00:00.000,0.0001,
2025-10-01 08:00:00.000,0.0001,
2025-10-01 16:00:00.000,-3.169e-05,
2025-10-02 00:00:00.000,4.382e-05,
2025-10-02 08:00:00.000,0.0001,
2025-10-02 16:00:00.000,6.173e-05,
2025-10-03 00:00:00.000,0.0001,
2025-10-03 08:00:00.000,4.685e-05,
2025-10-03 16:00:00.000,0.0001,
2025-10-04 00:00:00.000,0.0001,
2025-10-04 08:00:00.000,0.0001,
2025-10-04 16:00:00.000,4.55e-05,
2025-10-05 00:00:00.000,0.0001,
2025-10-05 08:00:00.000,0.0001,
2025-10-05 16:00:00.000,4.881e-05,
2025-10-06 00:00:00.000,1.05e-06,
2025-10-06 08:00:00.000,9.213e-05,
2025-10-06 16:00:00.000,0.0001,
2025-10-07 00:00:00.000,0.0001,
2025-10-07 08:00:00.000,0.0001,
2025-10-07 16:00:00.000,0.0001,
2025-10-08 00:00:00.000,-4.26e-06,
2025-10-08 08:00:00.000,-3.797e-05,
2025-10-08 16:00:00.000,0.0001,
2025-10-09 00:00:00.000,0.0001,
2025-10-09 08:00:00.000,3.719e-05,
2025-10-09 16:00:00.000,2.384e-05,
2025-10-10 00:00:00.000,0.0001,
2025-10-10 08:00:00.000,0.0001,
2025-10-10 16:00:00.000,0.0001,
2025-10-11 00:00:00.000,-0.0058,
2025-10-11 08:00:00.000,-4.232e-05,
2025-10-11 16:00:00.000,-6.503e-05,
2025-10-12 00:00:00.000,7.45e-06,
2025-10-12 08:00:00.000,-3.81e-05,
2025-10-12 16:00:00.000,-7.639e-05,
2025-10-13 00:00:00.000,6.987e-05,
2025-10-13 08:00:00.000,2.354e-05,
2025-10-13 16:00:00.000,-1e-07,
2025-10-14 00:00:00.000,8.182e-05,
2025-10-14 08:00:00.000,-6.999e-05,
2025-10-14 16:00:00.000,-2.367e-05,
2025-10-15 00:00:00.000,-5.643e-05,
2025-10-15 08:00:00.000,5.472e-05,
2025-10-15 16:00:00.000,-6.692e-05,
2025-10-16 00:00:00.000,-0.00010693,
2025-10-16 08:00:00.000,-9.996e-05,
2025-10-16 16:00:00.000,1.493e-05,
2025-10-17 00:00:00.000,7.5e-07,
2025-10-17 08:00:00.000,-1.019e-05,
2025-10-17 16:00:00.000,-7.439e-05,
2025-10-18 00:00:00.000,-5.254e-05,
2025-10-18 08:00:00.000,1.69e-05,
2025-10-18 16:00:00.000,1.923e-05,
2025-10-19 00:00:00.000,-4.697e-05,
2025-10-19 08:00:00.000,5.744e-05,
2025-10-19 16:00:00.000,8.264e-05,
2025-10-20 00:00:00.000,0.0001,
2025-10-20 08:00:00.000,-2.68e-06,
2025-10-20 16:00:00.000,0.0001,
2025-10-21 00:00:00.000,0.0001,
2025-10-21 08:00:00.000,-4.559e-05,
2025-10-21 16:00:00.000,1.721e-05,
2025-10-22 00:00:00.000,5.16e-06,
2025-10-22 08:00:00.000,-6.231e-05,
2025-10-22 16:00:00.000,-4.744e-05,
2025-10-23 00:00:00.000,6.24e-06,
2025-10-23 08:00:00.000,7.538e-05,
2025-10-23 16:00:00.000,0.0001,
2025-10-24 00:00:00.000,0.0001,
2025-10-24 08:00:00.000,8.03e-05,
2025-10-24 16:00:00.000,6.683e-05,
2025-10-25 00:00:00.000,7.657e-05,
2025-10-25 08:00:00.000,0.0001,
2025-10-25 16:00:00.000,5.052e-05,
2025-10-26 00:00:00.000,4.028e-05,
2025-10-26 08:00:00.000,-5.61e-06,
2025-10-26 16:00:00.000,0.0001,
2025-10-27 00:00:00.000,0.0001,
2025-10-27 08:00:00.000,0.0001,
2025-10-27 16:00:00.000,7.846e-05,
2025-10-28 00:00:00.000,-2.328e-05,
2025-10-28 08:00:00.000,2.981e-05,
2025-10-28 16:00:00.000,0.0001,
2025-10-29 00:00:00.000,-6.109e-05,
2025-10-29 08:00:00.000,-0.00012357,
2025-10-29 16:00:00.000,3.451e-05,
2025-10-30 00:00:00.000,3.79e-05,
2025-10-30 08:00:00.000,-1.731e-05,
2025-10-30 16:00:00.000,-0.00015685,
2025-10-31 00:00:00.000,-0.00012423,
2025-10-31 08:00:00.000,-4.263e-05,
2025-10-31 16:00:00.000,-1.184e-05,
2025-11-01 00:00:00.000,9.373e-05,
2025-11-01 08:00:00.000,8.024e-05,
2025-11-01 16:00:00.000,6.005e-05,
2025-11-02 00:00:00.000,8.047e-05,
2025-11-02 08:00:00.000,6.14e-05,
2025-11-02 16:00:00.000,-4.45e-06,
2025-11-03 00:00:00.000,8.31e-06,
2025-11-03 08:00:00.000,-0.0001617,
2025-11-03 16:00:00.000,-5.557e-05,
2025-11-04 00:00:00.000,-8.362e-05,
2025-11-04 08:00:00.000,6.281e-05,
2025-11-04 16:00:00.000,0.0001,
2025-11-05 00:00:00.000,0.0001,
2025-11-05 08:00:00.000,0.0001,
2025-11-05 16:00:00.000,-5.045e-05,
2025-11-06 00:00:00.000,-2.279e-05,
2025-11-06 08:00:00.000,1.59e-05,
2025-11-06 16:00:00.000,-6.557e-05,
2025-11-07 00:00:00.000,6.557e-05,
2025-11-07 08:00:00.000,9.486e-05,
2025-11-07 16:00:00.000,2.976e-05,
2025-11-08 00:00:00.000,0.0001,
2025-11-08 08:00:00.000,9.487e-05,
2025-11-08 16:00:00.000,6.222e-05,
2025-11-09 00:00:00.000,3.846e-05,
2025-11-09 08:00:00.000,-1.971e-05,
2025-11-09 16:00:00.000,6.797e-05,
2025-11-10 00:00:00.000,0.0001,
2025-11-10 08:00:00.000,9.276e-05,
2025-11-10 16:00:00.000,0.0001,
2025-11-11 00:00:00.000,8.691e-05,
2025-11-11 08:00:00.000,-8.983e-05,
2025-11-11 16:00:00.000,-3.799e-05,
2025-11-12 00:00:00.000,-8.328e-05,
2025-11-12 08:00:00.000,-1.909e-05,
2025-11-12 16:00:00.000,4.916e-05,
2025-11-13 00:00:00.000,1.439e-05,
2025-11-13 08:00:00.000,9.555e-05,
2025-11-13 16:00:00.000,7.508e-05,
2025-11-14 00:00:00.000,-7.272e-05,
2025-11-14 08:00:00.000,-3.97e-05,
2025-11-14 16:00:00.000,-4.809e-05,
2025-11-15 00:00:00.000,-4.878e-05,
2025-11-15 08:00:00.000,5.07e-05,
2025-11-15 16:00:00.000,0.0001,
2025-11-16 00:00:00.000,8.619e-05,
2025-11-16 08:00:00.000,0.0001,
2025-11-16 16:00:00.000,0.0001,
2025-11-17 00:00:00.000,-3.354e-05,
2025-11-17 08:00:00.000,8.21e-06,
2025-11-17 16:00:00.000,9.394e-05,
2025-11-18 00:00:00.000,-0.00015333,
2025-11-18 08:00:00.000,9.918e-05,
2025-11-18 16:00:00.000,0.0001,
2025-11-19 00:00:00.000,0.0001,
2025-11-19 08:00:00.000,5.732e-05,
2025-11-19 16:00:00.000,8.775e-05,
2025-11-20 00:00:00.000,5.067e-05,
2025-11-20 08:00:00.000,0.0001,
2025-11-20 16:00:00.000,0.0001,
2025-11-21 00:00:00.000,5.048e-05,
2025-11-21 08:00:00.000,-0.0001176,
2025-11-21 16:00:00.000,-3.385e-05,
2025-11-22 00:00:00.000,2.254e-05,
2025-11-22 08:00:00.000,-4.555e-05,
2025-11-22 16:00:00.000,-7.05e-05,
2025-11-23 00:00:00.000,4.128e-05,
2025-11-23 08:00:00.000,-1.464e-05,
2025-11-23 16:00:00.000,-3.81e-06,
2025-11-24 00:00:00.000,-2.436e-05,
2025-11-24 08:00:00.000,1.663e-05,
2025-11-24 16:00:00.000,6.175e-05,
2025-11-25 00:00:00.000,7.594e-05,
2025-11-25 08:00:00.000,1.823e-05,
2025-11-25 16:00:00.000,-2.84e-06,
2025-11-26 00:00:00.000,0.0001,
2025-11-26 08:00:00.000,5.807e-05,
2025-11-26 16:00:00.000,1.358e-05,
2025-11-27 00:00:00.000,0.0001,
2025-11-27 08:00:00.000,8.114e-05,
2025-11-27 16:00:00.000,3.135e-05,
2025-11-28 00:00:00.000,7.955e-05,
2025-11-28 08:00:00.000,1.923e-05,
2025-11-28 16:00:00.000,5.067e-05,
2025-11-29 00:00:00.000,9.71e-06,
2025-11-29 08:00:00.000,-2.342e-05,
2025-11-29 16:00:00.000,9.139e-05,
2025-11-30 00:00:00.000,4.911e-05,
2025-11-30 08:00:00.000,8.17e-05,
2025-11-30 16:00:00.000,5.784e-05,
2025-12-01 00:00:00.000,-4.292e-05,
2025-12-01 08:00:00.000,-0.00013784,
2025-12-01 16:00:00.000,-6.124e-05,
2025-12-02 00:00:00.000,-3.764e-05,
2025-12-02 08:00:00.000,-8.44e-06,
2025-12-02 16:00:00.000,6.734e-05,
2025-12-03 00:00:00.000,0.0001,
2025-12-03 08:00:00.000,5.49e-05,
2025-12-03 16:00:00.000,0.0001,
2025-12-04 00:00:00.000,0.0001,
2025-12-04 08:00:00.000,5.622e-05,
2025-12-04 16:00:00.000,0.0001,
2025-12-05 00:00:00.000,2.644e-05,
2025-12-05 08:00:00.000,5.476e-05,
2025-12-05 16:00:00.000,-1.238e-05,
2025-12-06 00:00:00.000,-1.59e-05,
2025-12-06 08:00:00.000,-4.227e-05,
2025-12-06 16:00:00.000,-2.811e-05,
2025-12-07 00:00:00.000,1.853e-05,
2025-12-07 08:00:00.000,2.901e-05,
2025-12-07 16:00:00.000,-5.848e-05,
2025-12-08 00:00:00.000,-7.09e-06,
2025-12-08 08:00:00.000,5.448e-05,
2025-12-08 16:00:00.000,0.0001,
2025-12-09 00:00:00.000,0.0001,
2025-12-09 08:00:00.000,4.369e-05,
2025-12-09 16:00:00.000,9.26e-05,
2025-12-10 00:00:00.000,0.0001,
2025-12-10 08:00:00.000,2.354e-05,
2025-12-10 16:00:00.000,2.732e-05,
2025-12-11 00:00:00.000,1.135e-05,
2025-12-11 08:00:00.000,-4.443e-05,
2025-12-11 16:00:00.000,-3.173e-05,
2025-12-12 00:00:00.000,6.234e-05,
2025-12-12 08:00:00.000,-3.22e-05,
2025-12-12 16:00:00.000,6.131e-05,
2025-12-13 00:00:00.000,-0.0001039,
2025-12-13 08:00:00.000,-6.525e-05,
2025-12-13 16:00:00.000,0.0001,
2025-12-14 00:00:00.000,-1.707e-05,
2025-12-14 08:00:00.000,-4.112e-05,
2025-12-14 16:00:00.000,-0.00010234,
2025-12-15 00:00:00.000,-2.821e-05,
2025-12-15 08:00:00.000,0.0001,
2025-12-15 16:00:00.000,-4.713e-05,
2025-12-16 00:00:00.000,-7.929e-05,
2025-12-16 08:00:00.000,-5.387e-05,
2025-12-16 16:00:00.000,6e-07,
2025-12-17 00:00:00.000,5.853e-05,
2025-12-17 08:00:00.000,-1.088e-05,
2025-12-17 16:00:00.000,0.0001,
2025-12-18 00:00:00.000,-4.563e-05,
2025-12-18 08:00:00.000,-5.151e-05,
2025-12-18 16:00:00.000,8.071e-05,
2025-12-19 00:00:00.000,-2.444e-05,
2025-12-19 08:00:00.000,6.676e-05,
2025-12-19 16:00:00.000,7.411e-05,
2025-12-20 00:00:00.000,0.0001,
2025-12-20 08:00:00.000,-1.48e-05,
2025-12-20 16:00:00.000,6.919e-05,
2025-12-21 00:00:00.000,0.0001,
2025-12-21 08:00:00.000,5.004e-05,
2025-12-21 16:00:00.000,-6.414e-05,
2025-12-22 00:00:00.000,-1.578e-05,
2025-12-22 08:00:00.000,1.459e-05,
2025-12-22 16:00:00.000,6.354e-05,
2025-12-23 00:00:00.000,-6.311e-05,
2025-12-23 08:00:00.000,4.76e-05,
2025-12-23 16:00:00.000,6.011e-05,
2025-12-24 00:00:00.000,5.715e-05,
2025-12-24 08:00:00.000,-6.302e-05,
2025-12-24 16:00:00.000,7.209e-05,
2025-12-25 00:00:00.000,0.0001,
2025-12-25 08:00:00.000,0.0001,
2025-12-25 16:00:00.000,-8.8e-07,
2025-12-26 00:00:00.000,2.433e-05,
2025-12-26 08:00:00.000,8.584e-05,
2025-12-26 16:00:00.000,-3.32e-05,
2025-12-27 00:00:00.000,-1.694e-05,
2025-12-27 08:00:00.000,6.604e-05,
2025-12-27 16:00:00.000,7.065e-05,
2025-12-28 00:00:00.000,0.0001,
2025-12-28 08:00:00.000,8.657e-05,
2025-12-28 16:00:00.000,0.0001,
2025-12-29 00:00:00.000,2.199e-05,
2025-12-29 08:00:00.000,0.0001,
2025-12-29 16:00:00.000,-2.631e-05,
2025-12-30 00:00:00.000,-3.618e-05,
2025-12-30 08:00:00.000,-5.43e-06,
2025-12-30 16:00:00.000,1.524e-05,
2025-12-31 00:00:00.000,2.279e-05,
2025-12-31 08:00:00.000,1.215e-05,
2025-12-31 16:00:00.000,3.804e-05,
2026-01-01 00:00:00.000,-2.911e-05,
2026-01-01 08:00:00.000,8.038e-05,
2026-01-01 16:00:00.000,2.638e-05,
2026-01-02 00:00:00.000,2.456e-05,
2026-01-02 08:00:00.000,-2.91e-06,
2026-01-02 16:00:00.000,0.0001,
2026-01-03 00:00:00.000,0.0001,
2026-01-03 08:00:00.000,9.053e-05,
2026-01-03 16:00:00.000,5.239e-05,
2026-01-04 00:00:00.000,0.0001,
2026-01-04 08:00:00.000,6.177e-05,
2026-01-04 16:00:00.000,0.0001,
2026-01-05 00:00:00.000,8.555e-05,
2026-01-05 08:00:00.000,9.518e-05,
2026-01-05 16:00:00.000,0.0001,
2026-01-06 00:00:00.000,0.0001,
2026-01-06 08:00:00.000,1.809e-05,
2026-01-06 16:00:00.000,0.0001,
2026-01-07 00:00:00.000,0.0001,
2026-01-07 08:00:00.000,5.029e-05,
2026-01-07 16:00:00.000,-4.172e-05,
2026-01-08 00:00:00.000,1.972e-05,
2026-01-08 08:00:00.000,-2.54e-06,
2026-01-08 16:00:00.000,7.722e-05,
2026-01-09 00:00:00.000,8.645e-05,
2026-01-09 08:00:00.000,2.39e-05,
2026-01-09 16:00:00.000,8.308e-05,
2026-01-10 00:00:00.000,6.55e-05,
2026-01-10 08:00:00.000,6.099e-05,
2026-01-10 16:00:00.000,7.003e-05,
2026-01-11 00:00:00.000,3.79e-05,
2026-01-11 08:00:00.000,0.0001,
2026-01-11 16:00:00.000,2.86e-05,
2026-01-12 00:00:00.000,-1.68e-05,
2026-01-12 08:00:00.000,3.243e-05,
2026-01-12 16:00:00.000,2.833e-05,
2026-01-13 00:00:00.000,9.98e-06,
2026-01-13 08:00:00.000,9.056e-05,
2026-01-13 16:00:00.000,0.0001,
2026-01-14 00:00:00.000,0.0001,
2026-01-14 08:00:00.000,0.0001,
2026-01-14 16:00:00.000,0.0001,
2026-01-15 00:00:00.000,0.0001,
2026-01-15 08:00:00.000,-9.571e-05,
2026-01-15 16:00:00.000,-2.977e-05,
2026-01-16 00:00:00.000,3.099e-05,
2026-01-16 08:00:00.000,9.57e-06,
2026-01-16 16:00:00.000,4.925e-05,
2026-01-17 00:00:00.000,5.12e-06,
2026-01-17 08:00:00.000,7.073e-05,
2026-01-17 16:00:00.000,1.147e-05,
2026-01-18 00:00:00.000,7.751e-05,
2026-01-18 08:00:00.000,3.047e-05,
2026-01-18 16:00:00.000,7.215e-05,
2026-01-19 00:00:00.000,9.51e-05,
2026-01-19 08:00:00.000,-0.00012115,
2026-01-19 16:00:00.000,2.047e-05,
2026-01-20 00:00:00.000,3.525e-05,
2026-01-20 08:00:00.000,-5.67e-06,
2026-01-20 16:00:00.000,-2.743e-05,
2026-01-21 00:00:00.000,-5.644e-05,
2026-01-21 08:00:00.000,5.199e-05,
2026-01-21 16:00:00.000,-2.959e-05,
2026-01-22 00:00:00.000,8.647e-05,
2026-01-22 08:00:00.000,5.63e-05,
2026-01-22 16:00:00.000,-2.47e-06,
2026-01-23 00:00:00.000,-5.636e-05,
2026-01-23 08:00:00.000,7.329e-05,
2026-01-23 16:00:00.000,-5.067e-05,
2026-01-24 00:00:00.000,2.313e-05,
2026-01-24 08:00:00.000,3.238e-05,
2026-01-24 16:00:00.000,4.783e-05,
2026-01-25 00:00:00.000,4.07e-05,
2026-01-25 08:00:00.000,-7.857e-05,
2026-01-25 16:00:00.000,-4.565e-05,
2026-01-26 00:00:00.000,-0.00014066,
2026-01-26 08:00:00.000,2.642e-05,
2026-01-26 16:00:00.000,2.483e-05,
2026-01-27 00:00:00.000,5.557e-05,
2026-01-27 08:00:00.000,4.62e-06,
2026-01-27 16:00:00.000,-6.846e-05,
2026-01-28 00:00:00.000,5.633e-05,
2026-01-28 08:00:00.000,0.0001,
2026-01-28 16:00:00.000,2.302e-05,
2026-01-29 00:00:00.000,0.0001,
2026-01-29 08:00:00.000,-6.601e-05,
2026-01-29 16:00:00.000,-0.00011677,
2026-01-30 00:00:00.000,-0.00016826,
2026-01-30 08:00:00.000,-7.875e-05,
2026-01-30 16:00:00.000,-5.034e-05,
2026-01-31 00:00:00.000,-4.012e-05,
2026-01-31 08:00:00.000,-1.088e-05,
2026-01-31 16:00:00.000,-0.00010901,
2026-02-01 00:00:00.000,-0.0001272,
2026-02-01 08:00:00.000,-3.466e-05,
2026-02-01 16:00:00.000,9.13e-06,
2026-02-02 00:00:00.000,-8.41e-06,
2026-02-02 08:00:00.000,4.254e-05,
2026-02-02 16:00:00.000,4.91e-06,
2026-02-03 00:00:00.000,-0.00011765,
2026-02-03 08:00:00.000,-9.847e-05,
2026-02-03 16:00:00.000,-5.279e-05,
2026-02-04 00:00:00.000,0.0001,
2026-02-04 08:00:00.000,3.288e-05,
2026-02-04 16:00:00.000,-3.57e-05,
2026-02-05 00:00:00.000,5.807e-05,
2026-02-05 08:00:00.000,0.0001,
2026-02-05 16:00:00.000,-1.512e-05,
2026-02-06 00:00:00.000,2.324e-05,
2026-02-06 08:00:00.000,3.005e-05,
2026-02-06 16:00:00.000,2.322e-05,
2026-02-07 00:00:00.000,-9.01e-06,
2026-02-07 08:00:00.000,5.17e-06,
2026-02-07 16:00:00.000,5.251e-05,
2026-02-08 00:00:00.000,6.682e-05,
2026-02-08 08:00:00.000,5.396e-05,
2026-02-08 16:00:00.000,-7.731e-05,
2026-02-09 00:00:00.000,-0.00010384,
2026-02-09 08:00:00.000,3.74e-05,
2026-02-09 16:00:00.000,6.741e-05,
2026-02-10 00:00:00.000,2.922e-05,
2026-02-10 08:00:00.000,-6.421e-05,
2026-02-10 16:00:00.000,-2.701e-05,
2026-02-11 00:00:00.000,-2.155e-05,
2026-02-11 08:00:00.000,-6.648e-05,
2026-02-11 16:00:00.000,-4.242e-05,
2026-02-12 00:00:00.000,-8.421e-05,
2026-02-12 08:00:00.000,-3.776e-05,
2026-02-12 16:00:00.000,1.673e-05,
2026-02-13 00:00:00.000,4.457e-05,
2026-02-13 08:00:00.000,6.3e-06,
2026-02-13 16:00:00.000,-6.881e-05,
2026-02-14 00:00:00.000,7.433e-05,
2026-02-14 08:00:00.000,-1.61e-06,
2026-02-14 16:00:00.000,5.428e-05,
2026-02-15 00:00:00.000,5.533e-05,
2026-02-15 08:00:00.000,7.07e-05,
2026-02-15 16:00:00.000,5.81e-06,
2026-02-16 00:00:00.000,-0.00011635,
2026-02-16 08:00:00.000,-0.00015399,
2026-02-16 16:00:00.000,-0.00011975,
2026-02-17 00:00:00.000,-1.409e-05,
2026-02-17 08:00:00.000,-1.28e-06,
2026-02-17 16:00:00.000,1.906e-05,
2026-02-18 00:00:00.000,-0.00010127,
2026-02-18 08:00:00.000,3.357e-05,
2026-02-18 16:00:00.000,-3.507e-05,
2026-02-19 00:00:00.000,-1.616e-05,
2026-02-19 08:00:00.000,-4.423e-05,
2026-02-19 16:00:00.000,1.691e-05,
2026-02-20 00:00:00.000,6.939e-05,
2026-02-20 08:00:00.000,-2.397e-05,
2026-02-20 16:00:00.000,5.781e-05,
2026-02-21 00:00:00.000,5.423e-05,
2026-02-21 08:00:00.000,2.829e-05,
2026-02-21 16:00:00.000,-0.0001108,
2026-02-22 00:00:00.000,6.818e-05,
2026-02-22 08:00:00.000,-3.336e-05,
2026-02-22 16:00:00.000,-1.605e-05,
2026-02-23 00:00:00.000,4.03e-06,
2026-02-23 08:00:00.000,-2.645e-05,
2026-02-23 16:00:00.000,2.263e-05,
2026-02-24 00:00:00.000,8.75e-06,
2026-02-24 08:00:00.000,-3.672e-05,
2026-02-24 16:00:00.000,-7.953e-05,
2026-02-25 00:00:00.000,1.554e-05,
2026-02-25 08:00:00.000,1.158e-05,
2026-02-25 16:00:00.000,0.0001,
2026-02-26 00:00:00.000,0.0001,
2026-02-26 08:00:00.000,4.183e-05,
2026-02-26 16:00:00.000,-1.203e-05,
2026-02-27 00:00:00.000,3.231e-05,
2026-02-27 08:00:00.000,0.0001,
2026-02-27 16:00:00.000,-6.819e-05,
2026-02-28 00:00:00.000,-4.14e-05,
2026-02-28 08:00:00.000,-8.734e-05,
2026-02-28 16:00:00.000,-5.291e-05,
2026-03-01 00:00:00.000,6.692e-05,
2026-03-01 08:00:00.000,0.0001,
2026-03-01 16:00:00.000,5.205e-05,
2026-03-02 00:00:00.000,2.3e-06,
2026-03-02 08:00:00.000,-1.08e-06,
2026-03-02 16:00:00.000,2.736e-05,
2026-03-03 00:00:00.000,7.678e-05,
2026-03-03 08:00:00.000,-0.00013372,
2026-03-03 16:00:00.000,-7.975e-05,
2026-03-04 00:00:00.000,-0.00010602,
2026-03-04 08:00:00.000,-4.621e-05,
2026-03-04 16:00:00.000,0.0001,
2026-03-05 00:00:00.000,0.0001,
2026-03-05 08:00:00.000,-9.291e-05,
2026-03-05 16:00:00.000,-9.904e-05,
2026-03-06 00:00:00.000,-3.83e-05,
2026-03-06 08:00:00.000,-3.761e-05,
2026-03-06 16:00:00.000,-0.0001337,
2026-03-07 00:00:00.000,-6.154e-05,
2026-03-07 08:00:00.000,-0.00012803,
2026-03-07 16:00:00.000,-7.201e-05,
2026-03-08 00:00:00.000,-8.936e-05,
2026-03-08 08:00:00.000,-6.602e-05,
2026-03-08 16:00:00.000,-0.00012593,
2026-03-09 00:00:00.000,-2.096e-05,
2026-03-09 08:00:00.000,8.171e-05,
2026-03-09 16:00:00.000,5.461e-05,
2026-03-10 00:00:00.000,5.302e-05,
2026-03-10 08:00:00.000,4.945e-05,
2026-03-10 16:00:00.000,0.0001,
2026-03-11 00:00:00.000,-7.412e-05,
2026-03-11 08:00:00.000,-0.00015439,
2026-03-11 16:00:00.000,-6.02e-05,
2026-03-12 00:00:00.000,6.477e-05,
2026-03-12 08:00:00.000,-0.00010427,
2026-03-12 16:00:00.000,0.0001,
2026-03-13 00:00:00.000,0.0001,
2026-03-13 08:00:00.000,0.0001,
2026-03-13 16:00:00.000,0.0001,
2026-03-14 00:00:00.000,-7.882e-05,
2026-03-14 08:00:00.000,-6e-07,
2026-03-14 16:00:00.000,1.117e-05,
2026-03-15 00:00:00.000,-8.492e-05,
2026-03-15 08:00:00.000,-0.00012338,
2026-03-15 16:00:00.000,-2.966e-05,
2026-03-16 00:00:00.000,5.43e-05,
2026-03-16 08:00:00.000,0.0001,
2026-03-16 16:00:00.000,0.0001,
2026-03-17 00:00:00.000,0.0001,
2026-03-17 08:00:00.000,-8.203e-05,
2026-03-17 16:00:00.000,-5.997e-05,
2026-03-18 00:00:00.000,0.0001,
2026-03-18 08:00:00.000,-8.622e-05,
2026-03-18 16:00:00.000,-1.024e-05,
2026-03-19 00:00:00.000,3.274e-05,
2026-03-19 08:00:00.000,5.281e-05,
2026-03-19 16:00:00.000,-2.47e-05,
2026-03-20 00:00:00.000,-5.868e-05,
2026-03-20 08:00:00.000,1.849e-05,
2026-03-20 16:00:00.000,-5.484e-05,
2026-03-21 00:00:00.000,4.007e-05,
2026-03-21 08:00:00.000,7.97e-06,
2026-03-21 16:00:00.000,-5.533e-05,
2026-03-22 00:00:00.000,4.153e-05,
2026-03-22 08:00:00.000,-0.0001064,
2026-03-22 16:00:00.000,-1.906e-05,
2026-03-23 00:00:00.000,-4.351e-05,
2026-03-23 08:00:00.000,-5.782e-05,
2026-03-23 16:00:00.000,0.0001,
2026-03-24 00:00:00.000,0.0001,
2026-03-24 08:00:00.000,5.284e-05,
2026-03-24 16:00:00.000,1.318e-05,
2026-03-25 00:00:00.000,0.0001,
2026-03-25 08:00:00.000,0.0001,
2026-03-25 16:00:00.000,0.0001,
2026-03-26 00:00:00.000,0.0001,
2026-03-26 08:00:00.000,-0.0001062,
2026-03-26 16:00:00.000,-0.0001366,
2026-03-27 00:00:00.000,9.574e-05,
2026-03-27 08:00:00.000,7.713e-05,
2026-03-27 16:00:00.000,-9.004e-05,
2026-03-28 00:00:00.000,-5.302e-05,
2026-03-28 08:00:00.000,-4.688e-05,
2026-03-28 16:00:00.000,0.0001,
2026-03-29 00:00:00.000,7.18e-06,
2026-03-29 08:00:00.000,-2.722e-05,
2026-03-29 16:00:00.000,-0.00011616,
2026-03-30 00:00:00.000,-2.878e-05,
2026-03-30 08:00:00.000,0.0001,
2026-03-30 16:00:00.000,0.0001,
2026-03-31 00:00:00.000,0.0001,
2026-03-31 08:00:00.000,0.0001,
2026-03-31 16:00:00.000,-8.46e-06,
2026-04-01 00:00:00.000,0.0001,
2026-04-01 08:00:00.000,0.0001,
2026-04-01 16:00:00.000,0.0001,
2026-04-02 00:00:00.000,0.0001,
2026-04-02 08:00:00.000,-0.00012294,
2026-04-02 16:00:00.000,-2.699e-05,
2026-04-03 00:00:00.000,-6.684e-05,
2026-04-03 08:00:00.000,9.572e-05,
2026-04-03 16:00:00.000,0.0001,
2026-04-04 00:00:00.000,0.0001,
2026-04-04 08:00:00.000,9.11e-06,
2026-04-04 16:00:00.000,-5.815e-05,
2026-04-05 00:00:00.000,0.0001,
2026-04-05 08:00:00.000,-3.97e-05,
2026-04-05 16:00:00.000,-2.122e-05,
2026-04-06 00:00:00.000,4.917e-05,
2026-04-06 08:00:00.000,0.0001,
2026-04-06 16:00:00.000,0.0001,
2026-04-07 00:00:00.000,-9.065e-05,
2026-04-07 08:00:00.000,-1.455e-05,
2026-04-07 16:00:00.000,-3.53e-06,
2026-04-08 00:00:00.000,0.0001,
2026-04-08 08:00:00.000,0.0001,
2026-04-08 16:00:00.000,0.0001,
2026-04-09 00:00:00.000,0.0001,
2026-04-09 08:00:00.000,-0.00013857,
2026-04-09 16:00:00.000,-3.379e-05,
2026-04-10 00:00:00.000,0.0001,
2026-04-10 08:00:00.000,0.0001,
2026-04-10 16:00:00.000,9.736e-05,
2026-04-11 00:00:00.000,0.0001,
2026-04-11 08:00:00.000,6.154e-05,
2026-04-11 16:00:00.000,-4.448e-05,
2026-04-12 00:00:00.000,0.0001,
2026-04-12 08:00:00.000,-6.324e-05,
2026-04-12 16:00:00.000,-0.00013591,
2026-04-13 00:00:00.000,-4.74e-05,
2026-04-13 08:00:00.000,1.97e-06,
2026-04-13 16:00:00.000,1.727e-05,
2026-04-14 00:00:00.000,0.0001,
2026-04-14 08:00:00.000,0.0001,
2026-04-14 16:00:00.000,0.0001,
2026-04-15 00:00:00.000,-0.00011743,
2026-04-15 08:00:00.000,3.022e-05,
2026-04-15 16:00:00.000,0.0001,
2026-04-16 00:00:00.000,0.0001,
2026-04-16 08:00:00.000,0.0001,
2026-04-16 16:00:00.000,0.0001,
2026-04-17 00:00:00.000,6.157e-05,
2026-04-17 08:00:00.000,-1.935e-05,
2026-04-17 16:00:00.000,0.0001,
2026-04-18 00:00:00.000,4.469e-05,
2026-04-18 08:00:00.000,-6.305e-05,
2026-04-18 16:00:00.000,3.18e-05,
2026-04-19 00:00:00.000,-4.039e-05,
2026-04-19 08:00:00.000,-3.312e-05,
2026-04-19 16:00:00.000,9.813e-05,
2026-04-20 00:00:00.000,3.034e-05,
2026-04-20 08:00:00.000,0.0001,
2026-04-20 16:00:00.000,5.292e-05,
2026-04-21 00:00:00.000,6.21e-05,
2026-04-21 08:00:00.000,4.494e-05,
2026-04-21 16:00:00.000,0.0001,
2026-04-22 00:00:00.000,6.187e-05,
2026-04-22 08:00:00.000,-1.032e-05,
2026-04-22 16:00:00.000,8.66e-06,
2026-04-23 00:00:00.000,-2.051e-05,
2026-04-23 08:00:00.000,-0.00020083,
2026-04-23 16:00:00.000,4.897e-05,
2026-04-24 00:00:00.000,-3.911e-05,
2026-04-24 08:00:00.000,8.475e-05,
2026-04-24 16:00:00.000,4.77e-05,
2026-04-25 00:00:00.000,3.08e-05,
2026-04-25 08:00:00.000,-2.345e-05,
2026-04-25 16:00:00.000,9.138e-05,
2026-04-26 00:00:00.000,5.805e-05,
2026-04-26 08:00:00.000,1.626e-05,
2026-04-26 16:00:00.000,-9.68e-06,
2026-04-27 00:00:00.000,-8.45e-06,
2026-04-27 08:00:00.000,-6.674e-05,
2026-04-27 16:00:00.000,-4.149e-05,
2026-04-28 00:00:00.000,0.0001,
2026-04-28 08:00:00.000,4.777e-05,
2026-04-28 16:00:00.000,8.685e-05,
2026-04-29 00:00:00.000,6.084e-05,
2026-04-29 08:00:00.000,5.738e-05,
2026-04-29 16:00:00.000,0.0001,
2026-04-30 00:00:00.000,-3.839e-05,
2026-04-30 08:00:00.000,-7e-07,
2026-04-30 16:00:00.000,-3.88e-06,
2026-05-01 00:00:00.000,7.596e-05,
2026-05-01 08:00:00.000,7.32e-06,
2026-05-01 16:00:00.000,4.514e-05,
2026-05-02 00:00:00.000,-2.368e-05,
2026-05-02 08:00:00.000,2.92e-06,
2026-05-02 16:00:00.000,6.7e-07,
2026-05-03 00:00:00.000,-7.7e-05,
2026-05-03 08:00:00.000,-3.824e-05,
2026-05-03 16:00:00.000,2.507e-05,
2026-05-04 00:00:00.000,3.857e-05,
2026-05-04 08:00:00.000,2.74e-05,
2026-05-04 16:00:00.000,-9.837e-05,
2026-05-05 00:00:00.000,5.886e-05,
2026-05-05 08:00:00.000,0.0001,
2026-05-05 16:00:00.000,8.787e-05,
2026-05-06 00:00:00.000,5.974e-05,
2026-05-06 08:00:00.000,9.667e-05,
2026-05-06 16:00:00.000,6.15e-05,
2026-05-07 00:00:00.000,8.795e-05,
2026-05-07 08:00:00.000,3.164e-05,
2026-05-07 16:00:00.000,4.356e-05,
2026-05-08 00:00:00.000,0.0001,
2026-05-08 08:00:00.000,0.0001,
2026-05-08 16:00:00.000,0.0001,
2026-05-09 00:00:00.000,-1.61e-06,
2026-05-09 08:00:00.000,4.753e-05,
2026-05-09 16:00:00.000,0.0001,
2026-05-10 00:00:00.000,4.334e-05,
2026-05-10 08:00:00.000,-2.701e-05,
2026-05-10 16:00:00.000,7.043e-05,
2026-05-11 00:00:00.000,0.0001,
2026-05-11 08:00:00.000,-1.327e-05,
2026-05-11 16:00:00.000,1.81e-05,
2026-05-12 00:00:00.000,3.112e-05,
2026-05-12 08:00:00.000,-4.192e-05,
2026-05-12 16:00:00.000,1.769e-05,
2026-05-13 00:00:00.000,8.412e-05,
2026-05-13 08:00:00.000,0.0001,
2026-05-13 16:00:00.000,1.9e-05,
2026-05-14 00:00:00.000,9.112e-05,
2026-05-14 08:00:00.000,2.586e-05,
2026-05-14 16:00:00.000,0.0001,
2026-05-15 00:00:00.000,-2.99e-06,
2026-05-15 08:00:00.000,-4.848e-05,
2026-05-15 16:00:00.000,-3.946e-05,
2026-05-16 00:00:00.000,5.652e-05,
2026-05-16 08:00:00.000,-3.363e-05,
2026-05-16 16:00:00.000,2.412e-05,
2026-05-17 00:00:00.000,0.0001,
2026-05-17 08:00:00.000,-4.766e-05,
2026-05-17 16:00:00.000,4.131e-05,
2026-05-18 00:00:00.000,1.205e-05,
2026-05-18 08:00:00.000,-0.00012738,
2026-05-18 16:00:00.000,-0.00010691,
2026-05-19 00:00:00.000,0.0001,
2026-05-19 08:00:00.000,2.639e-05,
2026-05-19 16:00:00.000,-4.88e-06,
2026-05-20 00:00:00.000,0.0001,
2026-05-20 08:00:00.000,1.543e-05,
2026-05-20 16:00:00.000,8.653e-05,
2026-05-21 00:00:00.000,-3.323e-05,
2026-05-21 08:00:00.000,3.259e-05,
2026-05-21 16:00:00.000,5.278e-05,
2026-05-22 00:00:00.000,0.0001,
2026-05-22 08:00:00.000,7.64e-05,
2026-05-22 16:00:00.000,0.0001,
2026-05-23 00:00:00.000,-2.692e-05,
2026-05-23 08:00:00.000,-2.287e-05,
2026-05-23 16:00:00.000,-6.602e-05,
2026-05-24 00:00:00.000,0.0001,
2026-05-24 08:00:00.000,6.764e-05,
2026-05-24 16:00:00.000,6.76e-06,
2026-05-25 00:00:00.000,-5.011e-05,
2026-05-25 08:00:00.000,5.388e-05,
2026-05-25 16:00:00.000,8.168e-05,
2026-05-26 00:00:00.000,0.0001,
2026-05-26 08:00:00.000,-2.241e-05,
2026-05-26 16:00:00.000,-6.113e-05,
2026-05-27 00:00:00.000,-0.00011407,
2026-05-27 08:00:00.000,5.76e-05,
2026-05-27 16:00:00.000,8.058e-05,
2026-05-28 00:00:00.000,-6.444e-05,
2026-05-28 08:00:00.000,-0.00014171,
2026-05-28 16:00:00.000,7.908e-05,
2026-05-29 00:00:00.000,0.0001,
2026-05-29 08:00:00.000,0.0001,
2026-05-29 16:00:00.000,6.685e-05,
2026-05-30 00:00:00.000,5.801e-05,
2026-05-30 08:00:00.000,0.0001,
2026-05-30 16:00:00.000,3.019e-05,
2026-05-31 00:00:00.000,8.277e-05,
2026-05-31 08:00:00.000,9.054e-05,
2026-05-31 16:00:00.000,6.905e-05,
2026-06-01 00:00:00.000,6.67e-06,
2026-06-01 08:00:00.000,3.186e-05,
2026-06-01 16:00:00.000,0.0001,
2026-06-02 00:00:00.000,0.0001,
2026-06-02 08:00:00.000,4.476e-05,
2026-06-02 16:00:00.000,-6.4e-06,
2026-06-03 00:00:00.000,-3.531e-05,
2026-06-03 08:00:00.000,4.141e-05,
2026-06-03 16:00:00.000,3.194e-05,
2026-06-04 00:00:00.000,-3.408e-05,
2026-06-04 08:00:00.000,-6.921e-05,
2026-06-04 16:00:00.000,4.5e-06,
2026-06-05 00:00:00.000,-1.02e-05,
2026-06-05 08:00:00.000,-4.943e-05,
2026-06-05 16:00:00.000,4.782e-05,
2026-06-06 00:00:00.000,0.0001,
2026-06-06 08:00:00.000,-6.41e-06,
2026-06-06 16:00:00.000,3.886e-05,
2026-06-07 00:00:00.000,-4.708e-05,
2026-06-07 08:00:00.000,-3.914e-05,
2026-06-07 16:00:00.000,0.0001,
2026-06-08 00:00:00.000,4.546e-05,
2026-06-08 08:00:00.000,-1.134e-05,
2026-06-08 16:00:00.000,6.54e-05,
2026-06-09 00:00:00.000,2.114e-05,
2026-06-09 08:00:00.000,6.589e-05,
2026-06-09 16:00:00.000,5.4e-07,
2026-06-10 00:00:00.000,6.421e-05,
2026-06-10 08:00:00.000,-1.101e-05,
2026-06-10 16:00:00.000,3.829e-05,
2026-06-11 00:00:00.000,-0.00013429,
2026-06-11 08:00:00.000,8.069e-05,
2026-06-11 16:00:00.000,0.0001,
2026-06-12 00:00:00.000,0.0001,
2026-06-12 08:00:00.000,0.0001,
2026-06-12 16:00:00.000,7.254e-05,
2026-06-13 00:00:00.000,-3.68e-06,
2026-06-13 08:00:00.000,-0.00017116,
2026-06-13 16:00:00.000,4.285e-05,
2026-06-14 00:00:00.000,0.0001,
2026-06-14 08:00:00.000,0.0001,
2026-06-14 16:00:00.000,0.0001,
2026-06-15 00:00:00.000,2.741e-05,
2026-06-15 08:00:00.000,0.0001,
2026-06-15 16:00:00.000,4.794e-05,
2026-06-16 00:00:00.000,-9.87e-05,
2026-06-16 08:00:00.000,-7.456e-05,
2026-06-16 16:00:00.000,2.282e-05,
2026-06-17 00:00:00.000,0.0001,
2026-06-17 08:00:00.000,8.71e-06,
2026-06-17 16:00:00.000,1.377e-05,
2026-06-18 00:00:00.000,6.286e-05,
2026-06-18 08:00:00.000,-6.698e-05,
2026-06-18 16:00:00.000,-5.824e-05,
2026-06-19 00:00:00.000,4.901e-05,
2026-06-19 08:00:00.000,-1.642e-05,
2026-06-19 16:00:00.000,1.722e-05,
2026-06-20 00:00:00.000,-1.9e-05,
2026-06-20 08:00:00.000,-6.369e-05,
2026-06-20 16:00:00.000,3.459e-05,
2026-06-21 00:00:00.000,3.929e-05,
2026-06-21 08:00:00.000,5.53e-06,
2026-06-21 16:00:00.000,3.438e-05,
2026-06-22 00:00:00.000,-1.314e-05,
2026-06-22 08:00:00.000,6.893e-05,
2026-06-22 16:00:00.000,2.12e-05,
2026-06-23 00:00:00.000,5.603e-05,
2026-06-23 08:00:00.000,-1.357e-05,
2026-06-23 16:00:00.000,-6.855e-05,
2026-06-24 00:00:00.000,-0.00010168,
2026-06-24 08:00:00.000,-2.033e-05,
2026-06-24 16:00:00.000,-6.452e-05,
2026-06-25 00:00:00.000,7.031e-05,
2026-06-25 08:00:00.000,1.764e-05,
2026-06-25 16:00:00.000,-8.1e-06,
2026-06-26 00:00:00.000,0.0001,
2026-06-26 08:00:00.000,0.0001,
2026-06-26 16:00:00.000,2.871e-05,
2026-06-27 00:00:00.000,0.0001,
2026-06-27 08:00:00.000,-7.266e-05,
2026-06-27 16:00:00.000,1.057e-05,
2026-06-28 00:00:00.000,-9.22e-06,
2026-06-28 08:00:00.000,-3.556e-05,
2026-06-28 16:00:00.000,-4.383e-05,
2026-06-29 00:00:00.000,-1.6e-05,
2026-06-29 08:00:00.000,8.885e-05,
2026-06-29 16:00:00.000,2.533e-05,
2026-06-30 00:00:00.000,-1.149e-05,
2026-06-30 08:00:00.000,-4.388e-05,
2026-06-30 16:00:00.000,-1.696e-05,
2026-07-01 00:00:00.000,2.285e-05,
2026-07-01 08:00:00.000,4.608e-05,
2026-07-01 16:00:00.000,9.373e-05,
2026-07-02 00:00:00.000,-9.8e-06,
2026-07-02 08:00:00.000,-4.58e-05,
2026-07-02 16:00:00.000,0.0001,
2026-07-03 00:00:00.000,-9.86e-06,
2026-07-03 08:00:00.000,0.0001,
2026-07-03 16:00:00.000,0.0001,
2026-07-04 00:00:00.000,0.0001,
2026-07-04 08:00:00.000,8.605e-05,
2026-07-04 16:00:00.000,0.0001,
2026-07-05 00:00:00.000,8.702e-05,
2026-07-05 08:00:00.000,-3.494e-05,
2026-07-05 16:00:00.000,-3.048e-05,
2026-07-06 00:00:00.000,0.0001,
2026-07-06 08:00:00.000,3.923e-05,
2026-07-06 16:00:00.000,-6.64e-06,
2026-07-07 00:00:00.000,0.0001,
2026-07-07 08:00:00.000,-5.82e-05,
2026-07-07 16:00:00.000,-3.528e-05,
2026-07-08 00:00:00.000,4.14e-06,
2026-07-08 08:00:00.000,2.353e-05,
2026-07-08 16:00:00.000,3.794e-05,
2026-07-09 00:00:00.000,3.616e-05,
2026-07-09 08:00:00.000,2.779e-05,
2026-07-09 16:00:00.000,-3.038e-05,
2026-07-10 00:00:00.000,0.0001,
2026-07-10 08:00:00.000,0.0001,
2026-07-10 16:00:00.000,7.493e-05,
2026-07-11 00:00:00.000,0.0001,
2026-07-11 08:00:00.000,0.0001,
2026-07-11 16:00:00.000,-4.6e-07,
2026-07-12 00:00:00.000,4.293e-05,
2026-07-12 08:00:00.000,9.13e-06,
2026-07-12 16:00:00.000,0.0001,
2026-07-13 00:00:00.000,2.589e-05,
2026-07-13 08:00:00.000,5.27e-06,
2026-07-13 16:00:00.000,4.099e-05,
2026-07-14 00:00:00.000,-1.227e-05,
2026-07-14 08:00:00.000,2.087e-05,
2026-07-14 16:00:00.000,8.526e-05,
2026-07-15 00:00:00.000,0.0001,
2026-07-15 08:00:00.000,8.211e-05,
2026-07-15 16:00:00.000,6.336e-05,
2026-07-16 00:00:00.000,4.677e-05,
2026-07-16 08:00:00.000,2.078e-05,
2026-07-16 16:00:00.000,9.209e-05,
2026-07-17 00:00:00.000,6.823e-05,
2026-07-17 08:00:00.000,-3.839e-05,
2026-07-17 16:00:00.000,-1.187e-05,
2026-07-18 00:00:00.000,4.541e-05,
2026-07-18 08:00:00.000,6.524e-05,
2026-07-18 16:00:00.000,-8.148e-05,
2026-07-19 00:00:00.000,-0.00011621,
2026-07-19 08:00:00.000,6.899e-05,
2026-07-19 16:00:00.000,1.063e-05,
2026-07-20 00:00:00.000,2.044e-05,
2026-07-20 08:00:00.000,-1.569e-05,
2026-07-20 16:00:00.000,0.0001,
2026-07-21 00:00:00.000,1.28e-05,
2026-07-21 08:00:00.000,6.817e-05,
2026-07-21 16:00:00.000,0.0001,
2026-07-22 00:00:00.000,3.607e-05,
2026-07-22 08:00:00.000,-5.143e-05,
2026-07-22 16:00:00.000,0.0001,
2026-07-23 00:00:00.000,1.463e-05,
2026-07-23 08:00:00.000,-1.962e-05,
2026-07-23 16:00:00.000,-4.129e-05,
2026-07-24 00:00:00.000,-5.806e-05,
2026-07-24 08:00:00.000,6.77e-06,
2026-07-24 16:00:00.000,9.37e-06,
2026-07-25 00:00:00.000,-4.707e-05,
2026-07-25 08:00:00.000,2.597e-05,
2026-07-25 16:00:00.000,2.019e-05,
2026-07-26 00:00:00.000,8.524e-05,
2026-07-26 08:00:00.000,8.653e-05,
2026-07-26 16:00:00.000,9.873e-05,
2026-07-27 00:00:00.000,0.0001,
2026-07-27 08:00:00.000,1.457e-05,
2026-07-27 16:00:00.000,5.899e-05,
2026-07-28 00:00:00.000,4.461e-05,
2026-07-28 08:00:00.000,2.192e-05,
2026-07-28 16:00:00.000,-3.01e-06,
2026-07-29 00:00:00.000,4.284e-05,
2026-07-29 08:00:00.000,5.983e-05,
2026-07-29 16:00:00.000,7.147e-05,
2026-07-30 00:00:00.000,4.695e-05,
2026-07-30 08:00:00.000,5.654e-05,
2026-07-30 16:00:00.000,5.61e-06,
2026-07-31 00:00:00.000,0.0001,
2026-07-31 08:00:00.000,-7.559e-05,
2026-07-31 16:00:00.000,-3.02e-05,
2026-08-01 00:00:00.000,-2.539e-05,
2026-08-01 08:00:00.000,-7.603e-05,
2026-08-01 16:00:00.000,5.032e-05,
2026-08-02 00:00:00.000,4.246e-05,
2026-08-02 08:00:00.000,8.473e-05,
2026-08-02 16:00:00.000,6.601e-05,
2026-08-03 00:00:00.000,0.0001,
2026-08-03 08:00:00.000,-4.601e-05,
2026-08-03 16:00:00.000,3.728e-05,
2026-08-04 00:00:00.000,0.0001,
2026-08-04 08:00:00.000,0.0001,
2026-08-04 16:00:00.000,8.355e-05,
2026-08-05 00:00:00.000,7.907e-05,
2026-08-05 08:00:00.000,-3.059e-05,
2026-08-05 16:00:00.000,0.0001,
2026-08-06 00:00:00.000,0.0001,
2026-08-06 08:00:00.000,-1.917e-05,
2026-08-06 16:00:00.000,-3.484e-05,
2026-08-07 00:00:00.000,-5.37e-06,
2026-08-07 08:00:00.000,0.0001,
2026-08-07 16:00:00.000,0.0001,
2026-08-08 00:00:00.000,2.1e-05,
2026-08-08 08:00:00.000,2.643e-05,
2026-08-08 16:00:00.000,5.761e-05,
2026-08-09 00:00:00.000,0.0001,
2026-08-09 08:00:00.000,5.984e-05,
2026-08-09 16:00:00.000,0.0001,
2026-08-10 00:00:00.000,0.0001,
2026-08-10 08:00:00.000,4.847e-05,
2026-08-10 16:00:00.000,4.856e-05,
2026-08-11 00:00:00.000,8.631e-05,
2026-08-11 08:00:00.000,0.0001,
2026-08-11 16:00:00.000,0.0001,
2026-08-12 00:00:00.000,0.0001,
2026-08-12 08:00:00.000,1.308e-05,
2026-08-12 16:00:00.000,5.669e-05,
2026-08-13 00:00:00.000,-0.00013232,
2026-08-13 08:00:00.000,1.984e-05,
2026-08-13 16:00:00.000,6.443e-05,
2026-08-14 00:00:00.000,7.298e-05,
2026-08-14 08:00:00.000,-1.251e-05,
2026-08-14 16:00:00.000,0.0001,
2026-08-15 00:00:00.000,3.1e-05,
2026-08-15 08:00:00.000,2.334e-05,
2026-08-15 16:00:00.000,-3.268e-05,
2026-08-16 00:00:00.000,-1.461e-05,
2026-08-16 08:00:00.000,-3.167e-05,
2026-08-16 16:00:00.000,7.297e-05,
2026-08-17 00:00:00.000,6.017e-05,
2026-08-17 08:00:00.000,9.946e-05,
2026-08-17 16:00:00.000,9.45e-06,
2026-08-18 00:00:00.000,9.522e-05,
2026-08-18 08:00:00.000,-0.00013245,
2026-08-18 16:00:00.000,0.0001,
2026-08-19 00:00:00.000,4.681e-05,
2026-08-19 08:00:00.000,6.763e-05,
2026-08-19 16:00:00.000,0.0001,
2026-08-20 00:00:00.000,0.0001,
2026-08-20 08:00:00.000,0.0001,
2026-08-20 16:00:00.000,0.0001,
2026-08-21 00:00:00.000,0.0001,
2026-08-21 08:00:00.000,0.0001,
2026-08-21 16:00:00.000,0.0001,
2026-08-22 00:00:00.000,0.0001,
2026-08-22 08:00:00.000,0.0001,
2026-08-22 16:00:00.000,0.0001,
