funding_time,funding_rate,mark_price
2021-05-13 16:00:00.000,0.0001,
2021-05-14 00:00:00.000,0.0001,
2021-05-14 08:00:00.000,0.0001,
2021-05-14 16:00:00.000,0.0001,
2021-05-15 00:00:00.000,0.00023757,
2021-05-15 08:00:00.000,0.0001,
2021-05-15 16:00:00.000,0.00020199,
2021-05-16 00:00:00.000,0.00061419,
2021-05-16 08:00:00.000,0.00062049,
2021-05-16 16:00:00.000,0.00090232,
2021-05-17 00:00:00.000,0.0010437,
2021-05-17 08:00:00.000,0.00049107,
2021-05-17 16:00:00.000,0.00022636,
2021-05-18 00:00:00.000,0.00040695,
2021-05-18 08:00:00.000,0.00055069,
2021-05-18 16:00:00.000,0.00062297,
2021-05-19 00:00:00.000,0.00098234,
2021-05-19 08:00:00.000,0.00086262,
2021-05-19 16:00:00.000,0.00026522,
2021-05-20 00:00:00.000,-0.00375,
2021-05-20 08:00:00.000,-0.00052405,
2021-05-20 16:00:00.000,-0.00011322,
2021-05-21 00:00:00.000,0.0001,
2021-05-21 08:00:00.000,0.0001,
2021-05-21 16:00:00.000,0.00014751,
2021-05-22 00:00:00.000,0.0001,
2021-05-22 08:00:00.000,0.0003272,
2021-05-22 16:00:00.000,0.0001,
2021-05-23 00:00:00.000,0.0001,
2021-05-23 08:00:00.000,0.0001,
2021-05-23 16:00:00.000,0.0001,
2021-05-24 00:00:00.000,-4.551e-05,
2021-05-24 08:00:00.000,-0.00014778,
2021-05-24 16:00:00.000,0.0001,
2021-05-25 00:00:00.000,0.0001,
2021-05-25 08:00:00.000,0.0001,
2021-05-25 16:00:00.000,0.0001,
2021-05-26 00:00:00.000,0.0001,
2021-05-26 08:00:00.000,0.0001,
2021-05-26 16:00:00.000,0.0001,
2021-05-27 00:00:00.000,0.00013006,
2021-05-27 08:00:00.000,0.0001,
2021-05-27 16:00:00.000,0.0001,
2021-05-28 00:00:00.000,0.0001,
2021-05-28 08:00:00.000,0.00010314,
2021-05-28 16:00:00.000,0.0001,
2021-05-29 00:00:00.000,-6.17e-05,
2021-05-29 08:00:00.000,0.0001,
2021-05-29 16:00:00.000,0.00032268,
2021-05-30 00:00:00.000,0.0001,
2021-05-30 08:00:00.000,0.0001,
2021-05-30 16:00:00.000,6.279e-05,
2021-05-31 00:00:00.000,0.0001,
2021-05-31 08:00:00.000,0.0001,
2021-05-31 16:00:00.000,0.0001,
2021-06-01 00:00:00.000,0.0001,
2021-06-01 08:00:00.000,0.0001,
2021-06-01 16:00:00.000,0.0001,
2021-06-02 00:00:00.000,0.0001,
2021-06-02 08:00:00.000,0.0001,
2021-06-02 16:00:00.000,0.0001,
2021-06-03 00:00:00.000,0.0001,
2021-06-03 08:00:00.000,0.0001,
2021-06-03 16:00:00.000,0.00012453,
2021-06-04 00:00:00.000,0.00041636,
2021-06-04 08:00:00.000,0.00017471,
2021-06-04 16:00:00.000,0.0001,
2021-06-05 00:00:00.000,0.0001,
2021-06-05 08:00:00.000,0.0001,
2021-06-05 16:00:00.000,0.0001,
2021-06-06 00:00:00.000,0.0001,
2021-06-06 08:00:00.000,0.0001,
2021-06-06 16:00:00.000,0.0001,
2021-06-07 00:00:00.000,0.0001,
2021-06-07 08:00:00.000,0.0001,
2021-06-07 16:00:00.000,0.0001,
2021-06-08 00:00:00.000,0.0001,
2021-06-08 08:00:00.000,0.0001,
2021-06-08 16:00:00.000,-0.00011371,
2021-06-09 00:00:00.000,0.0001,
2021-06-09 08:00:00.000,0.0001,
2021-06-09 16:00:00.000,-2.758e-05,
2021-06-10 00:00:00.000,0.0001,
2021-06-10 08:00:00.000,0.0001,
2021-06-10 16:00:00.000,0.00010906,
2021-06-11 00:00:00.000,0.0001,
2021-06-11 08:00:00.000,0.0001,
2021-06-11 16:00:00.000,0.0001,
2021-06-12 00:00:00.000,0.0001,
2021-06-12 08:00:00.000,0.0001,
2021-06-12 16:00:00.000,0.0001,
2021-06-13 00:00:00.000,0.0001,
2021-06-13 08:00:00.000,0.0001,
2021-06-13 16:00:00.000,0.0001,
2021-06-14 00:00:00.000,0.0001,
2021-06-14 08:00:00.000,0.0001,
2021-06-14 16:00:00.000,0.0001,
2021-06-15 00:00:00.000,0.0001,
2021-06-15 08:00:00.000,0.0001,
2021-06-15 16:00:00.000,0.0001,
2021-06-16 00:00:00.000,0.0001,
2021-06-16 08:00:00.000,0.0001,
2021-06-16 16:00:00.000,0.0001,
2021-06-17 00:00:00.000,0.0001,
2021-06-17 08:00:00.000,0.0001,
2021-06-17 16:00:00.000,0.0001,
2021-06-18 00:00:00.000,0.0001,
2021-06-18 08:00:00.000,0.0001,
2021-06-18 16:00:00.000,0.0001,
2021-06-19 00:00:00.000,0.0001,
2021-06-19 08:00:00.000,0.0001,
2021-06-19 16:00:00.000,0.0001,
2021-06-20 00:00:00.000,0.0001,
2021-06-20 08:00:00.000,0.00010199,
2021-06-20 16:00:00.000,1.25e-05,
2021-06-21 00:00:00.000,0.0001,
2021-06-21 08:00:00.000,0.0001,
2021-06-21 16:00:00.000,0.0001,
2021-06-22 00:00:00.000,0.0001,
2021-06-22 08:00:00.000,0.0001,
2021-06-22 16:00:00.000,-0.00037695,
2021-06-23 00:00:00.000,-0.00040065,
2021-06-23 08:00:00.000,-0.00027501,
2021-06-23 16:00:00.000,-0.0003464,
2021-06-24 00:00:00.000,-8.692e-05,
2021-06-24 08:00:00.000,-0.00037198,
2021-06-24 16:00:00.000,-0.00014509,
2021-06-25 00:00:00.000,0.0001,
2021-06-25 08:00:00.000,0.0001,
2021-06-25 16:00:00.000,0.0001,
2021-06-26 00:00:00.000,1.405e-05,
2021-06-26 08:00:00.000,9.683e-05,
2021-06-26 16:00:00.000,9.444e-05,
2021-06-27 00:00:00.000,-0.00039627,
2021-06-27 08:00:00.000,-0.00020532,
2021-06-27 16:00:00.000,-7.443e-05,
2021-06-28 00:00:00.000,0.0001,
2021-06-28 08:00:00.000,0.0001,
2021-06-28 16:00:00.000,0.0001,
2021-06-29 00:00:00.000,0.0001,
2021-06-29 08:00:00.000,0.0001,
2021-06-29 16:00:00.000,0.0001,
2021-06-30 00:00:00.000,0.0001,
2021-06-30 08:00:00.000,0.0001,
2021-06-30 16:00:00.000,0.0001,
2021-07-01 00:00:00.000,0.0001,
2021-07-01 08:00:00.000,0.0001,
2021-07-01 16:00:00.000,0.0001,
2021-07-02 00:00:00.000,0.0001,
2021-07-02 08:00:00.000,0.0001,
2021-07-02 16:00:00.000,0.0001,
2021-07-03 00:00:00.000,0.0001,
2021-07-03 08:00:00.000,0.0001,
2021-07-03 16:00:00.000,4.131e-05,
2021-07-04 00:00:00.000,0.0001,
2021-07-04 08:00:00.000,3.16e-05,
2021-07-04 16:00:00.000,0.0001,
2021-07-05 00:00:00.000,0.0001,
2021-07-05 08:00:00.000,0.0001,
2021-07-05 16:00:00.000,0.0001,
2021-07-06 00:00:00.000,0.0001,
2021-07-06 08:00:00.000,0.0001,
2021-07-06 16:00:00.000,-1.216e-05,
2021-07-07 00:00:00.000,8.832e-05,
2021-07-07 08:00:00.000,0.0001,
2021-07-07 16:00:00.000,0.0001,
2021-07-08 00:00:00.000,0.0001,
2021-07-08 08:00:00.000,0.0001,
2021-07-08 16:00:00.000,0.0001,
2021-07-09 00:00:00.000,8.66e-05,
2021-07-09 08:00:00.000,0.0001,
2021-07-09 16:00:00.000,2.17e-06,
2021-07-10 00:00:00.000,7.767e-05,
2021-07-10 08:00:00.000,0.0001,
2021-07-10 16:00:00.000,0.0001,
2021-07-11 00:00:00.000,0.0001,
2021-07-11 08:00:00.000,0.0001,
2021-07-11 16:00:00.000,0.0001,
2021-07-12 00:00:00.000,0.0001,
2021-07-12 08:00:00.000,0.0001,
2021-07-12 16:00:00.000,3.972e-05,
2021-07-13 00:00:00.000,0.0001,
2021-07-13 08:00:00.000,0.0001,
2021-07-13 16:00:00.000,0.0001,
2021-07-14 00:00:00.000,0.0001,
2021-07-14 08:00:00.000,0.0001,
2021-07-14 16:00:00.000,0.0001,
2021-07-15 00:00:00.000,-1.679e-05,
2021-07-15 08:00:00.000,0.0001,
2021-07-15 16:00:00.000,0.0001,
2021-07-16 00:00:00.000,0.0001,
2021-07-16 08:00:00.000,0.0001,
2021-07-16 16:00:00.000,0.0001,
2021-07-17 00:00:00.000,0.0001,
2021-07-17 08:00:00.000,0.0001,
2021-07-17 16:00:00.000,0.0001,
2021-07-18 00:00:00.000,0.0001,
2021-07-18 08:00:00.000,0.0001,
2021-07-18 16:00:00.000,0.0001,
2021-07-19 00:00:00.000,0.0001,
2021-07-19 08:00:00.000,0.0001,
2021-07-19 16:00:00.000,0.0001,
2021-07-20 00:00:00.000,0.0001,
2021-07-20 08:00:00.000,0.0001,
2021-07-20 16:00:00.000,6.631e-05,
2021-07-21 00:00:00.000,-7.676e-05,
2021-07-21 08:00:00.000,-6.464e-05,
2021-07-21 16:00:00.000,-0.0003949,
2021-07-22 00:00:00.000,-0.00045261,
2021-07-22 08:00:00.000,-0.000106,
2021-07-22 16:00:00.000,0.0001,
2021-07-23 00:00:00.000,0.0001,
2021-07-23 08:00:00.000,0.0001,
2021-07-23 16:00:00.000,0.0001,
2021-07-24 00:00:00.000,0.0001,
2021-07-24 08:00:00.000,0.0001,
2021-07-24 16:00:00.000,0.0001,
2021-07-25 00:00:00.000,0.0001,
2021-07-25 08:00:00.000,0.0001,
2021-07-25 16:00:00.000,0.0001,
2021-07-26 00:00:00.000,0.0001,
2021-07-26 08:00:00.000,0.0001,
2021-07-26 16:00:00.000,0.0001,
2021-07-27 00:00:00.000,0.00010563,
2021-07-27 08:00:00.000,0.0001,
2021-07-27 16:00:00.000,0.0001,
2021-07-28 00:00:00.000,0.0001,
2021-07-28 08:00:00.000,0.0001,
2021-07-28 16:00:00.000,0.0001,
2021-07-29 00:00:00.000,0.0001,
2021-07-29 08:00:00.000,0.0001,
2021-07-29 16:00:00.000,0.0001,
2021-07-30 00:00:00.000,0.0001,
2021-07-30 08:00:00.000,0.0001,
2021-07-30 16:00:00.000,0.0001,
2021-07-31 00:00:00.000,0.0001,
2021-07-31 08:00:00.000,0.0001,
2021-07-31 16:00:00.000,0.0001,
2021-08-01 00:00:00.000,0.0001,
2021-08-01 08:00:00.000,0.0001,
2021-08-01 16:00:00.000,0.0001,
2021-08-02 00:00:00.000,0.00010225,
2021-08-02 08:00:00.000,0.0001,
2021-08-02 16:00:00.000,0.0001,
2021-08-03 00:00:00.000,0.0001,
2021-08-03 08:00:00.000,0.0001,
2021-08-03 16:00:00.000,0.0001,
2021-08-04 00:00:00.000,0.00028601,
2021-08-04 08:00:00.000,0.0001,
2021-08-04 16:00:00.000,0.0001,
2021-08-05 00:00:00.000,0.0001,
2021-08-05 08:00:00.000,0.0001,
2021-08-05 16:00:00.000,0.0001,
2021-08-06 00:00:00.000,0.0001,
2021-08-06 08:00:00.000,0.0001,
2021-08-06 16:00:00.000,0.0001,
2021-08-07 00:00:00.000,0.00012487,
2021-08-07 08:00:00.000,0.0001,
2021-08-07 16:00:00.000,0.00011199,
2021-08-08 00:00:00.000,0.00013997,
2021-08-08 08:00:00.000,0.0001,
2021-08-08 16:00:00.000,0.00020713,
2021-08-09 00:00:00.000,0.0007589,
2021-08-09 08:00:00.000,0.00052872,
2021-08-09 16:00:00.000,0.00042771,
2021-08-10 00:00:00.000,0.00018681,
2021-08-10 08:00:00.000,0.0001,
2021-08-10 16:00:00.000,0.0002034,
2021-08-11 00:00:00.000,0.00032781,
2021-08-11 08:00:00.000,0.00055263,
2021-08-11 16:00:00.000,0.00023501,
2021-08-12 00:00:00.000,0.00048667,
2021-08-12 08:00:00.000,0.00133408,
2021-08-12 16:00:00.000,0.00095389,
2021-08-13 00:00:00.000,0.00053989,
2021-08-13 08:00:00.000,0.00018654,
2021-08-13 16:00:00.000,0.00025419,
2021-08-14 00:00:00.000,0.00064544,
2021-08-14 08:00:00.000,0.0003826,
2021-08-14 16:00:00.000,0.00079296,
2021-08-15 00:00:00.000,0.00101123,
2021-08-15 08:00:00.000,0.00097825,
2021-08-15 16:00:00.000,0.00094426,
2021-08-16 00:00:00.000,0.00060594,
2021-08-16 08:00:00.000,0.00073619,
2021-08-16 16:00:00.000,0.00099662,
2021-08-17 00:00:00.000,0.00145238,
2021-08-17 08:00:00.000,0.00074514,
2021-08-17 16:00:00.000,0.00022293,
2021-08-18 00:00:00.000,0.00043644,
2021-08-18 08:00:00.000,0.00062645,
2021-08-18 16:00:00.000,0.00023587,
2021-08-19 00:00:00.000,0.00022439,
2021-08-19 08:00:00.000,0.00010324,
2021-08-19 16:00:00.000,0.00052992,
2021-08-20 00:00:00.000,0.00054613,
2021-08-20 08:00:00.000,0.00021465,
2021-08-20 16:00:00.000,0.00052185,
2021-08-21 00:00:00.000,0.00081181,
2021-08-21 08:00:00.000,0.00083766,
2021-08-21 16:00:00.000,0.00112384,
2021-08-22 00:00:00.000,0.00114396,
2021-08-22 08:00:00.000,0.00076515,
2021-08-22 16:00:00.000,0.00069908,
2021-08-23 00:00:00.000,0.00093369,
2021-08-23 08:00:00.000,0.00063936,
2021-08-23 16:00:00.000,0.00077748,
2021-08-24 00:00:00.000,0.00096945,
2021-08-24 08:00:00.000,0.00093719,
2021-08-24 16:00:00.000,0.0009416,
2021-08-25 00:00:00.000,0.00119192,
2021-08-25 08:00:00.000,0.0006183,
2021-08-25 16:00:00.000,0.00037508,
2021-08-26 00:00:00.000,0.00018537,
2021-08-26 08:00:00.000,0.00019749,
2021-08-26 16:00:00.000,0.00031536,
2021-08-27 00:00:00.000,0.00055796,
2021-08-27 08:00:00.000,0.00052536,
2021-08-27 16:00:00.000,0.00020248,
2021-08-28 00:00:00.000,0.00015203,
2021-08-28 08:00:00.000,0.00018552,
2021-08-28 16:00:00.000,0.00067175,
2021-08-29 00:00:00.000,0.0006088,
2021-08-29 08:00:00.000,0.00049104,
2021-08-29 16:00:00.000,0.00045146,
2021-08-30 00:00:00.000,0.00045235,
2021-08-30 08:00:00.000,0.00029808,
2021-08-30 16:00:00.000,0.00069504,
2021-08-31 00:00:00.000,0.0011689,
2021-08-31 08:00:00.000,0.00105231,
2021-08-31 16:00:00.000,0.00072891,
2021-09-01 00:00:00.000,0.00038038,
2021-09-01 08:00:00.000,0.00035093,
2021-09-01 16:00:00.000,0.00045606,
2021-09-02 00:00:00.000,0.00040099,
2021-09-02 08:00:00.000,0.0002876,
2021-09-02 16:00:00.000,0.00066794,
2021-09-03 00:00:00.000,0.00128045,
2021-09-03 08:00:00.000,0.0016065,
2021-09-03 16:00:00.000,0.00118519,
2021-09-04 00:00:00.000,0.00088964,
2021-09-04 08:00:00.000,0.00105619,
2021-09-04 16:00:00.000,0.00139465,
2021-09-05 00:00:00.000,0.001503,
2021-09-05 08:00:00.000,0.00148519,
2021-09-05 16:00:00.000,0.00142595,
2021-09-06 00:00:00.000,0.00121172,
2021-09-06 08:00:00.000,0.00108302,
2021-09-06 16:00:00.000,0.00117166,
2021-09-07 00:00:00.000,0.0011632,
2021-09-07 08:00:00.000,0.00068151,
2021-09-07 16:00:00.000,0.00097955,
2021-09-08 00:00:00.000,0.000249,
2021-09-08 08:00:00.000,0.0001,
2021-09-08 16:00:00.000,0.0001,
2021-09-09 00:00:00.000,0.0001,
2021-09-09 08:00:00.000,0.0001,
2021-09-09 16:00:00.000,0.0001,
2021-09-10 00:00:00.000,0.0001,
2021-09-10 08:00:00.000,0.00011505,
2021-09-10 16:00:00.000,0.00011214,
2021-09-11 00:00:00.000,0.00045929,
2021-09-11 08:00:00.000,0.00013748,
2021-09-11 16:00:00.000,0.0001,
2021-09-12 00:00:00.000,0.0001,
2021-09-12 08:00:00.000,0.0001,
2021-09-12 16:00:00.000,0.0001,
2021-09-13 00:00:00.000,0.0001,
2021-09-13 08:00:00.000,-0.00022059,
2021-09-13 16:00:00.000,0.0001,
2021-09-14 00:00:00.000,0.00039448,
2021-09-14 08:00:00.000,0.00017339,
2021-09-14 16:00:00.000,0.0001,
2021-09-15 00:00:00.000,0.0001,
2021-09-15 08:00:00.000,0.0001,
2021-09-15 16:00:00.000,0.0001,
2021-09-16 00:00:00.000,0.0001,
2021-09-16 08:00:00.000,0.0001,
2021-09-16 16:00:00.000,0.0001,
2021-09-17 00:00:00.000,0.00016577,
2021-09-17 08:00:00.000,0.00044109,
2021-09-17 16:00:00.000,0.00053554,
2021-09-18 00:00:00.000,0.00049216,
2021-09-18 08:00:00.000,0.00047515,
2021-09-18 16:00:00.000,0.00038988,
2021-09-19 00:00:00.000,0.00020633,
2021-09-19 08:00:00.000,0.00022755,
2021-09-19 16:00:00.000,0.00026499,
2021-09-20 00:00:00.000,0.0001,
2021-09-20 08:00:00.000,0.0001,
2021-09-20 16:00:00.000,0.0001,
2021-09-21 00:00:00.000,-0.00012799,
2021-09-21 08:00:00.000,-0.00015375,
2021-09-21 16:00:00.000,0.0001,
2021-09-22 00:00:00.000,6.626e-05,
2021-09-22 08:00:00.000,0.0001,
2021-09-22 16:00:00.000,0.0001,
2021-09-23 00:00:00.000,-0.00011154,
2021-09-23 08:00:00.000,-0.00044385,
2021-09-23 16:00:00.000,0.0001,
2021-09-24 00:00:00.000,0.0001,
2021-09-24 08:00:00.000,0.0001,
2021-09-24 16:00:00.000,0.0001,
2021-09-25 00:00:00.000,0.0001,
2021-09-25 08:00:00.000,0.0001,
2021-09-25 16:00:00.000,0.0001,
2021-09-26 00:00:00.000,0.0001,
2021-09-26 08:00:00.000,0.0001,
2021-09-26 16:00:00.000,0.0001,
2021-09-27 00:00:00.000,0.0001,
2021-09-27 08:00:00.000,0.0001,
2021-09-27 16:00:00.000,0.0001,
2021-09-28 00:00:00.000,0.0001,
2021-09-28 08:00:00.000,0.0001,
2021-09-28 16:00:00.000,0.0001,
2021-09-29 00:00:00.000,0.0001,
2021-09-29 08:00:00.000,0.00020986,
2021-09-29 16:00:00.000,0.0001,
2021-09-30 00:00:00.000,0.0001,
2021-09-30 08:00:00.000,0.0001,
2021-09-30 16:00:00.000,0.0001,
2021-10-01 00:00:00.000,0.0001,
2021-10-01 08:00:00.000,0.0001,
2021-10-01 16:00:00.000,8.675e-05,
2021-10-02 00:00:00.000,0.0001,
2021-10-02 08:00:00.000,0.0001,
2021-10-02 16:00:00.000,0.0001,
2021-10-03 00:00:00.000,0.00012685,
2021-10-03 08:00:00.000,0.0001,
2021-10-03 16:00:00.000,0.0001,
2021-10-04 00:00:00.000,0.0001,
2021-10-04 08:00:00.000,0.00012658,
2021-10-04 16:00:00.000,0.00034834,
2021-10-05 00:00:00.000,0.00013892,
2021-10-05 08:00:00.000,0.0001,
2021-10-05 16:00:00.000,0.00020081,
2021-10-06 00:00:00.000,0.0002664,
2021-10-06 08:00:00.000,0.00029373,
2021-10-06 16:00:00.000,0.00049482,
2021-10-07 00:00:00.000,0.00049367,
2021-10-07 08:00:00.000,0.00094031,
2021-10-07 16:00:00.000,0.00065385,
2021-10-08 00:00:00.000,0.000626,
2021-10-08 08:00:00.000,0.00074265,
2021-10-08 16:00:00.000,0.00073956,
2021-10-09 00:00:00.000,0.00093745,
2021-10-09 08:00:00.000,0.00096397,
2021-10-09 16:00:00.000,0.00065665,
2021-10-10 00:00:00.000,0.00029763,
2021-10-10 08:00:00.000,0.00047633,
2021-10-10 16:00:00.000,0.00039497,
2021-10-11 00:00:00.000,0.0004348,
2021-10-11 08:00:00.000,0.00041252,
2021-10-11 16:00:00.000,0.00062832,
2021-10-12 00:00:00.000,0.0007515,
2021-10-12 08:00:00.000,0.00092074,
2021-10-12 16:00:00.000,0.00043681,
2021-10-13 00:00:00.000,0.0001,
2021-10-13 08:00:00.000,0.00026855,
2021-10-13 16:00:00.000,0.00036733,
2021-10-14 00:00:00.000,0.00044542,
2021-10-14 08:00:00.000,0.00031161,
2021-10-14 16:00:00.000,0.00034361,
2021-10-15 00:00:00.000,0.00067828,
2021-10-15 08:00:00.000,0.00078283,
2021-10-15 16:00:00.000,0.00084051,
2021-10-16 00:00:00.000,0.00098806,
2021-10-16 08:00:00.000,0.00125724,
2021-10-16 16:00:00.000,0.00129924,
2021-10-17 00:00:00.000,0.00109474,
2021-10-17 08:00:00.000,0.00079147,
2021-10-17 16:00:00.000,0.00103779,
2021-10-18 00:00:00.000,0.0011798,
2021-10-18 08:00:00.000,0.00077528,
2021-10-18 16:00:00.000,0.00036182,
2021-10-19 00:00:00.000,0.00037282,
2021-10-19 08:00:00.000,0.00038784,
2021-10-19 16:00:00.000,0.00046402,
2021-10-20 00:00:00.000,0.00064243,
2021-10-20 08:00:00.000,0.00059845,
2021-10-20 16:00:00.000,0.00077683,
2021-10-21 00:00:00.000,0.00101474,
2021-10-21 08:00:00.000,0.00131334,
2021-10-21 16:00:00.000,0.00157384,
2021-10-22 00:00:00.000,0.00184819,
2021-10-22 08:00:00.000,0.00145478,
2021-10-22 16:00:00.000,0.00106617,
2021-10-23 00:00:00.000,0.00094259,
2021-10-23 08:00:00.000,0.00116578,
2021-10-23 16:00:00.000,0.00118245,
2021-10-24 00:00:00.000,0.00080141,
2021-10-24 08:00:00.000,0.00097255,
2021-10-24 16:00:00.000,0.00135756,
2021-10-25 00:00:00.000,0.00129781,
2021-10-25 08:00:00.000,0.00083165,
2021-10-25 16:00:00.000,0.00055135,
2021-10-26 00:00:00.000,0.00093895,
2021-10-26 08:00:00.000,0.00122194,
2021-10-26 16:00:00.000,0.0013622,
2021-10-27 00:00:00.000,0.00134104,
2021-10-27 08:00:00.000,0.00092147,
2021-10-27 16:00:00.000,0.00089715,
2021-10-28 00:00:00.000,0.0001,
2021-10-28 08:00:00.000,0.0001,
2021-10-28 16:00:00.000,0.0001,
2021-10-29 00:00:00.000,0.0001,
2021-10-29 08:00:00.000,0.0001,
2021-10-29 16:00:00.000,0.00025317,
2021-10-30 00:00:00.000,0.00043918,
2021-10-30 08:00:00.000,0.00048522,
2021-10-30 16:00:00.000,0.0004266,
2021-10-31 00:00:00.000,0.00024453,
2021-10-31 08:00:00.000,0.00027199,
2021-10-31 16:00:00.000,0.0005515,
2021-11-01 00:00:00.000,0.0002979,
2021-11-01 08:00:00.000,0.0001,
2021-11-01 16:00:00.000,0.00055383,
2021-11-02 00:00:00.000,0.00095067,
2021-11-02 08:00:00.000,0.0008621,
2021-11-02 16:00:00.000,0.00094368,
2021-11-03 00:00:00.000,0.00094274,
2021-11-03 08:00:00.000,0.00074279,
2021-11-03 16:00:00.000,0.00071089,
2021-11-04 00:00:00.000,0.0006609,
2021-11-04 08:00:00.000,0.00034194,
2021-11-04 16:00:00.000,0.00071866,
2021-11-05 00:00:00.000,0.000907,
2021-11-05 08:00:00.000,0.00093513,
2021-11-05 16:00:00.000,0.00097568,
2021-11-06 00:00:00.000,0.00139918,
2021-11-06 08:00:00.000,0.00131808,
2021-11-06 16:00:00.000,0.00124712,
2021-11-07 00:00:00.000,0.00067056,
2021-11-07 08:00:00.000,0.00044447,
2021-11-07 16:00:00.000,0.00057667,
2021-11-08 00:00:00.000,0.00058351,
2021-11-08 08:00:00.000,0.00082091,
2021-11-08 16:00:00.000,0.00113759,
2021-11-09 00:00:00.000,0.0016796,
2021-11-09 08:00:00.000,0.00126342,
2021-11-09 16:00:00.000,0.00164956,
2021-11-10 00:00:00.000,0.00148662,
2021-11-10 08:00:00.000,0.00121112,
2021-11-10 16:00:00.000,0.00080561,
2021-11-11 00:00:00.000,0.00070654,
2021-11-11 08:00:00.000,0.00018603,
2021-11-11 16:00:00.000,0.0001,
2021-11-12 00:00:00.000,0.0001,
2021-11-12 08:00:00.000,0.0001,
2021-11-12 16:00:00.000,0.00011577,
2021-11-13 00:00:00.000,0.0001,
2021-11-13 08:00:00.000,0.00010158,
2021-11-13 16:00:00.000,0.00023267,
2021-11-14 00:00:00.000,0.00023157,
2021-11-14 08:00:00.000,0.000151,
2021-11-14 16:00:00.000,0.00041588,
2021-11-15 00:00:00.000,0.00018437,
2021-11-15 08:00:00.000,0.00015065,
2021-11-15 16:00:00.000,0.00022355,
2021-11-16 00:00:00.000,0.00030969,
2021-11-16 08:00:00.000,0.00016985,
2021-11-16 16:00:00.000,0.0001,
2021-11-17 00:00:00.000,0.0001,
2021-11-17 08:00:00.000,0.0001,
2021-11-17 16:00:00.000,0.0001,
2021-11-18 00:00:00.000,0.0001,
2021-11-18 08:00:00.000,0.0001,
2021-11-18 16:00:00.000,0.0001,
2021-11-19 00:00:00.000,0.0001,
2021-11-19 08:00:00.000,0.0001,
2021-11-19 16:00:00.000,0.0001,
2021-11-20 00:00:00.000,0.0001,
2021-11-20 08:00:00.000,0.00011576,
2021-11-20 16:00:00.000,0.0001,
2021-11-21 00:00:00.000,0.00021963,
2021-11-21 08:00:00.000,0.0003154,
2021-11-21 16:00:00.000,0.00045615,
2021-11-22 00:00:00.000,0.00038959,
2021-11-22 08:00:00.000,0.00032291,
2021-11-22 16:00:00.000,0.0002168,
2021-11-23 00:00:00.000,0.00025314,
2021-11-23 08:00:00.000,0.00025138,
2021-11-23 16:00:00.000,0.0001,
2021-11-24 00:00:00.000,0.00018168,
2021-11-24 08:00:00.000,0.00024983,
2021-11-24 16:00:00.000,0.0004761,
2021-11-25 00:00:00.000,0.00044556,
2021-11-25 08:00:00.000,0.00051517,
2021-11-25 16:00:00.000,0.00066347,
2021-11-26 00:00:00.000,0.00059246,
2021-11-26 08:00:00.000,0.00077648,
2021-11-26 16:00:00.000,0.0005286,
2021-11-27 00:00:00.000,0.0001,
2021-11-27 08:00:00.000,0.0001,
2021-11-27 16:00:00.000,0.0001,
2021-11-28 00:00:00.000,0.0001,
2021-11-28 08:00:00.000,0.0001,
2021-11-28 16:00:00.000,0.0001,
2021-11-29 00:00:00.000,0.0001,
2021-11-29 08:00:00.000,0.0001,
2021-11-29 16:00:00.000,0.0001,
2021-11-30 00:00:00.000,0.0001,
2021-11-30 08:00:00.000,0.0001,
2021-11-30 16:00:00.000,0.0001,
2021-12-01 00:00:00.000,0.0001,
2021-12-01 08:00:00.000,0.0001,
2021-12-01 16:00:00.000,0.0001,
2021-12-02 00:00:00.000,0.0001,
2021-12-02 08:00:00.000,0.0001,
2021-12-02 16:00:00.000,0.0001,
2021-12-03 00:00:00.000,0.0001,
2021-12-03 08:00:00.000,0.0001,
2021-12-03 16:00:00.000,0.0001,
2021-12-04 00:00:00.000,0.0001,
2021-12-04 08:00:00.000,0.0001,
2021-12-04 16:00:00.000,-0.00103323,
2021-12-05 00:00:00.000,-0.00050144,
2021-12-05 08:00:00.000,-1.99e-06,
2021-12-05 16:00:00.000,0.0001,
2021-12-06 00:00:00.000,0.0001,
2021-12-06 08:00:00.000,0.0001,
2021-12-06 16:00:00.000,5.668e-05,
2021-12-07 00:00:00.000,0.0001,
2021-12-07 08:00:00.000,9.07e-05,
2021-12-07 16:00:00.000,0.0001,
2021-12-08 00:00:00.000,0.0001,
2021-12-08 08:00:00.000,0.0001,
2021-12-08 16:00:00.000,0.0001,
2021-12-09 00:00:00.000,0.0001,
2021-12-09 08:00:00.000,0.0001,
2021-12-09 16:00:00.000,0.0001,
2021-12-10 00:00:00.000,0.0001,
2021-12-10 08:00:00.000,0.0001,
2021-12-10 16:00:00.000,0.0001,
2021-12-11 00:00:00.000,0.0001,
2021-12-11 08:00:00.000,0.0001,
2021-12-11 16:00:00.000,-7.482e-05,
2021-12-12 00:00:00.000,5.12e-06,
2021-12-12 08:00:00.000,-1.535e-05,
2021-12-12 16:00:00.000,0.0001,
2021-12-13 00:00:00.000,0.0001,
2021-12-13 08:00:00.000,0.0001,
2021-12-13 16:00:00.000,0.0001,
2021-12-14 00:00:00.000,0.0001,
2021-12-14 08:00:00.000,0.0001,
2021-12-14 16:00:00.000,2.367e-05,
2021-12-15 00:00:00.000,0.0001,
2021-12-15 08:00:00.000,0.0001,
2021-12-15 16:00:00.000,0.0001,
2021-12-16 00:00:00.000,0.0001,
2021-12-16 08:00:00.000,0.0001,
2021-12-16 16:00:00.000,0.0001,
2021-12-17 00:00:00.000,0.0001,
2021-12-17 08:00:00.000,0.0001,
2021-12-17 16:00:00.000,0.0001,
2021-12-18 00:00:00.000,0.0001,
2021-12-18 08:00:00.000,0.0001,
2021-12-18 16:00:00.000,0.0001,
2021-12-19 00:00:00.000,0.0001,
2021-12-19 08:00:00.000,0.0001,
2021-12-19 16:00:00.000,0.0001,
2021-12-20 00:00:00.000,0.0001,
2021-12-20 08:00:00.000,0.0001,
2021-12-20 16:00:00.000,-0.00012877,
2021-12-21 00:00:00.000,0.0001,
2021-12-21 08:00:00.000,-5.433e-05,
2021-12-21 16:00:00.000,-2.65e-06,
2021-12-22 00:00:00.000,6.06e-06,
2021-12-22 08:00:00.000,-6.487e-05,
2021-12-22 16:00:00.000,-6.314e-05,
2021-12-23 00:00:00.000,-0.00034721,
2021-12-23 08:00:00.000,-0.00035457,
2021-12-23 16:00:00.000,-0.00021352,
2021-12-24 00:00:00.000,-0.00051165,
2021-12-24 08:00:00.000,-0.00089334,
2021-12-24 16:00:00.000,-0.00080178,
2021-12-25 00:00:00.000,-0.00185952,
2021-12-25 08:00:00.000,-0.00126029,
2021-12-25 16:00:00.000,0.0001,
2021-12-26 00:00:00.000,0.00030628,
2021-12-26 08:00:00.000,0.0001,
2021-12-26 16:00:00.000,0.0001,
2021-12-27 00:00:00.000,0.0001,
2021-12-27 08:00:00.000,0.0001,
2021-12-27 16:00:00.000,0.0003856,
2021-12-28 00:00:00.000,0.00020196,
2021-12-28 08:00:00.000,0.0001,
2021-12-28 16:00:00.000,0.0001,
2021-12-29 00:00:00.000,0.0001,
2021-12-29 08:00:00.000,0.0001,
2021-12-29 16:00:00.000,0.0001,
2021-12-30 00:00:00.000,0.0001,
2021-12-30 08:00:00.000,0.0001,
2021-12-30 16:00:00.000,0.0001,
2021-12-31 00:00:00.000,0.0001,
2021-12-31 08:00:00.000,0.0001,
2021-12-31 16:00:00.000,0.0001,
2022-01-01 00:00:00.000,0.0001,
2022-01-01 08:00:00.000,0.0001,
2022-01-01 16:00:00.000,0.0001,
2022-01-02 00:00:00.000,0.0001,
2022-01-02 08:00:00.000,0.0001,
2022-01-02 16:00:00.000,0.0001,
2022-01-03 00:00:00.000,0.0001,
2022-01-03 08:00:00.000,0.0001,
2022-01-03 16:00:00.000,0.0001,
2022-01-04 00:00:00.000,0.0001,
2022-01-04 08:00:00.000,0.0001,
2022-01-04 16:00:00.000,0.0001,
2022-01-05 00:00:00.000,0.0001,
2022-01-05 08:00:00.000,0.0001,
2022-01-05 16:00:00.000,0.0001,
2022-01-06 00:00:00.000,0.0001,
2022-01-06 08:00:00.000,0.0001,
2022-01-06 16:00:00.000,-0.00021066,
2022-01-07 00:00:00.000,0.0001,
2022-01-07 08:00:00.000,-1.062e-05,
2022-01-07 16:00:00.000,0.0001,
2022-01-08 00:00:00.000,0.0001,
2022-01-08 08:00:00.000,0.0001,
2022-01-08 16:00:00.000,0.0001,
2022-01-09 00:00:00.000,0.0001,
2022-01-09 08:00:00.000,0.0001,
2022-01-09 16:00:00.000,0.0001,
2022-01-10 00:00:00.000,6.047e-05,
2022-01-10 08:00:00.000,-0.00018032,
2022-01-10 16:00:00.000,-5.424e-05,
2022-01-11 00:00:00.000,0.0001,
2022-01-11 08:00:00.000,-5.491e-05,
2022-01-11 16:00:00.000,-0.00024913,
2022-01-12 00:00:00.000,-2.138e-05,
2022-01-12 08:00:00.000,-0.0001521,
2022-01-12 16:00:00.000,0.0001,
2022-01-13 00:00:00.000,8.379e-05,
2022-01-13 08:00:00.000,0.0001,
2022-01-13 16:00:00.000,0.0001,
2022-01-14 00:00:00.000,0.0001,
2022-01-14 08:00:00.000,0.0001,
2022-01-14 16:00:00.000,0.0001,
2022-01-15 00:00:00.000,0.0001,
2022-01-15 08:00:00.000,0.0001,
2022-01-15 16:00:00.000,0.0001,
2022-01-16 00:00:00.000,0.0001,
2022-01-16 08:00:00.000,0.0001,
2022-01-16 16:00:00.000,0.0001,
2022-01-17 00:00:00.000,0.0001,
2022-01-17 08:00:00.000,0.0001,
2022-01-17 16:00:00.000,0.0001,
2022-01-18 00:00:00.000,0.0001,
2022-01-18 08:00:00.000,0.0001,
2022-01-18 16:00:00.000,0.0001,
2022-01-19 00:00:00.000,0.0001,
2022-01-19 08:00:00.000,0.0001,
2022-01-19 16:00:00.000,0.0001,
2022-01-20 00:00:00.000,0.0001,
2022-01-20 08:00:00.000,0.0001,
2022-01-20 16:00:00.000,0.0001,
2022-01-21 00:00:00.000,0.0001,
2022-01-21 08:00:00.000,0.0001,
2022-01-21 16:00:00.000,0.0001,
2022-01-22 00:00:00.000,0.0001,
2022-01-22 08:00:00.000,3.766e-05,
2022-01-22 16:00:00.000,-0.00024933,
2022-01-23 00:00:00.000,-0.00029135,
2022-01-23 08:00:00.000,-4.274e-05,
2022-01-23 16:00:00.000,-0.00028691,
2022-01-24 00:00:00.000,-0.0001398,
2022-01-24 08:00:00.000,6.823e-05,
2022-01-24 16:00:00.000,-9.002e-05,
2022-01-25 00:00:00.000,0.0001,
2022-01-25 08:00:00.000,-0.00016218,
2022-01-25 16:00:00.000,3.677e-05,
2022-01-26 00:00:00.000,0.0001,
2022-01-26 08:00:00.000,-0.00015825,
2022-01-26 16:00:00.000,-6.26e-05,
2022-01-27 00:00:00.000,0.0001,
2022-01-27 08:00:00.000,0.0001,
2022-01-27 16:00:00.000,0.0001,
2022-01-28 00:00:00.000,0.0001,
2022-01-28 08:00:00.000,0.0001,
2022-01-28 16:00:00.000,0.0001,
2022-01-29 00:00:00.000,0.0001,
2022-01-29 08:00:00.000,0.0001,
2022-01-29 16:00:00.000,0.0001,
2022-01-30 00:00:00.000,-4.666e-05,
2022-01-30 08:00:00.000,7.635e-05,
2022-01-30 16:00:00.000,0.0001,
2022-01-31 00:00:00.000,0.0001,
2022-01-31 08:00:00.000,0.0001,
2022-01-31 16:00:00.000,0.0001,
2022-02-01 00:00:00.000,0.0001,
2022-02-01 08:00:00.000,-9.204e-05,
2022-02-01 16:00:00.000,-8.96e-05,
2022-02-02 00:00:00.000,-0.00015047,
2022-02-02 08:00:00.000,0.0001,
2022-02-02 16:00:00.000,0.0001,
2022-02-03 00:00:00.000,0.0001,
2022-02-03 08:00:00.000,0.0001,
2022-02-03 16:00:00.000,0.0001,
2022-02-04 00:00:00.000,0.0001,
2022-02-04 08:00:00.000,0.0001,
2022-02-04 16:00:00.000,-2.98e-06,
2022-02-05 00:00:00.000,0.0001,
2022-02-05 08:00:00.000,-0.00026119,
2022-02-05 16:00:00.000,0.0001,
2022-02-06 00:00:00.000,0.0001,
2022-02-06 08:00:00.000,6.863e-05,
2022-02-06 16:00:00.000,0.0001,
2022-02-07 00:00:00.000,0.0001,
2022-02-07 08:00:00.000,6.168e-05,
2022-02-07 16:00:00.000,-2.812e-05,
2022-02-08 00:00:00.000,-0.00014782,
2022-02-08 08:00:00.000,-4.003e-05,
2022-02-08 16:00:00.000,-2.43e-06,
2022-02-09 00:00:00.000,0.0001,
2022-02-09 08:00:00.000,0.0001,
2022-02-09 16:00:00.000,0.0001,
2022-02-10 00:00:00.000,0.0001,
2022-02-10 08:00:00.000,0.0001,
2022-02-10 16:00:00.000,0.0001,
2022-02-11 00:00:00.000,0.0001,
2022-02-11 08:00:00.000,0.0001,
2022-02-11 16:00:00.000,0.0001,
2022-02-12 00:00:00.000,0.0001,
2022-02-12 08:00:00.000,0.0001,
2022-02-12 16:00:00.000,0.0001,
2022-02-13 00:00:00.000,0.0001,
2022-02-13 08:00:00.000,0.0001,
2022-02-13 16:00:00.000,0.0001,
2022-02-14 00:00:00.000,0.0001,
2022-02-14 08:00:00.000,0.0001,
2022-02-14 16:00:00.000,0.0001,
2022-02-15 00:00:00.000,0.0001,
2022-02-15 08:00:00.000,9.905e-05,
2022-02-15 16:00:00.000,8.825e-05,
2022-02-16 00:00:00.000,-7.662e-05,
2022-02-16 08:00:00.000,8.213e-05,
2022-02-16 16:00:00.000,0.0001,
2022-02-17 00:00:00.000,0.0001,
2022-02-17 08:00:00.000,0.0001,
2022-02-17 16:00:00.000,0.0001,
2022-02-18 00:00:00.000,0.0001,
2022-02-18 08:00:00.000,0.0001,
2022-02-18 16:00:00.000,-0.00026798,
2022-02-19 00:00:00.000,0.0001,
2022-02-19 08:00:00.000,0.0001,
2022-02-19 16:00:00.000,0.0001,
2022-02-20 00:00:00.000,0.0001,
2022-02-20 08:00:00.000,0.0001,
2022-02-20 16:00:00.000,0.0001,
2022-02-21 00:00:00.000,0.0001,
2022-02-21 08:00:00.000,0.0001,
2022-02-21 16:00:00.000,-5.958e-05,
2022-02-22 00:00:00.000,0.0001,
2022-02-22 08:00:00.000,0.0001,
2022-02-22 16:00:00.000,-7.377e-05,
2022-02-23 00:00:00.000,-0.00011759,
2022-02-23 08:00:00.000,-0.00016426,
2022-02-23 16:00:00.000,-0.00011784,
2022-02-24 00:00:00.000,-0.00034917,
2022-02-24 08:00:00.000,6.642e-05,
2022-02-24 16:00:00.000,-4.667e-05,
2022-02-25 00:00:00.000,9.06e-06,
2022-02-25 08:00:00.000,-7.785e-05,
2022-02-25 16:00:00.000,-6.042e-05,
2022-02-26 00:00:00.000,2.345e-05,
2022-02-26 08:00:00.000,-8.771e-05,
2022-02-26 16:00:00.000,0.0001,
2022-02-27 00:00:00.000,0.0001,
2022-02-27 08:00:00.000,8.496e-05,
2022-02-27 16:00:00.000,0.0001,
2022-02-28 00:00:00.000,8.46e-05,
2022-02-28 08:00:00.000,0.0001,
2022-02-28 16:00:00.000,0.0001,
2022-03-01 00:00:00.000,1.88e-05,
2022-03-01 08:00:00.000,5.27e-05,
2022-03-01 16:00:00.000,0.0001,
2022-03-02 00:00:00.000,0.0001,
2022-03-02 08:00:00.000,0.0001,
2022-03-02 16:00:00.000,0.0001,
2022-03-03 00:00:00.000,0.0001,
2022-03-03 08:00:00.000,0.0001,
2022-03-03 16:00:00.000,0.0001,
2022-03-04 00:00:00.000,0.0001,
2022-03-04 08:00:00.000,0.0001,
2022-03-04 16:00:00.000,0.0001,
2022-03-05 00:00:00.000,0.0001,
2022-03-05 08:00:00.000,0.0001,
2022-03-05 16:00:00.000,-0.00022161,
2022-03-06 00:00:00.000,-3.659e-05,
2022-03-06 08:00:00.000,7.474e-05,
2022-03-06 16:00:00.000,7.25e-05,
2022-03-07 00:00:00.000,0.0001,
2022-03-07 08:00:00.000,-0.00014131,
2022-03-07 16:00:00.000,0.0001,
2022-03-08 00:00:00.000,3.894e-05,
2022-03-08 08:00:00.000,0.0001,
2022-03-08 16:00:00.000,0.0001,
2022-03-09 00:00:00.000,0.0001,
2022-03-09 08:00:00.000,9.594e-05,
2022-03-09 16:00:00.000,1.622e-05,
2022-03-10 00:00:00.000,7.454e-05,
2022-03-10 08:00:00.000,0.0001,
2022-03-10 16:00:00.000,0.0001,
2022-03-11 00:00:00.000,0.0001,
2022-03-11 08:00:00.000,0.0001,
2022-03-11 16:00:00.000,0.0001,
2022-03-12 00:00:00.000,0.0001,
2022-03-12 08:00:00.000,0.0001,
2022-03-12 16:00:00.000,0.0001,
2022-03-13 00:00:00.000,0.0001,
2022-03-13 08:00:00.000,0.0001,
2022-03-13 16:00:00.000,0.0001,
2022-03-14 00:00:00.000,0.0001,
2022-03-14 08:00:00.000,0.0001,
2022-03-14 16:00:00.000,0.0001,
2022-03-15 00:00:00.000,0.0001,
2022-03-15 08:00:00.000,0.0001,
2022-03-15 16:00:00.000,0.0001,
2022-03-16 00:00:00.000,0.0001,
2022-03-16 08:00:00.000,-1.632e-05,
2022-03-16 16:00:00.000,0.0001,
2022-03-17 00:00:00.000,0.0001,
2022-03-17 08:00:00.000,0.0001,
2022-03-17 16:00:00.000,0.0001,
2022-03-18 00:00:00.000,0.0001,
2022-03-18 08:00:00.000,0.0001,
2022-03-18 16:00:00.000,0.0001,
2022-03-19 00:00:00.000,0.0001,
2022-03-19 08:00:00.000,9.42e-06,
2022-03-19 16:00:00.000,0.0001,
2022-03-20 00:00:00.000,0.0001,
2022-03-20 08:00:00.000,0.0001,
2022-03-20 16:00:00.000,0.0001,
2022-03-21 00:00:00.000,0.0001,
2022-03-21 08:00:00.000,0.0001,
2022-03-21 16:00:00.000,0.0001,
2022-03-22 00:00:00.000,0.0001,
2022-03-22 08:00:00.000,0.0001,
2022-03-22 16:00:00.000,0.0001,
2022-03-23 00:00:00.000,0.0001,
2022-03-23 08:00:00.000,0.0001,
2022-03-23 16:00:00.000,0.0001,
2022-03-24 00:00:00.000,0.0001,
2022-03-24 08:00:00.000,0.0001,
2022-03-24 16:00:00.000,0.0001,
2022-03-25 00:00:00.000,0.0001,
2022-03-25 08:00:00.000,0.0001,
2022-03-25 16:00:00.000,0.0001,
2022-03-26 00:00:00.000,0.0001,
2022-03-26 08:00:00.000,0.0001,
2022-03-26 16:00:00.000,0.0001,
2022-03-27 00:00:00.000,0.0001,
2022-03-27 08:00:00.000,0.0001,
2022-03-27 16:00:00.000,0.0001,
2022-03-28 00:00:00.000,0.0001,
2022-03-28 08:00:00.000,0.0001,
2022-03-28 16:00:00.000,0.0001,
2022-03-29 00:00:00.000,0.0002266,
2022-03-29 08:00:00.000,0.0001,
2022-03-29 16:00:00.000,0.00012656,
2022-03-30 00:00:00.000,0.00015503,
2022-03-30 08:00:00.000,0.0001,
2022-03-30 16:00:00.000,0.0001,
2022-03-31 00:00:00.000,0.00010271,
2022-03-31 08:00:00.000,0.00020939,
2022-03-31 16:00:00.000,0.00023788,
2022-04-01 00:00:00.000,0.00015355,
2022-04-01 08:00:00.000,0.0001,
2022-04-01 16:00:00.000,0.0001,
2022-04-02 00:00:00.000,0.0001,
2022-04-02 08:00:00.000,0.0001,
2022-04-02 16:00:00.000,0.0001,
2022-04-03 00:00:00.000,0.0001,
2022-04-03 08:00:00.000,0.0001,
2022-04-03 16:00:00.000,0.0001,
2022-04-04 00:00:00.000,0.0001,
2022-04-04 08:00:00.000,0.0001,
2022-04-04 16:00:00.000,0.0001,
2022-04-05 00:00:00.000,0.0001,
2022-04-05 08:00:00.000,0.0001,
2022-04-05 16:00:00.000,0.00018781,
2022-04-06 00:00:00.000,0.0001,
2022-04-06 08:00:00.000,0.0001,
2022-04-06 16:00:00.000,0.0001,
2022-04-07 00:00:00.000,0.0001,
2022-04-07 08:00:00.000,-4.941e-05,
2022-04-07 16:00:00.000,0.0001,
2022-04-08 00:00:00.000,0.0001,
2022-04-08 08:00:00.000,0.0001,
2022-04-08 16:00:00.000,0.0001,
2022-04-09 00:00:00.000,0.0001,
2022-04-09 08:00:00.000,0.0001,
2022-04-09 16:00:00.000,0.0001,
2022-04-10 00:00:00.000,0.0001,
2022-04-10 08:00:00.000,0.0001,
2022-04-10 16:00:00.000,0.0001,
2022-04-11 00:00:00.000,0.0001,
2022-04-11 08:00:00.000,0.0001,
2022-04-11 16:00:00.000,0.0001,
2022-04-12 00:00:00.000,-4.955e-05,
2022-04-12 08:00:00.000,-0.0001478,
2022-04-12 16:00:00.000,-5.916e-05,
2022-04-13 00:00:00.000,-0.00010745,
2022-04-13 08:00:00.000,-0.00012981,
2022-04-13 16:00:00.000,5.872e-05,
2022-04-14 00:00:00.000,0.0001,
2022-04-14 08:00:00.000,-4.181e-05,
2022-04-14 16:00:00.000,-4.621e-05,
2022-04-15 00:00:00.000,0.0001,
2022-04-15 08:00:00.000,6.943e-05,
2022-04-15 16:00:00.000,-7.497e-05,
2022-04-16 00:00:00.000,-4.33e-06,
2022-04-16 08:00:00.000,2.813e-05,
2022-04-16 16:00:00.000,-8.248e-05,
2022-04-17 00:00:00.000,0.0001,
2022-04-17 08:00:00.000,0.0001,
2022-04-17 16:00:00.000,-9.479e-05,
2022-04-18 00:00:00.000,1.45e-05,
2022-04-18 08:00:00.000,0.0001,
2022-04-18 16:00:00.000,0.0001,
2022-04-19 00:00:00.000,6.834e-05,
2022-04-19 08:00:00.000,6.546e-05,
2022-04-19 16:00:00.000,4.55e-05,
2022-04-20 00:00:00.000,0.0001,
2022-04-20 08:00:00.000,0.0001,
2022-04-20 16:00:00.000,1.458e-05,
2022-04-21 00:00:00.000,0.0001,
2022-04-21 08:00:00.000,0.0001,
2022-04-21 16:00:00.000,0.0001,
2022-04-22 00:00:00.000,0.0001,
2022-04-22 08:00:00.000,0.0001,
2022-04-22 16:00:00.000,0.0001,
2022-04-23 00:00:00.000,0.0001,
2022-04-23 08:00:00.000,0.0001,
2022-04-23 16:00:00.000,0.0001,
2022-04-24 00:00:00.000,0.0001,
2022-04-24 08:00:00.000,0.0001,
2022-04-24 16:00:00.000,0.0001,
2022-04-25 00:00:00.000,0.0001,
2022-04-25 08:00:00.000,0.0001,
2022-04-25 16:00:00.000,0.0001,
2022-04-26 00:00:00.000,0.0001,
2022-04-26 08:00:00.000,4.552e-05,
2022-04-26 16:00:00.000,0.0001,
2022-04-27 00:00:00.000,0.0001,
2022-04-27 08:00:00.000,-1.888e-05,
2022-04-27 16:00:00.000,0.0001,
2022-04-28 00:00:00.000,0.0001,
2022-04-28 08:00:00.000,0.0001,
2022-04-28 16:00:00.000,0.0001,
2022-04-29 00:00:00.000,0.0001,
2022-04-29 08:00:00.000,0.0001,
2022-04-29 16:00:00.000,0.0001,
2022-04-30 00:00:00.000,0.0001,
2022-04-30 08:00:00.000,0.0001,
2022-04-30 16:00:00.000,2.475e-05,
2022-05-01 00:00:00.000,7.781e-05,
2022-05-01 08:00:00.000,9.521e-05,
2022-05-01 16:00:00.000,3.523e-05,
2022-05-02 00:00:00.000,5.56e-05,
2022-05-02 08:00:00.000,0.0001,
2022-05-02 16:00:00.000,-9.404e-05,
2022-05-03 00:00:00.000,0.0001,
2022-05-03 08:00:00.000,0.0001,
2022-05-03 16:00:00.000,5.566e-05,
2022-05-04 00:00:00.000,0.0001,
2022-05-04 08:00:00.000,0.0001,
2022-05-04 16:00:00.000,0.0001,
2022-05-05 00:00:00.000,2.001e-05,
2022-05-05 08:00:00.000,9.741e-05,
2022-05-05 16:00:00.000,0.0001,
2022-05-06 00:00:00.000,0.0001,
2022-05-06 08:00:00.000,-3.395e-05,
2022-05-06 16:00:00.000,-3.41e-06,
2022-05-07 00:00:00.000,6.3e-07,
2022-05-07 08:00:00.000,0.0001,
2022-05-07 16:00:00.000,6.421e-05,
2022-05-08 00:00:00.000,0.0001,
2022-05-08 08:00:00.000,-9.885e-05,
2022-05-08 16:00:00.000,-0.0001925,
2022-05-09 00:00:00.000,0.0001,
2022-05-09 08:00:00.000,-3.901e-05,
2022-05-09 16:00:00.000,4.801e-05,
2022-05-10 00:00:00.000,-1.035e-05,
2022-05-10 08:00:00.000,-0.00025783,
2022-05-10 16:00:00.000,-4.115e-05,
2022-05-11 00:00:00.000,2.811e-05,
2022-05-11 08:00:00.000,-6.804e-05,
2022-05-11 16:00:00.000,8.721e-05,
2022-05-12 00:00:00.000,-6.997e-05,
2022-05-12 08:00:00.000,-0.00061585,
2022-05-12 16:00:00.000,-0.00087779,
2022-05-13 00:00:00.000,-0.00030202,
2022-05-13 08:00:00.000,-0.00020736,
2022-05-13 16:00:00.000,-8.035e-05,
2022-05-14 00:00:00.000,0.0001,
2022-05-14 08:00:00.000,1.01e-05,
2022-05-14 16:00:00.000,-0.00031342,
2022-05-15 00:00:00.000,-9.096e-05,
2022-05-15 08:00:00.000,-0.00038009,
2022-05-15 16:00:00.000,-0.00027673,
2022-05-16 00:00:00.000,-9.925e-05,
2022-05-16 08:00:00.000,2.57e-06,
2022-05-16 16:00:00.000,-0.00010469,
2022-05-17 00:00:00.000,0.0001,
2022-05-17 08:00:00.000,2.08e-06,
2022-05-17 16:00:00.000,-0.00035184,
2022-05-18 00:00:00.000,-0.0002062,
2022-05-18 08:00:00.000,-0.0003913,
2022-05-18 16:00:00.000,-0.00012518,
2022-05-19 00:00:00.000,-9.837e-05,
2022-05-19 08:00:00.000,-0.00061579,
2022-05-19 16:00:00.000,7e-08,
2022-05-20 00:00:00.000,-8.85e-06,
2022-05-20 08:00:00.000,-4.769e-05,
2022-05-20 16:00:00.000,2.722e-05,
2022-05-21 00:00:00.000,-3.605e-05,
2022-05-21 08:00:00.000,4.77e-06,
2022-05-21 16:00:00.000,-1.279e-05,
2022-05-22 00:00:00.000,2.3e-06,
2022-05-22 08:00:00.000,-0.00014432,
2022-05-22 16:00:00.000,5.914e-05,
2022-05-23 00:00:00.000,1.275e-05,
2022-05-23 08:00:00.000,-3.652e-05,
2022-05-23 16:00:00.000,8.026e-05,
2022-05-24 00:00:00.000,-6e-07,
2022-05-24 08:00:00.000,2.43e-05,
2022-05-24 16:00:00.000,7.186e-05,
2022-05-25 00:00:00.000,9.205e-05,
2022-05-25 08:00:00.000,-2.385e-05,
2022-05-25 16:00:00.000,-0.00017995,
2022-05-26 00:00:00.000,0.0001,
2022-05-26 08:00:00.000,-0.0001715,
2022-05-26 16:00:00.000,4.998e-05,
2022-05-27 00:00:00.000,-0.00012895,
2022-05-27 08:00:00.000,-0.00029864,
2022-05-27 16:00:00.000,0.0001,
2022-05-28 00:00:00.000,6.265e-05,
2022-05-28 08:00:00.000,-5.889e-05,
2022-05-28 16:00:00.000,-0.000152,
2022-05-29 00:00:00.000,1.737e-05,
2022-05-29 08:00:00.000,3.15e-05,
2022-05-29 16:00:00.000,-0.0002028,
2022-05-30 00:00:00.000,3.339e-05,
2022-05-30 08:00:00.000,0.0001,
2022-05-30 16:00:00.000,0.0001,
2022-05-31 00:00:00.000,0.0001,
2022-05-31 08:00:00.000,0.0001,
2022-05-31 16:00:00.000,0.0001,
2022-06-01 00:00:00.000,0.0001,
2022-06-01 08:00:00.000,-8.456e-05,
2022-06-01 16:00:00.000,-1.925e-05,
2022-06-02 00:00:00.000,-5.59e-06,
2022-06-02 08:00:00.000,1.201e-05,
2022-06-02 16:00:00.000,1.821e-05,
2022-06-03 00:00:00.000,-3.619e-05,
2022-06-03 08:00:00.000,-0.00018866,
2022-06-03 16:00:00.000,0.0001,
2022-06-04 00:00:00.000,0.0001,
2022-06-04 08:00:00.000,0.0001,
2022-06-04 16:00:00.000,-3.501e-05,
2022-06-05 00:00:00.000,7.881e-05,
2022-06-05 08:00:00.000,0.0001,
2022-06-05 16:00:00.000,-0.00013985,
2022-06-06 00:00:00.000,-2.08e-05,
2022-06-06 08:00:00.000,5.234e-05,
2022-06-06 16:00:00.000,0.0001,
2022-06-07 00:00:00.000,8.687e-05,
2022-06-07 08:00:00.000,0.0001,
2022-06-07 16:00:00.000,9.459e-05,
2022-06-08 00:00:00.000,-4.586e-05,
2022-06-08 08:00:00.000,-0.00021873,
2022-06-08 16:00:00.000,0.0001,
2022-06-09 00:00:00.000,0.0001,
2022-06-09 08:00:00.000,-7.959e-05,
2022-06-09 16:00:00.000,-5.879e-05,
2022-06-10 00:00:00.000,0.0001,
2022-06-10 08:00:00.000,6.096e-05,
2022-06-10 16:00:00.000,4.182e-05,
2022-06-11 00:00:00.000,0.0001,
2022-06-11 08:00:00.000,5.394e-05,
2022-06-11 16:00:00.000,-2.372e-05,
2022-06-12 00:00:00.000,-5.775e-05,
2022-06-12 08:00:00.000,-5.055e-05,
2022-06-12 16:00:00.000,-0.00012128,
2022-06-13 00:00:00.000,-4.06e-06,
2022-06-13 08:00:00.000,-5.491e-05,
2022-06-13 16:00:00.000,-8.239e-05,
2022-06-14 00:00:00.000,-0.00027512,
2022-06-14 08:00:00.000,-0.0001928,
2022-06-14 16:00:00.000,-0.00030618,
2022-06-15 00:00:00.000,-2.27e-06,
2022-06-15 08:00:00.000,-0.00035508,
2022-06-15 16:00:00.000,-0.00015585,
2022-06-16 00:00:00.000,-0.00015126,
2022-06-16 08:00:00.000,-0.000152,
2022-06-16 16:00:00.000,-2.883e-05,
2022-06-17 00:00:00.000,-1.083e-05,
2022-06-17 08:00:00.000,-0.00012681,
2022-06-17 16:00:00.000,-3.191e-05,
2022-06-18 00:00:00.000,0.0001,
2022-06-18 08:00:00.000,0.0001,
2022-06-18 16:00:00.000,0.0001,
2022-06-19 00:00:00.000,0.0001,
2022-06-19 08:00:00.000,-6.798e-05,
2022-06-19 16:00:00.000,-0.00010792,
2022-06-20 00:00:00.000,-0.00011233,
2022-06-20 08:00:00.000,6.27e-05,
2022-06-20 16:00:00.000,-3.168e-05,
2022-06-21 00:00:00.000,0.0001,
2022-06-21 08:00:00.000,0.0001,
2022-06-21 16:00:00.000,3.624e-05,
2022-06-22 00:00:00.000,0.0001,
2022-06-22 08:00:00.000,-0.00013141,
2022-06-22 16:00:00.000,-0.00023885,
2022-06-23 00:00:00.000,-2.452e-05,
2022-06-23 08:00:00.000,-0.0001334,
2022-06-23 16:00:00.000,-0.00033916,
2022-06-24 00:00:00.000,-2.238e-05,
2022-06-24 08:00:00.000,-0.000238,
2022-06-24 16:00:00.000,0.0001,
2022-06-25 00:00:00.000,0.0001,
2022-06-25 08:00:00.000,0.0001,
2022-06-25 16:00:00.000,0.0001,
2022-06-26 00:00:00.000,0.0001,
2022-06-26 08:00:00.000,0.0001,
2022-06-26 16:00:00.000,5.985e-05,
2022-06-27 00:00:00.000,0.0001,
2022-06-27 08:00:00.000,6.746e-05,
2022-06-27 16:00:00.000,0.0001,
2022-06-28 00:00:00.000,0.0001,
2022-06-28 08:00:00.000,4.786e-05,
2022-06-28 16:00:00.000,-0.00015433,
2022-06-29 00:00:00.000,1.762e-05,
2022-06-29 08:00:00.000,-4.221e-05,
2022-06-29 16:00:00.000,-0.00012594,
2022-06-30 00:00:00.000,-0.00010699,
2022-06-30 08:00:00.000,-0.00024104,
2022-06-30 16:00:00.000,-0.00011594,
2022-07-01 00:00:00.000,-0.00031906,
2022-07-01 08:00:00.000,-0.00012667,
2022-07-01 16:00:00.000,0.0001,
2022-07-02 00:00:00.000,0.0001,
2022-07-02 08:00:00.000,-1.107e-05,
2022-07-02 16:00:00.000,0.0001,
2022-07-03 00:00:00.000,9.144e-05,
2022-07-03 08:00:00.000,3.559e-05,
2022-07-03 16:00:00.000,-8.279e-05,
2022-07-04 00:00:00.000,-0.00024675,
2022-07-04 08:00:00.000,-3.33e-06,
2022-07-04 16:00:00.000,-9.828e-05,
2022-07-05 00:00:00.000,2.362e-05,
2022-07-05 08:00:00.000,6.956e-05,
2022-07-05 16:00:00.000,-7.344e-05,
2022-07-06 00:00:00.000,-0.00034812,
2022-07-06 08:00:00.000,-8.005e-05,
2022-07-06 16:00:00.000,-5.67e-06,
2022-07-07 00:00:00.000,-0.00013603,
2022-07-07 08:00:00.000,-0.00010428,
2022-07-07 16:00:00.000,-2.758e-05,
2022-07-08 00:00:00.000,-0.00016486,
2022-07-08 08:00:00.000,-4.758e-05,
2022-07-08 16:00:00.000,4.198e-05,
2022-07-09 00:00:00.000,0.0001,
2022-07-09 08:00:00.000,0.0001,
2022-07-09 16:00:00.000,6.19e-06,
2022-07-10 00:00:00.000,-5.677e-05,
2022-07-10 08:00:00.000,0.0001,
2022-07-10 16:00:00.000,0.0001,
2022-07-11 00:00:00.000,4.439e-05,
2022-07-11 08:00:00.000,5.972e-05,
2022-07-11 16:00:00.000,0.0001,
2022-07-12 00:00:00.000,0.0001,
2022-07-12 08:00:00.000,-5.572e-05,
2022-07-12 16:00:00.000,0.0001,
2022-07-13 00:00:00.000,-2.282e-05,
2022-07-13 08:00:00.000,-8.284e-05,
2022-07-13 16:00:00.000,-5.173e-05,
2022-07-14 00:00:00.000,-0.00013321,
2022-07-14 08:00:00.000,-0.00018799,
2022-07-14 16:00:00.000,9.997e-05,
2022-07-15 00:00:00.000,-9.552e-05,
2022-07-15 08:00:00.000,3.814e-05,
2022-07-15 16:00:00.000,0.0001,
2022-07-16 00:00:00.000,9.668e-05,
2022-07-16 08:00:00.000,-0.00013369,
2022-07-16 16:00:00.000,1.463e-05,
2022-07-17 00:00:00.000,0.0001,
2022-07-17 08:00:00.000,0.0001,
2022-07-17 16:00:00.000,-6.48e-05,
2022-07-18 00:00:00.000,3.7e-06,
2022-07-18 08:00:00.000,3.803e-05,
2022-07-18 16:00:00.000,0.0001,
2022-07-19 00:00:00.000,0.0001,
2022-07-19 08:00:00.000,0.0001,
2022-07-19 16:00:00.000,0.0001,
2022-07-20 00:00:00.000,-6.331e-05,
2022-07-20 08:00:00.000,0.0001,
2022-07-20 16:00:00.000,0.0001,
2022-07-21 00:00:00.000,-8.287e-05,
2022-07-21 08:00:00.000,-0.00010707,
2022-07-21 16:00:00.000,7.074e-05,
2022-07-22 00:00:00.000,-0.00017799,
2022-07-22 08:00:00.000,4.271e-05,
2022-07-22 16:00:00.000,0.0001,
2022-07-23 00:00:00.000,5.919e-05,
2022-07-23 08:00:00.000,0.0001,
2022-07-23 16:00:00.000,-7.38e-06,
2022-07-24 00:00:00.000,0.0001,
2022-07-24 08:00:00.000,0.0001,
2022-07-24 16:00:00.000,0.0001,
2022-07-25 00:00:00.000,0.0001,
2022-07-25 08:00:00.000,0.0001,
2022-07-25 16:00:00.000,0.0001,
2022-07-26 00:00:00.000,0.0001,
2022-07-26 08:00:00.000,7.414e-05,
2022-07-26 16:00:00.000,6.508e-05,
2022-07-27 00:00:00.000,-0.00013419,
2022-07-27 08:00:00.000,-0.00028699,
2022-07-27 16:00:00.000,-0.00012111,
2022-07-28 00:00:00.000,-0.00013201,
2022-07-28 08:00:00.000,-7.952e-05,
2022-07-28 16:00:00.000,5.496e-05,
2022-07-29 00:00:00.000,0.0001,
2022-07-29 08:00:00.000,4.555e-05,
2022-07-29 16:00:00.000,0.0001,
2022-07-30 00:00:00.000,0.0001,
2022-07-30 08:00:00.000,0.0001,
2022-07-30 16:00:00.000,0.0001,
2022-07-31 00:00:00.000,0.0001,
2022-07-31 08:00:00.000,0.0001,
2022-07-31 16:00:00.000,0.0001,
2022-08-01 00:00:00.000,0.0001,
2022-08-01 08:00:00.000,0.0001,
2022-08-01 16:00:00.000,0.0001,
2022-08-02 00:00:00.000,0.0001,
2022-08-02 08:00:00.000,0.0001,
2022-08-02 16:00:00.000,0.0001,
2022-08-03 00:00:00.000,0.0001,
2022-08-03 08:00:00.000,0.0001,
2022-08-03 16:00:00.000,0.0001,
2022-08-04 00:00:00.000,0.0001,
2022-08-04 08:00:00.000,0.0001,
2022-08-04 16:00:00.000,0.0001,
2022-08-05 00:00:00.000,0.0001,
2022-08-05 08:00:00.000,0.0001,
2022-08-05 16:00:00.000,0.0001,
2022-08-06 00:00:00.000,0.0001,
2022-08-06 08:00:00.000,0.0001,
2022-08-06 16:00:00.000,0.0001,
2022-08-07 00:00:00.000,0.0001,
2022-08-07 08:00:00.000,0.0001,
2022-08-07 16:00:00.000,0.0001,
2022-08-08 00:00:00.000,0.0001,
2022-08-08 08:00:00.000,0.0001,
2022-08-08 16:00:00.000,0.0001,
2022-08-09 00:00:00.000,0.0001,
2022-08-09 08:00:00.000,0.0001,
2022-08-09 16:00:00.000,0.0001,
2022-08-10 00:00:00.000,0.0001,
2022-08-10 08:00:00.000,0.0001,
2022-08-10 16:00:00.000,0.0001,
2022-08-11 00:00:00.000,0.0001,
2022-08-11 08:00:00.000,0.0001,
2022-08-11 16:00:00.000,0.0001,
2022-08-12 00:00:00.000,0.0001,
2022-08-12 08:00:00.000,0.0001,
2022-08-12 16:00:00.000,0.0001,
2022-08-13 00:00:00.000,0.0001,
2022-08-13 08:00:00.000,0.0001,
2022-08-13 16:00:00.000,0.0001,
2022-08-14 00:00:00.000,0.0001,
2022-08-14 08:00:00.000,0.0001,
2022-08-14 16:00:00.000,0.0001,
2022-08-15 00:00:00.000,0.0001,
2022-08-15 08:00:00.000,0.0001,
2022-08-15 16:00:00.000,0.0001,
2022-08-16 00:00:00.000,0.0001,
2022-08-16 08:00:00.000,0.0001,
2022-08-16 16:00:00.000,0.0001,
2022-08-17 00:00:00.000,0.0001,
2022-08-17 08:00:00.000,0.0001,
2022-08-17 16:00:00.000,0.0001,
2022-08-18 00:00:00.000,5.318e-05,
2022-08-18 08:00:00.000,6.7e-05,
2022-08-18 16:00:00.000,0.0001,
2022-08-19 00:00:00.000,1.8e-07,
2022-08-19 08:00:00.000,-8.1e-07,
2022-08-19 16:00:00.000,8.21e-05,
2022-08-20 00:00:00.000,7.56e-05,
2022-08-20 08:00:00.000,-7.281e-05,
2022-08-20 16:00:00.000,-1.438e-05,
2022-08-21 00:00:00.000,5.03e-06,
2022-08-21 08:00:00.000,0.0001,
2022-08-21 16:00:00.000,4.968e-05,
2022-08-22 00:00:00.000,9.136e-05,
2022-08-22 08:00:00.000,0.0001,
2022-08-22 16:00:00.000,0.0001,
2022-08-23 00:00:00.000,2.41e-06,
2022-08-23 08:00:00.000,0.0001,
2022-08-23 16:00:00.000,-1.515e-05,
2022-08-24 00:00:00.000,-9.151e-05,
2022-08-24 08:00:00.000,8.32e-06,
2022-08-24 16:00:00.000,1.152e-05,
2022-08-25 00:00:00.000,-0.00022588,
2022-08-25 08:00:00.000,-0.00024359,
2022-08-25 16:00:00.000,-2.707e-05,
2022-08-26 00:00:00.000,-0.00011873,
2022-08-26 08:00:00.000,-6.055e-05,
2022-08-26 16:00:00.000,0.0001,
2022-08-27 00:00:00.000,0.0001,
2022-08-27 08:00:00.000,5.733e-05,
2022-08-27 16:00:00.000,1.988e-05,
2022-08-28 00:00:00.000,0.0001,
2022-08-28 08:00:00.000,0.0001,
2022-08-28 16:00:00.000,5.161e-05,
2022-08-29 00:00:00.000,5.775e-05,
2022-08-29 08:00:00.000,1.09e-06,
2022-08-29 16:00:00.000,-1.489e-05,
2022-08-30 00:00:00.000,-0.00019361,
2022-08-30 08:00:00.000,-1.43e-05,
2022-08-30 16:00:00.000,0.0001,
2022-08-31 00:00:00.000,-0.00013391,
2022-08-31 08:00:00.000,-0.00030958,
2022-08-31 16:00:00.000,-4.206e-05,
2022-09-01 00:00:00.000,-6.626e-05,
2022-09-01 08:00:00.000,-6.888e-05,
2022-09-01 16:00:00.000,2.243e-05,
2022-09-02 00:00:00.000,-0.00022096,
2022-09-02 08:00:00.000,-0.00013579,
2022-09-02 16:00:00.000,0.0001,
2022-09-03 00:00:00.000,0.0001,
2022-09-03 08:00:00.000,5.98e-05,
2022-09-03 16:00:00.000,7.428e-05,
2022-09-04 00:00:00.000,0.0001,
2022-09-04 08:00:00.000,-9.296e-05,
2022-09-04 16:00:00.000,3.027e-05,
2022-09-05 00:00:00.000,0.0001,
2022-09-05 08:00:00.000,0.0001,
2022-09-05 16:00:00.000,0.0001,
2022-09-06 00:00:00.000,-0.00024078,
2022-09-06 08:00:00.000,-3.966e-05,
2022-09-06 16:00:00.000,0.0001,
2022-09-07 00:00:00.000,-1.8e-05,
2022-09-07 08:00:00.000,1.325e-05,
2022-09-07 16:00:00.000,-3.368e-05,
2022-09-08 00:00:00.000,-0.00010193,
2022-09-08 08:00:00.000,-2.114e-05,
2022-09-08 16:00:00.000,2.448e-05,
2022-09-09 00:00:00.000,-0.00012983,
2022-09-09 08:00:00.000,-0.00010736,
2022-09-09 16:00:00.000,7.283e-05,
2022-09-10 00:00:00.000,0.0001,
2022-09-10 08:00:00.000,0.0001,
2022-09-10 16:00:00.000,6.56e-06,
2022-09-11 00:00:00.000,1.406e-05,
2022-09-11 08:00:00.000,-4.765e-05,
2022-09-11 16:00:00.000,0.0001,
2022-09-12 00:00:00.000,-2.71e-05,
2022-09-12 08:00:00.000,-0.00015568,
2022-09-12 16:00:00.000,-1.377e-05,
2022-09-13 00:00:00.000,-0.00019192,
2022-09-13 08:00:00.000,-8.014e-05,
2022-09-13 16:00:00.000,5.33e-06,
2022-09-14 00:00:00.000,-4.728e-05,
2022-09-14 08:00:00.000,-0.00018664,
2022-09-14 16:00:00.000,-0.00013127,
2022-09-15 00:00:00.000,-0.00011241,
2022-09-15 08:00:00.000,-6.369e-05,
2022-09-15 16:00:00.000,0.0001,
2022-09-16 00:00:00.000,0.0001,
2022-09-16 08:00:00.000,-4.885e-05,
2022-09-16 16:00:00.000,-0.0002844,
2022-09-17 00:00:00.000,-0.00022424,
2022-09-17 08:00:00.000,6.941e-05,
2022-09-17 16:00:00.000,-3.88e-05,
2022-09-18 00:00:00.000,-0.00036476,
2022-09-18 08:00:00.000,8.638e-05,
2022-09-18 16:00:00.000,-1.774e-05,
2022-09-19 00:00:00.000,-0.0003215,
2022-09-19 08:00:00.000,0.0001,
2022-09-19 16:00:00.000,0.0001,
2022-09-20 00:00:00.000,6.04e-06,
2022-09-20 08:00:00.000,9.526e-05,
2022-09-20 16:00:00.000,-8.055e-05,
2022-09-21 00:00:00.000,-0.00011278,
2022-09-21 08:00:00.000,6.747e-05,
2022-09-21 16:00:00.000,-3.68e-06,
2022-09-22 00:00:00.000,-8.946e-05,
2022-09-22 08:00:00.000,-0.00018263,
2022-09-22 16:00:00.000,-0.00045613,
2022-09-23 00:00:00.000,-0.00066823,
2022-09-23 08:00:00.000,-0.00034048,
2022-09-23 16:00:00.000,0.0001,
2022-09-24 00:00:00.000,6.038e-05,
2022-09-24 08:00:00.000,-3.722e-05,
2022-09-24 16:00:00.000,-9.649e-05,
2022-09-25 00:00:00.000,-2.75e-05,
2022-09-25 08:00:00.000,6.661e-05,
2022-09-25 16:00:00.000,-5.16e-06,
2022-09-26 00:00:00.000,3.722e-05,
2022-09-26 08:00:00.000,-1.117e-05,
2022-09-26 16:00:00.000,0.0001,
2022-09-27 00:00:00.000,0.0001,
2022-09-27 08:00:00.000,0.0001,
2022-09-27 16:00:00.000,0.0001,
2022-09-28 00:00:00.000,-3.293e-05,
2022-09-28 08:00:00.000,0.0001,
2022-09-28 16:00:00.000,0.0001,
2022-09-29 00:00:00.000,-4.503e-05,
2022-09-29 08:00:00.000,-4.39e-06,
2022-09-29 16:00:00.000,0.0001,
2022-09-30 00:00:00.000,0.0001,
2022-09-30 08:00:00.000,0.0001,
2022-09-30 16:00:00.000,0.0001,
2022-10-01 00:00:00.000,0.0001,
2022-10-01 08:00:00.000,0.0001,
2022-10-01 16:00:00.000,0.0001,
2022-10-02 00:00:00.000,0.0001,
2022-10-02 08:00:00.000,0.0001,
2022-10-02 16:00:00.000,0.0001,
2022-10-03 00:00:00.000,0.0001,
2022-10-03 08:00:00.000,0.0001,
2022-10-03 16:00:00.000,0.0001,
2022-10-04 00:00:00.000,-3.342e-05,
2022-10-04 08:00:00.000,0.0001,
2022-10-04 16:00:00.000,6.055e-05,
2022-10-05 00:00:00.000,-4.42e-05,
2022-10-05 08:00:00.000,4.998e-05,
2022-10-05 16:00:00.000,5.059e-05,
2022-10-06 00:00:00.000,2.571e-05,
2022-10-06 08:00:00.000,-5.58e-06,
2022-10-06 16:00:00.000,-4.513e-05,
2022-10-07 00:00:00.000,-6.082e-05,
2022-10-07 08:00:00.000,-7.07e-06,
2022-10-07 16:00:00.000,0.0001,
2022-10-08 00:00:00.000,5.853e-05,
2022-10-08 08:00:00.000,8.354e-05,
2022-10-08 16:00:00.000,8.887e-05,
2022-10-09 00:00:00.000,7.716e-05,
2022-10-09 08:00:00.000,0.0001,
2022-10-09 16:00:00.000,-7.465e-05,
2022-10-10 00:00:00.000,-4.325e-05,
2022-10-10 08:00:00.000,0.0001,
2022-10-10 16:00:00.000,0.0001,
2022-10-11 00:00:00.000,4.127e-05,
2022-10-11 08:00:00.000,2.8e-07,
2022-10-11 16:00:00.000,5.852e-05,
2022-10-12 00:00:00.000,-2.6e-07,
2022-10-12 08:00:00.000,0.0001,
2022-10-12 16:00:00.000,0.0001,
2022-10-13 00:00:00.000,0.0001,
2022-10-13 08:00:00.000,0.0001,
2022-10-13 16:00:00.000,4.837e-05,
2022-10-14 00:00:00.000,-8.944e-05,
2022-10-14 08:00:00.000,3.852e-05,
2022-10-14 16:00:00.000,0.0001,
2022-10-15 00:00:00.000,0.0001,
2022-10-15 08:00:00.000,0.0001,
2022-10-15 16:00:00.000,0.0001,
2022-10-16 00:00:00.000,0.0001,
2022-10-16 08:00:00.000,0.0001,
2022-10-16 16:00:00.000,0.0001,
2022-10-17 00:00:00.000,0.0001,
2022-10-17 08:00:00.000,0.0001,
2022-10-17 16:00:00.000,0.0001,
2022-10-18 00:00:00.000,0.0001,
2022-10-18 08:00:00.000,0.0001,
2022-10-18 16:00:00.000,0.0001,
2022-10-19 00:00:00.000,0.0001,
2022-10-19 08:00:00.000,0.0001,
2022-10-19 16:00:00.000,0.0001,
2022-10-20 00:00:00.000,0.0001,
2022-10-20 08:00:00.000,7.975e-05,
2022-10-20 16:00:00.000,0.0001,
2022-10-21 00:00:00.000,-2.146e-05,
2022-10-21 08:00:00.000,5.82e-05,
2022-10-21 16:00:00.000,0.0001,
2022-10-22 00:00:00.000,-2.759e-05,
2022-10-22 08:00:00.000,4.738e-05,
2022-10-22 16:00:00.000,4.066e-05,
2022-10-23 00:00:00.000,0.0001,
2022-10-23 08:00:00.000,8e-05,
2022-10-23 16:00:00.000,0.0001,
2022-10-24 00:00:00.000,8.495e-05,
2022-10-24 08:00:00.000,0.0001,
2022-10-24 16:00:00.000,0.0001,
2022-10-25 00:00:00.000,0.0001,
2022-10-25 08:00:00.000,0.0001,
2022-10-25 16:00:00.000,0.0001,
2022-10-26 00:00:00.000,-1.248e-05,
2022-10-26 08:00:00.000,0.0001,
2022-10-26 16:00:00.000,0.0001,
2022-10-27 00:00:00.000,-5.624e-05,
2022-10-27 08:00:00.000,0.0001,
2022-10-27 16:00:00.000,0.0001,
2022-10-28 00:00:00.000,-4.431e-05,
2022-10-28 08:00:00.000,-3.283e-05,
2022-10-28 16:00:00.000,0.0001,
2022-10-29 00:00:00.000,-5.9e-07,
2022-10-29 08:00:00.000,0.0001,
2022-10-29 16:00:00.000,0.0001,
2022-10-30 00:00:00.000,0.0001,
2022-10-30 08:00:00.000,0.0001,
2022-10-30 16:00:00.000,1.559e-05,
2022-10-31 00:00:00.000,0.0001,
2022-10-31 08:00:00.000,0.0001,
2022-10-31 16:00:00.000,0.0001,
2022-11-01 00:00:00.000,2.473e-05,
2022-11-01 08:00:00.000,0.0001,
2022-11-01 16:00:00.000,0.0001,
2022-11-02 00:00:00.000,-1.604e-05,
2022-11-02 08:00:00.000,0.0001,
2022-11-02 16:00:00.000,0.0001,
2022-11-03 00:00:00.000,-8.244e-05,
2022-11-03 08:00:00.000,7.333e-05,
2022-11-03 16:00:00.000,8.67e-05,
2022-11-04 00:00:00.000,-7.6e-06,
2022-11-04 08:00:00.000,0.0001,
2022-11-04 16:00:00.000,0.0001,
2022-11-05 00:00:00.000,5.909e-05,
2022-11-05 08:00:00.000,0.0001,
2022-11-05 16:00:00.000,0.0001,
2022-11-06 00:00:00.000,0.0001,
2022-11-06 08:00:00.000,0.0001,
2022-11-06 16:00:00.000,0.0001,
2022-11-07 00:00:00.000,0.0001,
2022-11-07 08:00:00.000,0.0001,
2022-11-07 16:00:00.000,0.0001,
2022-11-08 00:00:00.000,0.0001,
2022-11-08 08:00:00.000,0.0001,
2022-11-08 16:00:00.000,0.0001,
2022-11-09 00:00:00.000,-0.00093037,
2022-11-09 08:00:00.000,-0.00034647,
2022-11-09 16:00:00.000,-0.00029053,
2022-11-10 00:00:00.000,-0.00089037,
2022-11-10 08:00:00.000,-0.00158139,
2022-11-10 16:00:00.000,-0.00030189,
2022-11-11 00:00:00.000,-0.00033531,
2022-11-11 08:00:00.000,-0.00010379,
2022-11-11 16:00:00.000,0.0001,
2022-11-12 00:00:00.000,4.994e-05,
2022-11-12 08:00:00.000,-4.759e-05,
2022-11-12 16:00:00.000,4.749e-05,
2022-11-13 00:00:00.000,0.0001,
2022-11-13 08:00:00.000,0.0001,
2022-11-13 16:00:00.000,0.0001,
2022-11-14 00:00:00.000,0.0001,
2022-11-14 08:00:00.000,0.0001,
2022-11-14 16:00:00.000,0.0001,
2022-11-15 00:00:00.000,8.48e-05,
2022-11-15 08:00:00.000,0.0001,
2022-11-15 16:00:00.000,0.0001,
2022-11-16 00:00:00.000,1.052e-05,
2022-11-16 08:00:00.000,7.607e-05,
2022-11-16 16:00:00.000,0.0001,
2022-11-17 00:00:00.000,0.0001,
2022-11-17 08:00:00.000,0.0001,
2022-11-17 16:00:00.000,0.0001,
2022-11-18 00:00:00.000,6.158e-05,
2022-11-18 08:00:00.000,0.0001,
2022-11-18 16:00:00.000,0.0001,
2022-11-19 00:00:00.000,0.0001,
2022-11-19 08:00:00.000,0.0001,
2022-11-19 16:00:00.000,0.0001,
2022-11-20 00:00:00.000,0.0001,
2022-11-20 08:00:00.000,0.0001,
2022-11-20 16:00:00.000,0.0001,
2022-11-21 00:00:00.000,0.0001,
2022-11-21 08:00:00.000,0.0001,
2022-11-21 16:00:00.000,0.0001,
2022-11-22 00:00:00.000,-0.00010316,
2022-11-22 08:00:00.000,0.0001,
2022-11-22 16:00:00.000,0.0001,
2022-11-23 00:00:00.000,-2.473e-05,
2022-11-23 08:00:00.000,0.0001,
2022-11-23 16:00:00.000,0.0001,
2022-11-24 00:00:00.000,0.0001,
2022-11-24 08:00:00.000,0.0001,
2022-11-24 16:00:00.000,0.0001,
2022-11-25 00:00:00.000,7.008e-05,
2022-11-25 08:00:00.000,0.0001,
2022-11-25 16:00:00.000,0.0001,
2022-11-26 00:00:00.000,0.0001,
2022-11-26 08:00:00.000,0.0001,
2022-11-26 16:00:00.000,0.0001,
2022-11-27 00:00:00.000,0.0001,
2022-11-27 08:00:00.000,0.0001,
2022-11-27 16:00:00.000,8.183e-05,
2022-11-28 00:00:00.000,2.831e-05,
2022-11-28 08:00:00.000,0.0001,
2022-11-28 16:00:00.000,0.0001,
2022-11-29 00:00:00.000,0.0001,
2022-11-29 08:00:00.000,0.0001,
2022-11-29 16:00:00.000,0.0001,
2022-11-30 00:00:00.000,0.0001,
2022-11-30 08:00:00.000,0.0001,
2022-11-30 16:00:00.000,0.0001,
2022-12-01 00:00:00.000,0.0001,
2022-12-01 08:00:00.000,0.0001,
2022-12-01 16:00:00.000,0.0001,
2022-12-02 00:00:00.000,0.0001,
2022-12-02 08:00:00.000,0.0001,
2022-12-02 16:00:00.000,0.0001,
2022-12-03 00:00:00.000,0.0001,
2022-12-03 08:00:00.000,0.0001,
2022-12-03 16:00:00.000,0.0001,
2022-12-04 00:00:00.000,0.0001,
2022-12-04 08:00:00.000,0.0001,
2022-12-04 16:00:00.000,0.0001,
2022-12-05 00:00:00.000,9.648e-05,
2022-12-05 08:00:00.000,0.0001,
2022-12-05 16:00:00.000,0.0001,
2022-12-06 00:00:00.000,0.0001,
2022-12-06 08:00:00.000,0.0001,
2022-12-06 16:00:00.000,0.0001,
2022-12-07 00:00:00.000,0.0001,
2022-12-07 08:00:00.000,0.0001,
2022-12-07 16:00:00.000,0.0001,
2022-12-08 00:00:00.000,-0.00025837,
2022-12-08 08:00:00.000,-9.681e-05,
2022-12-08 16:00:00.000,0.0001,
2022-12-09 00:00:00.000,-1.692e-05,
2022-12-09 08:00:00.000,0.0001,
2022-12-09 16:00:00.000,0.0001,
2022-12-10 00:00:00.000,0.0001,
2022-12-10 08:00:00.000,0.0001,
2022-12-10 16:00:00.000,0.0001,
2022-12-11 00:00:00.000,9.005e-05,
2022-12-11 08:00:00.000,-3.575e-05,
2022-12-11 16:00:00.000,0.0001,
2022-12-12 00:00:00.000,0.0001,
2022-12-12 08:00:00.000,0.0001,
2022-12-12 16:00:00.000,0.0001,
2022-12-13 00:00:00.000,-0.00019544,
2022-12-13 08:00:00.000,0.0001,
2022-12-13 16:00:00.000,0.0001,
2022-12-14 00:00:00.000,0.0001,
2022-12-14 08:00:00.000,0.0001,
2022-12-14 16:00:00.000,0.0001,
2022-12-15 00:00:00.000,0.0001,
2022-12-15 08:00:00.000,0.0001,
2022-12-15 16:00:00.000,0.0001,
2022-12-16 00:00:00.000,0.0001,
2022-12-16 08:00:00.000,0.0001,
2022-12-16 16:00:00.000,0.0001,
2022-12-17 00:00:00.000,-0.00022779,
2022-12-17 08:00:00.000,0.0001,
2022-12-17 16:00:00.000,0.0001,
2022-12-18 00:00:00.000,0.0001,
2022-12-18 08:00:00.000,0.0001,
2022-12-18 16:00:00.000,0.0001,
2022-12-19 00:00:00.000,0.0001,
2022-12-19 08:00:00.000,-1.467e-05,
2022-12-19 16:00:00.000,0.0001,
2022-12-20 00:00:00.000,-0.00022106,
2022-12-20 08:00:00.000,0.0001,
2022-12-20 16:00:00.000,0.0001,
2022-12-21 00:00:00.000,-8.828e-05,
2022-12-21 08:00:00.000,0.0001,
2022-12-21 16:00:00.000,0.0001,
2022-12-22 00:00:00.000,3.303e-05,
2022-12-22 08:00:00.000,0.0001,
2022-12-22 16:00:00.000,0.0001,
2022-12-23 00:00:00.000,6.65e-05,
2022-12-23 08:00:00.000,6.397e-05,
2022-12-23 16:00:00.000,8.842e-05,
2022-12-24 00:00:00.000,0.0001,
2022-12-24 08:00:00.000,0.0001,
2022-12-24 16:00:00.000,0.0001,
2022-12-25 00:00:00.000,0.0001,
2022-12-25 08:00:00.000,0.0001,
2022-12-25 16:00:00.000,0.0001,
2022-12-26 00:00:00.000,0.0001,
2022-12-26 08:00:00.000,-0.00018523,
2022-12-26 16:00:00.000,-0.00025824,
2022-12-27 00:00:00.000,-0.00052719,
2022-12-27 08:00:00.000,0.0001,
2022-12-27 16:00:00.000,4.086e-05,
2022-12-28 00:00:00.000,-0.00038662,
2022-12-28 08:00:00.000,0.0001,
2022-12-28 16:00:00.000,0.0001,
2022-12-29 00:00:00.000,0.0001,
2022-12-29 08:00:00.000,0.0001,
2022-12-29 16:00:00.000,0.0001,
2022-12-30 00:00:00.000,0.0001,
2022-12-30 08:00:00.000,0.0001,
2022-12-30 16:00:00.000,0.0001,
2022-12-31 00:00:00.000,0.0001,
2022-12-31 08:00:00.000,0.0001,
2022-12-31 16:00:00.000,0.0001,
2023-01-01 00:00:00.000,0.0001,
2023-01-01 08:00:00.000,0.0001,
2023-01-01 16:00:00.000,0.0001,
2023-01-02 00:00:00.000,0.0001,
2023-01-02 08:00:00.000,-0.00012927,
2023-01-02 16:00:00.000,-5.114e-05,
2023-01-03 00:00:00.000,-0.00031424,
2023-01-03 08:00:00.000,0.0001,
2023-01-03 16:00:00.000,0.0001,
2023-01-04 00:00:00.000,0.0001,
2023-01-04 08:00:00.000,0.0001,
2023-01-04 16:00:00.000,0.0001,
2023-01-05 00:00:00.000,-5.597e-05,
2023-01-05 08:00:00.000,0.0001,
2023-01-05 16:00:00.000,0.0001,
2023-01-06 00:00:00.000,0.0001,
2023-01-06 08:00:00.000,0.0001,
2023-01-06 16:00:00.000,0.0001,
2023-01-07 00:00:00.000,0.0001,
2023-01-07 08:00:00.000,0.0001,
2023-01-07 16:00:00.000,0.0001,
2023-01-08 00:00:00.000,0.0001,
2023-01-08 08:00:00.000,0.0001,
2023-01-08 16:00:00.000,0.0001,
2023-01-09 00:00:00.000,9.09e-05,
2023-01-09 08:00:00.000,0.0001,
2023-01-09 16:00:00.000,0.0001,
2023-01-10 00:00:00.000,0.0001,
2023-01-10 08:00:00.000,0.0001,
2023-01-10 16:00:00.000,0.0001,
2023-01-11 00:00:00.000,0.0001,
2023-01-11 08:00:00.000,0.0001,
2023-01-11 16:00:00.000,0.0001,
2023-01-12 00:00:00.000,0.0001,
2023-01-12 08:00:00.000,0.0001,
2023-01-12 16:00:00.000,0.0001,
2023-01-13 00:00:00.000,0.0001,
2023-01-13 08:00:00.000,0.0001,
2023-01-13 16:00:00.000,0.0001,
2023-01-14 00:00:00.000,0.0001,
2023-01-14 08:00:00.000,0.0001,
2023-01-14 16:00:00.000,0.0001,
2023-01-15 00:00:00.000,0.0001,
2023-01-15 08:00:00.000,0.0001,
2023-01-15 16:00:00.000,0.0001,
2023-01-16 00:00:00.000,0.0001,
2023-01-16 08:00:00.000,0.0001,
2023-01-16 16:00:00.000,0.0001,
2023-01-17 00:00:00.000,0.0001,
2023-01-17 08:00:00.000,0.0001,
2023-01-17 16:00:00.000,0.0001,
2023-01-18 00:00:00.000,0.0001,
2023-01-18 08:00:00.000,0.0001,
2023-01-18 16:00:00.000,0.0001,
2023-01-19 00:00:00.000,0.0001,
2023-01-19 08:00:00.000,0.0001,
2023-01-19 16:00:00.000,0.0001,
2023-01-20 00:00:00.000,0.0001,
2023-01-20 08:00:00.000,0.0001,
2023-01-20 16:00:00.000,0.0001,
2023-01-21 00:00:00.000,0.0001,
2023-01-21 08:00:00.000,0.0001,
2023-01-21 16:00:00.000,0.0001,
2023-01-22 00:00:00.000,0.0001,
2023-01-22 08:00:00.000,0.0001,
2023-01-22 16:00:00.000,0.0001,
2023-01-23 00:00:00.000,0.0001,
2023-01-23 08:00:00.000,0.0001,
2023-01-23 16:00:00.000,0.00017536,
2023-01-24 00:00:00.000,0.0001,
2023-01-24 08:00:00.000,0.00018604,
2023-01-24 16:00:00.000,0.0001,
2023-01-25 00:00:00.000,0.0001,
2023-01-25 08:00:00.000,0.0001,
2023-01-25 16:00:00.000,0.0001,
2023-01-26 00:00:00.000,0.0001,
2023-01-26 08:00:00.000,0.00011271,
2023-01-26 16:00:00.000,0.0001,
2023-01-27 00:00:00.000,0.0001,
2023-01-27 08:00:00.000,0.0001,
2023-01-27 16:00:00.000,0.0001,
2023-01-28 00:00:00.000,0.0001,
2023-01-28 08:00:00.000,0.0001,
2023-01-28 16:00:00.000,0.0001,
2023-01-29 00:00:00.000,0.0001,
2023-01-29 08:00:00.000,0.0001,
2023-01-29 16:00:00.000,0.0001,
2023-01-30 00:00:00.000,0.0001,
2023-01-30 08:00:00.000,0.0001,
2023-01-30 16:00:00.000,0.0001,
2023-01-31 00:00:00.000,0.0001,
2023-01-31 08:00:00.000,0.0001,
2023-01-31 16:00:00.000,0.0001,
2023-02-01 00:00:00.000,0.0001,
2023-02-01 08:00:00.000,0.0001,
2023-02-01 16:00:00.000,0.0001,
2023-02-02 00:00:00.000,0.0001,
2023-02-02 08:00:00.000,0.00011999,
2023-02-02 16:00:00.000,0.00022004,
2023-02-03 00:00:00.000,0.00043132,
2023-02-03 08:00:00.000,0.0001,
2023-02-03 16:00:00.000,0.0001,
2023-02-04 00:00:00.000,0.0001,
2023-02-04 08:00:00.000,0.0001,
2023-02-04 16:00:00.000,0.0001,
2023-02-05 00:00:00.000,0.0001,
2023-02-05 08:00:00.000,0.0001,
2023-02-05 16:00:00.000,0.0001,
2023-02-06 00:00:00.000,0.0001,
2023-02-06 08:00:00.000,0.0001,
2023-02-06 16:00:00.000,0.0001,
2023-02-07 00:00:00.000,0.0001,
2023-02-07 08:00:00.000,0.0001,
2023-02-07 16:00:00.000,0.0001,
2023-02-08 00:00:00.000,0.0001,
2023-02-08 08:00:00.000,0.0001,
2023-02-08 16:00:00.000,0.0001,
2023-02-09 00:00:00.000,0.0001,
2023-02-09 08:00:00.000,0.0001,
2023-02-09 16:00:00.000,0.0001,
2023-02-10 00:00:00.000,0.0001,
2023-02-10 08:00:00.000,0.0001,
2023-02-10 16:00:00.000,0.0001,
2023-02-11 00:00:00.000,0.0001,
2023-02-11 08:00:00.000,0.0001,
2023-02-11 16:00:00.000,0.0001,
2023-02-12 00:00:00.000,0.0001,
2023-02-12 08:00:00.000,5.668e-05,
2023-02-12 16:00:00.000,6.232e-05,
2023-02-13 00:00:00.000,0.0001,
2023-02-13 08:00:00.000,0.0001,
2023-02-13 16:00:00.000,0.0001,
2023-02-14 00:00:00.000,0.0001,
2023-02-14 08:00:00.000,0.0001,
2023-02-14 16:00:00.000,0.0001,
2023-02-15 00:00:00.000,0.0001,
2023-02-15 08:00:00.000,0.0001,
2023-02-15 16:00:00.000,7.993e-05,
2023-02-16 00:00:00.000,0.0001,
2023-02-16 08:00:00.000,0.0001,
2023-02-16 16:00:00.000,0.0001,
2023-02-17 00:00:00.000,0.0001,
2023-02-17 08:00:00.000,0.0001,
2023-02-17 16:00:00.000,0.0001,
2023-02-18 00:00:00.000,0.0001,
2023-02-18 08:00:00.000,0.0001,
2023-02-18 16:00:00.000,0.0001,
2023-02-19 00:00:00.000,0.0001,
2023-02-19 08:00:00.000,0.0001,
2023-02-19 16:00:00.000,0.0001,
2023-02-20 00:00:00.000,0.0001,
2023-02-20 08:00:00.000,0.0001,
2023-02-20 16:00:00.000,0.0001,
2023-02-21 00:00:00.000,0.0001,
2023-02-21 08:00:00.000,0.0001,
2023-02-21 16:00:00.000,0.0001,
2023-02-22 00:00:00.000,0.0001,
2023-02-22 08:00:00.000,0.0001,
2023-02-22 16:00:00.000,0.0001,
2023-02-23 00:00:00.000,0.0001,
2023-02-23 08:00:00.000,0.0001,
2023-02-23 16:00:00.000,0.0001,
2023-02-24 00:00:00.000,0.0001,
2023-02-24 08:00:00.000,0.0001,
2023-02-24 16:00:00.000,0.0001,
2023-02-25 00:00:00.000,0.0001,
2023-02-25 08:00:00.000,0.0001,
2023-02-25 16:00:00.000,0.0001,
2023-02-26 00:00:00.000,0.0001,
2023-02-26 08:00:00.000,4.599e-05,
2023-02-26 16:00:00.000,0.0001,
2023-02-27 00:00:00.000,0.0001,
2023-02-27 08:00:00.000,0.0001,
2023-02-27 16:00:00.000,0.0001,
2023-02-28 00:00:00.000,0.0001,
2023-02-28 08:00:00.000,0.0001,
2023-02-28 16:00:00.000,0.0001,
2023-03-01 00:00:00.000,0.0001,
2023-03-01 08:00:00.000,0.0001,
2023-03-01 16:00:00.000,0.0001,
2023-03-02 00:00:00.000,0.0001,
2023-03-02 08:00:00.000,0.0001,
2023-03-02 16:00:00.000,0.0001,
2023-03-03 00:00:00.000,0.0001,
2023-03-03 08:00:00.000,0.0001,
2023-03-03 16:00:00.000,0.0001,
2023-03-04 00:00:00.000,0.0001,
2023-03-04 08:00:00.000,0.0001,
2023-03-04 16:00:00.000,0.0001,
2023-03-05 00:00:00.000,0.0001,
2023-03-05 08:00:00.000,0.0001,
2023-03-05 16:00:00.000,0.0001,
2023-03-06 00:00:00.000,0.0001,
2023-03-06 08:00:00.000,0.0001,
2023-03-06 16:00:00.000,0.0001,
2023-03-07 00:00:00.000,4.05e-05,
2023-03-07 08:00:00.000,0.0001,
2023-03-07 16:00:00.000,0.0001,
2023-03-08 00:00:00.000,1.711e-05,
2023-03-08 08:00:00.000,0.0001,
2023-03-08 16:00:00.000,8.032e-05,
2023-03-09 00:00:00.000,0.0001,
2023-03-09 08:00:00.000,0.0001,
2023-03-09 16:00:00.000,0.0001,
2023-03-10 00:00:00.000,0.0001,
2023-03-10 08:00:00.000,0.0001,
2023-03-10 16:00:00.000,0.0001,
2023-03-11 00:00:00.000,0.0001,
2023-03-11 08:00:00.000,0.0001,
2023-03-11 16:00:00.000,0.0001,
2023-03-12 00:00:00.000,0.0001,
2023-03-12 08:00:00.000,0.0001,
2023-03-12 16:00:00.000,0.0001,
2023-03-13 00:00:00.000,0.0001,
2023-03-13 08:00:00.000,0.0001,
2023-03-13 16:00:00.000,0.0001,
2023-03-14 00:00:00.000,0.0001,
2023-03-14 08:00:00.000,0.0001,
2023-03-14 16:00:00.000,0.0001,
2023-03-15 00:00:00.000,0.0001,
2023-03-15 08:00:00.000,0.0001,
2023-03-15 16:00:00.000,0.0001,
2023-03-16 00:00:00.000,0.0001,
2023-03-16 08:00:00.000,0.0001,
2023-03-16 16:00:00.000,0.0001,
2023-03-17 00:00:00.000,0.0001,
2023-03-17 08:00:00.000,0.0001,
2023-03-17 16:00:00.000,0.0001,
2023-03-18 00:00:00.000,0.0001,
2023-03-18 08:00:00.000,0.0001,
2023-03-18 16:00:00.000,0.0001,
2023-03-19 00:00:00.000,0.0001,
2023-03-19 08:00:00.000,0.0001,
2023-03-19 16:00:00.000,0.0001,
2023-03-20 00:00:00.000,0.0001,
2023-03-20 08:00:00.000,0.0001,
2023-03-20 16:00:00.000,0.0001,
2023-03-21 00:00:00.000,0.0001,
2023-03-21 08:00:00.000,0.0001,
2023-03-21 16:00:00.000,0.0001,
2023-03-22 00:00:00.000,0.0001,
2023-03-22 08:00:00.000,0.0001,
2023-03-22 16:00:00.000,0.0001,
2023-03-23 00:00:00.000,0.0001,
2023-03-23 08:00:00.000,0.0001,
2023-03-23 16:00:00.000,0.0001,
2023-03-24 00:00:00.000,0.0001,
2023-03-24 08:00:00.000,0.0001,
2023-03-24 16:00:00.000,0.0001,
2023-03-25 00:00:00.000,0.0001,
2023-03-25 08:00:00.000,0.0001,
2023-03-25 16:00:00.000,0.0001,
2023-03-26 00:00:00.000,0.0001,
2023-03-26 08:00:00.000,0.0001,
2023-03-26 16:00:00.000,0.0001,
2023-03-27 00:00:00.000,5.12e-05,
2023-03-27 08:00:00.000,0.0001,
2023-03-27 16:00:00.000,0.0001,
2023-03-28 00:00:00.000,-5.85e-06,
2023-03-28 08:00:00.000,2.618e-05,
2023-03-28 16:00:00.000,3.98e-06,
2023-03-29 00:00:00.000,-7.019e-05,
2023-03-29 08:00:00.000,9.075e-05,
2023-03-29 16:00:00.000,0.0001,
2023-03-30 00:00:00.000,9.179e-05,
2023-03-30 08:00:00.000,0.0001,
2023-03-30 16:00:00.000,0.0001,
2023-03-31 00:00:00.000,0.0001,
2023-03-31 08:00:00.000,0.0001,
2023-03-31 16:00:00.000,0.0001,
2023-04-01 00:00:00.000,0.0001,
2023-04-01 08:00:00.000,0.0001,
2023-04-01 16:00:00.000,0.0001,
2023-04-02 00:00:00.000,0.0001,
2023-04-02 08:00:00.000,7.051e-05,
2023-04-02 16:00:00.000,0.0001,
2023-04-03 00:00:00.000,0.0001,
2023-04-03 08:00:00.000,0.0001,
2023-04-03 16:00:00.000,0.0001,
2023-04-04 00:00:00.000,0.0001,
2023-04-04 08:00:00.000,7.586e-05,
2023-04-04 16:00:00.000,0.0001,
2023-04-05 00:00:00.000,4.827e-05,
2023-04-05 08:00:00.000,0.0001,
2023-04-05 16:00:00.000,0.0001,
2023-04-06 00:00:00.000,5.222e-05,
2023-04-06 08:00:00.000,-3.26e-06,
2023-04-06 16:00:00.000,0.0001,
2023-04-07 00:00:00.000,0.0001,
2023-04-07 08:00:00.000,7.238e-05,
2023-04-07 16:00:00.000,0.0001,
2023-04-08 00:00:00.000,4.6e-05,
2023-04-08 08:00:00.000,0.0001,
2023-04-08 16:00:00.000,0.0001,
2023-04-09 00:00:00.000,0.0001,
2023-04-09 08:00:00.000,0.0001,
2023-04-09 16:00:00.000,9.296e-05,
2023-04-10 00:00:00.000,4.156e-05,
2023-04-10 08:00:00.000,-4.195e-05,
2023-04-10 16:00:00.000,0.0001,
2023-04-11 00:00:00.000,-3.574e-05,
2023-04-11 08:00:00.000,0.0001,
2023-04-11 16:00:00.000,0.0001,
2023-04-12 00:00:00.000,0.0001,
2023-04-12 08:00:00.000,0.0001,
2023-04-12 16:00:00.000,0.0001,
2023-04-13 00:00:00.000,2.366e-05,
2023-04-13 08:00:00.000,0.0001,
2023-04-13 16:00:00.000,0.0001,
2023-04-14 00:00:00.000,0.0001,
2023-04-14 08:00:00.000,0.0001,
2023-04-14 16:00:00.000,0.00019855,
2023-04-15 00:00:00.000,0.0001,
2023-04-15 08:00:00.000,0.0001,
2023-04-15 16:00:00.000,0.0001,
2023-04-16 00:00:00.000,0.0001,
2023-04-16 08:00:00.000,0.0001,
2023-04-16 16:00:00.000,0.0001,
2023-04-17 00:00:00.000,0.0001,
2023-04-17 08:00:00.000,0.0001,
2023-04-17 16:00:00.000,0.0001,
2023-04-18 00:00:00.000,0.0001,
2023-04-18 08:00:00.000,0.0001,
2023-04-18 16:00:00.000,0.0001,
2023-04-19 00:00:00.000,0.0001,
2023-04-19 08:00:00.000,0.00024774,
2023-04-19 16:00:00.000,0.0001,
2023-04-20 00:00:00.000,4.1e-07,
2023-04-20 08:00:00.000,0.0001,
2023-04-20 16:00:00.000,0.0001,
2023-04-21 00:00:00.000,0.0001,
2023-04-21 08:00:00.000,-2.254e-05,
2023-04-21 16:00:00.000,0.0001,
2023-04-22 00:00:00.000,-2.809e-05,
2023-04-22 08:00:00.000,1.407e-05,
2023-04-22 16:00:00.000,0.0001,
2023-04-23 00:00:00.000,0.0001,
2023-04-23 08:00:00.000,0.0001,
2023-04-23 16:00:00.000,0.0001,
2023-04-24 00:00:00.000,4.727e-05,
2023-04-24 08:00:00.000,7.102e-05,
2023-04-24 16:00:00.000,0.0001,
2023-04-25 00:00:00.000,-0.00010098,
2023-04-25 08:00:00.000,7.057e-05,
2023-04-25 16:00:00.000,0.0001,
2023-04-26 00:00:00.000,-0.00011242,
2023-04-26 08:00:00.000,0.0001,
2023-04-26 16:00:00.000,0.0001,
2023-04-27 00:00:00.000,-0.00012905,
2023-04-27 08:00:00.000,4.2e-05,
2023-04-27 16:00:00.000,0.0001,
2023-04-28 00:00:00.000,-0.00016919,
2023-04-28 08:00:00.000,3.832e-05,
2023-04-28 16:00:00.000,0.0001,
2023-04-29 00:00:00.000,-2.847e-05,
2023-04-29 08:00:00.000,0.0001,
2023-04-29 16:00:00.000,0.0001,
2023-04-30 00:00:00.000,0.0001,
2023-04-30 08:00:00.000,0.0001,
2023-04-30 16:00:00.000,0.0001,
2023-05-01 00:00:00.000,0.0001,
2023-05-01 08:00:00.000,0.0001,
2023-05-01 16:00:00.000,7.474e-05,
2023-05-02 00:00:00.000,-1.201e-05,
2023-05-02 08:00:00.000,6.015e-05,
2023-05-02 16:00:00.000,0.0001,
2023-05-03 00:00:00.000,-9.239e-05,
2023-05-03 08:00:00.000,9.685e-05,
2023-05-03 16:00:00.000,0.0001,
2023-05-04 00:00:00.000,-6.493e-05,
2023-05-04 08:00:00.000,0.0001,
2023-05-04 16:00:00.000,0.0001,
2023-05-05 00:00:00.000,0.0001,
2023-05-05 08:00:00.000,-5.727e-05,
2023-05-05 16:00:00.000,0.0001,
2023-05-06 00:00:00.000,1.319e-05,
2023-05-06 08:00:00.000,0.0001,
2023-05-06 16:00:00.000,0.0001,
2023-05-07 00:00:00.000,0.0001,
2023-05-07 08:00:00.000,6.771e-05,
2023-05-07 16:00:00.000,4.041e-05,
2023-05-08 00:00:00.000,0.0001,
2023-05-08 08:00:00.000,-4.77e-05,
2023-05-08 16:00:00.000,-4.08e-05,
2023-05-09 00:00:00.000,-0.00019132,
2023-05-09 08:00:00.000,4.47e-06,
2023-05-09 16:00:00.000,-7.112e-05,
2023-05-10 00:00:00.000,-0.00020222,
2023-05-10 08:00:00.000,-7.511e-05,
2023-05-10 16:00:00.000,0.0001,
2023-05-11 00:00:00.000,2.23e-05,
2023-05-11 08:00:00.000,0.0001,
2023-05-11 16:00:00.000,0.0001,
2023-05-12 00:00:00.000,0.0001,
2023-05-12 08:00:00.000,5.31e-05,
2023-05-12 16:00:00.000,0.0001,
2023-05-13 00:00:00.000,6.198e-05,
2023-05-13 08:00:00.000,5.877e-05,
2023-05-13 16:00:00.000,1.742e-05,
2023-05-14 00:00:00.000,3.856e-05,
2023-05-14 08:00:00.000,6.032e-05,
2023-05-14 16:00:00.000,9.6e-06,
2023-05-15 00:00:00.000,1.52e-05,
2023-05-15 08:00:00.000,-6.721e-05,
2023-05-15 16:00:00.000,8.432e-05,
2023-05-16 00:00:00.000,-0.00010333,
2023-05-16 08:00:00.000,-0.00013118,
2023-05-16 16:00:00.000,-2.861e-05,
2023-05-17 00:00:00.000,-0.00014306,
2023-05-17 08:00:00.000,8.241e-05,
2023-05-17 16:00:00.000,0.0001,
2023-05-18 00:00:00.000,0.0001,
2023-05-18 08:00:00.000,7.595e-05,
2023-05-18 16:00:00.000,0.0001,
2023-05-19 00:00:00.000,0.0001,
2023-05-19 08:00:00.000,5.34e-05,
2023-05-19 16:00:00.000,9.102e-05,
2023-05-20 00:00:00.000,4.702e-05,
2023-05-20 08:00:00.000,0.0001,
2023-05-20 16:00:00.000,0.0001,
2023-05-21 00:00:00.000,0.0001,
2023-05-21 08:00:00.000,0.0001,
2023-05-21 16:00:00.000,0.0001,
2023-05-22 00:00:00.000,0.0001,
2023-05-22 08:00:00.000,2.706e-05,
2023-05-22 16:00:00.000,0.0001,
2023-05-23 00:00:00.000,-0.00015056,
2023-05-23 08:00:00.000,0.0001,
2023-05-23 16:00:00.000,0.0001,
2023-05-24 00:00:00.000,9.97e-06,
2023-05-24 08:00:00.000,0.0001,
2023-05-24 16:00:00.000,0.0001,
2023-05-25 00:00:00.000,4.721e-05,
2023-05-25 08:00:00.000,7.977e-05,
2023-05-25 16:00:00.000,0.0001,
2023-05-26 00:00:00.000,5.774e-05,
2023-05-26 08:00:00.000,0.0001,
2023-05-26 16:00:00.000,0.0001,
2023-05-27 00:00:00.000,6.31e-06,
2023-05-27 08:00:00.000,-2.466e-05,
2023-05-27 16:00:00.000,3.753e-05,
2023-05-28 00:00:00.000,7.083e-05,
2023-05-28 08:00:00.000,0.0001,
2023-05-28 16:00:00.000,5.909e-05,
2023-05-29 00:00:00.000,0.0001,
2023-05-29 08:00:00.000,0.0001,
2023-05-29 16:00:00.000,0.0001,
2023-05-30 00:00:00.000,2.136e-05,
2023-05-30 08:00:00.000,0.0001,
2023-05-30 16:00:00.000,0.0001,
2023-05-31 00:00:00.000,9.86e-05,
2023-05-31 08:00:00.000,0.0001,
2023-05-31 16:00:00.000,0.0001,
2023-06-01 00:00:00.000,0.0001,
2023-06-01 08:00:00.000,0.0001,
2023-06-01 16:00:00.000,0.0001,
2023-06-02 00:00:00.000,0.0001,
2023-06-02 08:00:00.000,0.0001,
2023-06-02 16:00:00.000,0.0001,
2023-06-03 00:00:00.000,0.0001,
2023-06-03 08:00:00.000,0.0001,
2023-06-03 16:00:00.000,0.0001,
2023-06-04 00:00:00.000,0.0001,
2023-06-04 08:00:00.000,0.0001,
2023-06-04 16:00:00.000,0.0001,
2023-06-05 00:00:00.000,0.0001,
2023-06-05 08:00:00.000,0.0001,
2023-06-05 16:00:00.000,0.0001,
2023-06-06 00:00:00.000,0.0001,
2023-06-06 08:00:00.000,0.0001,
2023-06-06 16:00:00.000,0.0001,
2023-06-07 00:00:00.000,0.0001,
2023-06-07 08:00:00.000,0.0001,
2023-06-07 16:00:00.000,0.0001,
2023-06-08 00:00:00.000,0.0001,
2023-06-08 08:00:00.000,0.0001,
2023-06-08 16:00:00.000,0.0001,
2023-06-09 00:00:00.000,0.0001,
2023-06-09 08:00:00.000,0.0001,
2023-06-09 16:00:00.000,0.0001,
2023-06-10 00:00:00.000,0.0001,
2023-06-10 08:00:00.000,5.272e-05,
2023-06-10 16:00:00.000,0.0001,
2023-06-11 00:00:00.000,2.907e-05,
2023-06-11 08:00:00.000,3.24e-06,
2023-06-11 16:00:00.000,2.466e-05,
2023-06-12 00:00:00.000,7.229e-05,
2023-06-12 08:00:00.000,0.0001,
2023-06-12 16:00:00.000,9.09e-05,
2023-06-13 00:00:00.000,-3.2e-06,
2023-06-13 08:00:00.000,7.619e-05,
2023-06-13 16:00:00.000,0.0001,
2023-06-14 00:00:00.000,4.02e-06,
2023-06-14 08:00:00.000,8.019e-05,
2023-06-14 16:00:00.000,5.932e-05,
2023-06-15 00:00:00.000,3.583e-05,
2023-06-15 08:00:00.000,1.114e-05,
2023-06-15 16:00:00.000,8.739e-05,
2023-06-16 00:00:00.000,8.448e-05,
2023-06-16 08:00:00.000,4.237e-05,
2023-06-16 16:00:00.000,5.83e-06,
2023-06-17 00:00:00.000,-0.00010656,
2023-06-17 08:00:00.000,1.686e-05,
2023-06-17 16:00:00.000,1.569e-05,
2023-06-18 00:00:00.000,-1.905e-05,
2023-06-18 08:00:00.000,-2.375e-05,
2023-06-18 16:00:00.000,-4.771e-05,
2023-06-19 00:00:00.000,0.0001,
2023-06-19 08:00:00.000,-4.983e-05,
2023-06-19 16:00:00.000,0.0001,
2023-06-20 00:00:00.000,-5.667e-05,
2023-06-20 08:00:00.000,0.0001,
2023-06-20 16:00:00.000,0.0001,
2023-06-21 00:00:00.000,-4.57e-06,
2023-06-21 08:00:00.000,0.0001,
2023-06-21 16:00:00.000,0.0001,
2023-06-22 00:00:00.000,0.0001,
2023-06-22 08:00:00.000,0.0001,
2023-06-22 16:00:00.000,0.0001,
2023-06-23 00:00:00.000,0.0001,
2023-06-23 08:00:00.000,7.228e-05,
2023-06-23 16:00:00.000,0.0001,
2023-06-24 00:00:00.000,0.0001,
2023-06-24 08:00:00.000,0.0001,
2023-06-24 16:00:00.000,0.0001,
2023-06-25 00:00:00.000,0.0001,
2023-06-25 08:00:00.000,0.0001,
2023-06-25 16:00:00.000,0.0001,
2023-06-26 00:00:00.000,0.0001,
2023-06-26 08:00:00.000,0.0001,
2023-06-26 16:00:00.000,0.0001,
2023-06-27 00:00:00.000,9.361e-05,
2023-06-27 08:00:00.000,0.0001,
2023-06-27 16:00:00.000,0.0001,
2023-06-28 00:00:00.000,0.0001,
2023-06-28 08:00:00.000,0.0001,
2023-06-28 16:00:00.000,0.0001,
2023-06-29 00:00:00.000,0.0001,
2023-06-29 08:00:00.000,6.69e-05,
2023-06-29 16:00:00.000,0.0001,
2023-06-30 00:00:00.000,1.489e-05,
2023-06-30 08:00:00.000,0.0001,
2023-06-30 16:00:00.000,0.0001,
2023-07-01 00:00:00.000,0.0001,
2023-07-01 08:00:00.000,0.0001,
2023-07-01 16:00:00.000,0.0001,
2023-07-02 00:00:00.000,0.0001,
2023-07-02 08:00:00.000,0.0001,
2023-07-02 16:00:00.000,0.0001,
2023-07-03 00:00:00.000,0.0001,
2023-07-03 08:00:00.000,0.0001,
2023-07-03 16:00:00.000,0.0001,
2023-07-04 00:00:00.000,0.0001,
2023-07-04 08:00:00.000,0.0001,
2023-07-04 16:00:00.000,0.0001,
2023-07-05 00:00:00.000,0.0001,
2023-07-05 08:00:00.000,0.0001,
2023-07-05 16:00:00.000,0.0001,
2023-07-06 00:00:00.000,0.0001,
2023-07-06 08:00:00.000,0.0001,
2023-07-06 16:00:00.000,0.0001,
2023-07-07 00:00:00.000,0.0001,
2023-07-07 08:00:00.000,0.0001,
2023-07-07 16:00:00.000,0.0001,
2023-07-08 00:00:00.000,0.0001,
2023-07-08 08:00:00.000,0.0001,
2023-07-08 16:00:00.000,0.0001,
2023-07-09 00:00:00.000,0.0001,
2023-07-09 08:00:00.000,0.0001,
2023-07-09 16:00:00.000,0.0001,
2023-07-10 00:00:00.000,0.0001,
2023-07-10 08:00:00.000,0.0001,
2023-07-10 16:00:00.000,7.094e-05,
2023-07-11 00:00:00.000,-6.437e-05,
2023-07-11 08:00:00.000,0.0001,
2023-07-11 16:00:00.000,0.0001,
2023-07-12 00:00:00.000,0.0001,
2023-07-12 08:00:00.000,5.672e-05,
2023-07-12 16:00:00.000,0.0001,
2023-07-13 00:00:00.000,0.0001,
2023-07-13 08:00:00.000,0.0001,
2023-07-13 16:00:00.000,0.0001,
2023-07-14 00:00:00.000,0.0001,
2023-07-14 08:00:00.000,0.00013522,
2023-07-14 16:00:00.000,0.00035658,
2023-07-15 00:00:00.000,0.0001,
2023-07-15 08:00:00.000,0.0001,
2023-07-15 16:00:00.000,0.0001,
2023-07-16 00:00:00.000,0.0001,
2023-07-16 08:00:00.000,0.0001,
2023-07-16 16:00:00.000,0.0001,
2023-07-17 00:00:00.000,0.0001,
2023-07-17 08:00:00.000,0.0001,
2023-07-17 16:00:00.000,0.0001,
2023-07-18 00:00:00.000,0.0001,
2023-07-18 08:00:00.000,0.0001,
2023-07-18 16:00:00.000,0.0001,
2023-07-19 00:00:00.000,0.0001,
2023-07-19 08:00:00.000,0.0001,
2023-07-19 16:00:00.000,0.0001,
2023-07-20 00:00:00.000,0.0001,
2023-07-20 08:00:00.000,0.0001,
2023-07-20 16:00:00.000,0.0001,
2023-07-21 00:00:00.000,0.0001,
2023-07-21 08:00:00.000,0.0001,
2023-07-21 16:00:00.000,0.0001,
2023-07-22 00:00:00.000,8.247e-05,
2023-07-22 08:00:00.000,0.0001,
2023-07-22 16:00:00.000,0.0001,
2023-07-23 00:00:00.000,0.0001,
2023-07-23 08:00:00.000,9.141e-05,
2023-07-23 16:00:00.000,7.098e-05,
2023-07-24 00:00:00.000,5.243e-05,
2023-07-24 08:00:00.000,0.0001,
2023-07-24 16:00:00.000,0.0001,
2023-07-25 00:00:00.000,5.704e-05,
2023-07-25 08:00:00.000,0.0001,
2023-07-25 16:00:00.000,-7.62e-06,
2023-07-26 00:00:00.000,9.383e-05,
2023-07-26 08:00:00.000,0.0001,
2023-07-26 16:00:00.000,0.0001,
2023-07-27 00:00:00.000,-1.115e-05,
2023-07-27 08:00:00.000,0.0001,
2023-07-27 16:00:00.000,0.0001,
2023-07-28 00:00:00.000,9.63e-06,
2023-07-28 08:00:00.000,0.0001,
2023-07-28 16:00:00.000,0.0001,
2023-07-29 00:00:00.000,6.899e-05,
2023-07-29 08:00:00.000,0.0001,
2023-07-29 16:00:00.000,0.0001,
2023-07-30 00:00:00.000,0.0001,
2023-07-30 08:00:00.000,0.0001,
2023-07-30 16:00:00.000,0.0001,
2023-07-31 00:00:00.000,0.0001,
2023-07-31 08:00:00.000,0.0001,
2023-07-31 16:00:00.000,0.0001,
2023-08-01 00:00:00.000,-3.911e-05,
2023-08-01 08:00:00.000,8.337e-05,
2023-08-01 16:00:00.000,0.0001,
2023-08-02 00:00:00.000,6.442e-05,
2023-08-02 08:00:00.000,0.0001,
2023-08-02 16:00:00.000,0.0001,
2023-08-03 00:00:00.000,0.0001,
2023-08-03 08:00:00.000,0.0001,
2023-08-03 16:00:00.000,0.0001,
2023-08-04 00:00:00.000,0.0001,
2023-08-04 08:00:00.000,0.0001,
2023-08-04 16:00:00.000,0.0001,
2023-08-05 00:00:00.000,0.0001,
2023-08-05 08:00:00.000,0.0001,
2023-08-05 16:00:00.000,0.0001,
2023-08-06 00:00:00.000,0.0001,
2023-08-06 08:00:00.000,0.0001,
2023-08-06 16:00:00.000,0.0001,
2023-08-07 00:00:00.000,0.0001,
2023-08-07 08:00:00.000,0.0001,
2023-08-07 16:00:00.000,0.0001,
2023-08-08 00:00:00.000,0.0001,
2023-08-08 08:00:00.000,0.0001,
2023-08-08 16:00:00.000,0.0001,
2023-08-09 00:00:00.000,0.0001,
2023-08-09 08:00:00.000,0.0001,
2023-08-09 16:00:00.000,0.0001,
2023-08-10 00:00:00.000,0.0001,
2023-08-10 08:00:00.000,0.0001,
2023-08-10 16:00:00.000,0.0001,
2023-08-11 00:00:00.000,0.0001,
2023-08-11 08:00:00.000,0.0001,
2023-08-11 16:00:00.000,0.0001,
2023-08-12 00:00:00.000,0.0001,
2023-08-12 08:00:00.000,0.0001,
2023-08-12 16:00:00.000,0.0001,
2023-08-13 00:00:00.000,0.0001,
2023-08-13 08:00:00.000,0.0001,
2023-08-13 16:00:00.000,0.0001,
2023-08-14 00:00:00.000,0.0001,
2023-08-14 08:00:00.000,0.0001,
2023-08-14 16:00:00.000,0.0001,
2023-08-15 00:00:00.000,0.0001,
2023-08-15 08:00:00.000,0.0001,
2023-08-15 16:00:00.000,0.0001,
2023-08-16 00:00:00.000,0.0001,
2023-08-16 08:00:00.000,0.0001,
2023-08-16 16:00:00.000,0.0001,
2023-08-17 00:00:00.000,0.0001,
2023-08-17 08:00:00.000,0.0001,
2023-08-17 16:00:00.000,0.0001,
2023-08-18 00:00:00.000,-0.00041049,
2023-08-18 08:00:00.000,-1.536e-05,
2023-08-18 16:00:00.000,0.0001,
2023-08-19 00:00:00.000,5.704e-05,
2023-08-19 08:00:00.000,7.35e-06,
2023-08-19 16:00:00.000,1.861e-05,
2023-08-20 00:00:00.000,8.85e-06,
2023-08-20 08:00:00.000,2.704e-05,
2023-08-20 16:00:00.000,7.862e-05,
2023-08-21 00:00:00.000,9.39e-06,
2023-08-21 08:00:00.000,0.0001,
2023-08-21 16:00:00.000,6.586e-05,
2023-08-22 00:00:00.000,-4.724e-05,
2023-08-22 08:00:00.000,4.983e-05,
2023-08-22 16:00:00.000,3.208e-05,
2023-08-23 00:00:00.000,2.212e-05,
2023-08-23 08:00:00.000,3.446e-05,
2023-08-23 16:00:00.000,5.148e-05,
2023-08-24 00:00:00.000,-6.587e-05,
2023-08-24 08:00:00.000,2.431e-05,
2023-08-24 16:00:00.000,0.0001,
2023-08-25 00:00:00.000,2.131e-05,
2023-08-25 08:00:00.000,3.732e-05,
2023-08-25 16:00:00.000,0.0001,
2023-08-26 00:00:00.000,7.82e-05,
2023-08-26 08:00:00.000,0.0001,
2023-08-26 16:00:00.000,7.25e-05,
2023-08-27 00:00:00.000,0.0001,
2023-08-27 08:00:00.000,0.0001,
2023-08-27 16:00:00.000,4.654e-05,
2023-08-28 00:00:00.000,5.387e-05,
2023-08-28 08:00:00.000,6.026e-05,
2023-08-28 16:00:00.000,0.0001,
2023-08-29 00:00:00.000,2.52e-05,
2023-08-29 08:00:00.000,6.848e-05,
2023-08-29 16:00:00.000,0.0001,
2023-08-30 00:00:00.000,-1.352e-05,
2023-08-30 08:00:00.000,0.0001,
2023-08-30 16:00:00.000,0.0001,
2023-08-31 00:00:00.000,3.696e-05,
2023-08-31 08:00:00.000,0.0001,
2023-08-31 16:00:00.000,0.0001,
2023-09-01 00:00:00.000,-1.87e-05,
2023-09-01 08:00:00.000,0.0001,
2023-09-01 16:00:00.000,3.666e-05,
2023-09-02 00:00:00.000,-5.402e-05,
2023-09-02 08:00:00.000,7.401e-05,
2023-09-02 16:00:00.000,-5.162e-05,
2023-09-03 00:00:00.000,3.427e-05,
2023-09-03 08:00:00.000,2.288e-05,
2023-09-03 16:00:00.000,0.0001,
2023-09-04 00:00:00.000,0.0001,
2023-09-04 08:00:00.000,3.628e-05,
2023-09-04 16:00:00.000,2.219e-05,
2023-09-05 00:00:00.000,-4.468e-05,
2023-09-05 08:00:00.000,6.771e-05,
2023-09-05 16:00:00.000,7.126e-05,
2023-09-06 00:00:00.000,-6.624e-05,
2023-09-06 08:00:00.000,5.125e-05,
2023-09-06 16:00:00.000,0.0001,
2023-09-07 00:00:00.000,2.31e-06,
2023-09-07 08:00:00.000,0.0001,
2023-09-07 16:00:00.000,0.0001,
2023-09-08 00:00:00.000,1.446e-05,
2023-09-08 08:00:00.000,0.0001,
2023-09-08 16:00:00.000,2.738e-05,
2023-09-09 00:00:00.000,7.32e-06,
2023-09-09 08:00:00.000,1.621e-05,
2023-09-09 16:00:00.000,-6.4e-06,
2023-09-10 00:00:00.000,-6.017e-05,
2023-09-10 08:00:00.000,9.106e-05,
2023-09-10 16:00:00.000,0.0001,
2023-09-11 00:00:00.000,3.602e-05,
2023-09-11 08:00:00.000,2.955e-05,
2023-09-11 16:00:00.000,-0.00012362,
2023-09-12 00:00:00.000,-7.417e-05,
2023-09-12 08:00:00.000,1.889e-05,
2023-09-12 16:00:00.000,-5.59e-05,
2023-09-13 00:00:00.000,-7.761e-05,
2023-09-13 08:00:00.000,0.0001,
2023-09-13 16:00:00.000,2.877e-05,
2023-09-14 00:00:00.000,-4.929e-05,
2023-09-14 08:00:00.000,0.0001,
2023-09-14 16:00:00.000,0.0001,
2023-09-15 00:00:00.000,9.58e-06,
2023-09-15 08:00:00.000,6.984e-05,
2023-09-15 16:00:00.000,0.0001,
2023-09-16 00:00:00.000,-2.98e-06,
2023-09-16 08:00:00.000,0.0001,
2023-09-16 16:00:00.000,6.05e-05,
2023-09-17 00:00:00.000,0.0001,
2023-09-17 08:00:00.000,5.351e-05,
2023-09-17 16:00:00.000,1.216e-05,
2023-09-18 00:00:00.000,5.596e-05,
2023-09-18 08:00:00.000,0.0001,
2023-09-18 16:00:00.000,3.995e-05,
2023-09-19 00:00:00.000,-5.671e-05,
2023-09-19 08:00:00.000,7.81e-05,
2023-09-19 16:00:00.000,0.0001,
2023-09-20 00:00:00.000,-4.01e-05,
2023-09-20 08:00:00.000,9.031e-05,
2023-09-20 16:00:00.000,6.048e-05,
2023-09-21 00:00:00.000,1.104e-05,
2023-09-21 08:00:00.000,6.678e-05,
2023-09-21 16:00:00.000,0.0001,
2023-09-22 00:00:00.000,2.948e-05,
2023-09-22 08:00:00.000,-1.389e-05,
2023-09-22 16:00:00.000,4.483e-05,
2023-09-23 00:00:00.000,-7.28e-05,
2023-09-23 08:00:00.000,-1.74e-05,
2023-09-23 16:00:00.000,7.14e-06,
2023-09-24 00:00:00.000,0.0001,
2023-09-24 08:00:00.000,8.458e-05,
2023-09-24 16:00:00.000,9.369e-05,
2023-09-25 00:00:00.000,0.0001,
2023-09-25 08:00:00.000,5.014e-05,
2023-09-25 16:00:00.000,2.4e-07,
2023-09-26 00:00:00.000,-8.585e-05,
2023-09-26 08:00:00.000,-3.599e-05,
2023-09-26 16:00:00.000,3.12e-05,
2023-09-27 00:00:00.000,-6.042e-05,
2023-09-27 08:00:00.000,8.202e-05,
2023-09-27 16:00:00.000,0.0001,
2023-09-28 00:00:00.000,0.0001,
2023-09-28 08:00:00.000,0.0001,
2023-09-28 16:00:00.000,8.535e-05,
2023-09-29 00:00:00.000,7.22e-06,
2023-09-29 08:00:00.000,7.296e-05,
2023-09-29 16:00:00.000,0.0001,
2023-09-30 00:00:00.000,7.117e-05,
2023-09-30 08:00:00.000,0.0001,
2023-09-30 16:00:00.000,0.0001,
2023-10-01 00:00:00.000,0.0001,
2023-10-01 08:00:00.000,0.0001,
2023-10-01 16:00:00.000,7.4e-05,
2023-10-02 00:00:00.000,0.0001,
2023-10-02 08:00:00.000,1.865e-05,
2023-10-02 16:00:00.000,-7.3e-06,
2023-10-03 00:00:00.000,-2.511e-05,
2023-10-03 08:00:00.000,-2.489e-05,
2023-10-03 16:00:00.000,7.967e-05,
2023-10-04 00:00:00.000,-2.232e-05,
2023-10-04 08:00:00.000,4.892e-05,
2023-10-04 16:00:00.000,0.0001,
2023-10-05 00:00:00.000,3.25e-06,
2023-10-05 08:00:00.000,4.024e-05,
2023-10-05 16:00:00.000,8.203e-05,
2023-10-06 00:00:00.000,-5.422e-05,
2023-10-06 08:00:00.000,5.091e-05,
2023-10-06 16:00:00.000,0.0001,
2023-10-07 00:00:00.000,-9.319e-05,
2023-10-07 08:00:00.000,8.75e-05,
2023-10-07 16:00:00.000,0.0001,
2023-10-08 00:00:00.000,0.0001,
2023-10-08 08:00:00.000,0.0001,
2023-10-08 16:00:00.000,0.0001,
2023-10-09 00:00:00.000,5.825e-05,
2023-10-09 08:00:00.000,5.914e-05,
2023-10-09 16:00:00.000,-4.989e-05,
2023-10-10 00:00:00.000,-0.0001013,
2023-10-10 08:00:00.000,-0.00010419,
2023-10-10 16:00:00.000,0.0001,
2023-10-11 00:00:00.000,-6.026e-05,
2023-10-11 08:00:00.000,0.0001,
2023-10-11 16:00:00.000,0.0001,
2023-10-12 00:00:00.000,-6.883e-05,
2023-10-12 08:00:00.000,6.957e-05,
2023-10-12 16:00:00.000,0.0001,
2023-10-13 00:00:00.000,3.886e-05,
2023-10-13 08:00:00.000,4.048e-05,
2023-10-13 16:00:00.000,9.674e-05,
2023-10-14 00:00:00.000,-2.103e-05,
2023-10-14 08:00:00.000,4.276e-05,
2023-10-14 16:00:00.000,0.0001,
2023-10-15 00:00:00.000,0.0001,
2023-10-15 08:00:00.000,0.0001,
2023-10-15 16:00:00.000,0.0001,
2023-10-16 00:00:00.000,0.0001,
2023-10-16 08:00:00.000,0.0001,
2023-10-16 16:00:00.000,8.435e-05,
2023-10-17 00:00:00.000,0.0001,
2023-10-17 08:00:00.000,0.0001,
2023-10-17 16:00:00.000,0.0001,
2023-10-18 00:00:00.000,4.1e-07,
2023-10-18 08:00:00.000,4.04e-05,
2023-10-18 16:00:00.000,7.559e-05,
2023-10-19 00:00:00.000,-1.713e-05,
2023-10-19 08:00:00.000,1.438e-05,
2023-10-19 16:00:00.000,2.199e-05,
2023-10-20 00:00:00.000,-8.228e-05,
2023-10-20 08:00:00.000,6.346e-05,
2023-10-20 16:00:00.000,8.867e-05,
2023-10-21 00:00:00.000,5.126e-05,
2023-10-21 08:00:00.000,0.0001,
2023-10-21 16:00:00.000,0.0001,
2023-10-22 00:00:00.000,5.391e-05,
2023-10-22 08:00:00.000,0.0001,
2023-10-22 16:00:00.000,6.989e-05,
2023-10-23 00:00:00.000,0.0001,
2023-10-23 08:00:00.000,0.0001,
2023-10-23 16:00:00.000,0.0001,
2023-10-24 00:00:00.000,0.0001,
2023-10-24 08:00:00.000,0.0001,
2023-10-24 16:00:00.000,0.0001,
2023-10-25 00:00:00.000,0.0001,
2023-10-25 08:00:00.000,0.0001,
2023-10-25 16:00:00.000,0.0001,
2023-10-26 00:00:00.000,0.0001,
2023-10-26 08:00:00.000,0.0001,
2023-10-26 16:00:00.000,0.0001,
2023-10-27 00:00:00.000,0.0001,
2023-10-27 08:00:00.000,0.0001,
2023-10-27 16:00:00.000,0.00011325,
2023-10-28 00:00:00.000,0.0001,
2023-10-28 08:00:00.000,0.0001,
2023-10-28 16:00:00.000,0.0001,
2023-10-29 00:00:00.000,0.0001,
2023-10-29 08:00:00.000,0.0001,
2023-10-29 16:00:00.000,0.0001,
2023-10-30 00:00:00.000,0.0001,
2023-10-30 08:00:00.000,0.0001,
2023-10-30 16:00:00.000,0.00020656,
2023-10-31 00:00:00.000,0.00024878,
2023-10-31 08:00:00.000,0.00010624,
2023-10-31 16:00:00.000,0.00021196,
2023-11-01 00:00:00.000,0.0001,
2023-11-01 08:00:00.000,0.0001,
2023-11-01 16:00:00.000,0.0001,
2023-11-02 00:00:00.000,0.00027052,
2023-11-02 08:00:00.000,0.00029906,
2023-11-02 16:00:00.000,0.00032759,
2023-11-03 00:00:00.000,0.00010589,
2023-11-03 08:00:00.000,0.0001,
2023-11-03 16:00:00.000,0.0002041,
2023-11-04 00:00:00.000,0.00010086,
2023-11-04 08:00:00.000,0.00014186,
2023-11-04 16:00:00.000,0.00020564,
2023-11-05 00:00:00.000,0.00012011,
2023-11-05 08:00:00.000,0.00046373,
2023-11-05 16:00:00.000,0.00044418,
2023-11-06 00:00:00.000,0.00029885,
2023-11-06 08:00:00.000,0.00043827,
2023-11-06 16:00:00.000,0.00050738,
2023-11-07 00:00:00.000,0.00023061,
2023-11-07 08:00:00.000,0.00020259,
2023-11-07 16:00:00.000,0.00027115,
2023-11-08 00:00:00.000,0.0001,
2023-11-08 08:00:00.000,0.00025371,
2023-11-08 16:00:00.000,0.00027868,
2023-11-09 00:00:00.000,0.00038701,
2023-11-09 08:00:00.000,0.00042346,
2023-11-09 16:00:00.000,0.00050228,
2023-11-10 00:00:00.000,0.00010608,
2023-11-10 08:00:00.000,0.00050477,
2023-11-10 16:00:00.000,0.00024087,
2023-11-11 00:00:00.000,0.00049624,
2023-11-11 08:00:00.000,0.00016101,
2023-11-11 16:00:00.000,0.00046399,
2023-11-12 00:00:00.000,0.00045447,
2023-11-12 08:00:00.000,0.00021201,
2023-11-12 16:00:00.000,0.00050983,
2023-11-13 00:00:00.000,0.00055348,
2023-11-13 08:00:00.000,0.00049719,
2023-11-13 16:00:00.000,0.00041137,
2023-11-14 00:00:00.000,0.00037999,
2023-11-14 08:00:00.000,0.00029915,
2023-11-14 16:00:00.000,0.0001,
2023-11-15 00:00:00.000,0.0001,
2023-11-15 08:00:00.000,0.0001,
2023-11-15 16:00:00.000,0.0001,
2023-11-16 00:00:00.000,0.0001464,
2023-11-16 08:00:00.000,0.0003621,
2023-11-16 16:00:00.000,0.00014867,
2023-11-17 00:00:00.000,0.0001,
2023-11-17 08:00:00.000,0.0001,
2023-11-17 16:00:00.000,0.0001,
2023-11-18 00:00:00.000,0.0001,
2023-11-18 08:00:00.000,0.0001,
2023-11-18 16:00:00.000,0.0001,
2023-11-19 00:00:00.000,0.0001,
2023-11-19 08:00:00.000,0.0001,
2023-11-19 16:00:00.000,0.0001,
2023-11-20 00:00:00.000,0.0001,
2023-11-20 08:00:00.000,0.00018957,
2023-11-20 16:00:00.000,0.00015335,
2023-11-21 00:00:00.000,0.0001,
2023-11-21 08:00:00.000,0.0001,
2023-11-21 16:00:00.000,0.00013871,
2023-11-22 00:00:00.000,0.0001,
2023-11-22 08:00:00.000,0.0001,
2023-11-22 16:00:00.000,0.0001,
2023-11-23 00:00:00.000,0.0001,
2023-11-23 08:00:00.000,0.0001,
2023-11-23 16:00:00.000,0.00010002,
2023-11-24 00:00:00.000,0.0001,
2023-11-24 08:00:00.000,0.0001,
2023-11-24 16:00:00.000,0.0001,
2023-11-25 00:00:00.000,0.0001,
2023-11-25 08:00:00.000,0.0001,
2023-11-25 16:00:00.000,0.0001,
2023-11-26 00:00:00.000,0.0001,
2023-11-26 08:00:00.000,0.00017164,
2023-11-26 16:00:00.000,0.0001,
2023-11-27 00:00:00.000,0.0001,
2023-11-27 08:00:00.000,0.0001,
2023-11-27 16:00:00.000,0.0001,
2023-11-28 00:00:00.000,0.0001,
2023-11-28 08:00:00.000,0.0001,
2023-11-28 16:00:00.000,0.0001,
2023-11-29 00:00:00.000,0.0001,
2023-11-29 08:00:00.000,0.0001,
2023-11-29 16:00:00.000,0.0001,
2023-11-30 00:00:00.000,0.0001,
2023-11-30 08:00:00.000,0.0001,
2023-11-30 16:00:00.000,0.00011231,
2023-12-01 00:00:00.000,0.0001,
2023-12-01 08:00:00.000,0.0001,
2023-12-01 16:00:00.000,0.00012081,
2023-12-02 00:00:00.000,0.00010423,
2023-12-02 08:00:00.000,0.00010226,
2023-12-02 16:00:00.000,0.00017615,
2023-12-03 00:00:00.000,0.00021385,
2023-12-03 08:00:00.000,0.00038116,
2023-12-03 16:00:00.000,0.00037959,
2023-12-04 00:00:00.000,0.00022441,
2023-12-04 08:00:00.000,0.0004001,
2023-12-04 16:00:00.000,0.00016662,
2023-12-05 00:00:00.000,0.00010561,
2023-12-05 08:00:00.000,0.00016305,
2023-12-05 16:00:00.000,0.00023366,
2023-12-06 00:00:00.000,0.00049277,
2023-12-06 08:00:00.000,0.00065735,
2023-12-06 16:00:00.000,0.00035686,
2023-12-07 00:00:00.000,0.00035668,
2023-12-07 08:00:00.000,0.00030636,
2023-12-07 16:00:00.000,0.00027032,
2023-12-08 00:00:00.000,0.00044722,
2023-12-08 08:00:00.000,0.00042158,
2023-12-08 16:00:00.000,0.00052573,
2023-12-09 00:00:00.000,0.00040505,
2023-12-09 08:00:00.000,0.00073049,
2023-12-09 16:00:00.000,0.00066657,
2023-12-10 00:00:00.000,0.00040474,
2023-12-10 08:00:00.000,0.0004097,
2023-12-10 16:00:00.000,0.00030511,
2023-12-11 00:00:00.000,0.00045832,
2023-12-11 08:00:00.000,0.0001,
2023-12-11 16:00:00.000,0.0001,
2023-12-12 00:00:00.000,0.0001,
2023-12-12 08:00:00.000,0.00021691,
2023-12-12 16:00:00.000,0.00036586,
2023-12-13 00:00:00.000,0.00030502,
2023-12-13 08:00:00.000,0.00015756,
2023-12-13 16:00:00.000,0.00029813,
2023-12-14 00:00:00.000,0.00016501,
2023-12-14 08:00:00.000,0.00015901,
2023-12-14 16:00:00.000,0.00034422,
2023-12-15 00:00:00.000,0.00035667,
2023-12-15 08:00:00.000,0.00040208,
2023-12-15 16:00:00.000,0.00055174,
2023-12-16 00:00:00.000,0.00019323,
2023-12-16 08:00:00.000,0.00037295,
2023-12-16 16:00:00.000,0.00037604,
2023-12-17 00:00:00.000,0.00024126,
2023-12-17 08:00:00.000,0.00022711,
2023-12-17 16:00:00.000,0.00023328,
2023-12-18 00:00:00.000,0.00027951,
2023-12-18 08:00:00.000,0.0001,
2023-12-18 16:00:00.000,0.0001,
2023-12-19 00:00:00.000,0.0001,
2023-12-19 08:00:00.000,0.0001,
2023-12-19 16:00:00.000,0.00011759,
2023-12-20 00:00:00.000,0.00011748,
2023-12-20 08:00:00.000,0.0001,
2023-12-20 16:00:00.000,0.00031135,
2023-12-21 00:00:00.000,0.00016716,
2023-12-21 08:00:00.000,0.00030832,
2023-12-21 16:00:00.000,0.00044864,
2023-12-22 00:00:00.000,0.00047011,
2023-12-22 08:00:00.000,0.00047939,
2023-12-22 16:00:00.000,0.00060892,
2023-12-23 00:00:00.000,0.00031299,
2023-12-23 08:00:00.000,0.0003245,
2023-12-23 16:00:00.000,0.00049065,
2023-12-24 00:00:00.000,0.00044451,
2023-12-24 08:00:00.000,0.00046874,
2023-12-24 16:00:00.000,0.00035152,
2023-12-25 00:00:00.000,0.00016401,
2023-12-25 08:00:00.000,0.00024708,
2023-12-25 16:00:00.000,0.00048801,
2023-12-26 00:00:00.000,0.00062637,
2023-12-26 08:00:00.000,0.00058865,
2023-12-26 16:00:00.000,0.00067009,
2023-12-27 00:00:00.000,0.0005103,
2023-12-27 08:00:00.000,0.00038228,
2023-12-27 16:00:00.000,0.00063904,
2023-12-28 00:00:00.000,0.00063232,
2023-12-28 08:00:00.000,0.0006983,
2023-12-28 16:00:00.000,0.00080019,
2023-12-29 00:00:00.000,0.00058454,
2023-12-29 08:00:00.000,0.00049902,
2023-12-29 16:00:00.000,0.00057316,
2023-12-30 00:00:00.000,0.0003059,
2023-12-30 08:00:00.000,0.00046417,
2023-12-30 16:00:00.000,0.00038653,
2023-12-31 00:00:00.000,0.00036972,
2023-12-31 08:00:00.000,0.00035964,
2023-12-31 16:00:00.000,0.00043781,
2024-01-01 00:00:00.000,0.00031399,
2024-01-01 08:00:00.000,0.00041159,
2024-01-01 16:00:00.000,0.00042097,
2024-01-02 00:00:00.000,0.00052285,
2024-01-02 08:00:00.000,0.0005803,
2024-01-02 16:00:00.000,0.00075632,
2024-01-03 00:00:00.000,0.00050334,
2024-01-03 08:00:00.000,0.00052547,
2024-01-03 16:00:00.000,0.0001,
2024-01-04 00:00:00.000,0.0001,
2024-01-04 08:00:00.000,0.0001,
2024-01-04 16:00:00.000,0.0001,
2024-01-05 00:00:00.000,0.0001,
2024-01-05 08:00:00.000,0.0001,
2024-01-05 16:00:00.000,0.0001,
2024-01-06 00:00:00.000,0.0001,
2024-01-06 08:00:00.000,0.0001,
2024-01-06 16:00:00.000,0.0001,
2024-01-07 00:00:00.000,0.0001,
2024-01-07 08:00:00.000,0.0001,
2024-01-07 16:00:00.000,0.0001,
2024-01-08 00:00:00.000,0.0001,
2024-01-08 08:00:00.000,0.0001,
2024-01-08 16:00:00.000,0.0001,
2024-01-09 00:00:00.000,0.0001,
2024-01-09 08:00:00.000,0.0001,
2024-01-09 16:00:00.000,0.0001,
2024-01-10 00:00:00.000,0.0001,
2024-01-10 08:00:00.000,0.0001,
2024-01-10 16:00:00.000,0.0001,
2024-01-11 00:00:00.000,0.0001,
2024-01-11 08:00:00.000,0.0001,
2024-01-11 16:00:00.000,0.0001,
2024-01-12 00:00:00.000,0.0001,
2024-01-12 08:00:00.000,0.0001,
2024-01-12 16:00:00.000,0.0001,
2024-01-13 00:00:00.000,0.0001,
2024-01-13 08:00:00.000,0.0001,
2024-01-13 16:00:00.000,0.0001,
2024-01-14 00:00:00.000,0.0001,
2024-01-14 08:00:00.000,0.0001,
2024-01-14 16:00:00.000,0.0001,
2024-01-15 00:00:00.000,0.0001,
2024-01-15 08:00:00.000,0.0001,
2024-01-15 16:00:00.000,0.0001,
2024-01-16 00:00:00.000,0.0001,
2024-01-16 08:00:00.000,0.0001,
2024-01-16 16:00:00.000,0.0001,
2024-01-17 00:00:00.000,0.0001,
2024-01-17 08:00:00.000,0.0001,
2024-01-17 16:00:00.000,0.0001,
2024-01-18 00:00:00.000,0.0001,
2024-01-18 08:00:00.000,0.0001,
2024-01-18 16:00:00.000,0.0001,
2024-01-19 00:00:00.000,0.0001,
2024-01-19 08:00:00.000,0.0001,
2024-01-19 16:00:00.000,0.0001,
2024-01-20 00:00:00.000,0.0001,
2024-01-20 08:00:00.000,0.0001,
2024-01-20 16:00:00.000,0.0001,
2024-01-21 00:00:00.000,0.0001,
2024-01-21 08:00:00.000,0.0001,
2024-01-21 16:00:00.000,0.0001,
2024-01-22 00:00:00.000,0.0001,
2024-01-22 08:00:00.000,0.0001,
2024-01-22 16:00:00.000,0.0001,
2024-01-23 00:00:00.000,0.0001,
2024-01-23 08:00:00.000,0.0001,
2024-01-23 16:00:00.000,0.0001,
2024-01-24 00:00:00.000,0.0001,
2024-01-24 08:00:00.000,0.0001,
2024-01-24 16:00:00.000,0.0001,
2024-01-25 00:00:00.000,0.0001,
2024-01-25 08:00:00.000,0.0001,
2024-01-25 16:00:00.000,0.0001,
2024-01-26 00:00:00.000,0.0001,
2024-01-26 08:00:00.000,0.0001,
2024-01-26 16:00:00.000,0.0001,
2024-01-27 00:00:00.000,0.0001,
2024-01-27 08:00:00.000,0.0001,
2024-01-27 16:00:00.000,0.0001,
2024-01-28 00:00:00.000,0.0001,
2024-01-28 08:00:00.000,0.0001,
2024-01-28 16:00:00.000,0.0001,
2024-01-29 00:00:00.000,9.856e-05,
2024-01-29 08:00:00.000,8.052e-05,
2024-01-29 16:00:00.000,0.0001,
2024-01-30 00:00:00.000,0.0001,
2024-01-30 08:00:00.000,0.0001,
2024-01-30 16:00:00.000,0.0001,
2024-01-31 00:00:00.000,0.0001,
2024-01-31 08:00:00.000,0.0001,
2024-01-31 16:00:00.000,0.0001,
2024-02-01 00:00:00.000,0.0001,
2024-02-01 08:00:00.000,0.0001,
2024-02-01 16:00:00.000,0.0001,
2024-02-02 00:00:00.000,0.0001,
2024-02-02 08:00:00.000,0.0001,
2024-02-02 16:00:00.000,0.0001,
2024-02-03 00:00:00.000,0.0001,
2024-02-03 08:00:00.000,0.0001,
2024-02-03 16:00:00.000,0.0001,
2024-02-04 00:00:00.000,0.0001,
2024-02-04 08:00:00.000,0.0001,
2024-02-04 16:00:00.000,0.0001,
2024-02-05 00:00:00.000,3.861e-05,
2024-02-05 08:00:00.000,8.36e-06,
2024-02-05 16:00:00.000,0.0001,
2024-02-06 00:00:00.000,0.0001,
2024-02-06 08:00:00.000,0.0001,
2024-02-06 16:00:00.000,0.0001,
2024-02-07 00:00:00.000,0.0001,
2024-02-07 08:00:00.000,0.0001,
2024-02-07 16:00:00.000,0.0001,
2024-02-08 00:00:00.000,0.0001,
2024-02-08 08:00:00.000,0.0001,
2024-02-08 16:00:00.000,0.0001,
2024-02-09 00:00:00.000,0.0001,
2024-02-09 08:00:00.000,0.0001,
2024-02-09 16:00:00.000,0.0001,
2024-02-10 00:00:00.000,0.0001,
2024-02-10 08:00:00.000,0.0001,
2024-02-10 16:00:00.000,0.0001,
2024-02-11 00:00:00.000,0.0001,
2024-02-11 08:00:00.000,0.0001,
2024-02-11 16:00:00.000,0.0001,
2024-02-12 00:00:00.000,0.0001,
2024-02-12 08:00:00.000,0.0001,
2024-02-12 16:00:00.000,0.0001,
2024-02-13 00:00:00.000,0.0001,
2024-02-13 08:00:00.000,0.0001,
2024-02-13 16:00:00.000,0.0001,
2024-02-14 00:00:00.000,0.00010535,
2024-02-14 08:00:00.000,0.00011915,
2024-02-14 16:00:00.000,0.00018577,
2024-02-15 00:00:00.000,0.00020442,
2024-02-15 08:00:00.000,0.00032135,
2024-02-15 16:00:00.000,0.00038884,
2024-02-16 00:00:00.000,0.00021693,
2024-02-16 08:00:00.000,0.00027502,
2024-02-16 16:00:00.000,0.000197,
2024-02-17 00:00:00.000,0.00019653,
2024-02-17 08:00:00.000,0.00026309,
2024-02-17 16:00:00.000,0.00013306,
2024-02-18 00:00:00.000,0.00013314,
2024-02-18 08:00:00.000,0.00010714,
2024-02-18 16:00:00.000,0.00020095,
2024-02-19 00:00:00.000,0.00027593,
2024-02-19 08:00:00.000,0.00039185,
2024-02-19 16:00:00.000,0.00028198,
2024-02-20 00:00:00.000,0.00039443,
2024-02-20 08:00:00.000,0.00029861,
2024-02-20 16:00:00.000,0.00027917,
2024-02-21 00:00:00.000,0.00024489,
2024-02-21 08:00:00.000,0.00016955,
2024-02-21 16:00:00.000,0.0001,
2024-02-22 00:00:00.000,0.00018015,
2024-02-22 08:00:00.000,0.00018682,
2024-02-22 16:00:00.000,0.00024056,
2024-02-23 00:00:00.000,0.0002059,
2024-02-23 08:00:00.000,0.00021926,
2024-02-23 16:00:00.000,0.00020197,
2024-02-24 00:00:00.000,0.00010526,
2024-02-24 08:00:00.000,0.00020179,
2024-02-24 16:00:00.000,0.00031926,
2024-02-25 00:00:00.000,0.0001849,
2024-02-25 08:00:00.000,0.00020285,
2024-02-25 16:00:00.000,0.00038261,
2024-02-26 00:00:00.000,0.00049361,
2024-02-26 08:00:00.000,0.00041221,
2024-02-26 16:00:00.000,0.00043246,
2024-02-27 00:00:00.000,0.00022844,
2024-02-27 08:00:00.000,0.00046155,
2024-02-27 16:00:00.000,0.00041376,
2024-02-28 00:00:00.000,0.00026454,
2024-02-28 08:00:00.000,0.00040856,
2024-02-28 16:00:00.000,0.00066042,
2024-02-29 00:00:00.000,0.00039563,
2024-02-29 08:00:00.000,0.00088355,
2024-02-29 16:00:00.000,0.00094635,
2024-03-01 00:00:00.000,0.00062501,
2024-03-01 08:00:00.000,0.00062398,
2024-03-01 16:00:00.000,0.00061221,
2024-03-02 00:00:00.000,0.00072261,
2024-03-02 08:00:00.000,0.00082352,
2024-03-02 16:00:00.000,0.00073659,
2024-03-03 00:00:00.000,0.00060798,
2024-03-03 08:00:00.000,0.00075983,
2024-03-03 16:00:00.000,0.00038215,
2024-03-04 00:00:00.000,0.00057581,
2024-03-04 08:00:00.000,0.00082963,
2024-03-04 16:00:00.000,0.00068464,
2024-03-05 00:00:00.000,0.00078356,
2024-03-05 08:00:00.000,0.00131205,
2024-03-05 16:00:00.000,0.00126547,
2024-03-06 00:00:00.000,0.0001619,
2024-03-06 08:00:00.000,0.0001,
2024-03-06 16:00:00.000,0.00042387,
2024-03-07 00:00:00.000,0.00028468,
2024-03-07 08:00:00.000,0.00020581,
2024-03-07 16:00:00.000,0.00040286,
2024-03-08 00:00:00.000,0.0004072,
2024-03-08 08:00:00.000,0.00037013,
2024-03-08 16:00:00.000,0.00053103,
2024-03-09 00:00:00.000,0.00039454,
2024-03-09 08:00:00.000,0.00055813,
2024-03-09 16:00:00.000,0.00041679,
2024-03-10 00:00:00.000,0.0005098,
2024-03-10 08:00:00.000,0.00072302,
2024-03-10 16:00:00.000,0.00034173,
2024-03-11 00:00:00.000,0.00051211,
2024-03-11 08:00:00.000,0.00054701,
2024-03-11 16:00:00.000,0.00067297,
2024-03-12 00:00:00.000,0.00094584,
2024-03-12 08:00:00.000,0.00075888,
2024-03-12 16:00:00.000,0.00055803,
2024-03-13 00:00:00.000,0.00055365,
2024-03-13 08:00:00.000,0.00089733,
2024-03-13 16:00:00.000,0.00062565,
2024-03-14 00:00:00.000,0.00076855,
2024-03-14 08:00:00.000,0.00110865,
2024-03-14 16:00:00.000,0.00075915,
2024-03-15 00:00:00.000,0.0007672,
2024-03-15 08:00:00.000,0.00040151,
2024-03-15 16:00:00.000,0.0002152,
2024-03-16 00:00:00.000,0.00022416,
2024-03-16 08:00:00.000,0.00025819,
2024-03-16 16:00:00.000,0.00013411,
2024-03-17 00:00:00.000,0.0001,
2024-03-17 08:00:00.000,0.0001,
2024-03-17 16:00:00.000,0.0001994,
2024-03-18 00:00:00.000,0.0001,
2024-03-18 08:00:00.000,0.00022397,
2024-03-18 16:00:00.000,0.00023661,
2024-03-19 00:00:00.000,0.0001,
2024-03-19 08:00:00.000,0.0001,
2024-03-19 16:00:00.000,0.0001,
2024-03-20 00:00:00.000,0.0001,
2024-03-20 08:00:00.000,0.0001,
2024-03-20 16:00:00.000,0.0001,
2024-03-21 00:00:00.000,0.0001,
2024-03-21 08:00:00.000,0.0001,
2024-03-21 16:00:00.000,0.0001,
2024-03-22 00:00:00.000,0.0001847,
2024-03-22 08:00:00.000,0.00016999,
2024-03-22 16:00:00.000,0.0001,
2024-03-23 00:00:00.000,0.0001,
2024-03-23 08:00:00.000,0.0001,
2024-03-23 16:00:00.000,0.0001,
2024-03-24 00:00:00.000,0.0001,
2024-03-24 08:00:00.000,0.0001,
2024-03-24 16:00:00.000,0.00018927,
2024-03-25 00:00:00.000,0.00016121,
2024-03-25 08:00:00.000,0.00027114,
2024-03-25 16:00:00.000,0.00020035,
2024-03-26 00:00:00.000,0.00019352,
2024-03-26 08:00:00.000,0.00031861,
2024-03-26 16:00:00.000,0.00026912,
2024-03-27 00:00:00.000,0.00042109,
2024-03-27 08:00:00.000,0.00030441,
2024-03-27 16:00:00.000,0.00026234,
2024-03-28 00:00:00.000,0.00042437,
2024-03-28 08:00:00.000,0.000313,
2024-03-28 16:00:00.000,0.00043124,
2024-03-29 00:00:00.000,0.0005592,
2024-03-29 08:00:00.000,0.00058309,
2024-03-29 16:00:00.000,0.00047309,
2024-03-30 00:00:00.000,0.00045628,
2024-03-30 08:00:00.000,0.00045432,
2024-03-30 16:00:00.000,0.00068289,
2024-03-31 00:00:00.000,0.00036557,
2024-03-31 08:00:00.000,0.00066463,
2024-03-31 16:00:00.000,0.00073458,
2024-04-01 00:00:00.000,0.00065928,
2024-04-01 08:00:00.000,0.0003793,
2024-04-01 16:00:00.000,0.00025193,
2024-04-02 00:00:00.000,0.00033974,
2024-04-02 08:00:00.000,0.00022945,
2024-04-02 16:00:00.000,0.00017998,
2024-04-03 00:00:00.000,0.0001,
2024-04-03 08:00:00.000,0.00010887,
2024-04-03 16:00:00.000,0.00010258,
2024-04-04 00:00:00.000,0.00013161,
2024-04-04 08:00:00.000,0.00020937,
2024-04-04 16:00:00.000,0.00018035,
2024-04-05 00:00:00.000,0.00013545,
2024-04-05 08:00:00.000,0.00019107,
2024-04-05 16:00:00.000,0.0001,
2024-04-06 00:00:00.000,0.0001,
2024-04-06 08:00:00.000,0.0001,
2024-04-06 16:00:00.000,0.0001,
2024-04-07 00:00:00.000,0.0001,
2024-04-07 08:00:00.000,0.0001,
2024-04-07 16:00:00.000,0.0001,
2024-04-08 00:00:00.000,0.0001,
2024-04-08 08:00:00.000,0.0001,
2024-04-08 16:00:00.000,0.0001,
2024-04-09 00:00:00.000,0.00022589,
2024-04-09 08:00:00.000,0.00024417,
2024-04-09 16:00:00.000,0.00020166,
2024-04-10 00:00:00.000,0.00021485,
2024-04-10 08:00:00.000,0.00011401,
2024-04-10 16:00:00.000,0.00023822,
2024-04-11 00:00:00.000,0.0001,
2024-04-11 08:00:00.000,0.0001,
2024-04-11 16:00:00.000,0.0001,
2024-04-12 00:00:00.000,0.00010356,
2024-04-12 08:00:00.000,0.0001,
2024-04-12 16:00:00.000,0.0001,
2024-04-13 00:00:00.000,0.0001,
2024-04-13 08:00:00.000,0.0001,
2024-04-13 16:00:00.000,0.0001,
2024-04-14 00:00:00.000,-0.00039121,
2024-04-14 08:00:00.000,0.0001,
2024-04-14 16:00:00.000,9.073e-05,
2024-04-15 00:00:00.000,0.0001,
2024-04-15 08:00:00.000,9.414e-05,
2024-04-15 16:00:00.000,-7.15e-06,
2024-04-16 00:00:00.000,9.292e-05,
2024-04-16 08:00:00.000,0.0001,
2024-04-16 16:00:00.000,-5.173e-05,
2024-04-17 00:00:00.000,1.182e-05,
2024-04-17 08:00:00.000,6.489e-05,
2024-04-17 16:00:00.000,0.0001,
2024-04-18 00:00:00.000,-9.13e-06,
2024-04-18 08:00:00.000,9.321e-05,
2024-04-18 16:00:00.000,6.171e-05,
2024-04-19 00:00:00.000,-8.917e-05,
2024-04-19 08:00:00.000,0.0001,
2024-04-19 16:00:00.000,8.512e-05,
2024-04-20 00:00:00.000,5.315e-05,
2024-04-20 08:00:00.000,7.875e-05,
2024-04-20 16:00:00.000,5.909e-05,
2024-04-21 00:00:00.000,4.111e-05,
2024-04-21 08:00:00.000,7.588e-05,
2024-04-21 16:00:00.000,6.516e-05,
2024-04-22 00:00:00.000,4.166e-05,
2024-04-22 08:00:00.000,-6.48e-05,
2024-04-22 16:00:00.000,5.374e-05,
2024-04-23 00:00:00.000,4.391e-05,
2024-04-23 08:00:00.000,0.0001,
2024-04-23 16:00:00.000,0.0001,
2024-04-24 00:00:00.000,0.0001,
2024-04-24 08:00:00.000,8.048e-05,
2024-04-24 16:00:00.000,6.008e-05,
2024-04-25 00:00:00.000,0.0001,
2024-04-25 08:00:00.000,2.443e-05,
2024-04-25 16:00:00.000,7.772e-05,
2024-04-26 00:00:00.000,2.502e-05,
2024-04-26 08:00:00.000,-5.264e-05,
2024-04-26 16:00:00.000,9.477e-05,
2024-04-27 00:00:00.000,-5.076e-05,
2024-04-27 08:00:00.000,0.0001,
2024-04-27 16:00:00.000,5.764e-05,
2024-04-28 00:00:00.000,8.141e-05,
2024-04-28 08:00:00.000,0.0001,
2024-04-28 16:00:00.000,0.0001,
2024-04-29 00:00:00.000,3.149e-05,
2024-04-29 08:00:00.000,-9.056e-05,
2024-04-29 16:00:00.000,6.276e-05,
2024-04-30 00:00:00.000,0.0001,
2024-04-30 08:00:00.000,7.155e-05,
2024-04-30 16:00:00.000,0.0001,
2024-05-01 00:00:00.000,3.893e-05,
2024-05-01 08:00:00.000,-0.00010355,
2024-05-01 16:00:00.000,4.728e-05,
2024-05-02 00:00:00.000,0.0001,
2024-05-02 08:00:00.000,0.0001,
2024-05-02 16:00:00.000,5.302e-05,
2024-05-03 00:00:00.000,-4.581e-05,
2024-05-03 08:00:00.000,-3.976e-05,
2024-05-03 16:00:00.000,6.967e-05,
2024-05-04 00:00:00.000,4.437e-05,
2024-05-04 08:00:00.000,9.962e-05,
2024-05-04 16:00:00.000,0.0001,
2024-05-05 00:00:00.000,5.915e-05,
2024-05-05 08:00:00.000,0.0001,
2024-05-05 16:00:00.000,4.289e-05,
2024-05-06 00:00:00.000,9.745e-05,
2024-05-06 08:00:00.000,1.13e-06,
2024-05-06 16:00:00.000,0.0001,
2024-05-07 00:00:00.000,0.0001,
2024-05-07 08:00:00.000,0.0001,
2024-05-07 16:00:00.000,0.0001,
2024-05-08 00:00:00.000,0.0001,
2024-05-08 08:00:00.000,0.0001,
2024-05-08 16:00:00.000,0.0001,
2024-05-09 00:00:00.000,0.0001,
2024-05-09 08:00:00.000,8.444e-05,
2024-05-09 16:00:00.000,0.0001,
2024-05-10 00:00:00.000,0.0001,
2024-05-10 08:00:00.000,0.0001,
2024-05-10 16:00:00.000,0.0001,
2024-05-11 00:00:00.000,0.0001,
2024-05-11 08:00:00.000,2.726e-05,
2024-05-11 16:00:00.000,3.447e-05,
2024-05-12 00:00:00.000,9.646e-05,
2024-05-12 08:00:00.000,3.332e-05,
2024-05-12 16:00:00.000,5.396e-05,
2024-05-13 00:00:00.000,-1.912e-05,
2024-05-13 08:00:00.000,-1.891e-05,
2024-05-13 16:00:00.000,2.574e-05,
2024-05-14 00:00:00.000,0.0001,
2024-05-14 08:00:00.000,0.0001,
2024-05-14 16:00:00.000,0.0001,
2024-05-15 00:00:00.000,0.0001,
2024-05-15 08:00:00.000,0.0001,
2024-05-15 16:00:00.000,-6.982e-05,
2024-05-16 00:00:00.000,8.852e-05,
2024-05-16 08:00:00.000,0.0001,
2024-05-16 16:00:00.000,0.0001,
2024-05-17 00:00:00.000,0.0001,
2024-05-17 08:00:00.000,0.0001,
2024-05-17 16:00:00.000,0.0001,
2024-05-18 00:00:00.000,0.0001,
2024-05-18 08:00:00.000,0.0001,
2024-05-18 16:00:00.000,0.0001,
2024-05-19 00:00:00.000,0.0001,
2024-05-19 08:00:00.000,0.0001,
2024-05-19 16:00:00.000,0.0001,
2024-05-20 00:00:00.000,0.0001,
2024-05-20 08:00:00.000,3.535e-05,
2024-05-20 16:00:00.000,6.026e-05,
2024-05-21 00:00:00.000,0.0001,
2024-05-21 08:00:00.000,0.0001,
2024-05-21 16:00:00.000,0.0001,
2024-05-22 00:00:00.000,0.0001,
2024-05-22 08:00:00.000,0.0001,
2024-05-22 16:00:00.000,0.0001,
2024-05-23 00:00:00.000,0.0001,
2024-05-23 08:00:00.000,0.0001,
2024-05-23 16:00:00.000,0.0001,
2024-05-24 00:00:00.000,0.0001,
2024-05-24 08:00:00.000,0.0001,
2024-05-24 16:00:00.000,0.0001,
2024-05-25 00:00:00.000,0.0001,
2024-05-25 08:00:00.000,0.0001,
2024-05-25 16:00:00.000,0.0001,
2024-05-26 00:00:00.000,0.0001,
2024-05-26 08:00:00.000,0.0001,
2024-05-26 16:00:00.000,0.0001,
2024-05-27 00:00:00.000,0.0001,
2024-05-27 08:00:00.000,0.0001,
2024-05-27 16:00:00.000,0.00013322,
2024-05-28 00:00:00.000,0.0001,
2024-05-28 08:00:00.000,0.0001,
2024-05-28 16:00:00.000,0.00015077,
2024-05-29 00:00:00.000,0.0001,
2024-05-29 08:00:00.000,0.0001,
2024-05-29 16:00:00.000,0.00015415,
2024-05-30 00:00:00.000,0.0001,
2024-05-30 08:00:00.000,0.0001,
2024-05-30 16:00:00.000,0.0001,
2024-05-31 00:00:00.000,0.0001,
2024-05-31 08:00:00.000,0.0001,
2024-05-31 16:00:00.000,0.0001,
2024-06-01 00:00:00.000,0.0001,
2024-06-01 08:00:00.000,0.0001,
2024-06-01 16:00:00.000,0.0001,
2024-06-02 00:00:00.000,0.0001,
2024-06-02 08:00:00.000,0.0001,
2024-06-02 16:00:00.000,0.0001,
2024-06-03 00:00:00.000,0.0001,
2024-06-03 08:00:00.000,0.0001,
2024-06-03 16:00:00.000,0.0001,
2024-06-04 00:00:00.000,0.0001,
2024-06-04 08:00:00.000,0.0001,
2024-06-04 16:00:00.000,0.0001,
2024-06-05 00:00:00.000,0.0001,
2024-06-05 08:00:00.000,0.0002658,
2024-06-05 16:00:00.000,0.00020197,
2024-06-06 00:00:00.000,0.00020207,
2024-06-06 08:00:00.000,0.0002811,
2024-06-06 16:00:00.000,0.00022647,
2024-06-07 00:00:00.000,0.0001,
2024-06-07 08:00:00.000,0.0001,
2024-06-07 16:00:00.000,0.0001281,
2024-06-08 00:00:00.000,0.0001,
2024-06-08 08:00:00.000,0.0001,
2024-06-08 16:00:00.000,0.0001,
2024-06-09 00:00:00.000,0.0001,
2024-06-09 08:00:00.000,0.0001,
2024-06-09 16:00:00.000,0.0001,
2024-06-10 00:00:00.000,0.0001,
2024-06-10 08:00:00.000,0.0001,
2024-06-10 16:00:00.000,0.0001,
2024-06-11 00:00:00.000,0.0001,
2024-06-11 08:00:00.000,0.0001,
2024-06-11 16:00:00.000,0.0001,
2024-06-12 00:00:00.000,0.0001,
2024-06-12 08:00:00.000,0.0001,
2024-06-12 16:00:00.000,0.0001,
2024-06-13 00:00:00.000,0.0001,
2024-06-13 08:00:00.000,0.0001,
2024-06-13 16:00:00.000,0.0001,
2024-06-14 00:00:00.000,0.0001,
2024-06-14 08:00:00.000,0.0001,
2024-06-14 16:00:00.000,0.0001,
2024-06-15 00:00:00.000,0.0001,
2024-06-15 08:00:00.000,9.329e-05,
2024-06-15 16:00:00.000,0.0001,
2024-06-16 00:00:00.000,-7.787e-05,
2024-06-16 08:00:00.000,4.19e-06,
2024-06-16 16:00:00.000,6.001e-05,
2024-06-17 00:00:00.000,0.0001,
2024-06-17 08:00:00.000,7.746e-05,
2024-06-17 16:00:00.000,4.432e-05,
2024-06-18 00:00:00.000,0.0001,
2024-06-18 08:00:00.000,0.0001,
2024-06-18 16:00:00.000,0.0001,
2024-06-19 00:00:00.000,0.0001,
2024-06-19 08:00:00.000,0.0001,
2024-06-19 16:00:00.000,0.0001,
2024-06-20 00:00:00.000,0.0001,
2024-06-20 08:00:00.000,-2.265e-05,
2024-06-20 16:00:00.000,0.0001,
2024-06-21 00:00:00.000,0.0001,
2024-06-21 08:00:00.000,-1.03e-06,
2024-06-21 16:00:00.000,0.0001,
2024-06-22 00:00:00.000,8.09e-06,
2024-06-22 08:00:00.000,0.0001,
2024-06-22 16:00:00.000,0.0001,
2024-06-23 00:00:00.000,0.0001,
2024-06-23 08:00:00.000,0.0001,
2024-06-23 16:00:00.000,5.225e-05,
2024-06-24 00:00:00.000,6.241e-05,
2024-06-24 08:00:00.000,-5.182e-05,
2024-06-24 16:00:00.000,8.708e-05,
2024-06-25 00:00:00.000,-2.818e-05,
2024-06-25 08:00:00.000,-6e-07,
2024-06-25 16:00:00.000,0.0001,
2024-06-26 00:00:00.000,5.038e-05,
2024-06-26 08:00:00.000,-8.742e-05,
2024-06-26 16:00:00.000,0.0001,
2024-06-27 00:00:00.000,8.478e-05,
2024-06-27 08:00:00.000,1.995e-05,
2024-06-27 16:00:00.000,4.408e-05,
2024-06-28 00:00:00.000,2.658e-05,
2024-06-28 08:00:00.000,-3.777e-05,
2024-06-28 16:00:00.000,0.0001,
2024-06-29 00:00:00.000,0.0001,
2024-06-29 08:00:00.000,-8.227e-05,
2024-06-29 16:00:00.000,0.0001,
2024-06-30 00:00:00.000,0.0001,
2024-06-30 08:00:00.000,0.0001,
2024-06-30 16:00:00.000,-1.617e-05,
2024-07-01 00:00:00.000,3.751e-05,
2024-07-01 08:00:00.000,-5.52e-05,
2024-07-01 16:00:00.000,0.0001,
2024-07-02 00:00:00.000,6.281e-05,
2024-07-02 08:00:00.000,9.06e-06,
2024-07-02 16:00:00.000,0.0001,
2024-07-03 00:00:00.000,0.0001,
2024-07-03 08:00:00.000,0.0001,
2024-07-03 16:00:00.000,0.0001,
2024-07-04 00:00:00.000,0.0001,
2024-07-04 08:00:00.000,2.59e-06,
2024-07-04 16:00:00.000,3.819e-05,
2024-07-05 00:00:00.000,4.536e-05,
2024-07-05 08:00:00.000,-0.00010967,
2024-07-05 16:00:00.000,-4.334e-05,
2024-07-06 00:00:00.000,6.194e-05,
2024-07-06 08:00:00.000,0.0001,
2024-07-06 16:00:00.000,6.294e-05,
2024-07-07 00:00:00.000,-7.819e-05,
2024-07-07 08:00:00.000,0.0001,
2024-07-07 16:00:00.000,4.32e-06,
2024-07-08 00:00:00.000,-5.238e-05,
2024-07-08 08:00:00.000,-1.9e-05,
2024-07-08 16:00:00.000,0.0001,
2024-07-09 00:00:00.000,4.407e-05,
2024-07-09 08:00:00.000,-7.04e-06,
2024-07-09 16:00:00.000,9.611e-05,
2024-07-10 00:00:00.000,0.0001,
2024-07-10 08:00:00.000,7.467e-05,
2024-07-10 16:00:00.000,0.0001,
2024-07-11 00:00:00.000,0.0001,
2024-07-11 08:00:00.000,4.64e-06,
2024-07-11 16:00:00.000,-3.276e-05,
2024-07-12 00:00:00.000,7.649e-05,
2024-07-12 08:00:00.000,-0.0001343,
2024-07-12 16:00:00.000,1.685e-05,
2024-07-13 00:00:00.000,-5.579e-05,
2024-07-13 08:00:00.000,7.457e-05,
2024-07-13 16:00:00.000,1.117e-05,
2024-07-14 00:00:00.000,0.0001,
2024-07-14 08:00:00.000,0.0001,
2024-07-14 16:00:00.000,0.0001,
2024-07-15 00:00:00.000,0.0001,
2024-07-15 08:00:00.000,0.0001,
2024-07-15 16:00:00.000,-2.973e-05,
2024-07-16 00:00:00.000,0.0001,
2024-07-16 08:00:00.000,3.922e-05,
2024-07-16 16:00:00.000,0.0001,
2024-07-17 00:00:00.000,0.0001,
2024-07-17 08:00:00.000,7.118e-05,
2024-07-17 16:00:00.000,0.0001,
2024-07-18 00:00:00.000,0.0001,
2024-07-18 08:00:00.000,0.0001,
2024-07-18 16:00:00.000,8.292e-05,
2024-07-19 00:00:00.000,3.105e-05,
2024-07-19 08:00:00.000,-5.902e-05,
2024-07-19 16:00:00.000,-2.833e-05,
2024-07-20 00:00:00.000,0.0001,
2024-07-20 08:00:00.000,0.0001,
2024-07-20 16:00:00.000,0.0001,
2024-07-21 00:00:00.000,0.0001,
2024-07-21 08:00:00.000,0.0001,
2024-07-21 16:00:00.000,5.083e-05,
2024-07-22 00:00:00.000,0.0001,
2024-07-22 08:00:00.000,0.0001,
2024-07-22 16:00:00.000,0.0001,
2024-07-23 00:00:00.000,0.0001,
2024-07-23 08:00:00.000,0.0001,
2024-07-23 16:00:00.000,0.0001,
2024-07-24 00:00:00.000,0.0001,
2024-07-24 08:00:00.000,0.0001,
2024-07-24 16:00:00.000,0.0001,
2024-07-25 00:00:00.000,7.487e-05,
2024-07-25 08:00:00.000,8.602e-05,
2024-07-25 16:00:00.000,0.0001,
2024-07-26 00:00:00.000,3.4e-05,
2024-07-26 08:00:00.000,0.0001,
2024-07-26 16:00:00.000,1.981e-05,
2024-07-27 00:00:00.000,9.973e-05,
2024-07-27 08:00:00.000,0.0001,
2024-07-27 16:00:00.000,0.0001,
2024-07-28 00:00:00.000,0.0001,
2024-07-28 08:00:00.000,0.0001,
2024-07-28 16:00:00.000,0.0001,
2024-07-29 00:00:00.000,-2.478e-05,
2024-07-29 08:00:00.000,0.0001,
2024-07-29 16:00:00.000,0.0001,
2024-07-30 00:00:00.000,0.0001,
2024-07-30 08:00:00.000,-2.942e-05,
2024-07-30 16:00:00.000,-3.49e-05,
2024-07-31 00:00:00.000,0.0001,
2024-07-31 08:00:00.000,-3.177e-05,
2024-07-31 16:00:00.000,3.36e-05,
2024-08-01 00:00:00.000,9.751e-05,
2024-08-01 08:00:00.000,-0.00019089,
2024-08-01 16:00:00.000,8.854e-05,
2024-08-02 00:00:00.000,-2.065e-05,
2024-08-02 08:00:00.000,-7.08e-06,
2024-08-02 16:00:00.000,1.973e-05,
2024-08-03 00:00:00.000,0.0001,
2024-08-03 08:00:00.000,-2.4e-07,
2024-08-03 16:00:00.000,-2.2e-06,
2024-08-04 00:00:00.000,5.05e-06,
2024-08-04 08:00:00.000,4.295e-05,
2024-08-04 16:00:00.000,-2.086e-05,
2024-08-05 00:00:00.000,8.063e-05,
2024-08-05 08:00:00.000,-0.00012509,
2024-08-05 16:00:00.000,-7.287e-05,
2024-08-06 00:00:00.000,7.809e-05,
2024-08-06 08:00:00.000,-8.67e-06,
2024-08-06 16:00:00.000,2.897e-05,
2024-08-07 00:00:00.000,-4.021e-05,
2024-08-07 08:00:00.000,-2.404e-05,
2024-08-07 16:00:00.000,-1.46e-05,
2024-08-08 00:00:00.000,-4.19e-06,
2024-08-08 08:00:00.000,-0.00010236,
2024-08-08 16:00:00.000,5.858e-05,
2024-08-09 00:00:00.000,2.164e-05,
2024-08-09 08:00:00.000,9.134e-05,
2024-08-09 16:00:00.000,1.624e-05,
2024-08-10 00:00:00.000,-2.724e-05,
2024-08-10 08:00:00.000,7.327e-05,
2024-08-10 16:00:00.000,5.348e-05,
2024-08-11 00:00:00.000,6.27e-05,
2024-08-11 08:00:00.000,7.754e-05,
2024-08-11 16:00:00.000,-0.00010421,
2024-08-12 00:00:00.000,-1.66e-06,
2024-08-12 08:00:00.000,7.111e-05,
2024-08-12 16:00:00.000,0.0001,
2024-08-13 00:00:00.000,-8.56e-06,
2024-08-13 08:00:00.000,0.0001,
2024-08-13 16:00:00.000,7.155e-05,
2024-08-14 00:00:00.000,-8.655e-05,
2024-08-14 08:00:00.000,3.558e-05,
2024-08-14 16:00:00.000,5.108e-05,
2024-08-15 00:00:00.000,6.935e-05,
2024-08-15 08:00:00.000,2.248e-05,
2024-08-15 16:00:00.000,6.26e-06,
2024-08-16 00:00:00.000,6.247e-05,
2024-08-16 08:00:00.000,4.594e-05,
2024-08-16 16:00:00.000,8.959e-05,
2024-08-17 00:00:00.000,4.394e-05,
2024-08-17 08:00:00.000,-3.779e-05,
2024-08-17 16:00:00.000,2.019e-05,
2024-08-18 00:00:00.000,7.81e-06,
2024-08-18 08:00:00.000,6.96e-06,
2024-08-18 16:00:00.000,-4.86e-05,
2024-08-19 00:00:00.000,4.02e-06,
2024-08-19 08:00:00.000,-4.354e-05,
2024-08-19 16:00:00.000,3.323e-05,
2024-08-20 00:00:00.000,6.471e-05,
2024-08-20 08:00:00.000,4.558e-05,
2024-08-20 16:00:00.000,8.379e-05,
2024-08-21 00:00:00.000,-3.088e-05,
2024-08-21 08:00:00.000,5.053e-05,
2024-08-21 16:00:00.000,5.923e-05,
2024-08-22 00:00:00.000,8.487e-05,
2024-08-22 08:00:00.000,8.064e-05,
2024-08-22 16:00:00.000,9.583e-05,
2024-08-23 00:00:00.000,-5.265e-05,
2024-08-23 08:00:00.000,0.0001,
2024-08-23 16:00:00.000,3.717e-05,
2024-08-24 00:00:00.000,4.692e-05,
2024-08-24 08:00:00.000,0.0001,
2024-08-24 16:00:00.000,7.298e-05,
2024-08-25 00:00:00.000,4.01e-05,
2024-08-25 08:00:00.000,-1.714e-05,
2024-08-25 16:00:00.000,-5.081e-05,
2024-08-26 00:00:00.000,-2.131e-05,
2024-08-26 08:00:00.000,3.094e-05,
2024-08-26 16:00:00.000,0.0001,
2024-08-27 00:00:00.000,-3.636e-05,
2024-08-27 08:00:00.000,3.11e-05,
2024-08-27 16:00:00.000,0.0001,
2024-08-28 00:00:00.000,7.26e-06,
2024-08-28 08:00:00.000,-0.00014409,
2024-08-28 16:00:00.000,-1.716e-05,
2024-08-29 00:00:00.000,-5.6e-06,
2024-08-29 08:00:00.000,6.132e-05,
2024-08-29 16:00:00.000,-4.47e-05,
2024-08-30 00:00:00.000,2.048e-05,
2024-08-30 08:00:00.000,0.0001,
2024-08-30 16:00:00.000,2.68e-05,
2024-08-31 00:00:00.000,1.072e-05,
2024-08-31 08:00:00.000,6.85e-06,
2024-08-31 16:00:00.000,-4.425e-05,
2024-09-01 00:00:00.000,5.702e-05,
2024-09-01 08:00:00.000,3.215e-05,
2024-09-01 16:00:00.000,9.267e-05,
2024-09-02 00:00:00.000,-1.065e-05,
2024-09-02 08:00:00.000,-5.574e-05,
2024-09-02 16:00:00.000,1.069e-05,
2024-09-03 00:00:00.000,-4.73e-05,
2024-09-03 08:00:00.000,-9.44e-06,
2024-09-03 16:00:00.000,9.222e-05,
2024-09-04 00:00:00.000,3.586e-05,
2024-09-04 08:00:00.000,-7.24e-06,
2024-09-04 16:00:00.000,5.785e-05,
2024-09-05 00:00:00.000,2.5e-07,
2024-09-05 08:00:00.000,7.341e-05,
2024-09-05 16:00:00.000,5.742e-05,
2024-09-06 00:00:00.000,2.342e-05,
2024-09-06 08:00:00.000,-3.547e-05,
2024-09-06 16:00:00.000,3.962e-05,
2024-09-07 00:00:00.000,-0.00012706,
2024-09-07 08:00:00.000,-0.00012211,
2024-09-07 16:00:00.000,-5.133e-05,
2024-09-08 00:00:00.000,-2.933e-05,
2024-09-08 08:00:00.000,3.648e-05,
2024-09-08 16:00:00.000,6.018e-05,
2024-09-09 00:00:00.000,2.513e-05,
2024-09-09 08:00:00.000,-3.322e-05,
2024-09-09 16:00:00.000,7.77e-06,
2024-09-10 00:00:00.000,4.46e-06,
2024-09-10 08:00:00.000,3.355e-05,
2024-09-10 16:00:00.000,5.91e-05,
2024-09-11 00:00:00.000,-4.98e-06,
2024-09-11 08:00:00.000,-9.36e-06,
2024-09-11 16:00:00.000,-3.828e-05,
2024-09-12 00:00:00.000,4.454e-05,
2024-09-12 08:00:00.000,-1.896e-05,
2024-09-12 16:00:00.000,1.29e-06,
2024-09-13 00:00:00.000,-5.343e-05,
2024-09-13 08:00:00.000,-6.617e-05,
2024-09-13 16:00:00.000,0.0001,
2024-09-14 00:00:00.000,-2.626e-05,
2024-09-14 08:00:00.000,1.584e-05,
2024-09-14 16:00:00.000,1.826e-05,
2024-09-15 00:00:00.000,6.531e-05,
2024-09-15 08:00:00.000,8.329e-05,
2024-09-15 16:00:00.000,6.748e-05,
2024-09-16 00:00:00.000,9.056e-05,
2024-09-16 08:00:00.000,2.495e-05,
2024-09-16 16:00:00.000,9.584e-05,
2024-09-17 00:00:00.000,2.8e-06,
2024-09-17 08:00:00.000,2.907e-05,
2024-09-17 16:00:00.000,7.298e-05,
2024-09-18 00:00:00.000,8.184e-05,
2024-09-18 08:00:00.000,-2.591e-05,
2024-09-18 16:00:00.000,4.909e-05,
2024-09-19 00:00:00.000,1.914e-05,
2024-09-19 08:00:00.000,0.0001,
2024-09-19 16:00:00.000,0.0001,
2024-09-20 00:00:00.000,4.173e-05,
2024-09-20 08:00:00.000,6.322e-05,
2024-09-20 16:00:00.000,8.797e-05,
2024-09-21 00:00:00.000,-1.012e-05,
2024-09-21 08:00:00.000,0.0001,
2024-09-21 16:00:00.000,0.0001,
2024-09-22 00:00:00.000,5.292e-05,
2024-09-22 08:00:00.000,5.818e-05,
2024-09-22 16:00:00.000,-5.159e-05,
2024-09-23 00:00:00.000,-7.2e-07,
2024-09-23 08:00:00.000,9.92e-05,
2024-09-23 16:00:00.000,7.255e-05,
2024-09-24 00:00:00.000,0.0001,
2024-09-24 08:00:00.000,0.0001,
2024-09-24 16:00:00.000,0.0001,
2024-09-25 00:00:00.000,0.0001,
2024-09-25 08:00:00.000,0.0001,
2024-09-25 16:00:00.000,0.0001,
2024-09-26 00:00:00.000,0.0001,
2024-09-26 08:00:00.000,0.0001,
2024-09-26 16:00:00.000,0.0001,
2024-09-27 00:00:00.000,0.0001,
2024-09-27 08:00:00.000,0.0001,
2024-09-27 16:00:00.000,0.0001,
2024-09-28 00:00:00.000,0.0001,
2024-09-28 08:00:00.000,0.0001,
2024-09-28 16:00:00.000,0.0001,
2024-09-29 00:00:00.000,0.0001,
2024-09-29 08:00:00.000,0.0001,
2024-09-29 16:00:00.000,0.0001,
2024-09-30 00:00:00.000,0.0001,
2024-09-30 08:00:00.000,0.0001,
2024-09-30 16:00:00.000,0.0001,
2024-10-01 00:00:00.000,0.0001,
2024-10-01 08:00:00.000,0.0001,
2024-10-01 16:00:00.000,3.8e-05,
2024-10-02 00:00:00.000,8.72e-06,
2024-10-02 08:00:00.000,-6.22e-06,
2024-10-02 16:00:00.000,-0.00010486,
2024-10-03 00:00:00.000,3.927e-05,
2024-10-03 08:00:00.000,0.0001,
2024-10-03 16:00:00.000,0.0001,
2024-10-04 00:00:00.000,-7.102e-05,
2024-10-04 08:00:00.000,-5.686e-05,
2024-10-04 16:00:00.000,1.101e-05,
2024-10-05 00:00:00.000,-7.894e-05,
2024-10-05 08:00:00.000,0.0001,
2024-10-05 16:00:00.000,0.0001,
2024-10-06 00:00:00.000,7.194e-05,
2024-10-06 08:00:00.000,0.0001,
2024-10-06 16:00:00.000,3.884e-05,
2024-10-07 00:00:00.000,-3.937e-05,
2024-10-07 08:00:00.000,2.65e-05,
2024-10-07 16:00:00.000,5.031e-05,
2024-10-08 00:00:00.000,8.777e-05,
2024-10-08 08:00:00.000,-3.284e-05,
2024-10-08 16:00:00.000,5.871e-05,
2024-10-09 00:00:00.000,8.134e-05,
2024-10-09 08:00:00.000,-1.943e-05,
2024-10-09 16:00:00.000,6.6e-07,
2024-10-10 00:00:00.000,0.0001,
2024-10-10 08:00:00.000,-0.00010014,
2024-10-10 16:00:00.000,7.665e-05,
2024-10-11 00:00:00.000,0.0001,
2024-10-11 08:00:00.000,6.221e-05,
2024-10-11 16:00:00.000,0.0001,
2024-10-12 00:00:00.000,0.0001,
2024-10-12 08:00:00.000,0.0001,
2024-10-12 16:00:00.000,0.0001,
2024-10-13 00:00:00.000,4.047e-05,
2024-10-13 08:00:00.000,0.0001,
2024-10-13 16:00:00.000,-2.929e-05,
2024-10-14 00:00:00.000,3.236e-05,
2024-10-14 08:00:00.000,0.0001,
2024-10-14 16:00:00.000,0.0001,
2024-10-15 00:00:00.000,0.0001,
2024-10-15 08:00:00.000,0.0001,
2024-10-15 16:00:00.000,0.0001,
2024-10-16 00:00:00.000,0.0001,
2024-10-16 08:00:00.000,0.0001,
2024-10-16 16:00:00.000,0.0001,
2024-10-17 00:00:00.000,0.0001,
2024-10-17 08:00:00.000,0.0001,
2024-10-17 16:00:00.000,0.0001,
2024-10-18 00:00:00.000,0.0001,
2024-10-18 08:00:00.000,0.0001,
2024-10-18 16:00:00.000,0.0001,
2024-10-19 00:00:00.000,0.0001,
2024-10-19 08:00:00.000,0.0001,
2024-10-19 16:00:00.000,0.0001,
2024-10-20 00:00:00.000,0.0001,
2024-10-20 08:00:00.000,0.0001,
2024-10-20 16:00:00.000,0.0001,
2024-10-21 00:00:00.000,0.0001,
2024-10-21 08:00:00.000,0.0001,
2024-10-21 16:00:00.000,0.0001,
2024-10-22 00:00:00.000,0.0001,
2024-10-22 08:00:00.000,0.0001,
2024-10-22 16:00:00.000,0.0001,
2024-10-23 00:00:00.000,0.0001,
2024-10-23 08:00:00.000,0.0001,
2024-10-23 16:00:00.000,0.0001,
2024-10-24 00:00:00.000,0.0001,
2024-10-24 08:00:00.000,0.0001,
2024-10-24 16:00:00.000,0.0001,
2024-10-25 00:00:00.000,0.0001,
2024-10-25 08:00:00.000,0.0001,
2024-10-25 16:00:00.000,0.0001,
2024-10-26 00:00:00.000,0.0001,
2024-10-26 08:00:00.000,5.586e-05,
2024-10-26 16:00:00.000,0.0001,
2024-10-27 00:00:00.000,0.0001,
2024-10-27 08:00:00.000,0.0001,
2024-10-27 16:00:00.000,3.189e-05,
2024-10-28 00:00:00.000,0.0001,
2024-10-28 08:00:00.000,0.0001,
2024-10-28 16:00:00.000,0.0001,
2024-10-29 00:00:00.000,0.0001,
2024-10-29 08:00:00.000,0.0001,
2024-10-29 16:00:00.000,0.0001,
2024-10-30 00:00:00.000,0.0001,
2024-10-30 08:00:00.000,0.0001,
2024-10-30 16:00:00.000,0.0001,
2024-10-31 00:00:00.000,0.0001,
2024-10-31 08:00:00.000,0.0001,
2024-10-31 16:00:00.000,0.0001,
2024-11-01 00:00:00.000,0.0001,
2024-11-01 08:00:00.000,0.0001,
2024-11-01 16:00:00.000,0.0001,
2024-11-02 00:00:00.000,0.0001,
2024-11-02 08:00:00.000,0.0001,
2024-11-02 16:00:00.000,0.0001,
2024-11-03 00:00:00.000,0.0001,
2024-11-03 08:00:00.000,0.0001,
2024-11-03 16:00:00.000,-6.97e-06,
2024-11-04 00:00:00.000,2.112e-05,
2024-11-04 08:00:00.000,6.598e-05,
2024-11-04 16:00:00.000,0.0001,
2024-11-05 00:00:00.000,0.0001,
2024-11-05 08:00:00.000,0.0001,
2024-11-05 16:00:00.000,0.0001,
2024-11-06 00:00:00.000,7.234e-05,
2024-11-06 08:00:00.000,0.0001,
2024-11-06 16:00:00.000,0.0001,
2024-11-07 00:00:00.000,0.0001,
2024-11-07 08:00:00.000,0.0001,
2024-11-07 16:00:00.000,0.0001,
2024-11-08 00:00:00.000,0.0001,
2024-11-08 08:00:00.000,0.0001,
2024-11-08 16:00:00.000,0.0001,
2024-11-09 00:00:00.000,0.0001,
2024-11-09 08:00:00.000,0.0001,
2024-11-09 16:00:00.000,0.0001,
2024-11-10 00:00:00.000,0.0001,
2024-11-10 08:00:00.000,0.00021335,
2024-11-10 16:00:00.000,0.00027864,
2024-11-11 00:00:00.000,0.0001,
2024-11-11 08:00:00.000,0.00026141,
2024-11-11 16:00:00.000,0.00027567,
2024-11-12 00:00:00.000,0.00039785,
2024-11-12 08:00:00.000,0.00062833,
2024-11-12 16:00:00.000,0.00044627,
2024-11-13 00:00:00.000,0.00023909,
2024-11-13 08:00:00.000,0.0001,
2024-11-13 16:00:00.000,0.0001,
2024-11-14 00:00:00.000,0.0001,
2024-11-14 08:00:00.000,0.0001,
2024-11-14 16:00:00.000,0.0001,
2024-11-15 00:00:00.000,0.0001,
2024-11-15 08:00:00.000,0.0001,
2024-11-15 16:00:00.000,0.0001,
2024-11-16 00:00:00.000,0.0001,
2024-11-16 08:00:00.000,0.0001,
2024-11-16 16:00:00.000,0.0001,
2024-11-17 00:00:00.000,0.00015512,
2024-11-17 08:00:00.000,0.00021882,
2024-11-17 16:00:00.000,0.00036727,
2024-11-18 00:00:00.000,0.00017329,
2024-11-18 08:00:00.000,0.00037324,
2024-11-18 16:00:00.000,0.0002051,
2024-11-19 00:00:00.000,0.00010084,
2024-11-19 08:00:00.000,0.00026191,
2024-11-19 16:00:00.000,0.00011979,
2024-11-20 00:00:00.000,0.00011558,
2024-11-20 08:00:00.000,0.0001,
2024-11-20 16:00:00.000,0.00015617,
2024-11-21 00:00:00.000,0.0001,
2024-11-21 08:00:00.000,0.0001,
2024-11-21 16:00:00.000,0.00024527,
2024-11-22 00:00:00.000,0.00032956,
2024-11-22 08:00:00.000,0.00041319,
2024-11-22 16:00:00.000,0.00012517,
2024-11-23 00:00:00.000,0.00017793,
2024-11-23 08:00:00.000,0.0005882,
2024-11-23 16:00:00.000,0.00055962,
2024-11-24 00:00:00.000,0.00020782,
2024-11-24 08:00:00.000,0.00046991,
2024-11-24 16:00:00.000,0.00017277,
2024-11-25 00:00:00.000,0.0001,
2024-11-25 08:00:00.000,0.00019529,
2024-11-25 16:00:00.000,0.00022166,
2024-11-26 00:00:00.000,0.0001,
2024-11-26 08:00:00.000,0.0001,
2024-11-26 16:00:00.000,0.0001,
2024-11-27 00:00:00.000,0.0001,
2024-11-27 08:00:00.000,0.00021012,
2024-11-27 16:00:00.000,0.00041154,
2024-11-28 00:00:00.000,0.0004537,
2024-11-28 08:00:00.000,0.00049673,
2024-11-28 16:00:00.000,0.00017375,
2024-11-29 00:00:00.000,0.0004311,
2024-11-29 08:00:00.000,0.00051104,
2024-11-29 16:00:00.000,0.00049887,
2024-11-30 00:00:00.000,0.00042038,
2024-11-30 08:00:00.000,0.00018952,
2024-11-30 16:00:00.000,0.00011781,
2024-12-01 00:00:00.000,0.000233,
2024-12-01 08:00:00.000,0.00024359,
2024-12-01 16:00:00.000,0.00021014,
2024-12-02 00:00:00.000,0.00044152,
2024-12-02 08:00:00.000,0.00028534,
2024-12-02 16:00:00.000,0.00021227,
2024-12-03 00:00:00.000,0.00016396,
2024-12-03 08:00:00.000,0.00055411,
2024-12-03 16:00:00.000,0.00054158,
2024-12-04 00:00:00.000,0.00021111,
2024-12-04 08:00:00.000,0.0004703,
2024-12-04 16:00:00.000,0.00047275,
2024-12-05 00:00:00.000,0.00068067,
2024-12-05 08:00:00.000,0.00114863,
2024-12-05 16:00:00.000,0.00098584,
2024-12-06 00:00:00.000,0.0005766,
2024-12-06 08:00:00.000,0.00072187,
2024-12-06 16:00:00.000,0.0003244,
2024-12-07 00:00:00.000,0.00056336,
2024-12-07 08:00:00.000,0.00041071,
2024-12-07 16:00:00.000,0.00069927,
2024-12-08 00:00:00.000,0.00058021,
2024-12-08 08:00:00.000,0.00047567,
2024-12-08 16:00:00.000,0.00035274,
2024-12-09 00:00:00.000,0.00027125,
2024-12-09 08:00:00.000,0.00040749,
2024-12-09 16:00:00.000,0.0001,
2024-12-10 00:00:00.000,0.0001,
2024-12-10 08:00:00.000,0.0001,
2024-12-10 16:00:00.000,0.0001,
2024-12-11 00:00:00.000,0.0001,
2024-12-11 08:00:00.000,0.0001,
2024-12-11 16:00:00.000,0.0001,
2024-12-12 00:00:00.000,0.0001,
2024-12-12 08:00:00.000,0.0001,
2024-12-12 16:00:00.000,0.0001,
2024-12-13 00:00:00.000,0.0001,
2024-12-13 08:00:00.000,0.0001,
2024-12-13 16:00:00.000,0.0001,
2024-12-14 00:00:00.000,0.0001,
2024-12-14 08:00:00.000,0.0001,
2024-12-14 16:00:00.000,0.0001,
2024-12-15 00:00:00.000,0.0001,
2024-12-15 08:00:00.000,0.0001,
2024-12-15 16:00:00.000,0.0001,
2024-12-16 00:00:00.000,0.0001,
2024-12-16 08:00:00.000,0.0001,
2024-12-16 16:00:00.000,0.0001,
2024-12-17 00:00:00.000,0.0001,
2024-12-17 08:00:00.000,0.0001,
2024-12-17 16:00:00.000,0.0001,
2024-12-18 00:00:00.000,0.0001,
2024-12-18 08:00:00.000,0.0001,
2024-12-18 16:00:00.000,0.0001,
2024-12-19 00:00:00.000,-5.517e-05,
2024-12-19 08:00:00.000,0.0001,
2024-12-19 16:00:00.000,0.0001,
2024-12-20 00:00:00.000,9.874e-05,
2024-12-20 08:00:00.000,0.0001,
2024-12-20 16:00:00.000,5.777e-05,
2024-12-21 00:00:00.000,0.0001,
2024-12-21 08:00:00.000,0.0001,
2024-12-21 16:00:00.000,-1.865e-05,
2024-12-22 00:00:00.000,9.896e-05,
2024-12-22 08:00:00.000,0.0001,
2024-12-22 16:00:00.000,7.549e-05,
2024-12-23 00:00:00.000,1.314e-05,
2024-12-23 08:00:00.000,5.947e-05,
2024-12-23 16:00:00.000,5.6e-07,
2024-12-24 00:00:00.000,0.0001,
2024-12-24 08:00:00.000,0.0001,
2024-12-24 16:00:00.000,7.228e-05,
2024-12-25 00:00:00.000,5.665e-05,
2024-12-25 08:00:00.000,7.852e-05,
2024-12-25 16:00:00.000,6.216e-05,
2024-12-26 00:00:00.000,0.0001,
2024-12-26 08:00:00.000,5.527e-05,
2024-12-26 16:00:00.000,-1.894e-05,
2024-12-27 00:00:00.000,-1.12e-06,
2024-12-27 08:00:00.000,2.978e-05,
2024-12-27 16:00:00.000,9.826e-05,
2024-12-28 00:00:00.000,0.0001,
2024-12-28 08:00:00.000,0.0001,
2024-12-28 16:00:00.000,0.0001,
2024-12-29 00:00:00.000,0.0001,
2024-12-29 08:00:00.000,0.0001,
2024-12-29 16:00:00.000,7.367e-05,
2024-12-30 00:00:00.000,8.88e-06,
2024-12-30 08:00:00.000,-2.508e-05,
2024-12-30 16:00:00.000,7.392e-05,
2024-12-31 00:00:00.000,4.316e-05,
2024-12-31 08:00:00.000,4.341e-05,
2024-12-31 16:00:00.000,0.0001,
2025-01-01 00:00:00.000,0.0001,
2025-01-01 08:00:00.000,0.0001,
2025-01-01 16:00:00.000,6.689e-05,
2025-01-02 00:00:00.000,0.0001,
2025-01-02 08:00:00.000,0.0001,
2025-01-02 16:00:00.000,0.0001,
2025-01-03 00:00:00.000,0.0001,
2025-01-03 08:00:00.000,0.0001,
2025-01-03 16:00:00.000,0.0001,
2025-01-04 00:00:00.000,0.0001,
2025-01-04 08:00:00.000,0.0001,
2025-01-04 16:00:00.000,0.0001,
2025-01-05 00:00:00.000,0.0001,
2025-01-05 08:00:00.000,0.0001,
2025-01-05 16:00:00.000,0.0001,
2025-01-06 00:00:00.000,6.926e-05,
2025-01-06 08:00:00.000,0.0001,
2025-01-06 16:00:00.000,0.0001,
2025-01-07 00:00:00.000,0.0001,
2025-01-07 08:00:00.000,0.0001,
2025-01-07 16:00:00.000,0.0001,
2025-01-08 00:00:00.000,-9.031e-05,
2025-01-08 08:00:00.000,6.821e-05,
2025-01-08 16:00:00.000,0.0001,
2025-01-09 00:00:00.000,8.772e-05,
2025-01-09 08:00:00.000,0.0001,
2025-01-09 16:00:00.000,-1.365e-05,
2025-01-10 00:00:00.000,1.075e-05,
2025-01-10 08:00:00.000,7.019e-05,
2025-01-10 16:00:00.000,5.81e-06,
2025-01-11 00:00:00.000,0.0001,
2025-01-11 08:00:00.000,0.0001,
2025-01-11 16:00:00.000,0.0001,
2025-01-12 00:00:00.000,0.0001,
2025-01-12 08:00:00.000,0.0001,
2025-01-12 16:00:00.000,7.816e-05,
2025-01-13 00:00:00.000,4.787e-05,
2025-01-13 08:00:00.000,3.783e-05,
2025-01-13 16:00:00.000,-5.8e-06,
2025-01-14 00:00:00.000,0.0001,
2025-01-14 08:00:00.000,0.0001,
2025-01-14 16:00:00.000,0.0001,
2025-01-15 00:00:00.000,0.0001,
2025-01-15 08:00:00.000,0.0001,
2025-01-15 16:00:00.000,0.0001,
2025-01-16 00:00:00.000,0.0001,
2025-01-16 08:00:00.000,0.0001,
2025-01-16 16:00:00.000,0.0001,
2025-01-17 00:00:00.000,0.0001,
2025-01-17 08:00:00.000,0.0001,
2025-01-17 16:00:00.000,0.0001,
2025-01-18 00:00:00.000,0.0001,
2025-01-18 08:00:00.000,0.0001,
2025-01-18 16:00:00.000,0.0001,
2025-01-19 00:00:00.000,0.0001,
2025-01-19 08:00:00.000,0.0001,
2025-01-19 16:00:00.000,0.0001,
2025-01-20 00:00:00.000,4.974e-05,
2025-01-20 08:00:00.000,0.0001,
2025-01-20 16:00:00.000,0.0001,
2025-01-21 00:00:00.000,0.0001,
2025-01-21 08:00:00.000,0.0001,
2025-01-21 16:00:00.000,0.0001,
2025-01-22 00:00:00.000,0.0001,
2025-01-22 08:00:00.000,0.0001,
2025-01-22 16:00:00.000,0.0001,
2025-01-23 00:00:00.000,0.0001,
2025-01-23 08:00:00.000,0.0001,
2025-01-23 16:00:00.000,0.0001,
2025-01-24 00:00:00.000,0.0001,
2025-01-24 08:00:00.000,0.0001,
2025-01-24 16:00:00.000,0.0001,
2025-01-25 00:00:00.000,0.0001,
2025-01-25 08:00:00.000,0.0001,
2025-01-25 16:00:00.000,0.0001,
2025-01-26 00:00:00.000,0.0001,
2025-01-26 08:00:00.000,0.0001,
2025-01-26 16:00:00.000,0.0001,
2025-01-27 00:00:00.000,0.0001,
2025-01-27 08:00:00.000,0.0001,
2025-01-27 16:00:00.000,-7.729e-05,
2025-01-28 00:00:00.000,-4.96e-06,
2025-01-28 08:00:00.000,-6.03e-06,
2025-01-28 16:00:00.000,0.0001,
2025-01-29 00:00:00.000,0.0001,
2025-01-29 08:00:00.000,5.928e-05,
2025-01-29 16:00:00.000,1.6e-07,
2025-01-30 00:00:00.000,9.1e-07,
2025-01-30 08:00:00.000,0.0001,
2025-01-30 16:00:00.000,9.52e-05,
2025-01-31 00:00:00.000,0.0001,
2025-01-31 08:00:00.000,0.0001,
2025-01-31 16:00:00.000,0.0001,
2025-02-01 00:00:00.000,-4.172e-05,
2025-02-01 08:00:00.000,6.1e-07,
2025-02-01 16:00:00.000,-6.224e-05,
2025-02-02 00:00:00.000,3.204e-05,
2025-02-02 08:00:00.000,1.399e-05,
2025-02-02 16:00:00.000,7.343e-05,
2025-02-03 00:00:00.000,-3.514e-05,
2025-02-03 08:00:00.000,-0.000288,
2025-02-03 16:00:00.000,-0.00012025,
2025-02-04 00:00:00.000,4.5e-06,
2025-02-04 08:00:00.000,1.784e-05,
2025-02-04 16:00:00.000,-2.04e-05,
2025-02-05 00:00:00.000,-6.157e-05,
2025-02-05 08:00:00.000,8.45e-06,
2025-02-05 16:00:00.000,2.676e-05,
2025-02-06 00:00:00.000,8.181e-05,
2025-02-06 08:00:00.000,1.55e-06,
2025-02-06 16:00:00.000,9.334e-05,
2025-02-07 00:00:00.000,4.617e-05,
2025-02-07 08:00:00.000,2.988e-05,
2025-02-07 16:00:00.000,1.044e-05,
2025-02-08 00:00:00.000,0.0001,
2025-02-08 08:00:00.000,3.863e-05,
2025-02-08 16:00:00.000,1.291e-05,
2025-02-09 00:00:00.000,2.137e-05,
2025-02-09 08:00:00.000,5.881e-05,
2025-02-09 16:00:00.000,-3.084e-05,
2025-02-10 00:00:00.000,5.74e-06,
2025-02-10 08:00:00.000,9.72e-05,
2025-02-10 16:00:00.000,0.0001,
2025-02-11 00:00:00.000,9.868e-05,
2025-02-11 08:00:00.000,0.0001,
2025-02-11 16:00:00.000,0.0001,
2025-02-12 00:00:00.000,1.68e-06,
2025-02-12 08:00:00.000,1.954e-05,
2025-02-12 16:00:00.000,6.626e-05,
2025-02-13 00:00:00.000,0.0001,
2025-02-13 08:00:00.000,8.754e-05,
2025-02-13 16:00:00.000,2.481e-05,
2025-02-14 00:00:00.000,5.188e-05,
2025-02-14 08:00:00.000,8.148e-05,
2025-02-14 16:00:00.000,1.1e-05,
2025-02-15 00:00:00.000,8.565e-05,
2025-02-15 08:00:00.000,0.0001,
2025-02-15 16:00:00.000,8.444e-05,
2025-02-16 00:00:00.000,4.519e-05,
2025-02-16 08:00:00.000,0.0001,
2025-02-16 16:00:00.000,-7.61e-06,
2025-02-17 00:00:00.000,3.961e-05,
2025-02-17 08:00:00.000,5.99e-06,
2025-02-17 16:00:00.000,7.499e-05,
2025-02-18 00:00:00.000,4.812e-05,
2025-02-18 08:00:00.000,0.0001,
2025-02-18 16:00:00.000,0.0001,
2025-02-19 00:00:00.000,3.514e-05,
2025-02-19 08:00:00.000,3.729e-05,
2025-02-19 16:00:00.000,-7.329e-05,
2025-02-20 00:00:00.000,-3.38e-05,
2025-02-20 08:00:00.000,0.0001,
2025-02-20 16:00:00.000,4.11e-05,
2025-02-21 00:00:00.000,-1.28e-05,
2025-02-21 08:00:00.000,3.532e-05,
2025-02-21 16:00:00.000,-1.959e-05,
2025-02-22 00:00:00.000,0.00046101,
2025-02-22 08:00:00.000,0.00038815,
2025-02-22 16:00:00.000,0.0001,
2025-02-23 00:00:00.000,0.0001,
2025-02-23 08:00:00.000,0.0001,
2025-02-23 16:00:00.000,0.0001,
2025-02-24 00:00:00.000,0.0001,
2025-02-24 08:00:00.000,0.0001,
2025-02-24 16:00:00.000,0.0001,
2025-02-25 00:00:00.000,0.0001,
2025-02-25 08:00:00.000,0.0001,
2025-02-25 16:00:00.000,0.0001,
2025-02-26 00:00:00.000,5.266e-05,
2025-02-26 08:00:00.000,0.0001,
2025-02-26 16:00:00.000,0.0001,
2025-02-27 00:00:00.000,0.0001,
2025-02-27 08:00:00.000,0.0001,
2025-02-27 16:00:00.000,9.735e-05,
2025-02-28 00:00:00.000,0.0001,
2025-02-28 08:00:00.000,5.363e-05,
2025-02-28 16:00:00.000,-5.477e-05,
2025-03-01 00:00:00.000,0.0001,
2025-03-01 08:00:00.000,0.0001,
2025-03-01 16:00:00.000,0.0001,
2025-03-02 00:00:00.000,0.0001,
2025-03-02 08:00:00.000,-4.267e-05,
2025-03-02 16:00:00.000,0.0001,
2025-03-03 00:00:00.000,0.0001,
2025-03-03 08:00:00.000,0.0001,
2025-03-03 16:00:00.000,0.0001,
2025-03-04 00:00:00.000,-6.554e-05,
2025-03-04 08:00:00.000,-3.555e-05,
2025-03-04 16:00:00.000,-6.934e-05,
2025-03-05 00:00:00.000,-2.99e-06,
2025-03-05 08:00:00.000,-1.743e-05,
2025-03-05 16:00:00.000,-7.357e-05,
2025-03-06 00:00:00.000,-4.872e-05,
2025-03-06 08:00:00.000,-5.777e-05,
2025-03-06 16:00:00.000,2.69e-06,
2025-03-07 00:00:00.000,6.12e-06,
2025-03-07 08:00:00.000,7.887e-05,
2025-03-07 16:00:00.000,3.705e-05,
2025-03-08 00:00:00.000,-5.008e-05,
2025-03-08 08:00:00.000,-7.184e-05,
2025-03-08 16:00:00.000,-0.00012146,
2025-03-09 00:00:00.000,-0.00010774,
2025-03-09 08:00:00.000,4.551e-05,
2025-03-09 16:00:00.000,2.86e-05,
2025-03-10 00:00:00.000,-7.763e-05,
2025-03-10 08:00:00.000,-0.00014488,
2025-03-10 16:00:00.000,-0.00016199,
2025-03-11 00:00:00.000,-0.00015518,
2025-03-11 08:00:00.000,-9.325e-05,
2025-03-11 16:00:00.000,2.081e-05,
2025-03-12 00:00:00.000,-3.091e-05,
2025-03-12 08:00:00.000,-2.226e-05,
2025-03-12 16:00:00.000,-0.00011202,
2025-03-13 00:00:00.000,1.734e-05,
2025-03-13 08:00:00.000,2.291e-05,
2025-03-13 16:00:00.000,-3.253e-05,
2025-03-14 00:00:00.000,-0.00011917,
2025-03-14 08:00:00.000,-0.00011107,
2025-03-14 16:00:00.000,5.052e-05,
2025-03-15 00:00:00.000,-1.093e-05,
2025-03-15 08:00:00.000,0.0001,
2025-03-15 16:00:00.000,-0.00014261,
2025-03-16 00:00:00.000,-7.967e-05,
2025-03-16 08:00:00.000,5.458e-05,
2025-03-16 16:00:00.000,7.721e-05,
2025-03-17 00:00:00.000,-8.29e-06,
2025-03-17 08:00:00.000,-1.05e-06,
2025-03-17 16:00:00.000,-0.00012372,
2025-03-18 00:00:00.000,3.901e-05,
2025-03-18 08:00:00.000,-7.243e-05,
2025-03-18 16:00:00.000,-4.354e-05,
2025-03-19 00:00:00.000,-1.618e-05,
2025-03-19 08:00:00.000,5.406e-05,
2025-03-19 16:00:00.000,-5.571e-05,
2025-03-20 00:00:00.000,0.0001,
2025-03-20 08:00:00.000,0.0001,
2025-03-20 16:00:00.000,3.031e-05,
2025-03-21 00:00:00.000,6.544e-05,
2025-03-21 08:00:00.000,6.39e-06,
2025-03-21 16:00:00.000,7.357e-05,
2025-03-22 00:00:00.000,7.289e-05,
2025-03-22 08:00:00.000,6.313e-05,
2025-03-22 16:00:00.000,-0.00011469,
2025-03-23 00:00:00.000,-7.963e-05,
2025-03-23 08:00:00.000,0.0001,
2025-03-23 16:00:00.000,3.02e-05,
2025-03-24 00:00:00.000,-2.726e-05,
2025-03-24 08:00:00.000,6.773e-05,
2025-03-24 16:00:00.000,4.208e-05,
2025-03-25 00:00:00.000,0.0001,
2025-03-25 08:00:00.000,2.682e-05,
2025-03-25 16:00:00.000,7.453e-05,
2025-03-26 00:00:00.000,-2.159e-05,
2025-03-26 08:00:00.000,4.19e-05,
2025-03-26 16:00:00.000,1.234e-05,
2025-03-27 00:00:00.000,-7.791e-05,
2025-03-27 08:00:00.000,-0.00012477,
2025-03-27 16:00:00.000,-0.00011836,
2025-03-28 00:00:00.000,4.851e-05,
2025-03-28 08:00:00.000,2.159e-05,
2025-03-28 16:00:00.000,1.049e-05,
2025-03-29 00:00:00.000,-0.00013591,
2025-03-29 08:00:00.000,2.744e-05,
2025-03-29 16:00:00.000,-3.762e-05,
2025-03-30 00:00:00.000,-6.584e-05,
2025-03-30 08:00:00.000,-0.00018284,
2025-03-30 16:00:00.000,-1.293e-05,
2025-03-31 00:00:00.000,-9.258e-05,
2025-03-31 08:00:00.000,-9.063e-05,
2025-03-31 16:00:00.000,-0.00014576,
2025-04-01 00:00:00.000,-0.00011837,
2025-04-01 08:00:00.000,-6.89e-05,
2025-04-01 16:00:00.000,-6.999e-05,
2025-04-02 00:00:00.000,6.92e-06,
2025-04-02 08:00:00.000,-2.074e-05,
2025-04-02 16:00:00.000,8.563e-05,
2025-04-03 00:00:00.000,-0.00029968,
2025-04-03 08:00:00.000,-0.00022077,
2025-04-03 16:00:00.000,-0.00023301,
2025-04-04 00:00:00.000,-0.0002496,
2025-04-04 08:00:00.000,-0.00012143,
2025-04-04 16:00:00.000,-6.351e-05,
2025-04-05 00:00:00.000,6.892e-05,
2025-04-05 08:00:00.000,0.0001,
2025-04-05 16:00:00.000,0.0001,
2025-04-06 00:00:00.000,8.34e-05,
2025-04-06 08:00:00.000,3.748e-05,
2025-04-06 16:00:00.000,2.169e-05,
2025-04-07 00:00:00.000,-5.456e-05,
2025-04-07 08:00:00.000,9.604e-05,
2025-04-07 16:00:00.000,-0.00025285,
2025-04-08 00:00:00.000,-0.00019553,
2025-04-08 08:00:00.000,-0.0001649,
2025-04-08 16:00:00.000,-8.23e-05,
2025-04-09 00:00:00.000,8.484e-05,
2025-04-09 08:00:00.000,-5.568e-05,
2025-04-09 16:00:00.000,-1.811e-05,
2025-04-10 00:00:00.000,8.985e-05,
2025-04-10 08:00:00.000,4.47e-06,
2025-04-10 16:00:00.000,-0.00014357,
2025-04-11 00:00:00.000,-8.113e-05,
2025-04-11 08:00:00.000,2.774e-05,
2025-04-11 16:00:00.000,-2.267e-05,
2025-04-12 00:00:00.000,7.005e-05,
2025-04-12 08:00:00.000,0.0001,
2025-04-12 16:00:00.000,0.0001,
2025-04-13 00:00:00.000,0.0001,
2025-04-13 08:00:00.000,0.0001,
2025-04-13 16:00:00.000,6.54e-06,
2025-04-14 00:00:00.000,4.016e-05,
2025-04-14 08:00:00.000,3.004e-05,
2025-04-14 16:00:00.000,4.83e-05,
2025-04-15 00:00:00.000,0.0001,
2025-04-15 08:00:00.000,0.0001,
2025-04-15 16:00:00.000,2.628e-05,
2025-04-16 00:00:00.000,-8.398e-05,
2025-04-16 08:00:00.000,-9.006e-05,
2025-04-16 16:00:00.000,-3.477e-05,
2025-04-17 00:00:00.000,9.459e-05,
2025-04-17 08:00:00.000,0.0001,
2025-04-17 16:00:00.000,5.807e-05,
2025-04-18 00:00:00.000,-3.248e-05,
2025-04-18 08:00:00.000,-5.423e-05,
2025-04-18 16:00:00.000,2.722e-05,
2025-04-19 00:00:00.000,9.177e-05,
2025-04-19 08:00:00.000,0.0001,
2025-04-19 16:00:00.000,-3.374e-05,
2025-04-20 00:00:00.000,7.344e-05,
2025-04-20 08:00:00.000,-2.763e-05,
2025-04-20 16:00:00.000,-0.0001317,
2025-04-21 00:00:00.000,7.868e-05,
2025-04-21 08:00:00.000,0.0001,
2025-04-21 16:00:00.000,7.963e-05,
2025-04-22 00:00:00.000,1.004e-05,
2025-04-22 08:00:00.000,0.0001,
2025-04-22 16:00:00.000,0.0001,
2025-04-23 00:00:00.000,0.0001,
2025-04-23 08:00:00.000,0.0001,
2025-04-23 16:00:00.000,0.0001,
2025-04-24 00:00:00.000,0.0001,
2025-04-24 08:00:00.000,0.0001,
2025-04-24 16:00:00.000,2.384e-05,
2025-04-25 00:00:00.000,0.0001,
2025-04-25 08:00:00.000,0.0001,
2025-04-25 16:00:00.000,0.0001,
2025-04-26 00:00:00.000,2.044e-05,
2025-04-26 08:00:00.000,0.0001,
2025-04-26 16:00:00.000,6.274e-05,
2025-04-27 00:00:00.000,0.0001,
2025-04-27 08:00:00.000,-3.919e-05,
2025-04-27 16:00:00.000,9.775e-05,
2025-04-28 00:00:00.000,0.0001,
2025-04-28 08:00:00.000,0.0001,
2025-04-28 16:00:00.000,0.0001,
2025-04-29 00:00:00.000,-6.37e-06,
2025-04-29 08:00:00.000,1.848e-05,
2025-04-29 16:00:00.000,-3.717e-05,
2025-04-30 00:00:00.000,2.565e-05,
2025-04-30 08:00:00.000,5.986e-05,
2025-04-30 16:00:00.000,-5.536e-05,
2025-05-01 00:00:00.000,1.851e-05,
2025-05-01 08:00:00.000,6.114e-05,
2025-05-01 16:00:00.000,0.0001,
2025-05-02 00:00:00.000,0.0001,
2025-05-02 08:00:00.000,0.0001,
2025-05-02 16:00:00.000,0.0001,
2025-05-03 00:00:00.000,9.05e-05,
2025-05-03 08:00:00.000,0.0001,
2025-05-03 16:00:00.000,6.958e-05,
2025-05-04 00:00:00.000,0.0001,
2025-05-04 08:00:00.000,0.0001,
2025-05-04 16:00:00.000,7.459e-05,
2025-05-05 00:00:00.000,6.649e-05,
2025-05-05 08:00:00.000,0.0001,
2025-05-05 16:00:00.000,-1.63e-05,
2025-05-06 00:00:00.000,-8.04e-06,
2025-05-06 08:00:00.000,-9.75e-06,
2025-05-06 16:00:00.000,5.74e-06,
2025-05-07 00:00:00.000,7.823e-05,
2025-05-07 08:00:00.000,0.0001,
2025-05-07 16:00:00.000,4.243e-05,
2025-05-08 00:00:00.000,7.939e-05,
2025-05-08 08:00:00.000,0.0001,
2025-05-08 16:00:00.000,0.0001,
2025-05-09 00:00:00.000,0.0001,
2025-05-09 08:00:00.000,0.0001,
2025-05-09 16:00:00.000,0.0001,
2025-05-10 00:00:00.000,0.0001,
2025-05-10 08:00:00.000,0.0001,
2025-05-10 16:00:00.000,0.0001,
2025-05-11 00:00:00.000,0.0001,
2025-05-11 08:00:00.000,0.0001,
2025-05-11 16:00:00.000,7.453e-05,
2025-05-12 00:00:00.000,0.0001,
2025-05-12 08:00:00.000,0.0001,
2025-05-12 16:00:00.000,0.0001,
2025-05-13 00:00:00.000,0.0001,
2025-05-13 08:00:00.000,0.0001,
2025-05-13 16:00:00.000,0.0001,
2025-05-14 00:00:00.000,0.0001,
2025-05-14 08:00:00.000,0.0001,
2025-05-14 16:00:00.000,0.0001,
2025-05-15 00:00:00.000,0.0001,
2025-05-15 08:00:00.000,2.637e-05,
2025-05-15 16:00:00.000,-3.919e-05,
2025-05-16 00:00:00.000,-2.77e-06,
2025-05-16 08:00:00.000,6.464e-05,
2025-05-16 16:00:00.000,0.0001,
2025-05-17 00:00:00.000,9.876e-05,
2025-05-17 08:00:00.000,6.487e-05,
2025-05-17 16:00:00.000,8.245e-05,
2025-05-18 00:00:00.000,3.634e-05,
2025-05-18 08:00:00.000,-1.354e-05,
2025-05-18 16:00:00.000,1.873e-05,
2025-05-19 00:00:00.000,2.055e-05,
2025-05-19 08:00:00.000,-1.68e-05,
2025-05-19 16:00:00.000,6.154e-05,
2025-05-20 00:00:00.000,0.0001,
2025-05-20 08:00:00.000,0.0001,
2025-05-20 16:00:00.000,3.637e-05,
2025-05-21 00:00:00.000,-6.56e-06,
2025-05-21 08:00:00.000,2.609e-05,
2025-05-21 16:00:00.000,0.0001,
2025-05-22 00:00:00.000,0.0001,
2025-05-22 08:00:00.000,0.0001,
2025-05-22 16:00:00.000,0.0001,
2025-05-23 00:00:00.000,0.0001,
2025-05-23 08:00:00.000,0.0001,
2025-05-23 16:00:00.000,6.622e-05,
2025-05-24 00:00:00.000,-1.058e-05,
2025-05-24 08:00:00.000,-7.97e-06,
2025-05-24 16:00:00.000,0.0001,
2025-05-25 00:00:00.000,0.0001,
2025-05-25 08:00:00.000,5.868e-05,
2025-05-25 16:00:00.000,1.871e-05,
2025-05-26 00:00:00.000,0.0001,
2025-05-26 08:00:00.000,0.0001,
2025-05-26 16:00:00.000,0.0001,
2025-05-27 00:00:00.000,9.588e-05,
2025-05-27 08:00:00.000,8.77e-05,
2025-05-27 16:00:00.000,0.0001,
2025-05-28 00:00:00.000,0.0001,
2025-05-28 08:00:00.000,0.0001,
2025-05-28 16:00:00.000,-6.83e-06,
2025-05-29 00:00:00.000,4.592e-05,
2025-05-29 08:00:00.000,0.0001,
2025-05-29 16:00:00.000,0.0001,
2025-05-30 00:00:00.000,6.723e-05,
2025-05-30 08:00:00.000,5.302e-05,
2025-05-30 16:00:00.000,-3.353e-05,
2025-05-31 00:00:00.000,2.686e-05,
2025-05-31 08:00:00.000,-3.46e-05,
2025-05-31 16:00:00.000,-8.134e-05,
2025-06-01 00:00:00.000,0.0001,
2025-06-01 08:00:00.000,-4.452e-05,
2025-06-01 16:00:00.000,-3.714e-05,
2025-06-02 00:00:00.000,4.55e-05,
2025-06-02 08:00:00.000,0.0001,
2025-06-02 16:00:00.000,5.145e-05,
2025-06-03 00:00:00.000,8.171e-05,
2025-06-03 08:00:00.000,0.0001,
2025-06-03 16:00:00.000,6.691e-05,
2025-06-04 00:00:00.000,5.87e-05,
2025-06-04 08:00:00.000,5.899e-05,
2025-06-04 16:00:00.000,0.0001,
2025-06-05 00:00:00.000,-2.998e-05,
2025-06-05 08:00:00.000,1.471e-05,
2025-06-05 16:00:00.000,6.842e-05,
2025-06-06 00:00:00.000,-7.202e-05,
2025-06-06 08:00:00.000,3.975e-05,
2025-06-06 16:00:00.000,2.523e-05,
2025-06-07 00:00:00.000,0.0001,
2025-06-07 08:00:00.000,8.787e-05,
2025-06-07 16:00:00.000,6.276e-05,
2025-06-08 00:00:00.000,0.0001,
2025-06-08 08:00:00.000,0.0001,
2025-06-08 16:00:00.000,0.0001,
2025-06-09 00:00:00.000,0.0001,
2025-06-09 08:00:00.000,4.009e-05,
2025-06-09 16:00:00.000,5.349e-05,
2025-06-10 00:00:00.000,0.0001,
2025-06-10 08:00:00.000,0.0001,
2025-06-10 16:00:00.000,5.1e-05,
2025-06-11 00:00:00.000,0.0001,
2025-06-11 08:00:00.000,0.0001,
2025-06-11 16:00:00.000,0.0001,
2025-06-12 00:00:00.000,8.13e-05,
2025-06-12 08:00:00.000,5.106e-05,
2025-06-12 16:00:00.000,-1.21e-05,
2025-06-13 00:00:00.000,-3.556e-05,
2025-06-13 08:00:00.000,-4.623e-05,
2025-06-13 16:00:00.000,1.557e-05,
2025-06-14 00:00:00.000,-3.727e-05,
2025-06-14 08:00:00.000,-2.53e-05,
2025-06-14 16:00:00.000,-1.226e-05,
2025-06-15 00:00:00.000,-3.396e-05,
2025-06-15 08:00:00.000,-2.058e-05,
2025-06-15 16:00:00.000,1.504e-05,
2025-06-16 00:00:00.000,4.17e-06,
2025-06-16 08:00:00.000,0.0001,
2025-06-16 16:00:00.000,9.272e-05,
2025-06-17 00:00:00.000,0.0001,
2025-06-17 08:00:00.000,5.131e-05,
2025-06-17 16:00:00.000,-1.24e-06,
2025-06-18 00:00:00.000,2.61e-05,
2025-06-18 08:00:00.000,1.728e-05,
2025-06-18 16:00:00.000,-3.483e-05,
2025-06-19 00:00:00.000,5.096e-05,
2025-06-19 08:00:00.000,8.623e-05,
2025-06-19 16:00:00.000,1.876e-05,
2025-06-20 00:00:00.000,8.144e-05,
2025-06-20 08:00:00.000,3.272e-05,
2025-06-20 16:00:00.000,-2.096e-05,
2025-06-21 00:00:00.000,5.465e-05,
2025-06-21 08:00:00.000,0.0001,
2025-06-21 16:00:00.000,3.764e-05,
2025-06-22 00:00:00.000,-8.96e-06,
2025-06-22 08:00:00.000,5.329e-05,
2025-06-22 16:00:00.000,-6.4e-05,
2025-06-23 00:00:00.000,-0.00011161,
2025-06-23 08:00:00.000,9.15e-06,
2025-06-23 16:00:00.000,-7.8e-05,
2025-06-24 00:00:00.000,-7.185e-05,
2025-06-24 08:00:00.000,2.46e-05,
2025-06-24 16:00:00.000,6.41e-05,
2025-06-25 00:00:00.000,4.158e-05,
2025-06-25 08:00:00.000,0.0001,
2025-06-25 16:00:00.000,-4.58e-06,
2025-06-26 00:00:00.000,-1.95e-05,
2025-06-26 08:00:00.000,3.807e-05,
2025-06-26 16:00:00.000,6.025e-05,
2025-06-27 00:00:00.000,-4.66e-06,
2025-06-27 08:00:00.000,2.054e-05,
2025-06-27 16:00:00.000,3.361e-05,
2025-06-28 00:00:00.000,2.703e-05,
2025-06-28 08:00:00.000,5.933e-05,
2025-06-28 16:00:00.000,0.0001,
2025-06-29 00:00:00.000,0.0001,
2025-06-29 08:00:00.000,4.035e-05,
2025-06-29 16:00:00.000,7.726e-05,
2025-06-30 00:00:00.000,0.0001,
2025-06-30 08:00:00.000,7.256e-05,
2025-06-30 16:00:00.000,4.423e-05,
2025-07-01 00:00:00.000,0.0001,
2025-07-01 08:00:00.000,5.289e-05,
2025-07-01 16:00:00.000,-3.977e-05,
2025-07-02 00:00:00.000,2.68e-06,
2025-07-02 08:00:00.000,-2.206e-05,
2025-07-02 16:00:00.000,3.566e-05,
2025-07-03 00:00:00.000,0.0001,
2025-07-03 08:00:00.000,0.0001,
2025-07-03 16:00:00.000,0.0001,
2025-07-04 00:00:00.000,0.0001,
2025-07-04 08:00:00.000,6.554e-05,
2025-07-04 16:00:00.000,8.307e-05,
2025-07-05 00:00:00.000,-1.92e-05,
2025-07-05 08:00:00.000,1.449e-05,
2025-07-05 16:00:00.000,-3.421e-05,
2025-07-06 00:00:00.000,-4.134e-05,
2025-07-06 08:00:00.000,6.765e-05,
2025-07-06 16:00:00.000,0.0001,
2025-07-07 00:00:00.000,0.0001,
2025-07-07 08:00:00.000,0.0001,
2025-07-07 16:00:00.000,0.0001,
2025-07-08 00:00:00.000,-1.65e-05,
2025-07-08 08:00:00.000,-3.712e-05,
2025-07-08 16:00:00.000,0.0001,
2025-07-09 00:00:00.000,7.119e-05,
2025-07-09 08:00:00.000,0.0001,
2025-07-09 16:00:00.000,0.0001,
2025-07-10 00:00:00.000,0.0001,
2025-07-10 08:00:00.000,0.0001,
2025-07-10 16:00:00.000,0.0001,
2025-07-11 00:00:00.000,0.0001,
2025-07-11 08:00:00.000,0.0001,
2025-07-11 16:00:00.000,0.0001,
2025-07-12 00:00:00.000,0.0001,
2025-07-12 08:00:00.000,0.0001,
2025-07-12 16:00:00.000,0.0001,
2025-07-13 00:00:00.000,0.0001,
2025-07-13 08:00:00.000,0.0001,
2025-07-13 16:00:00.000,0.0001,
2025-07-14 00:00:00.000,0.0001,
2025-07-14 08:00:00.000,0.0001,
2025-07-14 16:00:00.000,0.0001,
2025-07-15 00:00:00.000,0.0001,
2025-07-15 08:00:00.000,0.0001,
2025-07-15 16:00:00.000,0.0001,
2025-07-16 00:00:00.000,0.0001,
2025-07-16 08:00:00.000,0.0001,
2025-07-16 16:00:00.000,0.0001,
2025-07-17 00:00:00.000,0.0001,
2025-07-17 08:00:00.000,0.0001,
2025-07-17 16:00:00.000,0.00012648,
2025-07-18 00:00:00.000,0.00025477,
2025-07-18 08:00:00.000,0.00037722,
2025-07-18 16:00:00.000,0.0001,
2025-07-19 00:00:00.000,0.0001,
2025-07-19 08:00:00.000,0.0001,
2025-07-19 16:00:00.000,0.0001,
2025-07-20 00:00:00.000,0.0001,
2025-07-20 08:00:00.000,0.00015521,
2025-07-20 16:00:00.000,0.0001,
2025-07-21 00:00:00.000,0.0001,
2025-07-21 08:00:00.000,0.00016339,
2025-07-21 16:00:00.000,0.00041329,
2025-07-22 00:00:00.000,0.0001,
2025-07-22 08:00:00.000,0.0001,
2025-07-22 16:00:00.000,0.0001,
2025-07-23 00:00:00.000,0.00034033,
2025-07-23 08:00:00.000,0.00012237,
2025-07-23 16:00:00.000,0.0001,
2025-07-24 00:00:00.000,0.0001,
2025-07-24 08:00:00.000,0.0001,
2025-07-24 16:00:00.000,0.0001,
2025-07-25 00:00:00.000,0.0001,
2025-07-25 08:00:00.000,0.0001,
2025-07-25 16:00:00.000,0.0001,
2025-07-26 00:00:00.000,0.0001,
2025-07-26 08:00:00.000,0.0001,
2025-07-26 16:00:00.000,0.0001,
2025-07-27 00:00:00.000,0.0001,
2025-07-27 08:00:00.000,0.0001,
2025-07-27 16:00:00.000,0.0001,
2025-07-28 00:00:00.000,0.0001,
2025-07-28 08:00:00.000,0.0001,
2025-07-28 16:00:00.000,0.0001,
2025-07-29 00:00:00.000,1.93e-06,
2025-07-29 08:00:00.000,-5.61e-06,
2025-07-29 16:00:00.000,2.258e-05,
2025-07-30 00:00:00.000,0.0001,
2025-07-30 08:00:00.000,0.0001,
2025-07-30 16:00:00.000,0.0001,
2025-07-31 00:00:00.000,0.0001,
2025-07-31 08:00:00.000,0.0001,
2025-07-31 16:00:00.000,0.0001,
2025-08-01 00:00:00.000,-0.00010929,
2025-08-01 08:00:00.000,-2.12e-06,
2025-08-01 16:00:00.000,0.0001,
2025-08-02 00:00:00.000,9.729e-05,
2025-08-02 08:00:00.000,0.0001,
2025-08-02 16:00:00.000,2.123e-05,
2025-08-03 00:00:00.000,6.438e-05,
2025-08-03 08:00:00.000,-6.9e-05,
2025-08-03 16:00:00.000,3.271e-05,
2025-08-04 00:00:00.000,-3.112e-05,
2025-08-04 08:00:00.000,0.0001,
2025-08-04 16:00:00.000,6.956e-05,
2025-08-05 00:00:00.000,5.011e-05,
2025-08-05 08:00:00.000,0.0001,
2025-08-05 16:00:00.000,0.0001,
2025-08-06 00:00:00.000,0.0001,
2025-08-06 08:00:00.000,0.0001,
2025-08-06 16:00:00.000,4.668e-05,
2025-08-07 00:00:00.000,1.617e-05,
2025-08-07 08:00:00.000,8.388e-05,
2025-08-07 16:00:00.000,0.0001,
2025-08-08 00:00:00.000,0.0001,
2025-08-08 08:00:00.000,0.0001,
2025-08-08 16:00:00.000,0.0001,
2025-08-09 00:00:00.000,0.0001,
2025-08-09 08:00:00.000,0.0001,
2025-08-09 16:00:00.000,0.0001,
2025-08-10 00:00:00.000,0.0001,
2025-08-10 08:00:00.000,0.0001,
2025-08-10 16:00:00.000,0.0001,
2025-08-11 00:00:00.000,0.0001,
2025-08-11 08:00:00.000,6.072e-05,
2025-08-11 16:00:00.000,0.0001,
2025-08-12 00:00:00.000,0.0001,
2025-08-12 08:00:00.000,8.581e-05,
2025-08-12 16:00:00.000,6.166e-05,
2025-08-13 00:00:00.000,0.0001,
2025-08-13 08:00:00.000,0.0001,
2025-08-13 16:00:00.000,0.0001,
2025-08-14 00:00:00.000,0.0001,
2025-08-14 08:00:00.000,0.0001,
2025-08-14 16:00:00.000,0.0001,
2025-08-15 00:00:00.000,7.308e-05,
2025-08-15 08:00:00.000,6.253e-05,
2025-08-15 16:00:00.000,0.0001,
2025-08-16 00:00:00.000,0.0001,
2025-08-16 08:00:00.000,0.0001,
2025-08-16 16:00:00.000,0.0001,
2025-08-17 00:00:00.000,7.598e-05,
2025-08-17 08:00:00.000,0.0001,
2025-08-17 16:00:00.000,0.0001,
2025-08-18 00:00:00.000,2.796e-05,
2025-08-18 08:00:00.000,-9.494e-05,
2025-08-18 16:00:00.000,-9.016e-05,
2025-08-19 00:00:00.000,0.0001,
2025-08-19 08:00:00.000,0.0001,
2025-08-19 16:00:00.000,7.849e-05,
2025-08-20 00:00:00.000,6.663e-05,
2025-08-20 08:00:00.000,-4.715e-05,
2025-08-20 16:00:00.000,6.968e-05,
2025-08-21 00:00:00.000,0.0001,
2025-08-21 08:00:00.000,0.0001,
2025-08-21 16:00:00.000,5.336e-05,
2025-08-22 00:00:00.000,8.82e-05,
2025-08-22 08:00:00.000,-2.387e-05,
2025-08-22 16:00:00.000,4.982e-05,
2025-08-23 00:00:00.000,0.0001,
2025-08-23 08:00:00.000,0.0001,
2025-08-23 16:00:00.000,0.0001,
2025-08-24 00:00:00.000,0.0001,
2025-08-24 08:00:00.000,0.0001,
2025-08-24 16:00:00.000,0.0001,
2025-08-25 00:00:00.000,0.0001,
2025-08-25 08:00:00.000,0.0001,
2025-08-25 16:00:00.000,6.086e-05,
2025-08-26 00:00:00.000,-4.449e-05,
2025-08-26 08:00:00.000,8e-06,
2025-08-26 16:00:00.000,8.674e-05,
2025-08-27 00:00:00.000,0.0001,
2025-08-27 08:00:00.000,0.0001,
2025-08-27 16:00:00.000,0.0001,
2025-08-28 00:00:00.000,0.0001,
2025-08-28 08:00:00.000,0.0001,
2025-08-28 16:00:00.000,0.0001,
2025-08-29 00:00:00.000,0.0001,
2025-08-29 08:00:00.000,0.0001,
2025-08-29 16:00:00.000,8.354e-05,
2025-08-30 00:00:00.000,6.262e-05,
2025-08-30 08:00:00.000,5.439e-05,
2025-08-30 16:00:00.000,1.786e-05,
2025-08-31 00:00:00.000,9.448e-05,
2025-08-31 08:00:00.000,0.0001,
2025-08-31 16:00:00.000,0.0001,
2025-09-01 00:00:00.000,0.0001,
2025-09-01 08:00:00.000,9.095e-05,
2025-09-01 16:00:00.000,4.783e-05,
2025-09-02 00:00:00.000,2.809e-05,
2025-09-02 08:00:00.000,0.0001,
2025-09-02 16:00:00.000,0.0001,
2025-09-03 00:00:00.000,0.0001,
2025-09-03 08:00:00.000,9.965e-05,
2025-09-03 16:00:00.000,5.231e-05,
2025-09-04 00:00:00.000,6.314e-05,
2025-09-04 08:00:00.000,8.306e-05,
2025-09-04 16:00:00.000,5.776e-05,
2025-09-05 00:00:00.000,8.151e-05,
2025-09-05 08:00:00.000,8.885e-05,
2025-09-05 16:00:00.000,0.0001,
2025-09-06 00:00:00.000,7.192e-05,
2025-09-06 08:00:00.000,0.0001,
2025-09-06 16:00:00.000,1.129e-05,
2025-09-07 00:00:00.000,5.94e-06,
2025-09-07 08:00:00.000,5.899e-05,
2025-09-07 16:00:00.000,7.132e-05,
2025-09-08 00:00:00.000,5.245e-05,
2025-09-08 08:00:00.000,0.0001,
2025-09-08 16:00:00.000,0.0001,
2025-09-09 00:00:00.000,0.0001,
2025-09-09 08:00:00.000,0.0001,
2025-09-09 16:00:00.000,0.0001,
2025-09-10 00:00:00.000,7.298e-05,
2025-09-10 08:00:00.000,0.0001,
2025-09-10 16:00:00.000,0.0001,
2025-09-11 00:00:00.000,0.0001,
2025-09-11 08:00:00.000,0.0001,
2025-09-11 16:00:00.000,0.0001,
2025-09-12 00:00:00.000,0.0001,
2025-09-12 08:00:00.000,0.0001,
2025-09-12 16:00:00.000,0.0001,
2025-09-13 00:00:00.000,0.0001,
2025-09-13 08:00:00.000,0.0001,
2025-09-13 16:00:00.000,0.0001,
2025-09-14 00:00:00.000,0.0001,
2025-09-14 08:00:00.000,0.0001,
2025-09-14 16:00:00.000,0.0001,
2025-09-15 00:00:00.000,0.0001,
2025-09-15 08:00:00.000,0.0001,
2025-09-15 16:00:00.000,5.397e-05,
2025-09-16 00:00:00.000,8.565e-05,
2025-09-16 08:00:00.000,7.584e-05,
2025-09-16 16:00:00.000,7.703e-05,
2025-09-17 00:00:00.000,0.0001,
2025-09-17 08:00:00.000,0.0001,
2025-09-17 16:00:00.000,9.57e-06,
2025-09-18 00:00:00.000,0.0001,
2025-09-18 08:00:00.000,0.0001,
2025-09-18 16:00:00.000,0.0001,
2025-09-19 00:00:00.000,0.0001,
2025-09-19 08:00:00.000,0.0001,
2025-09-19 16:00:00.000,0.0001,
2025-09-20 00:00:00.000,0.0001,
2025-09-20 08:00:00.000,0.0001,
2025-09-20 16:00:00.000,0.0001,
2025-09-21 00:00:00.000,0.0001,
2025-09-21 08:00:00.000,0.0001,
2025-09-21 16:00:00.000,0.0001,
2025-09-22 00:00:00.000,0.0001,
2025-09-22 08:00:00.000,4.51e-06,
2025-09-22 16:00:00.000,-0.00011734,
2025-09-23 00:00:00.000,-6.144e-05,
2025-09-23 08:00:00.000,-5.83e-06,
2025-09-23 16:00:00.000,-5.124e-05,
2025-09-24 00:00:00.000,8.57e-05,
2025-09-24 08:00:00.000,7.418e-05,
2025-09-24 16:00:00.000,8.84e-05,
2025-09-25 00:00:00.000,0.0001,
2025-09-25 08:00:00.000,1.877e-05,
2025-09-25 16:00:00.000,-2.537e-05,
2025-09-26 00:00:00.000,-0.00010443,
2025-09-26 08:00:00.000,1.77e-06,
2025-09-26 16:00:00.000,7.402e-05,
2025-09-27 00:00:00.000,0.0001,
2025-09-27 08:00:00.000,0.0001,
2025-09-27 16:00:00.000,6.098e-05,
2025-09-28 00:00:00.000,-4.102e-05,
2025-09-28 08:00:00.000,3.613e-05,
2025-09-28 16:00:00.000,8.952e-05,
2025-09-29 00:00:00.000,0.0001,
2025-09-29 08:00:00.000,0.0001,
2025-09-29 16:00:00.000,9.647e-05,
2025-09-30 00:00:00.000,0.0001,
2025-09-30 08:00:00.000,0.0001,
2025-09-30 16:00:00.000,2.705e-05,
2025-10-01 00:00:00.000,0.0001,
2025-10-01 08:00:00.000,0.0001,
2025-10-01 16:00:00.000,0.0001,
2025-10-02 00:00:00.000,0.0001,
2025-10-02 08:00:00.000,0.0001,
2025-10-02 16:00:00.000,0.0001,
2025-10-03 00:00:00.000,0.0001,
2025-10-03 08:00:00.000,0.0001,
2025-10-03 16:00:00.000,0.0001,
2025-10-04 00:00:00.000,0.0001,
2025-10-04 08:00:00.000,0.0001,
2025-10-04 16:00:00.000,0.0001,
2025-10-05 00:00:00.000,0.0001,
2025-10-05 08:00:00.000,0.0001,
2025-10-05 16:00:00.000,0.0001,
2025-10-06 00:00:00.000,0.0001,
2025-10-06 08:00:00.000,0.0001,
2025-10-06 16:00:00.000,0.0001,
2025-10-07 00:00:00.000,0.0001,
2025-10-07 08:00:00.000,0.0001,
2025-10-07 16:00:00.000,0.0001,
2025-10-08 00:00:00.000,9.94e-06,
2025-10-08 08:00:00.000,-3.91e-06,
2025-10-08 16:00:00.000,5.534e-05,
2025-10-09 00:00:00.000,0.0001,
2025-10-09 08:00:00.000,9.313e-05,
2025-10-09 16:00:00.000,-4.73e-06,
2025-10-10 00:00:00.000,6.768e-05,
2025-10-10 08:00:00.000,0.0001,
2025-10-10 16:00:00.000,0.0001,
2025-10-11 00:00:00.000,-0.0058,
2025-10-11 08:00:00.000,-4.969e-05,
2025-10-11 16:00:00.000,-7.159e-05,
2025-10-12 00:00:00.000,1.873e-05,
2025-10-12 08:00:00.000,2.975e-05,
2025-10-12 16:00:00.000,-3.316e-05,
2025-10-13 00:00:00.000,7.411e-05,
2025-10-13 08:00:00.000,1.076e-05,
2025-10-13 16:00:00.000,-3.86e-06,
2025-10-14 00:00:00.000,0.0001,
2025-10-14 08:00:00.000,-1.514e-05,
2025-10-14 16:00:00.000,-3.914e-05,
2025-10-15 00:00:00.000,-6.296e-05,
2025-10-15 08:00:00.000,2.409e-05,
2025-10-15 16:00:00.000,-3.45e-06,
2025-10-16 00:00:00.000,-8.889e-05,
2025-10-16 08:00:00.000,-3.103e-05,
2025-10-16 16:00:00.000,-1.68e-05,
2025-10-17 00:00:00.000,5.441e-05,
2025-10-17 08:00:00.000,2.482e-05,
2025-10-17 16:00:00.000,2.157e-05,
2025-10-18 00:00:00.000,-2.004e-05,
2025-10-18 08:00:00.000,7.73e-06,
2025-10-18 16:00:00.000,-8.91e-06,
2025-10-19 00:00:00.000,6.357e-05,
2025-10-19 08:00:00.000,-3.673e-05,
2025-10-19 16:00:00.000,3.614e-05,
2025-10-20 00:00:00.000,-5.8e-07,
2025-10-20 08:00:00.000,6.22e-06,
2025-10-20 16:00:00.000,-8.113e-05,
2025-10-21 00:00:00.000,7.513e-05,
2025-10-21 08:00:00.000,-3.901e-05,
2025-10-21 16:00:00.000,4.61e-06,
2025-10-22 00:00:00.000,-3.456e-05,
2025-10-22 08:00:00.000,-5.56e-06,
2025-10-22 16:00:00.000,-1.92e-06,
2025-10-23 00:00:00.000,-1.403e-05,
2025-10-23 08:00:00.000,2.832e-05,
2025-10-23 16:00:00.000,9.186e-05,
2025-10-24 00:00:00.000,1.055e-05,
2025-10-24 08:00:00.000,9.522e-05,
2025-10-24 16:00:00.000,2.219e-05,
2025-10-25 00:00:00.000,7.802e-05,
2025-10-25 08:00:00.000,-2.182e-05,
2025-10-25 16:00:00.000,0.0001,
2025-10-26 00:00:00.000,0.0001,
2025-10-26 08:00:00.000,4.862e-05,
2025-10-26 16:00:00.000,4.098e-05,
2025-10-27 00:00:00.000,0.0001,
2025-10-27 08:00:00.000,5.039e-05,
2025-10-27 16:00:00.000,0.0001,
2025-10-28 00:00:00.000,0.0001,
2025-10-28 08:00:00.000,7.74e-06,
2025-10-28 16:00:00.000,-5.92e-06,
2025-10-29 00:00:00.000,-4.712e-05,
2025-10-29 08:00:00.000,8.452e-05,
2025-10-29 16:00:00.000,5.235e-05,
2025-10-30 00:00:00.000,2.59e-06,
2025-10-30 08:00:00.000,2.721e-05,
2025-10-30 16:00:00.000,-4.125e-05,
2025-10-31 00:00:00.000,-5.847e-05,
2025-10-31 08:00:00.000,-3.625e-05,
2025-10-31 16:00:00.000,7.67e-06,
2025-11-01 00:00:00.000,-1.103e-05,
2025-11-01 08:00:00.000,-4.13e-06,
2025-11-01 16:00:00.000,2.405e-05,
2025-11-02 00:00:00.000,0.0001,
2025-11-02 08:00:00.000,0.0001,
2025-11-02 16:00:00.000,2.657e-05,
2025-11-03 00:00:00.000,2.059e-05,
2025-11-03 08:00:00.000,-4.605e-05,
2025-11-03 16:00:00.000,-3.119e-05,
2025-11-04 00:00:00.000,-5.471e-05,
2025-11-04 08:00:00.000,7.005e-05,
2025-11-04 16:00:00.000,5.935e-05,
2025-11-05 00:00:00.000,1.964e-05,
2025-11-05 08:00:00.000,-1.736e-05,
2025-11-05 16:00:00.000,-3.625e-05,
2025-11-06 00:00:00.000,5.64e-05,
2025-11-06 08:00:00.000,8.92e-06,
2025-11-06 16:00:00.000,4.536e-05,
2025-11-07 00:00:00.000,-6.369e-05,
2025-11-07 08:00:00.000,5.32e-06,
2025-11-07 16:00:00.000,2.041e-05,
2025-11-08 00:00:00.000,0.0001,
2025-11-08 08:00:00.000,0.0001,
2025-11-08 16:00:00.000,4.825e-05,
2025-11-09 00:00:00.000,-3.566e-05,
2025-11-09 08:00:00.000,3.86e-06,
2025-11-09 16:00:00.000,-2.476e-05,
2025-11-10 00:00:00.000,0.0001,
2025-11-10 08:00:00.000,0.0001,
2025-11-10 16:00:00.000,0.0001,
2025-11-11 00:00:00.000,5.178e-05,
2025-11-11 08:00:00.000,5.077e-05,
2025-11-11 16:00:00.000,-1.569e-05,
2025-11-12 00:00:00.000,-8.85e-06,
2025-11-12 08:00:00.000,-4.971e-05,
2025-11-12 16:00:00.000,1.212e-05,
2025-11-13 00:00:00.000,-3.983e-05,
2025-11-13 08:00:00.000,0.0001,
2025-11-13 16:00:00.000,0.0001,
2025-11-14 00:00:00.000,-0.00010883,
2025-11-14 08:00:00.000,5.08e-05,
2025-11-14 16:00:00.000,5.722e-05,
2025-11-15 00:00:00.000,7.143e-05,
2025-11-15 08:00:00.000,7.607e-05,
2025-11-15 16:00:00.000,3.04e-06,
2025-11-16 00:00:00.000,-9.27e-06,
2025-11-16 08:00:00.000,6.327e-05,
2025-11-16 16:00:00.000,-4.24e-05,
2025-11-17 00:00:00.000,8.463e-05,
2025-11-17 08:00:00.000,0.0001,
2025-11-17 16:00:00.000,0.0001,
2025-11-18 00:00:00.000,-1.47e-05,
2025-11-18 08:00:00.000,0.0001,
2025-11-18 16:00:00.000,0.0001,
2025-11-19 00:00:00.000,0.0001,
2025-11-19 08:00:00.000,3.419e-05,
2025-11-19 16:00:00.000,-4.585e-05,
2025-11-20 00:00:00.000,-4.69e-05,
2025-11-20 08:00:00.000,0.0001,
2025-11-20 16:00:00.000,0.0001,
2025-11-21 00:00:00.000,-2.233e-05,
2025-11-21 08:00:00.000,9.209e-05,
2025-11-21 16:00:00.000,4.47e-05,
2025-11-22 00:00:00.000,-3.048e-05,
2025-11-22 08:00:00.000,4.736e-05,
2025-11-22 16:00:00.000,1.797e-05,
2025-11-23 00:00:00.000,-2.052e-05,
2025-11-23 08:00:00.000,6.032e-05,
2025-11-23 16:00:00.000,-9.066e-05,
2025-11-24 00:00:00.000,-0.00011047,
2025-11-24 08:00:00.000,-7.341e-05,
2025-11-24 16:00:00.000,2.219e-05,
2025-11-25 00:00:00.000,4.613e-05,
2025-11-25 08:00:00.000,-0.00011454,
2025-11-25 16:00:00.000,-3.216e-05,
2025-11-26 00:00:00.000,6.596e-05,
2025-11-26 08:00:00.000,4.006e-05,
2025-11-26 16:00:00.000,-1.29e-06,
2025-11-27 00:00:00.000,0.0001,
2025-11-27 08:00:00.000,6.958e-05,
2025-11-27 16:00:00.000,-3.663e-05,
2025-11-28 00:00:00.000,0.0001,
2025-11-28 08:00:00.000,0.0001,
2025-11-28 16:00:00.000,-1.098e-05,
2025-11-29 00:00:00.000,-1.081e-05,
2025-11-29 08:00:00.000,-2.491e-05,
2025-11-29 16:00:00.000,0.0001,
2025-11-30 00:00:00.000,7.143e-05,
2025-11-30 08:00:00.000,-2.605e-05,
2025-11-30 16:00:00.000,-7.25e-05,
2025-12-01 00:00:00.000,-6.062e-05,
2025-12-01 08:00:00.000,-5.534e-05,
2025-12-01 16:00:00.000,-1.166e-05,
2025-12-02 00:00:00.000,0.0001,
2025-12-02 08:00:00.000,0.0001,
2025-12-02 16:00:00.000,-2.759e-05,
2025-12-03 00:00:00.000,0.0001,
2025-12-03 08:00:00.000,5.153e-05,
2025-12-03 16:00:00.000,0.0001,
2025-12-04 00:00:00.000,6.702e-05,
2025-12-04 08:00:00.000,0.0001,
2025-12-04 16:00:00.000,9.88e-06,
2025-12-05 00:00:00.000,-3.198e-05,
2025-12-05 08:00:00.000,2.63e-05,
2025-12-05 16:00:00.000,-5.307e-05,
2025-12-06 00:00:00.000,-1.085e-05,
2025-12-06 08:00:00.000,-9.479e-05,
2025-12-06 16:00:00.000,-0.00013198,
2025-12-07 00:00:00.000,-6.228e-05,
2025-12-07 08:00:00.000,-6.425e-05,
2025-12-07 16:00:00.000,-7.091e-05,
2025-12-08 00:00:00.000,-3.06e-06,
2025-12-08 08:00:00.000,3.507e-05,
2025-12-08 16:00:00.000,0.0001,
2025-12-09 00:00:00.000,5.875e-05,
2025-12-09 08:00:00.000,1.557e-05,
2025-12-09 16:00:00.000,4.545e-05,
2025-12-10 00:00:00.000,0.0001,
2025-12-10 08:00:00.000,-4.149e-05,
2025-12-10 16:00:00.000,-3.334e-05,
2025-12-11 00:00:00.000,-4.219e-05,
2025-12-11 08:00:00.000,-8.86e-05,
2025-12-11 16:00:00.000,-8.947e-05,
2025-12-12 00:00:00.000,0.0001,
2025-12-12 08:00:00.000,9.052e-05,
2025-12-12 16:00:00.000,2.98e-05,
2025-12-13 00:00:00.000,-8.284e-05,
2025-12-13 08:00:00.000,9.275e-05,
2025-12-13 16:00:00.000,0.0001,
2025-12-14 00:00:00.000,2.69e-06,
2025-12-14 08:00:00.000,-2.685e-05,
2025-12-14 16:00:00.000,-7.435e-05,
2025-12-15 00:00:00.000,-6.134e-05,
2025-12-15 08:00:00.000,-2.675e-05,
2025-12-15 16:00:00.000,-3.97e-05,
2025-12-16 00:00:00.000,-0.00014637,
2025-12-16 08:00:00.000,-3.353e-05,
2025-12-16 16:00:00.000,-8.364e-05,
2025-12-17 00:00:00.000,-9.129e-05,
2025-12-17 08:00:00.000,-5.274e-05,
2025-12-17 16:00:00.000,5.13e-05,
2025-12-18 00:00:00.000,-0.0001739,
2025-12-18 08:00:00.000,-0.00013459,
2025-12-18 16:00:00.000,6.22e-06,
2025-12-19 00:00:00.000,-2.672e-05,
2025-12-19 08:00:00.000,-3.503e-05,
2025-12-19 16:00:00.000,9.91e-05,
2025-12-20 00:00:00.000,5.415e-05,
2025-12-20 08:00:00.000,-4.361e-05,
2025-12-20 16:00:00.000,4.718e-05,
2025-12-21 00:00:00.000,-4.8e-07,
2025-12-21 08:00:00.000,-9.29e-06,
2025-12-21 16:00:00.000,-4.8e-05,
2025-12-22 00:00:00.000,-4.257e-05,
2025-12-22 08:00:00.000,4.008e-05,
2025-12-22 16:00:00.000,0.0001,
2025-12-23 00:00:00.000,-4.698e-05,
2025-12-23 08:00:00.000,-8.03e-06,
2025-12-23 16:00:00.000,1.254e-05,
2025-12-24 00:00:00.000,6.321e-05,
2025-12-24 08:00:00.000,-2.731e-05,
2025-12-24 16:00:00.000,-9.29e-06,
2025-12-25 00:00:00.000,1.405e-05,
2025-12-25 08:00:00.000,3.515e-05,
2025-12-25 16:00:00.000,1.008e-05,
2025-12-26 00:00:00.000,-5.352e-05,
2025-12-26 08:00:00.000,0.0001,
2025-12-26 16:00:00.000,-1.8e-05,
2025-12-27 00:00:00.000,5.417e-05,
2025-12-27 08:00:00.000,7.665e-05,
2025-12-27 16:00:00.000,2.441e-05,
2025-12-28 00:00:00.000,0.0001,
2025-12-28 08:00:00.000,0.0001,
2025-12-28 16:00:00.000,0.0001,
2025-12-29 00:00:00.000,3.565e-05,
2025-12-29 08:00:00.000,0.0001,
2025-12-29 16:00:00.000,-1.293e-05,
2025-12-30 00:00:00.000,-7.366e-05,
2025-12-30 08:00:00.000,-9.97e-05,
2025-12-30 16:00:00.000,2.515e-05,
2025-12-31 00:00:00.000,3.245e-05,
2025-12-31 08:00:00.000,4.462e-05,
2025-12-31 16:00:00.000,7.534e-05,
2026-01-01 00:00:00.000,-3.024e-05,
2026-01-01 08:00:00.000,-3.864e-05,
2026-01-01 16:00:00.000,1.074e-05,
2026-01-02 00:00:00.000,8.412e-05,
2026-01-02 08:00:00.000,0.0001,
2026-01-02 16:00:00.000,7.821e-05,
2026-01-03 00:00:00.000,0.0001,
2026-01-03 08:00:00.000,9.563e-05,
2026-01-03 16:00:00.000,-2.858e-05,
2026-01-04 00:00:00.000,-4.785e-05,
2026-01-04 08:00:00.000,-1.597e-05,
2026-01-04 16:00:00.000,3.034e-05,
2026-01-05 00:00:00.000,2.557e-05,
2026-01-05 08:00:00.000,-5.088e-05,
2026-01-05 16:00:00.000,7.753e-05,
2026-01-06 00:00:00.000,0.0001,
2026-01-06 08:00:00.000,0.0001,
2026-01-06 16:00:00.000,4.359e-05,
2026-01-07 00:00:00.000,2.619e-05,
2026-01-07 08:00:00.000,8.74e-05,
2026-01-07 16:00:00.000,8.378e-05,
2026-01-08 00:00:00.000,7.166e-05,
2026-01-08 08:00:00.000,4.759e-05,
2026-01-08 16:00:00.000,6.819e-05,
2026-01-09 00:00:00.000,-3.83e-05,
2026-01-09 08:00:00.000,1.651e-05,
2026-01-09 16:00:00.000,2.149e-05,
2026-01-10 00:00:00.000,-4.61e-06,
2026-01-10 08:00:00.000,9.5e-06,
2026-01-10 16:00:00.000,-2.911e-05,
2026-01-11 00:00:00.000,4.498e-05,
2026-01-11 08:00:00.000,6.8e-05,
2026-01-11 16:00:00.000,-2.76e-05,
2026-01-12 00:00:00.000,-5.214e-05,
2026-01-12 08:00:00.000,5.58e-05,
2026-01-12 16:00:00.000,1.498e-05,
2026-01-13 00:00:00.000,-4.326e-05,
2026-01-13 08:00:00.000,0.0001,
2026-01-13 16:00:00.000,0.0001,
2026-01-14 00:00:00.000,0.0001,
2026-01-14 08:00:00.000,0.0001,
2026-01-14 16:00:00.000,8.318e-05,
2026-01-15 00:00:00.000,7.199e-05,
2026-01-15 08:00:00.000,1.021e-05,
2026-01-15 16:00:00.000,-3.444e-05,
2026-01-16 00:00:00.000,-2.215e-05,
2026-01-16 08:00:00.000,-4.39e-06,
2026-01-16 16:00:00.000,1.717e-05,
2026-01-17 00:00:00.000,0.0001,
2026-01-17 08:00:00.000,0.0001,
2026-01-17 16:00:00.000,-1.602e-05,
2026-01-18 00:00:00.000,0.0001,
2026-01-18 08:00:00.000,0.0001,
2026-01-18 16:00:00.000,1.169e-05,
2026-01-19 00:00:00.000,4.778e-05,
2026-01-19 08:00:00.000,1.698e-05,
2026-01-19 16:00:00.000,2.33e-06,
2026-01-20 00:00:00.000,0.0001,
2026-01-20 08:00:00.000,9.6e-06,
2026-01-20 16:00:00.000,5.103e-05,
2026-01-21 00:00:00.000,8.59e-06,
2026-01-21 08:00:00.000,4.994e-05,
2026-01-21 16:00:00.000,4.322e-05,
2026-01-22 00:00:00.000,0.0001,
2026-01-22 08:00:00.000,-8e-06,
2026-01-22 16:00:00.000,-3.816e-05,
2026-01-23 00:00:00.000,3.518e-05,
2026-01-23 08:00:00.000,6.993e-05,
2026-01-23 16:00:00.000,-1.852e-05,
2026-01-24 00:00:00.000,0.0001,
2026-01-24 08:00:00.000,3.791e-05,
2026-01-24 16:00:00.000,-2.067e-05,
2026-01-25 00:00:00.000,1.055e-05,
2026-01-25 08:00:00.000,-4.678e-05,
2026-01-25 16:00:00.000,2.45e-06,
2026-01-26 00:00:00.000,-6.061e-05,
2026-01-26 08:00:00.000,7.075e-05,
2026-01-26 16:00:00.000,4.311e-05,
2026-01-27 00:00:00.000,2.681e-05,
2026-01-27 08:00:00.000,-1.288e-05,
2026-01-27 16:00:00.000,-1.83e-05,
2026-01-28 00:00:00.000,0.0001,
2026-01-28 08:00:00.000,6.062e-05,
2026-01-28 16:00:00.000,6.568e-05,
2026-01-29 00:00:00.000,4.837e-05,
2026-01-29 08:00:00.000,-1.716e-05,
2026-01-29 16:00:00.000,-8.941e-05,
2026-01-30 00:00:00.000,-8.563e-05,
2026-01-30 08:00:00.000,-0.00014724,
2026-01-30 16:00:00.000,-0.00015218,
2026-01-31 00:00:00.000,-9.125e-05,
2026-01-31 08:00:00.000,-0.00011132,
2026-01-31 16:00:00.000,2.637e-05,
2026-02-01 00:00:00.000,-5.923e-05,
2026-02-01 08:00:00.000,-5.671e-05,
2026-02-01 16:00:00.000,7.091e-05,
2026-02-02 00:00:00.000,1.273e-05,
2026-02-02 08:00:00.000,9.533e-05,
2026-02-02 16:00:00.000,1.7e-06,
2026-02-03 00:00:00.000,-1.982e-05,
2026-02-03 08:00:00.000,2.09e-05,
2026-02-03 16:00:00.000,-4.999e-05,
2026-02-04 00:00:00.000,9.369e-05,
2026-02-04 08:00:00.000,0.0001,
2026-02-04 16:00:00.000,-2.31e-06,
2026-02-05 00:00:00.000,2e-07,
2026-02-05 08:00:00.000,0.0001,
2026-02-05 16:00:00.000,0.0001,
2026-02-06 00:00:00.000,-7.656e-05,
2026-02-06 08:00:00.000,-0.00016331,
2026-02-06 16:00:00.000,-0.00038285,
2026-02-07 00:00:00.000,-0.00018588,
2026-02-07 08:00:00.000,-4.213e-05,
2026-02-07 16:00:00.000,6.668e-05,
2026-02-08 00:00:00.000,-2.812e-05,
2026-02-08 08:00:00.000,-0.00010812,
2026-02-08 16:00:00.000,-0.00019044,
2026-02-09 00:00:00.000,-0.0001535,
2026-02-09 08:00:00.000,-2.018e-05,
2026-02-09 16:00:00.000,3.548e-05,
2026-02-10 00:00:00.000,-1.684e-05,
2026-02-10 08:00:00.000,1.893e-05,
2026-02-10 16:00:00.000,-0.00019003,
2026-02-11 00:00:00.000,-0.00011846,
2026-02-11 08:00:00.000,-1.451e-05,
2026-02-11 16:00:00.000,-1.093e-05,
2026-02-12 00:00:00.000,8.073e-05,
2026-02-12 08:00:00.000,4.068e-05,
2026-02-12 16:00:00.000,1.018e-05,
2026-02-13 00:00:00.000,-4.64e-06,
2026-02-13 08:00:00.000,2.25e-06,
2026-02-13 16:00:00.000,-1.032e-05,
2026-02-14 00:00:00.000,-4.649e-05,
2026-02-14 08:00:00.000,-4.38e-06,
2026-02-14 16:00:00.000,-0.00010651,
2026-02-15 00:00:00.000,-7.987e-05,
2026-02-15 08:00:00.000,-8.388e-05,
2026-02-15 16:00:00.000,2.392e-05,
2026-02-16 00:00:00.000,-7.948e-05,
2026-02-16 08:00:00.000,-9.769e-05,
2026-02-16 16:00:00.000,-0.00013835,
2026-02-17 00:00:00.000,-2.887e-05,
2026-02-17 08:00:00.000,-0.00012435,
2026-02-17 16:00:00.000,7.65e-06,
2026-02-18 00:00:00.000,-1.546e-05,
2026-02-18 08:00:00.000,1.873e-05,
2026-02-18 16:00:00.000,-4.878e-05,
2026-02-19 00:00:00.000,1.364e-05,
2026-02-19 08:00:00.000,-4.538e-05,
2026-02-19 16:00:00.000,5.562e-05,
2026-02-20 00:00:00.000,8.915e-05,
2026-02-20 08:00:00.000,4.44e-06,
2026-02-20 16:00:00.000,9.84e-06,
2026-02-21 00:00:00.000,1.93e-06,
2026-02-21 08:00:00.000,1.255e-05,
2026-02-21 16:00:00.000,-6.81e-06,
2026-02-22 00:00:00.000,2.829e-05,
2026-02-22 08:00:00.000,-2.344e-05,
2026-02-22 16:00:00.000,-9.765e-05,
2026-02-23 00:00:00.000,-7.981e-05,
2026-02-23 08:00:00.000,-0.0001162,
2026-02-23 16:00:00.000,4.537e-05,
2026-02-24 00:00:00.000,-3.201e-05,
2026-02-24 08:00:00.000,-0.0001379,
2026-02-24 16:00:00.000,-4.338e-05,
2026-02-25 00:00:00.000,3.16e-05,
2026-02-25 08:00:00.000,-2.534e-05,
2026-02-25 16:00:00.000,6.12e-05,
2026-02-26 00:00:00.000,0.0001,
2026-02-26 08:00:00.000,2.424e-05,
2026-02-26 16:00:00.000,1.014e-05,
2026-02-27 00:00:00.000,-1.417e-05,
2026-02-27 08:00:00.000,-1.499e-05,
2026-02-27 16:00:00.000,-0.00011857,
2026-02-28 00:00:00.000,-9.315e-05,
2026-02-28 08:00:00.000,-0.00015612,
2026-02-28 16:00:00.000,-0.00013752,
2026-03-01 00:00:00.000,-4.037e-05,
2026-03-01 08:00:00.000,8.588e-05,
2026-03-01 16:00:00.000,-1.116e-05,
2026-03-02 00:00:00.000,-3.093e-05,
2026-03-02 08:00:00.000,-9.82e-06,
2026-03-02 16:00:00.000,9.2e-07,
2026-03-03 00:00:00.000,1.221e-05,
2026-03-03 08:00:00.000,-5.786e-05,
2026-03-03 16:00:00.000,-0.00013643,
2026-03-04 00:00:00.000,2.061e-05,
2026-03-04 08:00:00.000,2.573e-05,
2026-03-04 16:00:00.000,0.0001,
2026-03-05 00:00:00.000,0.0001,
2026-03-05 08:00:00.000,2.3e-06,
2026-03-05 16:00:00.000,-1.78e-05,
2026-03-06 00:00:00.000,1.7e-06,
2026-03-06 08:00:00.000,-2.777e-05,
2026-03-06 16:00:00.000,-0.00012583,
2026-03-07 00:00:00.000,-6.683e-05,
2026-03-07 08:00:00.000,-8.646e-05,
2026-03-07 16:00:00.000,-0.00012369,
2026-03-08 00:00:00.000,-0.00010297,
2026-03-08 08:00:00.000,-8.199e-05,
2026-03-08 16:00:00.000,-0.00013567,
2026-03-09 00:00:00.000,-8.532e-05,
2026-03-09 08:00:00.000,-5.45e-06,
2026-03-09 16:00:00.000,5.471e-05,
2026-03-10 00:00:00.000,6.986e-05,
2026-03-10 08:00:00.000,8.316e-05,
2026-03-10 16:00:00.000,0.0001,
2026-03-11 00:00:00.000,-2.954e-05,
2026-03-11 08:00:00.000,-7.596e-05,
2026-03-11 16:00:00.000,-2.249e-05,
2026-03-12 00:00:00.000,6.971e-05,
2026-03-12 08:00:00.000,-9.683e-05,
2026-03-12 16:00:00.000,-8.28e-06,
2026-03-13 00:00:00.000,1.942e-05,
2026-03-13 08:00:00.000,0.0001,
2026-03-13 16:00:00.000,0.0001,
2026-03-14 00:00:00.000,-6.152e-05,
2026-03-14 08:00:00.000,-7.655e-05,
2026-03-14 16:00:00.000,-7.827e-05,
2026-03-15 00:00:00.000,-8.659e-05,
2026-03-15 08:00:00.000,3.164e-05,
2026-03-15 16:00:00.000,0.0001,
2026-03-16 00:00:00.000,0.0001,
2026-03-16 08:00:00.000,0.0001,
2026-03-16 16:00:00.000,0.0001,
2026-03-17 00:00:00.000,5.45e-06,
2026-03-17 08:00:00.000,3.417e-05,
2026-03-17 16:00:00.000,-6.089e-05,
2026-03-18 00:00:00.000,3.659e-05,
2026-03-18 08:00:00.000,-2.984e-05,
2026-03-18 16:00:00.000,-6.254e-05,
2026-03-19 00:00:00.000,9.54e-06,
2026-03-19 08:00:00.000,4.79e-05,
2026-03-19 16:00:00.000,-1.616e-05,
2026-03-20 00:00:00.000,-6.871e-05,
2026-03-20 08:00:00.000,4.39e-06,
2026-03-20 16:00:00.000,-2.648e-05,
2026-03-21 00:00:00.000,9.705e-05,
2026-03-21 08:00:00.000,2.549e-05,
2026-03-21 16:00:00.000,-4.364e-05,
2026-03-22 00:00:00.000,-7.815e-05,
2026-03-22 08:00:00.000,4.372e-05,
2026-03-22 16:00:00.000,-2.908e-05,
2026-03-23 00:00:00.000,2.841e-05,
2026-03-23 08:00:00.000,5.056e-05,
2026-03-23 16:00:00.000,4.722e-05,
2026-03-24 00:00:00.000,9.093e-05,
2026-03-24 08:00:00.000,7.03e-05,
2026-03-24 16:00:00.000,-3.852e-05,
2026-03-25 00:00:00.000,-6.812e-05,
2026-03-25 08:00:00.000,6.246e-05,
2026-03-25 16:00:00.000,7.78e-06,
2026-03-26 00:00:00.000,-1.041e-05,
2026-03-26 08:00:00.000,-6.207e-05,
2026-03-26 16:00:00.000,-0.00015043,
2026-03-27 00:00:00.000,-4.411e-05,
2026-03-27 08:00:00.000,8.146e-05,
2026-03-27 16:00:00.000,-5.808e-05,
2026-03-28 00:00:00.000,-4.704e-05,
2026-03-28 08:00:00.000,-8.25e-05,
2026-03-28 16:00:00.000,-5.162e-05,
2026-03-29 00:00:00.000,-5.7e-06,
2026-03-29 08:00:00.000,-8.12e-05,
2026-03-29 16:00:00.000,-0.00010118,
2026-03-30 00:00:00.000,-6.763e-05,
2026-03-30 08:00:00.000,5.852e-05,
2026-03-30 16:00:00.000,0.0001,
2026-03-31 00:00:00.000,0.0001,
2026-03-31 08:00:00.000,-1.527e-05,
2026-03-31 16:00:00.000,6.37e-06,
2026-04-01 00:00:00.000,4.553e-05,
2026-04-01 08:00:00.000,0.0001,
2026-04-01 16:00:00.000,0.0001,
2026-04-02 00:00:00.000,8.77e-05,
2026-04-02 08:00:00.000,-7.035e-05,
2026-04-02 16:00:00.000,-0.00010027,
2026-04-03 00:00:00.000,-2.377e-05,
2026-04-03 08:00:00.000,4.068e-05,
2026-04-03 16:00:00.000,6.844e-05,
2026-04-04 00:00:00.000,1.948e-05,
2026-04-04 08:00:00.000,5.61e-06,
2026-04-04 16:00:00.000,-6.865e-05,
2026-04-05 00:00:00.000,-4.95e-05,
2026-04-05 08:00:00.000,-2.953e-05,
2026-04-05 16:00:00.000,-8.12e-05,
2026-04-06 00:00:00.000,-2.661e-05,
2026-04-06 08:00:00.000,5.089e-05,
2026-04-06 16:00:00.000,0.0001,
2026-04-07 00:00:00.000,2.409e-05,
2026-04-07 08:00:00.000,-3.406e-05,
2026-04-07 16:00:00.000,-9.703e-05,
2026-04-08 00:00:00.000,7.614e-05,
2026-04-08 08:00:00.000,0.0001,
2026-04-08 16:00:00.000,7.17e-05,
2026-04-09 00:00:00.000,1.824e-05,
2026-04-09 08:00:00.000,1.834e-05,
2026-04-09 16:00:00.000,-4.23e-05,
2026-04-10 00:00:00.000,6.43e-05,
2026-04-10 08:00:00.000,2.972e-05,
2026-04-10 16:00:00.000,6.732e-05,
2026-04-11 00:00:00.000,0.0001,
2026-04-11 08:00:00.000,2.209e-05,
2026-04-11 16:00:00.000,-3.758e-05,
2026-04-12 00:00:00.000,0.0001,
2026-04-12 08:00:00.000,-8.137e-05,
2026-04-12 16:00:00.000,-6.851e-05,
2026-04-13 00:00:00.000,-5.221e-05,
2026-04-13 08:00:00.000,-2.5e-06,
2026-04-13 16:00:00.000,3.213e-05,
2026-04-14 00:00:00.000,0.0001,
2026-04-14 08:00:00.000,0.0001,
2026-04-14 16:00:00.000,0.0001,
2026-04-15 00:00:00.000,-6.36e-06,
2026-04-15 08:00:00.000,1.856e-05,
2026-04-15 16:00:00.000,0.0001,
2026-04-16 00:00:00.000,0.0001,
2026-04-16 08:00:00.000,0.0001,
2026-04-16 16:00:00.000,6.721e-05,
2026-04-17 00:00:00.000,6.111e-05,
2026-04-17 08:00:00.000,3.132e-05,
2026-04-17 16:00:00.000,6.343e-05,
2026-04-18 00:00:00.000,1.713e-05,
2026-04-18 08:00:00.000,-1e-06,
2026-04-18 16:00:00.000,2.039e-05,
2026-04-19 00:00:00.000,6.157e-05,
2026-04-19 08:00:00.000,1.984e-05,
2026-04-19 16:00:00.000,1.96e-05,
2026-04-20 00:00:00.000,1.62e-06,
2026-04-20 08:00:00.000,-2.59e-06,
2026-04-20 16:00:00.000,9.09e-06,
2026-04-21 00:00:00.000,1.793e-05,
2026-04-21 08:00:00.000,5.603e-05,
2026-04-21 16:00:00.000,2.588e-05,
2026-04-22 00:00:00.000,5.732e-05,
2026-04-22 08:00:00.000,6.919e-05,
2026-04-22 16:00:00.000,6.591e-05,
2026-04-23 00:00:00.000,-1.299e-05,
2026-04-23 08:00:00.000,-9.103e-05,
2026-04-23 16:00:00.000,2.705e-05,
2026-04-24 00:00:00.000,6.968e-05,
2026-04-24 08:00:00.000,-1.519e-05,
2026-04-24 16:00:00.000,-4.44e-06,
2026-04-25 00:00:00.000,7.868e-05,
2026-04-25 08:00:00.000,3.645e-05,
2026-04-25 16:00:00.000,2.276e-05,
2026-04-26 00:00:00.000,2.81e-05,
2026-04-26 08:00:00.000,-1.334e-05,
2026-04-26 16:00:00.000,2.019e-05,
2026-04-27 00:00:00.000,2.877e-05,
2026-04-27 08:00:00.000,-2.548e-05,
2026-04-27 16:00:00.000,-1.726e-05,
2026-04-28 00:00:00.000,6.57e-05,
2026-04-28 08:00:00.000,1.66e-06,
2026-04-28 16:00:00.000,2.89e-06,
2026-04-29 00:00:00.000,3.865e-05,
2026-04-29 08:00:00.000,1.365e-05,
2026-04-29 16:00:00.000,-7.088e-05,
2026-04-30 00:00:00.000,7.553e-05,
2026-04-30 08:00:00.000,-5.66e-06,
2026-04-30 16:00:00.000,5.63e-06,
2026-05-01 00:00:00.000,2.368e-05,
2026-05-01 08:00:00.000,6.474e-05,
2026-05-01 16:00:00.000,2.866e-05,
2026-05-02 00:00:00.000,1.425e-05,
2026-05-02 08:00:00.000,3.786e-05,
2026-05-02 16:00:00.000,8.04e-06,
2026-05-03 00:00:00.000,-6.94e-06,
2026-05-03 08:00:00.000,1.389e-05,
2026-05-03 16:00:00.000,-7.2e-06,
2026-05-04 00:00:00.000,3.6e-07,
2026-05-04 08:00:00.000,0.0001,
2026-05-04 16:00:00.000,-4.447e-05,
2026-05-05 00:00:00.000,7.527e-05,
2026-05-05 08:00:00.000,0.0001,
2026-05-05 16:00:00.000,9.495e-05,
2026-05-06 00:00:00.000,9.649e-05,
2026-05-06 08:00:00.000,5.791e-05,
2026-05-06 16:00:00.000,-3.281e-05,
2026-05-07 00:00:00.000,-0.00016653,
2026-05-07 08:00:00.000,-9.083e-05,
2026-05-07 16:00:00.000,-0.0001042,
2026-05-08 00:00:00.000,-7.308e-05,
2026-05-08 08:00:00.000,3.887e-05,
2026-05-08 16:00:00.000,-7.79e-06,
2026-05-09 00:00:00.000,8.166e-05,
2026-05-09 08:00:00.000,5.017e-05,
2026-05-09 16:00:00.000,1.371e-05,
2026-05-10 00:00:00.000,3.761e-05,
2026-05-10 08:00:00.000,-4.03e-06,
2026-05-10 16:00:00.000,4.121e-05,
2026-05-11 00:00:00.000,0.0001,
2026-05-11 08:00:00.000,7.474e-05,
2026-05-11 16:00:00.000,-1.47e-05,
2026-05-12 00:00:00.000,1.471e-05,
2026-05-12 08:00:00.000,4.525e-05,
2026-05-12 16:00:00.000,-9.32e-06,
2026-05-13 00:00:00.000,-0.00012811,
2026-05-13 08:00:00.000,0.0001,
2026-05-13 16:00:00.000,-4.721e-05,
2026-05-14 00:00:00.000,2.216e-05,
2026-05-14 08:00:00.000,5.747e-05,
2026-05-14 16:00:00.000,0.0001,
2026-05-15 00:00:00.000,0.0001,
2026-05-15 08:00:00.000,3.37e-06,
2026-05-15 16:00:00.000,-0.00010641,
2026-05-16 00:00:00.000,-7.745e-05,
2026-05-16 08:00:00.000,-0.00010584,
2026-05-16 16:00:00.000,-4.353e-05,
2026-05-17 00:00:00.000,-5.983e-05,
2026-05-17 08:00:00.000,-2.538e-05,
2026-05-17 16:00:00.000,-4.573e-05,
2026-05-18 00:00:00.000,3.014e-05,
2026-05-18 08:00:00.000,4.593e-05,
2026-05-18 16:00:00.000,-5.111e-05,
2026-05-19 00:00:00.000,8.067e-05,
2026-05-19 08:00:00.000,1.337e-05,
2026-05-19 16:00:00.000,3.156e-05,
2026-05-20 00:00:00.000,0.0001,
2026-05-20 08:00:00.000,0.0001,
2026-05-20 16:00:00.000,0.0001,
2026-05-21 00:00:00.000,1.862e-05,
2026-05-21 08:00:00.000,0.0001,
2026-05-21 16:00:00.000,-2.74e-06,
2026-05-22 00:00:00.000,3.919e-05,
2026-05-22 08:00:00.000,3.031e-05,
2026-05-22 16:00:00.000,-1.091e-05,
2026-05-23 00:00:00.000,3.778e-05,
2026-05-23 08:00:00.000,-7.841e-05,
2026-05-23 16:00:00.000,2.686e-05,
2026-05-24 00:00:00.000,1.276e-05,
2026-05-24 08:00:00.000,2.326e-05,
2026-05-24 16:00:00.000,2.077e-05,
2026-05-25 00:00:00.000,-5.597e-05,
2026-05-25 08:00:00.000,9.458e-05,
2026-05-25 16:00:00.000,2.554e-05,
2026-05-26 00:00:00.000,2.447e-05,
2026-05-26 08:00:00.000,-2.705e-05,
2026-05-26 16:00:00.000,7.246e-05,
2026-05-27 00:00:00.000,-0.00010234,
2026-05-27 08:00:00.000,-4.09e-06,
2026-05-27 16:00:00.000,4.607e-05,
2026-05-28 00:00:00.000,-1.249e-05,
2026-05-28 08:00:00.000,-0.00015607,
2026-05-28 16:00:00.000,-9.89e-06,
2026-05-29 00:00:00.000,4.02e-06,
2026-05-29 08:00:00.000,4.656e-05,
2026-05-29 16:00:00.000,-1.124e-05,
2026-05-30 00:00:00.000,8.725e-05,
2026-05-30 08:00:00.000,4.684e-05,
2026-05-30 16:00:00.000,3.538e-05,
2026-05-31 00:00:00.000,2.915e-05,
2026-05-31 08:00:00.000,2.324e-05,
2026-05-31 16:00:00.000,-7.04e-06,
2026-06-01 00:00:00.000,-6.316e-05,
2026-06-01 08:00:00.000,8.903e-05,
2026-06-01 16:00:00.000,1.08e-05,
2026-06-02 00:00:00.000,4.726e-05,
2026-06-02 08:00:00.000,-5.096e-05,
2026-06-02 16:00:00.000,-1.039e-05,
2026-06-03 00:00:00.000,-0.00016656,
2026-06-03 08:00:00.000,2.178e-05,
2026-06-03 16:00:00.000,6.361e-05,
2026-06-04 00:00:00.000,-3.341e-05,
2026-06-04 08:00:00.000,1.807e-05,
2026-06-04 16:00:00.000,-0.0001169,
2026-06-05 00:00:00.000,8.98e-06,
2026-06-05 08:00:00.000,-0.0001347,
2026-06-05 16:00:00.000,5.223e-05,
2026-06-06 00:00:00.000,-2.884e-05,
2026-06-06 08:00:00.000,1.84e-06,
2026-06-06 16:00:00.000,-3.25e-06,
2026-06-07 00:00:00.000,-8.36e-05,
2026-06-07 08:00:00.000,-0.00010493,
2026-06-07 16:00:00.000,-6.739e-05,
2026-06-08 00:00:00.000,-2.24e-05,
2026-06-08 08:00:00.000,-3.251e-05,
2026-06-08 16:00:00.000,-2.33e-06,
2026-06-09 00:00:00.000,-0.00012152,
2026-06-09 08:00:00.000,-1.463e-05,
2026-06-09 16:00:00.000,-4.578e-05,
2026-06-10 00:00:00.000,1.603e-05,
2026-06-10 08:00:00.000,-5.05e-06,
2026-06-10 16:00:00.000,1.205e-05,
2026-06-11 00:00:00.000,-4.364e-05,
2026-06-11 08:00:00.000,7.041e-05,
2026-06-11 16:00:00.000,4.085e-05,
2026-06-12 00:00:00.000,2.381e-05,
2026-06-12 08:00:00.000,-1.192e-05,
2026-06-12 16:00:00.000,1.512e-05,
2026-06-13 00:00:00.000,-9.071e-05,
2026-06-13 08:00:00.000,-3.393e-05,
2026-06-13 16:00:00.000,0.0001,
2026-06-14 00:00:00.000,-0.00010851,
2026-06-14 08:00:00.000,-0.00012773,
2026-06-14 16:00:00.000,-0.00012719,
2026-06-15 00:00:00.000,-5.88e-06,
2026-06-15 08:00:00.000,-5.613e-05,
2026-06-15 16:00:00.000,-2.526e-05,
2026-06-16 00:00:00.000,5.609e-05,
2026-06-16 08:00:00.000,-5.076e-05,
2026-06-16 16:00:00.000,1.922e-05,
2026-06-17 00:00:00.000,5.44e-05,
2026-06-17 08:00:00.000,-1.35e-06,
2026-06-17 16:00:00.000,-5.939e-05,
2026-06-18 00:00:00.000,-1.211e-05,
2026-06-18 08:00:00.000,-5.034e-05,
2026-06-18 16:00:00.000,-5.986e-05,
2026-06-19 00:00:00.000,6.979e-05,
2026-06-19 08:00:00.000,-2.005e-05,
2026-06-19 16:00:00.000,-3.608e-05,
2026-06-20 00:00:00.000,-1.5e-05,
2026-06-20 08:00:00.000,-8.386e-05,
2026-06-20 16:00:00.000,8.659e-05,
2026-06-21 00:00:00.000,6.994e-05,
2026-06-21 08:00:00.000,2.433e-05,
2026-06-21 16:00:00.000,1.585e-05,
2026-06-22 00:00:00.000,-6.248e-05,
2026-06-22 08:00:00.000,4.347e-05,
2026-06-22 16:00:00.000,-5.236e-05,
2026-06-23 00:00:00.000,-0.0001012,
2026-06-23 08:00:00.000,-9.376e-05,
2026-06-23 16:00:00.000,-8.654e-05,
2026-06-24 00:00:00.000,-3.987e-05,
2026-06-24 08:00:00.000,-1.412e-05,
2026-06-24 16:00:00.000,-6.78e-05,
2026-06-25 00:00:00.000,-0.00012203,
2026-06-25 08:00:00.000,-0.00010945,
2026-06-25 16:00:00.000,-0.00012983,
2026-06-26 00:00:00.000,-7.818e-05,
2026-06-26 08:00:00.000,3.264e-05,
2026-06-26 16:00:00.000,-6.502e-05,
2026-06-27 00:00:00.000,6.07e-06,
2026-06-27 08:00:00.000,-5.01e-05,
2026-06-27 16:00:00.000,-8.954e-05,
2026-06-28 00:00:00.000,-0.00013292,
2026-06-28 08:00:00.000,-0.00010935,
2026-06-28 16:00:00.000,-9.11e-06,
2026-06-29 00:00:00.000,-5.749e-05,
2026-06-29 08:00:00.000,2.122e-05,
2026-06-29 16:00:00.000,-2.88e-05,
2026-06-30 00:00:00.000,-1.683e-05,
2026-06-30 08:00:00.000,-0.00013179,
2026-06-30 16:00:00.000,5.354e-05,
2026-07-01 00:00:00.000,0.0001,
2026-07-01 08:00:00.000,-2.972e-05,
2026-07-01 16:00:00.000,-4.443e-05,
2026-07-02 00:00:00.000,-2.058e-05,
2026-07-02 08:00:00.000,-4.981e-05,
2026-07-02 16:00:00.000,-1.97e-06,
2026-07-03 00:00:00.000,-8.019e-05,
2026-07-03 08:00:00.000,-7.717e-05,
2026-07-03 16:00:00.000,3.699e-05,
2026-07-04 00:00:00.000,1.466e-05,
2026-07-04 08:00:00.000,-1.248e-05,
2026-07-04 16:00:00.000,3.459e-05,
2026-07-05 00:00:00.000,5.079e-05,
2026-07-05 08:00:00.000,-4.692e-05,
2026-07-05 16:00:00.000,-6.947e-05,
2026-07-06 00:00:00.000,-2.502e-05,
2026-07-06 08:00:00.000,-1.921e-05,
2026-07-06 16:00:00.000,1.096e-05,
2026-07-07 00:00:00.000,7.026e-05,
2026-07-07 08:00:00.000,-5.414e-05,
2026-07-07 16:00:00.000,-3.131e-05,
2026-07-08 00:00:00.000,-2.62e-06,
2026-07-08 08:00:00.000,-4.502e-05,
2026-07-08 16:00:00.000,8.892e-05,
2026-07-09 00:00:00.000,6.637e-05,
2026-07-09 08:00:00.000,3.907e-05,
2026-07-09 16:00:00.000,4.251e-05,
2026-07-10 00:00:00.000,4.696e-05,
2026-07-10 08:00:00.000,8.04e-06,
2026-07-10 16:00:00.000,5.521e-05,
2026-07-11 00:00:00.000,0.0001,
2026-07-11 08:00:00.000,-3.842e-05,
2026-07-11 16:00:00.000,-5.804e-05,
2026-07-12 00:00:00.000,2.177e-05,
2026-07-12 08:00:00.000,-4.805e-05,
2026-07-12 16:00:00.000,4.847e-05,
2026-07-13 00:00:00.000,-2.097e-05,
2026-07-13 08:00:00.000,-5.956e-05,
2026-07-13 16:00:00.000,-1.833e-05,
2026-07-14 00:00:00.000,-7.99e-05,
2026-07-14 08:00:00.000,-2.3e-06,
2026-07-14 16:00:00.000,5.882e-05,
2026-07-15 00:00:00.000,0.0001,
2026-07-15 08:00:00.000,3.573e-05,
2026-07-15 16:00:00.000,0.0001,
2026-07-16 00:00:00.000,3.043e-05,
2026-07-16 08:00:00.000,1.608e-05,
2026-07-16 16:00:00.000,0.0001,
2026-07-17 00:00:00.000,-7.352e-05,
2026-07-17 08:00:00.000,-3.396e-05,
2026-07-17 16:00:00.000,-5.93e-05,
2026-07-18 00:00:00.000,-6.631e-05,
2026-07-18 08:00:00.000,-4.296e-05,
2026-07-18 16:00:00.000,-1.752e-05,
2026-07-19 00:00:00.000,-1.518e-05,
2026-07-19 08:00:00.000,-6.78e-06,
2026-07-19 16:00:00.000,1.881e-05,
2026-07-20 00:00:00.000,1.701e-05,
2026-07-20 08:00:00.000,-7.68e-06,
2026-07-20 16:00:00.000,5.12e-05,
2026-07-21 00:00:00.000,0.0001,
2026-07-21 08:00:00.000,6.495e-05,
2026-07-21 16:00:00.000,4.856e-05,
2026-07-22 00:00:00.000,0.0001,
2026-07-22 08:00:00.000,0.0001,
2026-07-22 16:00:00.000,7.903e-05,
2026-07-23 00:00:00.000,-6.174e-05,
2026-07-23 08:00:00.000,-3.822e-05,
2026-07-23 16:00:00.000,2.64e-05,
2026-07-24 00:00:00.000,-5.059e-05,
2026-07-24 08:00:00.000,-2.549e-05,
2026-07-24 16:00:00.000,9.9e-06,
2026-07-25 00:00:00.000,-0.00011139,
2026-07-25 08:00:00.000,-2.228e-05,
2026-07-25 16:00:00.000,-0.00013578,
2026-07-26 00:00:00.000,2.183e-05,
2026-07-26 08:00:00.000,5.769e-05,
2026-07-26 16:00:00.000,1.495e-05,
2026-07-27 00:00:00.000,5.382e-05,
2026-07-27 08:00:00.000,3.949e-05,
2026-07-27 16:00:00.000,-2.69e-06,
2026-07-28 00:00:00.000,-6.287e-05,
2026-07-28 08:00:00.000,-0.00018379,
2026-07-28 16:00:00.000,-4.767e-05,
2026-07-29 00:00:00.000,-7.495e-05,
2026-07-29 08:00:00.000,4.82e-06,
2026-07-29 16:00:00.000,3.972e-05,
2026-07-30 00:00:00.000,0.0001,
2026-07-30 08:00:00.000,0.0001,
2026-07-30 16:00:00.000,6.514e-05,
2026-07-31 00:00:00.000,6.773e-05,
2026-07-31 08:00:00.000,5.1e-06,
2026-07-31 16:00:00.000,-4.772e-05,
2026-08-01 00:00:00.000,-5.265e-05,
2026-08-01 08:00:00.000,1.955e-05,
2026-08-01 16:00:00.000,-1.656e-05,
2026-08-02 00:00:00.000,-5.631e-05,
2026-08-02 08:00:00.000,9.387e-05,
2026-08-02 16:00:00.000,0.0001,
2026-08-03 00:00:00.000,0.0001,
2026-08-03 08:00:00.000,9.56e-05,
2026-08-03 16:00:00.000,6.941e-05,
2026-08-04 00:00:00.000,8.915e-05,
2026-08-04 08:00:00.000,7.038e-05,
2026-08-04 16:00:00.000,2.036e-05,
2026-08-05 00:00:00.000,-1.552e-05,
2026-08-05 08:00:00.000,-2.769e-05,
2026-08-05 16:00:00.000,7.86e-06,
2026-08-06 00:00:00.000,-8.16e-06,
2026-08-06 08:00:00.000,-3.828e-05,
2026-08-06 16:00:00.000,-5.788e-05,
2026-08-07 00:00:00.000,-7.609e-05,
2026-08-07 08:00:00.000,-2.976e-05,
2026-08-07 16:00:00.000,3.254e-05,
2026-08-08 00:00:00.000,-4.806e-05,
2026-08-08 08:00:00.000,4.93e-05,
2026-08-08 16:00:00.000,5.641e-05,
2026-08-09 00:00:00.000,7.644e-05,
2026-08-09 08:00:00.000,3.821e-05,
2026-08-09 16:00:00.000,0.0001,
2026-08-10 00:00:00.000,0.0001,
2026-08-10 08:00:00.000,7.169e-05,
2026-08-10 16:00:00.000,5.553e-05,
2026-08-11 00:00:00.000,-4.324e-05,
2026-08-11 08:00:00.000,8.485e-05,
2026-08-11 16:00:00.000,-1.837e-05,
2026-08-12 00:00:00.000,0.0001,
2026-08-12 08:00:00.000,0.0001,
2026-08-12 16:00:00.000,2.965e-05,
2026-08-13 00:00:00.000,4.803e-05,
2026-08-13 08:00:00.000,0.0001,
2026-08-13 16:00:00.000,-2.596e-05,
2026-08-14 00:00:00.000,4.895e-05,
2026-08-14 08:00:00.000,6.877e-05,
2026-08-14 16:00:00.000,0.0001,
2026-08-15 00:00:00.000,2.53e-06,
2026-08-15 08:00:00.000,-4.037e-05,
2026-08-15 16:00:00.000,1.74e-06,
2026-08-16 00:00:00.000,1.692e-05,
2026-08-16 08:00:00.000,-2.75e-05,
2026-08-16 16:00:00.000,5.93e-05,
2026-08-17 00:00:00.000,-1.463e-05,
2026-08-17 08:00:00.000,-4.219e-05,
2026-08-17 16:00:00.000,7.202e-05,
2026-08-18 00:00:00.000,3.65e-05,
2026-08-18 08:00:00.000,-2.579e-05,
2026-08-18 16:00:00.000,1.636e-05,
2026-08-19 00:00:00.000,5.07e-05,
2026-08-19 08:00:00.000,9.239e-05,
2026-08-19 16:00:00.000,0.0001,
2026-08-20 00:00:00.000,0.0001,
2026-08-20 08:00:00.000,0.0001,
2026-08-20 16:00:00.000,0.0001,
2026-08-21 00:00:00.000,0.0001,
2026-08-21 08:00:00.000,8.153e-05,
2026-08-21 16:00:00.000,0.0001,
2026-08-22 00:00:00.000,0.0001,
2026-08-22 08:00:00.000,0.0001,
2026-08-22 16:00:00.000,0.0001,
