funding_time,funding_rate,mark_price
2023-09-28 08:00:00.000,0.00010000,
2023-09-28 16:00:00.000,-0.00076560,
2023-09-29 00:00:00.000,-0.00038370,
2023-09-29 08:00:00.000,-0.00039279,
2023-09-29 16:00:00.000,-0.00006853,
2023-09-30 00:00:00.000,-0.00004603,
2023-09-30 08:00:00.000,0.00010000,
2023-09-30 16:00:00.000,0.00010000,
2023-10-01 00:00:00.000,0.00010000,
2023-10-01 08:00:00.000,0.00010000,
2023-10-01 16:00:00.000,0.00010000,
2023-10-02 00:00:00.000,0.00010000,
2023-10-02 08:00:00.000,0.00010000,
2023-10-02 16:00:00.000,0.00010000,
2023-10-03 00:00:00.000,0.00010000,
2023-10-03 08:00:00.000,0.00010000,
2023-10-03 16:00:00.000,0.00010000,
2023-10-04 00:00:00.000,0.00010000,
2023-10-04 08:00:00.000,0.00010000,
2023-10-04 16:00:00.000,0.00010000,
2023-10-05 00:00:00.000,0.00010000,
2023-10-05 08:00:00.000,0.00010000,
2023-10-05 16:00:00.001,0.00010000,
2023-10-06 00:00:00.000,0.00010000,
2023-10-06 08:00:00.000,0.00010000,
2023-10-06 16:00:00.000,0.00010000,
2023-10-07 00:00:00.000,0.00010000,
2023-10-07 08:00:00.000,0.00010000,
2023-10-07 16:00:00.000,0.00010000,
2023-10-08 00:00:00.000,0.00010000,
2023-10-08 08:00:00.001,0.00010000,
2023-10-08 16:00:00.000,0.00010000,
2023-10-09 00:00:00.000,0.00010000,
2023-10-09 08:00:00.000,0.00010000,
2023-10-09 16:00:00.000,0.00010000,
2023-10-10 00:00:00.000,0.00010000,
2023-10-10 08:00:00.000,0.00010000,
2023-10-10 16:00:00.000,0.00010000,
2023-10-11 00:00:00.000,0.00010000,
2023-10-11 08:00:00.000,0.00010000,
2023-10-11 16:00:00.000,0.00009533,
2023-10-12 00:00:00.000,0.00010000,
2023-10-12 08:00:00.000,0.00010000,
2023-10-12 16:00:00.000,0.00010000,
2023-10-13 00:00:00.000,0.00010000,
2023-10-13 08:00:00.000,0.00010000,
2023-10-13 16:00:00.000,0.00010000,
2023-10-14 00:00:00.000,0.00010000,
2023-10-14 08:00:00.000,0.00010000,
2023-10-14 16:00:00.000,0.00010000,
2023-10-15 00:00:00.000,0.00010000,
2023-10-15 08:00:00.000,0.00010000,
2023-10-15 16:00:00.000,0.00010000,
2023-10-16 00:00:00.000,0.00010000,
2023-10-16 08:00:00.000,0.00010000,
2023-10-16 16:00:00.000,0.00010000,
2023-10-17 00:00:00.000,0.00010000,
2023-10-17 08:00:00.000,0.00006591,
2023-10-17 16:00:00.000,0.00010000,
2023-10-18 00:00:00.000,0.00010000,
2023-10-18 08:00:00.000,0.00007420,
2023-10-18 16:00:00.000,-0.00005667,
2023-10-19 00:00:00.000,0.00010000,
2023-10-19 08:00:00.001,0.00010000,
2023-10-19 16:00:00.000,0.00010000,
2023-10-20 00:00:00.000,0.00010000,
2023-10-20 08:00:00.005,0.00010000,
2023-10-20 16:00:00.000,0.00010000,
2023-10-21 00:00:00.000,0.00010000,
2023-10-21 08:00:00.000,0.00010000,
2023-10-21 16:00:00.000,0.00010000,
2023-10-22 00:00:00.000,0.00010000,
2023-10-22 08:00:00.000,0.00010000,
2023-10-22 16:00:00.000,-0.00012649,
2023-10-23 00:00:00.000,0.00010000,
2023-10-23 08:00:00.001,0.00010000,
2023-10-23 16:00:00.001,0.00002224,
2023-10-24 00:00:00.000,0.00010000,
2023-10-24 08:00:00.000,0.00010000,
2023-10-24 16:00:00.000,0.00010000,
2023-10-25 00:00:00.000,0.00010000,
2023-10-25 08:00:00.000,0.00010000,
2023-10-25 16:00:00.001,0.00010000,
2023-10-26 00:00:00.001,0.00010000,
2023-10-26 08:00:00.000,0.00010000,
2023-10-26 16:00:00.000,0.00010000,
2023-10-27 00:00:00.000,0.00010000,
2023-10-27 08:00:00.000,0.00010000,
2023-10-27 16:00:00.000,0.00010000,
2023-10-28 00:00:00.000,0.00010000,
2023-10-28 08:00:00.001,0.00010000,
2023-10-28 16:00:00.000,0.00010000,
2023-10-29 00:00:00.000,0.00010000,
2023-10-29 08:00:00.000,0.00010000,
2023-10-29 16:00:00.000,0.00010000,
2023-10-30 00:00:00.000,0.00010000,
2023-10-30 08:00:00.000,0.00010000,
2023-10-30 16:00:00.000,0.00010000,
2023-10-31 00:00:00.001,0.00010000,
2023-10-31 08:00:00.000,0.00010000,0.23630000
2023-10-31 16:00:00.000,0.00010000,0.22921403
2023-11-01 00:00:00.000,0.00010000,0.23260000
2023-11-01 08:00:00.000,0.00010000,0.22454368
2023-11-01 16:00:00.000,0.00010000,0.22470000
2023-11-02 00:00:00.001,0.00010000,0.23790000
2023-11-02 08:00:00.000,0.00010000,0.23859656
2023-11-02 16:00:00.000,0.00010000,0.22891963
2023-11-03 00:00:00.000,0.00010000,0.22872118
2023-11-03 08:00:00.000,0.00010000,0.22200000
2023-11-03 16:00:00.000,0.00010000,0.22601876
2023-11-04 00:00:00.000,0.00010000,0.23458061
2023-11-04 08:00:00.000,0.00010000,0.23587660
2023-11-04 16:00:00.000,0.00010000,0.23461370
2023-11-05 00:00:00.000,0.00010000,0.23852877
2023-11-05 08:00:00.000,0.00010000,0.24873224
2023-11-05 16:00:00.000,0.00010000,0.24030000
2023-11-06 00:00:00.000,0.00010000,0.24360000
2023-11-06 08:00:00.001,0.00010000,0.24242170
2023-11-06 16:00:00.000,0.00010000,0.25018966
2023-11-07 00:00:00.001,0.00010000,0.25043297
2023-11-07 08:00:00.000,0.00010000,0.25000000
2023-11-07 16:00:00.000,0.00010000,0.23966701
2023-11-08 00:00:00.000,0.00010000,0.24259732
2023-11-08 08:00:00.000,0.00010000,0.24523678
2023-11-08 16:00:00.000,0.00010000,0.24620000
2023-11-09 00:00:00.000,0.00010000,0.24910441
2023-11-09 08:00:00.000,0.00010000,0.25755714
2023-11-09 16:00:00.000,0.00024440,0.26658322
2023-11-10 00:00:00.000,0.00010000,0.25839477
2023-11-10 08:00:00.000,0.00010000,0.26915635
2023-11-10 16:00:00.000,0.00010000,0.26410019
2023-11-11 00:00:00.000,0.00010000,0.27610000
2023-11-11 08:00:00.000,0.00010000,0.26840000
2023-11-11 16:00:00.000,0.00010000,0.27540000
2023-11-12 00:00:00.000,0.00010000,0.27367990
2023-11-12 08:00:00.000,0.00010000,0.27500000
2023-11-12 16:00:00.001,0.00015602,0.27098749
2023-11-13 00:00:00.000,0.00010000,0.27273114
2023-11-13 08:00:00.000,0.00011377,0.26539481
2023-11-13 16:00:00.000,0.00016074,0.27148889
2023-11-14 00:00:00.000,0.00010000,0.25754898
2023-11-14 08:00:00.000,0.00010000,0.26450000
2023-11-14 16:00:00.001,0.00010000,0.26120000
2023-11-15 00:00:00.000,0.00011274,0.26027482
2023-11-15 08:00:00.000,0.00029039,0.30940000
2023-11-15 16:00:00.000,0.00010000,0.29917026
2023-11-16 00:00:00.000,0.00019704,0.29730000
2023-11-16 08:00:00.000,0.00010000,0.29730000
2023-11-16 16:00:00.001,0.00010000,0.28069350
2023-11-17 00:00:00.000,0.00010000,0.27650000
2023-11-17 08:00:00.001,0.00010000,0.27824336
2023-11-17 16:00:00.001,0.00010000,0.25991940
2023-11-18 00:00:00.000,0.00010000,0.27590000
2023-11-18 08:00:00.000,0.00010000,0.26723760
2023-11-18 16:00:00.000,0.00010000,0.26790000
2023-11-19 00:00:00.000,0.00010000,0.26641758
2023-11-19 08:00:00.000,0.00010000,0.27255271
2023-11-19 16:00:00.000,0.00010000,0.27066227
2023-11-20 00:00:00.000,0.00010000,0.27668885
2023-11-20 08:00:00.000,0.00010000,0.27230000
2023-11-20 16:00:00.000,0.00010000,0.27316802
2023-11-21 00:00:00.000,0.00010000,0.26836348
2023-11-21 08:00:00.000,0.00010000,0.26657711
2023-11-21 16:00:00.000,0.00010000,0.26690000
2023-11-22 00:00:00.000,0.00010000,0.23984330
2023-11-22 08:00:00.000,0.00010000,0.24950000
2023-11-22 16:00:00.000,0.00010000,0.25039801
2023-11-23 00:00:00.000,0.00010000,0.25860000
2023-11-23 08:00:00.000,0.00010000,0.26140000
2023-11-23 16:00:00.001,0.00010000,0.25600000
2023-11-24 00:00:00.000,0.00010000,0.26333342
2023-11-24 08:00:00.000,0.00010000,0.26930000
2023-11-24 16:00:00.000,0.00010000,0.27146344
2023-11-25 00:00:00.000,0.00010000,0.27314655
2023-11-25 08:00:00.000,0.00010000,0.28171854
2023-11-25 16:00:00.000,0.00010000,0.27534115
2023-11-26 00:00:00.000,0.00010000,0.27680000
2023-11-26 08:00:00.000,0.00010000,0.27464130
2023-11-26 16:00:00.000,0.00010000,0.26586712
2023-11-27 00:00:00.000,0.00010000,0.27085918
2023-11-27 08:00:00.001,0.00010000,0.26310000
2023-11-27 16:00:00.000,0.00010000,0.25822017
2023-11-28 00:00:00.000,0.00010000,0.26084038
2023-11-28 08:00:00.000,0.00010000,0.25650000
2023-11-28 16:00:00.000,0.00010000,0.26421549
2023-11-29 00:00:00.001,0.00010000,0.26618239
2023-11-29 08:00:00.000,0.00010000,0.26943675
2023-11-29 16:00:00.000,0.00010000,0.26480676
2023-11-30 00:00:00.000,0.00010000,0.26570000
2023-11-30 08:00:00.000,0.00010000,0.26765274
2023-11-30 16:00:00.000,0.00010000,0.26564492
2023-12-01 00:00:00.000,0.00010000,0.26720233
2023-12-01 08:00:00.000,0.00010000,0.26882350
2023-12-01 16:00:00.000,0.00010000,0.27009814
2023-12-02 00:00:00.000,0.00010000,0.27223771
2023-12-02 08:00:00.000,0.00010000,0.27562068
2023-12-02 16:00:00.000,0.00010000,0.27730000
2023-12-03 00:00:00.000,0.00010000,0.27760000
2023-12-03 08:00:00.000,0.00010000,0.27730000
2023-12-03 16:00:00.000,0.00010000,0.27340488
2023-12-04 00:00:00.000,0.00010000,0.27490000
2023-12-04 08:00:00.000,0.00021706,0.28893408
2023-12-04 16:00:00.000,0.00019588,0.27775572
2023-12-05 00:00:00.000,0.00010000,0.29283452
2023-12-05 08:00:00.000,0.00010000,0.30449059
2023-12-05 16:00:00.000,0.00010000,0.30977482
2023-12-06 00:00:00.000,0.00010000,0.31180000
2023-12-06 08:00:00.000,0.00010000,0.31648627
2023-12-06 16:00:00.000,0.00010000,0.31021952
2023-12-07 00:00:00.000,0.00010000,0.30754024
2023-12-07 08:00:00.000,0.00010000,0.31619883
2023-12-07 16:00:00.000,0.00010000,0.31760000
2023-12-08 00:00:00.000,0.00010000,0.31548826
2023-12-08 08:00:00.000,0.00010000,0.31360000
2023-12-08 16:00:00.000,0.00010000,0.32557111
2023-12-09 00:00:00.000,0.00010000,0.32624083
2023-12-09 08:00:00.000,0.00010000,0.33300000
2023-12-09 16:00:00.000,0.00010000,0.34880000
2023-12-10 00:00:00.000,0.00010000,0.32450677
2023-12-10 08:00:00.000,0.00010000,0.32530000
2023-12-10 16:00:00.000,0.00010000,0.32667896
2023-12-11 00:00:00.000,0.00010000,0.33229526
2023-12-11 08:00:00.000,0.00010000,0.32400000
2023-12-11 16:00:00.000,0.00010000,0.34620000
2023-12-12 00:00:00.000,0.00010000,0.35740000
2023-12-12 08:00:00.000,0.00005980,0.35793315
2023-12-12 16:00:00.000,0.00010000,0.34260414
2023-12-13 00:00:00.000,0.00010000,0.35860000
2023-12-13 08:00:00.000,0.00010000,0.33897050
2023-12-13 16:00:00.001,0.00010000,0.35690085
2023-12-14 00:00:00.000,0.00010000,0.35405370
2023-12-14 08:00:00.000,0.00010000,0.35264847
2023-12-14 16:00:00.000,0.00010000,0.35120000
2023-12-15 00:00:00.000,0.00010000,0.35400000
2023-12-15 08:00:00.000,0.00010000,0.36051321
2023-12-15 16:00:00.000,0.00010000,0.35380000
2023-12-16 00:00:00.000,-0.00001994,0.36006223
2023-12-16 08:00:00.000,0.00007833,0.37299547
2023-12-16 16:00:00.001,-0.00003703,0.37691144
2023-12-17 00:00:00.000,0.00010000,0.36036721
2023-12-17 08:00:00.000,0.00010000,0.36070000
2023-12-17 16:00:00.000,0.00010000,0.36240000
2023-12-18 00:00:00.000,0.00010000,0.35508476
2023-12-18 08:00:00.001,0.00010000,0.36290000
2023-12-18 16:00:00.000,0.00010000,0.36630000
2023-12-19 00:00:00.000,0.00007549,0.38223572
2023-12-19 08:00:00.000,0.00010000,0.37530000
2023-12-19 16:00:00.000,0.00010000,0.37036189
2023-12-20 00:00:00.000,0.00010000,0.36300000
2023-12-20 08:00:00.000,0.00010000,0.37048743
2023-12-20 16:00:00.000,0.00010000,0.37740282
2023-12-21 00:00:00.000,0.00010000,0.39260000
2023-12-21 08:00:00.000,0.00010000,0.38320224
2023-12-21 16:00:00.000,0.00010000,0.38170488
2023-12-22 00:00:00.000,0.00010000,0.39180000
2023-12-22 08:00:00.000,0.00010000,0.40680067
2023-12-22 16:00:00.000,0.00010000,0.42260258
2023-12-23 00:00:00.000,0.00010000,0.42050000
2023-12-23 08:00:00.001,0.00010000,0.41406571
2023-12-23 16:00:00.000,0.00010000,0.42200000
2023-12-24 00:00:00.000,0.00010000,0.43295140
2023-12-24 08:00:00.000,0.00010000,0.42304277
2023-12-24 16:00:00.000,0.00010000,0.45963206
2023-12-25 00:00:00.000,0.00010000,0.43960000
2023-12-25 08:00:00.000,0.00010000,0.43493203
2023-12-25 16:00:00.000,0.00010000,0.43977476
2023-12-26 00:00:00.000,0.00010000,0.43193999
2023-12-26 08:00:00.000,0.00010000,0.42380000
2023-12-26 16:00:00.000,0.00010000,0.42774833
2023-12-27 00:00:00.000,0.00010000,0.42467941
2023-12-27 08:00:00.000,0.00010000,0.42357553
2023-12-27 16:00:00.000,0.00010000,0.41889017
2023-12-28 00:00:00.000,0.00010000,0.40730000
2023-12-28 08:00:00.000,0.00010000,0.41380000
2023-12-28 16:00:00.000,0.00010000,0.38811333
2023-12-29 00:00:00.001,0.00010000,0.39055594
2023-12-29 08:00:00.000,0.00010000,0.38659482
2023-12-29 16:00:00.000,0.00010000,0.39270000
2023-12-30 00:00:00.001,0.00010000,0.38520000
2023-12-30 08:00:00.000,0.00010000,0.39376897
2023-12-30 16:00:00.000,0.00010000,0.39030000
2023-12-31 00:00:00.000,0.00010000,0.38600213
2023-12-31 08:00:00.001,0.00010000,0.39069655
2023-12-31 16:00:00.000,0.00010000,0.39088538
2024-01-01 00:00:00.000,0.00010000,0.38210000
2024-01-01 08:00:00.000,0.00010000,0.38118411
2024-01-01 16:00:00.000,0.00010000,0.39270000
2024-01-02 00:00:00.000,0.00010000,0.39890971
2024-01-02 08:00:00.000,0.00010000,0.39728485
2024-01-02 16:00:00.000,0.00010000,0.38824842
2024-01-03 00:00:00.000,0.00010000,0.38274376
2024-01-03 08:00:00.000,0.00010000,0.39157451
2024-01-03 16:00:00.000,0.00010000,0.35034742
2024-01-04 00:00:00.000,0.00010000,0.35690000
2024-01-04 08:00:00.000,0.00010000,0.35477132
2024-01-04 16:00:00.000,0.00010000,0.36320000
2024-01-05 00:00:00.001,0.00010000,0.36236047
2024-01-05 08:00:00.000,0.00010000,0.35206929
2024-01-05 16:00:00.000,0.00010000,0.34610000
2024-01-06 00:00:00.000,0.00010000,0.35907649
2024-01-06 08:00:00.000,0.00010000,0.33630974
2024-01-06 16:00:00.000,0.00010000,0.34633715
2024-01-07 00:00:00.000,0.00010000,0.34350000
2024-01-07 08:00:00.001,0.00010000,0.34817690
2024-01-07 16:00:00.001,0.00010000,0.33322013
2024-01-08 00:00:00.000,0.00010000,0.32234446
2024-01-08 08:00:00.000,0.00010000,0.32070421
2024-01-08 16:00:00.000,0.00010000,0.33173403
2024-01-09 00:00:00.001,0.00010000,0.33668338
2024-01-09 08:00:00.000,0.00010000,0.33800000
2024-01-09 16:00:00.000,0.00010000,0.31980000
2024-01-10 00:00:00.000,0.00010000,0.32533562
2024-01-10 08:00:00.000,0.00010000,0.32777764
2024-01-10 16:00:00.000,0.00010000,0.33332418
2024-01-11 00:00:00.000,0.00010000,0.35169454
2024-01-11 08:00:00.000,0.00010000,0.35430000
2024-01-11 16:00:00.000,0.00010000,0.36157997
2024-01-12 00:00:00.001,0.00010000,0.36671013
2024-01-12 08:00:00.000,0.00010000,0.37060000
2024-01-12 16:00:00.000,0.00010000,0.37056509
2024-01-13 00:00:00.000,0.00010000,0.36292587
2024-01-13 08:00:00.000,0.00010000,0.37179817
2024-01-13 16:00:00.001,0.00010000,0.37700522
2024-01-14 00:00:00.000,0.00000108,0.37116434
2024-01-14 08:00:00.000,0.00006290,0.37580000
2024-01-14 16:00:00.001,0.00010000,0.39076835
2024-01-15 00:00:00.000,0.00010000,0.36905288
2024-01-15 08:00:00.000,0.00010000,0.37140999
2024-01-15 16:00:00.000,0.00010000,0.36397385
2024-01-16 00:00:00.000,0.00010000,0.36840040
2024-01-16 08:00:00.000,0.00010000,0.37484473
2024-01-16 16:00:00.001,0.00010000,0.38682043
2024-01-17 00:00:00.000,0.00010000,0.39635702
2024-01-17 08:00:00.000,0.00010000,0.39094987
2024-01-17 16:00:00.000,0.00010000,0.40028944
2024-01-18 00:00:00.001,0.00010000,0.40520775
2024-01-18 08:00:00.000,0.00010000,0.40784781
2024-01-18 16:00:00.000,0.00010000,0.39770000
2024-01-19 00:00:00.000,0.00010000,0.38674377
2024-01-19 08:00:00.000,0.00010000,0.38741577
2024-01-19 16:00:00.002,0.00010000,0.36800000
2024-01-20 00:00:00.000,0.00010000,0.37440000
2024-01-20 08:00:00.003,0.00010000,0.40806211
2024-01-20 16:00:00.000,0.00010000,0.39930000
2024-01-21 00:00:00.000,0.00010000,0.39741342
2024-01-21 08:00:00.000,0.00010000,0.40580000
2024-01-21 16:00:00.000,0.00010000,0.40211994
2024-01-22 00:00:00.000,0.00010000,0.40079757
2024-01-22 08:00:00.000,0.00010000,0.38549221
2024-01-22 16:00:00.000,0.00010000,0.37783237
2024-01-23 00:00:00.000,0.00010000,0.37466379
2024-01-23 08:00:00.000,0.00010000,0.37197406
2024-01-23 16:00:00.000,0.00010000,0.34960256
2024-01-24 00:00:00.000,0.00010000,0.34960000
2024-01-24 08:00:00.000,0.00010000,0.34491772
2024-01-24 16:00:00.000,0.00010000,0.33387816
2024-01-25 00:00:00.000,0.00010000,0.33365163
2024-01-25 08:00:00.001,0.00010000,0.33322472
2024-01-25 16:00:00.000,0.00010000,0.32696780
2024-01-26 00:00:00.001,0.00010000,0.33364237
2024-01-26 08:00:00.000,0.00010000,0.33883923
2024-01-26 16:00:00.000,0.00010000,0.34749234
2024-01-27 00:00:00.000,0.00010000,0.34896771
2024-01-27 08:00:00.000,0.00010000,0.34843367
2024-01-27 16:00:00.000,0.00010000,0.34837831
2024-01-28 00:00:00.000,0.00010000,0.35060000
2024-01-28 08:00:00.000,0.00010000,0.34650000
2024-01-28 16:00:00.000,0.00010000,0.34522591
2024-01-29 00:00:00.000,0.00010000,0.34096697
2024-01-29 08:00:00.001,0.00010000,0.34470000
2024-01-29 16:00:00.000,0.00010000,0.34963937
2024-01-30 00:00:00.000,0.00010000,0.35290455
2024-01-30 08:00:00.000,0.00010000,0.35510000
2024-01-30 16:00:00.001,0.00010000,0.35286463
2024-01-31 00:00:00.000,0.00010000,0.34880000
2024-01-31 08:00:00.000,0.00010000,0.35130000
2024-01-31 16:00:00.000,0.00010000,0.34431423
2024-02-01 00:00:00.000,0.00010000,0.33977386
2024-02-01 08:00:00.000,0.00010000,0.34079203
2024-02-01 16:00:00.002,0.00010000,0.34150000
2024-02-02 00:00:00.000,0.00010000,0.34370000
2024-02-02 08:00:00.000,0.00010000,0.34870424
2024-02-02 16:00:00.000,0.00010000,0.35120000
2024-02-03 00:00:00.000,0.00010000,0.35205389
2024-02-03 08:00:00.000,0.00010000,0.34817759
2024-02-03 16:00:00.001,0.00010000,0.34676635
2024-02-04 00:00:00.000,0.00010000,0.34458296
2024-02-04 08:00:00.004,0.00010000,0.34093511
2024-02-04 16:00:00.000,0.00010000,0.34180000
2024-02-05 00:00:00.000,0.00010000,0.33200000
2024-02-05 08:00:00.000,0.00010000,0.33218821
2024-02-05 16:00:00.000,0.00010000,0.32594746
2024-02-06 00:00:00.000,0.00010000,0.32858049
2024-02-06 08:00:00.001,0.00010000,0.33370874
2024-02-06 16:00:00.000,0.00010000,0.33806109
2024-02-07 00:00:00.000,0.00010000,0.33950000
2024-02-07 08:00:00.000,0.00010000,0.34922544
2024-02-07 16:00:00.000,0.00010000,0.34537654
2024-02-08 00:00:00.000,0.00010000,0.35104699
2024-02-08 08:00:00.000,0.00010000,0.35060172
2024-02-08 16:00:00.000,0.00010000,0.37126406
2024-02-09 00:00:00.000,0.00010000,0.37270000
2024-02-09 08:00:00.000,0.00010000,0.38597853
2024-02-09 16:00:00.001,0.00010000,0.37820000
2024-02-10 00:00:00.001,0.00010000,0.38026356
2024-02-10 08:00:00.000,0.00010000,0.38048050
2024-02-10 16:00:00.000,0.00010000,0.38100000
2024-02-11 00:00:00.000,0.00010000,0.38137394
2024-02-11 08:00:00.001,0.00010000,0.39030000
2024-02-11 16:00:00.000,0.00010000,0.38584598
2024-02-12 00:00:00.000,0.00010000,0.38460000
2024-02-12 08:00:00.000,0.00010000,0.39594893
2024-02-12 16:00:00.000,0.00010000,0.38860000
2024-02-13 00:00:00.000,0.00010000,0.38964716
2024-02-13 08:00:00.000,0.00010000,0.39199124
2024-02-13 16:00:00.000,0.00010000,0.38658883
2024-02-14 00:00:00.000,0.00010000,0.39254058
2024-02-14 08:00:00.000,0.00010000,0.39907004
2024-02-14 16:00:00.000,0.00010000,0.40912750
2024-02-15 00:00:00.000,0.00010000,0.41518506
2024-02-15 08:00:00.000,0.00010000,0.41246912
2024-02-15 16:00:00.000,0.00035491,0.41460000
2024-02-16 00:00:00.000,0.00057908,0.41197328
2024-02-16 08:00:00.000,0.00026450,0.40510000
2024-02-16 16:00:00.000,0.00010000,0.41250000
2024-02-17 00:00:00.000,0.00010000,0.42270857
2024-02-17 08:00:00.000,0.00010000,0.41430000
2024-02-17 16:00:00.000,0.00015482,0.41530000
2024-02-18 00:00:00.000,0.00010000,0.42742995
2024-02-18 08:00:00.000,0.00010000,0.43390000
2024-02-18 16:00:00.000,0.00010000,0.44159897
2024-02-19 00:00:00.000,0.00017261,0.44268342
2024-02-19 08:00:00.000,0.00013133,0.45400000
2024-02-19 16:00:00.000,0.00031550,0.45410000
2024-02-20 00:00:00.000,0.00045758,0.45120000
2024-02-20 08:00:00.000,0.00028623,0.45030000
2024-02-20 16:00:00.000,0.00019066,0.41575039
2024-02-21 00:00:00.000,0.00032357,0.43440000
2024-02-21 08:00:00.000,0.00024597,0.40627740
2024-02-21 16:00:00.000,0.00010000,0.39643511
2024-02-22 00:00:00.001,0.00030326,0.39714670
2024-02-22 08:00:00.001,0.00013852,0.40020000
2024-02-22 16:00:00.000,0.00010000,0.40841751
2024-02-23 00:00:00.000,0.00015614,0.39310000
2024-02-23 08:00:00.000,0.00014131,0.38860000
2024-02-23 16:00:00.000,0.00031160,0.39710000
2024-02-24 00:00:00.000,0.00012909,0.39064666
2024-02-24 08:00:00.001,0.00021711,0.39050000
2024-02-24 16:00:00.000,0.00010000,0.38490000
2024-02-25 00:00:00.001,0.00010000,0.38690000
2024-02-25 08:00:00.000,0.00018744,0.37260000
2024-02-25 16:00:00.000,0.00017967,0.37330681
2024-02-26 00:00:00.000,0.00048011,0.37571851
2024-02-26 08:00:00.000,0.00053304,0.36730000
2024-02-26 16:00:00.000,0.00018213,0.37486562
2024-02-27 00:00:00.000,0.00039819,0.38210000
2024-02-27 08:00:00.000,0.00053080,0.38706131
2024-02-27 16:00:00.000,0.00046022,0.38720000
2024-02-28 00:00:00.000,0.00049727,0.39431398
2024-02-28 08:00:00.000,0.00054466,0.39880000
2024-02-28 16:00:00.000,0.00074592,0.40046050
2024-02-29 00:00:00.000,0.00053447,0.39075673
2024-02-29 08:00:00.000,0.00079832,0.41910000
2024-02-29 16:00:00.000,0.00064909,0.42845332
2024-03-01 00:00:00.000,0.00044855,0.40900000
2024-03-01 08:00:00.000,0.00057674,0.41440000
2024-03-01 16:00:00.000,0.00056929,0.50200000
2024-03-02 00:00:00.000,0.00070270,0.50280000
2024-03-02 08:00:00.001,0.00097897,0.51457504
2024-03-02 16:00:00.000,0.00096500,0.52690000
2024-03-03 00:00:00.000,0.00088192,0.54239174
2024-03-03 08:00:00.000,0.00117813,0.50500000
2024-03-03 16:00:00.000,0.00059188,0.51710000
2024-03-04 00:00:00.000,0.00058831,0.52176090
2024-03-04 08:00:00.000,0.00084804,0.50960000
2024-03-04 16:00:00.000,0.00055031,0.50460080
2024-03-05 00:00:00.000,0.00071957,0.50078106
2024-03-05 08:00:00.000,0.00131171,0.52140230
2024-03-05 16:00:00.000,0.00116338,0.50666588
2024-03-06 00:00:00.000,0.00010000,0.49854169
2024-03-06 08:00:00.001,0.00026200,0.53978129
2024-03-06 16:00:00.000,0.00025749,0.51430000
2024-03-07 00:00:00.000,0.00042981,0.52438088
2024-03-07 08:00:00.000,0.00030600,0.53321386
2024-03-07 16:00:00.000,0.00048088,0.54613002
2024-03-08 00:00:00.000,0.00064642,0.56923602
2024-03-08 08:00:00.000,0.00084081,0.55270000
2024-03-08 16:00:00.000,0.00073814,0.52620000
2024-03-09 00:00:00.000,0.00047316,0.53997077
2024-03-09 08:00:00.001,0.00093982,0.58400000
2024-03-09 16:00:00.000,0.00086092,0.57434899
2024-03-10 00:00:00.000,0.00102654,0.57930000
2024-03-10 08:00:00.000,0.00094959,0.59129303
2024-03-10 16:00:00.000,0.00044870,0.61115707
2024-03-11 00:00:00.000,0.00066500,0.61730000
2024-03-11 08:00:00.000,0.00044201,0.61349436
2024-03-11 16:00:00.000,0.00062933,0.63471623
2024-03-12 00:00:00.000,0.00089184,0.65760000
2024-03-12 08:00:00.000,0.00070598,0.63257297
2024-03-12 16:00:00.000,0.00029964,0.66276172
2024-03-13 00:00:00.000,0.00063338,0.66210000
2024-03-13 08:00:00.001,0.00075101,0.67927464
2024-03-13 16:00:00.000,0.00041678,0.71046632
2024-03-14 00:00:00.001,0.00061468,0.71230000
2024-03-14 08:00:00.000,0.00090610,0.69226305
2024-03-14 16:00:00.000,0.00072922,0.66300000
2024-03-15 00:00:00.000,0.00053577,0.69680000
2024-03-15 08:00:00.000,0.00058071,0.65661724
2024-03-15 16:00:00.000,0.00012242,0.62120000
2024-03-16 00:00:00.000,0.00028386,0.63154115
2024-03-16 08:00:00.000,0.00029205,0.64120000
2024-03-16 16:00:00.000,0.00031042,0.59990000
2024-03-17 00:00:00.000,0.00010625,0.56640000
2024-03-17 08:00:00.000,0.00019428,0.55075937
2024-03-17 16:00:00.000,0.00019180,0.59660000
2024-03-18 00:00:00.000,0.00020346,0.59340000
2024-03-18 08:00:00.000,0.00025696,0.59090000
2024-03-18 16:00:00.001,0.00026115,0.55523156
2024-03-19 00:00:00.000,0.00019220,0.54800000
2024-03-19 08:00:00.000,0.00017060,0.49720000
2024-03-19 16:00:00.001,0.00010000,0.50839456
2024-03-20 00:00:00.000,0.00010000,0.47866117
2024-03-20 08:00:00.004,0.00019095,0.48872819
2024-03-20 16:00:00.000,0.00010000,0.48350000
2024-03-21 00:00:00.000,0.00010000,0.53025257
2024-03-21 08:00:00.000,0.00011217,0.52528785
2024-03-21 16:00:00.000,0.00016011,0.52521212
2024-03-22 00:00:00.000,0.00020846,0.52911177
2024-03-22 08:00:00.000,0.00015945,0.53699640
2024-03-22 16:00:00.000,0.00010000,0.50911500
2024-03-23 00:00:00.000,0.00010000,0.51627590
2024-03-23 08:00:00.000,0.00010000,0.52250000
2024-03-23 16:00:00.000,0.00022803,0.52871793
2024-03-24 00:00:00.000,0.00010000,0.51486255
2024-03-24 08:00:00.000,0.00016067,0.50958451
2024-03-24 16:00:00.000,0.00010000,0.52228830
2024-03-25 00:00:00.000,0.00010000,0.54200000
2024-03-25 08:00:00.001,0.00010000,0.54865876
2024-03-25 16:00:00.000,0.00010000,0.55948774
2024-03-26 00:00:00.000,0.00037779,0.56265156
2024-03-26 08:00:00.000,0.00031225,0.56560137
2024-03-26 16:00:00.000,0.00028928,0.56310000
2024-03-27 00:00:00.000,0.00048660,0.57174114
2024-03-27 08:00:00.001,0.00026924,0.55080995
2024-03-27 16:00:00.000,0.00041678,0.54290000
2024-03-28 00:00:00.000,0.00042949,0.54755647
2024-03-28 08:00:00.000,0.00052205,0.56145981
2024-03-28 16:00:00.000,0.00021586,0.57975122
2024-03-29 00:00:00.000,0.00042220,0.63940316
2024-03-29 08:00:00.000,0.00039177,0.60600000
2024-03-29 16:00:00.000,0.00031191,0.64961289
2024-03-30 00:00:00.000,0.00062011,0.67130000
2024-03-30 08:00:00.000,0.00052702,0.64889371
2024-03-30 16:00:00.000,0.00082120,0.64560000
2024-03-31 00:00:00.000,0.00066849,0.64787171
2024-03-31 08:00:00.000,0.00044628,0.66664531
2024-03-31 16:00:00.001,0.00051703,0.67464213
2024-04-01 00:00:00.000,0.00087330,0.66704581
2024-04-01 08:00:00.000,0.00062146,0.66010000
2024-04-01 16:00:00.000,0.00038404,0.68646068
2024-04-02 00:00:00.007,0.00017105,0.72570000
2024-04-02 08:00:00.015,0.00032266,0.64953307
2024-04-02 16:00:00.000,0.00029644,0.69690527
2024-04-03 00:00:00.000,0.00024584,0.73369421
2024-04-03 08:00:00.000,0.00010000,0.74220000
2024-04-03 16:00:00.000,0.00011921,0.81471195
2024-04-04 00:00:00.000,0.00018634,0.81461136
2024-04-04 08:00:00.000,0.00010218,0.76286088
2024-04-04 16:00:00.000,0.00010000,0.76252823
2024-04-05 00:00:00.000,0.00019727,0.72360000
2024-04-05 08:00:00.000,0.00023315,0.66528292
2024-04-05 16:00:00.000,0.00010000,0.63729221
2024-04-06 00:00:00.000,0.00010000,0.60750000
2024-04-06 08:00:00.000,0.00010000,0.65765123
2024-04-06 16:00:00.000,0.00010000,0.67101150
2024-04-07 00:00:00.000,0.00022971,0.75690000
2024-04-07 08:00:00.000,0.00021650,0.76965590
2024-04-07 16:00:00.000,0.00018336,0.81060000
2024-04-08 00:00:00.001,0.00049133,0.93210000
2024-04-08 08:00:00.000,0.00024259,0.87794562
2024-04-08 16:00:00.006,0.00033129,0.83085674
2024-04-09 00:00:00.000,0.00021616,0.80170000
2024-04-09 08:00:00.001,0.00026875,0.77060000
2024-04-09 16:00:00.001,0.00025406,0.77870000
2024-04-10 00:00:00.000,0.00029500,0.76560000
2024-04-10 08:00:00.001,0.00017226,0.75508261
2024-04-10 16:00:00.000,0.00022394,0.73733266
2024-04-11 00:00:00.000,0.00010000,0.73510000
2024-04-11 08:00:00.000,0.00025225,0.73543927
2024-04-11 16:00:00.000,0.00010255,0.72780000
2024-04-12 00:00:00.000,0.00033173,0.70619929
2024-04-12 08:00:00.001,0.00023116,0.72780000
2024-04-12 16:00:00.000,0.00012913,0.67070000
2024-04-13 00:00:00.000,0.00010000,0.59560742
2024-04-13 08:00:00.000,0.00010000,0.58120000
2024-04-13 16:00:00.001,0.00010000,0.58383764
2024-04-14 00:00:00.000,0.00010000,0.51560000
2024-04-14 08:00:00.000,0.00010000,0.55959807
2024-04-14 16:00:00.000,0.00010000,0.53768413
2024-04-15 00:00:00.000,0.00010000,0.55408578
2024-04-15 08:00:00.001,0.00010000,0.56614243
2024-04-15 16:00:00.000,0.00010000,0.52760000
2024-04-16 00:00:00.001,0.00010000,0.50290000
2024-04-16 08:00:00.000,0.00010000,0.50746854
2024-04-16 16:00:00.000,0.00010000,0.48350000
2024-04-17 00:00:00.000,0.00010000,0.50445057
2024-04-17 08:00:00.000,0.00001567,0.50994045
2024-04-17 16:00:00.000,0.00010000,0.48754899
2024-04-18 00:00:00.000,0.00010000,0.50249276
2024-04-18 08:00:00.000,0.00004940,0.49120000
2024-04-18 16:00:00.000,0.00010000,0.51490999
2024-04-19 00:00:00.001,0.00009434,0.51402691
2024-04-19 08:00:00.000,0.00010000,0.51658863
2024-04-19 16:00:00.000,0.00010000,0.52330000
2024-04-20 00:00:00.000,0.00010000,0.50766532
2024-04-20 08:00:00.000,0.00010000,0.51700000
2024-04-20 16:00:00.000,0.00010000,0.53110000
2024-04-21 00:00:00.000,0.00007998,0.54717814
2024-04-21 08:00:00.000,0.00007222,0.55600000
2024-04-21 16:00:00.000,0.00001193,0.54350000
2024-04-22 00:00:00.000,0.00010000,0.54491606
2024-04-22 08:00:00.000,0.00006468,0.55683712
2024-04-22 16:00:00.000,0.00009822,0.55624439
2024-04-23 00:00:00.000,0.00007381,0.55088248
2024-04-23 08:00:00.000,0.00005634,0.54710000
2024-04-23 16:00:00.001,0.00010000,0.55190000
2024-04-24 00:00:00.000,0.00010000,0.55303568
2024-04-24 08:00:00.000,0.00004799,0.56200000
2024-04-24 16:00:00.000,0.00010000,0.53110000
2024-04-25 00:00:00.000,0.00010000,0.52000000
2024-04-25 08:00:00.000,0.00009117,0.50210000
2024-04-25 16:00:00.010,0.00010000,0.50838170
2024-04-26 00:00:00.001,0.00010000,0.50590000
2024-04-26 08:00:00.000,0.00000373,0.48840000
2024-04-26 16:00:00.000,0.00010000,0.48374641
2024-04-27 00:00:00.000,-0.00011324,0.48480000
2024-04-27 08:00:00.001,0.00009695,0.47410000
2024-04-27 16:00:00.000,0.00010000,0.47460000
2024-04-28 00:00:00.000,0.00008495,0.48820000
2024-04-28 08:00:00.000,0.00010000,0.49513723
2024-04-28 16:00:00.000,0.00002565,0.48841188
2024-04-29 00:00:00.000,0.00003687,0.48120000
2024-04-29 08:00:00.000,0.00010000,0.45580000
2024-04-29 16:00:00.000,0.00010000,0.46310000
2024-04-30 00:00:00.000,0.00010000,0.46171589
2024-04-30 08:00:00.000,0.00010000,0.45330000
2024-04-30 16:00:00.000,0.00010000,0.42385575
2024-05-01 00:00:00.000,0.00007347,0.43240000
2024-05-01 08:00:00.000,0.00010000,0.41279443
2024-05-01 16:00:00.000,0.00010000,0.41590000
2024-05-02 00:00:00.000,0.00010000,0.43910000
2024-05-02 08:00:00.000,0.00010000,0.42671663
2024-05-02 16:00:00.002,0.00005017,0.44481929
2024-05-03 00:00:00.000,0.00000005,0.45052346
2024-05-03 08:00:00.000,-0.00002956,0.44600000
2024-05-03 16:00:00.000,0.00010000,0.46536921
2024-05-04 00:00:00.000,-0.00000127,0.47080000
2024-05-04 08:00:00.000,-0.00001886,0.46350320
2024-05-04 16:00:00.000,0.00009386,0.46654677
2024-05-05 00:00:00.000,0.00010000,0.46650000
2024-05-05 08:00:00.000,0.00010000,0.45960000
2024-05-05 16:00:00.000,0.00010000,0.47340000
2024-05-06 00:00:00.000,0.00010000,0.47360000
2024-05-06 08:00:00.000,0.00010000,0.47668650
2024-05-06 16:00:00.000,0.00010000,0.46466948
2024-05-07 00:00:00.000,0.00000141,0.45896815
2024-05-07 08:00:00.000,0.00010000,0.45363004
2024-05-07 16:00:00.000,0.00010000,0.46290000
2024-05-08 00:00:00.000,0.00010000,0.44602185
2024-05-08 08:00:00.000,0.00010000,0.43401239
2024-05-08 16:00:00.000,0.00010000,0.44100000
2024-05-09 00:00:00.000,0.00010000,0.44230000
2024-05-09 08:00:00.000,0.00010000,0.44336283
2024-05-09 16:00:00.000,0.00010000,0.45720000
2024-05-10 00:00:00.000,0.00010000,0.46130442
2024-05-10 08:00:00.000,0.00010000,0.46122323
2024-05-10 16:00:00.000,0.00010000,0.43880000
2024-05-11 00:00:00.000,0.00010000,0.43723699
2024-05-11 08:00:00.000,0.00010000,0.43814432
2024-05-11 16:00:00.000,0.00010000,0.43491117
2024-05-12 00:00:00.000,0.00007684,0.42440000
2024-05-12 08:00:00.000,0.00008932,0.41941580
2024-05-12 16:00:00.000,0.00004473,0.42012122
2024-05-13 00:00:00.001,-0.00003462,0.41170000
2024-05-13 08:00:00.001,0.00007238,0.41224458
2024-05-13 16:00:00.000,0.00010000,0.42340000
2024-05-14 00:00:00.000,0.00005574,0.41800000
2024-05-14 08:00:00.000,0.00010000,0.42290000
2024-05-14 16:00:00.000,0.00008291,0.41581478
2024-05-15 00:00:00.000,0.00010000,0.41090859
2024-05-15 08:00:00.000,0.00010000,0.42620000
2024-05-15 16:00:00.000,0.00010000,0.44860000
2024-05-16 00:00:00.004,0.00010000,0.46040762
2024-05-16 08:00:00.000,0.00010000,0.46959953
2024-05-16 16:00:00.000,0.00010000,0.46310827
2024-05-17 00:00:00.000,0.00008698,0.48060000
2024-05-17 08:00:00.000,-0.00007848,0.52802930
2024-05-17 16:00:00.000,0.00002719,0.54764634
2024-05-18 00:00:00.000,0.00010000,0.55230000
2024-05-18 08:00:00.000,0.00010000,0.57880000
2024-05-18 16:00:00.000,0.00010000,0.52805266
2024-05-19 00:00:00.000,0.00010000,0.53125499
2024-05-19 08:00:00.000,0.00010000,0.52171999
2024-05-19 16:00:00.000,0.00010000,0.52659788
2024-05-20 00:00:00.000,0.00010000,0.51450834
2024-05-20 08:00:00.000,0.00009418,0.53355026
2024-05-20 16:00:00.003,0.00010000,0.51890000
2024-05-21 00:00:00.000,0.00010000,0.55030000
2024-05-21 08:00:00.001,0.00010000,0.53786306
2024-05-21 16:00:00.000,0.00010000,0.52902687
2024-05-22 00:00:00.000,0.00010000,0.53260000
2024-05-22 08:00:00.000,0.00010000,0.54110000
2024-05-22 16:00:00.000,0.00010000,0.56971511
2024-05-23 00:00:00.000,0.00010000,0.55470254
2024-05-23 08:00:00.000,0.00010000,0.58670000
2024-05-23 16:00:00.000,0.00010000,0.56180000
2024-05-24 00:00:00.000,0.00010000,0.58630000
2024-05-24 08:00:00.000,0.00010000,0.59510450
2024-05-24 16:00:00.000,0.00010000,0.59801019
2024-05-25 00:00:00.000,0.00010000,0.59505111
2024-05-25 08:00:00.000,0.00010000,0.57980000
2024-05-25 16:00:00.000,0.00010000,0.60561450
2024-05-26 00:00:00.000,0.00010000,0.59427816
2024-05-26 08:00:00.000,0.00010000,0.59473241
2024-05-26 16:00:00.000,0.00010000,0.57893269
2024-05-27 00:00:00.000,0.00010000,0.56280000
2024-05-27 08:00:00.000,0.00010000,0.56779156
2024-05-27 16:00:00.000,0.00010000,0.61150000
2024-05-28 00:00:00.000,0.00010000,0.59791195
2024-05-28 08:00:00.000,0.00010000,0.57831132
2024-05-28 16:00:00.000,0.00010000,0.58740000
2024-05-29 00:00:00.001,0.00010000,0.57880000
2024-05-29 08:00:00.000,0.00010000,0.57100000
2024-05-29 16:00:00.000,0.00010000,0.56517973
2024-05-30 00:00:00.000,0.00010000,0.55180000
2024-05-30 08:00:00.000,0.00010000,0.53230000
2024-05-30 16:00:00.000,0.00010000,0.55959147
2024-05-31 00:00:00.000,0.00010000,0.55070000
2024-05-31 08:00:00.000,0.00010869,0.55760000
2024-05-31 16:00:00.000,0.00010000,0.55090337
2024-06-01 00:00:00.000,0.00010000,0.55209206
2024-06-01 08:00:00.000,0.00010000,0.54798837
2024-06-01 16:00:00.001,0.00010000,0.54791093
2024-06-02 00:00:00.000,0.00010000,0.54977211
2024-06-02 08:00:00.000,0.00010000,0.56677929
2024-06-02 16:00:00.000,0.00010000,0.56804001
2024-06-03 00:00:00.000,0.00010000,0.55131067
2024-06-03 08:00:00.000,0.00010000,0.55180000
2024-06-03 16:00:00.000,0.00010000,0.54693217
2024-06-04 00:00:00.000,0.00010000,0.53879446
2024-06-04 08:00:00.000,0.00010000,0.55190000
2024-06-04 16:00:00.000,0.00010000,0.55410000
2024-06-05 00:00:00.000,0.00010000,0.56069996
2024-06-05 08:00:00.000,0.00010000,0.55858731
2024-06-05 16:00:00.000,0.00010000,0.55820000
2024-06-06 00:00:00.000,0.00010000,0.56310000
2024-06-06 08:00:00.008,0.00010000,0.55600000
2024-06-06 16:00:00.000,0.00010000,0.55650000
2024-06-07 00:00:00.000,0.00011119,0.55885484
2024-06-07 08:00:00.000,0.00010000,0.55970000
2024-06-07 16:00:00.000,0.00010000,0.58167202
2024-06-08 00:00:00.000,0.00010000,0.52625339
2024-06-08 08:00:00.000,0.00010000,0.56300000
2024-06-08 16:00:00.000,0.00010000,0.56189274
2024-06-09 00:00:00.000,0.00010000,0.58260000
2024-06-09 08:00:00.000,0.00010000,0.63827363
2024-06-09 16:00:00.001,0.00010000,0.64971863
2024-06-10 00:00:00.000,0.00010000,0.67590000
2024-06-10 08:00:00.000,0.00010000,0.61845307
2024-06-10 16:00:00.001,0.00010000,0.57826178
2024-06-11 00:00:00.001,0.00010000,0.55330000
2024-06-11 08:00:00.000,0.00010000,0.55982082
2024-06-11 16:00:00.000,0.00010000,0.52892532
2024-06-12 00:00:00.000,0.00010000,0.53841087
2024-06-12 08:00:00.000,0.00010000,0.54337549
2024-06-12 16:00:00.000,0.00010000,0.56331513
2024-06-13 00:00:00.000,0.00010000,0.54480000
2024-06-13 08:00:00.001,0.00010000,0.54420000
2024-06-13 16:00:00.000,0.00010000,0.52150000
2024-06-14 00:00:00.000,0.00010000,0.52075896
2024-06-14 08:00:00.000,0.00010000,0.51407297
2024-06-14 16:00:00.000,0.00010000,0.49448185
2024-06-15 00:00:00.000,0.00010000,0.49060000
2024-06-15 08:00:00.000,0.00010000,0.50370000
2024-06-15 16:00:00.000,0.00010000,0.50497111
2024-06-16 00:00:00.001,0.00010000,0.49490000
2024-06-16 08:00:00.000,0.00010000,0.49340000
2024-06-16 16:00:00.000,0.00010000,0.47972570
2024-06-17 00:00:00.000,0.00010000,0.47553585
2024-06-17 08:00:00.000,0.00010000,0.44854129
2024-06-17 16:00:00.000,0.00010000,0.42917035
2024-06-18 00:00:00.000,0.00010000,0.41964846
2024-06-18 08:00:00.000,0.00004486,0.38373982
2024-06-18 16:00:00.000,0.00008100,0.37105726
2024-06-19 00:00:00.001,0.00010000,0.37080000
2024-06-19 08:00:00.001,0.00010000,0.37380000
2024-06-19 16:00:00.000,0.00010000,0.37014877
2024-06-20 00:00:00.000,0.00010000,0.37240000
2024-06-20 08:00:00.000,0.00010000,0.39951261
2024-06-20 16:00:00.000,0.00004757,0.38170000
2024-06-21 00:00:00.000,0.00010000,0.38500000
2024-06-21 08:00:00.000,0.00010000,0.39175278
2024-06-21 16:00:00.000,0.00001632,0.39482863
2024-06-22 00:00:00.000,-0.00042770,0.37995791
2024-06-22 08:00:00.000,0.00010000,0.37620000
2024-06-22 16:00:00.000,0.00010000,0.37710000
2024-06-23 00:00:00.000,0.00010000,0.37220000
2024-06-23 08:00:00.000,0.00010000,0.38200000
2024-06-23 16:00:00.000,0.00009838,0.37120000
2024-06-24 00:00:00.002,0.00010000,0.36743774
2024-06-24 08:00:00.000,0.00006061,0.35370000
2024-06-24 16:00:00.000,0.00010000,0.36490538
2024-06-25 00:00:00.000,0.00010000,0.37604136
2024-06-25 08:00:00.000,0.00010000,0.38225558
2024-06-25 16:00:00.000,0.00010000,0.39190000
2024-06-26 00:00:00.002,0.00010000,0.39664284
2024-06-26 08:00:00.000,0.00010000,0.39359592
2024-06-26 16:00:00.000,0.00010000,0.38390000
2024-06-27 00:00:00.000,0.00010000,0.37760000
2024-06-27 08:00:00.001,0.00010000,0.37826225
2024-06-27 16:00:00.000,0.00010000,0.39800000
2024-06-28 00:00:00.000,0.00010000,0.39880000
2024-06-28 08:00:00.000,0.00010000,0.38890401
2024-06-28 16:00:00.000,0.00010000,0.39181707
2024-06-29 00:00:00.001,0.00010000,0.37597833
2024-06-29 08:00:00.000,0.00010000,0.37680000
2024-06-29 16:00:00.000,0.00010000,0.37410000
2024-06-30 00:00:00.000,0.00010000,0.36601852
2024-06-30 08:00:00.000,0.00010000,0.38233714
2024-06-30 16:00:00.000,0.00010000,0.38423141
2024-07-01 00:00:00.000,0.00010000,0.38790000
2024-07-01 08:00:00.000,0.00010000,0.38572133
2024-07-01 16:00:00.001,0.00010000,0.37649352
2024-07-02 00:00:00.000,0.00010000,0.37366675
2024-07-02 08:00:00.000,0.00010000,0.36939883
2024-07-02 16:00:00.000,0.00010000,0.36742382
2024-07-03 00:00:00.000,0.00010000,0.36877085
2024-07-03 08:00:00.001,0.00010000,0.35995831
2024-07-03 16:00:00.000,0.00010000,0.34560000
2024-07-04 00:00:00.000,0.00010000,0.33733774
2024-07-04 08:00:00.000,0.00010000,0.32271503
2024-07-04 16:00:00.000,0.00010000,0.31210042
2024-07-05 00:00:00.000,0.00010000,0.28653174
2024-07-05 08:00:00.000,0.00010000,0.26726880
2024-07-05 16:00:00.000,0.00010000,0.28600364
2024-07-06 00:00:00.000,0.00004374,0.28520000
2024-07-06 08:00:00.000,0.00010000,0.28975404
2024-07-06 16:00:00.000,0.00010000,0.29650000
2024-07-07 00:00:00.001,0.00006113,0.30450000
2024-07-07 08:00:00.000,0.00010000,0.29695755
2024-07-07 16:00:00.000,0.00010000,0.29280000
2024-07-08 00:00:00.000,0.00010000,0.28776082
2024-07-08 08:00:00.000,0.00010000,0.28996779
2024-07-08 16:00:00.000,0.00010000,0.29443259
2024-07-09 00:00:00.000,0.00010000,0.29862913
2024-07-09 08:00:00.001,0.00010000,0.29860000
2024-07-09 16:00:00.000,0.00010000,0.30402897
2024-07-10 00:00:00.000,0.00010000,0.30170000
2024-07-10 08:00:00.000,0.00010000,0.30714865
2024-07-10 16:00:00.000,0.00010000,0.30585611
2024-07-11 00:00:00.002,0.00010000,0.30546516
2024-07-11 08:00:00.002,0.00010000,0.30300000
2024-07-11 16:00:00.004,0.00010000,0.29360000
2024-07-12 00:00:00.000,0.00010000,0.28790000
2024-07-12 08:00:00.000,0.00010000,0.29099043
2024-07-12 16:00:00.000,0.00010000,0.29388224
2024-07-13 00:00:00.000,0.00010000,0.29946146
2024-07-13 08:00:00.000,0.00010000,0.29950420
2024-07-13 16:00:00.000,0.00010000,0.29237601
2024-07-14 00:00:00.000,0.00010000,0.29612986
2024-07-14 08:00:00.000,0.00010000,0.30140000
2024-07-14 16:00:00.000,0.00010000,0.29853147
2024-07-15 00:00:00.000,0.00010000,0.31330000
2024-07-15 08:00:00.000,0.00010000,0.31773053
2024-07-15 16:00:00.000,0.00010000,0.32033494
2024-07-16 00:00:00.000,0.00010000,0.33675258
2024-07-16 08:00:00.000,0.00010000,0.31820000
2024-07-16 16:00:00.000,0.00010000,0.33580000
2024-07-17 00:00:00.000,0.00010000,0.34248095
2024-07-17 08:00:00.001,0.00010000,0.35527770
2024-07-17 16:00:00.000,0.00010000,0.36087860
2024-07-18 00:00:00.000,0.00010000,0.35360000
2024-07-18 08:00:00.000,0.00010000,0.34960000
2024-07-18 16:00:00.000,0.00010000,0.33747414
2024-07-19 00:00:00.000,0.00010000,0.33975066
2024-07-19 08:00:00.000,0.00010000,0.34100562
2024-07-19 16:00:00.000,0.00010000,0.34965474
2024-07-20 00:00:00.001,0.00010000,0.35599215
2024-07-20 08:00:00.000,0.00010000,0.35390000
2024-07-20 16:00:00.000,0.00010000,0.35703555
2024-07-21 00:00:00.000,0.00010000,0.34749551
2024-07-21 08:00:00.000,0.00010000,0.34500000
2024-07-21 16:00:00.000,0.00010000,0.34290000
2024-07-22 00:00:00.000,0.00010000,0.35582378
2024-07-22 08:00:00.000,0.00010000,0.34020000
2024-07-22 16:00:00.000,0.00010000,0.33560000
2024-07-23 00:00:00.000,0.00010000,0.32400000
2024-07-23 08:00:00.000,0.00009084,0.31684429
2024-07-23 16:00:00.000,-0.00007957,0.32100000
2024-07-24 00:00:00.000,0.00010000,0.31041513
2024-07-24 08:00:00.000,0.00010000,0.31507796
2024-07-24 16:00:00.000,0.00010000,0.31132062
2024-07-25 00:00:00.000,0.00010000,0.30015485
2024-07-25 08:00:00.000,0.00010000,0.28879821
2024-07-25 16:00:00.000,0.00010000,0.28743674
2024-07-26 00:00:00.000,0.00010000,0.28561688
2024-07-26 08:00:00.000,0.00010000,0.29970000
2024-07-26 16:00:00.000,0.00010000,0.30441715
2024-07-27 00:00:00.000,0.00010000,0.30772883
2024-07-27 08:00:00.000,0.00010000,0.30728457
2024-07-27 16:00:00.000,0.00005745,0.30371976
2024-07-28 00:00:00.000,0.00010000,0.30677773
2024-07-28 08:00:00.000,0.00010000,0.29966728
2024-07-28 16:00:00.001,-0.00013525,0.29751332
2024-07-29 00:00:00.001,0.00010000,0.29781407
2024-07-29 08:00:00.000,0.00010000,0.31484782
2024-07-29 16:00:00.001,0.00010000,0.30480000
2024-07-30 00:00:00.000,0.00005050,0.29946856
2024-07-30 08:00:00.001,0.00010000,0.30698393
2024-07-30 16:00:00.000,0.00010000,0.29920000
2024-07-31 00:00:00.000,0.00005682,0.28810000
2024-07-31 08:00:00.000,0.00010000,0.29531440
2024-07-31 16:00:00.000,0.00010000,0.29190000
2024-08-01 00:00:00.000,0.00010000,0.28010000
2024-08-01 08:00:00.000,0.00010000,0.27198781
2024-08-01 16:00:00.000,0.00010000,0.26640000
2024-08-02 00:00:00.000,0.00010000,0.27620193
2024-08-02 08:00:00.001,0.00010000,0.27050084
2024-08-02 16:00:00.000,0.00010000,0.26737529
2024-08-03 00:00:00.000,0.00010000,0.26111404
2024-08-03 08:00:00.000,0.00010000,0.25954212
2024-08-03 16:00:00.001,0.00006611,0.24760000
2024-08-04 00:00:00.000,0.00010000,0.23559403
2024-08-04 08:00:00.000,0.00010000,0.23920000
2024-08-04 16:00:00.000,-0.00003827,0.22570000
2024-08-05 00:00:00.000,0.00000663,0.22702978
2024-08-05 08:00:00.000,0.00010000,0.20526779
2024-08-05 16:00:00.000,0.00010000,0.21252827
2024-08-06 00:00:00.000,-0.00004455,0.20680000
2024-08-06 08:00:00.000,0.00010000,0.22130811
2024-08-06 16:00:00.000,0.00010000,0.22140000
2024-08-07 00:00:00.000,0.00010000,0.22300000
2024-08-07 08:00:00.001,0.00010000,0.22910000
2024-08-07 16:00:00.000,0.00010000,0.22159263
2024-08-08 00:00:00.001,0.00010000,0.21730000
2024-08-08 08:00:00.000,0.00010000,0.22770000
2024-08-08 16:00:00.000,0.00010000,0.22894159
2024-08-09 00:00:00.000,0.00010000,0.23680000
2024-08-09 08:00:00.000,0.00000556,0.23130281
2024-08-09 16:00:00.000,0.00010000,0.22670000
2024-08-10 00:00:00.000,0.00010000,0.23038108
2024-08-10 08:00:00.000,0.00010000,0.22980000
2024-08-10 16:00:00.000,0.00010000,0.23072553
2024-08-11 00:00:00.000,0.00010000,0.23270000
2024-08-11 08:00:00.000,0.00009001,0.23290000
2024-08-11 16:00:00.001,-0.00003572,0.21992958
2024-08-12 00:00:00.000,-0.00005871,0.21050000
2024-08-12 08:00:00.000,0.00010000,0.21204333
2024-08-12 16:00:00.000,0.00010000,0.22497537
2024-08-13 00:00:00.000,0.00010000,0.22460000
2024-08-13 08:00:00.000,0.00010000,0.22150000
2024-08-13 16:00:00.000,0.00010000,0.22920000
2024-08-14 00:00:00.000,0.00009815,0.22785845
2024-08-14 08:00:00.000,0.00010000,0.23010000
2024-08-14 16:00:00.000,0.00010000,0.22734083
2024-08-15 00:00:00.000,0.00010000,0.22590000
2024-08-15 08:00:00.000,-0.00021734,0.24070000
2024-08-15 16:00:00.000,-0.00035883,0.23770000
2024-08-16 00:00:00.000,0.00006038,0.22733038
2024-08-16 08:00:00.000,0.00010000,0.23749316
2024-08-16 16:00:00.000,0.00002464,0.23030000
2024-08-17 00:00:00.000,-0.00001343,0.23802490
2024-08-17 08:00:00.000,0.00010000,0.23670000
2024-08-17 16:00:00.000,-0.00007035,0.23467589
2024-08-18 00:00:00.000,0.00010000,0.25029809
2024-08-18 08:00:00.000,0.00010000,0.24687800
2024-08-18 16:00:00.000,0.00010000,0.25808977
2024-08-19 00:00:00.000,0.00010000,0.25162132
2024-08-19 08:00:00.000,0.00010000,0.24750000
2024-08-19 16:00:00.002,0.00010000,0.25393835
2024-08-20 00:00:00.000,0.00010000,0.26095897
2024-08-20 08:00:00.000,0.00010000,0.25720000
2024-08-20 16:00:00.001,0.00010000,0.24900000
2024-08-21 00:00:00.001,0.00010000,0.25480000
2024-08-21 08:00:00.000,0.00010000,0.25530000
2024-08-21 16:00:00.001,0.00006302,0.25222575
2024-08-22 00:00:00.000,0.00010000,0.25766176
2024-08-22 08:00:00.000,-0.00000153,0.25460000
2024-08-22 16:00:00.008,0.00003781,0.25450000
2024-08-23 00:00:00.000,0.00002508,0.25390000
2024-08-23 08:00:00.000,0.00010000,0.26313770
2024-08-23 16:00:00.000,0.00010000,0.26476468
2024-08-24 00:00:00.000,0.00010000,0.27516874
2024-08-24 08:00:00.005,0.00010000,0.27470000
2024-08-24 16:00:00.000,0.00010000,0.28399188
2024-08-25 00:00:00.000,0.00010000,0.27823399
2024-08-25 08:00:00.000,0.00010000,0.26490825
2024-08-25 16:00:00.000,0.00010000,0.26929099
2024-08-26 00:00:00.000,0.00010000,0.26334569
2024-08-26 08:00:00.001,0.00010000,0.25840446
2024-08-26 16:00:00.000,0.00010000,0.25593258
2024-08-27 00:00:00.001,0.00010000,0.24713661
2024-08-27 08:00:00.000,0.00010000,0.25000000
2024-08-27 16:00:00.000,0.00010000,0.24160000
2024-08-28 00:00:00.000,0.00010000,0.22886653
2024-08-28 08:00:00.000,0.00005286,0.22650000
2024-08-28 16:00:00.001,-0.00003170,0.22714376
2024-08-29 00:00:00.000,-0.00008337,0.22514565
2024-08-29 08:00:00.001,0.00010000,0.23003444
2024-08-29 16:00:00.000,0.00007688,0.23560000
2024-08-30 00:00:00.000,0.00010000,0.22850361
2024-08-30 08:00:00.000,0.00010000,0.22959366
2024-08-30 16:00:00.000,0.00010000,0.21710000
2024-08-31 00:00:00.000,0.00005715,0.22760000
2024-08-31 08:00:00.000,0.00010000,0.22654100
2024-08-31 16:00:00.000,0.00010000,0.22378026
2024-09-01 00:00:00.000,0.00010000,0.22100000
2024-09-01 08:00:00.001,0.00010000,0.22079970
2024-09-01 16:00:00.000,0.00010000,0.21920000
2024-09-02 00:00:00.001,-0.00012092,0.21036312
2024-09-02 08:00:00.001,0.00010000,0.20870000
2024-09-02 16:00:00.000,0.00010000,0.21470000
2024-09-03 00:00:00.000,0.00010000,0.21780000
2024-09-03 08:00:00.001,0.00010000,0.21524765
2024-09-03 16:00:00.000,0.00001998,0.20180000
2024-09-04 00:00:00.000,-0.00008100,0.20000000
2024-09-04 08:00:00.000,0.00010000,0.20195298
2024-09-04 16:00:00.000,0.00008070,0.20830000
2024-09-05 00:00:00.000,0.00003249,0.20658830
2024-09-05 08:00:00.000,0.00010000,0.20765123
2024-09-05 16:00:00.005,0.00006006,0.20620000
2024-09-06 00:00:00.000,0.00010000,0.20350213
2024-09-06 08:00:00.001,0.00010000,0.20214885
2024-09-06 16:00:00.000,0.00010000,0.20361599
2024-09-07 00:00:00.000,0.00010000,0.19890000
2024-09-07 08:00:00.000,0.00010000,0.20542548
2024-09-07 16:00:00.000,0.00010000,0.21022069
2024-09-08 00:00:00.000,0.00003398,0.20627177
2024-09-08 08:00:00.000,0.00010000,0.21146532
2024-09-08 16:00:00.000,0.00010000,0.20570062
2024-09-09 00:00:00.000,0.00007814,0.20919341
2024-09-09 08:00:00.000,0.00010000,0.21410000
2024-09-09 16:00:00.001,0.00010000,0.21660323
2024-09-10 00:00:00.000,0.00010000,0.21890000
2024-09-10 08:00:00.000,0.00010000,0.21860000
2024-09-10 16:00:00.000,0.00010000,0.21506956
2024-09-11 00:00:00.000,0.00010000,0.21733532
2024-09-11 08:00:00.000,0.00010000,0.21310000
2024-09-11 16:00:00.000,0.00010000,0.21120000
2024-09-12 00:00:00.000,0.00010000,0.20930604
2024-09-12 08:00:00.000,0.00010000,0.21140000
2024-09-12 16:00:00.000,0.00005798,0.20860000
2024-09-13 00:00:00.000,0.00010000,0.21633303
2024-09-13 08:00:00.001,0.00010000,0.21556862
2024-09-13 16:00:00.001,0.00010000,0.22320000
2024-09-14 00:00:00.000,0.00004682,0.22570000
2024-09-14 08:00:00.000,0.00007804,0.22327632
2024-09-14 16:00:00.001,0.00010000,0.22300000
2024-09-15 00:00:00.000,0.00010000,0.22268013
2024-09-15 08:00:00.000,0.00010000,0.22390000
2024-09-15 16:00:00.000,0.00010000,0.22550000
2024-09-16 00:00:00.000,0.00000269,0.21466396
2024-09-16 08:00:00.001,0.00010000,0.21231216
2024-09-16 16:00:00.000,0.00009509,0.20580000
2024-09-17 00:00:00.001,-0.00006023,0.20500793
2024-09-17 08:00:00.000,0.00003318,0.20630000
2024-09-17 16:00:00.000,0.00010000,0.21490000
2024-09-18 00:00:00.000,0.00010000,0.21524701
2024-09-18 08:00:00.000,0.00010000,0.22158841
2024-09-18 16:00:00.004,0.00010000,0.20898592
2024-09-19 00:00:00.000,0.00010000,0.22036374
2024-09-19 08:00:00.000,0.00010000,0.23021190
2024-09-19 16:00:00.001,0.00010000,0.23121071
2024-09-20 00:00:00.000,0.00010000,0.23270133
2024-09-20 08:00:00.001,0.00010000,0.23820000
2024-09-20 16:00:00.000,0.00010000,0.23500000
2024-09-21 00:00:00.001,0.00010000,0.23622008
2024-09-21 08:00:00.000,0.00010000,0.23430431
2024-09-21 16:00:00.000,0.00010000,0.23890000
2024-09-22 00:00:00.000,0.00010000,0.24064747
2024-09-22 08:00:00.000,0.00005906,0.23350000
2024-09-22 16:00:00.000,0.00008234,0.22692061
2024-09-23 00:00:00.000,0.00010000,0.23234290
2024-09-23 08:00:00.000,0.00010000,0.23920635
2024-09-23 16:00:00.000,0.00010000,0.23460000
2024-09-24 00:00:00.000,0.00010000,0.23422949
2024-09-24 08:00:00.000,0.00010000,0.23660000
2024-09-24 16:00:00.001,0.00010000,0.22953705
2024-09-25 00:00:00.000,0.00010000,0.24022080
2024-09-25 08:00:00.003,0.00010000,0.23980000
2024-09-25 16:00:00.000,0.00010000,0.24170000
2024-09-26 00:00:00.005,0.00010000,0.23652001
2024-09-26 08:00:00.000,0.00010000,0.24682394
2024-09-26 16:00:00.000,0.00010000,0.24977340
2024-09-27 00:00:00.000,0.00010000,0.24993896
2024-09-27 08:00:00.000,0.00010000,0.25910000
2024-09-27 16:00:00.000,0.00010000,0.25816146
2024-09-28 00:00:00.000,0.00010000,0.26040000
2024-09-28 08:00:00.001,0.00010000,0.25370000
2024-09-28 16:00:00.000,0.00010000,0.25101543
2024-09-29 00:00:00.001,0.00010000,0.25190083
2024-09-29 08:00:00.000,0.00010000,0.24500000
2024-09-29 16:00:00.000,0.00010000,0.24928352
2024-09-30 00:00:00.000,0.00010000,0.25511097
2024-09-30 08:00:00.001,0.00010000,0.25504682
2024-09-30 16:00:00.000,0.00010000,0.23960313
2024-10-01 00:00:00.000,0.00010000,0.23630000
2024-10-01 08:00:00.000,0.00010000,0.24654002
2024-10-01 16:00:00.001,0.00010000,0.22571193
2024-10-02 00:00:00.000,0.00010000,0.21540000
2024-10-02 08:00:00.000,0.00010000,0.22545269
2024-10-02 16:00:00.000,0.00010000,0.21960000
2024-10-03 00:00:00.000,-0.00005818,0.20680000
2024-10-03 08:00:00.000,-0.00023072,0.20600000
2024-10-03 16:00:00.000,0.00003739,0.19960000
2024-10-04 00:00:00.000,0.00010000,0.19889504
2024-10-04 08:00:00.000,0.00010000,0.20559321
2024-10-04 16:00:00.001,0.00010000,0.20928653
2024-10-05 00:00:00.000,0.00002371,0.20970242
2024-10-05 08:00:00.000,0.00010000,0.21151010
2024-10-05 16:00:00.000,0.00010000,0.20802454
2024-10-06 00:00:00.000,0.00010000,0.20410210
2024-10-06 08:00:00.001,0.00010000,0.20480000
2024-10-06 16:00:00.000,0.00010000,0.21274815
2024-10-07 00:00:00.000,0.00000710,0.21303011
2024-10-07 08:00:00.000,0.00010000,0.21880000
2024-10-07 16:00:00.001,0.00010000,0.22294938
2024-10-08 00:00:00.000,0.00010000,0.21861934
2024-10-08 08:00:00.000,0.00010000,0.21393502
2024-10-08 16:00:00.000,0.00010000,0.20980000
2024-10-09 00:00:00.000,0.00008029,0.20817600
2024-10-09 08:00:00.000,0.00010000,0.20876256
2024-10-09 16:00:00.000,0.00010000,0.20330454
2024-10-10 00:00:00.000,0.00010000,0.19730000
2024-10-10 08:00:00.000,0.00009293,0.19677212
2024-10-10 16:00:00.000,0.00010000,0.19200871
2024-10-11 00:00:00.000,0.00010000,0.19500000
2024-10-11 08:00:00.000,0.00010000,0.19490000
2024-10-11 16:00:00.001,0.00010000,0.20055101
2024-10-12 00:00:00.000,0.00010000,0.20025903
2024-10-12 08:00:00.001,0.00010000,0.21080000
2024-10-12 16:00:00.000,0.00010000,0.21030000
2024-10-13 00:00:00.000,0.00010000,0.20935078
2024-10-13 08:00:00.000,0.00010000,0.21038472
2024-10-13 16:00:00.000,0.00007803,0.20100000
2024-10-14 00:00:00.000,0.00010000,0.20914116
2024-10-14 08:00:00.000,0.00010000,0.21450000
2024-10-14 16:00:00.000,0.00010000,0.21937638
2024-10-15 00:00:00.000,0.00010000,0.22357435
2024-10-15 08:00:00.000,0.00010000,0.22319022
2024-10-15 16:00:00.000,0.00010000,0.21520000
2024-10-16 00:00:00.000,0.00010000,0.21830000
2024-10-16 08:00:00.001,0.00010000,0.21134297
2024-10-16 16:00:00.000,0.00010000,0.21100000
2024-10-17 00:00:00.000,0.00010000,0.20740000
2024-10-17 08:00:00.000,0.00010000,0.20370000
2024-10-17 16:00:00.001,0.00010000,0.20452796
2024-10-18 00:00:00.010,0.00010000,0.19980000
2024-10-18 08:00:00.001,0.00010000,0.20079127
2024-10-18 16:00:00.000,0.00010000,0.19540000
2024-10-19 00:00:00.000,0.00010000,0.20229412
2024-10-19 08:00:00.000,0.00010000,0.20126892
2024-10-19 16:00:00.000,0.00010000,0.19734373
2024-10-20 00:00:00.000,0.00010000,0.20222730
2024-10-20 08:00:00.000,0.00010000,0.20517210
2024-10-20 16:00:00.000,0.00010000,0.21770000
2024-10-21 00:00:00.000,0.00010000,0.22088120
2024-10-21 08:00:00.000,0.00010000,0.21574908
2024-10-21 16:00:00.000,0.00010000,0.20709063
2024-10-22 00:00:00.000,0.00010000,0.20533024
2024-10-22 08:00:00.000,0.00010000,0.20680000
2024-10-22 16:00:00.000,0.00010000,0.20430000
2024-10-23 00:00:00.000,0.00010000,0.20605377
2024-10-23 08:00:00.000,0.00010000,0.19890000
2024-10-23 16:00:00.000,0.00010000,0.19584256
2024-10-24 00:00:00.000,0.00010000,0.19587174
2024-10-24 08:00:00.000,0.00010000,0.19705053
2024-10-24 16:00:00.000,0.00010000,0.19897295
2024-10-25 00:00:00.000,0.00010000,0.19962167
2024-10-25 08:00:00.000,0.00010000,0.19540648
2024-10-25 16:00:00.000,0.00010000,0.19572722
2024-10-26 00:00:00.000,0.00010000,0.17530999
2024-10-26 08:00:00.001,0.00010000,0.17570000
2024-10-26 16:00:00.000,0.00005468,0.17010000
2024-10-27 00:00:00.000,0.00010000,0.18105093
2024-10-27 08:00:00.000,0.00010000,0.18051274
2024-10-27 16:00:00.000,0.00010000,0.18270000
2024-10-28 00:00:00.000,0.00010000,0.18195685
2024-10-28 08:00:00.001,0.00010000,0.18108541
2024-10-28 16:00:00.000,0.00010000,0.17682321
2024-10-29 00:00:00.000,0.00010000,0.18319297
2024-10-29 08:00:00.000,0.00010000,0.18575855
2024-10-29 16:00:00.004,0.00010000,0.18671777
2024-10-30 00:00:00.000,0.00010000,0.19020000
2024-10-30 08:00:00.000,0.00010000,0.19295837
2024-10-30 16:00:00.013,0.00010000,0.20348473
2024-10-31 00:00:00.000,-0.00017927,0.22624164
2024-10-31 08:00:00.000,0.00010000,0.21370258
2024-10-31 16:00:00.000,0.00010000,0.22231722
2024-11-01 00:00:00.000,0.00010000,0.22047857
2024-11-01 08:00:00.000,0.00010000,0.21587619
2024-11-01 16:00:00.000,0.00010000,0.22360000
2024-11-02 00:00:00.000,-0.00034590,0.24400000
2024-11-02 08:00:00.000,0.00005866,0.23370000
2024-11-02 16:00:00.000,0.00007055,0.21550000
2024-11-03 00:00:00.000,0.00010000,0.22284543
2024-11-03 08:00:00.000,0.00010000,0.22340842
2024-11-03 16:00:00.000,0.00007628,0.20512778
2024-11-04 00:00:00.000,0.00010000,0.22388399
2024-11-04 08:00:00.000,0.00010000,0.23478673
2024-11-04 16:00:00.000,0.00010000,0.22710000
2024-11-05 00:00:00.000,0.00008528,0.21350000
2024-11-05 08:00:00.003,0.00010000,0.21472520
2024-11-05 16:00:00.001,0.00010000,0.21591760
2024-11-06 00:00:00.000,0.00010000,0.21226462
2024-11-06 08:00:00.000,0.00010000,0.25356857
2024-11-06 16:00:00.000,0.00010000,0.24930000
2024-11-07 00:00:00.000,0.00010000,0.25546394
2024-11-07 08:00:00.000,0.00010000,0.24429407
2024-11-07 16:00:00.000,0.00010000,0.24880000
2024-11-08 00:00:00.000,0.00010000,0.25256712
2024-11-08 08:00:00.000,0.00010000,0.24419668
2024-11-08 16:00:00.000,0.00010000,0.25680000
2024-11-09 00:00:00.000,0.00010000,0.25211982
2024-11-09 08:00:00.000,0.00010000,0.25962602
2024-11-09 16:00:00.000,0.00010000,0.25266236
2024-11-10 00:00:00.000,0.00016018,0.25930618
2024-11-10 08:00:00.000,0.00010000,0.27060000
2024-11-10 16:00:00.000,0.00013763,0.27571447
2024-11-11 00:00:00.001,0.00025372,0.26840000
2024-11-11 08:00:00.000,0.00028961,0.26506348
2024-11-11 16:00:00.000,0.00010000,0.26017579
2024-11-12 00:00:00.002,0.00015614,0.27500000
2024-11-12 08:00:00.000,0.00040496,0.28025020
2024-11-12 16:00:00.000,0.00010000,0.24784524
2024-11-13 00:00:00.000,0.00017095,0.26085805
2024-11-13 08:00:00.010,0.00010000,0.24294066
2024-11-13 16:00:00.000,0.00010000,0.25400000
2024-11-14 00:00:00.001,0.00010306,0.25353230
2024-11-14 08:00:00.000,0.00014360,0.27150000
2024-11-14 16:00:00.000,0.00010000,0.25251773
2024-11-15 00:00:00.000,0.00010000,0.28026450
2024-11-15 08:00:00.000,0.00010000,0.27238101
2024-11-15 16:00:00.000,0.00010000,0.26197946
2024-11-16 00:00:00.001,0.00010000,0.27516980
2024-11-16 08:00:00.001,0.00010000,0.27983643
2024-11-16 16:00:00.000,0.00010000,0.27837844
2024-11-17 00:00:00.000,0.00010000,0.29318202
2024-11-17 08:00:00.000,0.00010000,0.29250385
2024-11-17 16:00:00.001,0.00010000,0.28200000
2024-11-18 00:00:00.000,0.00010000,0.27441511
2024-11-18 08:00:00.000,0.00010000,0.29214412
2024-11-18 16:00:00.000,0.00010000,0.29846216
2024-11-19 00:00:00.000,0.00010000,0.29800000
2024-11-19 08:00:00.000,0.00010282,0.28730000
2024-11-19 16:00:00.000,0.00010000,0.28125225
2024-11-20 00:00:00.003,0.00010000,0.28332617
2024-11-20 08:00:00.000,0.00010000,0.27670000
2024-11-20 16:00:00.000,0.00010000,0.28122574
2024-11-21 00:00:00.001,0.00010000,0.26483879
2024-11-21 08:00:00.000,0.00010000,0.27220000
2024-11-21 16:00:00.001,0.00010000,0.28760000
2024-11-22 00:00:00.000,0.00010000,0.28583533
2024-11-22 08:00:00.000,0.00010000,0.27623491
2024-11-22 16:00:00.001,0.00010000,0.27990000
2024-11-23 00:00:00.000,0.00010000,0.28960000
2024-11-23 08:00:00.000,0.00023186,0.29930000
2024-11-23 16:00:00.000,0.00035389,0.31017644
2024-11-24 00:00:00.001,0.00027093,0.31205549
2024-11-24 08:00:00.000,0.00038367,0.33330000
2024-11-24 16:00:00.000,0.00012584,0.30177218
2024-11-25 00:00:00.000,0.00025924,0.34040000
2024-11-25 08:00:00.000,-0.00052066,0.37160000
2024-11-25 16:00:00.000,0.00010000,0.36095127
2024-11-26 00:00:00.000,0.00018225,0.34599387
2024-11-26 08:00:00.000,0.00018319,0.34256842
2024-11-26 16:00:00.000,0.00027226,0.33163639
2024-11-27 00:00:00.000,0.00010000,0.34543698
2024-11-27 08:00:00.000,0.00010000,0.35994179
2024-11-27 16:00:00.001,0.00022794,0.34780000
2024-11-28 00:00:00.000,0.00010000,0.37382809
2024-11-28 08:00:00.000,0.00010000,0.37897038
2024-11-28 16:00:00.000,0.00010000,0.36865582
2024-11-29 00:00:00.000,0.00010000,0.43090000
2024-11-29 08:00:00.000,0.00010000,0.40470000
2024-11-29 16:00:00.000,0.00010000,0.39815054
2024-11-30 00:00:00.000,0.00010000,0.39401304
2024-11-30 08:00:00.000,0.00029290,0.40690000
2024-11-30 16:00:00.000,0.00020884,0.40620000
2024-12-01 00:00:00.000,0.00059634,0.39857737
2024-12-01 08:00:00.000,0.00026808,0.39630000
2024-12-01 16:00:00.000,0.00030660,0.41000000
2024-12-02 00:00:00.001,0.00023440,0.39613571
2024-12-02 08:00:00.001,0.00034793,0.39426551
2024-12-02 16:00:00.000,0.00030677,0.38890000
2024-12-03 00:00:00.000,0.00062585,0.39319792
2024-12-03 08:00:00.000,0.00061112,0.41370000
2024-12-03 16:00:00.000,0.00039527,0.41168923
2024-12-04 00:00:00.000,0.00043952,0.45060000
2024-12-04 08:00:00.000,0.00043994,0.44819116
2024-12-04 16:00:00.000,0.00068295,0.44469365
2024-12-05 00:00:00.001,0.00010000,0.46262861
2024-12-05 08:00:00.000,0.00038001,0.45826920
2024-12-05 16:00:00.000,0.00053657,0.43390000
2024-12-06 00:00:00.000,0.00051224,0.42640000
2024-12-06 08:00:00.000,0.00047922,0.44900000
2024-12-06 16:00:00.000,0.00016951,0.44854920
2024-12-07 00:00:00.000,0.00032840,0.44134927
2024-12-07 08:00:00.000,0.00042047,0.44800000
2024-12-07 16:00:00.000,0.00046467,0.45086729
2024-12-08 00:00:00.000,0.00074416,0.44160000
2024-12-08 08:00:00.000,0.00048977,0.43370000
2024-12-08 16:00:00.000,0.00042656,0.43670000
2024-12-09 00:00:00.000,0.00037735,0.43948275
2024-12-09 08:00:00.000,0.00021637,0.40940000
2024-12-09 16:00:00.001,0.00010000,0.39452217
2024-12-10 00:00:00.007,0.00010000,0.36753040
2024-12-10 08:00:00.000,0.00010000,0.36089755
2024-12-10 16:00:00.000,0.00010000,0.32834768
2024-12-11 00:00:00.000,0.00010000,0.35024008
2024-12-11 08:00:00.000,0.00010000,0.34990000
2024-12-11 16:00:00.001,0.00010000,0.39140000
2024-12-12 00:00:00.001,0.00010000,0.39758193
2024-12-12 08:00:00.000,0.00010000,0.40348862
2024-12-12 16:00:00.001,0.00010000,0.39193474
2024-12-13 00:00:00.000,0.00010000,0.39027280
2024-12-13 08:00:00.000,0.00010000,0.38317813
2024-12-13 16:00:00.001,0.00010000,0.37550058
2024-12-14 00:00:00.000,0.00010000,0.38740429
2024-12-14 08:00:00.000,0.00010000,0.38250000
2024-12-14 16:00:00.000,0.00010000,0.36960000
2024-12-15 00:00:00.000,0.00010000,0.36430000
2024-12-15 08:00:00.000,-0.00001635,0.35640000
2024-12-15 16:00:00.000,0.00010000,0.38280000
2024-12-16 00:00:00.000,0.00010000,0.38986164
2024-12-16 08:00:00.001,0.00010000,0.37893522
2024-12-16 16:00:00.000,0.00010000,0.36841348
2024-12-17 00:00:00.000,0.00010000,0.37940000
2024-12-17 08:00:00.000,0.00010000,0.37740000
2024-12-17 16:00:00.000,0.00010000,0.35046919
2024-12-18 00:00:00.000,0.00010000,0.34257024
2024-12-18 08:00:00.000,0.00010000,0.32941699
2024-12-18 16:00:00.000,0.00010000,0.33355297
2024-12-19 00:00:00.000,0.00010000,0.31026794
2024-12-19 08:00:00.000,0.00010000,0.30927334
2024-12-19 16:00:00.000,0.00010000,0.30324601
2024-12-20 00:00:00.000,0.00010000,0.28340000
2024-12-20 08:00:00.001,0.00010000,0.28350000
2024-12-20 16:00:00.014,0.00010000,0.27590000
2024-12-21 00:00:00.000,0.00010000,0.29390000
2024-12-21 08:00:00.000,0.00010000,0.30832443
2024-12-21 16:00:00.001,0.00010000,0.28703428
2024-12-22 00:00:00.000,0.00010000,0.27634116
2024-12-22 08:00:00.000,0.00010000,0.27663086
2024-12-22 16:00:00.000,0.00010000,0.27560000
2024-12-23 00:00:00.000,0.00010000,0.27320000
2024-12-23 08:00:00.000,0.00010000,0.27810000
2024-12-23 16:00:00.001,0.00010000,0.27550000
2024-12-24 00:00:00.000,0.00010000,0.29748336
2024-12-24 08:00:00.000,0.00010000,0.29512203
2024-12-24 16:00:00.001,0.00010000,0.32691484
2024-12-25 00:00:00.001,0.00010000,0.31790000
2024-12-25 08:00:00.000,0.00010000,0.31370000
2024-12-25 16:00:00.000,0.00010000,0.30736996
2024-12-26 00:00:00.000,0.00010000,0.30902034
2024-12-26 08:00:00.000,0.00010000,0.29518655
2024-12-26 16:00:00.000,0.00010000,0.28702976
2024-12-27 00:00:00.000,0.00010000,0.28401337
2024-12-27 08:00:00.000,0.00010000,0.28680000
2024-12-27 16:00:00.000,-0.00001941,0.28919335
2024-12-28 00:00:00.001,0.00001765,0.29290000
2024-12-28 08:00:00.000,0.00009661,0.29187381
2024-12-28 16:00:00.000,-0.00008424,0.31500000
2024-12-29 00:00:00.000,0.00009637,0.32014333
2024-12-29 08:00:00.000,0.00001940,0.32641603
2024-12-29 16:00:00.000,0.00010000,0.32114302
2024-12-30 00:00:00.000,0.00010000,0.31565533
2024-12-30 08:00:00.001,-0.00013424,0.32612020
2024-12-30 16:00:00.000,0.00010000,0.29990411
2024-12-31 00:00:00.000,0.00010000,0.31397311
2024-12-31 08:00:00.000,0.00010000,0.30600661
2024-12-31 16:00:00.000,0.00010000,0.31125475
2025-01-01 00:00:00.015,0.00010000,0.29990000
2025-01-01 08:00:00.000,0.00010000,0.29840000
2025-01-01 16:00:00.001,0.00010000,0.30970000
2025-01-02 00:00:00.000,0.00010000,0.33070605
2025-01-02 08:00:00.006,0.00010000,0.33804124
2025-01-02 16:00:00.000,0.00010000,0.33943121
2025-01-03 00:00:00.000,0.00010000,0.33896743
2025-01-03 08:00:00.000,0.00010000,0.33203680
2025-01-03 16:00:00.000,0.00010000,0.34408730
2025-01-04 00:00:00.000,0.00010000,0.34911243
2025-01-04 08:00:00.000,0.00010000,0.34843364
2025-01-04 16:00:00.000,0.00010000,0.33840724
2025-01-05 00:00:00.000,0.00010000,0.34292826
2025-01-05 08:00:00.000,0.00010000,0.33883587
2025-01-05 16:00:00.000,0.00010000,0.33498037
2025-01-06 00:00:00.000,0.00010000,0.33894715
2025-01-06 08:00:00.001,0.00010000,0.33571936
2025-01-06 16:00:00.000,0.00010000,0.34439820
2025-01-07 00:00:00.000,0.00010000,0.34149217
2025-01-07 08:00:00.000,0.00010000,0.33470077
2025-01-07 16:00:00.008,0.00010000,0.31365660
2025-01-08 00:00:00.001,0.00010000,0.29764254
2025-01-08 08:00:00.000,0.00010000,0.28474073
2025-01-08 16:00:00.000,0.00010000,0.28292876
2025-01-09 00:00:00.000,0.00010000,0.28250000
2025-01-09 08:00:00.000,0.00010000,0.27220000
2025-01-09 16:00:00.000,0.00010000,0.28000000
2025-01-10 00:00:00.000,0.00010000,0.27270000
2025-01-10 08:00:00.000,0.00010000,0.27980000
2025-01-10 16:00:00.000,0.00010000,0.27418819
2025-01-11 00:00:00.000,0.00010000,0.27970000
2025-01-11 08:00:00.000,0.00010000,0.27588860
2025-01-11 16:00:00.000,0.00010000,0.27380000
2025-01-12 00:00:00.000,0.00010000,0.27750000
2025-01-12 08:00:00.000,0.00010000,0.27424808
2025-01-12 16:00:00.000,0.00010000,0.27819585
2025-01-13 00:00:00.000,0.00010000,0.27500000
2025-01-13 08:00:00.000,0.00009644,0.26365968
2025-01-13 16:00:00.000,0.00010000,0.25793633
2025-01-14 00:00:00.000,0.00010000,0.26421801
2025-01-14 08:00:00.000,0.00010000,0.26410000
2025-01-14 16:00:00.000,0.00010000,0.26947927
2025-01-15 00:00:00.000,0.00010000,0.27400000
2025-01-15 08:00:00.000,0.00010000,0.27660142
2025-01-15 16:00:00.000,0.00010000,0.28490000
2025-01-16 00:00:00.000,0.00010000,0.29510000
2025-01-16 08:00:00.000,0.00010000,0.28960000
2025-01-16 16:00:00.000,0.00010000,0.28837457
2025-01-17 00:00:00.004,0.00010000,0.28881383
2025-01-17 08:00:00.000,0.00010000,0.29500000
2025-01-17 16:00:00.008,0.00010000,0.30353631
2025-01-18 00:00:00.000,0.00010000,0.31154237
2025-01-18 08:00:00.007,0.00010000,0.28496626
2025-01-18 16:00:00.000,0.00010000,0.28400000
2025-01-19 00:00:00.000,0.00010000,0.28300000
2025-01-19 08:00:00.000,0.00010000,0.27183036
2025-01-19 16:00:00.000,0.00010000,0.27734741
2025-01-20 00:00:00.000,0.00010000,0.25800000
2025-01-20 08:00:00.009,0.00010000,0.26353166
2025-01-20 16:00:00.000,0.00010000,0.25374610
2025-01-21 00:00:00.000,0.00010000,0.24960000
2025-01-21 08:00:00.000,0.00010000,0.24407336
2025-01-21 16:00:00.000,0.00010000,0.25210000
2025-01-22 00:00:00.000,0.00010000,0.26145702
2025-01-22 08:00:00.000,0.00010000,0.26092829
2025-01-22 16:00:00.000,0.00010000,0.25791719
2025-01-23 00:00:00.001,0.00010000,0.25464804
2025-01-23 08:00:00.000,0.00010000,0.25044670
2025-01-23 16:00:00.000,0.00010000,0.25194841
2025-01-24 00:00:00.000,0.00010000,0.25262565
2025-01-24 08:00:00.000,0.00010000,0.25300000
2025-01-24 16:00:00.000,0.00010000,0.25419599
2025-01-25 00:00:00.000,0.00010000,0.24634058
2025-01-25 08:00:00.000,0.00010000,0.24690422
2025-01-25 16:00:00.001,0.00010000,0.24994405
2025-01-26 00:00:00.000,0.00010000,0.24690000
2025-01-26 08:00:00.000,0.00010000,0.25179800
2025-01-26 16:00:00.000,0.00010000,0.25370000
2025-01-27 00:00:00.000,0.00010000,0.24640000
2025-01-27 08:00:00.000,0.00010000,0.22530000
2025-01-27 16:00:00.000,0.00010000,0.23410000
2025-01-28 00:00:00.000,0.00010000,0.23731605
2025-01-28 08:00:00.000,0.00010000,0.23560000
2025-01-28 16:00:00.000,0.00010000,0.23290000
2025-01-29 00:00:00.000,0.00010000,0.22163193
2025-01-29 08:00:00.000,0.00010000,0.23109948
2025-01-29 16:00:00.000,0.00010000,0.22671447
2025-01-30 00:00:00.000,0.00010000,0.23380000
2025-01-30 08:00:00.000,0.00010000,0.23840000
2025-01-30 16:00:00.000,0.00010000,0.24610000
2025-01-31 00:00:00.000,0.00010000,0.24531900
2025-01-31 08:00:00.000,0.00010000,0.24718539
2025-01-31 16:00:00.000,0.00010000,0.25185491
2025-02-01 00:00:00.000,0.00010000,0.24260000
2025-02-01 08:00:00.000,0.00010000,0.24061064
2025-02-01 16:00:00.000,0.00010000,0.23437628
2025-02-02 00:00:00.001,0.00010000,0.22099991
2025-02-02 08:00:00.000,0.00010000,0.21520000
2025-02-02 16:00:00.000,0.00010000,0.21371952
2025-02-03 00:00:00.000,-0.00002167,0.18897413
2025-02-03 08:00:00.000,-0.00008913,0.16500685
2025-02-03 16:00:00.000,-0.00001518,0.17848342
2025-02-04 00:00:00.000,0.00010000,0.18917780
2025-02-04 08:00:00.001,-0.00008317,0.16630791
2025-02-04 16:00:00.000,0.00010000,0.17541077
2025-02-05 00:00:00.001,0.00010000,0.17540000
2025-02-05 08:00:00.001,0.00000754,0.17590000
2025-02-05 16:00:00.000,0.00010000,0.17431504
2025-02-06 00:00:00.001,0.00005580,0.17030000
2025-02-06 08:00:00.001,-0.00005163,0.17110000
2025-02-06 16:00:00.000,-0.00012233,0.15900000
2025-02-07 00:00:00.000,0.00002000,0.15967289
2025-02-07 08:00:00.000,-0.00005417,0.16065841
2025-02-07 16:00:00.000,0.00010000,0.16515395
2025-02-08 00:00:00.000,0.00010000,0.15830070
2025-02-08 08:00:00.000,0.00010000,0.16150000
2025-02-08 16:00:00.000,0.00010000,0.16215026
2025-02-09 00:00:00.000,0.00010000,0.16941537
2025-02-09 08:00:00.000,0.00010000,0.18192809
2025-02-09 16:00:00.000,-0.00008226,0.17292502
2025-02-10 00:00:00.000,0.00003441,0.17183618
2025-02-10 08:00:00.000,-0.00005419,0.17260000
2025-02-10 16:00:00.000,0.00010000,0.17491023
2025-02-11 00:00:00.000,0.00010000,0.17965734
2025-02-11 08:00:00.000,0.00010000,0.18400000
2025-02-11 16:00:00.000,0.00010000,0.17720000
2025-02-12 00:00:00.000,0.00010000,0.17469921
2025-02-12 08:00:00.000,0.00010000,0.17490000
2025-02-12 16:00:00.001,0.00010000,0.17570727
2025-02-13 00:00:00.001,0.00010000,0.18530000
2025-02-13 08:00:00.000,0.00010000,0.17860000
2025-02-13 16:00:00.001,0.00010000,0.17819420
2025-02-14 00:00:00.000,0.00010000,0.17990000
2025-02-14 08:00:00.001,0.00004675,0.17920000
2025-02-14 16:00:00.000,0.00010000,0.18310000
2025-02-15 00:00:00.000,0.00010000,0.18460000
2025-02-15 08:00:00.000,0.00010000,0.18111915
2025-02-15 16:00:00.000,0.00010000,0.17630000
2025-02-16 00:00:00.000,0.00010000,0.17580000
2025-02-16 08:00:00.000,0.00000191,0.17623327
2025-02-16 16:00:00.000,0.00009501,0.17810000
2025-02-17 00:00:00.000,0.00002444,0.17727835
2025-02-17 08:00:00.000,0.00010000,0.17647510
2025-02-17 16:00:00.000,0.00010000,0.17870000
2025-02-18 00:00:00.000,0.00006826,0.18050000
2025-02-18 08:00:00.000,-0.00003208,0.16720415
2025-02-18 16:00:00.000,0.00010000,0.16390000
2025-02-19 00:00:00.000,0.00009924,0.16770000
2025-02-19 08:00:00.000,0.00009774,0.16820238
2025-02-19 16:00:00.000,0.00010000,0.16920000
2025-02-20 00:00:00.000,0.00010000,0.17024269
2025-02-20 08:00:00.000,0.00010000,0.17350000
2025-02-20 16:00:00.000,0.00010000,0.17112100
2025-02-21 00:00:00.001,0.00010000,0.18189771
2025-02-21 08:00:00.000,0.00008548,0.18160000
2025-02-21 16:00:00.000,0.00006220,0.18110000
2025-02-22 00:00:00.000,0.00007232,0.17310000
2025-02-22 08:00:00.000,0.00010000,0.17478042
2025-02-22 16:00:00.000,0.00010000,0.17675358
2025-02-23 00:00:00.000,0.00010000,0.18440000
2025-02-23 08:00:00.000,0.00010000,0.18270000
2025-02-23 16:00:00.000,0.00000087,0.17211325
2025-02-24 00:00:00.000,0.00010000,0.17500000
2025-02-24 08:00:00.000,0.00002253,0.16853610
2025-02-24 16:00:00.000,-0.00000008,0.16491201
2025-02-25 00:00:00.000,-0.00006966,0.15414122
2025-02-25 08:00:00.000,0.00008591,0.14740902
2025-02-25 16:00:00.000,0.00008475,0.15390746
2025-02-26 00:00:00.000,0.00010000,0.15773081
2025-02-26 08:00:00.000,0.00007997,0.15910000
2025-02-26 16:00:00.000,-0.00001374,0.15950000
2025-02-27 00:00:00.001,0.00010000,0.15857205
2025-02-27 08:00:00.000,0.00010000,0.16240715
2025-02-27 16:00:00.000,0.00010000,0.16050000
2025-02-28 00:00:00.001,0.00010000,0.16193744
2025-02-28 08:00:00.000,0.00010000,0.14689926
2025-02-28 16:00:00.000,0.00010000,0.15770000
2025-03-01 00:00:00.000,0.00010000,0.15780000
2025-03-01 08:00:00.000,0.00000583,0.15511892
2025-03-01 16:00:00.001,0.00010000,0.15161446
2025-03-02 00:00:00.000,0.00010000,0.15480558
2025-03-02 08:00:00.000,0.00010000,0.15280000
2025-03-02 16:00:00.000,0.00010000,0.15793014
2025-03-03 00:00:00.001,0.00010000,0.17210000
2025-03-03 08:00:00.000,0.00010000,0.16270000
2025-03-03 16:00:00.000,0.00010000,0.15741856
2025-03-04 00:00:00.001,-0.00001460,0.14415491
2025-03-04 08:00:00.005,0.00010000,0.13580000
2025-03-04 16:00:00.000,-0.00001493,0.13200000
2025-03-05 00:00:00.000,0.00003965,0.13520000
2025-03-05 08:00:00.000,0.00006768,0.13553196
2025-03-05 16:00:00.000,-0.00012584,0.13503574
2025-03-06 00:00:00.000,0.00004325,0.13870456
2025-03-06 08:00:00.001,-0.00017224,0.13929715
2025-03-06 16:00:00.000,-0.00007110,0.13703755
2025-03-07 00:00:00.000,-0.00008572,0.13290000
2025-03-07 08:00:00.001,0.00010000,0.13420000
2025-03-07 16:00:00.000,0.00010000,0.13643267
2025-03-08 00:00:00.000,0.00001647,0.13160000
2025-03-08 08:00:00.001,0.00003858,0.12930000
2025-03-08 16:00:00.001,0.00009935,0.12788602
2025-03-09 00:00:00.001,0.00004592,0.12632219
2025-03-09 08:00:00.000,0.00010000,0.12470000
2025-03-09 16:00:00.000,-0.00003552,0.11910000
2025-03-10 00:00:00.000,-0.00012073,0.11120000
2025-03-10 08:00:00.000,0.00005714,0.11617367
2025-03-10 16:00:00.000,-0.00011569,0.11494298
2025-03-11 00:00:00.000,-0.00027896,0.10960000
2025-03-11 08:00:00.000,-0.00018127,0.11109819
2025-03-11 16:00:00.001,-0.00006534,0.11280000
2025-03-12 00:00:00.000,0.00007989,0.11330000
2025-03-12 08:00:00.000,0.00005189,0.11381877
2025-03-12 16:00:00.001,0.00007159,0.11348626
2025-03-13 00:00:00.000,0.00010000,0.11678566
2025-03-13 08:00:00.000,0.00004283,0.11432871
2025-03-13 16:00:00.000,0.00007111,0.11433815
2025-03-14 00:00:00.000,0.00010000,0.11440000
2025-03-14 08:00:00.000,0.00004529,0.11760000
2025-03-14 16:00:00.000,-0.00010917,0.12465453
2025-03-15 00:00:00.000,-0.00005846,0.12460000
2025-03-15 08:00:00.000,-0.00013229,0.12450000
2025-03-15 16:00:00.000,0.00010000,0.12600000
2025-03-16 00:00:00.000,0.00010000,0.13039198
2025-03-16 08:00:00.000,-0.00003212,0.12843189
2025-03-16 16:00:00.000,-0.00016153,0.12450000
2025-03-17 00:00:00.000,-0.00015216,0.12265739
2025-03-17 08:00:00.000,0.00010000,0.12573641
2025-03-17 16:00:00.000,0.00002567,0.12650140
2025-03-18 00:00:00.000,0.00010000,0.12897121
2025-03-18 08:00:00.000,0.00008703,0.12440000
2025-03-18 16:00:00.000,0.00010000,0.12030000
2025-03-19 00:00:00.000,0.00010000,0.12389873
2025-03-19 08:00:00.000,0.00010000,0.12410000
2025-03-19 16:00:00.000,0.00010000,0.12742553
2025-03-20 00:00:00.000,0.00010000,0.12720000
2025-03-20 08:00:00.000,0.00010000,0.12452342
2025-03-20 16:00:00.000,-0.00000873,0.12370000
2025-03-21 00:00:00.000,-0.00029304,0.12220000
2025-03-21 08:00:00.000,0.00004215,0.11990521
2025-03-21 16:00:00.000,0.00010000,0.11852365
2025-03-22 00:00:00.000,0.00010000,0.12130000
2025-03-22 08:00:00.004,0.00010000,0.12294469
2025-03-22 16:00:00.000,0.00010000,0.12350390
2025-03-23 00:00:00.000,0.00010000,0.12669366
2025-03-23 08:00:00.000,0.00010000,0.12729702
2025-03-23 16:00:00.000,0.00010000,0.12400000
2025-03-24 00:00:00.000,0.00010000,0.12420000
2025-03-24 08:00:00.000,0.00010000,0.13100000
2025-03-24 16:00:00.000,-0.00011993,0.13215641
2025-03-25 00:00:00.001,0.00010000,0.13433675
2025-03-25 08:00:00.000,0.00007986,0.13055028
2025-03-25 16:00:00.000,0.00010000,0.13079700
2025-03-26 00:00:00.000,0.00010000,0.13213384
2025-03-26 08:00:00.000,0.00010000,0.13317478
2025-03-26 16:00:00.001,-0.00010129,0.12915576
2025-03-27 00:00:00.001,0.00010000,0.12770000
2025-03-27 08:00:00.001,0.00010000,0.12992147
2025-03-27 16:00:00.002,0.00008261,0.12978478
2025-03-28 00:00:00.001,-0.00002128,0.13198361
2025-03-28 08:00:00.001,-0.00027048,0.12100000
2025-03-28 16:00:00.000,0.00001332,0.11812774
2025-03-29 00:00:00.000,0.00010000,0.11950000
2025-03-29 08:00:00.000,-0.00022623,0.11250000
2025-03-29 16:00:00.000,-0.00020638,0.11000000
2025-03-30 00:00:00.000,-0.00012513,0.11030000
2025-03-30 08:00:00.000,-0.00000981,0.11637704
2025-03-30 16:00:00.000,-0.00013253,0.11410000
2025-03-31 00:00:00.000,-0.00005214,0.11300000
2025-03-31 08:00:00.000,-0.00007347,0.11187132
2025-03-31 16:00:00.000,-0.00011304,0.11244380
2025-04-01 00:00:00.000,0.00010000,0.11136442
2025-04-01 08:00:00.001,0.00007381,0.11440000
2025-04-01 16:00:00.000,0.00010000,0.11600000
2025-04-02 00:00:00.001,-0.00025929,0.11313672
2025-04-02 08:00:00.000,-0.00018399,0.10890000
2025-04-02 16:00:00.000,0.00010000,0.11210000
2025-04-03 00:00:00.000,-0.00002881,0.10310000
2025-04-03 08:00:00.000,-0.00004841,0.10369643
2025-04-03 16:00:00.000,0.00010000,0.09780000
2025-04-04 00:00:00.000,0.00010000,0.10055754
2025-04-04 08:00:00.000,0.00010000,0.10120000
2025-04-04 16:00:00.000,0.00007328,0.09910000
2025-04-05 00:00:00.000,0.00010000,0.09963150
2025-04-05 08:00:00.000,0.00010000,0.10010000
2025-04-05 16:00:00.000,-0.00001671,0.09756506
2025-04-06 00:00:00.000,-0.00002108,0.09870000
2025-04-06 08:00:00.000,-0.00011055,0.09814374
2025-04-06 16:00:00.002,-0.00006602,0.09320000
2025-04-07 00:00:00.000,0.00010000,0.08592888
2025-04-07 08:00:00.000,-0.00008444,0.08200000
2025-04-07 16:00:00.000,-0.00008420,0.08980000
2025-04-08 00:00:00.000,0.00000851,0.08991263
2025-04-08 08:00:00.000,-0.00038111,0.08984516
2025-04-08 16:00:00.000,0.00003633,0.08970000
2025-04-09 00:00:00.000,0.00010000,0.08511044
2025-04-09 08:00:00.001,0.00009868,0.08814508
2025-04-09 16:00:00.000,0.00010000,0.08823117
2025-04-10 00:00:00.000,0.00010000,0.09551899
2025-04-10 08:00:00.000,0.00010000,0.09405926
2025-04-10 16:00:00.000,0.00006094,0.09055188
2025-04-11 00:00:00.001,0.00010000,0.09380000
2025-04-11 08:00:00.000,-0.00000822,0.09505879
2025-04-11 16:00:00.000,0.00010000,0.09740000
2025-04-12 00:00:00.000,0.00010000,0.09730000
2025-04-12 08:00:00.001,0.00010000,0.09720000
2025-04-12 16:00:00.000,0.00010000,0.10318243
2025-04-13 00:00:00.000,-0.00007740,0.10440000
2025-04-13 08:00:00.000,0.00010000,0.10186344
2025-04-13 16:00:00.000,0.00010000,0.09990000
2025-04-14 00:00:00.000,-0.00012608,0.09920759
2025-04-14 08:00:00.000,-0.00020100,0.10001919
2025-04-14 16:00:00.000,0.00008658,0.09792588
2025-04-15 00:00:00.000,0.00010000,0.09921623
2025-04-15 08:00:00.000,0.00010000,0.09985711
2025-04-15 16:00:00.001,0.00010000,0.09982156
2025-04-16 00:00:00.000,0.00010000,0.09750416
2025-04-16 08:00:00.000,0.00005856,0.09669116
2025-04-16 16:00:00.000,-0.00010912,0.09647020
2025-04-17 00:00:00.001,-0.00005825,0.09533913
2025-04-17 08:00:00.000,0.00010000,0.09700000
2025-04-17 16:00:00.001,0.00003207,0.09731468
2025-04-18 00:00:00.000,0.00010000,0.09900000
2025-04-18 08:00:00.000,0.00006486,0.10236934
2025-04-18 16:00:00.000,0.00009735,0.10261468
2025-04-19 00:00:00.000,0.00010000,0.10339986
2025-04-19 08:00:00.000,0.00010000,0.10530000
2025-04-19 16:00:00.000,-0.00012045,0.10894651
2025-04-20 00:00:00.000,0.00010000,0.11072794
2025-04-20 08:00:00.000,0.00010000,0.10930000
2025-04-20 16:00:00.000,0.00010000,0.10910000
2025-04-21 00:00:00.000,0.00010000,0.11150000
2025-04-21 08:00:00.005,0.00010000,0.11467395
2025-04-21 16:00:00.003,0.00010000,0.11502595
2025-04-22 00:00:00.008,-0.00000536,0.11270000
2025-04-22 08:00:00.000,-0.00007572,0.11330000
2025-04-22 16:00:00.000,0.00006031,0.11638290
2025-04-23 00:00:00.000,-0.00000220,0.11930000
2025-04-23 08:00:00.002,0.00008943,0.12267047
2025-04-23 16:00:00.000,0.00010000,0.12189180
2025-04-24 00:00:00.000,0.00010000,0.12207522
2025-04-24 08:00:00.001,0.00010000,0.12071132
2025-04-24 16:00:00.001,0.00010000,0.12334390
2025-04-25 00:00:00.007,0.00010000,0.12720000
2025-04-25 08:00:00.002,0.00010000,0.13332602
2025-04-25 16:00:00.003,0.00010000,0.13290000
2025-04-26 00:00:00.002,0.00010000,0.13180000
2025-04-26 08:00:00.000,0.00010000,0.14220000
2025-04-26 16:00:00.002,0.00008563,0.14022454
2025-04-27 00:00:00.001,0.00010000,0.14080000
2025-04-27 08:00:00.000,0.00005246,0.13360163
2025-04-27 16:00:00.000,0.00010000,0.13070000
2025-04-28 00:00:00.001,0.00010000,0.13373834
2025-04-28 08:00:00.003,0.00010000,0.13904205
2025-04-28 16:00:00.005,0.00010000,0.13154342
2025-04-29 00:00:00.000,0.00010000,0.13590000
2025-04-29 08:00:00.000,0.00010000,0.13696035
2025-04-29 16:00:00.010,0.00010000,0.13465698
2025-04-30 00:00:00.001,0.00010000,0.13085381
2025-04-30 08:00:00.000,0.00010000,0.13660000
2025-04-30 16:00:00.003,0.00010000,0.13371608
2025-05-01 00:00:00.000,0.00010000,0.13356552
2025-05-01 08:00:00.000,0.00010000,0.13608391
2025-05-01 16:00:00.001,0.00010000,0.13440000
2025-05-02 00:00:00.000,0.00010000,0.13265710
2025-05-02 08:00:00.000,0.00004859,0.13270000
2025-05-02 16:00:00.003,0.00010000,0.13160000
2025-05-03 00:00:00.000,-0.00008000,0.12902164
2025-05-03 08:00:00.000,0.00010000,0.12540501
2025-05-03 16:00:00.000,0.00010000,0.12067561
2025-05-04 00:00:00.001,0.00003503,0.11745435
2025-05-04 08:00:00.001,0.00000827,0.11610000
2025-05-04 16:00:00.002,0.00010000,0.11684571
2025-05-05 00:00:00.000,0.00010000,0.11483185
2025-05-05 08:00:00.000,0.00010000,0.11810000
2025-05-05 16:00:00.006,0.00010000,0.11545610
2025-05-06 00:00:00.002,0.00010000,0.11750000
2025-05-06 08:00:00.005,0.00009668,0.11681890
2025-05-06 16:00:00.000,0.00010000,0.11230679
2025-05-07 00:00:00.002,0.00010000,0.11850000
2025-05-07 08:00:00.000,-0.00014813,0.11728656
2025-05-07 16:00:00.006,-0.00006473,0.11570000
2025-05-08 00:00:00.000,0.00010000,0.11657244
2025-05-08 08:00:00.001,0.00010000,0.12550000
2025-05-08 16:00:00.002,0.00010000,0.13150000
2025-05-09 00:00:00.001,0.00010000,0.13730000
2025-05-09 08:00:00.006,0.00010000,0.14065843
2025-05-09 16:00:00.000,0.00010000,0.13958349
2025-05-10 00:00:00.001,0.00010000,0.14170780
2025-05-10 08:00:00.000,0.00010000,0.14980891
2025-05-10 16:00:00.001,0.00010000,0.14527726
2025-05-11 00:00:00.000,0.00010000,0.15330000
2025-05-11 08:00:00.001,0.00010000,0.14500000
2025-05-11 16:00:00.001,0.00010000,0.14517569
2025-05-12 00:00:00.004,0.00010000,0.14650350
2025-05-12 08:00:00.000,0.00010000,0.15123030
2025-05-12 16:00:00.000,0.00010000,0.14298843
2025-05-13 00:00:00.000,0.00010000,0.14505756
2025-05-13 08:00:00.008,0.00010000,0.14030000
2025-05-13 16:00:00.001,0.00010000,0.14455123
2025-05-14 00:00:00.007,0.00010000,0.14943253
2025-05-14 08:00:00.000,0.00010000,0.15050000
2025-05-14 16:00:00.002,0.00010000,0.14486542
2025-05-15 00:00:00.000,0.00010000,0.14327212
2025-05-15 08:00:00.003,0.00010000,0.13100000
2025-05-15 16:00:00.000,0.00010000,0.13340000
2025-05-16 00:00:00.001,0.00010000,0.12896105
2025-05-16 08:00:00.000,0.00010000,0.13001127
2025-05-16 16:00:00.000,0.00010000,0.12890000
2025-05-17 00:00:00.000,0.00010000,0.12520000
2025-05-17 08:00:00.001,0.00010000,0.11991737
2025-05-17 16:00:00.004,0.00010000,0.11860000
2025-05-18 00:00:00.000,0.00010000,0.11790000
2025-05-18 08:00:00.000,0.00010000,0.12277473
2025-05-18 16:00:00.000,0.00010000,0.13243160
2025-05-19 00:00:00.000,0.00010000,0.13402865
2025-05-19 08:00:00.006,0.00010000,0.12360000
2025-05-19 16:00:00.010,0.00005031,0.12292959
2025-05-20 00:00:00.000,0.00010000,0.12260000
2025-05-20 08:00:00.002,0.00010000,0.11939377
2025-05-20 16:00:00.000,0.00010000,0.11808693
2025-05-21 00:00:00.000,0.00010000,0.12153773
2025-05-21 08:00:00.001,0.00010000,0.11950415
2025-05-21 16:00:00.004,0.00010000,0.12142433
2025-05-22 00:00:00.001,0.00010000,0.12100000
2025-05-22 08:00:00.000,0.00010000,0.12610599
2025-05-22 16:00:00.002,0.00010000,0.13180580
2025-05-23 00:00:00.006,0.00010000,0.13183460
2025-05-23 08:00:00.000,0.00010000,0.13024513
2025-05-23 16:00:00.007,0.00010000,0.12520000
2025-05-24 00:00:00.010,0.00010000,0.11830000
2025-05-24 08:00:00.000,0.00010000,0.11840762
2025-05-24 16:00:00.003,0.00010000,0.11856439
2025-05-25 00:00:00.004,-0.00000628,0.11412344
2025-05-25 08:00:00.000,0.00010000,0.11136687
2025-05-25 16:00:00.000,-0.00005245,0.10983571
2025-05-26 00:00:00.000,0.00010000,0.11381198
2025-05-26 08:00:00.000,0.00010000,0.11560000
2025-05-26 16:00:00.002,0.00007812,0.11150000
2025-05-27 00:00:00.003,-0.00012213,0.11050000
2025-05-27 08:00:00.001,0.00008353,0.11270000
2025-05-27 16:00:00.005,0.00010000,0.11344386
2025-05-28 00:00:00.002,0.00010000,0.11703655
2025-05-28 08:00:00.003,-0.00033495,0.11717871
2025-05-28 16:00:00.002,0.00010000,0.11356092
2025-05-29 00:00:00.000,0.00010000,0.11537164
2025-05-29 08:00:00.006,0.00005675,0.11880000
2025-05-29 16:00:00.000,0.00005573,0.11414970
2025-05-30 00:00:00.003,0.00010000,0.11270000
2025-05-30 08:00:00.003,-0.00021616,0.10800000
2025-05-30 16:00:00.000,0.00010000,0.10745098
2025-05-31 00:00:00.000,-0.00009418,0.09964340
2025-05-31 08:00:00.000,0.00008332,0.09750000
2025-05-31 16:00:00.000,0.00010000,0.10160000
2025-06-01 00:00:00.001,0.00010000,0.10190000
2025-06-01 08:00:00.002,0.00010000,0.10100000
2025-06-01 16:00:00.000,0.00010000,0.10296950
2025-06-02 00:00:00.001,-0.00012377,0.10500000
2025-06-02 08:00:00.000,0.00007923,0.10474748
2025-06-02 16:00:00.000,0.00010000,0.10334185
2025-06-03 00:00:00.000,0.00010000,0.10730000
2025-06-03 08:00:00.000,0.00004952,0.10697020
2025-06-03 16:00:00.001,0.00010000,0.10880000
2025-06-04 00:00:00.000,-0.00005795,0.10573406
2025-06-04 08:00:00.000,-0.00003688,0.10564317
2025-06-04 16:00:00.000,-0.00002396,0.10417579
2025-06-05 00:00:00.016,-0.00016122,0.10051076
2025-06-05 08:00:00.000,0.00010000,0.10293090
2025-06-05 16:00:00.000,0.00003544,0.10074581
2025-06-06 00:00:00.002,0.00004637,0.09120000
2025-06-06 08:00:00.000,0.00010000,0.09525077
2025-06-06 16:00:00.006,0.00010000,0.09817263
2025-06-07 00:00:00.000,0.00010000,0.09480000
2025-06-07 08:00:00.000,0.00010000,0.09710000
2025-06-07 16:00:00.002,0.00010000,0.09906450
2025-06-08 00:00:00.000,0.00010000,0.09821352
2025-06-08 08:00:00.000,0.00002747,0.09610000
2025-06-08 16:00:00.000,-0.00035372,0.09993332
2025-06-09 00:00:00.000,0.00010000,0.09980000
2025-06-09 08:00:00.001,-0.00016507,0.10010000
2025-06-09 16:00:00.001,-0.00041365,0.10240455
2025-06-10 00:00:00.000,-0.00005621,0.10749681
2025-06-10 08:00:00.001,-0.00004567,0.10614300
2025-06-10 16:00:00.003,0.00010000,0.10850257
2025-06-11 00:00:00.000,0.00010000,0.11120530
2025-06-11 08:00:00.000,0.00010000,0.11282551
2025-06-11 16:00:00.010,0.00010000,0.11360484
2025-06-12 00:00:00.002,-0.00003950,0.10943794
2025-06-12 08:00:00.003,0.00006358,0.10331706
2025-06-12 16:00:00.001,0.00010000,0.10053539
2025-06-13 00:00:00.000,0.00010000,0.09623522
2025-06-13 08:00:00.001,0.00010000,0.08950000
2025-06-13 16:00:00.004,0.00007611,0.09130000
2025-06-14 00:00:00.000,0.00010000,0.09381977
2025-06-14 08:00:00.000,0.00010000,0.09371848
2025-06-14 16:00:00.000,0.00002318,0.09280000
2025-06-15 00:00:00.005,0.00010000,0.09507485
2025-06-15 08:00:00.009,0.00010000,0.09278252
2025-06-15 16:00:00.000,0.00010000,0.09315340
2025-06-16 00:00:00.000,0.00010000,0.09428880
2025-06-16 08:00:00.000,0.00010000,0.09816177
2025-06-16 16:00:00.003,0.00010000,0.09919269
2025-06-17 00:00:00.000,0.00010000,0.09402982
2025-06-17 08:00:00.006,0.00010000,0.09538076
2025-06-17 16:00:00.001,0.00010000,0.09298879
2025-06-18 00:00:00.001,0.00010000,0.09080000
2025-06-18 08:00:00.001,0.00010000,0.09190000
2025-06-18 16:00:00.001,0.00010000,0.09136182
2025-06-19 00:00:00.005,-0.00001312,0.09410000
2025-06-19 08:00:00.003,0.00010000,0.09290563
2025-06-19 16:00:00.000,-0.00019745,0.09080272
2025-06-20 00:00:00.000,0.00010000,0.09215008
2025-06-20 08:00:00.002,0.00010000,0.09410000
2025-06-20 16:00:00.001,0.00008636,0.09176086
2025-06-21 00:00:00.002,0.00010000,0.08960000
2025-06-21 08:00:00.005,0.00010000,0.09070000
2025-06-21 16:00:00.000,0.00010000,0.08894305
2025-06-22 00:00:00.005,0.00010000,0.08573806
2025-06-22 08:00:00.000,0.00010000,0.08461787
2025-06-22 16:00:00.003,0.00010000,0.07992386
2025-06-23 00:00:00.000,0.00010000,0.08204202
2025-06-23 08:00:00.004,0.00010000,0.08411441
2025-06-23 16:00:00.013,-0.00024645,0.08220000
2025-06-24 00:00:00.003,0.00010000,0.09350000
2025-06-24 08:00:00.000,-0.00009758,0.09494039
2025-06-24 16:00:00.000,0.00007053,0.09454807
2025-06-25 00:00:00.005,0.00010000,0.09570000
2025-06-25 08:00:00.000,-0.00043708,0.09469510
2025-06-25 16:00:00.005,0.00008669,0.09090000
2025-06-26 00:00:00.000,0.00006092,0.09120000
2025-06-26 08:00:00.006,0.00010000,0.09270000
2025-06-26 16:00:00.007,-0.00018001,0.08814183
2025-06-27 00:00:00.000,0.00010000,0.08879188
2025-06-27 08:00:00.000,-0.00019566,0.08960000
2025-06-27 16:00:00.009,0.00010000,0.09110000
2025-06-28 00:00:00.001,0.00010000,0.08980000
2025-06-28 08:00:00.002,0.00007123,0.08879887
2025-06-28 16:00:00.000,0.00010000,0.09030000
2025-06-29 00:00:00.004,0.00010000,0.09237465
2025-06-29 08:00:00.001,0.00005403,0.09259257
2025-06-29 16:00:00.001,0.00010000,0.09170000
2025-06-30 00:00:00.000,0.00010000,0.09693327
2025-06-30 08:00:00.005,0.00009288,0.09404414
2025-06-30 16:00:00.002,-0.00008560,0.09110261
2025-07-01 00:00:00.007,0.00010000,0.09216133
2025-07-01 08:00:00.002,0.00010000,0.08900000
2025-07-01 16:00:00.000,0.00010000,0.08832147
2025-07-02 00:00:00.001,0.00010000,0.08703827
2025-07-02 08:00:00.000,0.00010000,0.08911475
2025-07-02 16:00:00.003,0.00010000,0.09240000
2025-07-03 00:00:00.006,0.00010000,0.09530000
2025-07-03 08:00:00.003,0.00010000,0.09725170
2025-07-03 16:00:00.003,0.00010000,0.09382045
2025-07-04 00:00:00.005,0.00010000,0.09412794
2025-07-04 08:00:00.003,0.00006166,0.08853778
2025-07-04 16:00:00.001,0.00010000,0.08820000
2025-07-05 00:00:00.004,-0.00080152,0.08751549
2025-07-05 08:00:00.009,0.00010000,0.08993576
2025-07-05 16:00:00.006,0.00010000,0.08959822
2025-07-06 00:00:00.001,0.00010000,0.08900000
2025-07-06 08:00:00.002,0.00010000,0.08923155
2025-07-06 16:00:00.004,0.00010000,0.09194980
2025-07-07 00:00:00.000,-0.00005032,0.09150000
2025-07-07 08:00:00.007,0.00010000,0.09209888
2025-07-07 16:00:00.000,0.00010000,0.09134414
2025-07-08 00:00:00.010,-0.00065497,0.09047343
2025-07-08 08:00:00.003,0.00010000,0.09192809
2025-07-08 16:00:00.000,0.00010000,0.09076761
2025-07-09 00:00:00.002,0.00010000,0.09230248
2025-07-09 08:00:00.006,0.00010000,0.09535198
2025-07-09 16:00:00.001,0.00010000,0.09470000
2025-07-10 00:00:00.003,0.00010000,0.09809489
2025-07-10 08:00:00.000,0.00010000,0.09786550
2025-07-10 16:00:00.004,0.00010000,0.09730115
2025-07-11 00:00:00.004,0.00010000,0.10493678
2025-07-11 08:00:00.007,0.00010000,0.10754717
2025-07-11 16:00:00.001,0.00010000,0.10710000
2025-07-12 00:00:00.000,0.00010000,0.10600000
2025-07-12 08:00:00.001,0.00010000,0.10702978
2025-07-12 16:00:00.002,0.00010000,0.10201759
2025-07-13 00:00:00.006,0.00010000,0.10452057
2025-07-13 08:00:00.001,0.00010000,0.10612920
2025-07-13 16:00:00.003,0.00010000,0.10770000
2025-07-14 00:00:00.000,0.00010000,0.10502456
2025-07-14 08:00:00.000,0.00010000,0.10860689
2025-07-14 16:00:00.000,0.00010000,0.10524433
2025-07-15 00:00:00.002,0.00010000,0.10376003
2025-07-15 08:00:00.000,0.00010000,0.10125963
2025-07-15 16:00:00.000,0.00010000,0.10631635
2025-07-16 00:00:00.000,0.00010000,0.11230000
2025-07-16 08:00:00.000,0.00010000,0.11185452
2025-07-16 16:00:00.008,0.00010000,0.11147621
2025-07-17 00:00:00.003,0.00010000,0.11134767
2025-07-17 08:00:00.000,0.00010000,0.11280000
2025-07-17 16:00:00.000,0.00010000,0.11066751
2025-07-18 00:00:00.004,0.00010000,0.11140000
2025-07-18 08:00:00.000,0.00010000,0.11520000
2025-07-18 16:00:00.000,0.00012748,0.11274890
2025-07-19 00:00:00.009,0.00010000,0.11105045
2025-07-19 08:00:00.000,0.00010000,0.11110000
2025-07-19 16:00:00.002,0.00010000,0.10910564
2025-07-20 00:00:00.000,0.00011123,0.11185335
2025-07-20 08:00:00.000,0.00010000,0.11435046
2025-07-20 16:00:00.000,0.00010000,0.11800000
2025-07-21 00:00:00.001,0.00010000,0.11600054
2025-07-21 08:00:00.000,0.00010000,0.11879261
2025-07-21 16:00:00.001,0.00010000,0.11756178
2025-07-22 00:00:00.000,0.00014394,0.11695849
2025-07-22 08:00:00.010,0.00010000,0.11370997
2025-07-22 16:00:00.007,0.00010000,0.11810000
2025-07-23 00:00:00.000,0.00026560,0.11996042
2025-07-23 08:00:00.004,0.00010000,0.11740000
2025-07-23 16:00:00.002,0.00010000,0.11214833
2025-07-24 00:00:00.000,0.00010000,0.10845481
2025-07-24 08:00:00.001,0.00010000,0.10430000
2025-07-24 16:00:00.000,0.00010000,0.10910000
2025-07-25 00:00:00.000,0.00010000,0.11301073
2025-07-25 08:00:00.000,0.00010000,0.11753193
2025-07-25 16:00:00.000,0.00010000,0.10909571
2025-07-26 00:00:00.001,0.00010000,0.11270000
2025-07-26 08:00:00.005,0.00010000,0.11370000
2025-07-26 16:00:00.001,0.00010000,0.11599034
2025-07-27 00:00:00.001,0.00010000,0.11574773
2025-07-27 08:00:00.000,0.00010000,0.12210000
2025-07-27 16:00:00.008,0.00010000,0.12125740
2025-07-28 00:00:00.005,0.00010000,0.12298843
2025-07-28 08:00:00.000,0.00010000,0.12735939
2025-07-28 16:00:00.000,0.00010000,0.12082151
2025-07-29 00:00:00.001,0.00010000,0.11450000
2025-07-29 08:00:00.000,0.00010000,0.11770000
2025-07-29 16:00:00.000,0.00010000,0.11200919
2025-07-30 00:00:00.011,0.00010000,0.11185304
2025-07-30 08:00:00.000,0.00010000,0.10930000
2025-07-30 16:00:00.008,0.00010000,0.10710000
2025-07-31 00:00:00.000,0.00010000,0.10760000
2025-07-31 08:00:00.009,0.00010000,0.10870384
2025-07-31 16:00:00.000,0.00010000,0.10400000
2025-08-01 00:00:00.001,0.00010000,0.10020000
2025-08-01 08:00:00.003,-0.00019797,0.09860000
2025-08-01 16:00:00.000,0.00004038,0.10050000
2025-08-02 00:00:00.004,0.00010000,0.09801395
2025-08-02 08:00:00.000,0.00010000,0.09830000
2025-08-02 16:00:00.000,0.00010000,0.09540000
2025-08-03 00:00:00.000,0.00010000,0.09431136
2025-08-03 08:00:00.000,0.00010000,0.09635077
2025-08-03 16:00:00.003,0.00010000,0.09840000
2025-08-04 00:00:00.004,0.00010000,0.09896141
2025-08-04 08:00:00.000,-0.00000338,0.10171305
2025-08-04 16:00:00.002,0.00010000,0.10090000
2025-08-05 00:00:00.000,-0.00005780,0.10525834
2025-08-05 08:00:00.000,-0.00001109,0.10889929
2025-08-05 16:00:00.000,-0.00019418,0.10896659
2025-08-06 00:00:00.005,0.00010000,0.10844636
2025-08-06 08:00:00.000,0.00010000,0.10840000
2025-08-06 16:00:00.000,0.00010000,0.10630023
2025-08-07 00:00:00.003,0.00006316,0.10511133
2025-08-07 08:00:00.002,0.00010000,0.10435040
2025-08-07 16:00:00.002,0.00010000,0.10680000
2025-08-08 00:00:00.002,0.00010000,0.10930000
2025-08-08 08:00:00.004,0.00010000,0.10800000
2025-08-08 16:00:00.000,0.00010000,0.10739137
2025-08-09 00:00:00.005,0.00010000,0.10970000
2025-08-09 08:00:00.000,0.00010000,0.11810000
2025-08-09 16:00:00.007,0.00010000,0.11940000
2025-08-10 00:00:00.003,0.00010000,0.11808583
2025-08-10 08:00:00.005,0.00010000,0.12400000
2025-08-10 16:00:00.002,0.00010000,0.12361084
2025-08-11 00:00:00.000,0.00010000,0.11831913
2025-08-11 08:00:00.000,0.00010000,0.11796609
2025-08-11 16:00:00.000,0.00010000,0.11441605
2025-08-12 00:00:00.000,0.00010000,0.11050000
2025-08-12 08:00:00.001,0.00010000,0.11075784
2025-08-12 16:00:00.005,0.00010000,0.11650000
2025-08-13 00:00:00.000,0.00010000,0.11680000
2025-08-13 08:00:00.002,0.00002781,0.11825460
2025-08-13 16:00:00.006,0.00010000,0.12010000
2025-08-14 00:00:00.002,0.00010000,0.12082252
2025-08-14 08:00:00.003,0.00010000,0.11890000
2025-08-14 16:00:00.000,-0.00007916,0.11270959
2025-08-15 00:00:00.000,-0.00001195,0.10865239
2025-08-15 08:00:00.000,0.00010000,0.11040428
2025-08-15 16:00:00.000,0.00010000,0.10424804
2025-08-16 00:00:00.004,0.00010000,0.10658401
2025-08-16 08:00:00.000,0.00010000,0.10700000
2025-08-16 16:00:00.002,0.00010000,0.10951231
2025-08-17 00:00:00.000,0.00010000,0.10899609
2025-08-17 08:00:00.001,0.00010000,0.10941121
2025-08-17 16:00:00.007,0.00010000,0.11181953
2025-08-18 00:00:00.000,0.00010000,0.10753584
2025-08-18 08:00:00.001,0.00000322,0.10280000
2025-08-18 16:00:00.002,0.00010000,0.10484233
2025-08-19 00:00:00.000,-0.00008742,0.10550000
2025-08-19 08:00:00.001,0.00010000,0.10468244
2025-08-19 16:00:00.000,0.00010000,0.10570000
2025-08-20 00:00:00.000,0.00010000,0.10176866
2025-08-20 08:00:00.000,0.00010000,0.10531354
2025-08-20 16:00:00.000,0.00010000,0.10655214
2025-08-21 00:00:00.006,0.00010000,0.10866271
2025-08-21 08:00:00.000,0.00010000,0.10720000
2025-08-21 16:00:00.003,0.00010000,0.10403217
2025-08-22 00:00:00.010,0.00010000,0.10454678
2025-08-22 08:00:00.007,0.00010000,0.10560000
2025-08-22 16:00:00.001,0.00010000,0.11396732
2025-08-23 00:00:00.004,0.00010000,0.11654656
2025-08-23 08:00:00.006,0.00010000,0.11395720
2025-08-23 16:00:00.000,0.00010000,0.11399645
2025-08-24 00:00:00.001,0.00010000,0.11394971
2025-08-24 08:00:00.002,0.00010000,0.11073014
2025-08-24 16:00:00.001,0.00010000,0.11010000
2025-08-25 00:00:00.000,0.00010000,0.11110000
2025-08-25 08:00:00.002,0.00010000,0.10595000
2025-08-25 16:00:00.002,0.00010000,0.10554000
2025-08-26 00:00:00.000,0.00010000,0.10075855
2025-08-26 08:00:00.000,0.00010000,0.10343000
2025-08-26 16:00:00.000,0.00005114,0.10410835
2025-08-27 00:00:00.003,0.00010000,0.10610935
2025-08-27 08:00:00.000,0.00010000,0.10465000
2025-08-27 16:00:00.009,-0.00039953,0.11855000
2025-08-28 00:00:00.000,-0.00063366,0.12003416
2025-08-28 08:00:00.005,0.00003931,0.11988000
2025-08-28 16:00:00.004,0.00010000,0.12119000
2025-08-29 00:00:00.000,0.00010000,0.11882912
2025-08-29 08:00:00.000,0.00010000,0.11179730
2025-08-29 16:00:00.005,0.00010000,0.10931521
2025-08-30 00:00:00.000,0.00010000,0.11067000
2025-08-30 08:00:00.002,0.00010000,0.10986000
2025-08-30 16:00:00.003,0.00010000,0.10800000
2025-08-31 00:00:00.016,0.00010000,0.10720493
2025-08-31 08:00:00.000,0.00010000,0.11191776
2025-08-31 16:00:00.001,0.00005635,0.10819267
2025-09-01 00:00:00.000,-0.00011600,0.10551317
2025-09-01 08:00:00.000,0.00010000,0.10450917
2025-09-01 16:00:00.001,0.00000175,0.10021490
2025-09-02 00:00:00.000,0.00001476,0.09851000
2025-09-02 08:00:00.005,0.00010000,0.10121448
2025-09-02 16:00:00.007,0.00010000,0.09607466
2025-09-03 00:00:00.006,0.00010000,0.09719053
2025-09-03 08:00:00.002,0.00010000,0.09695488
2025-09-03 16:00:00.002,0.00010000,0.09819000
2025-09-04 00:00:00.002,0.00010000,0.09759816
2025-09-04 08:00:00.000,0.00010000,0.09326000
2025-09-04 16:00:00.000,0.00010000,0.09230000
2025-09-05 00:00:00.001,0.00010000,0.09336000
2025-09-05 08:00:00.006,0.00010000,0.09672134
2025-09-05 16:00:00.000,0.00010000,0.09462238
2025-09-06 00:00:00.000,0.00010000,0.09485000
2025-09-06 08:00:00.005,0.00010000,0.09444800
2025-09-06 16:00:00.000,0.00001793,0.09469835
2025-09-07 00:00:00.000,0.00010000,0.09418000
2025-09-07 08:00:00.000,0.00010000,0.09566000
2025-09-07 16:00:00.000,0.00010000,0.09653000
2025-09-08 00:00:00.007,0.00010000,0.09666000
2025-09-08 08:00:00.000,0.00010000,0.09712000
2025-09-08 16:00:00.000,0.00010000,0.09850589
2025-09-09 00:00:00.000,0.00010000,0.09812000
2025-09-09 08:00:00.000,0.00010000,0.09962024
2025-09-09 16:00:00.000,0.00010000,0.09536046
2025-09-10 00:00:00.000,0.00010000,0.09693800
2025-09-10 08:00:00.002,0.00010000,0.09887824
2025-09-10 16:00:00.000,0.00010000,0.10111000
2025-09-11 00:00:00.000,0.00010000,0.10108000
2025-09-11 08:00:00.000,0.00010000,0.10275261
2025-09-11 16:00:00.001,0.00010000,0.09947731
2025-09-12 00:00:00.002,0.00010000,0.10213000
2025-09-12 08:00:00.001,0.00010000,0.10196168
2025-09-12 16:00:00.005,0.00010000,0.10189875
2025-09-13 00:00:00.005,0.00010000,0.10522308
2025-09-13 08:00:00.002,0.00010000,0.10621000
2025-09-13 16:00:00.000,0.00010000,0.10638165
2025-09-14 00:00:00.006,0.00010000,0.10693875
2025-09-14 08:00:00.000,0.00010000,0.10584000
2025-09-14 16:00:00.001,0.00010000,0.10146902
2025-09-15 00:00:00.006,0.00010000,0.10147843
2025-09-15 08:00:00.002,0.00010000,0.09981134
2025-09-15 16:00:00.001,0.00010000,0.09726151
2025-09-16 00:00:00.001,0.00010000,0.09770200
2025-09-16 08:00:00.000,0.00010000,0.09837000
2025-09-16 16:00:00.000,0.00010000,0.09959847
2025-09-17 00:00:00.001,0.00010000,0.09946931
2025-09-17 08:00:00.000,0.00010000,0.10012164
2025-09-17 16:00:00.003,0.00010000,0.09772144
2025-09-18 00:00:00.006,0.00010000,0.10334577
2025-09-18 08:00:00.002,0.00010000,0.10428323
2025-09-18 16:00:00.000,0.00010000,0.10468000
2025-09-19 00:00:00.000,0.00010000,0.10437000
2025-09-19 08:00:00.005,0.00010000,0.10285000
2025-09-19 16:00:00.000,0.00010000,0.09882498
2025-09-20 00:00:00.000,0.00010000,0.09817518
2025-09-20 08:00:00.000,0.00010000,0.09944208
2025-09-20 16:00:00.002,0.00010000,0.10208969
2025-09-21 00:00:00.000,0.00010000,0.10190000
2025-09-21 08:00:00.000,0.00010000,0.10555812
2025-09-21 16:00:00.000,0.00010000,0.10403943
2025-09-22 00:00:00.005,0.00010000,0.10253000
2025-09-22 08:00:00.003,0.00003988,0.09236939
2025-09-22 16:00:00.000,0.00010000,0.09144000
2025-09-23 00:00:00.000,0.00010000,0.09377000
2025-09-23 08:00:00.001,0.00010000,0.09354989
2025-09-23 16:00:00.000,0.00010000,0.09337000
2025-09-24 00:00:00.003,0.00010000,0.09160000
2025-09-24 08:00:00.001,0.00010000,0.09436053
2025-09-24 16:00:00.002,0.00005681,0.09518000
2025-09-25 00:00:00.000,0.00009000,0.09413114
2025-09-25 08:00:00.001,0.00010000,0.09124942
2025-09-25 16:00:00.000,0.00002615,0.09084595
2025-09-26 00:00:00.000,0.00007371,0.08719486
2025-09-26 08:00:00.000,0.00010000,0.08878388
2025-09-26 16:00:00.008,0.00008935,0.08934000
2025-09-27 00:00:00.000,0.00010000,0.09158551
2025-09-27 08:00:00.010,0.00010000,0.09120493
2025-09-27 16:00:00.003,0.00010000,0.09270000
2025-09-28 00:00:00.000,0.00010000,0.09167000
2025-09-28 08:00:00.000,0.00010000,0.08965000
2025-09-28 16:00:00.000,0.00010000,0.09076802
2025-09-29 00:00:00.000,0.00010000,0.09275831
2025-09-29 08:00:00.002,0.00010000,0.09154000
2025-09-29 16:00:00.001,0.00010000,0.09131000
2025-09-30 00:00:00.002,0.00010000,0.09153465
2025-09-30 08:00:00.005,0.00010000,0.09122000
2025-09-30 16:00:00.000,0.00010000,0.08911000
2025-10-01 00:00:00.000,0.00010000,0.09091000
2025-10-01 08:00:00.000,0.00010000,0.08989671
2025-10-01 16:00:00.000,0.00004333,0.09391358
2025-10-02 00:00:00.000,0.00010000,0.09606000
2025-10-02 08:00:00.013,0.00010000,0.09806167
2025-10-02 16:00:00.000,0.00010000,0.09770684
2025-10-03 00:00:00.006,0.00010000,0.09934340
2025-10-03 08:00:00.006,0.00010000,0.09780210
2025-10-03 16:00:00.000,0.00010000,0.09956823
2025-10-04 00:00:00.001,0.00010000,0.09844000
2025-10-04 08:00:00.000,0.00007260,0.09693000
2025-10-04 16:00:00.000,0.00010000,0.09418848
2025-10-05 00:00:00.000,0.00010000,0.09544000
2025-10-05 08:00:00.003,0.00010000,0.09968000
2025-10-05 16:00:00.009,0.00010000,0.09733754
2025-10-06 00:00:00.004,0.00010000,0.09380769
2025-10-06 08:00:00.002,0.00010000,0.09548010
2025-10-06 16:00:00.004,0.00010000,0.09913000
2025-10-07 00:00:00.000,0.00010000,0.09920000
2025-10-07 08:00:00.003,0.00010000,0.09468862
2025-10-07 16:00:00.000,0.00010000,0.09243607
2025-10-08 00:00:00.000,0.00010000,0.09222877
2025-10-08 08:00:00.006,0.00010000,0.09246552
2025-10-08 16:00:00.002,0.00010000,0.09318962
2025-10-09 00:00:00.001,0.00010000,0.09417017
2025-10-09 08:00:00.000,0.00010000,0.09142053
2025-10-09 16:00:00.000,0.00008760,0.08919998
2025-10-10 00:00:00.005,0.00010000,0.09102212
2025-10-10 08:00:00.002,0.00010000,0.09125000
2025-10-10 16:00:00.014,0.00010000,0.08783000
2025-10-11 00:00:00.000,0.00002735,0.06304280
2025-10-11 08:00:00.003,-0.00012847,0.06215842
2025-10-11 16:00:00.000,-0.00007516,0.06548230
2025-10-12 00:00:00.004,-0.00002713,0.06261000
2025-10-12 08:00:00.002,-0.00000405,0.06426811
2025-10-12 16:00:00.000,0.00010000,0.06820496
2025-10-13 00:00:00.003,0.00010000,0.06964000
2025-10-13 08:00:00.002,0.00010000,0.07178000
2025-10-13 16:00:00.003,0.00010000,0.07247048
2025-10-14 00:00:00.000,0.00010000,0.07547737
2025-10-14 08:00:00.000,-0.00001147,0.06858887
2025-10-14 16:00:00.000,0.00010000,0.07199184
2025-10-15 00:00:00.006,0.00010000,0.07292000
2025-10-15 08:00:00.002,0.00010000,0.07382000
2025-10-15 16:00:00.000,-0.00031290,0.06985000
2025-10-16 00:00:00.000,0.00001087,0.06940134
2025-10-16 08:00:00.003,0.00010000,0.07077206
2025-10-16 16:00:00.002,0.00004945,0.06660999
2025-10-17 00:00:00.001,-0.00017666,0.06526623
2025-10-17 08:00:00.005,-0.00010612,0.06131754
2025-10-17 16:00:00.003,-0.00038030,0.06439000
2025-10-18 00:00:00.000,0.00010000,0.06397584
2025-10-18 08:00:00.002,0.00010000,0.06503000
2025-10-18 16:00:00.001,-0.00004285,0.06420576
2025-10-19 00:00:00.001,0.00010000,0.06470871
2025-10-19 08:00:00.001,-0.00020674,0.06439086
2025-10-19 16:00:00.001,0.00010000,0.06663126
2025-10-20 00:00:00.004,-0.00002436,0.06575022
2025-10-20 08:00:00.001,0.00003841,0.06796843
2025-10-20 16:00:00.000,0.00010000,0.06606303
2025-10-21 00:00:00.009,0.00010000,0.06627000
2025-10-21 08:00:00.000,-0.00031202,0.06406000
2025-10-21 16:00:00.000,0.00010000,0.06845053
2025-10-22 00:00:00.004,-0.00016618,0.06368474
2025-10-22 08:00:00.000,0.00010000,0.06410796
2025-10-22 16:00:00.000,0.00010000,0.06392013
2025-10-23 00:00:00.000,0.00010000,0.06219062
2025-10-23 08:00:00.001,0.00010000,0.06395215
2025-10-23 16:00:00.004,0.00010000,0.06448000
2025-10-24 00:00:00.000,0.00010000,0.06446654
2025-10-24 08:00:00.000,0.00010000,0.06524281
2025-10-24 16:00:00.009,0.00010000,0.06438873
2025-10-25 00:00:00.000,0.00010000,0.06518509
2025-10-25 08:00:00.001,0.00010000,0.06436000
2025-10-25 16:00:00.001,0.00010000,0.06494000
2025-10-26 00:00:00.001,0.00010000,0.06560828
2025-10-26 08:00:00.001,0.00010000,0.06438678
2025-10-26 16:00:00.000,-0.00012486,0.06545025
2025-10-27 00:00:00.000,0.00010000,0.06634182
2025-10-27 08:00:00.005,0.00010000,0.06914713
2025-10-27 16:00:00.000,0.00010000,0.06667861
2025-10-28 00:00:00.000,0.00006622,0.06398817
2025-10-28 08:00:00.000,0.00010000,0.06430642
2025-10-28 16:00:00.004,0.00010000,0.06476439
2025-10-29 00:00:00.004,0.00010000,0.06268000
2025-10-29 08:00:00.005,-0.00002540,0.06289000
2025-10-29 16:00:00.000,0.00010000,0.06190000
2025-10-30 00:00:00.004,0.00010000,0.06250000
2025-10-30 08:00:00.008,0.00004496,0.06180000
2025-10-30 16:00:00.001,0.00010000,0.05734370
2025-10-31 00:00:00.000,-0.00002679,0.05710000
2025-10-31 08:00:00.008,0.00010000,0.05809000
2025-10-31 16:00:00.007,0.00010000,0.05873000
2025-11-01 00:00:00.001,0.00010000,0.05849000
2025-11-01 08:00:00.000,0.00010000,0.05936672
2025-11-01 16:00:00.000,0.00004818,0.05980050
2025-11-02 00:00:00.007,0.00010000,0.06024538
2025-11-02 08:00:00.000,0.00010000,0.06135715
2025-11-02 16:00:00.001,-0.00006621,0.05880396
2025-11-03 00:00:00.000,0.00010000,0.05976819
2025-11-03 08:00:00.010,-0.00025346,0.05641000
2025-11-03 16:00:00.000,0.00010000,0.05271909
2025-11-04 00:00:00.002,0.00010000,0.05334728
2025-11-04 08:00:00.004,-0.00008473,0.05894000
2025-11-04 16:00:00.000,0.00002248,0.06110605
2025-11-05 00:00:00.000,-0.00066177,0.05986175
2025-11-05 08:00:00.000,0.00003069,0.06035189
2025-11-05 16:00:00.004,-0.00017143,0.06163840
2025-11-06 00:00:00.001,0.00010000,0.06229000
2025-11-06 08:00:00.000,-0.00019328,0.06012311
2025-11-06 16:00:00.001,0.00010000,0.05921000
2025-11-07 00:00:00.005,0.00006522,0.06015000
2025-11-07 08:00:00.003,0.00010000,0.06385798
2025-11-07 16:00:00.005,0.00010000,0.06223000
2025-11-08 00:00:00.011,0.00010000,0.06543000
2025-11-08 08:00:00.015,0.00010000,0.06263000
2025-11-08 16:00:00.001,0.00010000,0.06135148
2025-11-09 00:00:00.004,0.00010000,0.06337000
2025-11-09 08:00:00.000,0.00010000,0.06080880
2025-11-09 16:00:00.005,-0.00018215,0.06231565
2025-11-10 00:00:00.000,0.00010000,0.06205756
2025-11-10 08:00:00.000,0.00010000,0.06228994
2025-11-10 16:00:00.003,0.00010000,0.06247952
2025-11-11 00:00:00.007,0.00010000,0.06244000
2025-11-11 08:00:00.000,0.00010000,0.06048074
2025-11-11 16:00:00.009,0.00010000,0.06092073
2025-11-12 00:00:00.000,-0.00024951,0.05971867
2025-11-12 08:00:00.002,0.00010000,0.06036356
2025-11-12 16:00:00.000,-0.00006280,0.05889147
2025-11-13 00:00:00.002,0.00010000,0.05809883
2025-11-13 08:00:00.000,0.00010000,0.05902360
2025-11-13 16:00:00.001,0.00010000,0.05916000
2025-11-14 00:00:00.000,0.00010000,0.05728000
2025-11-14 08:00:00.000,0.00010000,0.05626173
2025-11-14 16:00:00.001,0.00010000,0.05656000
2025-11-15 00:00:00.005,0.00000049,0.05485000
2025-11-15 08:00:00.000,0.00010000,0.05677092
2025-11-15 16:00:00.001,0.00010000,0.05633017
2025-11-16 00:00:00.001,0.00010000,0.05642000
2025-11-16 08:00:00.000,0.00010000,0.05694765
2025-11-16 16:00:00.000,-0.00014690,0.05450415
2025-11-17 00:00:00.003,-0.00017868,0.05496799
2025-11-17 08:00:00.003,0.00010000,0.05637000
2025-11-17 16:00:00.000,0.00010000,0.05530000
2025-11-18 00:00:00.002,0.00010000,0.05430000
2025-11-18 08:00:00.004,0.00010000,0.05306553
2025-11-18 16:00:00.000,-0.00010960,0.05902000
2025-11-19 00:00:00.000,-0.00079081,0.06014861
2025-11-19 08:00:00.000,-0.00050983,0.05989000
2025-11-19 16:00:00.008,-0.00012759,0.05947000
2025-11-20 00:00:00.000,-0.00013254,0.06032372
2025-11-20 08:00:00.000,0.00010000,0.06061196
2025-11-20 16:00:00.000,-0.00023461,0.05982000
2025-11-21 00:00:00.001,0.00010000,0.05916000
2025-11-21 08:00:00.000,0.00006754,0.05791119
2025-11-21 16:00:00.001,0.00005699,0.05988473
2025-11-22 00:00:00.004,0.00010000,0.06028900
2025-11-22 08:00:00.000,-0.00002648,0.05981338
2025-11-22 16:00:00.000,0.00010000,0.05997436
2025-11-23 00:00:00.000,0.00010000,0.05985024
2025-11-23 08:00:00.008,0.00010000,0.06129000
2025-11-23 16:00:00.003,-0.00024430,0.06843000
2025-11-24 00:00:00.004,-0.00005923,0.06209000
2025-11-24 08:00:00.000,0.00002819,0.06279000
2025-11-24 16:00:00.006,0.00001989,0.06116000
2025-11-25 00:00:00.000,-0.00005102,0.06123299
2025-11-25 08:00:00.009,-0.00006515,0.05962100
2025-11-25 16:00:00.007,0.00010000,0.05968183
2025-11-26 00:00:00.001,0.00010000,0.06068303
2025-11-26 08:00:00.001,0.00010000,0.06338626
2025-11-26 16:00:00.000,-0.00165363,0.06755000
2025-11-27 00:00:00.013,0.00010000,0.06599000
2025-11-27 08:00:00.000,0.00006634,0.06486000
2025-11-27 16:00:00.004,-0.00014586,0.06321617
2025-11-28 00:00:00.008,0.00010000,0.06370290
2025-11-28 08:00:00.000,0.00010000,0.06299098
2025-11-28 16:00:00.008,0.00010000,0.06279119
2025-11-29 00:00:00.000,0.00010000,0.06267000
2025-11-29 08:00:00.005,0.00010000,0.06214000
2025-11-29 16:00:00.001,0.00010000,0.06199347
2025-11-30 00:00:00.003,0.00010000,0.06066000
2025-11-30 08:00:00.000,0.00010000,0.06068583
2025-11-30 16:00:00.004,0.00010000,0.05874000
2025-12-01 00:00:00.000,0.00010000,0.05863000
2025-12-01 08:00:00.004,0.00010000,0.05456000
2025-12-01 16:00:00.000,0.00010000,0.05359000
2025-12-02 00:00:00.004,0.00010000,0.05376005
2025-12-02 08:00:00.000,0.00010000,0.05383000
2025-12-02 16:00:00.000,0.00010000,0.05622412
2025-12-03 00:00:00.000,0.00010000,0.05518000
2025-12-03 08:00:00.000,-0.00014257,0.05484000
2025-12-03 16:00:00.005,-0.00012087,0.05370005
2025-12-04 00:00:00.012,0.00010000,0.05446000
2025-12-04 08:00:00.000,0.00010000,0.05470000
2025-12-04 16:00:00.011,0.00010000,0.05424244
2025-12-05 00:00:00.000,0.00010000,0.05284322
2025-12-05 08:00:00.000,0.00010000,0.05311490
2025-12-05 16:00:00.010,0.00010000,0.05253262
2025-12-06 00:00:00.001,0.00004546,0.05153000
2025-12-06 08:00:00.001,0.00010000,0.05147000
2025-12-06 16:00:00.008,0.00010000,0.05223546
2025-12-07 00:00:00.000,0.00010000,0.05265727
2025-12-07 08:00:00.004,0.00010000,0.05186293
2025-12-07 16:00:00.000,0.00000399,0.05132496
2025-12-08 00:00:00.000,0.00010000,0.05096386
2025-12-08 08:00:00.000,0.00010000,0.05231153
2025-12-08 16:00:00.001,0.00010000,0.05101000
2025-12-09 00:00:00.001,0.00010000,0.05149482
2025-12-09 08:00:00.001,0.00005647,0.05104702
2025-12-09 16:00:00.007,0.00001197,0.05268132
2025-12-10 00:00:00.007,0.00010000,0.05274168
2025-12-10 08:00:00.002,0.00010000,0.05263192
2025-12-10 16:00:00.012,0.00010000,0.05219000
2025-12-11 00:00:00.001,0.00010000,0.05148357
2025-12-11 08:00:00.000,0.00010000,0.04883000
2025-12-11 16:00:00.000,0.00010000,0.04881000
2025-12-12 00:00:00.005,-0.00008797,0.05060000
2025-12-12 08:00:00.007,0.00010000,0.05034000
2025-12-12 16:00:00.002,-0.00001458,0.04852976
2025-12-13 00:00:00.001,0.00010000,0.04912000
2025-12-13 08:00:00.006,0.00010000,0.04925832
2025-12-13 16:00:00.000,0.00010000,0.04866680
2025-12-14 00:00:00.000,0.00010000,0.04880394
2025-12-14 08:00:00.003,0.00010000,0.04792000
2025-12-14 16:00:00.005,-0.00012288,0.04617644
2025-12-15 00:00:00.000,-0.00026531,0.04545000
2025-12-15 08:00:00.000,0.00005934,0.04599000
2025-12-15 16:00:00.000,-0.00010029,0.04418000
2025-12-16 00:00:00.002,0.00010000,0.04406555
2025-12-16 08:00:00.000,0.00010000,0.04322386
2025-12-16 16:00:00.002,0.00010000,0.04412000
2025-12-17 00:00:00.004,0.00010000,0.04383240
2025-12-17 08:00:00.000,0.00010000,0.04369030
2025-12-17 16:00:00.000,0.00010000,0.04282739
2025-12-18 00:00:00.005,0.00010000,0.04182000
2025-12-18 08:00:00.007,0.00010000,0.04157035
2025-12-18 16:00:00.001,0.00010000,0.04268000
2025-12-19 00:00:00.000,0.00010000,0.04052194
2025-12-19 08:00:00.001,0.00010000,0.04173602
2025-12-19 16:00:00.000,0.00010000,0.04243985
2025-12-20 00:00:00.005,0.00010000,0.04323000
2025-12-20 08:00:00.000,0.00010000,0.04331735
2025-12-20 16:00:00.002,0.00010000,0.04312000
2025-12-21 00:00:00.000,0.00010000,0.04281000
2025-12-21 08:00:00.009,0.00010000,0.04234382
2025-12-21 16:00:00.000,0.00010000,0.04114971
2025-12-22 00:00:00.000,0.00010000,0.04165000
2025-12-22 08:00:00.005,0.00010000,0.04197794
2025-12-22 16:00:00.009,0.00010000,0.04205794
2025-12-23 00:00:00.000,0.00010000,0.04124000
2025-12-23 08:00:00.000,0.00010000,0.04087000
2025-12-23 16:00:00.001,0.00010000,0.04097000
2025-12-24 00:00:00.001,0.00010000,0.04158500
2025-12-24 08:00:00.001,0.00010000,0.04083000
2025-12-24 16:00:00.000,0.00010000,0.04125000
2025-12-25 00:00:00.000,0.00010000,0.04249000
2025-12-25 08:00:00.001,0.00010000,0.04340579
2025-12-25 16:00:00.005,0.00010000,0.04294000
2025-12-26 00:00:00.004,0.00010000,0.04161243
2025-12-26 08:00:00.001,0.00010000,0.04279052
2025-12-26 16:00:00.007,0.00010000,0.04275000
2025-12-27 00:00:00.000,0.00010000,0.04254213
2025-12-27 08:00:00.000,0.00010000,0.04260000
2025-12-27 16:00:00.011,0.00010000,0.04358150
2025-12-28 00:00:00.008,0.00010000,0.04392000
2025-12-28 08:00:00.000,0.00010000,0.04381912
2025-12-28 16:00:00.000,0.00010000,0.04376750
2025-12-29 00:00:00.016,0.00010000,0.04299000
2025-12-29 08:00:00.001,0.00010000,0.04351353
2025-12-29 16:00:00.000,0.00010000,0.04239000
2025-12-30 00:00:00.005,0.00010000,0.04231000
2025-12-30 08:00:00.001,0.00010000,0.04240000
2025-12-30 16:00:00.003,0.00010000,0.04253796
2025-12-31 00:00:00.004,0.00010000,0.04194773
2025-12-31 08:00:00.001,0.00010000,0.04113000
2025-12-31 16:00:00.001,0.00010000,0.04128000
2026-01-01 00:00:00.008,0.00010000,0.04193765
2026-01-01 08:00:00.002,0.00005907,0.04257327
2026-01-01 16:00:00.001,0.00010000,0.04304797
2026-01-02 00:00:00.006,0.00010000,0.04337000
2026-01-02 08:00:00.007,0.00010000,0.04341211
2026-01-02 16:00:00.000,0.00010000,0.04424000
2026-01-03 00:00:00.001,0.00010000,0.04555670
2026-01-03 08:00:00.000,0.00010000,0.04466618
2026-01-03 16:00:00.000,0.00010000,0.04475753
2026-01-04 00:00:00.000,0.00010000,0.04515000
2026-01-04 08:00:00.000,0.00010000,0.04529219
2026-01-04 16:00:00.001,0.00010000,0.04621745
2026-01-05 00:00:00.000,0.00010000,0.04645000
2026-01-05 08:00:00.000,0.00010000,0.04665034
2026-01-05 16:00:00.000,-0.00034233,0.04832460
2026-01-06 00:00:00.010,0.00010000,0.04855251
2026-01-06 08:00:00.000,0.00010000,0.04836372
2026-01-06 16:00:00.000,0.00010000,0.04897294
2026-01-07 00:00:00.001,0.00010000,0.04878000
2026-01-07 08:00:00.001,0.00010000,0.04844246
2026-01-07 16:00:00.001,0.00010000,0.04646885
2026-01-08 00:00:00.001,0.00010000,0.04668000
2026-01-08 08:00:00.000,0.00010000,0.04623828
2026-01-08 16:00:00.000,0.00010000,0.04578529
2026-01-09 00:00:00.003,0.00010000,0.04630950
2026-01-09 08:00:00.000,0.00010000,0.04608000
2026-01-09 16:00:00.001,0.00010000,0.04632000
2026-01-10 00:00:00.000,0.00010000,0.04610000
2026-01-10 08:00:00.002,0.00010000,0.04598000
2026-01-10 16:00:00.001,0.00010000,0.04592824
2026-01-11 00:00:00.003,0.00010000,0.04522000
2026-01-11 08:00:00.006,0.00010000,0.04521000
2026-01-11 16:00:00.000,0.00010000,0.04469000
2026-01-12 00:00:00.005,0.00010000,0.04414000
2026-01-12 08:00:00.000,0.00010000,0.04383189
2026-01-12 16:00:00.000,0.00010000,0.04339150
2026-01-13 00:00:00.007,0.00010000,0.04263000
2026-01-13 08:00:00.009,0.00010000,0.04332000
2026-01-13 16:00:00.002,0.00010000,0.04464000
2026-01-14 00:00:00.000,0.00010000,0.04590631
2026-01-14 08:00:00.001,0.00010000,0.04591000
2026-01-14 16:00:00.004,0.00010000,0.04617615
2026-01-15 00:00:00.000,0.00010000,0.04513000
2026-01-15 08:00:00.004,0.00010000,0.04482000
2026-01-15 16:00:00.002,0.00010000,0.04322159
2026-01-16 00:00:00.000,0.00010000,0.04238000
2026-01-16 08:00:00.000,0.00010000,0.04299217
2026-01-16 16:00:00.001,0.00010000,0.04252067
2026-01-17 00:00:00.000,0.00010000,0.04410000
2026-01-17 08:00:00.000,0.00010000,0.04370335
2026-01-17 16:00:00.002,0.00010000,0.04465294
2026-01-18 00:00:00.001,0.00010000,0.04508653
2026-01-18 08:00:00.000,-0.00002292,0.04449000
2026-01-18 16:00:00.000,0.00010000,0.04672000
2026-01-19 00:00:00.007,0.00010000,0.04475000
2026-01-19 08:00:00.007,0.00003933,0.04234475
2026-01-19 16:00:00.007,0.00010000,0.04141636
2026-01-20 00:00:00.005,0.00010000,0.04191000
2026-01-20 08:00:00.001,0.00009442,0.04074899
2026-01-20 16:00:00.009,0.00008803,0.04085000
2026-01-21 00:00:00.001,0.00006967,0.04029000
2026-01-21 08:00:00.011,0.00010000,0.04146853
2026-01-21 16:00:00.011,0.00010000,0.04138000
2026-01-22 00:00:00.010,0.00010000,0.04114000
2026-01-22 08:00:00.003,0.00010000,0.04120383
2026-01-22 16:00:00.005,0.00010000,0.03998818
2026-01-23 00:00:00.005,0.00010000,0.03960000
2026-01-23 08:00:00.000,0.00010000,0.03987000
2026-01-23 16:00:00.011,-0.00019938,0.04023689
2026-01-24 00:00:00.011,0.00009911,0.03920500
2026-01-24 08:00:00.002,-0.00007619,0.03936416
2026-01-24 16:00:00.001,-0.00015985,0.03871081
2026-01-25 00:00:00.002,-0.00009524,0.03899850
2026-01-25 08:00:00.011,0.00010000,0.03856000
2026-01-25 16:00:00.005,-0.00018073,0.03819671
2026-01-26 00:00:00.000,-0.00018822,0.03710000
2026-01-26 08:00:00.003,0.00010000,0.03790661
2026-01-26 16:00:00.000,0.00010000,0.03849000
2026-01-27 00:00:00.002,0.00010000,0.03828000
2026-01-27 08:00:00.000,0.00010000,0.03786401
2026-01-27 16:00:00.000,0.00010000,0.03779092
2026-01-28 00:00:00.000,0.00010000,0.03860000
2026-01-28 08:00:00.000,0.00010000,0.03845242
2026-01-28 16:00:00.000,0.00010000,0.03748000
2026-01-29 00:00:00.000,0.00010000,0.03774000
2026-01-29 08:00:00.009,0.00010000,0.03730900
2026-01-29 16:00:00.000,0.00010000,0.03563000
2026-01-30 00:00:00.008,0.00010000,0.03606983
2026-01-30 08:00:00.000,0.00010000,0.03563737
2026-01-30 16:00:00.001,0.00010000,0.03572000
2026-01-31 00:00:00.000,0.00010000,0.03562029
2026-01-31 08:00:00.001,0.00010000,0.03484000
2026-01-31 16:00:00.009,0.00010000,0.03163800
2026-02-01 00:00:00.001,0.00010000,0.03049489
2026-02-01 08:00:00.004,0.00010000,0.03084000
2026-02-01 16:00:00.000,0.00010000,0.02970340
2026-02-02 00:00:00.000,0.00010000,0.02928649
2026-02-02 08:00:00.014,0.00010000,0.02989000
2026-02-02 16:00:00.000,0.00010000,0.03040059
2026-02-03 00:00:00.000,0.00010000,0.03008529
2026-02-03 08:00:00.007,0.00010000,0.03034504
2026-02-03 16:00:00.000,0.00010000,0.03038977
2026-02-04 00:00:00.002,0.00010000,0.02975793
2026-02-04 08:00:00.007,0.00010000,0.03009293
2026-02-04 16:00:00.000,0.00010000,0.02856413
2026-02-05 00:00:00.011,0.00010000,0.02848000
2026-02-05 08:00:00.000,0.00010000,0.02816152
2026-02-05 16:00:00.007,0.00010000,0.02702524
2026-02-06 00:00:00.000,0.00010000,0.02519397
2026-02-06 08:00:00.001,0.00010000,0.02583000
2026-02-06 16:00:00.000,0.00010000,0.02672549
2026-02-07 00:00:00.003,0.00010000,0.02695833
2026-02-07 08:00:00.000,0.00010000,0.02588373
2026-02-07 16:00:00.010,0.00010000,0.02609794
2026-02-08 00:00:00.003,0.00010000,0.02689441
2026-02-08 08:00:00.000,0.00010000,0.02616157
2026-02-08 16:00:00.000,0.00010000,0.02582000
2026-02-09 00:00:00.002,0.00010000,0.02555000
2026-02-09 08:00:00.001,0.00010000,0.02572000
2026-02-09 16:00:00.007,0.00010000,0.02592476
2026-02-10 00:00:00.000,0.00010000,0.02611000
2026-02-10 08:00:00.007,0.00010000,0.02525000
2026-02-10 16:00:00.000,0.00010000,0.02492968
2026-02-11 00:00:00.000,0.00010000,0.02500116
2026-02-11 08:00:00.006,0.00010000,0.02410000
2026-02-11 16:00:00.000,0.00010000,0.02406000
2026-02-12 00:00:00.000,0.00010000,0.02445188
2026-02-12 08:00:00.001,0.00010000,0.02501183
2026-02-12 16:00:00.001,0.00010000,0.02471000
2026-02-13 00:00:00.007,0.00010000,0.02492386
2026-02-13 08:00:00.003,0.00010000,0.02458004
2026-02-13 16:00:00.005,0.00010000,0.02472382
2026-02-14 00:00:00.002,0.00010000,0.02503594
2026-02-14 08:00:00.004,0.00010000,0.02496559
2026-02-14 16:00:00.002,0.00010000,0.02548125
2026-02-15 00:00:00.000,0.00010000,0.02570412
2026-02-15 08:00:00.002,0.00010000,0.02575916
2026-02-15 16:00:00.000,0.00008663,0.02452206
2026-02-16 00:00:00.001,0.00010000,0.02425500
2026-02-16 08:00:00.003,0.00010000,0.02381382
2026-02-16 16:00:00.000,0.00010000,0.02382845
2026-02-17 00:00:00.008,0.00010000,0.02440294
2026-02-17 08:00:00.001,0.00010000,0.02390756
2026-02-17 16:00:00.002,0.00010000,0.02405971
2026-02-18 00:00:00.000,0.00010000,0.02392912
2026-02-18 08:00:00.000,0.00010000,0.02370500
2026-02-18 16:00:00.011,0.00010000,0.02325882
2026-02-19 00:00:00.013,0.00010000,0.02261328
2026-02-19 08:00:00.000,0.00010000,0.02275000
2026-02-19 16:00:00.003,0.00010000,0.02211500
2026-02-20 00:00:00.000,0.00010000,0.02235500
2026-02-20 08:00:00.000,0.00010000,0.02262235
2026-02-20 16:00:00.000,0.00010000,0.02270206
2026-02-21 00:00:00.004,0.00010000,0.02282500
2026-02-21 08:00:00.000,0.00010000,0.02279206
2026-02-21 16:00:00.005,0.00010000,0.02313035
2026-02-22 00:00:00.001,0.00010000,0.02235483
2026-02-22 08:00:00.004,0.00002819,0.02271589
2026-02-22 16:00:00.000,-0.00045819,0.02194980
2026-02-23 00:00:00.001,0.00009083,0.02157000
2026-02-23 08:00:00.000,0.00010000,0.02110000
2026-02-23 16:00:00.000,-0.00032625,0.02077383
2026-02-24 00:00:00.007,0.00008618,0.02092342
2026-02-24 08:00:00.000,0.00010000,0.02058059
2026-02-24 16:00:00.001,0.00010000,0.02095650
2026-02-25 00:00:00.001,0.00010000,0.02045081
2026-02-25 08:00:00.007,0.00010000,0.02110002
2026-02-25 16:00:00.000,0.00010000,0.02174336
2026-02-26 00:00:00.000,0.00010000,0.02146604
2026-02-26 08:00:00.006,0.00010000,0.02060867
2026-02-26 16:00:00.002,0.00010000,0.02051206
2026-02-27 00:00:00.007,0.00010000,0.02068000
2026-02-27 08:00:00.000,0.00010000,0.02087000
2026-02-27 16:00:00.001,0.00010000,0.02048000
2026-02-28 00:00:00.000,0.00010000,0.02053080
2026-02-28 08:00:00.000,0.00007656,0.01915971
2026-02-28 16:00:00.004,0.00002719,0.01902000
2026-03-01 00:00:00.005,0.00010000,0.02094000
2026-03-01 08:00:00.000,0.00002467,0.02054359
2026-03-01 16:00:00.002,-0.00014944,0.02060960
2026-03-02 00:00:00.001,0.00005658,0.02006000
2026-03-02 08:00:00.007,0.00010000,0.02018677
2026-03-02 16:00:00.000,0.00010000,0.02139000
2026-03-03 00:00:00.000,0.00010000,0.02064208
2026-03-03 08:00:00.000,0.00004221,0.02080121
2026-03-03 16:00:00.007,0.00010000,0.02086824
2026-03-04 00:00:00.001,0.00010000,0.02068000
2026-03-04 08:00:00.005,0.00010000,0.02053000
2026-03-04 16:00:00.000,0.00010000,0.02108828
2026-03-05 00:00:00.000,0.00010000,0.02107035
2026-03-05 08:00:00.000,0.00009592,0.02018000
2026-03-05 16:00:00.004,0.00010000,0.02006500
2026-03-06 00:00:00.001,0.00010000,0.02057000
2026-03-06 08:00:00.001,-0.00104114,0.02316000
2026-03-06 16:00:00.004,-0.00007619,0.02093000
2026-03-07 00:00:00.001,0.00003575,0.02036000
2026-03-07 08:00:00.012,-0.00011564,0.01936199
2026-03-07 16:00:00.001,-0.00006480,0.01921000
2026-03-08 00:00:00.001,-0.00038140,0.01921800
2026-03-08 08:00:00.000,0.00000800,0.01912517
2026-03-08 16:00:00.002,0.00001981,0.01854000
2026-03-09 00:00:00.000,-0.00019530,0.01860000
2026-03-09 08:00:00.004,-0.00011147,0.01903000
2026-03-09 16:00:00.003,-0.00006165,0.01958000
2026-03-10 00:00:00.012,-0.00011174,0.01994000
2026-03-10 08:00:00.002,-0.00004990,0.02057356
2026-03-10 16:00:00.001,0.00005316,0.02067302
2026-03-11 00:00:00.000,0.00010000,0.02053549
2026-03-11 08:00:00.007,0.00004337,0.02097216
2026-03-11 16:00:00.010,0.00010000,0.02192962
2026-03-12 00:00:00.000,-0.00003521,0.02288529
2026-03-12 08:00:00.000,-0.00001360,0.02210387
2026-03-12 16:00:00.000,0.00009087,0.02299353
2026-03-13 00:00:00.006,0.00004562,0.02272078
2026-03-13 08:00:00.001,0.00010000,0.02282729
2026-03-13 16:00:00.000,0.00010000,0.02405000
2026-03-14 00:00:00.001,0.00010000,0.02282000
2026-03-14 08:00:00.000,0.00010000,0.02251000
2026-03-14 16:00:00.007,0.00010000,0.02325000
2026-03-15 00:00:00.000,0.00010000,0.02331500
2026-03-15 08:00:00.000,0.00006082,0.02313000
2026-03-15 16:00:00.000,0.00010000,0.02347103
2026-03-16 00:00:00.000,0.00010000,0.02405000
2026-03-16 08:00:00.010,0.00010000,0.02391989
2026-03-16 16:00:00.000,0.00010000,0.02411575
2026-03-17 00:00:00.000,0.00010000,0.02680000
2026-03-17 08:00:00.002,0.00010000,0.02538648
2026-03-17 16:00:00.011,0.00010000,0.02580147
2026-03-18 00:00:00.002,0.00010000,0.02539647
2026-03-18 08:00:00.002,0.00010000,0.02554767
2026-03-18 16:00:00.005,0.00010000,0.02421000
2026-03-19 00:00:00.000,0.00010000,0.02463600
2026-03-19 08:00:00.003,0.00010000,0.02426812
2026-03-19 16:00:00.003,0.00010000,0.02391950
2026-03-20 00:00:00.002,0.00010000,0.02418161
2026-03-20 08:00:00.000,0.00010000,0.02392000
2026-03-20 16:00:00.000,0.00010000,0.02367000
2026-03-21 00:00:00.000,0.00010000,0.02377000
2026-03-21 08:00:00.000,0.00010000,0.02388000
2026-03-21 16:00:00.014,0.00010000,0.02449658
2026-03-22 00:00:00.012,0.00010000,0.02349000
2026-03-22 08:00:00.007,0.00010000,0.02407733
2026-03-22 16:00:00.002,0.00010000,0.02391559
2026-03-23 00:00:00.000,0.00010000,0.02358500
2026-03-23 08:00:00.003,0.00010000,0.02323350
2026-03-23 16:00:00.002,0.00010000,0.02466000
2026-03-24 00:00:00.000,0.00000157,0.02433000
2026-03-24 08:00:00.000,0.00010000,0.02413617
2026-03-24 16:00:00.003,0.00010000,0.02381000
2026-03-25 00:00:00.000,0.00010000,0.02320000
2026-03-25 08:00:00.000,0.00010000,0.02277000
2026-03-25 16:00:00.013,0.00010000,0.02262000
2026-03-26 00:00:00.001,0.00010000,0.02253000
2026-03-26 08:00:00.001,0.00010000,0.02156417
2026-03-26 16:00:00.000,0.00010000,0.02100379
2026-03-27 00:00:00.006,0.00010000,0.02091500
2026-03-27 08:00:00.000,0.00010000,0.02180463
2026-03-27 16:00:00.000,0.00010000,0.02080167
2026-03-28 00:00:00.005,0.00010000,0.02065000
2026-03-28 08:00:00.005,0.00010000,0.02064698
2026-03-28 16:00:00.000,0.00010000,0.02050500
2026-03-29 00:00:00.003,-0.00006749,0.02044000
2026-03-29 08:00:00.001,0.00010000,0.02016367
2026-03-29 16:00:00.000,0.00010000,0.01994000
2026-03-30 00:00:00.000,-0.00003900,0.01990000
2026-03-30 08:00:00.005,0.00010000,0.02061215
2026-03-30 16:00:00.000,-0.00000107,0.02076000
2026-03-31 00:00:00.000,0.00010000,0.02021483
2026-03-31 08:00:00.000,0.00000991,0.02175000
2026-03-31 16:00:00.000,-0.00010926,0.02099000
2026-04-01 00:00:00.000,0.00003020,0.02150033
2026-04-01 08:00:00.000,0.00010000,0.02176000
2026-04-01 16:00:00.000,0.00010000,0.02152600
2026-04-02 00:00:00.003,0.00010000,0.02182000
2026-04-02 08:00:00.001,0.00010000,0.02139133
2026-04-02 16:00:00.001,0.00010000,0.02120383
2026-04-03 00:00:00.000,0.00010000,0.02250000
2026-04-03 08:00:00.008,0.00000724,0.02271000
2026-04-03 16:00:00.008,0.00001659,0.02278433
2026-04-04 00:00:00.000,0.00010000,0.02279000
2026-04-04 08:00:00.003,0.00010000,0.02330000
2026-04-04 16:00:00.000,0.00010000,0.02345707
2026-04-05 00:00:00.008,0.00010000,0.02319000
2026-04-05 08:00:00.000,0.00010000,0.02270500
2026-04-05 16:00:00.001,0.00010000,0.02290000
2026-04-06 00:00:00.004,-0.00001654,0.02291296
2026-04-06 08:00:00.001,0.00010000,0.02282000
2026-04-06 16:00:00.003,0.00010000,0.02390000
2026-04-07 00:00:00.000,0.00010000,0.02366085
2026-04-07 08:00:00.000,0.00010000,0.02520379
2026-04-07 16:00:00.000,0.00010000,0.02362118
2026-04-08 00:00:00.000,0.00010000,0.02427722
2026-04-08 08:00:00.000,0.00010000,0.02359176
2026-04-08 16:00:00.006,0.00010000,0.02437103
2026-04-09 00:00:00.000,0.00003276,0.02325695
2026-04-09 08:00:00.010,0.00010000,0.02296025
2026-04-09 16:00:00.001,0.00009589,0.02342000
2026-04-10 00:00:00.000,0.00006433,0.02338000
2026-04-10 08:00:00.005,0.00010000,0.02234117
2026-04-10 16:00:00.000,0.00010000,0.02299000
2026-04-11 00:00:00.000,0.00010000,0.02299000
2026-04-11 08:00:00.000,0.00010000,0.02233676
2026-04-11 16:00:00.003,0.00010000,0.02244595
2026-04-12 00:00:00.000,0.00010000,0.02284200
2026-04-12 08:00:00.000,0.00010000,0.02185500
2026-04-12 16:00:00.000,0.00010000,0.02149000
2026-04-13 00:00:00.011,0.00010000,0.02121903
2026-04-13 08:00:00.006,0.00010000,0.02119000
2026-04-13 16:00:00.000,0.00010000,0.02095000
2026-04-14 00:00:00.005,0.00010000,0.02162450
2026-04-14 08:00:00.003,0.00010000,0.02108000
2026-04-14 16:00:00.001,0.00010000,0.02119175
2026-04-15 00:00:00.000,0.00010000,0.02056667
2026-04-15 08:00:00.000,0.00010000,0.02079000
2026-04-15 16:00:00.000,0.00010000,0.02156213
2026-04-16 00:00:00.013,0.00010000,0.02197688
2026-04-16 08:00:00.000,0.00010000,0.02271000
2026-04-16 16:00:00.000,0.00010000,0.02271898
2026-04-17 00:00:00.001,0.00010000,0.02388000
2026-04-17 08:00:00.011,0.00010000,0.02460000
2026-04-17 16:00:00.001,-0.00000838,0.02601000
2026-04-18 00:00:00.001,0.00010000,0.02581723
2026-04-18 08:00:00.006,0.00010000,0.02638664
2026-04-18 16:00:00.000,0.00010000,0.02480000
2026-04-19 00:00:00.002,0.00010000,0.02424113
2026-04-19 08:00:00.010,0.00010000,0.02408423
2026-04-19 16:00:00.001,0.00005439,0.02423052
2026-04-20 00:00:00.000,0.00010000,0.02304586
2026-04-20 08:00:00.000,0.00005285,0.02394000
2026-04-20 16:00:00.001,0.00010000,0.02586000
2026-04-21 00:00:00.000,-0.00002325,0.02511000
2026-04-21 08:00:00.004,0.00005323,0.02467350
2026-04-21 16:00:00.004,0.00007919,0.02503000
2026-04-22 00:00:00.004,0.00010000,0.02510000
2026-04-22 08:00:00.000,0.00010000,0.02560931
2026-04-22 16:00:00.000,0.00010000,0.02476202
2026-04-23 00:00:00.000,0.00010000,0.02510000
2026-04-23 08:00:00.000,0.00010000,0.02518458
2026-04-23 16:00:00.004,-0.00011262,0.02620000
2026-04-24 00:00:00.006,0.00006745,0.02851000
2026-04-24 08:00:00.000,0.00006517,0.02612000
2026-04-24 16:00:00.000,0.00010000,0.02721000
2026-04-25 00:00:00.000,0.00010000,0.02706300
2026-04-25 08:00:00.002,0.00010000,0.02618885
2026-04-25 16:00:00.002,0.00010000,0.02629133
2026-04-26 00:00:00.003,-0.00005560,0.02600612
2026-04-26 08:00:00.007,0.00010000,0.02639000
2026-04-26 16:00:00.004,-0.00071248,0.02948000
2026-04-27 00:00:00.004,-0.00069722,0.02987466
2026-04-27 08:00:00.000,-0.00068849,0.02943800
2026-04-27 16:00:00.002,-0.00081845,0.02637335
2026-04-28 00:00:00.001,0.00000459,0.02699000
2026-04-28 08:00:00.000,0.00010000,0.02649027
2026-04-28 16:00:00.004,0.00010000,0.02751000
2026-04-29 00:00:00.006,0.00010000,0.02687000
2026-04-29 08:00:00.011,0.00010000,0.02730367
2026-04-29 16:00:00.003,0.00010000,0.02571588
2026-04-30 00:00:00.002,0.00010000,0.02543000
2026-04-30 08:00:00.000,0.00010000,0.02504000
2026-04-30 16:00:00.000,0.00010000,0.02542000
2026-05-01 00:00:00.000,-0.00010797,0.02493500
2026-05-01 08:00:00.005,0.00010000,0.02470500
2026-05-01 16:00:00.000,0.00010000,0.02492633
2026-05-02 00:00:00.006,0.00009778,0.02537000
2026-05-02 08:00:00.000,0.00010000,0.02501000
2026-05-02 16:00:00.010,0.00003860,0.02483900
2026-05-03 00:00:00.005,0.00010000,0.02516000
2026-05-03 08:00:00.003,0.00010000,0.02443375
2026-05-03 16:00:00.000,0.00010000,0.02424000
2026-05-04 00:00:00.000,0.00010000,0.02447283
2026-05-04 08:00:00.000,0.00010000,0.02486000
2026-05-04 16:00:00.003,0.00010000,0.02442950
2026-05-05 00:00:00.000,0.00010000,0.02428502
2026-05-05 08:00:00.011,0.00010000,0.02452250
2026-05-05 16:00:00.000,0.00010000,0.02431000
2026-05-06 00:00:00.010,0.00004996,0.02446000
2026-05-06 08:00:00.000,0.00010000,0.02522000
2026-05-06 16:00:00.002,0.00010000,0.02475150
2026-05-07 00:00:00.000,0.00010000,0.02518000
2026-05-07 08:00:00.000,0.00010000,0.02594000
2026-05-07 16:00:00.004,0.00010000,0.02557655
2026-05-08 00:00:00.003,0.00010000,0.02629867
2026-05-08 08:00:00.002,0.00010000,0.02566000
2026-05-08 16:00:00.003,0.00010000,0.02623000
2026-05-09 00:00:00.000,0.00010000,0.02674567
2026-05-09 08:00:00.001,0.00010000,0.02735500
2026-05-09 16:00:00.002,0.00000210,0.02668000
2026-05-10 00:00:00.003,0.00010000,0.02673962
2026-05-10 08:00:00.000,0.00010000,0.02726969
2026-05-10 16:00:00.000,0.00010000,0.02724000
2026-05-11 00:00:00.000,0.00010000,0.02728000
2026-05-11 08:00:00.000,0.00010000,0.02685000
2026-05-11 16:00:00.000,0.00010000,0.02679559
2026-05-12 00:00:00.002,0.00010000,0.02758063
2026-05-12 08:00:00.008,0.00010000,0.02713235
2026-05-12 16:00:00.000,0.00010000,0.02610900
2026-05-13 00:00:00.010,-0.00003113,0.02639000
2026-05-13 08:00:00.003,0.00010000,0.02824698
2026-05-13 16:00:00.001,-0.00000875,0.02536000
2026-05-14 00:00:00.005,0.00010000,0.02571500
2026-05-14 08:00:00.000,0.00010000,0.02571000
2026-05-14 16:00:00.000,0.00010000,0.02688000
2026-05-15 00:00:00.000,0.00004994,0.02644531
2026-05-15 08:00:00.016,0.00009797,0.02591500
2026-05-15 16:00:00.012,-0.00005698,0.02472648
2026-05-16 00:00:00.005,0.00001240,0.02449391
2026-05-16 08:00:00.000,0.00004472,0.02380147
2026-05-16 16:00:00.005,0.00001628,0.02408500
2026-05-17 00:00:00.000,0.00004185,0.02387344
2026-05-17 08:00:00.010,0.00010000,0.02455267
2026-05-17 16:00:00.009,0.00010000,0.02395150
2026-05-18 00:00:00.007,-0.00010262,0.02336500
2026-05-18 08:00:00.002,0.00008248,0.02328700
2026-05-18 16:00:00.007,0.00000785,0.02306433
2026-05-19 00:00:00.001,0.00010000,0.02367000
2026-05-19 08:00:00.001,0.00010000,0.02376500
2026-05-19 16:00:00.009,-0.00035048,0.02355050
2026-05-20 00:00:00.001,-0.00027079,0.02408000
2026-05-20 08:00:00.006,0.00010000,0.02423000
2026-05-20 16:00:00.000,0.00010000,0.02454000
2026-05-21 00:00:00.001,0.00010000,0.02589626
2026-05-21 08:00:00.000,0.00010000,0.02689956
2026-05-21 16:00:00.000,-0.00008454,0.02669733
2026-05-22 00:00:00.000,0.00010000,0.02690000
2026-05-22 08:00:00.004,-0.00000784,0.02740000
2026-05-22 16:00:00.001,0.00010000,0.02715800
2026-05-23 00:00:00.009,0.00006991,0.02605000
2026-05-23 08:00:00.001,-0.00000753,0.02531000
2026-05-23 16:00:00.003,0.00010000,0.02677118
2026-05-24 00:00:00.011,0.00010000,0.03015000
2026-05-24 08:00:00.008,-0.00001846,0.02874000
2026-05-24 16:00:00.000,0.00010000,0.02849817
2026-05-25 00:00:00.001,0.00009884,0.02781941
2026-05-25 08:00:00.001,0.00010000,0.02798676
2026-05-25 16:00:00.001,0.00010000,0.02696000
2026-05-26 00:00:00.000,0.00010000,0.02637000
2026-05-26 08:00:00.003,0.00010000,0.02605500
2026-05-26 16:00:00.000,0.00010000,0.02559700
2026-05-27 00:00:00.000,0.00010000,0.02484000
2026-05-27 08:00:00.004,0.00010000,0.02504134
2026-05-27 16:00:00.009,0.00010000,0.02520000
2026-05-28 00:00:00.001,0.00010000,0.02408265
2026-05-28 08:00:00.000,0.00010000,0.02313000
2026-05-28 16:00:00.001,0.00010000,0.02266600
2026-05-29 00:00:00.000,0.00010000,0.02268000
2026-05-29 08:00:00.001,0.00010000,0.02299000
2026-05-29 16:00:00.008,0.00010000,0.02319633
2026-05-30 00:00:00.000,0.00010000,0.02320088
2026-05-30 08:00:00.001,0.00010000,0.02372033
2026-05-30 16:00:00.000,0.00010000,0.02410950
2026-05-31 00:00:00.000,-0.00001423,0.02370300
2026-05-31 08:00:00.000,0.00010000,0.02361794
2026-05-31 16:00:00.004,0.00010000,0.02322000
2026-06-01 00:00:00.001,0.00010000,0.02384706
2026-06-01 08:00:00.001,0.00010000,0.02379800
2026-06-01 16:00:00.000,0.00010000,0.02392663
2026-06-02 00:00:00.000,0.00010000,0.02466000
2026-06-02 08:00:00.000,0.00010000,0.02392000
2026-06-02 16:00:00.000,0.00010000,0.02262967
2026-06-03 00:00:00.013,0.00010000,0.02226850
2026-06-03 08:00:00.000,0.00010000,0.02317000
2026-06-03 16:00:00.001,0.00010000,0.02301000
2026-06-04 00:00:00.009,0.00010000,0.02251472
2026-06-04 08:00:00.000,0.00010000,0.02115000
2026-06-04 16:00:00.003,0.00010000,0.02116000
2026-06-05 00:00:00.000,0.00010000,0.02044017
2026-06-05 08:00:00.004,0.00010000,0.01924483
2026-06-05 16:00:00.009,0.00010000,0.01843466
2026-06-06 00:00:00.000,0.00010000,0.01831353
2026-06-06 08:00:00.000,0.00010000,0.01828912
2026-06-06 16:00:00.000,0.00010000,0.01835294
2026-06-07 00:00:00.001,0.00010000,0.01835500
2026-06-07 08:00:00.000,0.00010000,0.01952500
2026-06-07 16:00:00.000,-0.00001026,0.01892033
2026-06-08 00:00:00.000,0.00010000,0.01883800
2026-06-08 08:00:00.005,0.00010000,0.01869202
2026-06-08 16:00:00.004,0.00010000,0.01900808
2026-06-09 00:00:00.000,0.00010000,0.01875089
2026-06-09 08:00:00.000,0.00010000,0.01862000
2026-06-09 16:00:00.001,0.00010000,0.01784000
2026-06-10 00:00:00.001,0.00010000,0.01813000
2026-06-10 08:00:00.011,0.00010000,0.01818000
2026-06-10 16:00:00.009,0.00010000,0.01822750
2026-06-11 00:00:00.000,0.00010000,0.01779883
2026-06-11 08:00:00.004,0.00010000,0.01824000
2026-06-11 16:00:00.000,0.00010000,0.01856000
2026-06-12 00:00:00.000,0.00010000,0.01859362
2026-06-12 08:00:00.000,0.00010000,0.01879728
2026-06-12 16:00:00.000,0.00010000,0.01952147
2026-06-13 00:00:00.000,0.00010000,0.01856000
2026-06-13 08:00:00.007,0.00010000,0.01888000
2026-06-13 16:00:00.002,0.00010000,0.01892000
2026-06-14 00:00:00.005,0.00010000,0.01883650
2026-06-14 08:00:00.009,0.00010000,0.01873000
2026-06-14 16:00:00.000,0.00010000,0.01838000
2026-06-15 00:00:00.013,0.00010000,0.01916500
2026-06-15 08:00:00.013,0.00010000,0.01902017
2026-06-15 16:00:00.004,0.00010000,0.02010000
2026-06-16 00:00:00.000,0.00010000,0.01989000
2026-06-16 08:00:00.000,0.00010000,0.01961087
2026-06-16 16:00:00.001,0.00010000,0.01951600
2026-06-17 00:00:00.012,-0.00011475,0.01994468
2026-06-17 08:00:00.000,0.00010000,0.01987850
2026-06-17 16:00:00.000,0.00010000,0.02036167
2026-06-18 00:00:00.002,0.00010000,0.01975000
2026-06-18 08:00:00.000,0.00010000,0.01993500
2026-06-18 16:00:00.001,0.00006204,0.01860350
2026-06-19 00:00:00.005,0.00010000,0.01961294
2026-06-19 08:00:00.001,-0.00000079,0.02124711
2026-06-19 16:00:00.001,-0.00027677,0.02717000
2026-06-20 00:00:00.001,-0.00076606,0.03526000
2026-06-20 08:00:00.000,-0.00346862,0.04048000
2026-06-20 16:00:00.001,-0.00139554,0.04194071
2026-06-21 00:00:00.000,-0.00038700,0.06274000
2026-06-21 08:00:00.000,0.00010000,0.04865106
2026-06-21 16:00:00.000,0.00003621,0.05325000
2026-06-22 00:00:00.000,0.00010000,0.04390129
2026-06-22 08:00:00.000,0.00036010,0.03997000
2026-06-22 16:00:00.002,0.00010000,0.03635000
2026-06-23 00:00:00.003,-0.00007796,0.03154312
2026-06-23 08:00:00.005,0.00010000,0.03387842
2026-06-23 16:00:00.002,-0.00019346,0.02674892
2026-06-24 00:00:00.005,-0.00014995,0.02611656
2026-06-24 08:00:00.005,-0.00026883,0.02563584
2026-06-24 16:00:00.003,-0.00004863,0.02362206
2026-06-25 00:00:00.000,-0.00060562,0.02270120
2026-06-25 08:00:00.000,-0.00112593,0.02289932
2026-06-25 16:00:00.000,-0.00109325,0.02047000
2026-06-26 00:00:00.010,-0.00089880,0.02073000
2026-06-26 08:00:00.002,-0.00081351,0.02077495
2026-06-26 16:00:00.000,-0.00358400,0.01932000
2026-06-27 00:00:00.000,-0.00408375,0.02124000
2026-06-27 08:00:00.000,-0.00211819,0.01985000
2026-06-27 16:00:00.009,-0.00269559,0.02058211
2026-06-28 00:00:00.000,-0.00321967,0.02021133
2026-06-28 08:00:00.013,-0.00075891,0.01982491
2026-06-28 16:00:00.000,-0.00091940,0.01980000
2026-06-29 00:00:00.006,-0.00061182,0.01908502
2026-06-29 08:00:00.013,-0.00065262,0.01893058
2026-06-29 16:00:00.004,-0.00000616,0.01881134
2026-06-30 00:00:00.000,0.00010000,0.01882000
2026-06-30 08:00:00.000,0.00010000,0.01891000
2026-06-30 16:00:00.005,-0.00004210,0.01601085
2026-07-01 00:00:00.000,-0.00025003,0.01607504
2026-07-01 08:00:00.000,-0.00029425,0.01533521
2026-07-01 16:00:00.000,-0.00022852,0.01540549
2026-07-02 00:00:00.000,-0.00025757,0.01490491
2026-07-02 08:00:00.000,-0.00018124,0.01476000
2026-07-02 16:00:00.000,-0.00015178,0.01481459
2026-07-03 00:00:00.000,-0.00025246,0.01513732
2026-07-03 08:00:00.007,-0.00035574,0.01481000
2026-07-03 16:00:00.000,-0.00042494,0.01553151
2026-07-04 00:00:00.000,-0.00003976,0.01559435
2026-07-04 08:00:00.000,-0.00026740,0.01541000
2026-07-04 16:00:00.007,-0.00001111,0.01618883
2026-07-05 00:00:00.003,0.00002263,0.01585000
2026-07-05 08:00:00.001,-0.00032785,0.01550000
2026-07-05 16:00:00.000,0.00002366,0.01534000
2026-07-06 00:00:00.000,0.00007737,0.01596000
2026-07-06 08:00:00.000,0.00010000,0.01581000
2026-07-06 16:00:00.000,-0.00001699,0.01587949
2026-07-07 00:00:00.000,-0.00015113,0.01523251
2026-07-07 08:00:00.000,-0.00009113,0.01507812
2026-07-07 16:00:00.000,0.00002103,0.01491000
2026-07-08 00:00:00.000,-0.00042967,0.01429000
2026-07-08 08:00:00.000,0.00010000,0.01421000
2026-07-08 16:00:00.000,-0.00015627,0.01383332
2026-07-09 00:00:00.000,-0.00012501,0.01385752
2026-07-09 08:00:00.001,-0.00037673,0.01377000
2026-07-09 16:00:00.001,-0.00015884,0.01401556
2026-07-10 00:00:00.000,-0.00015886,0.01414005
2026-07-10 08:00:00.005,0.00010000,0.01431148
2026-07-10 16:00:00.005,-0.00036598,0.01469000
2026-07-11 00:00:00.000,-0.00003139,0.01466000
2026-07-11 08:00:00.000,-0.00012158,0.01422000
2026-07-11 16:00:00.000,-0.00009736,0.01404504
2026-07-12 00:00:00.000,-0.00021002,0.01378000
2026-07-12 08:00:00.003,0.00001812,0.01417025
2026-07-12 16:00:00.000,0.00010000,0.01388066
2026-07-13 00:00:00.000,0.00010000,0.01366000
2026-07-13 08:00:00.001,0.00010000,0.01386000
2026-07-13 16:00:00.004,0.00010000,0.01339827
2026-07-14 00:00:00.000,0.00010000,0.01317495
2026-07-14 08:00:00.002,0.00010000,0.01394000
2026-07-14 16:00:00.001,0.00010000,0.01366000
2026-07-15 00:00:00.005,0.00010000,0.01346298
2026-07-15 08:00:00.002,0.00010000,0.01349521
2026-07-15 16:00:00.000,0.00010000,0.01401603
2026-07-16 00:00:00.000,0.00010000,0.01380000
2026-07-16 08:00:00.003,0.00010000,0.01411766
2026-07-16 16:00:00.002,0.00010000,0.01369502
2026-07-17 00:00:00.000,0.00010000,0.01397882
2026-07-17 08:00:00.010,0.00010000,0.01413608
2026-07-17 16:00:00.004,0.00010000,0.01436888
2026-07-18 00:00:00.000,0.00010000,0.01408912
2026-07-18 08:00:00.000,0.00010000,0.01369195
2026-07-18 16:00:00.001,-0.00014507,0.01339000
2026-07-19 00:00:00.003,0.00010000,0.01355000
2026-07-19 08:00:00.000,0.00010000,0.01396502
2026-07-19 16:00:00.001,0.00010000,0.01349000
2026-07-20 00:00:00.000,0.00010000,0.01332000
2026-07-20 08:00:00.001,0.00010000,0.01340000
2026-07-20 16:00:00.004,0.00010000,0.01371000
2026-07-21 00:00:00.001,0.00010000,0.01362000
2026-07-21 08:00:00.000,0.00010000,0.01390000
2026-07-21 16:00:00.002,0.00010000,0.01390457
2026-07-22 00:00:00.000,0.00010000,0.01373000
2026-07-22 08:00:00.000,0.00010000,0.01407668
2026-07-22 16:00:00.001,0.00009547,0.01379604
2026-07-23 00:00:00.000,0.00010000,0.01383765
2026-07-23 08:00:00.000,0.00010000,0.01355984
2026-07-23 16:00:00.000,0.00010000,0.01373496
2026-07-24 00:00:00.000,0.00010000,0.01349500
2026-07-24 08:00:00.000,0.00010000,0.01357503
2026-07-24 16:00:00.008,0.00010000,0.01347000
2026-07-25 00:00:00.002,-0.00002622,0.01341000
2026-07-25 08:00:00.000,0.00010000,0.01343172
2026-07-25 16:00:00.000,0.00010000,0.01340814
2026-07-26 00:00:00.000,0.00010000,0.01353517
2026-07-26 08:00:00.002,0.00010000,0.01348000
2026-07-26 16:00:00.000,0.00010000,0.01346853
2026-07-27 00:00:00.010,0.00010000,0.01360561
2026-07-27 08:00:00.000,0.00010000,0.01333072
2026-07-27 16:00:00.001,0.00010000,0.01280668
2026-07-28 00:00:00.000,0.00010000,0.01233503
2026-07-28 08:00:00.000,0.00010000,0.01215503
2026-07-28 16:00:00.000,0.00010000,0.01232499
2026-07-29 00:00:00.000,0.00010000,0.01198000
2026-07-29 08:00:00.002,0.00008264,0.01183123
2026-07-29 16:00:00.000,-0.00018075,0.01157523
2026-07-30 00:00:00.000,0.00010000,0.01143500
2026-07-30 08:00:00.000,0.00010000,0.01150998
2026-07-30 16:00:00.000,0.00010000,0.01176000
2026-07-31 00:00:00.003,0.00001352,0.01178496
2026-07-31 08:00:00.000,0.00010000,0.01183496
2026-07-31 16:00:00.000,0.00007450,0.01168500
2026-08-01 00:00:00.001,0.00010000,0.01165299
2026-08-01 08:00:00.000,0.00010000,0.01176333
2026-08-01 16:00:00.000,0.00010000,0.01190831
2026-08-02 00:00:00.000,0.00009041,0.01172293
2026-08-02 08:00:00.000,-0.00002078,0.01191000
2026-08-02 16:00:00.000,0.00010000,0.01212772
2026-08-03 00:00:00.000,-0.00014227,0.01608419
2026-08-03 08:00:00.000,-0.00018441,0.01463000
2026-08-03 16:00:00.000,-0.00113760,0.01819000
2026-08-04 00:00:00.004,-0.00073164,0.01683802
2026-08-04 08:00:00.002,-0.00043559,0.01736340
2026-08-04 16:00:00.000,-0.00000440,0.01831000
2026-08-05 00:00:00.003,0.00003293,0.02112137
2026-08-05 08:00:00.004,0.00008816,0.02479000
2026-08-05 16:00:00.000,-0.00002041,0.02310654
2026-08-06 00:00:00.002,0.00010000,0.02714246
2026-08-06 08:00:00.000,0.00006904,0.02824000
2026-08-06 16:00:00.000,-0.00016492,0.03689000
2026-08-07 00:00:00.000,0.00007955,0.03903774
2026-08-07 08:00:00.000,-0.00099386,0.04335972
2026-08-07 16:00:00.000,-0.00183677,0.05285304
2026-08-08 00:00:00.001,-0.00016286,0.05428995
2026-08-08 08:00:00.000,-0.00057862,0.05788131
2026-08-08 16:00:00.002,0.00000032,0.05816917
2026-08-09 00:00:00.000,0.00010000,0.06321393
2026-08-09 08:00:00.005,0.00010000,0.07090000
2026-08-09 16:00:00.000,0.00010000,0.04200842
2026-08-10 00:00:00.001,0.00010000,0.04852315
2026-08-10 08:00:00.005,0.00006554,0.03997000
2026-08-10 16:00:00.000,0.00010000,0.04292834
2026-08-11 00:00:00.000,0.00010000,0.04213202
2026-08-11 08:00:00.006,-0.00016329,0.03947000
2026-08-11 16:00:00.000,-0.00011519,0.03953395
2026-08-12 00:00:00.001,-0.00006176,0.03833000
2026-08-12 08:00:00.000,-0.00011207,0.03549121
2026-08-12 16:00:00.000,0.00010000,0.03426427
2026-08-13 00:00:00.000,0.00010000,0.03361000
2026-08-13 08:00:00.000,0.00000217,0.03075000
2026-08-13 16:00:00.000,-0.00013797,0.02780255
2026-08-14 00:00:00.000,-0.00111675,0.02713000
2026-08-14 08:00:00.001,-0.00201209,0.02748000
2026-08-14 16:00:00.001,-0.00488329,0.02537417
2026-08-15 00:00:00.003,-0.00398729,0.02507125
2026-08-15 08:00:00.002,-0.00526336,0.02442000
2026-08-15 16:00:00.000,-0.00198392,0.02174000
2026-08-16 00:00:00.000,-0.00458990,0.02047082
2026-08-16 08:00:00.002,-0.00586208,0.02390000
2026-08-16 16:00:00.000,-0.01100024,0.02417705
2026-08-17 00:00:00.001,-0.00791101,0.02268000
2026-08-17 08:00:00.003,-0.00896619,0.02248000
2026-08-17 16:00:00.005,-0.00400063,0.02072872
2026-08-18 00:00:00.006,-0.00392782,0.01968000
2026-08-18 08:00:00.001,-0.00434098,0.02045000
