Open Time,Open,High,Low,Close,Volume,Close Time,Quote Asset Volume,Number of Trades,Taker Buy Base Asset Volume,Taker Buy Quote Asset Volume,Ignore
2026-04-01 09:00:00,99.88000,100.56000,98.91000,99.95000,133423.68,2026-04-01 09:59:59,13316393.8234000,28221,65146.40,6502855.8270000,0
2026-04-01 10:00:00,99.96000,100.49000,99.40000,99.85000,66063.88,2026-04-01 10:59:59,6600992.7985000,13498,28068.40,2804983.6975000,0
2026-04-01 11:00:00,99.87000,100.04000,98.27000,98.74000,77120.30,2026-04-01 11:59:59,7635780.6793000,19170,33218.83,3288122.7441000,0
2026-04-01 12:00:00,98.74000,100.75000,98.02000,100.49000,166330.89,2026-04-01 12:59:59,16514771.4078000,28641,72900.45,7242704.6459000,0
2026-04-01 13:00:00,100.49000,100.87000,98.33000,98.88000,161409.46,2026-04-01 13:59:59,16077753.7481000,29804,80358.94,8007931.7674000,0
2026-04-01 14:00:00,98.88000,99.40000,98.12000,98.91000,113100.38,2026-04-01 14:59:59,11182768.2229000,24400,57140.76,5650380.5605000,0
2026-04-01 15:00:00,98.91000,100.06000,98.84000,99.55000,77936.10,2026-04-01 15:59:59,7750833.7538000,15724,33873.69,3370863.7648000,0
2026-04-01 16:00:00,99.53000,100.64000,99.46000,99.90000,66802.02,2026-04-01 16:59:59,6682607.6168000,13850,32381.31,3239267.3177000,0
2026-04-01 17:00:00,99.90000,99.90000,98.42000,99.16000,102766.52,2026-04-01 17:59:59,10174691.3687000,18281,47322.15,4686152.2211000,0
2026-04-01 18:00:00,99.15000,100.33000,99.07000,99.69000,139457.62,2026-04-01 18:59:59,13898954.2707000,21966,67965.44,6773276.6327000,0
2026-04-01 19:00:00,99.70000,99.80000,98.79000,99.43000,99290.23,2026-04-01 19:59:59,9865478.9401000,10297,42117.75,4183744.0408000,0
2026-04-01 20:00:00,99.44000,99.84000,98.69000,98.81000,70652.22,2026-04-01 20:59:59,7005503.9776000,9017,31143.68,3087616.2991000,0
2026-04-01 21:00:00,98.82000,99.31000,98.66000,99.11000,29927.27,2026-04-01 21:59:59,2962517.6284000,9422,15669.28,1551498.1776000,0
2026-04-01 22:00:00,99.11000,99.12000,98.55000,98.95000,33141.65,2026-04-01 22:59:59,3276238.8999000,8858,14805.96,1463384.3629000,0
2026-04-01 23:00:00,98.95000,99.03000,98.53000,98.76000,40197.56,2026-04-01 23:59:59,3970334.5080000,8091,20478.52,2023130.9374000,0
2026-04-02 00:00:00,98.76000,98.83000,97.40000,97.88000,170411.21,2026-04-02 00:59:59,16718685.1594000,20513,80203.19,7867235.4321000,0
2026-04-02 01:00:00,97.87000,104.36000,97.70000,103.95000,676154.55,2026-04-02 01:59:59,69154488.7637000,81642,375638.32,38425999.7861000,0
2026-04-02 02:00:00,103.95000,104.45000,103.38000,103.62000,144078.85,2026-04-02 02:59:59,14969366.1143000,30786,63919.19,6640671.1989000,0
2026-04-02 03:00:00,103.63000,104.75000,103.59000,104.65000,93396.23,2026-04-02 03:59:59,9723218.5494000,18489,56591.49,5893366.8335000,0
2026-04-02 04:00:00,104.65000,105.63000,104.54000,104.86000,131982.64,2026-04-02 04:59:59,13873241.5564000,25378,65094.07,6841899.8624000,0
2026-04-02 05:00:00,104.86000,105.99000,104.28000,105.97000,106227.16,2026-04-02 05:59:59,11157029.9665000,18932,48309.02,5076595.8419000,0
2026-04-02 06:00:00,105.97000,106.58000,105.68000,105.92000,155069.09,2026-04-02 06:59:59,16455429.6328000,25049,72449.33,7689700.9678000,0
2026-04-02 07:00:00,105.91000,106.49000,105.69000,106.13000,128689.18,2026-04-02 07:59:59,13661429.3660000,20573,58182.75,6177219.2595000,0
2026-04-02 08:00:00,106.12000,107.20000,105.92000,107.02000,185633.51,2026-04-02 08:59:59,19812198.5230000,19212,107672.80,11494601.9786000,0
2026-04-02 09:00:00,107.02000,107.92000,106.81000,107.50000,152202.57,2026-04-02 09:59:59,16342928.2349000,22366,70985.52,7621027.6468000,0
2026-04-02 10:00:00,107.49000,108.39000,107.35000,108.15000,188823.19,2026-04-02 10:59:59,20363992.5104000,25564,86730.06,9355362.2773000,0
2026-04-02 11:00:00,108.14000,109.79000,108.10000,109.67000,291313.14,2026-04-02 11:59:59,31795107.4147000,32076,152834.70,16685904.5360000,0
2026-04-02 12:00:00,109.67000,113.17000,109.26000,112.99000,699920.21,2026-04-02 12:59:59,77653971.1217000,69565,387391.55,43006388.6125000,0
2026-04-02 13:00:00,112.99000,113.69000,110.40000,110.72000,825632.26,2026-04-02 13:59:59,92556360.8854000,104724,410168.36,45997639.4084000,0
2026-04-02 14:00:00,110.73000,111.53000,106.37000,108.53000,1111398.48,2026-04-02 14:59:59,121137981.8038000,135283,532523.73,58051281.7442000,0
2026-04-02 15:00:00,108.54000,111.88000,107.97000,111.29000,633748.45,2026-04-02 15:59:59,69672379.9199000,84571,329268.34,36220372.7132000,0
2026-04-02 16:00:00,111.29000,111.88000,110.02000,110.48000,458162.26,2026-04-02 16:59:59,50843766.4361000,59410,223545.81,24816926.4085000,0
2026-04-02 17:00:00,110.49000,111.53000,109.47000,111.20000,307896.61,2026-04-02 17:59:59,34077763.2769000,51487,149212.98,16515544.8611000,0
2026-04-02 18:00:00,111.20000,111.90000,110.46000,110.71000,141748.02,2026-04-02 18:59:59,15753793.7884000,39898,72035.23,8007725.6745000,0
2026-04-02 19:00:00,110.72000,111.42000,110.41000,111.22000,96767.78,2026-04-02 19:59:59,10740128.5462000,20247,56379.34,6257708.8845000,0
2026-04-02 20:00:00,111.23000,111.75000,111.03000,111.74000,134600.13,2026-04-02 20:59:59,14986344.5543000,19570,66110.72,7357752.4948000,0
2026-04-02 21:00:00,111.73000,112.16000,111.71000,111.93000,78115.12,2026-04-02 21:59:59,8740622.2173000,18644,32799.29,3671215.1491000,0
2026-04-02 22:00:00,111.93000,112.02000,111.85000,111.94000,52737.58,2026-04-02 22:59:59,5903221.0699000,10679,25729.81,2880228.1726000,0
2026-04-02 23:00:00,111.94000,111.96000,111.87000,111.93000,39052.52,2026-04-02 23:59:59,4370849.0192000,17823,15153.32,1696104.2236000,0
2026-04-03 00:00:00,111.93000,111.94000,111.73000,111.93000,45080.84,2026-04-03 00:59:59,5042137.5847000,8420,20066.25,2244674.4089000,0
2026-04-03 01:00:00,111.94000,111.96000,111.80000,111.94000,42837.15,2026-04-03 01:59:59,4793526.6300000,6307,21558.12,2412588.8945000,0
2026-04-03 02:00:00,111.94000,111.99000,111.88000,111.96000,55772.77,2026-04-03 02:59:59,6243302.0285000,7015,28251.99,3162659.9248000,0
2026-04-03 03:00:00,111.96000,112.02000,111.92000,111.96000,45033.30,2026-04-03 03:59:59,5042636.5142000,5632,23385.87,2618739.1606000,0
2026-04-03 04:00:00,111.96000,111.97000,111.82000,111.91000,30523.86,2026-04-03 04:59:59,3415098.2008000,4097,13277.69,1485579.8270000,0
2026-04-03 05:00:00,111.91000,111.95000,111.82000,111.90000,28723.83,2026-04-03 05:59:59,3213044.6660000,4357,7699.02,861262.8429000,0
2026-04-03 06:00:00,111.90000,111.96000,111.88000,111.94000,28767.65,2026-04-03 06:59:59,3220046.5574000,3982,18713.79,2094775.3496000,0
2026-04-03 07:00:00,111.94000,111.97000,111.86000,111.94000,26909.95,2026-04-03 07:59:59,3012127.0235000,2868,11861.71,1327803.4729000,0
2026-04-03 08:00:00,111.94000,111.95000,111.80000,111.91000,29505.73,2026-04-03 08:59:59,3301076.0354000,3990,10718.02,1199184.2552000,0
2026-04-03 09:00:00,111.91000,111.94000,111.83000,111.90000,32160.85,2026-04-03 09:59:59,3598540.7027000,4451,14649.84,1639294.9109000,0
2026-04-03 10:00:00,111.91000,111.95000,111.85000,111.90000,44100.23,2026-04-03 10:59:59,4935288.5512000,7423,22026.86,2465201.3907000,0
2026-04-03 11:00:00,111.89000,111.92000,111.84000,111.89000,34610.58,2026-04-03 11:59:59,3872272.0386000,5236,17079.79,1911006.5145000,0
2026-04-03 12:00:00,111.88000,111.98000,111.86000,111.90000,36862.26,2026-04-03 12:59:59,4125443.5321000,5871,22062.94,2469373.6623000,0
2026-04-03 13:00:00,111.90000,112.00000,111.90000,111.97000,38789.37,2026-04-03 13:59:59,4343228.5043000,6750,24631.22,2758011.6053000,0
2026-04-03 14:00:00,111.96000,112.16000,111.92000,112.05000,73315.46,2026-04-03 14:59:59,8212346.4279000,9208,44707.15,5008279.7066000,0
2026-04-03 15:00:00,112.05000,112.11000,111.95000,112.00000,58993.57,2026-04-03 15:59:59,6608802.8901000,7391,29669.54,3323951.9662000,0
2026-04-03 16:00:00,111.99000,112.14000,111.95000,112.05000,43663.67,2026-04-03 16:59:59,4892605.5403000,6757,23640.97,2649226.5451000,0
2026-04-03 17:00:00,112.04000,112.16000,112.03000,112.15000,59511.01,2026-04-03 17:59:59,6672461.5435000,8115,38906.58,4362260.0202000,0
2026-04-03 18:00:00,112.15000,112.18000,111.95000,111.95000,42141.76,2026-04-03 18:59:59,4724148.0502000,5024,16571.22,1857792.4271000,0
2026-04-03 19:00:00,111.95000,112.00000,111.95000,111.99000,14925.58,2026-04-03 19:59:59,1671399.8087000,3864,8040.91,900479.9860000,0
2026-04-03 20:00:00,111.99000,112.18000,111.95000,112.04000,33154.27,2026-04-03 20:59:59,3716695.4839000,6165,14940.12,1674970.0728000,0
2026-04-03 21:00:00,112.04000,112.13000,111.76000,111.79000,33211.77,2026-04-03 21:59:59,3716355.6055000,7631,9375.40,1049288.9905000,0
2026-04-03 22:00:00,111.78000,111.96000,111.76000,111.94000,30738.26,2026-04-03 22:59:59,3437368.7023000,4544,17296.33,1934469.9400000,0
2026-04-03 23:00:00,111.94000,111.98000,111.85000,111.94000,19045.55,2026-04-03 23:59:59,2131863.1144000,4214,9925.83,1111177.5372000,0
2026-04-04 00:00:00,111.94000,111.97000,111.89000,111.92000,21384.95,2026-04-04 00:59:59,2393614.2349000,3332,8041.41,900187.3440000,0
2026-04-04 01:00:00,111.92000,111.95000,111.90000,111.90000,13011.83,2026-04-04 01:59:59,1456316.3912000,3364,5018.51,561714.9346000,0
2026-04-04 02:00:00,111.91000,111.94000,111.91000,111.92000,14020.44,2026-04-04 02:59:59,1569227.4188000,2103,6511.72,728850.8916000,0
2026-04-04 03:00:00,111.93000,111.98000,111.92000,111.97000,9785.71,2026-04-04 03:59:59,1095550.5204000,1156,5211.99,583530.0604000,0
2026-04-04 04:00:00,111.97000,111.98000,111.90000,111.91000,9689.78,2026-04-04 04:59:59,1084503.0883000,1515,2077.54,232539.1452000,0
2026-04-04 05:00:00,111.91000,111.94000,111.90000,111.93000,11059.85,2026-04-04 05:59:59,1237745.4380000,1496,5532.04,619141.3592000,0
2026-04-04 06:00:00,111.94000,111.96000,111.90000,111.96000,10317.29,2026-04-04 06:59:59,1154859.3066000,1672,6773.28,758196.1854000,0
2026-04-04 07:00:00,111.96000,111.97000,111.93000,111.96000,10007.62,2026-04-04 07:59:59,1120421.7078000,1591,5722.22,640663.3743000,0
2026-04-04 08:00:00,111.96000,111.97000,111.93000,111.96000,10624.39,2026-04-04 08:59:59,1189488.6120000,1702,7425.13,831322.2475000,0
2026-04-04 09:00:00,111.96000,111.98000,111.95000,111.98000,9897.41,2026-04-04 09:59:59,1108217.2285000,1542,5984.70,670133.5605000,0
2026-04-04 10:00:00,111.98000,111.99000,111.95000,111.99000,10683.19,2026-04-04 10:59:59,1196196.2886000,1815,7954.80,890725.8394000,0
2026-04-04 11:00:00,111.99000,112.00000,111.97000,111.99000,10654.26,2026-04-04 11:59:59,1193202.9791000,1465,7212.41,807759.8235000,0
2026-04-04 12:00:00,111.99000,112.00000,111.95000,111.96000,7501.42,2026-04-04 12:59:59,839985.0125000,1111,3458.40,387278.5407000,0
2026-04-04 13:00:00,111.96000,111.98000,111.91000,111.98000,11648.72,2026-04-04 13:59:59,1304126.7980000,1630,6070.14,679635.7506000,0
2026-04-04 14:00:00,111.98000,112.06000,111.98000,112.03000,30787.81,2026-04-04 14:59:59,3448754.8095000,7370,19660.54,2202348.1091000,0
2026-04-04 15:00:00,112.02000,112.04000,111.96000,112.00000,19623.09,2026-04-04 15:59:59,2197856.4494000,3157,9972.00,1116919.1328000,0
2026-04-04 16:00:00,112.00000,112.15000,112.00000,112.13000,30517.95,2026-04-04 16:59:59,3420752.6396000,2586,17770.27,1991898.1817000,0
2026-04-04 17:00:00,112.13000,112.24000,112.07000,112.17000,24862.50,2026-04-04 17:59:59,2787991.3655000,4105,12481.81,1399686.7128000,0
2026-04-04 18:00:00,112.16000,112.19000,112.09000,112.16000,7575.00,2026-04-04 18:59:59,849554.2959000,1493,3728.46,418144.7774000,0
2026-04-04 19:00:00,112.15000,112.16000,112.00000,112.02000,15670.75,2026-04-04 19:59:59,1755811.1937000,1672,3606.74,404189.8274000,0
2026-04-04 20:00:00,112.02000,112.20000,112.02000,112.13000,8412.01,2026-04-04 20:59:59,943485.5817000,1136,4431.74,497026.4609000,0
2026-04-04 21:00:00,112.13000,112.22000,112.11000,112.18000,8618.97,2026-04-04 21:59:59,966753.0923000,1337,5271.68,591319.7735000,0
2026-04-04 22:00:00,112.17000,112.22000,112.13000,112.17000,19820.13,2026-04-04 22:59:59,2223205.7770000,2705,11004.59,1234398.5242000,0
2026-04-04 23:00:00,112.16000,112.22000,112.12000,112.13000,19721.25,2026-04-04 23:59:59,2212418.9945000,3442,8903.20,998832.5711000,0
2026-04-05 00:00:00,112.12000,112.24000,112.05000,112.10000,26938.51,2026-04-05 00:59:59,3020458.4402000,6065,9963.27,1117249.4663000,0
2026-04-05 01:00:00,112.10000,112.26000,112.08000,112.17000,12532.81,2026-04-05 01:59:59,1406064.1618000,4697,6836.55,766995.3418000,0
2026-04-05 02:00:00,112.17000,112.27000,112.16000,112.24000,17558.78,2026-04-05 02:59:59,1970059.5374000,3402,7871.99,883277.0699000,0
2026-04-05 03:00:00,112.23000,112.27000,112.12000,112.20000,17048.59,2026-04-05 03:59:59,1912662.4813000,5044,7857.59,881625.4402000,0
2026-04-05 04:00:00,112.20000,112.38000,112.19000,112.31000,35813.14,2026-04-05 04:59:59,4021535.8506000,6371,14328.93,1609066.3567000,0
2026-04-05 05:00:00,112.31000,112.35000,112.31000,112.32000,18416.46,2026-04-05 05:59:59,2068590.9351000,3727,8955.22,1005914.0393000,0
2026-04-05 06:00:00,112.31000,112.38000,112.27000,112.37000,27673.75,2026-04-05 06:59:59,3108697.5606000,8082,18135.53,2037274.7674000,0
2026-04-05 07:00:00,112.36000,112.37000,112.11000,112.18000,39252.00,2026-04-05 07:59:59,4404798.7833000,5684,15198.05,1705680.9068000,0
2026-04-05 08:00:00,112.18000,112.50000,112.18000,112.40000,24061.53,2026-04-05 08:59:59,2702526.8802000,4138,15801.98,1774948.7077000,0
2026-04-05 09:00:00,112.40000,112.48000,112.16000,112.25000,19015.84,2026-04-05 09:59:59,2136222.0975000,2783,10893.73,1224003.5759000,0
2026-04-05 10:00:00,112.24000,112.33000,112.16000,112.28000,18407.07,2026-04-05 10:59:59,2065796.0297000,5876,12132.45,1361618.4070000,0
2026-04-05 11:00:00,112.28000,112.47000,112.21000,112.47000,24658.74,2026-04-05 11:59:59,2770808.3261000,2803,14684.51,1649899.9083000,0
2026-04-05 12:00:00,112.47000,113.19000,112.46000,113.05000,101548.14,2026-04-05 12:59:59,11466088.3571000,18327,64284.70,7256961.5187000,0
2026-04-05 13:00:00,113.04000,113.34000,112.41000,112.73000,90239.41,2026-04-05 13:59:59,10190240.1076000,15665,42183.74,4764488.3202000,0
2026-04-05 14:00:00,112.74000,112.75000,112.22000,112.36000,46456.66,2026-04-05 14:59:59,5223156.9508000,9941,17650.08,1984770.4865000,0
2026-04-05 15:00:00,112.37000,112.57000,111.06000,111.80000,114109.21,2026-04-05 15:59:59,12764672.8739000,21369,51431.62,5751941.3974000,0
2026-04-05 16:00:00,111.80000,112.61000,111.79000,112.20000,49199.58,2026-04-05 16:59:59,5517081.2091000,14611,26977.72,3025218.0131000,0
2026-04-05 17:00:00,112.21000,112.92000,112.21000,112.49000,44815.57,2026-04-05 17:59:59,5045168.4719000,12091,28001.69,3152908.7720000,0
2026-04-05 18:00:00,112.48000,112.80000,112.23000,112.48000,24106.84,2026-04-05 18:59:59,2713630.5494000,9284,14306.02,1610483.2861000,0
2026-04-05 19:00:00,112.47000,112.59000,111.82000,112.39000,42543.39,2026-04-05 19:59:59,4774310.3026000,10797,19962.37,2240427.4717000,0
2026-04-05 20:00:00,112.39000,112.73000,112.38000,112.52000,18112.76,2026-04-05 20:59:59,2038987.7876000,5597,8280.24,932074.3083000,0
2026-04-05 21:00:00,112.51000,112.83000,112.31000,112.71000,43444.74,2026-04-05 21:59:59,4891424.0022000,10249,17195.27,1936114.6072000,0
2026-04-05 22:00:00,112.71000,118.00000,112.27000,113.12000,618489.29,2026-04-05 22:59:59,70548893.9272000,117640,323905.39,36971364.3958000,0
2026-04-05 23:00:00,113.11000,113.85000,112.35000,113.77000,266472.86,2026-04-05 23:59:59,30152185.7426000,44457,130698.10,14785791.6048000,0
2026-04-06 00:00:00,113.77000,113.80000,111.46000,111.90000,287195.31,2026-04-06 00:59:59,32240464.0197000,54261,153558.45,17232675.9347000,0
2026-04-06 01:00:00,111.91000,112.57000,111.20000,111.60000,166340.12,2026-04-06 01:59:59,18595380.4228000,32629,76340.58,8535024.0713000,0
2026-04-06 02:00:00,111.59000,111.74000,109.06000,111.10000,338697.50,2026-04-06 02:59:59,37452242.7065000,62626,149967.18,16581350.8332000,0
2026-04-06 03:00:00,111.10000,111.96000,110.94000,111.08000,162750.97,2026-04-06 03:59:59,18126430.2557000,33628,81218.46,9046635.6840000,0
2026-04-06 04:00:00,111.07000,111.27000,110.51000,111.02000,104674.02,2026-04-06 04:59:59,11602172.0375000,28428,56953.15,6313694.6194000,0
2026-04-06 05:00:00,111.02000,111.75000,110.69000,111.48000,85501.50,2026-04-06 05:59:59,9503161.2573000,19843,43656.25,4852171.9075000,0
2026-04-06 06:00:00,111.48000,112.32000,110.42000,110.63000,193080.32,2026-04-06 06:59:59,21473668.8672000,41568,104744.44,11659666.9247000,0
2026-04-06 07:00:00,110.63000,111.51000,108.54000,109.10000,270311.76,2026-04-06 07:59:59,29734434.7750000,54345,122054.09,13446214.6888000,0
2026-04-06 08:00:00,109.09000,109.97000,108.64000,109.19000,235500.15,2026-04-06 08:59:59,25762968.3877000,50118,131602.90,14396212.9468000,0
2026-04-06 09:00:00,109.18000,111.32000,108.74000,111.19000,332391.88,2026-04-06 09:59:59,36422024.0480000,45514,191444.85,20975323.6464000,0
2026-04-06 10:00:00,111.19000,111.21000,109.39000,109.58000,216791.57,2026-04-06 10:59:59,23889399.0760000,42016,109238.53,12037120.3475000,0
2026-04-06 11:00:00,109.58000,110.20000,109.31000,109.88000,131083.32,2026-04-06 11:59:59,14394973.5780000,33664,61122.76,6711670.4157000,0
2026-04-06 12:00:00,109.87000,110.67000,109.75000,109.92000,157427.87,2026-04-06 12:59:59,17353632.4873000,30541,82514.84,9097140.0993000,0
2026-04-06 13:00:00,109.91000,112.85000,109.62000,111.62000,428490.65,2026-04-06 13:59:59,47831986.9671000,61435,223054.59,24895544.5101000,0
2026-04-06 14:00:00,111.62000,112.41000,110.06000,110.75000,340684.98,2026-04-06 14:59:59,37817941.4575000,72800,165910.67,18415237.3121000,0
2026-04-06 15:00:00,110.75000,112.33000,110.64000,111.62000,234541.36,2026-04-06 15:59:59,26188822.0038000,43652,135008.82,15074473.2415000,0
2026-04-06 16:00:00,111.61000,111.84000,110.80000,111.84000,144025.27,2026-04-06 16:59:59,16031526.9639000,36339,83617.32,9306738.7839000,0
2026-04-06 17:00:00,111.84000,114.72000,111.82000,113.82000,449838.17,2026-04-06 17:59:59,50945357.9266000,81101,258233.25,29269225.4842000,0
2026-04-06 18:00:00,113.82000,113.93000,111.19000,111.89000,259749.91,2026-04-06 18:59:59,29167378.2148000,57172,111306.17,12506907.8000000,0
2026-04-06 19:00:00,111.89000,112.71000,111.67000,112.24000,71533.93,2026-04-06 19:59:59,8029123.9791000,21838,30465.63,3418584.0926000,0
2026-04-06 20:00:00,112.23000,112.85000,111.96000,112.37000,37500.69,2026-04-06 20:59:59,4213645.7356000,12232,18799.16,2112300.7390000,0
2026-04-06 21:00:00,112.37000,112.60000,112.30000,112.45000,24768.01,2026-04-06 21:59:59,2784974.8917000,9024,11929.23,1341600.5505000,0
2026-04-06 22:00:00,112.44000,113.20000,112.26000,112.99000,74921.79,2026-04-06 22:59:59,8446426.0544000,25359,32232.12,3634179.3550000,0
2026-04-06 23:00:00,112.99000,113.62000,112.65000,113.51000,68240.95,2026-04-06 23:59:59,7715384.5546000,18183,35279.79,3990098.4244000,0
2026-04-07 00:00:00,113.51000,113.51000,112.31000,112.96000,108763.46,2026-04-07 00:59:59,12281662.3245000,28756,47719.68,5391451.6958000,0
2026-04-07 01:00:00,112.97000,114.87000,112.38000,114.62000,144199.63,2026-04-07 01:59:59,16409115.6670000,47515,80101.32,9118107.2459000,0
2026-04-07 02:00:00,114.64000,115.11000,114.08000,114.52000,167944.77,2026-04-07 02:59:59,19249185.5154000,38412,82470.67,9454198.5164000,0
2026-04-07 03:00:00,114.53000,115.42000,114.41000,115.34000,118090.30,2026-04-07 03:59:59,13580364.8846000,26988,61011.65,7015465.6600000,0
2026-04-07 04:00:00,115.34000,116.06000,114.64000,115.01000,278533.11,2026-04-07 04:59:59,32151025.4029000,50030,125597.77,14501921.4907000,0
2026-04-07 05:00:00,115.00000,115.65000,114.42000,114.87000,206212.05,2026-04-07 05:59:59,23712509.4800000,36165,102908.73,11837224.5907000,0
2026-04-07 06:00:00,114.86000,115.31000,114.36000,114.61000,164599.36,2026-04-07 06:59:59,18890381.5187000,29505,71550.07,8211798.1085000,0
2026-04-07 07:00:00,114.60000,115.35000,114.36000,115.12000,239915.96,2026-04-07 07:59:59,27538546.8394000,32048,105145.45,12068295.2621000,0
2026-04-07 08:00:00,115.13000,115.13000,111.95000,112.36000,577707.28,2026-04-07 08:59:59,65304581.8435000,98173,273705.09,30938480.4451000,0
2026-04-07 09:00:00,112.36000,112.75000,110.92000,112.26000,348727.15,2026-04-07 09:59:59,38983612.1794000,63300,169776.32,18982416.8837000,0
2026-04-07 10:00:00,112.25000,114.23000,111.60000,113.88000,521953.78,2026-04-07 10:59:59,59018065.9549000,109037,279497.76,31612005.2165000,0
2026-04-07 11:00:00,113.88000,115.44000,113.64000,115.33000,224609.37,2026-04-07 11:59:59,25717315.6318000,62207,117676.43,13479137.0516000,0
2026-04-07 12:00:00,115.33000,115.96000,113.55000,114.47000,607285.90,2026-04-07 12:59:59,69703338.8337000,85314,259030.38,29740792.2885000,0
2026-04-07 13:00:00,114.47000,115.59000,113.85000,115.47000,401206.78,2026-04-07 13:59:59,46067938.1072000,75861,204404.96,23464275.5011000,0
2026-04-07 14:00:00,115.48000,116.37000,114.80000,115.91000,451513.67,2026-04-07 14:59:59,52235122.9108000,81340,220968.22,25565808.0905000,0
2026-04-07 15:00:00,115.92000,117.00000,114.27000,114.82000,756290.75,2026-04-07 15:59:59,87572510.7001000,106411,368684.25,42726677.9174000,0
2026-04-07 16:00:00,114.82000,115.34000,113.37000,114.90000,509113.27,2026-04-07 16:59:59,58290637.9813000,84314,222976.06,25536864.8064000,0
2026-04-07 17:00:00,114.90000,115.55000,113.24000,113.82000,340094.42,2026-04-07 17:59:59,38853341.5598000,70349,164612.86,18809209.5428000,0
2026-04-07 18:00:00,113.82000,115.14000,112.51000,114.78000,901581.69,2026-04-07 18:59:59,102563893.5594000,85554,496608.83,56481543.9797000,0
2026-04-07 19:00:00,114.79000,115.12000,109.53000,111.77000,1384697.84,2026-04-07 19:59:59,156086179.5673000,162651,702953.26,79377447.0127000,0
2026-04-07 20:00:00,111.76000,111.94000,109.49000,109.66000,954989.25,2026-04-07 20:59:59,105897205.5819000,144835,616312.61,68357910.3239000,0
2026-04-07 21:00:00,109.65000,109.93000,107.00000,108.67000,501899.94,2026-04-07 21:59:59,54467934.5781000,97026,250959.44,27260063.9824000,0
2026-04-07 22:00:00,108.67000,109.41000,97.61000,98.74000,3200282.19,2026-04-07 22:59:59,328166138.2247000,345990,1415958.47,145135184.0157000,0
2026-04-07 23:00:00,98.75000,98.77000,91.14000,96.46000,3815719.49,2026-04-07 23:59:59,361230561.7035000,367435,1833641.09,173509867.9156000,0
2026-04-08 00:00:00,96.46000,98.00000,94.01000,96.74000,1421753.04,2026-04-08 00:59:59,136929546.8878000,208087,690992.15,66551593.7132000,0
2026-04-08 01:00:00,96.73000,97.21000,95.59000,96.37000,551870.83,2026-04-08 01:59:59,53303752.5072000,91820,282186.29,27254568.9184000,0
2026-04-08 02:00:00,96.38000,96.98000,95.65000,96.14000,595765.10,2026-04-08 02:59:59,57255733.3104000,73907,245558.37,23612454.8345000,0
2026-04-08 03:00:00,96.14000,96.33000,95.21000,96.09000,460110.01,2026-04-08 03:59:59,44018405.5695000,51053,231966.15,22196477.9265000,0
2026-04-08 04:00:00,96.08000,96.71000,94.98000,96.22000,596287.99,2026-04-08 04:59:59,57131730.7934000,56783,279850.40,26818929.5730000,0
2026-04-08 05:00:00,96.22000,96.40000,95.00000,95.32000,416552.69,2026-04-08 05:59:59,39825062.1615000,59957,197573.78,18891619.4300000,0
2026-04-08 06:00:00,95.33000,95.66000,94.18000,95.52000,508345.15,2026-04-08 06:59:59,48161782.7661000,60247,248389.75,23530143.9445000,0
2026-04-08 07:00:00,95.51000,96.13000,95.28000,95.58000,436923.81,2026-04-08 07:59:59,41845415.6970000,49422,222729.23,21332106.3213000,0
2026-04-08 08:00:00,95.58000,96.20000,94.51000,94.53000,563866.76,2026-04-08 08:59:59,53729048.3132000,61517,297404.91,28346230.7622000,0
2026-04-08 09:00:00,94.53000,94.99000,93.64000,94.11000,467381.24,2026-04-08 09:59:59,44101686.2847000,55895,227645.66,21480194.9975000,0
2026-04-08 10:00:00,94.12000,94.95000,93.54000,94.37000,489752.58,2026-04-08 10:59:59,46096811.5451000,54778,235225.70,22143861.8633000,0
2026-04-08 11:00:00,94.37000,94.60000,92.67000,92.87000,767510.20,2026-04-08 11:59:59,71665011.0447000,73466,374554.08,34964517.0499000,0
2026-04-08 12:00:00,92.86000,94.50000,91.50000,91.87000,1488393.22,2026-04-08 12:59:59,137901708.7934000,137936,776764.12,71924975.8481000,0
2026-04-08 13:00:00,91.88000,93.85000,91.11000,92.87000,1158823.08,2026-04-08 13:59:59,107041930.8073000,124959,564152.04,52133953.9233000,0
2026-04-08 14:00:00,92.88000,95.96000,92.12000,95.24000,1616980.53,2026-04-08 14:59:59,152433427.5331000,180221,804453.26,75867585.8248000,0
2026-04-08 15:00:00,95.24000,95.91000,94.26000,94.64000,1049597.09,2026-04-08 15:59:59,99761726.3328000,102172,513526.46,48829046.9591000,0
2026-04-08 16:00:00,94.64000,94.91000,93.17000,93.65000,958323.04,2026-04-08 16:59:59,90283597.6947000,88454,466326.14,43939240.9035000,0
2026-04-08 17:00:00,93.64000,95.44000,93.33000,94.76000,932552.55,2026-04-08 17:59:59,88215518.6337000,102015,523266.41,49503895.9781000,0
2026-04-08 18:00:00,94.75000,95.11000,93.11000,94.94000,952279.99,2026-04-08 18:59:59,89650620.8238000,104618,453346.14,42693559.7585000,0
2026-04-08 19:00:00,94.94000,96.20000,94.70000,95.41000,964653.68,2026-04-08 19:59:59,92127681.0435000,84875,520790.67,49756197.4468000,0
2026-04-08 20:00:00,95.42000,95.50000,94.68000,95.40000,520210.27,2026-04-08 20:59:59,49496243.2844000,55046,286377.96,27253417.7849000,0
2026-04-08 21:00:00,95.40000,95.72000,94.31000,95.31000,171886.04,2026-04-08 21:59:59,16353071.4151000,36007,81886.64,7790066.7690000,0
2026-04-08 22:00:00,95.31000,96.85000,95.31000,95.76000,546233.51,2026-04-08 22:59:59,52412792.5509000,84313,283289.10,27190209.6439000,0
2026-04-08 23:00:00,95.77000,96.09000,95.32000,95.99000,306342.90,2026-04-08 23:59:59,29304157.5834000,39465,143235.14,13704613.6980000,0
2026-04-09 00:00:00,95.98000,96.33000,95.09000,96.13000,899948.05,2026-04-09 00:59:59,86103383.2473000,77128,527388.29,50479677.4214000,0
2026-04-09 01:00:00,96.14000,96.91000,95.43000,95.49000,559588.41,2026-04-09 01:59:59,53853510.2146000,52761,236272.05,22745517.1919000,0
2026-04-09 02:00:00,95.49000,95.79000,95.09000,95.76000,331252.28,2026-04-09 02:59:59,31623952.8511000,33135,158421.89,15125822.1185000,0
2026-04-09 03:00:00,95.76000,95.89000,95.17000,95.66000,235722.56,2026-04-09 03:59:59,22525417.3555000,23649,120335.71,11500061.9974000,0
2026-04-09 04:00:00,95.65000,96.20000,95.57000,96.18000,248712.15,2026-04-09 04:59:59,23838102.2261000,21082,131394.52,12596971.7249000,0
2026-04-09 05:00:00,96.18000,96.41000,95.56000,95.66000,364620.35,2026-04-09 05:59:59,34974179.9034000,32352,179280.47,17197763.4766000,0
2026-04-09 06:00:00,95.66000,96.22000,95.25000,95.56000,302619.27,2026-04-09 06:59:59,28987910.7002000,30764,151005.53,14468382.3335000,0
2026-04-09 07:00:00,95.55000,96.50000,95.50000,96.27000,472084.68,2026-04-09 07:59:59,45343610.1747000,44962,222350.89,21355762.0131000,0
2026-04-09 08:00:00,96.27000,96.38000,95.74000,96.30000,450362.23,2026-04-09 08:59:59,43257893.2703000,42343,212719.84,20433018.7028000,0
2026-04-09 09:00:00,96.29000,96.35000,95.70000,95.99000,331072.32,2026-04-09 09:59:59,31749128.7097000,25939,152169.91,14593732.6962000,0
2026-04-09 10:00:00,95.98000,97.64000,95.91000,97.58000,796293.45,2026-04-09 10:59:59,77283846.1439000,66723,405678.51,39365535.6035000,0
2026-04-09 11:00:00,97.59000,97.63000,96.47000,97.06000,595589.57,2026-04-09 11:59:59,57853715.4208000,54444,302559.23,29396218.9494000,0
2026-04-09 12:00:00,97.06000,97.68000,96.52000,97.18000,539132.53,2026-04-09 12:59:59,52363274.6215000,56450,251040.05,24385950.0510000,0
2026-04-09 13:00:00,97.18000,98.36000,96.87000,98.25000,616772.79,2026-04-09 13:59:59,60148511.8663000,71048,311370.59,30374641.0926000,0
2026-04-09 14:00:00,98.26000,99.85000,97.94000,99.08000,1033823.27,2026-04-09 14:59:59,102342950.2513000,87011,513743.16,50854920.6624000,0
2026-04-09 15:00:00,99.07000,99.65000,96.32000,96.76000,2795748.11,2026-04-09 15:59:59,272730299.7156000,188660,1220634.18,119108109.3043000,0
2026-04-09 16:00:00,96.77000,96.77000,94.23000,94.93000,1879884.37,2026-04-09 16:59:59,178663591.3541000,134029,986109.91,93711922.6568000,0
2026-04-09 17:00:00,94.93000,95.18000,93.27000,94.13000,1165941.68,2026-04-09 17:59:59,109844373.6495000,93235,567370.72,53479815.2125000,0
2026-04-09 18:00:00,94.12000,96.32000,93.91000,95.85000,1149257.52,2026-04-09 18:59:59,109661491.3830000,97946,605925.78,57832461.3975000,0
2026-04-09 19:00:00,95.85000,97.21000,95.37000,97.02000,869363.75,2026-04-09 19:59:59,83993557.7966000,64965,503117.28,48621913.9570000,0
2026-04-09 20:00:00,97.01000,97.02000,95.07000,95.13000,489477.22,2026-04-09 20:59:59,46977562.3622000,46511,219344.54,21041119.6050000,0
2026-04-09 21:00:00,95.14000,96.98000,95.02000,95.74000,277447.02,2026-04-09 21:59:59,26572498.6412000,39290,143077.61,13700779.5689000,0
2026-04-09 22:00:00,95.73000,96.06000,94.85000,95.86000,594706.40,2026-04-09 22:59:59,56775571.7341000,52221,279107.86,26653306.8537000,0
2026-04-09 23:00:00,95.87000,96.01000,95.13000,95.57000,231560.94,2026-04-09 23:59:59,22103798.9504000,19691,101318.09,9670525.8924000,0
2026-04-10 00:00:00,95.56000,95.72000,95.03000,95.50000,282046.06,2026-04-10 00:59:59,26881417.1251000,22710,145416.41,13860227.6804000,0
2026-04-10 01:00:00,95.49000,95.78000,94.72000,95.02000,282496.88,2026-04-10 01:59:59,26881735.4061000,22010,129086.54,12286069.4703000,0
2026-04-10 02:00:00,95.01000,95.36000,94.92000,95.12000,258257.43,2026-04-10 02:59:59,24570554.1591000,17602,140932.66,13408504.4517000,0
2026-04-10 03:00:00,95.13000,95.20000,94.09000,94.41000,382464.15,2026-04-10 03:59:59,36202340.3357000,24909,149782.86,14180159.9125000,0
2026-04-10 04:00:00,94.41000,94.92000,94.20000,94.87000,147773.07,2026-04-10 04:59:59,13975132.3503000,14251,73583.93,6958480.5220000,0
2026-04-10 05:00:00,94.86000,95.16000,94.64000,95.10000,138098.40,2026-04-10 05:59:59,13108008.9712000,10197,63077.14,5988246.6540000,0
2026-04-10 06:00:00,95.10000,95.36000,94.85000,95.12000,195683.43,2026-04-10 06:59:59,18610378.3440000,15603,95999.71,9131353.3127000,0
2026-04-10 07:00:00,95.13000,96.37000,95.10000,95.98000,312679.84,2026-04-10 07:59:59,29986222.7189000,23665,161120.01,15448931.9135000,0
2026-04-10 08:00:00,95.97000,96.54000,95.59000,96.34000,290715.64,2026-04-10 08:59:59,27915609.0734000,23021,143275.61,13758113.9761000,0
2026-04-10 09:00:00,96.34000,96.34000,94.59000,95.02000,589094.45,2026-04-10 09:59:59,56108587.6475000,48045,278925.23,26570079.6606000,0
2026-04-10 10:00:00,95.01000,95.36000,94.30000,94.72000,372660.24,2026-04-10 10:59:59,35333000.1980000,41295,163365.12,15492242.0427000,0
2026-04-10 11:00:00,94.73000,95.18000,94.33000,94.63000,375925.28,2026-04-10 11:59:59,35602561.8153000,55186,197118.99,18667182.3681000,0
2026-04-10 12:00:00,94.63000,94.83000,93.56000,94.55000,495060.21,2026-04-10 12:59:59,46594714.7308000,67984,230204.49,21670112.8406000,0
2026-04-10 13:00:00,94.55000,95.37000,93.87000,95.12000,755379.36,2026-04-10 13:59:59,71631630.6415000,78476,289079.08,27411437.4323000,0
2026-04-10 14:00:00,95.13000,95.48000,94.05000,94.79000,833695.33,2026-04-10 14:59:59,79019294.7666000,83702,338358.89,32082863.3325000,0
2026-04-10 15:00:00,94.79000,95.70000,94.62000,95.58000,469109.85,2026-04-10 15:59:59,44637505.5899000,71623,233385.70,22208576.5978000,0
2026-04-10 16:00:00,95.57000,95.68000,94.50000,94.78000,423640.82,2026-04-10 16:59:59,40322522.3488000,58066,171161.00,16293926.0727000,0
2026-04-10 17:00:00,94.78000,95.05000,94.53000,94.59000,318064.07,2026-04-10 17:59:59,30140265.5277000,51740,153776.05,14573535.0769000,0
2026-04-10 18:00:00,94.59000,94.89000,92.68000,92.89000,617019.66,2026-04-10 18:59:59,57760485.2827000,74879,304739.33,28511198.0568000,0
2026-04-10 19:00:00,92.88000,93.30000,92.26000,93.24000,770765.81,2026-04-10 19:59:59,71496246.9252000,51666,410175.12,38041981.6468000,0
2026-04-10 20:00:00,93.24000,93.24000,91.70000,92.35000,546180.92,2026-04-10 20:59:59,50409529.7192000,32218,246619.07,22750415.7133000,0
2026-04-10 21:00:00,92.35000,92.78000,92.34000,92.63000,203579.57,2026-04-10 21:59:59,18834884.5645000,25153,76645.41,7090867.5439000,0
2026-04-10 22:00:00,92.62000,93.21000,92.61000,93.16000,280411.27,2026-04-10 22:59:59,26084813.6536000,20790,169734.28,15791826.7498000,0
2026-04-10 23:00:00,93.16000,93.18000,93.10000,93.18000,85237.85,2026-04-10 23:59:59,7939389.7312000,20044,54965.16,5119857.5054000,0
2026-04-11 00:00:00,93.18000,93.18000,92.98000,93.04000,98748.92,2026-04-11 00:59:59,9192471.3788000,6482,63457.78,5908208.9807000,0
2026-04-11 01:00:00,93.04000,93.09000,92.90000,92.95000,71093.75,2026-04-11 01:59:59,6612502.1816000,11454,33425.53,3109459.3368000,0
2026-04-11 02:00:00,92.95000,93.05000,92.94000,93.04000,52505.01,2026-04-11 02:59:59,4883476.6082000,5189,23935.37,2226288.1931000,0
2026-04-11 03:00:00,93.04000,93.08000,93.02000,93.04000,37338.21,2026-04-11 03:59:59,3474291.9415000,2976,17437.28,1622634.2580000,0
2026-04-11 04:00:00,93.04000,93.10000,93.00000,93.04000,52534.65,2026-04-11 04:59:59,4888810.3182000,4338,27393.13,2549313.2066000,0
2026-04-11 05:00:00,93.04000,93.08000,93.00000,93.06000,64819.43,2026-04-11 05:59:59,6029994.0518000,8019,28276.77,2630668.7750000,0
2026-04-11 06:00:00,93.06000,93.10000,93.00000,93.02000,52021.95,2026-04-11 06:59:59,4840908.7037000,8847,22966.09,2137247.3480000,0
2026-04-11 07:00:00,93.02000,93.05000,93.01000,93.04000,39083.72,2026-04-11 07:59:59,3635737.9588000,7306,20378.46,1895729.5119000,0
2026-04-11 08:00:00,93.03000,93.06000,93.00000,93.01000,27479.45,2026-04-11 08:59:59,2556333.0908000,2210,12335.95,1147628.1068000,0
2026-04-11 09:00:00,93.01000,93.05000,92.98000,93.01000,51066.70,2026-04-11 09:59:59,4749913.7919000,7417,28208.50,2623823.4223000,0
2026-04-11 10:00:00,93.01000,93.05000,92.99000,93.02000,35679.78,2026-04-11 10:59:59,3318807.3885000,4960,16507.40,1535498.9849000,0
2026-04-11 11:00:00,93.03000,93.04000,93.00000,93.01000,25999.47,2026-04-11 11:59:59,2418481.5390000,1520,12347.92,1148646.9191000,0
2026-04-11 12:00:00,93.02000,93.04000,92.98000,92.99000,61593.15,2026-04-11 12:59:59,5728568.1858000,12438,30681.77,2853682.2309000,0
2026-04-11 13:00:00,92.99000,93.04000,92.98000,93.00000,37909.53,2026-04-11 13:59:59,3526170.2560000,10334,22509.62,2093791.1090000,0
2026-04-11 14:00:00,93.01000,93.03000,92.93000,92.98000,70286.62,2026-04-11 14:59:59,6535474.4712000,9754,34240.79,3183815.1587000,0
2026-04-11 15:00:00,92.99000,93.03000,92.97000,92.99000,61126.63,2026-04-11 15:59:59,5684064.3588000,4557,31016.99,2884292.5349000,0
2026-04-11 16:00:00,92.98000,92.99000,91.25000,91.73000,705346.66,2026-04-11 16:59:59,64966383.9501000,59870,290508.61,26762364.8207000,0
2026-04-11 17:00:00,91.73000,92.50000,91.66000,92.34000,334490.70,2026-04-11 17:59:59,30851450.7648000,33865,162864.64,15019220.2485000,0
2026-04-11 18:00:00,92.33000,92.68000,92.25000,92.50000,208265.52,2026-04-11 18:59:59,19248977.8139000,23817,94907.93,8772784.7427000,0
2026-04-11 19:00:00,92.51000,92.88000,92.34000,92.72000,190828.53,2026-04-11 19:59:59,17671947.3359000,15901,93869.31,8695234.4648000,0
2026-04-11 20:00:00,92.73000,92.73000,92.25000,92.53000,108040.56,2026-04-11 20:59:59,9987739.4907000,10428,52488.59,4853624.0999000,0
2026-04-11 21:00:00,92.54000,92.68000,92.47000,92.55000,56565.30,2026-04-11 21:59:59,5237864.0589000,4798,25079.31,2322377.2740000,0
2026-04-11 22:00:00,92.56000,92.80000,92.39000,92.72000,89927.01,2026-04-11 22:59:59,8327959.4957000,6567,50440.79,4671992.2032000,0
2026-04-11 23:00:00,92.73000,92.88000,92.68000,92.83000,75613.89,2026-04-11 23:59:59,7018100.8342000,6576,42264.91,3922950.1604000,0
2026-04-12 00:00:00,92.83000,92.85000,92.36000,92.36000,78406.89,2026-04-12 00:59:59,7258956.3752000,5906,21199.32,1962938.3184000,0
2026-04-12 01:00:00,92.35000,94.59000,92.05000,94.05000,1336399.85,2026-04-12 01:59:59,125042037.4462000,95517,896936.21,83930845.5292000,0
2026-04-12 02:00:00,94.05000,94.50000,93.70000,93.87000,665561.76,2026-04-12 02:59:59,62606017.3160000,52948,429516.83,40411879.5144000,0
2026-04-12 03:00:00,93.88000,94.05000,93.21000,93.37000,376920.82,2026-04-12 03:59:59,35278417.8013000,38394,191059.72,17883948.4178000,0
2026-04-12 04:00:00,93.35000,93.98000,93.35000,93.64000,187926.47,2026-04-12 04:59:59,17615684.3132000,19273,117798.68,11042176.5627000,0
2026-04-12 05:00:00,93.64000,93.91000,93.36000,93.84000,179660.87,2026-04-12 05:59:59,16825553.3960000,16898,97571.28,9140259.8915000,0
2026-04-12 06:00:00,93.83000,93.84000,93.44000,93.62000,142280.50,2026-04-12 06:59:59,13319707.6447000,12860,62712.59,5869951.2167000,0
2026-04-12 07:00:00,93.62000,93.87000,93.15000,93.24000,364718.18,2026-04-12 07:59:59,34094603.0956000,30109,167794.46,15691199.5839000,0
2026-04-12 08:00:00,93.25000,93.79000,93.25000,93.64000,142185.96,2026-04-12 08:59:59,13316759.5838000,15380,86144.61,8068069.4975000,0
2026-04-12 09:00:00,93.64000,93.98000,93.56000,93.77000,98168.96,2026-04-12 09:59:59,9203939.2963000,13984,59851.03,5612099.5388000,0
2026-04-12 10:00:00,93.76000,93.77000,93.48000,93.75000,106661.80,2026-04-12 10:59:59,9987905.6140000,8555,51394.23,4813309.4387000,0
2026-04-12 11:00:00,93.75000,93.77000,93.47000,93.56000,182998.19,2026-04-12 11:59:59,17121517.5415000,13451,74155.66,6938873.8740000,0
2026-04-12 12:00:00,93.54000,95.96000,93.54000,95.70000,518941.76,2026-04-12 12:59:59,49160635.2249000,32448,346026.53,32765540.8680000,0
2026-04-12 13:00:00,95.71000,96.63000,95.01000,95.43000,647581.33,2026-04-12 13:59:59,62022211.9503000,63084,332378.34,31831749.1916000,0
2026-04-12 14:00:00,95.43000,95.68000,94.90000,95.52000,345941.88,2026-04-12 14:59:59,32979536.4654000,33974,196976.84,18779241.1834000,0
2026-04-12 15:00:00,95.51000,95.89000,95.04000,95.25000,377991.76,2026-04-12 15:59:59,36090540.9310000,31554,160332.26,15316938.6272000,0
2026-04-12 16:00:00,95.25000,97.13000,95.25000,96.94000,429387.89,2026-04-12 16:59:59,41337529.7419000,39825,261473.57,25164547.9796000,0
2026-04-12 17:00:00,96.93000,96.98000,96.00000,96.14000,189471.06,2026-04-12 17:59:59,18258874.0013000,26749,79369.88,7649831.8736000,0
2026-04-12 18:00:00,96.14000,96.97000,95.87000,96.41000,185350.21,2026-04-12 18:59:59,17887059.4833000,27525,92107.09,8889511.7508000,0
2026-04-12 19:00:00,96.42000,97.03000,96.35000,96.65000,186506.45,2026-04-12 19:59:59,18005662.6073000,18761,93428.39,9021600.8497000,0
2026-04-12 20:00:00,96.65000,98.76000,96.65000,98.57000,629312.86,2026-04-12 20:59:59,61616145.7688000,69563,360644.11,35301065.4255000,0
2026-04-12 21:00:00,98.57000,98.97000,97.22000,97.90000,428746.13,2026-04-12 21:59:59,42070021.9277000,50294,200609.95,19699483.6372000,0
2026-04-12 22:00:00,97.91000,99.40000,97.70000,98.56000,1447390.08,2026-04-12 22:59:59,142463674.4508000,128948,681958.66,67133274.2923000,0
2026-04-12 23:00:00,98.56000,99.66000,98.53000,98.76000,1981372.15,2026-04-12 23:59:59,196562088.8167000,61940,657257.47,65199559.3469000,0
2026-04-13 00:00:00,98.77000,99.82000,98.60000,98.60000,665269.34,2026-04-13 00:59:59,65948521.3041000,45797,330906.65,32803172.1824000,0
2026-04-13 01:00:00,98.59000,98.90000,98.31000,98.80000,384397.98,2026-04-13 01:59:59,37915170.1525000,32075,186814.78,18427937.2668000,0
2026-04-13 02:00:00,98.80000,99.37000,98.77000,99.16000,289970.63,2026-04-13 02:59:59,28731501.8297000,25875,144985.63,14365807.8483000,0
2026-04-13 03:00:00,99.16000,99.49000,99.02000,99.35000,263500.96,2026-04-13 03:59:59,26164163.8570000,17899,133242.63,13231810.4594000,0
2026-04-13 04:00:00,99.34000,99.36000,98.80000,98.94000,211199.75,2026-04-13 04:59:59,20912841.7060000,13581,98908.93,9792249.8098000,0
2026-04-13 05:00:00,98.94000,99.17000,98.51000,98.63000,235351.85,2026-04-13 05:59:59,23268566.8031000,17257,111941.05,11067443.7326000,0
2026-04-13 06:00:00,98.62000,98.73000,97.51000,97.82000,494221.43,2026-04-13 06:59:59,48531580.6668000,35023,223072.03,21915119.8024000,0
2026-04-13 07:00:00,97.81000,98.54000,97.53000,98.49000,322683.78,2026-04-13 07:59:59,31673628.6408000,34542,177175.88,17392552.1271000,0
2026-04-13 08:00:00,98.50000,99.29000,98.03000,98.96000,372347.57,2026-04-13 08:59:59,36753340.8478000,35149,205203.31,20254475.4597000,0
2026-04-13 09:00:00,98.96000,99.04000,98.48000,98.89000,277430.98,2026-04-13 09:59:59,27414124.6973000,24935,126554.02,12505632.2548000,0
2026-04-13 10:00:00,98.89000,99.12000,98.50000,98.57000,242684.24,2026-04-13 10:59:59,23978877.5653000,18861,119594.42,11817824.5689000,0
2026-04-13 11:00:00,98.57000,99.06000,98.05000,99.05000,383796.78,2026-04-13 11:59:59,37838504.0276000,30770,196967.01,19421273.7703000,0
2026-04-13 12:00:00,99.05000,99.07000,97.82000,98.10000,452706.05,2026-04-13 12:59:59,44568211.5387000,36196,190927.71,18799295.1742000,0
2026-04-13 13:00:00,98.11000,98.28000,94.74000,96.26000,1176227.81,2026-04-13 13:59:59,113572035.3470000,81343,546488.32,52732551.0036000,0
2026-04-13 14:00:00,96.27000,97.12000,95.53000,96.66000,818860.20,2026-04-13 14:59:59,78933873.7258000,68649,439835.56,42406271.0023000,0
2026-04-13 15:00:00,96.66000,98.02000,96.64000,97.84000,736554.65,2026-04-13 15:59:59,71801139.1975000,56140,382894.00,37324588.9537000,0
2026-04-13 16:00:00,97.83000,97.83000,94.40000,95.06000,1732784.20,2026-04-13 16:59:59,166137811.6376000,107985,845517.94,81046263.9353000,0
2026-04-13 17:00:00,95.05000,95.44000,94.44000,94.88000,467577.66,2026-04-13 17:59:59,44358172.7234000,47654,252563.19,23963840.3014000,0
2026-04-13 18:00:00,94.88000,95.12000,92.80000,92.94000,557034.91,2026-04-13 18:59:59,52359551.6721000,47189,235924.89,22190058.2159000,0
2026-04-13 19:00:00,92.95000,94.02000,92.87000,93.83000,404152.86,2026-04-13 19:59:59,37828523.5605000,28655,193342.09,18091392.0127000,0
2026-04-13 20:00:00,93.83000,93.86000,93.15000,93.43000,292494.01,2026-04-13 20:59:59,27348883.0391000,26045,146239.16,13672606.7385000,0
2026-04-13 21:00:00,93.43000,93.57000,93.02000,93.30000,110143.99,2026-04-13 21:59:59,10272884.8650000,17213,63891.35,5957682.6894000,0
2026-04-13 22:00:00,93.30000,93.52000,92.96000,93.03000,383027.26,2026-04-13 22:59:59,35727029.1928000,34100,179104.70,16708150.3586000,0
2026-04-13 23:00:00,93.04000,93.10000,91.63000,92.05000,583107.53,2026-04-13 23:59:59,53757863.8314000,47803,271421.07,25021689.8759000,0
2026-04-14 00:00:00,92.04000,92.35000,91.30000,91.43000,399005.42,2026-04-14 00:59:59,36685301.4453000,35364,179661.61,16523085.1280000,0
2026-04-14 01:00:00,91.43000,92.71000,91.41000,92.59000,383289.13,2026-04-14 01:59:59,35326141.9313000,30780,198819.64,18319449.3657000,0
2026-04-14 02:00:00,92.60000,92.77000,92.28000,92.62000,140110.44,2026-04-14 02:59:59,12965758.5969000,14150,62706.14,5804390.7163000,0
2026-04-14 03:00:00,92.62000,92.92000,92.14000,92.42000,280112.34,2026-04-14 03:59:59,25920146.8532000,20285,145377.17,13458115.9646000,0
2026-04-14 04:00:00,92.42000,92.44000,92.07000,92.16000,166411.84,2026-04-14 04:59:59,15344624.8306000,15284,71674.50,6609044.8727000,0
2026-04-14 05:00:00,92.15000,92.84000,92.08000,92.72000,172256.69,2026-04-14 05:59:59,15932551.4132000,14865,97493.63,9015575.2666000,0
2026-04-14 06:00:00,92.73000,93.31000,92.49000,93.10000,201090.92,2026-04-14 06:59:59,18670236.6603000,20179,106178.33,9859656.9533000,0
2026-04-14 07:00:00,93.10000,93.14000,91.54000,92.72000,503695.71,2026-04-14 07:59:59,46514799.4980000,46424,243508.19,22485874.4980000,0
2026-04-14 08:00:00,92.73000,92.98000,92.37000,92.39000,291918.40,2026-04-14 08:59:59,27064375.9357000,30538,138289.41,12821189.0918000,0
2026-04-14 09:00:00,92.38000,93.05000,92.20000,92.80000,209661.66,2026-04-14 09:59:59,19444086.7738000,23533,106681.56,9894426.7873000,0
2026-04-14 10:00:00,92.79000,93.26000,92.23000,93.05000,334236.81,2026-04-14 10:59:59,31031495.9347000,29013,163329.90,15164639.8885000,0
2026-04-14 11:00:00,93.05000,93.40000,92.01000,92.74000,377347.82,2026-04-14 11:59:59,35034616.8308000,31728,190129.84,17655368.6602000,0
2026-04-14 12:00:00,92.74000,92.74000,91.62000,91.80000,416673.84,2026-04-14 12:59:59,38353215.9925000,41080,192972.19,17761519.3361000,0
2026-04-14 13:00:00,91.79000,92.09000,90.70000,90.88000,593607.66,2026-04-14 13:59:59,54238694.5954000,58217,258179.47,23597066.7712000,0
2026-04-14 14:00:00,90.88000,90.88000,88.50000,89.72000,1230430.84,2026-04-14 14:59:59,110220417.5964000,85128,500701.65,44840009.6797000,0
2026-04-14 15:00:00,89.73000,90.66000,89.09000,89.37000,673197.84,2026-04-14 15:59:59,60528348.5224000,52526,337624.97,30356980.7700000,0
2026-04-14 16:00:00,89.38000,89.49000,88.71000,89.40000,417593.30,2026-04-14 16:59:59,37237197.6093000,33151,221062.40,19716032.4583000,0
2026-04-14 17:00:00,89.41000,89.60000,88.72000,89.18000,267517.49,2026-04-14 17:59:59,23866274.8256000,25999,123829.94,11050323.7442000,0
2026-04-14 18:00:00,89.17000,89.27000,88.19000,88.88000,318289.12,2026-04-14 18:59:59,28228275.4795000,35068,148079.23,13134065.9476000,0
2026-04-14 19:00:00,88.88000,89.24000,88.67000,89.04000,173694.51,2026-04-14 19:59:59,15449569.9623000,15011,100172.40,8913454.6794000,0
2026-04-14 20:00:00,89.03000,89.16000,88.50000,88.85000,179603.11,2026-04-14 20:59:59,15965602.9239000,18345,89907.24,7992457.9066000,0
2026-04-14 21:00:00,88.85000,89.03000,88.59000,88.96000,59132.35,2026-04-14 21:59:59,5250723.7258000,8957,26232.32,2329434.8776000,0
2026-04-14 22:00:00,88.97000,89.24000,88.63000,88.89000,257909.15,2026-04-14 22:59:59,22940232.8802000,25395,121182.22,10779268.3747000,0
2026-04-14 23:00:00,88.88000,89.12000,84.41000,87.52000,1444757.56,2026-04-14 23:59:59,124945087.1891000,123086,638977.70,55306041.8945000,0
2026-04-15 00:00:00,87.53000,88.06000,87.53000,87.74000,285005.04,2026-04-15 00:59:59,25021421.5571000,34806,137477.76,12070162.2984000,0
2026-04-15 01:00:00,87.75000,88.06000,87.34000,87.78000,180863.98,2026-04-15 01:59:59,15860978.3957000,24814,85943.83,7537548.0582000,0
2026-04-15 02:00:00,87.78000,88.57000,87.72000,88.54000,122281.93,2026-04-15 02:59:59,10775969.0986000,18571,73573.93,6485933.1730000,0
2026-04-15 03:00:00,88.53000,88.68000,88.18000,88.21000,150035.83,2026-04-15 03:59:59,13261376.0441000,15889,77998.27,6893531.5503000,0
2026-04-15 04:00:00,88.22000,89.02000,88.18000,88.87000,103313.66,2026-04-15 04:59:59,9161219.9184000,12978,64388.07,5710314.9615000,0
2026-04-15 05:00:00,88.87000,88.95000,88.50000,88.55000,126611.85,2026-04-15 05:59:59,11240789.3816000,15352,62773.79,5573417.6910000,0
2026-04-15 06:00:00,88.55000,88.59000,87.66000,88.20000,244814.76,2026-04-15 06:59:59,21548955.6927000,25207,107483.09,9462611.9269000,0
2026-04-15 07:00:00,88.20000,88.70000,88.12000,88.25000,200718.48,2026-04-15 07:59:59,17743872.4951000,22235,103138.58,9116925.3311000,0
2026-04-15 08:00:00,88.25000,89.32000,88.04000,88.95000,180009.15,2026-04-15 08:59:59,15975193.8410000,24636,92182.05,8181509.3269000,0
2026-04-15 09:00:00,88.94000,89.89000,88.88000,89.56000,302287.69,2026-04-15 09:59:59,27071449.4876000,32198,160349.59,14362001.0239000,0
2026-04-15 10:00:00,89.57000,90.51000,89.10000,89.91000,543075.45,2026-04-15 10:59:59,48824282.9268000,40735,257055.50,23110200.5271000,0
2026-04-15 11:00:00,89.91000,90.08000,88.59000,89.04000,385765.82,2026-04-15 11:59:59,34471584.7985000,35277,176310.23,15757700.2000000,0
2026-04-15 12:00:00,89.03000,89.77000,88.64000,89.18000,339439.25,2026-04-15 12:59:59,30273293.8695000,42519,162329.02,14483907.7219000,0
2026-04-15 13:00:00,89.19000,89.41000,87.78000,88.26000,334016.74,2026-04-15 13:59:59,29559076.8773000,44370,158092.08,13993036.7917000,0
2026-04-15 14:00:00,88.26000,89.23000,87.80000,89.06000,355268.29,2026-04-15 14:59:59,31469163.0774000,40592,159525.29,14128629.4633000,0
2026-04-15 15:00:00,89.06000,89.77000,88.88000,89.15000,289372.79,2026-04-15 15:59:59,25833095.8236000,33705,150110.44,13404187.7734000,0
2026-04-15 16:00:00,89.16000,89.29000,88.43000,88.66000,176464.63,2026-04-15 16:59:59,15673305.3856000,21637,93540.92,8308519.9452000,0
2026-04-15 17:00:00,88.66000,89.12000,88.35000,89.01000,183479.86,2026-04-15 17:59:59,16278376.7760000,21095,98667.39,8755573.5718000,0
2026-04-15 18:00:00,89.01000,89.28000,87.90000,88.06000,468981.59,2026-04-15 18:59:59,41438258.5022000,36995,202973.99,17937615.3282000,0
2026-04-15 19:00:00,88.06000,88.06000,87.72000,87.93000,101402.01,2026-04-15 19:59:59,8913030.1352000,10387,50270.17,4418808.9386000,0
2026-04-15 20:00:00,87.92000,88.24000,87.90000,88.15000,76617.46,2026-04-15 20:59:59,6749295.5692000,6878,37910.50,3339733.8246000,0
2026-04-15 21:00:00,88.14000,88.25000,87.91000,88.04000,30063.45,2026-04-15 21:59:59,2647684.5481000,3793,16303.90,1435804.4655000,0
2026-04-15 22:00:00,88.04000,88.18000,87.66000,87.86000,105199.38,2026-04-15 22:59:59,9245721.2535000,12195,54907.67,4825559.0652000,0
2026-04-15 23:00:00,87.86000,87.88000,87.55000,87.77000,56407.12,2026-04-15 23:59:59,4946376.1984000,6665,28699.45,2516921.7993000,0
2026-04-16 00:00:00,87.76000,87.87000,87.38000,87.81000,87791.67,2026-04-16 00:59:59,7692970.9845000,9999,39876.77,3495030.8692000,0
2026-04-16 01:00:00,87.81000,88.19000,87.63000,88.10000,107490.52,2026-04-16 01:59:59,9446473.2970000,9708,56719.00,4984197.9088000,0
2026-04-16 02:00:00,88.11000,88.37000,87.95000,88.05000,76077.20,2026-04-16 02:59:59,6707478.0228000,7738,31878.66,2811128.1825000,0
2026-04-16 03:00:00,88.04000,88.24000,87.83000,88.21000,53801.92,2026-04-16 03:59:59,4736810.1130000,5709,27364.29,2409012.0936000,0
2026-04-16 04:00:00,88.21000,88.39000,88.17000,88.25000,40814.98,2026-04-16 04:59:59,3603160.5333000,4375,19814.76,1749307.1573000,0
2026-04-16 05:00:00,88.25000,88.28000,87.87000,87.96000,79529.60,2026-04-16 05:59:59,7007407.4406000,6932,38922.03,3429766.8363000,0
2026-04-16 06:00:00,87.96000,88.19000,87.78000,88.14000,79470.92,2026-04-16 06:59:59,6993520.0698000,7785,39096.43,3441523.7826000,0
2026-04-16 07:00:00,88.13000,89.42000,88.11000,89.38000,270284.10,2026-04-16 07:59:59,23974549.2858000,17042,155869.06,13827892.6286000,0
2026-04-16 08:00:00,89.38000,89.85000,89.17000,89.27000,274899.96,2026-04-16 08:59:59,24593461.8038000,17840,112244.30,10042597.5291000,0
2026-04-16 09:00:00,89.27000,89.66000,89.11000,89.52000,129308.98,2026-04-16 09:59:59,11549981.6420000,11073,69914.70,6245027.0565000,0
2026-04-16 10:00:00,89.51000,89.55000,88.71000,88.80000,167122.51,2026-04-16 10:59:59,14915013.2628000,12063,67019.47,5985368.1505000,0
2026-04-16 11:00:00,88.80000,88.90000,88.30000,88.69000,259238.49,2026-04-16 11:59:59,22979099.9851000,16988,114614.84,10161160.0600000,0
2026-04-16 12:00:00,88.69000,89.34000,88.30000,89.32000,276493.14,2026-04-16 12:59:59,24541565.5896000,17586,145823.10,12942627.3571000,0
2026-04-16 13:00:00,89.32000,90.48000,88.82000,90.21000,480386.00,2026-04-16 13:59:59,43065588.9247000,27411,242792.64,21780679.0057000,0
2026-04-16 14:00:00,90.21000,90.72000,89.96000,90.39000,437911.21,2026-04-16 14:59:59,39563820.0298000,28244,190256.16,17192598.1722000,0
2026-04-16 15:00:00,90.38000,90.93000,89.78000,90.32000,989454.62,2026-04-16 15:59:59,89366432.9962000,42565,418675.88,37820967.2760000,0
2026-04-16 16:00:00,90.32000,91.54000,90.31000,91.35000,744175.48,2026-04-16 16:59:59,67734490.3975000,39374,438973.53,39977516.3320000,0
2026-04-16 17:00:00,91.35000,91.90000,91.17000,91.61000,463695.35,2026-04-16 17:59:59,42457877.2420000,23313,211637.79,19380698.6718000,0
2026-04-16 18:00:00,91.61000,91.63000,90.48000,90.50000,410117.15,2026-04-16 18:59:59,37390511.2587000,23704,171452.81,15632599.8008000,0
2026-04-16 19:00:00,90.50000,90.71000,89.94000,90.18000,161434.04,2026-04-16 19:59:59,14580667.2193000,11168,80763.47,7296081.4996000,0
2026-04-16 20:00:00,90.18000,90.22000,89.63000,89.67000,102133.98,2026-04-16 20:59:59,9192315.1646000,6970,44432.39,4000189.2089000,0
2026-04-16 21:00:00,89.67000,89.87000,89.52000,89.76000,71504.18,2026-04-16 21:59:59,6409933.3826000,6705,41469.57,3717841.9422000,0
2026-04-16 22:00:00,89.77000,90.24000,89.67000,89.69000,247489.87,2026-04-16 22:59:59,22259887.3754000,14668,151853.67,13658910.6746000,0
2026-04-16 23:00:00,89.70000,90.31000,89.69000,90.14000,98703.38,2026-04-16 23:59:59,8885475.4242000,6878,52453.98,4722000.9057000,0
2026-04-17 00:00:00,90.14000,90.19000,89.73000,90.18000,160697.15,2026-04-17 00:59:59,14453867.7204000,9300,85175.72,7660841.1888000,0
2026-04-17 01:00:00,90.17000,90.33000,89.83000,89.97000,118027.14,2026-04-17 01:59:59,10637598.9044000,9055,62082.86,5595608.1705000,0
2026-04-17 02:00:00,89.97000,90.19000,89.85000,89.92000,108600.42,2026-04-17 02:59:59,9771440.1498000,7353,57150.81,5141979.1228000,0
2026-04-17 03:00:00,89.92000,90.14000,89.76000,89.93000,61610.95,2026-04-17 03:59:59,5541337.4817000,4184,28901.03,2599559.4028000,0
2026-04-17 04:00:00,89.94000,89.96000,89.58000,89.63000,72495.99,2026-04-17 04:59:59,6508554.9299000,3918,32899.37,2954097.4020000,0
2026-04-17 05:00:00,89.63000,89.83000,89.43000,89.56000,161431.94,2026-04-17 05:59:59,14469072.3038000,8216,103530.07,9281253.3168000,0
2026-04-17 06:00:00,89.57000,90.39000,89.57000,90.23000,184979.72,2026-04-17 06:59:59,16639282.5343000,10504,104379.78,9389518.3678000,0
2026-04-17 07:00:00,90.23000,90.36000,89.89000,90.05000,191701.25,2026-04-17 07:59:59,17272938.9847000,13006,91704.46,8262740.7049000,0
2026-04-17 08:00:00,90.05000,90.11000,88.88000,89.11000,265511.98,2026-04-17 08:59:59,23770433.3434000,18297,129032.83,11550076.0974000,0
2026-04-17 09:00:00,89.11000,89.24000,87.54000,87.75000,481157.19,2026-04-17 09:59:59,42453789.4217000,26896,217636.18,19189734.6114000,0
2026-04-17 10:00:00,87.75000,88.12000,87.10000,87.90000,311220.02,2026-04-17 10:59:59,27280246.1243000,19448,171109.11,14999541.2721000,0
2026-04-17 11:00:00,87.90000,88.09000,87.51000,87.74000,155391.86,2026-04-17 11:59:59,13645714.6434000,10481,73654.35,6468386.7555000,0
2026-04-17 12:00:00,87.73000,87.87000,81.96000,82.56000,2729241.29,2026-04-17 12:59:59,230441961.0486000,109008,1233836.70,104115866.2828000,0
2026-04-17 13:00:00,82.56000,83.36000,80.60000,81.91000,3493881.56,2026-04-17 13:59:59,286430799.0448000,144332,1800944.50,147670048.4524000,0
2026-04-17 14:00:00,81.91000,82.05000,79.11000,80.08000,1927091.70,2026-04-17 14:59:59,154839615.4334000,84565,928011.85,74552666.8977000,0
2026-04-17 15:00:00,80.08000,81.92000,79.84000,81.27000,1717282.21,2026-04-17 15:59:59,139083357.8066000,67933,910037.79,73693683.1059000,0
2026-04-17 16:00:00,81.27000,82.02000,81.02000,81.52000,740061.18,2026-04-17 16:59:59,60292851.2539000,33321,382821.81,31190622.1202000,0
2026-04-17 17:00:00,81.52000,83.16000,81.47000,81.98000,1137498.38,2026-04-17 17:59:59,93774179.3915000,44125,614988.78,50700222.3688000,0
2026-04-17 18:00:00,81.98000,83.69000,81.86000,83.35000,717228.27,2026-04-17 18:59:59,59408878.6000000,37651,349934.15,28993487.4223000,0
2026-04-17 19:00:00,83.36000,83.57000,82.72000,83.22000,253291.07,2026-04-17 19:59:59,21092195.0903000,15860,116408.67,9692670.9859000,0
2026-04-17 20:00:00,83.22000,84.12000,83.07000,84.05000,300021.79,2026-04-17 20:59:59,25061227.1825000,19405,162255.35,13554544.8698000,0
2026-04-17 21:00:00,84.04000,84.16000,83.69000,83.96000,208941.24,2026-04-17 21:59:59,17547691.7123000,13738,99265.80,8337602.2527000,0
2026-04-17 22:00:00,83.96000,84.45000,83.86000,84.00000,220521.74,2026-04-17 22:59:59,18541303.2664000,15080,117771.97,9902880.8306000,0
2026-04-17 23:00:00,84.01000,84.01000,83.89000,83.98000,49303.17,2026-04-17 23:59:59,4139310.8892000,5021,21314.59,1789624.9151000,0
2026-04-18 00:00:00,83.99000,84.03000,83.89000,84.01000,65205.67,2026-04-18 00:59:59,5474999.8484000,4709,34805.54,2922870.4815000,0
2026-04-18 01:00:00,84.01000,84.02000,83.95000,84.02000,37473.55,2026-04-18 01:59:59,3147173.5012000,2863,20106.53,1688648.0210000,0
2026-04-18 02:00:00,84.02000,84.06000,83.90000,84.02000,63201.80,2026-04-18 02:59:59,5307116.5942000,5611,34160.94,2868786.9767000,0
2026-04-18 03:00:00,84.02000,84.09000,84.01000,84.08000,22000.43,2026-04-18 03:59:59,1849299.8344000,2253,14525.55,1221017.4414000,0
2026-04-18 04:00:00,84.08000,84.11000,84.03000,84.05000,35131.47,2026-04-18 04:59:59,2953816.8496000,2722,20331.20,1709506.9226000,0
2026-04-18 05:00:00,84.05000,84.08000,84.01000,84.08000,15317.60,2026-04-18 05:59:59,1287527.3816000,2308,8659.24,727907.8455000,0
2026-04-18 06:00:00,84.08000,84.08000,83.93000,83.94000,40478.01,2026-04-18 06:59:59,3399779.6020000,7451,11197.73,940657.4785000,0
2026-04-18 07:00:00,83.94000,84.04000,83.93000,84.03000,32217.53,2026-04-18 07:59:59,2705572.8919000,4101,17919.06,1504956.6099000,0
2026-04-18 08:00:00,84.03000,84.55000,84.03000,84.13000,532310.51,2026-04-18 08:59:59,44902896.4263000,37900,328700.99,27722108.7146000,0
2026-04-18 09:00:00,84.14000,84.53000,84.02000,84.34000,246796.09,2026-04-18 09:59:59,20808701.2514000,15315,143240.74,12078240.5133000,0
2026-04-18 10:00:00,84.34000,84.74000,84.24000,84.56000,212566.61,2026-04-18 10:59:59,17963200.9140000,13998,114623.82,9688242.4451000,0
2026-04-18 11:00:00,84.55000,85.05000,84.11000,84.16000,501293.42,2026-04-18 11:59:59,42351942.9410000,31997,227492.97,19226724.4258000,0
2026-04-18 12:00:00,84.16000,84.60000,84.16000,84.45000,159310.65,2026-04-18 12:59:59,13450287.8786000,12293,95056.46,8025014.9695000,0
2026-04-18 13:00:00,84.45000,84.97000,84.33000,84.53000,290995.94,2026-04-18 13:59:59,24630496.0519000,25665,171793.81,14544146.8747000,0
2026-04-18 14:00:00,84.53000,84.54000,84.18000,84.25000,160410.21,2026-04-18 14:59:59,13529122.4467000,11749,77620.14,6547832.3119000,0
2026-04-18 15:00:00,84.25000,84.35000,84.13000,84.15000,153359.99,2026-04-18 15:59:59,12914762.0937000,6426,54004.75,4548719.6124000,0
2026-04-18 16:00:00,84.16000,84.62000,84.16000,84.52000,147065.70,2026-04-18 16:59:59,12419848.4680000,9160,99561.98,8408089.1107000,0
2026-04-18 17:00:00,84.52000,84.59000,84.22000,84.43000,96580.34,2026-04-18 17:59:59,8152019.9880000,6835,39155.98,3305691.2724000,0
2026-04-18 18:00:00,84.42000,84.62000,84.29000,84.55000,100310.55,2026-04-18 18:59:59,8473659.6887000,9452,58025.19,4901348.5116000,0
2026-04-18 19:00:00,84.54000,84.59000,84.25000,84.28000,80654.80,2026-04-18 19:59:59,6804808.9186000,5207,35519.67,2997112.6203000,0
2026-04-18 20:00:00,84.27000,84.59000,84.27000,84.49000,67181.52,2026-04-18 20:59:59,5675399.4773000,5052,38370.40,3241522.8534000,0
2026-04-18 21:00:00,84.49000,84.52000,84.35000,84.39000,41432.66,2026-04-18 21:59:59,3498811.5037000,3277,16092.09,1359141.5084000,0
2026-04-18 22:00:00,84.39000,84.44000,83.71000,84.22000,211650.62,2026-04-18 22:59:59,17797504.9566000,16957,81879.45,6884535.0637000,0
2026-04-18 23:00:00,84.21000,84.48000,84.08000,84.13000,124630.05,2026-04-18 23:59:59,10492657.7734000,8136,55669.63,4687166.2409000,0
2026-04-19 00:00:00,84.13000,84.73000,84.12000,84.40000,146394.57,2026-04-19 00:59:59,12363061.6241000,17379,78340.01,6617988.6257000,0
2026-04-19 01:00:00,84.40000,84.48000,84.13000,84.45000,74371.64,2026-04-19 01:59:59,6268502.8458000,12972,30679.51,2587300.6698000,0
2026-04-19 02:00:00,84.45000,84.57000,84.20000,84.41000,54485.88,2026-04-19 02:59:59,4598535.7858000,6848,28153.99,2376749.8508000,0
2026-04-19 03:00:00,84.41000,84.51000,84.25000,84.31000,80712.71,2026-04-19 03:59:59,6808364.3586000,4850,35891.96,3027944.1845000,0
2026-04-19 04:00:00,84.31000,84.62000,84.31000,84.60000,72730.92,2026-04-19 04:59:59,6146387.7410000,5951,41851.71,3536669.6668000,0
2026-04-19 05:00:00,84.60000,84.83000,84.53000,84.59000,80934.30,2026-04-19 05:59:59,6855396.0274000,8569,43729.59,3703778.4150000,0
2026-04-19 06:00:00,84.60000,84.85000,84.55000,84.79000,60877.06,2026-04-19 06:59:59,5155955.0149000,6491,31435.89,2662440.7056000,0
2026-04-19 07:00:00,84.78000,84.96000,84.51000,84.76000,231217.49,2026-04-19 07:59:59,19571502.4439000,15915,122630.39,10382377.4104000,0
2026-04-19 08:00:00,84.76000,85.70000,84.76000,85.46000,224217.83,2026-04-19 08:59:59,19129359.9737000,20088,128378.82,10947998.6356000,0
2026-04-19 09:00:00,85.45000,85.56000,85.22000,85.51000,80298.56,2026-04-19 09:59:59,6858594.8368000,8542,39262.62,3353518.7404000,0
2026-04-19 10:00:00,85.51000,85.55000,85.08000,85.13000,94433.27,2026-04-19 10:59:59,8057685.4732000,8126,41556.91,3547013.5339000,0
2026-04-19 11:00:00,85.14000,85.25000,84.35000,84.69000,310419.91,2026-04-19 11:59:59,26284872.7065000,20233,143681.57,12168480.9797000,0
2026-04-19 12:00:00,84.68000,85.72000,84.65000,85.17000,309880.52,2026-04-19 12:59:59,26377606.0703000,24774,167487.06,14256057.8441000,0
2026-04-19 13:00:00,85.17000,85.33000,84.60000,84.82000,126389.68,2026-04-19 13:59:59,10729056.6990000,15968,57521.22,4883902.5346000,0
2026-04-19 14:00:00,84.82000,84.99000,84.48000,84.69000,179783.03,2026-04-19 14:59:59,15214282.7955000,17617,86209.67,7296487.9346000,0
2026-04-19 15:00:00,84.69000,84.82000,84.48000,84.48000,146535.36,2026-04-19 15:59:59,12391242.3976000,12798,72793.06,6156357.0490000,0
2026-04-19 16:00:00,84.50000,86.99000,84.50000,86.86000,396137.91,2026-04-19 16:59:59,33964129.2402000,38372,221495.45,18986314.8584000,0
2026-04-19 17:00:00,86.86000,87.97000,86.63000,87.18000,460052.19,2026-04-19 17:59:59,40147095.8259000,50588,227320.20,19837028.6547000,0
2026-04-19 18:00:00,87.19000,87.67000,87.16000,87.48000,157304.97,2026-04-19 18:59:59,13752268.0647000,17510,88834.81,7766337.1796000,0
2026-04-19 19:00:00,87.47000,88.16000,87.01000,87.74000,369024.25,2026-04-19 19:59:59,32317593.4548000,34263,190524.21,16685777.9050000,0
2026-04-19 20:00:00,87.74000,89.09000,87.74000,89.08000,265203.34,2026-04-19 20:59:59,23533920.2591000,22687,124662.20,11048483.8910000,0
2026-04-19 21:00:00,89.08000,89.60000,89.07000,89.28000,46822.99,2026-04-19 21:59:59,4179815.3014000,2273,19720.59,1761535.4309000,0
2026-04-19 22:00:00,89.28000,89.93000,87.11000,87.57000,955930.41,2026-04-19 22:59:59,84147651.0745000,74197,418541.84,36846414.5664000,0
2026-04-19 23:00:00,87.57000,88.17000,87.41000,87.95000,492584.56,2026-04-19 23:59:59,43262919.0292000,26373,286374.31,25150789.4577000,0
2026-04-20 00:00:00,87.96000,88.74000,87.96000,88.12000,800066.57,2026-04-20 00:59:59,70642929.9043000,36542,374058.26,33037292.2507000,0
2026-04-20 01:00:00,88.13000,88.16000,86.42000,86.75000,484393.86,2026-04-20 01:59:59,42304905.7977000,29530,203172.94,17753257.4140000,0
2026-04-20 02:00:00,86.75000,87.44000,86.63000,87.20000,251507.09,2026-04-20 02:59:59,21874625.2711000,17742,111986.51,9738639.3969000,0
2026-04-20 03:00:00,87.20000,87.53000,87.14000,87.46000,107666.13,2026-04-20 03:59:59,9406626.9920000,7682,46738.16,4083304.5627000,0
2026-04-20 04:00:00,87.46000,87.93000,87.32000,87.48000,99069.77,2026-04-20 04:59:59,8674861.0903000,9573,45139.63,3953695.7244000,0
2026-04-20 05:00:00,87.49000,87.87000,87.37000,87.62000,116089.26,2026-04-20 05:59:59,10178365.6564000,10755,62073.80,5443101.4487000,0
2026-04-20 06:00:00,87.61000,88.05000,87.32000,87.43000,135679.34,2026-04-20 06:59:59,11890554.7605000,19094,67264.30,5895287.3633000,0
2026-04-20 07:00:00,87.43000,88.26000,86.62000,87.73000,550493.15,2026-04-20 07:59:59,48156702.5424000,34556,271136.62,23738886.9727000,0
2026-04-20 08:00:00,87.74000,88.41000,87.39000,87.46000,311051.33,2026-04-20 08:59:59,27367264.2273000,25766,155787.03,13710459.4848000,0
2026-04-20 09:00:00,87.47000,87.84000,86.93000,87.61000,300429.67,2026-04-20 09:59:59,26239254.2114000,28132,146342.64,12785181.8600000,0
2026-04-20 10:00:00,87.62000,87.67000,86.71000,87.54000,212912.45,2026-04-20 10:59:59,18568827.0765000,22710,103573.87,9035622.7068000,0
2026-04-20 11:00:00,87.54000,87.97000,87.00000,87.13000,191861.71,2026-04-20 11:59:59,16792059.0166000,24568,92971.92,8138417.7126000,0
2026-04-20 12:00:00,87.12000,87.58000,86.73000,86.99000,258710.22,2026-04-20 12:59:59,22535719.2357000,28485,132576.51,11549362.4839000,0
2026-04-20 13:00:00,86.99000,87.46000,85.48000,86.01000,849018.24,2026-04-20 13:59:59,73182820.3054000,58063,383634.69,33065675.3213000,0
2026-04-20 14:00:00,86.02000,87.84000,85.98000,87.33000,740982.77,2026-04-20 14:59:59,64325485.4167000,48237,404332.83,35114700.6895000,0
2026-04-20 15:00:00,87.33000,87.61000,86.42000,87.33000,584992.06,2026-04-20 15:59:59,50924099.8413000,44603,256048.05,22300106.3916000,0
2026-04-20 16:00:00,87.34000,87.70000,86.96000,87.21000,442624.08,2026-04-20 16:59:59,38612348.8071000,28644,148027.57,12922339.9884000,0
2026-04-20 17:00:00,87.22000,87.99000,87.05000,87.53000,311015.39,2026-04-20 17:59:59,27195312.5824000,27151,147223.66,12873061.4343000,0
2026-04-20 18:00:00,87.52000,87.77000,87.01000,87.40000,268991.84,2026-04-20 18:59:59,23512137.2639000,24683,131214.03,11467827.7951000,0
2026-04-20 19:00:00,87.39000,87.44000,86.84000,86.89000,79949.89,2026-04-20 19:59:59,6964674.8170000,10098,40427.23,3522207.0114000,0
2026-04-20 20:00:00,86.89000,87.06000,85.62000,85.92000,155575.81,2026-04-20 20:59:59,13440463.8511000,15328,65634.59,5673220.4216000,0
2026-04-20 21:00:00,85.92000,87.13000,85.91000,86.47000,260285.60,2026-04-20 21:59:59,22517838.3003000,27685,148528.91,12849662.1505000,0
2026-04-20 22:00:00,86.47000,86.63000,85.83000,86.36000,503736.08,2026-04-20 22:59:59,43446002.8179000,37544,280338.57,24185928.7955000,0
2026-04-20 23:00:00,86.36000,86.68000,86.21000,86.28000,205177.78,2026-04-20 23:59:59,17744997.9476000,11905,144918.84,12534427.4035000,0
2026-04-21 00:00:00,86.28000,86.63000,86.20000,86.56000,159147.94,2026-04-21 00:59:59,13753592.9989000,13900,82099.44,7095818.6563000,0
2026-04-21 01:00:00,86.56000,86.78000,86.46000,86.71000,65825.59,2026-04-21 01:59:59,5703647.7663000,9174,31715.16,2748203.7118000,0
2026-04-21 02:00:00,86.71000,86.83000,86.55000,86.68000,64489.96,2026-04-21 02:59:59,5590100.5091000,7989,26509.67,2298041.5994000,0
2026-04-21 03:00:00,86.68000,86.87000,86.58000,86.74000,70667.37,2026-04-21 03:59:59,6128266.0965000,6869,38370.82,3328041.1186000,0
2026-04-21 04:00:00,86.74000,86.75000,86.33000,86.33000,72464.66,2026-04-21 04:59:59,6270818.1840000,5959,21016.52,1818900.2504000,0
2026-04-21 05:00:00,86.33000,86.35000,85.77000,86.24000,170160.11,2026-04-21 05:59:59,14639408.2519000,12883,82908.42,7133470.9417000,0
2026-04-21 06:00:00,86.25000,86.77000,86.22000,86.68000,141631.16,2026-04-21 06:59:59,12247263.2483000,9872,64034.26,5537027.2307000,0
2026-04-21 07:00:00,86.67000,87.50000,85.92000,86.52000,359548.85,2026-04-21 07:59:59,31196131.9883000,24537,174510.13,15141498.8604000,0
2026-04-21 08:00:00,86.51000,86.88000,86.07000,86.85000,299120.53,2026-04-21 08:59:59,25871228.0452000,25890,164284.34,14208806.7167000,0
2026-04-21 09:00:00,86.85000,87.72000,86.62000,86.76000,248014.48,2026-04-21 09:59:59,21597178.7644000,22802,133497.70,11626093.0250000,0
2026-04-21 10:00:00,86.75000,86.84000,86.22000,86.70000,165910.08,2026-04-21 10:59:59,14357236.9468000,22119,86846.10,7515636.1507000,0
2026-04-21 11:00:00,86.69000,87.74000,86.69000,87.65000,371983.04,2026-04-21 11:59:59,32481816.7379000,30999,193487.03,16897118.5553000,0
2026-04-21 12:00:00,87.65000,87.77000,86.86000,87.37000,486509.74,2026-04-21 12:59:59,42518467.7409000,36022,253798.84,22179150.0015000,0
2026-04-21 13:00:00,87.38000,87.38000,86.65000,86.87000,404489.56,2026-04-21 13:59:59,35204580.0212000,36921,199167.09,17336602.2883000,0
2026-04-21 14:00:00,86.87000,88.82000,86.84000,88.80000,797649.69,2026-04-21 14:59:59,70188383.5827000,47207,400346.17,35236522.2642000,0
2026-04-21 15:00:00,88.80000,90.12000,88.42000,89.79000,1124025.15,2026-04-21 15:59:59,100500531.6955000,59849,578079.98,51688904.2149000,0
2026-04-21 16:00:00,89.79000,90.49000,89.46000,90.48000,815976.70,2026-04-21 16:59:59,73443964.7049000,49702,415064.22,37361951.7482000,0
2026-04-21 17:00:00,90.48000,91.52000,89.05000,89.50000,1507543.92,2026-04-21 17:59:59,136051290.1366000,99172,737496.89,66573913.0615000,0
2026-04-21 18:00:00,89.51000,90.04000,88.00000,88.86000,974741.87,2026-04-21 18:59:59,87058698.5157000,84416,478434.04,42756426.1258000,0
2026-04-21 19:00:00,88.86000,92.31000,87.95000,91.83000,2573712.88,2026-04-21 19:59:59,231975042.5761000,151740,1358956.02,122730126.6844000,0
2026-04-21 20:00:00,91.83000,91.98000,87.81000,90.18000,2502850.42,2026-04-21 20:59:59,224509757.8018000,152070,1180765.00,105917571.5285000,0
2026-04-21 21:00:00,90.19000,90.71000,89.98000,90.14000,129657.80,2026-04-21 21:59:59,11718104.7472000,24039,67171.72,6070663.6318000,0
2026-04-21 22:00:00,90.13000,90.66000,89.75000,90.41000,557146.46,2026-04-21 22:59:59,50323870.0071000,45544,365151.69,32990638.6972000,0
2026-04-21 23:00:00,90.41000,90.76000,90.38000,90.55000,111307.25,2026-04-21 23:59:59,10080577.0835000,16065,47972.95,4344486.1905000,0
2026-04-22 00:00:00,90.55000,90.56000,88.84000,89.88000,411765.98,2026-04-22 00:59:59,36865449.5564000,39242,214374.13,19182709.8476000,0
2026-04-22 01:00:00,89.87000,89.87000,89.10000,89.46000,258854.75,2026-04-22 01:59:59,23144070.0126000,28343,123964.65,11083120.8990000,0
2026-04-22 02:00:00,89.46000,89.58000,89.22000,89.43000,194978.36,2026-04-22 02:59:59,17432918.6267000,18601,85909.89,7681352.4015000,0
2026-04-22 03:00:00,89.44000,89.71000,89.18000,89.31000,265825.06,2026-04-22 03:59:59,23760598.7044000,18112,136352.62,12184756.4317000,0
2026-04-22 04:00:00,89.31000,89.62000,89.22000,89.56000,222502.49,2026-04-22 04:59:59,19900756.9686000,15247,101443.49,9074134.3386000,0
2026-04-22 05:00:00,89.57000,89.61000,87.67000,88.79000,956144.93,2026-04-22 05:59:59,84554787.1955000,51262,449499.80,39745870.6481000,0
2026-04-22 06:00:00,88.79000,88.99000,88.65000,88.72000,289804.27,2026-04-22 06:59:59,25738206.0769000,23216,141025.21,12525038.5273000,0
2026-04-22 07:00:00,88.72000,89.46000,88.53000,89.38000,334347.93,2026-04-22 07:59:59,29799022.3475000,29799,181684.86,16194040.8056000,0
2026-04-22 08:00:00,89.38000,91.47000,89.25000,90.84000,562607.50,2026-04-22 08:59:59,50946692.9629000,46480,289237.97,26177848.1810000,0
2026-04-22 09:00:00,90.84000,91.16000,90.15000,90.88000,485486.77,2026-04-22 09:59:59,43981266.2878000,33383,244495.87,22151266.5175000,0
2026-04-22 10:00:00,90.88000,90.97000,89.96000,90.13000,390693.56,2026-04-22 10:59:59,35310602.4130000,28287,188767.25,17057963.9575000,0
2026-04-22 11:00:00,90.13000,90.68000,89.81000,90.23000,415414.75,2026-04-22 11:59:59,37506876.5452000,33694,206354.10,18634439.6640000,0
2026-04-22 12:00:00,90.23000,91.59000,89.73000,91.43000,686283.45,2026-04-22 12:59:59,62190225.9838000,54491,350317.34,31743462.6255000,0
2026-04-22 13:00:00,91.44000,92.07000,90.46000,91.72000,1212411.87,2026-04-22 13:59:59,110776266.5618000,83547,607445.68,55510790.8433000,0
2026-04-22 14:00:00,91.72000,92.49000,90.86000,92.18000,839812.02,2026-04-22 14:59:59,76949683.0291000,60094,465189.69,42605139.1981000,0
2026-04-22 15:00:00,92.18000,93.34000,91.32000,93.10000,1010224.25,2026-04-22 15:59:59,93518699.2520000,65543,512187.17,47391103.7355000,0
2026-04-22 16:00:00,93.09000,93.77000,92.89000,93.62000,902748.85,2026-04-22 16:59:59,84252009.3029000,49154,482099.72,44997581.1926000,0
2026-04-22 17:00:00,93.63000,93.70000,92.42000,92.59000,1084398.04,2026-04-22 17:59:59,100772105.3973000,59596,470031.71,43691753.8197000,0
2026-04-22 18:00:00,92.58000,93.27000,92.55000,92.87000,460012.15,2026-04-22 18:59:59,42749873.7895000,31407,187599.67,17431850.8688000,0
2026-04-22 19:00:00,92.87000,93.06000,92.32000,92.58000,424959.57,2026-04-22 19:59:59,39356516.1041000,27541,194621.58,18026212.3020000,0
2026-04-22 20:00:00,92.59000,93.02000,92.39000,92.84000,210216.24,2026-04-22 20:59:59,19485048.9994000,17271,122182.15,11326662.3133000,0
2026-04-22 21:00:00,92.85000,92.85000,92.54000,92.67000,50080.43,2026-04-22 21:59:59,4640758.5304000,9989,22044.28,2042581.3672000,0
2026-04-22 22:00:00,92.67000,92.72000,92.29000,92.47000,137043.09,2026-04-22 22:59:59,12680408.2309000,14120,69164.78,6400240.5478000,0
2026-04-22 23:00:00,92.47000,92.76000,92.37000,92.72000,93747.83,2026-04-22 23:59:59,8670740.9831000,10773,49919.80,4617077.7568000,0
2026-04-23 00:00:00,92.71000,97.38000,92.62000,93.01000,2905214.05,2026-04-23 00:59:59,275743329.8191000,152345,1517583.56,144010081.8333000,0
2026-04-23 01:00:00,93.01000,93.76000,92.91000,93.53000,251304.71,2026-04-23 01:59:59,23466643.1349000,31227,133959.75,12508036.8647000,0
2026-04-23 02:00:00,93.54000,95.22000,93.51000,95.09000,373458.46,2026-04-23 02:59:59,35248204.5350000,38210,195125.83,18416167.9707000,0
2026-04-23 03:00:00,95.09000,95.29000,94.45000,94.60000,300601.29,2026-04-23 03:59:59,28526942.7296000,31311,136148.58,12921436.5120000,0
2026-04-23 04:00:00,94.60000,94.72000,94.01000,94.06000,274055.73,2026-04-23 04:59:59,25869089.8305000,20071,90617.39,8557768.4053000,0
2026-04-23 05:00:00,94.07000,94.44000,93.83000,93.85000,194179.20,2026-04-23 05:59:59,18286734.3729000,15066,97790.56,9211469.8032000,0
2026-04-23 06:00:00,93.85000,94.65000,93.66000,94.41000,151573.17,2026-04-23 06:59:59,14264054.0820000,15511,81606.31,7680192.9242000,0
2026-04-23 07:00:00,94.40000,94.70000,93.22000,93.67000,291249.93,2026-04-23 07:59:59,27391992.8954000,27350,145756.73,13710278.1214000,0
2026-04-23 08:00:00,93.67000,95.03000,93.65000,94.86000,380373.04,2026-04-23 08:59:59,35885695.0798000,30193,206243.53,19459935.6716000,0
2026-04-23 09:00:00,94.87000,95.59000,94.22000,94.91000,453577.14,2026-04-23 09:59:59,43075420.5422000,30700,251756.23,23917005.6052000,0
2026-04-23 10:00:00,94.91000,95.04000,93.72000,93.94000,247572.17,2026-04-23 10:59:59,23386972.3009000,23283,115321.47,10897199.6297000,0
2026-04-23 11:00:00,93.94000,94.21000,92.97000,93.21000,490937.87,2026-04-23 11:59:59,46007340.0143000,36732,212993.67,19967962.6954000,0
2026-04-23 12:00:00,93.21000,94.04000,92.31000,93.22000,1057798.92,2026-04-23 12:59:59,98665419.8217000,68550,556618.85,51944391.0079000,0
2026-04-23 13:00:00,93.21000,94.43000,93.01000,93.99000,522637.67,2026-04-23 13:59:59,49026085.3000000,42625,268089.98,25155277.8437000,0
2026-04-23 14:00:00,94.00000,94.60000,93.06000,93.09000,450378.97,2026-04-23 14:59:59,42196112.3810000,44754,216190.64,20255249.0437000,0
2026-04-23 15:00:00,93.10000,94.66000,92.96000,94.42000,368728.10,2026-04-23 15:59:59,34582798.1258000,36522,188307.37,17657521.7388000,0
2026-04-23 16:00:00,94.42000,94.69000,93.94000,94.44000,206622.32,2026-04-23 16:59:59,19487528.6019000,26071,109717.98,10347906.7097000,0
2026-04-23 17:00:00,94.43000,98.34000,94.41000,96.17000,1706095.19,2026-04-23 17:59:59,164895839.7400000,122291,928336.12,89697433.4207000,0
2026-04-23 18:00:00,96.18000,96.77000,95.21000,96.63000,780140.91,2026-04-23 18:59:59,74755247.1480000,71422,416930.22,39960733.5182000,0
2026-04-23 19:00:00,96.64000,96.85000,95.87000,96.36000,332174.48,2026-04-23 19:59:59,32028567.7794000,34241,153077.34,14763655.5777000,0
2026-04-23 20:00:00,96.37000,97.41000,96.35000,96.93000,234015.09,2026-04-23 20:59:59,22667551.1276000,24280,113379.96,10982977.2000000,0
2026-04-23 21:00:00,96.93000,96.93000,96.20000,96.50000,70540.66,2026-04-23 21:59:59,6808294.9323000,15509,30533.58,2946590.7448000,0
2026-04-23 22:00:00,96.50000,97.25000,95.99000,96.97000,233744.02,2026-04-23 22:59:59,22587666.6006000,24938,115668.65,11179962.3243000,0
2026-04-23 23:00:00,96.97000,97.03000,96.64000,96.72000,107526.06,2026-04-23 23:59:59,10414038.1377000,6703,49994.87,4842916.6507000,0
2026-04-24 00:00:00,96.72000,97.47000,96.52000,97.13000,189462.92,2026-04-24 00:59:59,18360732.0548000,17882,92625.10,8976516.2638000,0
2026-04-24 01:00:00,97.14000,97.56000,96.63000,97.00000,285744.55,2026-04-24 01:59:59,27726036.6608000,20409,180870.32,17549337.6058000,0
2026-04-24 02:00:00,96.99000,97.08000,96.35000,96.45000,170335.42,2026-04-24 02:59:59,16463926.3331000,12756,87628.59,8470802.8096000,0
2026-04-24 03:00:00,96.46000,96.70000,96.08000,96.59000,128287.27,2026-04-24 03:59:59,12374851.2685000,10268,66554.33,6421214.9198000,0
2026-04-24 04:00:00,96.60000,96.65000,95.94000,95.98000,107373.12,2026-04-24 04:59:59,10345032.7373000,8899,46984.88,4527581.8879000,0
2026-04-24 05:00:00,95.98000,96.16000,95.66000,95.94000,147754.73,2026-04-24 05:59:59,14172278.0700000,15419,64057.24,6144319.8758000,0
2026-04-24 06:00:00,95.94000,96.53000,95.48000,96.47000,244503.16,2026-04-24 06:59:59,23457829.1854000,19612,110207.47,10579479.8653000,0
2026-04-24 07:00:00,96.49000,96.78000,95.99000,96.66000,162810.32,2026-04-24 07:59:59,15694610.9098000,16449,78055.81,7525173.4516000,0
2026-04-24 08:00:00,96.66000,97.77000,96.66000,96.88000,342166.71,2026-04-24 08:59:59,33274151.2608000,29669,170267.92,16555633.7873000,0
2026-04-24 09:00:00,96.88000,97.70000,96.61000,97.62000,219890.75,2026-04-24 09:59:59,21392023.3036000,22593,108897.57,10594139.5884000,0
2026-04-24 10:00:00,97.63000,97.63000,96.79000,96.86000,224329.25,2026-04-24 10:59:59,21828503.6406000,18863,92465.96,8998915.0656000,0
2026-04-24 11:00:00,96.87000,96.89000,93.49000,94.41000,1453235.70,2026-04-24 11:59:59,137919217.8517000,93925,655604.87,62229173.6655000,0
2026-04-24 12:00:00,94.41000,96.54000,94.07000,95.84000,633208.66,2026-04-24 12:59:59,60394838.0892000,56707,373747.86,35672824.0778000,0
2026-04-24 13:00:00,95.83000,95.86000,94.59000,95.16000,515137.79,2026-04-24 13:59:59,49019681.5454000,56455,247323.52,23537933.9535000,0
2026-04-24 14:00:00,95.16000,95.55000,94.59000,95.02000,292446.33,2026-04-24 14:59:59,27790163.3986000,45948,139037.89,13212479.4796000,0
2026-04-24 15:00:00,95.01000,95.72000,92.46000,93.39000,1460521.85,2026-04-24 15:59:59,136729103.4428000,81434,584985.73,54804688.8670000,0
2026-04-24 16:00:00,93.40000,94.37000,93.00000,93.66000,761485.42,2026-04-24 16:59:59,71407549.9770000,55409,341613.58,32051690.7019000,0
2026-04-24 17:00:00,93.66000,94.03000,92.70000,93.48000,749302.21,2026-04-24 17:59:59,70015510.7733000,56353,348435.46,32576433.0802000,0
2026-04-24 18:00:00,93.47000,94.61000,93.47000,94.18000,416811.98,2026-04-24 18:59:59,39261698.7610000,34186,181506.61,17099243.5286000,0
2026-04-24 19:00:00,94.18000,95.15000,94.04000,94.73000,174614.39,2026-04-24 19:59:59,16515566.0176000,22141,98715.27,9334699.4468000,0
2026-04-24 20:00:00,94.74000,95.60000,94.73000,94.91000,515006.66,2026-04-24 20:59:59,49036895.6752000,36789,348175.92,33156324.6914000,0
2026-04-24 21:00:00,94.91000,95.13000,94.79000,94.88000,81984.82,2026-04-24 21:59:59,7779651.2752000,10191,44882.31,4259536.1324000,0
2026-04-24 22:00:00,94.89000,94.97000,94.84000,94.93000,29268.47,2026-04-24 22:59:59,2777618.2293000,3566,12587.55,1194660.2259000,0
2026-04-24 23:00:00,94.93000,94.94000,94.80000,94.86000,33188.88,2026-04-24 23:59:59,3148214.2506000,3307,12855.78,1219366.7501000,0
2026-04-25 00:00:00,94.86000,94.90000,94.83000,94.88000,16924.23,2026-04-25 00:59:59,1605636.7981000,2451,10354.71,982410.9777000,0
2026-04-25 01:00:00,94.87000,94.90000,94.83000,94.88000,32096.81,2026-04-25 01:59:59,3045540.9418000,2958,19498.20,1850255.8423000,0
2026-04-25 02:00:00,94.88000,94.89000,94.78000,94.84000,30170.64,2026-04-25 02:59:59,2861103.4546000,2065,11842.78,1123100.9455000,0
2026-04-25 03:00:00,94.84000,95.00000,94.82000,94.94000,53841.85,2026-04-25 03:59:59,5110541.7353000,8068,40733.26,3866440.8743000,0
2026-04-25 04:00:00,94.94000,94.95000,94.91000,94.94000,15414.49,2026-04-25 04:59:59,1463397.1334000,1875,7329.04,695834.4993000,0
2026-04-25 05:00:00,94.95000,94.98000,94.93000,94.95000,14069.64,2026-04-25 05:59:59,1335937.6728000,3197,6793.52,645088.5557000,0
2026-04-25 06:00:00,94.94000,94.96000,94.89000,94.94000,14960.53,2026-04-25 06:59:59,1420210.2318000,2421,6111.69,580185.8090000,0
2026-04-25 07:00:00,94.94000,94.95000,94.91000,94.92000,11971.57,2026-04-25 07:59:59,1136415.8641000,2262,6679.18,634037.7722000,0
2026-04-25 08:00:00,94.92000,94.93000,94.90000,94.90000,12796.89,2026-04-25 08:59:59,1214653.2071000,963,3778.61,358670.6513000,0
2026-04-25 09:00:00,94.90000,94.92000,94.88000,94.90000,9701.83,2026-04-25 09:59:59,920734.7449000,1390,5256.42,498862.3312000,0
2026-04-25 10:00:00,94.91000,94.92000,94.90000,94.91000,8135.14,2026-04-25 10:59:59,772081.5533000,1237,4616.53,438161.4306000,0
2026-04-25 11:00:00,94.92000,94.97000,94.90000,94.94000,16906.87,2026-04-25 11:59:59,1605040.5345000,3914,11439.60,1086036.1213000,0
2026-04-25 12:00:00,94.95000,94.96000,94.90000,94.92000,13956.59,2026-04-25 12:59:59,1324933.3785000,2323,5435.61,516036.9834000,0
2026-04-25 13:00:00,94.93000,94.95000,94.91000,94.95000,7056.90,2026-04-25 13:59:59,669933.0361000,2938,4572.44,434086.9808000,0
2026-04-25 14:00:00,94.94000,94.96000,94.91000,94.92000,12623.58,2026-04-25 14:59:59,1198405.3678000,2513,7264.08,689621.5277000,0
2026-04-25 15:00:00,94.92000,95.36000,94.90000,95.20000,117386.09,2026-04-25 15:59:59,11167722.4452000,15320,79451.01,7557966.4207000,0
2026-04-25 16:00:00,95.20000,95.50000,95.08000,95.19000,237047.58,2026-04-25 16:59:59,22585915.3993000,22887,133013.90,12675278.6065000,0
2026-04-25 17:00:00,95.19000,95.20000,94.98000,95.17000,62654.87,2026-04-25 17:59:59,5957415.9089000,5370,31072.54,2954821.3972000,0
2026-04-25 18:00:00,95.17000,95.21000,95.01000,95.01000,29633.83,2026-04-25 18:59:59,2818531.0134000,4462,12402.88,1180066.5782000,0
2026-04-25 19:00:00,95.02000,95.03000,94.96000,94.97000,22684.95,2026-04-25 19:59:59,2154925.8936000,3492,9750.69,926308.5743000,0
2026-04-25 20:00:00,94.97000,95.04000,94.97000,95.02000,14990.02,2026-04-25 20:59:59,1424365.0743000,3081,6290.98,597743.8777000,0
2026-04-25 21:00:00,95.03000,95.09000,94.98000,95.05000,19230.99,2026-04-25 21:59:59,1827386.1732000,3309,7348.15,698286.7017000,0
2026-04-25 22:00:00,95.05000,95.08000,94.93000,95.07000,36368.78,2026-04-25 22:59:59,3454915.6773000,5203,16144.88,1533834.5089000,0
2026-04-25 23:00:00,95.07000,95.16000,95.02000,95.03000,17623.65,2026-04-25 23:59:59,1675664.6215000,3743,9995.99,950529.8224000,0
2026-04-26 00:00:00,95.04000,95.06000,94.97000,95.04000,30472.39,2026-04-26 00:59:59,2895333.4272000,1810,14546.19,1382193.2869000,0
2026-04-26 01:00:00,95.04000,95.12000,94.99000,95.12000,19332.38,2026-04-26 01:59:59,1837571.9597000,2791,13433.45,1276954.8911000,0
2026-04-26 02:00:00,95.12000,95.13000,95.03000,95.07000,20890.76,2026-04-26 02:59:59,1986218.8183000,3868,12671.85,1204840.8457000,0
2026-04-26 03:00:00,95.06000,95.07000,95.03000,95.06000,26324.84,2026-04-26 03:59:59,2502094.7229000,5343,14731.24,1400203.0412000,0
2026-04-26 04:00:00,95.06000,95.12000,95.06000,95.11000,18136.09,2026-04-26 04:59:59,1724664.1009000,5381,10447.23,993508.1831000,0
2026-04-26 05:00:00,95.11000,95.14000,95.07000,95.09000,22522.74,2026-04-26 05:59:59,2142111.9224000,3573,11385.45,1082947.7797000,0
2026-04-26 06:00:00,95.08000,95.12000,95.06000,95.11000,23601.64,2026-04-26 06:59:59,2244246.3851000,3290,14906.19,1417462.0276000,0
2026-04-26 07:00:00,95.11000,95.13000,95.03000,95.05000,22779.44,2026-04-26 07:59:59,2166003.9145000,4544,10544.48,1002658.0806000,0
2026-04-26 08:00:00,95.05000,95.29000,95.05000,95.23000,66394.34,2026-04-26 08:59:59,6319326.3274000,9480,38241.18,3639671.3546000,0
2026-04-26 09:00:00,95.23000,95.32000,95.21000,95.27000,47950.81,2026-04-26 09:59:59,4568054.5700000,9566,24680.65,2351302.3438000,0
2026-04-26 10:00:00,95.28000,95.31000,95.23000,95.28000,21691.02,2026-04-26 10:59:59,2066502.0312000,2985,11990.13,1142359.6148000,0
2026-04-26 11:00:00,95.27000,95.29000,95.19000,95.23000,47017.52,2026-04-26 11:59:59,4477992.1348000,10336,19147.10,1823662.8094000,0
2026-04-26 12:00:00,95.23000,95.45000,95.23000,95.36000,63445.16,2026-04-26 12:59:59,6050922.0218000,6936,35204.84,3357380.5451000,0
2026-04-26 13:00:00,95.35000,95.37000,95.26000,95.30000,46063.89,2026-04-26 13:59:59,4390234.2683000,8480,25368.08,2417501.7378000,0
2026-04-26 14:00:00,95.30000,95.31000,95.10000,95.23000,67923.77,2026-04-26 14:59:59,6464606.6873000,16332,25197.35,2398541.1653000,0
2026-04-26 15:00:00,95.23000,95.24000,94.74000,94.81000,107160.37,2026-04-26 15:59:59,10179508.3225000,18770,33805.39,3211963.0855000,0
2026-04-26 16:00:00,94.82000,95.14000,94.59000,94.66000,71898.81,2026-04-26 16:59:59,6816041.5407000,12785,32538.09,3085421.7503000,0
2026-04-26 17:00:00,94.66000,95.16000,94.66000,94.89000,45957.14,2026-04-26 17:59:59,4363842.4392000,10466,25273.75,2399519.9591000,0
2026-04-26 18:00:00,94.89000,95.09000,94.88000,95.03000,28153.46,2026-04-26 18:59:59,2675388.2404000,4581,15479.79,1470864.8557000,0
2026-04-26 19:00:00,95.02000,95.10000,94.95000,95.04000,30499.03,2026-04-26 19:59:59,2898880.4407000,6888,17598.40,1672800.5205000,0
2026-04-26 20:00:00,95.05000,95.05000,94.99000,95.04000,17459.58,2026-04-26 20:59:59,1659252.7300000,6464,9743.57,926043.9180000,0
2026-04-26 21:00:00,95.03000,95.35000,94.97000,95.21000,97505.20,2026-04-26 21:59:59,9280996.3520000,11376,64368.45,6125841.4614000,0
2026-04-26 22:00:00,95.21000,96.62000,95.17000,95.93000,545596.43,2026-04-26 22:59:59,52461569.9484000,38957,309906.60,29787221.9050000,0
2026-04-26 23:00:00,95.93000,96.21000,95.90000,96.08000,91339.96,2026-04-26 23:59:59,8775680.2638000,10937,47812.03,4594083.4850000,0
2026-04-27 00:00:00,96.08000,96.52000,95.74000,96.05000,235593.61,2026-04-27 00:59:59,22661468.0361000,16448,111296.22,10706508.6085000,0
2026-04-27 01:00:00,96.04000,96.11000,95.43000,95.86000,266641.17,2026-04-27 01:59:59,25539306.5894000,21820,121101.30,11600532.3166000,0
2026-04-27 02:00:00,95.85000,95.85000,95.23000,95.24000,102807.31,2026-04-27 02:59:59,9819189.7949000,11682,39866.40,3807980.4048000,0
2026-04-27 03:00:00,95.24000,95.34000,94.93000,95.26000,140834.91,2026-04-27 03:59:59,13402602.1323000,11598,51612.52,4912812.4381000,0
2026-04-27 04:00:00,95.25000,95.62000,95.16000,95.54000,59018.29,2026-04-27 04:59:59,5626875.1197000,5257,35080.19,3344735.7106000,0
2026-04-27 05:00:00,95.54000,96.20000,95.50000,96.02000,148996.69,2026-04-27 05:59:59,14292771.8092000,12232,84649.25,8119755.6972000,0
2026-04-27 06:00:00,96.02000,96.35000,95.96000,96.02000,103896.53,2026-04-27 06:59:59,9987875.8105000,10488,49604.15,4769317.3704000,0
2026-04-27 07:00:00,96.02000,96.81000,96.01000,96.76000,204703.17,2026-04-27 07:59:59,19751901.2603000,17362,100788.24,9725719.7267000,0
2026-04-27 08:00:00,96.76000,97.03000,96.37000,96.43000,278001.82,2026-04-27 08:59:59,26894132.4241000,20227,136666.87,13223575.0264000,0
2026-04-27 09:00:00,96.43000,96.63000,96.11000,96.49000,195728.50,2026-04-27 09:59:59,18862915.2409000,16582,96643.63,9313078.7292000,0
2026-04-27 10:00:00,96.49000,96.50000,95.05000,95.40000,264148.92,2026-04-27 10:59:59,25282293.0288000,24678,140922.98,13485460.0079000,0
2026-04-27 11:00:00,95.41000,95.45000,94.61000,95.12000,308759.95,2026-04-27 11:59:59,29331154.9098000,26313,153180.47,14555445.3959000,0
2026-04-27 12:00:00,95.12000,96.49000,94.86000,96.29000,332353.30,2026-04-27 12:59:59,31854044.8501000,29363,161602.75,15488643.2899000,0
2026-04-27 13:00:00,96.28000,96.55000,95.63000,95.73000,372849.36,2026-04-27 13:59:59,35824915.8232000,32135,165583.28,15908639.3303000,0
2026-04-27 14:00:00,95.72000,96.77000,95.32000,96.72000,505699.35,2026-04-27 14:59:59,48594034.8349000,42550,250490.99,24070010.4811000,0
2026-04-27 15:00:00,96.72000,97.43000,96.08000,96.14000,594914.31,2026-04-27 15:59:59,57662930.5586000,37981,324408.40,31453357.5434000,0
2026-04-27 16:00:00,96.13000,96.57000,96.05000,96.55000,169059.57,2026-04-27 16:59:59,16273236.7120000,17055,88733.68,8541438.3633000,0
2026-04-27 17:00:00,96.54000,97.59000,96.11000,96.53000,338254.11,2026-04-27 17:59:59,32763679.2061000,26353,171905.06,16655823.3032000,0
2026-04-27 18:00:00,96.53000,97.15000,96.20000,96.50000,124497.42,2026-04-27 18:59:59,12026459.0592000,15527,67358.48,6507895.2702000,0
2026-04-27 19:00:00,96.51000,96.60000,95.82000,96.35000,148351.67,2026-04-27 19:59:59,14268257.4501000,12106,54921.71,5284430.6480000,0
2026-04-27 20:00:00,96.35000,96.73000,96.23000,96.65000,86641.11,2026-04-27 20:59:59,8365594.8567000,7268,42487.48,4103075.0776000,0
2026-04-27 21:00:00,96.65000,96.69000,96.40000,96.55000,38244.62,2026-04-27 21:59:59,3691873.1033000,3644,19572.63,1889377.2679000,0
2026-04-27 22:00:00,96.55000,96.75000,96.26000,96.59000,138257.83,2026-04-27 22:59:59,13339030.6070000,10614,70122.99,6766537.4689000,0
2026-04-27 23:00:00,96.59000,96.73000,96.54000,96.63000,35736.66,2026-04-27 23:59:59,3452987.8674000,3788,17384.80,1679871.6338000,0
2026-04-28 00:00:00,96.62000,97.10000,96.20000,96.95000,205829.63,2026-04-28 00:59:59,19912130.2170000,17978,118619.27,11476477.6103000,0
2026-04-28 01:00:00,96.95000,97.29000,96.77000,97.21000,150096.76,2026-04-28 01:59:59,14571242.8926000,24868,78135.34,7585279.0457000,0
2026-04-28 02:00:00,97.21000,97.43000,97.13000,97.30000,169373.87,2026-04-28 02:59:59,16470948.4310000,20661,82392.78,8012565.9579000,0
2026-04-28 03:00:00,97.30000,97.53000,97.11000,97.51000,125406.40,2026-04-28 03:59:59,12200253.3921000,13225,68769.50,6691232.9126000,0
2026-04-28 04:00:00,97.51000,97.70000,97.25000,97.39000,149744.58,2026-04-28 04:59:59,14597451.0393000,14902,69344.76,6758609.7377000,0
2026-04-28 05:00:00,97.39000,98.72000,97.32000,98.08000,462758.29,2026-04-28 05:59:59,45397389.4032000,44375,240657.48,23603947.9820000,0
2026-04-28 06:00:00,98.08000,98.38000,97.68000,98.31000,379471.31,2026-04-28 06:59:59,37192161.6063000,37723,187709.97,18393278.2976000,0
2026-04-28 07:00:00,98.30000,99.10000,98.22000,98.78000,707385.10,2026-04-28 07:59:59,69804512.2421000,57060,386943.46,38184001.5800000,0
2026-04-28 08:00:00,98.78000,99.17000,98.08000,98.86000,620816.41,2026-04-28 08:59:59,61308506.5820000,59684,320035.42,31603834.9686000,0
2026-04-28 09:00:00,98.86000,99.82000,98.86000,99.72000,642457.04,2026-04-28 09:59:59,63887525.2734000,62039,335470.66,33359794.6782000,0
2026-04-28 10:00:00,99.72000,99.98000,99.40000,99.67000,589115.31,2026-04-28 10:59:59,58723035.3293000,61591,265952.58,26512088.8230000,0
2026-04-28 11:00:00,99.67000,101.77000,99.49000,101.14000,1061211.37,2026-04-28 11:59:59,106882367.2893000,91161,573618.28,57775959.1242000,0
2026-04-28 12:00:00,101.15000,101.20000,98.10000,99.32000,1385450.47,2026-04-28 12:59:59,138395680.0397000,140402,648854.19,64805046.9795000,0
2026-04-28 13:00:00,99.33000,100.33000,98.71000,99.31000,1329172.94,2026-04-28 13:59:59,132235944.7284000,127957,657116.31,65385807.3043000,0
2026-04-28 14:00:00,99.31000,100.36000,99.22000,99.30000,930828.19,2026-04-28 14:59:59,92919373.2666000,101244,456008.10,45526443.9373000,0
2026-04-28 15:00:00,99.30000,99.89000,98.96000,99.69000,908982.25,2026-04-28 15:59:59,90461616.9582000,81988,446596.91,44445862.3051000,0
2026-04-28 16:00:00,99.69000,100.07000,99.02000,99.18000,783983.21,2026-04-28 16:59:59,78052796.0864000,52303,392787.43,39105858.3534000,0
2026-04-28 17:00:00,99.17000,100.36000,99.10000,100.11000,532494.71,2026-04-28 17:59:59,53192374.3901000,39693,272329.02,27203869.8408000,0
2026-04-28 18:00:00,100.11000,100.22000,99.31000,99.96000,343183.85,2026-04-28 18:59:59,34261556.8059000,35722,163934.02,16365204.4334000,0
2026-04-28 19:00:00,99.96000,100.00000,99.73000,99.79000,245227.60,2026-04-28 19:59:59,24487242.1756000,15098,127987.93,12780612.8014000,0
2026-04-28 20:00:00,99.79000,99.82000,99.47000,99.59000,126703.69,2026-04-28 20:59:59,12620052.8349000,12972,64990.91,6473248.9316000,0
2026-04-28 21:00:00,99.59000,99.69000,99.47000,99.55000,31491.23,2026-04-28 21:59:59,3135567.4681000,4685,16195.45,1612567.4576000,0
2026-04-28 22:00:00,99.55000,99.63000,99.30000,99.52000,157079.21,2026-04-28 22:59:59,15623466.6771000,12392,78049.46,7763587.8031000,0
2026-04-28 23:00:00,99.52000,99.62000,99.11000,99.29000,244232.45,2026-04-28 23:59:59,24249741.1307000,12603,110389.12,10961141.0667000,0
2026-04-29 00:00:00,99.29000,99.38000,98.83000,99.31000,315617.86,2026-04-29 00:59:59,31289701.3976000,16702,183973.48,18241455.0023000,0
2026-04-29 01:00:00,99.30000,100.61000,99.22000,100.26000,489097.77,2026-04-29 01:59:59,48897800.2166000,27701,290238.51,29005017.6081000,0
2026-04-29 02:00:00,100.25000,100.26000,98.37000,99.29000,480003.29,2026-04-29 02:59:59,47564318.8422000,25182,226906.01,22476786.1730000,0
2026-04-29 03:00:00,99.29000,99.44000,98.76000,99.24000,143162.24,2026-04-29 03:59:59,14189845.7951000,11451,69666.96,6905911.1159000,0
2026-04-29 04:00:00,99.24000,99.56000,99.13000,99.51000,92422.61,2026-04-29 04:59:59,9178923.7174000,7348,44663.20,4437038.0605000,0
2026-04-29 05:00:00,99.50000,99.80000,99.49000,99.76000,97974.29,2026-04-29 05:59:59,9762549.6484000,8819,52150.24,5196654.0799000,0
2026-04-29 06:00:00,99.76000,100.53000,99.51000,100.46000,329029.67,2026-04-29 06:59:59,32963104.7524000,17360,179134.09,17948285.6533000,0
2026-04-29 07:00:00,100.45000,101.79000,100.26000,101.54000,549931.51,2026-04-29 07:59:59,55612177.6221000,32982,283386.13,28662465.0672000,0
2026-04-29 08:00:00,101.55000,103.60000,101.49000,103.43000,875737.43,2026-04-29 08:59:59,90050602.0271000,69058,482084.80,49552258.0134000,0
2026-04-29 09:00:00,103.43000,103.52000,102.80000,103.41000,454155.44,2026-04-29 09:59:59,46888138.4778000,39719,200698.54,20722378.0410000,0
2026-04-29 10:00:00,103.42000,103.69000,102.96000,102.99000,321713.43,2026-04-29 10:59:59,33225133.7128000,26169,150125.09,15507221.7269000,0
2026-04-29 11:00:00,103.00000,103.34000,102.64000,103.28000,357324.52,2026-04-29 11:59:59,36823132.7083000,31105,189103.35,19490284.7436000,0
2026-04-29 12:00:00,103.29000,104.27000,102.90000,103.70000,533061.22,2026-04-29 12:59:59,55254319.8183000,43444,285147.68,29559021.3942000,0
2026-04-29 13:00:00,103.70000,105.05000,102.97000,104.82000,1044712.95,2026-04-29 13:59:59,108954135.7180000,69807,539484.84,56273327.4200000,0
2026-04-29 14:00:00,104.82000,105.28000,104.30000,105.02000,604023.09,2026-04-29 14:59:59,63300643.7173000,52871,288965.50,30285237.6080000,0
2026-04-29 15:00:00,105.03000,106.97000,104.80000,106.62000,1057566.90,2026-04-29 15:59:59,111878977.8519000,75990,593084.57,62767737.2425000,0
2026-04-29 16:00:00,106.61000,107.14000,106.07000,106.99000,654708.79,2026-04-29 16:59:59,69757963.2674000,52143,323794.57,34506605.9139000,0
2026-04-29 17:00:00,107.00000,107.58000,106.13000,106.40000,989163.51,2026-04-29 17:59:59,105749071.5105000,68363,458719.92,49055303.3277000,0
2026-04-29 18:00:00,106.41000,107.33000,106.35000,106.68000,504040.69,2026-04-29 18:59:59,53859474.6940000,46932,253826.56,27124543.3427000,0
2026-04-29 19:00:00,106.68000,108.36000,106.60000,107.61000,477923.95,2026-04-29 19:59:59,51423438.0525000,40283,254126.91,27347949.6312000,0
2026-04-29 20:00:00,107.61000,108.73000,107.35000,108.40000,429927.77,2026-04-29 20:59:59,46463739.4635000,31265,217166.23,23465916.5172000,0
2026-04-29 21:00:00,108.40000,108.76000,108.11000,108.41000,246821.58,2026-04-29 21:59:59,26760704.2326000,37210,126254.68,13687950.1946000,0
2026-04-29 22:00:00,108.41000,108.86000,107.43000,108.31000,375969.41,2026-04-29 22:59:59,40665970.9502000,44027,190002.53,20550007.4752000,0
2026-04-29 23:00:00,108.32000,108.37000,107.68000,107.81000,140276.44,2026-04-29 23:59:59,15151228.9591000,15676,60220.00,6503964.4803000,0
2026-04-30 00:00:00,107.82000,107.84000,106.26000,107.32000,637410.32,2026-04-30 00:59:59,68155098.7297000,48325,322481.28,34478485.5004000,0
2026-04-30 01:00:00,107.32000,107.50000,106.96000,107.08000,230012.11,2026-04-30 01:59:59,24653271.4506000,26052,126437.51,13552612.8826000,0
2026-04-30 02:00:00,107.07000,109.14000,107.06000,108.29000,608724.43,2026-04-30 02:59:59,65986097.4914000,45859,347482.10,37663333.4900000,0
2026-04-30 03:00:00,108.30000,109.45000,108.04000,108.96000,539873.74,2026-04-30 03:59:59,58832962.1382000,35801,277763.98,30272800.6690000,0
2026-04-30 04:00:00,108.95000,110.75000,108.91000,109.70000,840954.30,2026-04-30 04:59:59,92382016.4433000,52276,468824.22,51508266.1327000,0
2026-04-30 05:00:00,109.69000,109.70000,108.70000,109.19000,383910.68,2026-04-30 05:59:59,41903317.4173000,33792,179775.45,19624906.3814000,0
2026-04-30 06:00:00,109.20000,110.15000,108.04000,108.09000,859333.91,2026-04-30 06:59:59,93574636.1759000,58833,364764.49,39761209.2216000,0
2026-04-30 07:00:00,108.08000,109.79000,107.41000,108.20000,955883.16,2026-04-30 07:59:59,103453135.6721000,61274,508385.36,55052390.7649000,0
2026-04-30 08:00:00,108.19000,108.41000,107.40000,107.90000,484063.80,2026-04-30 08:59:59,52244875.5664000,40874,238364.90,25728447.0810000,0
2026-04-30 09:00:00,107.90000,108.76000,106.30000,106.83000,782030.23,2026-04-30 09:59:59,83935209.5011000,76154,397391.17,42668924.8361000,0
2026-04-30 10:00:00,106.84000,107.23000,106.12000,106.35000,664661.73,2026-04-30 10:59:59,70850443.2603000,62557,331723.50,35361444.4728000,0
2026-04-30 11:00:00,106.36000,106.36000,103.45000,104.46000,1560124.66,2026-04-30 11:59:59,163144373.1825000,97495,789271.84,82496606.6021000,0
2026-04-30 12:00:00,104.47000,105.75000,104.39000,105.18000,776510.25,2026-04-30 12:59:59,81571896.9277000,62982,410601.65,43140499.6187000,0
2026-04-30 13:00:00,105.18000,105.87000,103.75000,105.41000,956821.89,2026-04-30 13:59:59,100377114.2691000,69524,474256.11,49753770.4135000,0
2026-04-30 14:00:00,105.40000,106.41000,104.66000,105.87000,794914.33,2026-04-30 14:59:59,83856832.6832000,70187,408850.60,43132742.7442000,0
2026-04-30 15:00:00,105.87000,106.54000,103.54000,104.04000,1262328.49,2026-04-30 15:59:59,132167778.1097000,88522,642503.17,67258472.9214000,0
2026-04-30 16:00:00,104.04000,105.09000,103.96000,104.68000,358117.84,2026-04-30 16:59:59,37421072.9415000,38902,186400.82,19477244.9908000,0
2026-04-30 17:00:00,104.68000,104.77000,103.27000,103.59000,674832.59,2026-04-30 17:59:59,70127439.7750000,51054,332264.15,34525111.4797000,0
2026-04-30 18:00:00,103.58000,105.47000,103.34000,105.27000,381153.16,2026-04-30 18:59:59,39864071.3393000,32792,202291.72,21161505.7716000,0
2026-04-30 19:00:00,105.28000,105.32000,104.62000,105.12000,192206.89,2026-04-30 19:59:59,20159015.9635000,21238,95391.80,10005003.0566000,0
2026-04-30 20:00:00,105.11000,106.02000,104.99000,105.28000,237997.85,2026-04-30 20:59:59,25101810.1016000,26184,118975.71,12548135.1083000,0
2026-04-30 21:00:00,105.27000,105.44000,104.77000,104.82000,89815.80,2026-04-30 21:59:59,9432743.4740000,8406,49830.39,5232085.2318000,0
2026-04-30 22:00:00,104.82000,105.86000,104.81000,105.54000,102564.84,2026-04-30 22:59:59,10800478.5292000,10189,62244.49,6551959.4807000,0
2026-04-30 23:00:00,105.54000,105.81000,105.38000,105.59000,94835.54,2026-04-30 23:59:59,10022715.5912000,7227,59936.42,6334848.0452000,0
2026-05-01 00:00:00,105.60000,105.96000,105.31000,105.54000,150489.35,2026-05-01 00:59:59,15882622.2827000,12810,81223.93,8572650.6314000,0
2026-05-01 01:00:00,105.54000,105.89000,105.05000,105.24000,108284.82,2026-05-01 01:59:59,11422246.5547000,10979,51331.46,5414611.3963000,0
2026-05-01 02:00:00,105.24000,106.26000,104.98000,105.36000,133919.10,2026-05-01 02:59:59,14160538.5551000,13788,67582.09,7147446.0957000,0
2026-05-01 03:00:00,105.35000,105.65000,105.31000,105.43000,90355.85,2026-05-01 03:59:59,9531888.1859000,9362,43393.98,4577628.9635000,0
2026-05-01 04:00:00,105.43000,105.51000,104.85000,104.89000,88864.22,2026-05-01 04:59:59,9348135.6047000,11403,40755.99,4287651.6495000,0
2026-05-01 05:00:00,104.90000,105.21000,104.88000,104.96000,69060.86,2026-05-01 05:59:59,7254503.1199000,10790,32700.00,3434994.8768000,0
2026-05-01 06:00:00,104.97000,106.50000,104.96000,105.80000,343501.02,2026-05-01 06:59:59,36382230.9101000,26864,188780.93,19994516.2468000,0
2026-05-01 07:00:00,105.81000,106.03000,104.07000,105.38000,620485.86,2026-05-01 07:59:59,65051859.8633000,45430,308776.49,32369082.8900000,0
2026-05-01 08:00:00,105.37000,105.60000,104.63000,105.39000,337073.52,2026-05-01 08:59:59,35467028.4619000,32413,184163.12,19375890.0820000,0
2026-05-01 09:00:00,105.39000,106.03000,105.10000,105.31000,272046.85,2026-05-01 09:59:59,28716078.6449000,25841,139661.65,14741411.6821000,0
2026-05-01 10:00:00,105.32000,105.63000,104.91000,104.95000,276219.67,2026-05-01 10:59:59,29062784.4156000,20252,140371.00,14770974.0381000,0
2026-05-01 11:00:00,104.94000,105.11000,103.86000,104.01000,571173.16,2026-05-01 11:59:59,59633922.7932000,40838,304344.50,31779565.0283000,0
2026-05-01 12:00:00,104.02000,104.32000,102.06000,103.63000,1341870.84,2026-05-01 12:59:59,138381688.2495000,82024,647762.17,66804274.8584000,0
2026-05-01 13:00:00,103.64000,103.75000,100.34000,100.73000,1636781.53,2026-05-01 13:59:59,166406645.2716000,81584,723095.43,73527950.4434000,0
2026-05-01 14:00:00,100.74000,101.59000,98.59000,101.45000,1807328.61,2026-05-01 14:59:59,181233936.7026000,86859,881383.95,88457157.9183000,0
2026-05-01 15:00:00,101.45000,102.36000,100.63000,100.97000,793696.46,2026-05-01 15:59:59,80601613.0323000,51219,400808.96,40711218.6890000,0
2026-05-01 16:00:00,100.98000,102.54000,100.55000,101.73000,1561122.30,2026-05-01 16:59:59,159021862.0772000,76093,887411.05,90427251.0420000,0
2026-05-01 17:00:00,101.74000,101.95000,101.13000,101.29000,724970.12,2026-05-01 17:59:59,73569125.7734000,38055,285980.21,29025595.5700000,0
2026-05-01 18:00:00,101.29000,102.52000,101.01000,102.05000,364087.91,2026-05-01 18:59:59,37081198.6162000,27811,189335.56,19280736.8884000,0
2026-05-01 19:00:00,102.06000,102.29000,101.70000,102.02000,152100.19,2026-05-01 19:59:59,15505582.1121000,14066,68438.36,6976926.8221000,0
2026-05-01 20:00:00,102.02000,102.64000,101.87000,102.33000,276799.03,2026-05-01 20:59:59,28323067.6403000,16960,142154.35,14547088.3476000,0
2026-05-01 21:00:00,102.33000,102.56000,102.33000,102.43000,83141.47,2026-05-01 21:59:59,8520933.3304000,5407,43508.41,4458967.4117000,0
2026-05-01 22:00:00,102.44000,102.48000,102.38000,102.41000,34491.52,2026-05-01 22:59:59,3532768.6944000,4921,15995.74,1638437.3204000,0
2026-05-01 23:00:00,102.41000,102.56000,102.41000,102.51000,30411.66,2026-05-01 23:59:59,3117003.8252000,4667,19337.79,1982015.2964000,0
2026-05-02 00:00:00,102.51000,102.56000,102.42000,102.49000,37257.81,2026-05-02 00:59:59,3818628.5302000,5254,19806.46,2029980.8728000,0
2026-05-02 01:00:00,102.48000,102.49000,102.38000,102.39000,40321.26,2026-05-02 01:59:59,4129735.7497000,5075,13653.37,1398485.9820000,0
2026-05-02 02:00:00,102.39000,102.43000,102.38000,102.42000,23742.21,2026-05-02 02:59:59,2431155.4691000,2816,10619.72,1087523.1172000,0
2026-05-02 03:00:00,102.43000,102.44000,102.40000,102.41000,15785.48,2026-05-02 03:59:59,1616669.5354000,1882,8642.40,885158.5310000,0
2026-05-02 04:00:00,102.41000,102.43000,102.40000,102.41000,18370.39,2026-05-02 04:59:59,1881310.4945000,2879,8431.57,863522.8517000,0
2026-05-02 05:00:00,102.41000,102.46000,102.41000,102.42000,15894.92,2026-05-02 05:59:59,1628147.8695000,1960,8778.90,899240.2480000,0
2026-05-02 06:00:00,102.42000,102.43000,102.40000,102.41000,13234.61,2026-05-02 06:59:59,1355488.3505000,1460,5329.25,545863.3632000,0
2026-05-02 07:00:00,102.41000,102.43000,102.37000,102.41000,26067.98,2026-05-02 07:59:59,2669483.0975000,2157,10714.35,1097313.3964000,0
2026-05-02 08:00:00,102.41000,102.44000,102.41000,102.44000,9610.07,2026-05-02 08:59:59,984308.9467000,2581,6811.19,697649.0476000,0
2026-05-02 09:00:00,102.44000,102.44000,102.41000,102.42000,8505.41,2026-05-02 09:59:59,871174.1772000,2099,4649.85,476282.3715000,0
2026-05-02 10:00:00,102.42000,102.47000,102.40000,102.44000,18387.54,2026-05-02 10:59:59,1883385.4840000,3014,10694.21,1095450.3131000,0
2026-05-02 11:00:00,102.44000,102.45000,102.37000,102.39000,21492.91,2026-05-02 11:59:59,2201055.8849000,4835,7000.98,717044.7341000,0
2026-05-02 12:00:00,102.40000,102.42000,102.38000,102.42000,13112.98,2026-05-02 12:59:59,1342738.3229000,2500,7377.23,755446.0005000,0
2026-05-02 13:00:00,102.41000,102.42000,102.40000,102.40000,8991.01,2026-05-02 13:59:59,920790.2217000,1391,4937.70,505694.5928000,0
2026-05-02 14:00:00,102.40000,102.44000,102.40000,102.43000,17944.99,2026-05-02 14:59:59,1837880.3147000,2767,12900.19,1321253.0338000,0
2026-05-02 15:00:00,102.42000,102.43000,102.39000,102.40000,11892.59,2026-05-02 15:59:59,1217914.3186000,1991,5336.81,546563.2002000,0
2026-05-02 16:00:00,102.41000,102.41000,102.38000,102.38000,13154.77,2026-05-02 16:59:59,1346960.7026000,1937,3914.84,400881.2156000,0
2026-05-02 17:00:00,102.38000,102.39000,101.34000,102.10000,149942.29,2026-05-02 17:59:59,15282338.2692000,20553,63703.40,6488234.2982000,0
2026-05-02 18:00:00,102.10000,102.32000,102.09000,102.31000,23057.67,2026-05-02 18:59:59,2356861.3375000,5464,13372.12,1366936.5611000,0
2026-05-02 19:00:00,102.31000,102.35000,102.30000,102.33000,10816.03,2026-05-02 19:59:59,1106707.5744000,2016,5101.20,521983.3911000,0
2026-05-02 20:00:00,102.33000,102.34000,102.18000,102.33000,29912.45,2026-05-02 20:59:59,3059497.5044000,4766,18218.94,1863676.6788000,0
2026-05-02 21:00:00,102.32000,102.34000,102.27000,102.28000,13826.26,2026-05-02 21:59:59,1414594.4364000,2789,7646.88,782403.7702000,0
2026-05-02 22:00:00,102.29000,102.33000,102.27000,102.33000,17069.44,2026-05-02 22:59:59,1746241.4466000,1595,8060.72,824707.5408000,0
2026-05-02 23:00:00,102.33000,102.39000,102.30000,102.32000,25057.88,2026-05-02 23:59:59,2564844.8400000,5436,15937.00,1631223.8428000,0
2026-05-03 00:00:00,102.32000,102.34000,102.26000,102.33000,17586.57,2026-05-03 00:59:59,1799258.2978000,4027,9077.97,928768.2403000,0
2026-05-03 01:00:00,102.34000,102.36000,102.32000,102.35000,23504.45,2026-05-03 01:59:59,2405499.0502000,3274,15208.06,1556474.8460000,0
2026-05-03 02:00:00,102.35000,102.38000,102.30000,102.34000,31569.84,2026-05-03 02:59:59,3231275.7935000,4460,16077.79,1645638.5093000,0
2026-05-03 03:00:00,102.34000,102.39000,102.33000,102.39000,16394.81,2026-05-03 03:59:59,1678264.5047000,4848,10544.28,1079385.1157000,0
2026-05-03 04:00:00,102.39000,102.39000,102.31000,102.31000,16238.82,2026-05-03 04:59:59,1661989.9023000,3152,5304.27,542876.7306000,0
2026-05-03 05:00:00,102.32000,102.33000,102.30000,102.32000,12015.10,2026-05-03 05:59:59,1229332.3873000,3255,4855.40,496800.1931000,0
2026-05-03 06:00:00,102.33000,102.34000,102.23000,102.24000,22019.67,2026-05-03 06:59:59,2252056.9598000,3748,9503.14,971966.7351000,0
2026-05-03 07:00:00,102.23000,102.32000,102.22000,102.29000,13808.60,2026-05-03 07:59:59,1412234.2761000,2312,7784.18,796101.1466000,0
2026-05-03 08:00:00,102.30000,102.30000,102.19000,102.20000,21780.86,2026-05-03 08:59:59,2226843.4074000,3122,9940.14,1016324.6832000,0
2026-05-03 09:00:00,102.19000,102.29000,102.16000,102.17000,39163.01,2026-05-03 09:59:59,4002841.3764000,3629,18605.33,1901890.6229000,0
2026-05-03 10:00:00,102.18000,102.20000,102.06000,102.18000,27369.37,2026-05-03 10:59:59,2795554.4943000,3931,13384.34,1367136.4904000,0
2026-05-03 11:00:00,102.18000,102.25000,102.16000,102.21000,32135.74,2026-05-03 11:59:59,3284319.7744000,5093,16796.57,1716684.2367000,0
2026-05-03 12:00:00,102.20000,102.21000,101.98000,102.05000,51622.52,2026-05-03 12:59:59,5269099.7116000,3581,26085.09,2662352.1810000,0
2026-05-03 13:00:00,102.04000,102.07000,101.95000,101.96000,30961.05,2026-05-03 13:59:59,3157940.6478000,2538,14483.93,1477384.7239000,0
2026-05-03 14:00:00,101.96000,102.15000,101.38000,101.40000,134249.21,2026-05-03 14:59:59,13686029.7364000,9493,62650.58,6388768.0922000,0
2026-05-03 15:00:00,101.40000,101.76000,100.48000,101.44000,309286.95,2026-05-03 15:59:59,31356402.4846000,30988,145088.69,14709186.5305000,0
2026-05-03 16:00:00,101.44000,101.46000,100.13000,101.21000,237774.23,2026-05-03 16:59:59,23973927.6639000,27508,118881.31,11984992.1493000,0
2026-05-03 17:00:00,101.21000,101.67000,100.85000,101.62000,104135.31,2026-05-03 17:59:59,10542978.6947000,16210,63339.39,6414090.2385000,0
2026-05-03 18:00:00,101.63000,102.57000,101.54000,102.27000,210835.09,2026-05-03 18:59:59,21516850.7331000,21292,111870.89,11415999.8446000,0
2026-05-03 19:00:00,102.27000,102.32000,101.81000,102.15000,132406.53,2026-05-03 19:59:59,13518299.5252000,14795,68081.36,6951406.6670000,0
2026-05-03 20:00:00,102.15000,102.15000,98.73000,99.65000,554244.65,2026-05-03 20:59:59,55538291.1453000,51958,224757.64,22518857.2394000,0
2026-05-03 21:00:00,99.66000,100.09000,98.64000,99.50000,282088.21,2026-05-03 21:59:59,28060795.6459000,40584,146856.86,14611039.1440000,0
2026-05-03 22:00:00,99.51000,101.90000,99.28000,101.24000,932016.89,2026-05-03 22:59:59,93975978.1566000,62013,527990.35,53246231.1530000,0
2026-05-03 23:00:00,101.23000,102.07000,101.16000,101.98000,260787.93,2026-05-03 23:59:59,26524558.7327000,21335,155547.98,15820181.3132000,0
2026-05-04 00:00:00,101.98000,102.32000,101.01000,101.11000,416043.18,2026-05-04 00:59:59,42352931.3718000,25530,169926.88,17299262.0217000,0
2026-05-04 01:00:00,101.11000,101.92000,101.09000,101.53000,184040.01,2026-05-04 01:59:59,18688812.5429000,17748,95513.59,9698114.7270000,0
2026-05-04 02:00:00,101.54000,102.00000,101.31000,101.71000,115813.84,2026-05-04 02:59:59,11775773.9756000,13659,54606.64,5552177.3048000,0
2026-05-04 03:00:00,101.70000,102.09000,101.66000,101.81000,117310.84,2026-05-04 03:59:59,11953657.9976000,12946,60842.05,6201119.9328000,0
2026-05-04 04:00:00,101.81000,101.81000,101.05000,101.57000,138713.15,2026-05-04 04:59:59,14066398.7779000,19741,65266.24,6618300.4590000,0
2026-05-04 05:00:00,101.58000,101.68000,100.08000,100.86000,363945.24,2026-05-04 05:59:59,36687870.8280000,28494,155449.63,15663607.8815000,0
2026-05-04 06:00:00,100.87000,102.68000,100.75000,102.29000,354194.92,2026-05-04 06:59:59,36032576.6006000,28704,183244.56,18642448.8053000,0
2026-05-04 07:00:00,102.29000,103.45000,102.26000,103.42000,388340.90,2026-05-04 07:59:59,39952071.5295000,27531,216504.10,22279163.8539000,0
2026-05-04 08:00:00,103.43000,104.44000,103.03000,103.17000,470348.34,2026-05-04 08:59:59,48784570.7134000,34651,241673.84,25065081.5981000,0
2026-05-04 09:00:00,103.17000,103.24000,102.53000,102.97000,155607.22,2026-05-04 09:59:59,16009683.4381000,14923,81344.51,8369466.0414000,0
2026-05-04 10:00:00,102.97000,107.57000,102.80000,105.62000,2656135.47,2026-05-04 10:59:59,280153236.9337000,132451,1261348.93,133089824.7346000,0
2026-05-04 11:00:00,105.62000,105.94000,103.80000,104.08000,592854.93,2026-05-04 11:59:59,62274869.4710000,44936,303425.67,31878884.1335000,0
2026-05-04 12:00:00,104.07000,104.13000,102.08000,102.77000,720864.91,2026-05-04 12:59:59,74247352.6045000,49738,382511.92,39406466.3011000,0
2026-05-04 13:00:00,102.77000,104.18000,101.76000,102.16000,1183531.35,2026-05-04 13:59:59,121582050.2726000,66440,618280.97,63510933.5300000,0
2026-05-04 14:00:00,102.16000,103.59000,101.48000,103.44000,793577.95,2026-05-04 14:59:59,81193704.5774000,47562,396805.76,40626831.5837000,0
2026-05-04 15:00:00,103.44000,105.93000,102.90000,105.50000,1323102.05,2026-05-04 15:59:59,138525262.1883000,82425,668961.03,70031065.9213000,0
2026-05-04 16:00:00,105.51000,106.56000,104.64000,106.01000,999657.98,2026-05-04 16:59:59,105502093.0315000,61951,516204.09,54496104.1020000,0
2026-05-04 17:00:00,106.01000,106.13000,104.91000,105.20000,499464.58,2026-05-04 17:59:59,52591867.4076000,32161,222432.61,23421177.7504000,0
2026-05-04 18:00:00,105.19000,106.61000,104.67000,105.61000,318829.67,2026-05-04 18:59:59,33737561.7514000,25081,170024.12,17992794.2407000,0
2026-05-04 19:00:00,105.60000,105.79000,104.80000,105.18000,305241.18,2026-05-04 19:59:59,32106218.6229000,20721,163810.42,17230966.3689000,0
2026-05-04 20:00:00,105.18000,105.23000,104.54000,105.05000,72817.33,2026-05-04 20:59:59,7636719.5922000,7993,29243.25,3067341.3046000,0
2026-05-04 21:00:00,105.03000,105.14000,104.81000,104.83000,22369.71,2026-05-04 21:59:59,2348844.8589000,4177,9489.18,996486.4573000,0
2026-05-04 22:00:00,104.83000,105.34000,104.59000,104.84000,91431.92,2026-05-04 22:59:59,9592184.4026000,11366,46528.20,4881790.9551000,0
2026-05-04 23:00:00,104.84000,104.98000,104.75000,104.91000,42833.64,2026-05-04 23:59:59,4491866.9861000,5364,21721.48,2278013.5010000,0
2026-05-05 00:00:00,104.90000,105.22000,104.42000,104.73000,128934.40,2026-05-05 00:59:59,13516298.0231000,12924,66219.38,6942458.2002000,0
2026-05-05 01:00:00,104.74000,104.93000,104.44000,104.70000,100678.17,2026-05-05 01:59:59,10541408.9655000,17296,47462.68,4969241.2803000,0
2026-05-05 02:00:00,104.69000,104.69000,103.84000,104.12000,217414.90,2026-05-05 02:59:59,22648610.5119000,28742,110160.95,11476416.5219000,0
2026-05-05 03:00:00,104.11000,104.45000,104.04000,104.32000,95255.61,2026-05-05 03:59:59,9932380.0551000,14406,54230.62,5655161.8731000,0
2026-05-05 04:00:00,104.32000,104.32000,103.76000,104.07000,112977.26,2026-05-05 04:59:59,11752173.4306000,17098,52825.26,5495459.0153000,0
2026-05-05 05:00:00,104.07000,104.46000,104.07000,104.19000,204374.05,2026-05-05 05:59:59,21309586.1711000,29082,103171.76,10756961.0976000,0
2026-05-05 06:00:00,104.19000,105.28000,103.90000,104.36000,468816.46,2026-05-05 06:59:59,49026109.6150000,53074,240484.95,25146973.4022000,0
2026-05-05 07:00:00,104.35000,104.73000,103.11000,104.48000,805966.73,2026-05-05 07:59:59,83795154.8235000,73818,416412.26,43298393.1837000,0
2026-05-05 08:00:00,104.47000,104.60000,103.04000,103.37000,872662.51,2026-05-05 08:59:59,90503029.1166000,76419,441291.96,45766999.3430000,0
2026-05-05 09:00:00,103.37000,104.42000,103.37000,103.92000,643041.82,2026-05-05 09:59:59,66865116.3879000,53255,321815.10,33459844.8507000,0
2026-05-05 10:00:00,103.92000,104.30000,103.43000,104.07000,505457.46,2026-05-05 10:59:59,52559057.8269000,43325,247475.05,25734074.4856000,0
2026-05-05 11:00:00,104.08000,104.96000,103.68000,103.70000,728132.26,2026-05-05 11:59:59,75936219.8154000,56041,361986.21,37746850.6595000,0
2026-05-05 12:00:00,103.70000,104.12000,102.55000,103.15000,1024104.67,2026-05-05 12:59:59,105696830.0553000,76626,506485.79,52277220.5683000,0
2026-05-05 13:00:00,103.15000,103.29000,102.02000,102.06000,645520.63,2026-05-05 13:59:59,66162526.4736000,59216,324622.19,33271449.8404000,0
2026-05-05 14:00:00,102.05000,102.95000,101.04000,101.54000,1460322.90,2026-05-05 14:59:59,149110367.8301000,104376,733542.48,74918086.1729000,0
2026-05-05 15:00:00,101.54000,102.45000,101.19000,102.04000,646396.10,2026-05-05 15:59:59,65780142.2091000,56789,329547.87,33537469.3949000,0
2026-05-05 16:00:00,102.04000,102.35000,101.70000,102.26000,423349.44,2026-05-05 16:59:59,43192731.4412000,40893,214154.63,21849845.4347000,0
2026-05-05 17:00:00,102.25000,102.32000,101.38000,101.99000,354117.00,2026-05-05 17:59:59,36047570.3427000,33739,173117.16,17623002.0015000,0
2026-05-05 18:00:00,101.98000,102.58000,101.78000,102.22000,380411.72,2026-05-05 18:59:59,38883736.4521000,31496,175519.81,17940074.1274000,0
2026-05-05 19:00:00,102.22000,102.86000,102.14000,102.75000,226360.19,2026-05-05 19:59:59,23195598.8878000,16915,107590.23,11025279.0760000,0
2026-05-05 20:00:00,102.76000,102.77000,102.31000,102.62000,133926.60,2026-05-05 20:59:59,13733030.3211000,13071,64539.90,6617951.8522000,0
2026-05-05 21:00:00,102.62000,102.89000,102.39000,102.49000,57649.43,2026-05-05 21:59:59,5915770.5627000,5838,28044.10,2878457.3213000,0
2026-05-05 22:00:00,102.50000,102.59000,99.04000,100.95000,1489965.71,2026-05-05 22:59:59,149856140.5672000,78069,727511.22,73164546.1258000,0
2026-05-05 23:00:00,100.94000,101.10000,99.20000,99.75000,788571.22,2026-05-05 23:59:59,78929509.1873000,62137,401529.37,40192359.6696000,0
2026-05-06 00:00:00,99.73000,101.33000,99.58000,100.80000,416629.38,2026-05-06 00:59:59,41938747.5595000,36757,211082.71,21253441.3058000,0
2026-05-06 01:00:00,100.80000,101.19000,99.96000,100.49000,255523.20,2026-05-06 01:59:59,25684178.5665000,29204,131124.80,13180038.4103000,0
2026-05-06 02:00:00,100.48000,100.68000,100.34000,100.53000,86834.76,2026-05-06 02:59:59,8729197.1398000,11503,44298.39,4453493.2565000,0
2026-05-06 03:00:00,100.54000,100.87000,100.25000,100.49000,71462.28,2026-05-06 03:59:59,7187861.1145000,9735,34418.13,3461570.4604000,0
2026-05-06 04:00:00,100.49000,100.65000,100.09000,100.30000,141695.62,2026-05-06 04:59:59,14219276.4042000,9834,76802.25,7708947.9393000,0
2026-05-06 05:00:00,100.30000,101.24000,100.10000,100.22000,177022.39,2026-05-06 05:59:59,17848188.1164000,19452,90854.88,9157912.3586000,0
2026-05-06 06:00:00,100.22000,101.20000,99.69000,100.76000,336648.27,2026-05-06 06:59:59,33826096.4227000,32838,159240.67,15994507.2374000,0
2026-05-06 07:00:00,100.76000,101.10000,97.59000,97.69000,857705.82,2026-05-06 07:59:59,85145559.1910000,60276,437363.16,43433438.4688000,0
2026-05-06 08:00:00,97.69000,99.01000,95.08000,95.38000,2114634.57,2026-05-06 08:59:59,204636564.1155000,137868,1023958.99,99108117.5255000,0
2026-05-06 09:00:00,95.39000,96.21000,93.30000,93.35000,1938526.32,2026-05-06 09:59:59,183699033.6530000,132901,933624.26,88493884.7022000,0
2026-05-06 10:00:00,93.35000,93.37000,89.54000,89.78000,3557570.97,2026-05-06 10:59:59,325971150.7973000,194148,1670212.63,153054019.5980000,0
2026-05-06 11:00:00,89.78000,92.66000,88.74000,92.57000,2602866.40,2026-05-06 11:59:59,235769502.1767000,165919,1427468.43,129415724.9864000,0
2026-05-06 12:00:00,92.58000,96.08000,92.44000,95.38000,2438691.66,2026-05-06 12:59:59,230317281.2006000,153513,1224755.08,115677314.6849000,0
2026-05-06 13:00:00,95.37000,96.81000,95.07000,95.95000,1561474.50,2026-05-06 13:59:59,149992170.9333000,101361,848811.04,81574474.0491000,0
2026-05-06 14:00:00,95.94000,97.25000,94.43000,94.76000,1322010.34,2026-05-06 14:59:59,125974937.0107000,87048,646719.69,61647069.0258000,0
2026-05-06 15:00:00,94.76000,96.02000,94.60000,95.29000,644664.67,2026-05-06 15:59:59,61306075.6249000,51135,329054.47,31299391.9378000,0
2026-05-06 16:00:00,95.29000,96.26000,94.53000,95.76000,480301.59,2026-05-06 16:59:59,45785530.7037000,36892,249674.95,23809773.8952000,0
2026-05-06 17:00:00,95.76000,95.84000,94.96000,95.17000,269948.77,2026-05-06 17:59:59,25735118.8447000,26039,127487.13,12156236.0283000,0
2026-05-06 18:00:00,95.18000,95.25000,94.25000,95.09000,343518.63,2026-05-06 18:59:59,32546802.3247000,28679,162446.25,15394987.3857000,0
2026-05-06 19:00:00,95.10000,95.46000,94.73000,95.28000,209580.24,2026-05-06 19:59:59,19909167.2186000,19814,104644.04,9942156.8813000,0
2026-05-06 20:00:00,95.28000,96.19000,94.99000,96.05000,226214.73,2026-05-06 20:59:59,21636661.9606000,20825,116332.68,11130341.9453000,0
2026-05-06 21:00:00,96.05000,96.39000,95.63000,95.72000,188875.94,2026-05-06 21:59:59,18114413.7565000,17145,93239.29,8946559.2616000,0
2026-05-06 22:00:00,95.72000,96.12000,95.48000,95.77000,174260.01,2026-05-06 22:59:59,16686854.0190000,14720,91384.67,8749850.1881000,0
2026-05-06 23:00:00,95.76000,95.94000,95.62000,95.81000,101131.64,2026-05-06 23:59:59,9692171.7683000,6715,58264.36,5584232.9547000,0
2026-05-07 00:00:00,95.81000,96.34000,95.58000,96.00000,243685.06,2026-05-07 00:59:59,23399554.8404000,21744,115759.07,11114843.5151000,0
2026-05-07 01:00:00,95.99000,96.26000,95.22000,95.26000,240239.52,2026-05-07 01:59:59,22974900.1190000,26334,112326.42,10740919.6190000,0
2026-05-07 02:00:00,95.26000,95.60000,94.70000,95.54000,161961.95,2026-05-07 02:59:59,15426035.5003000,16426,81537.91,7766806.9908000,0
2026-05-07 03:00:00,95.55000,95.79000,95.21000,95.62000,121672.15,2026-05-07 03:59:59,11628411.4214000,8755,56849.74,5431412.6922000,0
2026-05-07 04:00:00,95.62000,95.66000,95.36000,95.40000,136194.63,2026-05-07 04:59:59,13007599.5292000,6976,65747.19,6279364.1938000,0
2026-05-07 05:00:00,95.39000,95.58000,95.11000,95.23000,144100.58,2026-05-07 05:59:59,13745010.0388000,10499,70924.85,6765099.8133000,0
2026-05-07 06:00:00,95.24000,95.51000,94.03000,94.47000,506447.60,2026-05-07 06:59:59,47993531.1170000,33740,264586.80,25075266.5725000,0
2026-05-07 07:00:00,94.48000,94.59000,91.73000,93.15000,1459742.48,2026-05-07 07:59:59,135457735.8440000,89896,698252.40,64780258.4581000,0
2026-05-07 08:00:00,93.15000,94.37000,92.50000,92.65000,896387.39,2026-05-07 08:59:59,83689457.0995000,54441,455112.78,42500799.3193000,0
2026-05-07 09:00:00,92.64000,93.02000,91.95000,92.68000,503299.23,2026-05-07 09:59:59,46564293.3650000,34714,262350.03,24277608.6144000,0
2026-05-07 10:00:00,92.68000,93.17000,92.08000,92.68000,648466.92,2026-05-07 10:59:59,60074241.4533000,33978,342814.71,31748759.8749000,0
2026-05-07 11:00:00,92.68000,92.78000,91.17000,91.64000,675533.55,2026-05-07 11:59:59,61994327.1362000,37757,335590.30,30802475.3794000,0
2026-05-07 12:00:00,91.63000,91.88000,89.61000,90.47000,1125851.45,2026-05-07 12:59:59,102005191.2081000,68450,487091.17,44113390.1284000,0
2026-05-07 13:00:00,90.47000,92.50000,90.47000,90.89000,971387.15,2026-05-07 13:59:59,88703387.1758000,60188,496264.05,45331336.2301000,0
2026-05-07 14:00:00,90.89000,91.38000,90.07000,90.92000,596244.45,2026-05-07 14:59:59,54099286.9584000,46450,324210.81,29424065.7349000,0
2026-05-07 15:00:00,90.92000,93.16000,90.89000,93.05000,1053961.73,2026-05-07 15:59:59,96987359.8559000,59237,554915.35,51066426.1279000,0
2026-05-07 16:00:00,93.04000,95.36000,92.89000,95.12000,1266120.89,2026-05-07 16:59:59,119150713.3551000,67775,631419.53,59425548.9949000,0
2026-05-07 17:00:00,95.12000,96.79000,94.10000,94.42000,1904845.13,2026-05-07 17:59:59,182194415.1674000,97375,1069252.99,102349493.8590000,0
2026-05-07 18:00:00,94.42000,96.08000,94.12000,95.08000,945487.25,2026-05-07 18:59:59,89821238.0233000,68743,475609.98,45190807.6322000,0
2026-05-07 19:00:00,95.08000,96.71000,94.94000,95.92000,979917.32,2026-05-07 19:59:59,93904412.4276000,71477,494279.81,47355150.3363000,0
2026-05-07 20:00:00,95.92000,97.25000,94.04000,96.85000,1226538.85,2026-05-07 20:59:59,117491349.1818000,92062,591568.00,56697081.4745000,0
2026-05-07 21:00:00,96.86000,98.40000,96.67000,97.40000,491338.21,2026-05-07 21:59:59,48017904.8817000,60308,246853.89,24126548.3973000,0
2026-05-07 22:00:00,97.40000,97.83000,95.32000,96.43000,681961.11,2026-05-07 22:59:59,65753398.6755000,50419,374955.68,36166856.3995000,0
2026-05-07 23:00:00,96.42000,96.46000,95.82000,96.08000,191190.00,2026-05-07 23:59:59,18387436.5077000,16767,88370.15,8498552.0173000,0
2026-05-08 00:00:00,96.08000,96.39000,95.52000,95.65000,371358.62,2026-05-08 00:59:59,35648482.0203000,24981,187069.86,17959123.8258000,0
2026-05-08 01:00:00,95.67000,95.67000,94.63000,95.13000,276796.13,2026-05-08 01:59:59,26319366.9310000,25826,126386.53,12020011.5895000,0
2026-05-08 02:00:00,95.13000,95.59000,94.20000,94.85000,313342.15,2026-05-08 02:59:59,29751414.3860000,24480,160694.12,15262126.8725000,0
2026-05-08 03:00:00,94.85000,94.91000,94.45000,94.82000,155817.24,2026-05-08 03:59:59,14762677.1711000,13653,75407.56,7144604.5220000,0
2026-05-08 04:00:00,94.81000,95.57000,94.71000,94.82000,229114.38,2026-05-08 04:59:59,21791989.3076000,17224,135491.63,12887003.0298000,0
2026-05-08 05:00:00,94.81000,94.99000,94.36000,94.48000,272754.57,2026-05-08 05:59:59,25812649.1357000,20425,133526.50,12637002.3160000,0
2026-05-08 06:00:00,94.48000,94.85000,93.27000,94.22000,555765.35,2026-05-08 06:59:59,52287066.7640000,51642,278291.27,26181880.4867000,0
2026-05-08 07:00:00,94.21000,94.96000,93.86000,94.33000,496430.26,2026-05-08 07:59:59,46833449.5161000,46987,234091.09,22079163.2027000,0
2026-05-08 08:00:00,94.32000,94.53000,93.21000,93.62000,523035.76,2026-05-08 08:59:59,49035583.2309000,47915,260643.10,24435333.2789000,0
2026-05-08 09:00:00,93.63000,94.54000,92.89000,94.18000,506472.08,2026-05-08 09:59:59,47446628.8412000,43838,261147.64,24476017.0091000,0
2026-05-08 10:00:00,94.19000,94.38000,93.53000,93.91000,466740.20,2026-05-08 10:59:59,43816019.4847000,41426,243747.26,22881924.7995000,0
2026-05-08 11:00:00,93.91000,94.30000,93.30000,94.05000,565433.80,2026-05-08 11:59:59,53082930.9699000,39854,285325.46,26786820.8418000,0
2026-05-08 12:00:00,94.05000,94.59000,93.60000,94.36000,637147.40,2026-05-08 12:59:59,59874598.6072000,51708,336926.30,31659675.5414000,0
2026-05-08 13:00:00,94.35000,94.41000,92.98000,93.34000,962457.81,2026-05-08 13:59:59,90109133.8223000,68137,525606.73,49224426.6206000,0
2026-05-08 14:00:00,93.34000,94.78000,93.33000,94.32000,715469.63,2026-05-08 14:59:59,67358232.5561000,53073,333483.45,31400996.8044000,0
2026-05-08 15:00:00,94.33000,95.00000,94.04000,94.76000,821993.24,2026-05-08 15:59:59,77739448.9351000,56123,400822.02,37915711.6130000,0
2026-05-08 16:00:00,94.75000,94.89000,94.22000,94.83000,497034.42,2026-05-08 16:59:59,47017291.7353000,32219,210361.06,19895871.7253000,0
2026-05-08 17:00:00,94.84000,94.85000,94.04000,94.21000,304352.38,2026-05-08 17:59:59,28718828.5231000,23472,155543.71,14677468.1941000,0
2026-05-08 18:00:00,94.22000,94.52000,93.32000,94.29000,530573.42,2026-05-08 18:59:59,49852219.2223000,37388,277321.15,26061606.3975000,0
2026-05-08 19:00:00,94.29000,94.38000,93.48000,93.73000,402186.75,2026-05-08 19:59:59,37745511.0689000,23493,207279.29,19456917.6092000,0
2026-05-08 20:00:00,93.72000,93.72000,93.07000,93.36000,341686.03,2026-05-08 20:59:59,31918644.8929000,15858,148472.49,13863666.7031000,0
2026-05-08 21:00:00,93.36000,93.71000,93.14000,93.23000,144020.34,2026-05-08 21:59:59,13457680.9713000,10819,69784.28,6521708.7887000,0
2026-05-08 22:00:00,93.24000,93.31000,93.00000,93.21000,74676.67,2026-05-08 22:59:59,6956653.4140000,6376,32758.29,3051930.2612000,0
2026-05-08 23:00:00,93.21000,93.29000,93.06000,93.08000,55236.39,2026-05-08 23:59:59,5145432.5492000,4351,27898.87,2599111.0419000,0
2026-05-09 00:00:00,93.07000,93.07000,91.82000,92.48000,192807.02,2026-05-09 00:59:59,17807073.6339000,18350,71505.94,6603652.2771000,0
2026-05-09 01:00:00,92.47000,92.90000,92.46000,92.76000,49994.70,2026-05-09 01:59:59,4633367.1778000,4670,29855.75,2766620.7028000,0
2026-05-09 02:00:00,92.76000,93.05000,92.72000,92.94000,46296.51,2026-05-09 02:59:59,4301601.4473000,4769,24757.34,2300275.1683000,0
2026-05-09 03:00:00,92.93000,92.94000,92.65000,92.76000,37066.33,2026-05-09 03:59:59,3438982.1726000,3661,19723.01,1829813.1308000,0
2026-05-09 04:00:00,92.76000,92.82000,92.60000,92.69000,30105.84,2026-05-09 04:59:59,2791851.1328000,2497,14786.02,1371152.4880000,0
2026-05-09 05:00:00,92.68000,92.80000,92.64000,92.74000,25794.06,2026-05-09 05:59:59,2391455.4213000,1829,14760.77,1368499.3646000,0
2026-05-09 06:00:00,92.73000,92.98000,92.67000,92.85000,73268.23,2026-05-09 06:59:59,6798061.8998000,4917,49617.27,4602906.7526000,0
2026-05-09 07:00:00,92.84000,92.95000,92.74000,92.81000,25414.19,2026-05-09 07:59:59,2359997.2498000,3003,13818.05,1283144.2911000,0
2026-05-09 08:00:00,92.80000,92.95000,92.70000,92.89000,29583.79,2026-05-09 08:59:59,2746741.5553000,4001,15327.68,1423083.5734000,0
2026-05-09 09:00:00,92.88000,92.96000,92.85000,92.95000,11711.32,2026-05-09 09:59:59,1088181.4505000,1839,6950.91,645872.6677000,0
2026-05-09 10:00:00,92.95000,93.04000,92.86000,92.89000,20182.61,2026-05-09 10:59:59,1875705.9691000,2710,10205.08,948456.3289000,0
2026-05-09 11:00:00,92.89000,92.92000,92.79000,92.91000,13388.64,2026-05-09 11:59:59,1243035.3435000,1838,7210.08,669424.8860000,0
2026-05-09 12:00:00,92.92000,93.21000,92.91000,93.21000,26508.17,2026-05-09 12:59:59,2467409.5777000,4185,16970.70,1579644.4028000,0
2026-05-09 13:00:00,93.21000,93.50000,93.17000,93.49000,34924.59,2026-05-09 13:59:59,3258063.3376000,6249,21790.21,2032963.4063000,0
2026-05-09 14:00:00,93.49000,93.85000,93.37000,93.74000,103403.88,2026-05-09 14:59:59,9686095.6812000,12929,49077.91,4597372.4602000,0
2026-05-09 15:00:00,93.73000,93.79000,93.08000,93.26000,69107.84,2026-05-09 15:59:59,6455290.1698000,8311,34473.81,3219963.9435000,0
2026-05-09 16:00:00,93.25000,93.56000,93.24000,93.49000,20936.08,2026-05-09 16:59:59,1955605.5641000,4387,11036.08,1030870.9738000,0
2026-05-09 17:00:00,93.49000,93.61000,93.25000,93.35000,26859.58,2026-05-09 17:59:59,2510338.3106000,4271,12092.09,1130098.1243000,0
2026-05-09 18:00:00,93.35000,93.39000,93.24000,93.39000,19332.42,2026-05-09 18:59:59,1803789.0027000,2647,10643.59,993115.5927000,0
2026-05-09 19:00:00,93.38000,93.63000,93.37000,93.48000,22991.50,2026-05-09 19:59:59,2149885.3931000,3239,13775.33,1288150.9637000,0
2026-05-09 20:00:00,93.48000,93.56000,93.41000,93.44000,5328.52,2026-05-09 20:59:59,498260.6403000,1410,1944.80,181854.7317000,0
2026-05-09 21:00:00,93.44000,93.55000,93.40000,93.52000,5552.13,2026-05-09 21:59:59,519127.3958000,1261,2772.77,259267.3332000,0
2026-05-09 22:00:00,93.52000,93.58000,93.33000,93.35000,4988.40,2026-05-09 22:59:59,466072.1121000,1091,2330.46,217729.4233000,0
2026-05-09 23:00:00,93.35000,93.52000,93.31000,93.51000,5903.64,2026-05-09 23:59:59,551545.5001000,1018,4259.05,397866.4481000,0
2026-05-10 00:00:00,93.50000,93.58000,93.35000,93.55000,9447.27,2026-05-10 00:59:59,883060.1015000,2208,5567.39,520390.5216000,0
2026-05-10 01:00:00,93.55000,93.61000,93.45000,93.46000,6516.53,2026-05-10 01:59:59,609649.5696000,1213,2114.51,197829.8282000,0
2026-05-10 02:00:00,93.47000,93.54000,93.33000,93.35000,8281.84,2026-05-10 02:59:59,773803.3279000,2112,4560.49,426106.0957000,0
2026-05-10 03:00:00,93.36000,93.46000,93.15000,93.15000,18073.76,2026-05-10 03:59:59,1686201.9981000,3238,6879.09,641810.2341000,0
2026-05-10 04:00:00,93.15000,93.29000,92.69000,93.16000,57414.85,2026-05-10 04:59:59,5337831.4285000,7464,24997.54,2324837.1981000,0
2026-05-10 05:00:00,93.17000,93.36000,93.17000,93.25000,20959.24,2026-05-10 05:59:59,1954986.4254000,2322,9815.56,915260.0573000,0
2026-05-10 06:00:00,93.25000,93.45000,93.19000,93.22000,14460.18,2026-05-10 06:59:59,1349591.4843000,2841,8390.93,783185.2601000,0
2026-05-10 07:00:00,93.22000,93.41000,93.10000,93.39000,18896.11,2026-05-10 07:59:59,1762233.6328000,2877,10047.54,937101.8104000,0
2026-05-10 08:00:00,93.38000,93.42000,93.19000,93.30000,15144.59,2026-05-10 08:59:59,1412873.1697000,2652,7150.85,667159.0697000,0
2026-05-10 09:00:00,93.31000,93.43000,93.06000,93.16000,30689.89,2026-05-10 09:59:59,2861354.7734000,3682,13058.83,1217743.1052000,0
2026-05-10 10:00:00,93.16000,93.30000,93.09000,93.26000,10843.33,2026-05-10 10:59:59,1010491.9143000,1867,5974.55,556875.7190000,0
2026-05-10 11:00:00,93.26000,93.33000,93.23000,93.31000,6953.43,2026-05-10 11:59:59,648708.1390000,1403,4724.91,440799.0035000,0
2026-05-10 12:00:00,93.31000,93.32000,92.76000,92.84000,70913.43,2026-05-10 12:59:59,6591463.7321000,6491,24965.06,2319988.0331000,0
2026-05-10 13:00:00,92.84000,92.92000,92.63000,92.90000,69057.03,2026-05-10 13:59:59,6406181.3831000,5621,27581.67,2559746.9176000,0
2026-05-10 14:00:00,92.90000,93.43000,92.84000,92.98000,87636.66,2026-05-10 14:59:59,8157584.4711000,11030,56025.76,5215576.2738000,0
2026-05-10 15:00:00,92.98000,93.00000,92.53000,92.69000,57481.92,2026-05-10 15:59:59,5332709.5636000,7574,24113.54,2237116.5177000,0
2026-05-10 16:00:00,92.69000,92.91000,92.62000,92.79000,24075.49,2026-05-10 16:59:59,2232847.6694000,5253,12431.13,1152992.4483000,0
2026-05-10 17:00:00,92.79000,93.18000,92.00000,93.10000,112478.45,2026-05-10 17:59:59,10417535.1678000,14542,55943.31,5184689.6108000,0
2026-05-10 18:00:00,93.10000,94.44000,92.81000,94.34000,194858.95,2026-05-10 18:59:59,18241136.4759000,19123,103931.22,9724082.7748000,0
2026-05-10 19:00:00,94.34000,94.90000,93.50000,93.99000,187417.88,2026-05-10 19:59:59,17645231.7394000,19612,81169.57,7642337.9039000,0
2026-05-10 20:00:00,93.99000,97.50000,93.95000,96.03000,820641.72,2026-05-10 20:59:59,78759278.7579000,119202,448379.46,43034092.9280000,0
2026-05-10 21:00:00,96.04000,96.49000,95.30000,96.00000,249891.27,2026-05-10 21:59:59,23976417.9307000,46348,142574.45,13682603.3222000,0
2026-05-10 22:00:00,96.01000,96.99000,95.91000,96.69000,751220.56,2026-05-10 22:59:59,72425390.6624000,49249,332765.36,32091202.0976000,0
2026-05-10 23:00:00,96.69000,97.35000,96.60000,97.27000,288569.92,2026-05-10 23:59:59,27931535.1866000,14574,140342.19,13587969.5274000,0
2026-05-11 00:00:00,97.27000,98.15000,96.92000,97.56000,564886.31,2026-05-11 00:59:59,55034857.1786000,34640,325757.74,31749828.1062000,0
2026-05-11 01:00:00,97.56000,97.62000,97.08000,97.22000,367420.37,2026-05-11 01:59:59,35755296.1142000,29750,167825.57,16333495.5679000,0
2026-05-11 02:00:00,97.22000,98.07000,97.07000,98.00000,178384.12,2026-05-11 02:59:59,17407914.4701000,13859,87626.42,8551966.8662000,0
2026-05-11 03:00:00,98.00000,98.53000,97.90000,98.18000,228880.83,2026-05-11 03:59:59,22459315.1673000,17104,109101.80,10708400.1912000,0
2026-05-11 04:00:00,98.18000,98.54000,98.13000,98.42000,105820.47,2026-05-11 04:59:59,10402708.1841000,8478,53188.33,5229299.7984000,0
2026-05-11 05:00:00,98.43000,98.46000,97.78000,97.91000,270767.08,2026-05-11 05:59:59,26547775.4993000,14823,113936.28,11171615.1099000,0
2026-05-11 06:00:00,97.91000,98.24000,97.02000,97.18000,314389.85,2026-05-11 06:59:59,30689015.7223000,20220,164755.08,16081120.4191000,0
2026-05-11 07:00:00,97.19000,97.53000,96.55000,96.69000,357134.09,2026-05-11 07:59:59,34698419.4546000,23531,143549.26,13946370.5555000,0
2026-05-11 08:00:00,96.67000,96.77000,95.32000,95.93000,570977.88,2026-05-11 08:59:59,54755611.2900000,36328,259078.91,24843637.5702000,0
2026-05-11 09:00:00,95.94000,96.36000,95.68000,96.34000,285128.94,2026-05-11 09:59:59,27350836.9404000,16429,135967.07,13045688.3377000,0
2026-05-11 10:00:00,96.34000,96.38000,95.54000,96.26000,242334.60,2026-05-11 10:59:59,23259628.0581000,18933,134759.31,12934096.8897000,0
2026-05-11 11:00:00,96.27000,96.81000,95.99000,96.60000,206238.05,2026-05-11 11:59:59,19859884.3808000,15855,105737.89,10182208.2557000,0
2026-05-11 12:00:00,96.59000,96.96000,94.86000,96.24000,684921.60,2026-05-11 12:59:59,65841292.7830000,43412,316370.64,30419655.8688000,0
2026-05-11 13:00:00,96.25000,96.34000,94.46000,94.93000,699326.80,2026-05-11 13:59:59,66494474.0851000,47196,340308.64,32360210.7619000,0
2026-05-11 14:00:00,94.92000,96.40000,94.85000,95.98000,1085201.87,2026-05-11 14:59:59,103948251.0454000,42333,572690.18,54869375.5396000,0
2026-05-11 15:00:00,95.98000,96.58000,95.54000,96.22000,334937.60,2026-05-11 15:59:59,32164775.7303000,31665,179454.46,17233978.1044000,0
2026-05-11 16:00:00,96.21000,98.00000,96.09000,97.39000,470621.26,2026-05-11 16:59:59,45699880.7906000,35106,222277.14,21593884.3723000,0
2026-05-11 17:00:00,97.39000,97.40000,96.31000,96.51000,251403.07,2026-05-11 17:59:59,24326919.8750000,21028,129663.39,12546467.6311000,0
2026-05-11 18:00:00,96.51000,97.05000,96.06000,96.32000,336960.53,2026-05-11 18:59:59,32496923.3352000,28289,179586.96,17320608.2910000,0
2026-05-11 19:00:00,96.32000,96.68000,96.03000,96.53000,148138.09,2026-05-11 19:59:59,14263632.1182000,13212,87951.36,8468799.1414000,0
2026-05-11 20:00:00,96.53000,97.02000,96.17000,96.31000,314300.00,2026-05-11 20:59:59,30336770.9058000,20188,133825.67,12917676.7811000,0
2026-05-11 21:00:00,96.31000,96.38000,96.18000,96.31000,57198.15,2026-05-11 21:59:59,5506481.8217000,6686,27376.14,2635691.7543000,0
2026-05-11 22:00:00,96.32000,96.47000,95.81000,96.23000,131822.27,2026-05-11 22:59:59,12671167.3323000,8974,73788.76,7093358.0170000,0
2026-05-11 23:00:00,96.22000,96.28000,95.95000,96.04000,42842.24,2026-05-11 23:59:59,4118827.8512000,4683,15611.36,1500991.6724000,0
2026-05-12 00:00:00,96.04000,96.66000,96.04000,96.62000,273379.25,2026-05-12 00:59:59,26344345.9260000,16837,144548.92,13929281.2862000,0
2026-05-12 01:00:00,96.61000,97.03000,96.24000,96.89000,307668.80,2026-05-12 01:59:59,29743138.5251000,19671,152956.18,14785746.5071000,0
2026-05-12 02:00:00,96.89000,97.08000,96.75000,96.76000,207725.98,2026-05-12 02:59:59,20133047.5935000,14716,98818.76,9577666.9962000,0
2026-05-12 03:00:00,96.77000,96.97000,96.60000,96.92000,217370.04,2026-05-12 03:59:59,21039633.6114000,12787,109566.58,10605021.5428000,0
2026-05-12 04:00:00,96.92000,96.94000,96.39000,96.75000,238962.73,2026-05-12 04:59:59,23089199.7511000,12819,105387.41,10180991.4132000,0
2026-05-12 05:00:00,96.75000,97.26000,96.51000,96.91000,306394.97,2026-05-12 05:59:59,29657316.1029000,17096,155847.52,15086501.2835000,0
2026-05-12 06:00:00,96.92000,98.30000,96.90000,98.16000,701662.74,2026-05-12 06:59:59,68463982.7248000,44614,379286.33,37011930.7053000,0
2026-05-12 07:00:00,98.16000,98.29000,97.83000,98.22000,531987.54,2026-05-12 07:59:59,52175834.5881000,39823,250479.35,24566509.3232000,0
2026-05-12 08:00:00,98.22000,98.94000,98.12000,98.39000,687119.23,2026-05-12 08:59:59,67710043.6756000,45865,332912.90,32808544.9400000,0
2026-05-12 09:00:00,98.40000,99.25000,98.36000,98.63000,711555.30,2026-05-12 09:59:59,70285662.6047000,49468,348873.14,34461988.2260000,0
2026-05-12 10:00:00,98.63000,99.54000,98.36000,99.23000,678798.92,2026-05-12 10:59:59,67180147.5007000,42056,341263.36,33773788.1766000,0
2026-05-12 11:00:00,99.22000,99.64000,98.72000,98.99000,759328.71,2026-05-12 11:59:59,75243703.5226000,42579,382029.16,37856624.0939000,0
2026-05-12 12:00:00,98.98000,99.35000,98.23000,98.41000,1053887.47,2026-05-12 12:59:59,104179457.5881000,53533,497325.57,49159537.2077000,0
2026-05-12 13:00:00,98.41000,99.65000,98.31000,99.35000,914100.53,2026-05-12 13:59:59,90548122.5770000,58565,463867.40,45949142.4135000,0
2026-05-12 14:00:00,99.35000,99.64000,98.97000,99.43000,752762.98,2026-05-12 14:59:59,74710738.5265000,49011,382690.90,37982136.2335000,0
2026-05-12 15:00:00,99.44000,99.78000,98.75000,99.22000,936179.47,2026-05-12 15:59:59,92963048.5885000,53058,483382.22,48001697.4827000,0
2026-05-12 16:00:00,99.21000,99.37000,98.72000,99.07000,740217.21,2026-05-12 16:59:59,73345869.5942000,39676,360744.82,35745996.0770000,0
2026-05-12 17:00:00,99.06000,99.10000,98.67000,99.03000,502392.97,2026-05-12 17:59:59,49683318.7859000,29277,250054.78,24728762.8646000,0
2026-05-12 18:00:00,99.02000,99.90000,98.90000,99.67000,811983.26,2026-05-12 18:59:59,80767525.5876000,43643,423859.02,42161213.3541000,0
2026-05-12 19:00:00,99.68000,99.71000,99.38000,99.58000,272201.46,2026-05-12 19:59:59,27102808.2919000,18947,146924.09,14628751.9764000,0
2026-05-12 20:00:00,99.59000,99.60000,98.94000,99.05000,288473.05,2026-05-12 20:59:59,28636974.1120000,15783,98343.82,9759878.0899000,0
2026-05-12 21:00:00,99.04000,99.33000,99.04000,99.17000,74697.43,2026-05-12 21:59:59,7409204.2257000,9715,37293.49,3699111.7925000,0
2026-05-12 22:00:00,99.17000,99.28000,98.64000,98.80000,205506.65,2026-05-12 22:59:59,20330152.5514000,13572,110544.38,10937011.1291000,0
2026-05-12 23:00:00,98.79000,98.93000,98.71000,98.88000,156184.47,2026-05-12 23:59:59,15440540.6182000,10198,85146.52,8418624.5107000,0
2026-05-13 00:00:00,98.88000,98.88000,97.89000,98.31000,474716.11,2026-05-13 00:59:59,46751587.4182000,29582,226871.92,22345470.1722000,0
2026-05-13 01:00:00,98.32000,98.49000,98.14000,98.43000,198877.79,2026-05-13 01:59:59,19548645.6372000,19576,101163.92,9944568.4944000,0
2026-05-13 02:00:00,98.44000,98.56000,97.66000,97.93000,152585.20,2026-05-13 02:59:59,14974473.1476000,15526,76945.87,7550940.3164000,0
2026-05-13 03:00:00,97.93000,98.08000,97.68000,97.95000,263683.85,2026-05-13 03:59:59,25809411.2725000,19021,144793.22,14173144.7776000,0
2026-05-13 04:00:00,97.94000,97.94000,97.40000,97.57000,160098.05,2026-05-13 04:59:59,15635589.6660000,14618,71790.59,7012457.0721000,0
2026-05-13 05:00:00,97.57000,97.73000,97.35000,97.42000,165705.26,2026-05-13 05:59:59,16161583.0079000,15229,87229.76,8508941.6029000,0
2026-05-13 06:00:00,97.43000,97.93000,97.38000,97.81000,244688.99,2026-05-13 06:59:59,23897441.9011000,18818,127709.90,12473159.1120000,0
2026-05-13 07:00:00,97.82000,98.24000,97.63000,98.15000,312272.79,2026-05-13 07:59:59,30581335.3764000,24427,164692.15,16127908.5576000,0
2026-05-13 08:00:00,98.15000,98.64000,97.95000,98.45000,547239.35,2026-05-13 08:59:59,53773818.3219000,34214,256350.72,25187917.9522000,0
2026-05-13 09:00:00,98.44000,98.83000,98.07000,98.19000,384586.25,2026-05-13 09:59:59,37878447.4519000,25420,194002.96,19108808.2553000,0
2026-05-13 10:00:00,98.20000,99.15000,98.19000,99.09000,417710.53,2026-05-13 10:59:59,41240563.9482000,24000,227978.42,22504841.8419000,0
2026-05-13 11:00:00,99.08000,99.16000,98.51000,98.60000,294659.48,2026-05-13 11:59:59,29113506.6365000,19817,145055.79,14331940.0054000,0
2026-05-13 12:00:00,98.59000,99.17000,98.29000,98.72000,568751.28,2026-05-13 12:59:59,56141744.5329000,29342,290321.54,28661608.9805000,0
2026-05-13 13:00:00,98.72000,98.92000,98.42000,98.91000,592739.39,2026-05-13 13:59:59,58467710.8481000,32778,314651.68,31037395.8856000,0
2026-05-13 14:00:00,98.91000,99.60000,98.76000,99.21000,654175.34,2026-05-13 14:59:59,64924119.2395000,36091,324217.90,32179079.0488000,0
2026-05-13 15:00:00,99.20000,99.29000,98.17000,98.49000,608588.77,2026-05-13 15:59:59,60076003.5421000,34840,336134.87,33184912.9022000,0
2026-05-13 16:00:00,98.48000,98.48000,96.92000,98.01000,850112.31,2026-05-13 16:59:59,83106339.6466000,50974,388535.65,37974035.9174000,0
2026-05-13 17:00:00,98.00000,98.11000,97.39000,97.48000,441618.64,2026-05-13 17:59:59,43169513.1970000,25110,209170.81,20446669.7897000,0
2026-05-13 18:00:00,97.47000,97.49000,96.62000,97.04000,559761.88,2026-05-13 18:59:59,54376817.5399000,31908,309624.45,30080176.0493000,0
2026-05-13 19:00:00,97.04000,97.47000,96.99000,97.40000,360731.71,2026-05-13 19:59:59,35074395.9133000,18971,210432.81,20461193.1187000,0
2026-05-13 20:00:00,97.40000,97.44000,96.56000,96.88000,450970.15,2026-05-13 20:59:59,43767253.8446000,20615,180396.45,17503916.3785000,0
2026-05-13 21:00:00,96.88000,97.21000,96.83000,97.18000,82556.21,2026-05-13 21:59:59,8010163.5157000,8998,43384.93,4209469.1122000,0
2026-05-13 22:00:00,97.17000,97.18000,96.58000,96.74000,187417.10,2026-05-13 22:59:59,18144419.2865000,13434,99788.89,9660626.0858000,0
2026-05-13 23:00:00,96.73000,96.91000,96.68000,96.83000,109764.19,2026-05-13 23:59:59,10626301.5449000,8708,54863.27,5311260.4351000,0
2026-05-14 00:00:00,96.83000,97.06000,96.71000,96.81000,213917.77,2026-05-14 00:59:59,20728144.2696000,14709,119299.92,11559604.8460000,0
2026-05-14 01:00:00,96.80000,97.19000,96.44000,96.73000,281017.30,2026-05-14 01:59:59,27211757.3946000,17800,144594.43,14002669.0664000,0
2026-05-14 02:00:00,96.73000,97.19000,96.65000,97.14000,189495.06,2026-05-14 02:59:59,18364420.9269000,10264,112775.61,10931189.4010000,0
2026-05-14 03:00:00,97.14000,97.37000,96.83000,97.08000,153648.43,2026-05-14 03:59:59,14917687.8928000,10549,87188.28,8465869.3524000,0
2026-05-14 04:00:00,97.07000,97.18000,97.01000,97.07000,79636.27,2026-05-14 04:59:59,7733131.2835000,6042,33380.53,3241459.6451000,0
2026-05-14 05:00:00,97.07000,97.42000,96.97000,97.12000,180972.69,2026-05-14 05:59:59,17586745.0241000,9967,98296.04,9551738.7960000,0
2026-05-14 06:00:00,97.12000,97.12000,95.49000,96.71000,443426.02,2026-05-14 06:59:59,42693343.4105000,28913,202452.99,19494643.5550000,0
2026-05-14 07:00:00,96.71000,97.78000,96.58000,97.64000,580350.34,2026-05-14 07:59:59,56253054.6523000,29783,309079.59,29959568.4516000,0
2026-05-14 08:00:00,97.63000,98.06000,96.81000,97.05000,519552.12,2026-05-14 08:59:59,50569263.6683000,42372,267956.17,26084951.3531000,0
2026-05-14 09:00:00,97.05000,97.71000,96.70000,96.90000,463936.57,2026-05-14 09:59:59,45095564.5805000,37614,244638.36,23777746.7075000,0
2026-05-14 10:00:00,96.91000,97.34000,96.04000,96.67000,821303.53,2026-05-14 10:59:59,79307492.2059000,70687,412931.43,39877206.0873000,0
2026-05-14 11:00:00,96.67000,96.97000,95.80000,96.00000,466852.64,2026-05-14 11:59:59,45036809.6554000,48029,230084.13,22196408.1182000,0
2026-05-14 12:00:00,96.00000,96.57000,95.11000,96.04000,730093.37,2026-05-14 12:59:59,69952656.4396000,67325,357744.82,34279288.3339000,0
2026-05-14 13:00:00,96.05000,96.99000,96.05000,96.71000,630619.91,2026-05-14 13:59:59,60847362.3756000,63442,310333.32,29943511.7054000,0
2026-05-14 14:00:00,96.72000,97.47000,96.11000,96.34000,625946.91,2026-05-14 14:59:59,60621992.8179000,49586,315983.82,30606437.6711000,0
2026-05-14 15:00:00,96.33000,96.68000,96.18000,96.62000,334580.86,2026-05-14 15:59:59,32267363.6904000,32038,172062.37,16594136.3352000,0
2026-05-14 16:00:00,96.62000,96.73000,95.99000,96.63000,240591.85,2026-05-14 16:59:59,23198401.3964000,22873,122796.14,11843491.9724000,0
2026-05-14 17:00:00,96.63000,97.58000,96.52000,97.38000,313820.36,2026-05-14 17:59:59,30479642.9255000,25334,183153.80,17786931.3307000,0
2026-05-14 18:00:00,97.38000,97.63000,96.81000,97.09000,173102.60,2026-05-14 18:59:59,16817231.9946000,15662,85748.64,8329778.7746000,0
2026-05-14 19:00:00,97.09000,97.67000,97.02000,97.65000,78220.57,2026-05-14 19:59:59,7614152.7067000,7796,43141.07,4199609.2504000,0
2026-05-14 20:00:00,97.64000,97.89000,97.54000,97.76000,114337.35,2026-05-14 20:59:59,11172276.0986000,9540,49297.07,4817308.1551000,0
2026-05-14 21:00:00,97.76000,97.87000,97.47000,97.75000,50425.92,2026-05-14 21:59:59,4924648.0534000,6127,27400.17,2676586.3795000,0
2026-05-14 22:00:00,97.74000,97.81000,97.20000,97.66000,130732.26,2026-05-14 22:59:59,12739693.2033000,15260,61449.31,5987197.3585000,0
2026-05-14 23:00:00,97.66000,97.80000,97.50000,97.69000,56476.44,2026-05-14 23:59:59,5516257.0258000,7013,26024.58,2541835.8316000,0
2026-05-15 00:00:00,97.69000,97.81000,97.41000,97.63000,73112.99,2026-05-15 00:59:59,7137684.3423000,9065,36265.77,3540828.5767000,0
2026-05-15 01:00:00,97.62000,98.63000,97.46000,98.20000,264440.87,2026-05-15 01:59:59,25965246.6668000,21116,158025.12,15516061.7751000,0
2026-05-15 02:00:00,98.20000,98.69000,97.80000,98.37000,224129.53,2026-05-15 02:59:59,22024405.8576000,19224,101330.01,9958086.1072000,0
2026-05-15 03:00:00,98.37000,98.45000,98.11000,98.12000,112312.46,2026-05-15 03:59:59,11038731.6832000,12952,49155.96,4831479.0661000,0
2026-05-15 04:00:00,98.11000,98.34000,98.11000,98.18000,44511.58,2026-05-15 04:59:59,4372877.7363000,7104,22490.13,2209445.8644000,0
2026-05-15 05:00:00,98.17000,99.31000,98.17000,98.91000,236614.00,2026-05-15 05:59:59,23383737.1113000,19412,132609.11,13106791.4680000,0
2026-05-15 06:00:00,98.91000,99.22000,98.66000,98.81000,267080.07,2026-05-15 06:59:59,26416530.7604000,22807,122333.28,12102205.7273000,0
2026-05-15 07:00:00,98.81000,99.18000,98.32000,99.12000,235617.70,2026-05-15 07:59:59,23261074.6143000,19970,122879.96,12131872.2676000,0
2026-05-15 08:00:00,99.11000,100.65000,98.97000,100.33000,786479.72,2026-05-15 08:59:59,78631405.2114000,53880,413830.57,41359701.7865000,0
2026-05-15 09:00:00,100.32000,100.85000,99.98000,100.74000,518722.27,2026-05-15 09:59:59,52099588.0762000,38816,262746.81,26392033.1199000,0
2026-05-15 10:00:00,100.73000,100.73000,98.55000,99.00000,1196859.01,2026-05-15 10:59:59,119169125.2992000,75006,539584.34,53728065.9025000,0
2026-05-15 11:00:00,99.00000,100.06000,98.80000,99.97000,471350.79,2026-05-15 11:59:59,46887611.6476000,34303,259939.38,25855724.2214000,0
2026-05-15 12:00:00,99.97000,100.10000,99.44000,99.79000,331203.32,2026-05-15 12:59:59,33066919.1179000,25435,139203.29,13898150.3074000,0
2026-05-15 13:00:00,99.80000,99.92000,99.15000,99.85000,537730.24,2026-05-15 13:59:59,53509951.8110000,32508,278181.80,27683669.1847000,0
2026-05-15 14:00:00,99.84000,100.46000,99.19000,100.20000,823192.39,2026-05-15 14:59:59,82185253.8663000,40356,389748.89,38911494.3969000,0
2026-05-15 15:00:00,100.20000,101.09000,99.86000,100.82000,662861.49,2026-05-15 15:59:59,66520580.4557000,33998,331354.19,33251442.3513000,0
2026-05-15 16:00:00,100.82000,101.14000,100.48000,100.60000,356247.80,2026-05-15 16:59:59,35875768.1428000,22002,160191.10,16131676.5542000,0
2026-05-15 17:00:00,100.61000,100.81000,100.25000,100.63000,315587.09,2026-05-15 17:59:59,31722245.3046000,17341,151430.10,15220917.9261000,0
2026-05-15 18:00:00,100.62000,101.33000,100.59000,100.90000,374549.20,2026-05-15 18:59:59,37815728.8544000,20660,195146.85,19704773.4132000,0
2026-05-15 19:00:00,100.89000,101.25000,100.81000,101.09000,239343.84,2026-05-15 19:59:59,24176123.7157000,12411,121552.44,12277641.1806000,0
2026-05-15 20:00:00,101.08000,101.45000,100.84000,101.04000,306596.33,2026-05-15 20:59:59,31016531.6493000,14353,144953.65,14662488.2701000,0
2026-05-15 21:00:00,101.04000,101.24000,100.90000,101.05000,80199.23,2026-05-15 21:59:59,8106579.0746000,7855,38636.60,3904863.7389000,0
2026-05-15 22:00:00,101.05000,101.26000,100.98000,101.20000,29176.50,2026-05-15 22:59:59,2950525.3812000,3013,16654.89,1684312.4883000,0
2026-05-15 23:00:00,101.19000,101.19000,101.06000,101.06000,14596.00,2026-05-15 23:59:59,1475693.6098000,2045,5427.96,548730.7898000,0
2026-05-16 00:00:00,101.06000,101.07000,100.63000,100.64000,33777.91,2026-05-16 00:59:59,3405181.8658000,4405,10190.02,1027252.0348000,0
2026-05-16 01:00:00,100.64000,101.13000,100.61000,100.97000,39230.76,2026-05-16 01:59:59,3957179.4060000,5031,26439.73,2666123.9816000,0
2026-05-16 02:00:00,100.96000,100.97000,100.76000,100.78000,19826.44,2026-05-16 02:59:59,1999952.5689000,2787,8696.41,877217.4863000,0
2026-05-16 03:00:00,100.78000,100.96000,100.63000,100.74000,23012.59,2026-05-16 03:59:59,2319580.3122000,3555,8897.24,896848.6793000,0
2026-05-16 04:00:00,100.74000,100.95000,100.72000,100.95000,28188.72,2026-05-16 04:59:59,2843176.7076000,3698,14508.79,1463406.0944000,0
2026-05-16 05:00:00,100.94000,100.97000,100.85000,100.92000,11879.16,2026-05-16 05:59:59,1198810.0606000,1611,6063.40,611893.4560000,0
2026-05-16 06:00:00,100.92000,101.18000,100.92000,101.08000,29071.58,2026-05-16 06:59:59,2937636.3954000,3388,16996.15,1717224.7174000,0
2026-05-16 07:00:00,101.08000,101.85000,101.05000,101.55000,187742.16,2026-05-16 07:59:59,19036145.1593000,14109,119165.57,12083046.3829000,0
2026-05-16 08:00:00,101.55000,101.87000,101.48000,101.58000,102932.14,2026-05-16 08:59:59,10471426.6469000,8265,51582.06,5248418.6616000,0
2026-05-16 09:00:00,101.58000,101.82000,101.47000,101.81000,62016.64,2026-05-16 09:59:59,6303771.3495000,9662,33163.03,3371080.8311000,0
2026-05-16 10:00:00,101.81000,101.84000,101.65000,101.71000,39996.02,2026-05-16 10:59:59,4071167.3455000,4868,18667.71,1900372.9693000,0
2026-05-16 11:00:00,101.71000,101.81000,101.71000,101.78000,43456.91,2026-05-16 11:59:59,4421722.9696000,4651,25837.92,2629154.1233000,0
2026-05-16 12:00:00,101.78000,101.78000,101.65000,101.77000,21909.02,2026-05-16 12:59:59,2228849.3894000,2259,10324.73,1050376.5193000,0
2026-05-16 13:00:00,101.78000,101.78000,101.43000,101.71000,35503.31,2026-05-16 13:59:59,3607634.7508000,4874,13957.23,1418150.4717000,0
2026-05-16 14:00:00,101.70000,101.74000,101.50000,101.74000,44629.95,2026-05-16 14:59:59,4534928.9006000,3945,21388.03,2173386.0322000,0
2026-05-16 15:00:00,101.73000,101.82000,101.63000,101.63000,27686.33,2026-05-16 15:59:59,2816788.6352000,3075,11028.34,1122147.3777000,0
2026-05-16 16:00:00,101.64000,101.64000,101.00000,101.17000,80701.00,2026-05-16 16:59:59,8176127.8552000,8817,38840.99,3935011.2766000,0
2026-05-16 17:00:00,101.17000,101.38000,101.01000,101.20000,23538.92,2026-05-16 17:59:59,2381385.0055000,3700,11268.57,1139909.4930000,0
2026-05-16 18:00:00,101.21000,101.32000,100.92000,101.07000,26107.50,2026-05-16 18:59:59,2639864.1764000,3314,11184.64,1130752.9073000,0
2026-05-16 19:00:00,101.07000,101.16000,100.92000,101.03000,27711.67,2026-05-16 19:59:59,2799757.1161000,3063,16650.44,1682215.5257000,0
2026-05-16 20:00:00,101.03000,101.44000,100.95000,101.40000,17777.26,2026-05-16 20:59:59,1798894.6585000,2803,9340.23,945224.6963000,0
2026-05-16 21:00:00,101.40000,101.77000,101.40000,101.74000,18919.89,2026-05-16 21:59:59,1923529.1283000,2256,10519.75,1069177.6218000,0
2026-05-16 22:00:00,101.74000,101.78000,101.55000,101.63000,16418.22,2026-05-16 22:59:59,1669642.0999000,1764,9830.89,999824.6517000,0
2026-05-16 23:00:00,101.62000,101.75000,101.61000,101.69000,8944.25,2026-05-16 23:59:59,909731.6340000,1024,3090.37,314309.0052000,0
2026-05-17 00:00:00,101.68000,101.69000,101.45000,101.67000,15464.09,2026-05-17 00:59:59,1570752.1406000,2602,7151.60,726433.6330000,0
2026-05-17 01:00:00,101.67000,101.69000,101.36000,101.37000,19153.94,2026-05-17 01:59:59,1943689.4722000,2297,7595.52,770650.6287000,0
2026-05-17 02:00:00,101.36000,101.76000,101.28000,101.61000,39796.04,2026-05-17 02:59:59,4042700.2004000,4007,15673.85,1592030.2483000,0
2026-05-17 03:00:00,101.60000,101.64000,101.43000,101.51000,19800.68,2026-05-17 03:59:59,2010197.9548000,2331,9310.59,945148.3214000,0
2026-05-17 04:00:00,101.51000,101.52000,101.32000,101.32000,19200.44,2026-05-17 04:59:59,1946984.7860000,1838,9789.94,992662.3350000,0
2026-05-17 05:00:00,101.32000,101.45000,101.16000,101.44000,28598.79,2026-05-17 05:59:59,2897783.1599000,2944,14867.83,1506536.6764000,0
2026-05-17 06:00:00,101.43000,101.53000,101.42000,101.50000,20018.41,2026-05-17 06:59:59,2031325.2568000,1797,9514.13,965413.2124000,0
2026-05-17 07:00:00,101.51000,101.64000,101.23000,101.30000,18731.21,2026-05-17 07:59:59,1900690.3803000,2551,10016.15,1016303.5489000,0
2026-05-17 08:00:00,101.30000,101.71000,101.15000,101.46000,62490.75,2026-05-17 08:59:59,6336773.7560000,5986,34331.57,3481865.3448000,0
2026-05-17 09:00:00,101.47000,101.50000,101.30000,101.39000,39282.80,2026-05-17 09:59:59,3983161.5530000,5330,21726.70,2202919.6654000,0
2026-05-17 10:00:00,101.39000,101.48000,101.17000,101.34000,29511.43,2026-05-17 10:59:59,2989657.4505000,3354,12371.03,1253361.5189000,0
2026-05-17 11:00:00,101.34000,101.53000,101.25000,101.45000,15610.56,2026-05-17 11:59:59,1582777.5529000,2021,8608.76,872860.4006000,0
2026-05-17 12:00:00,101.45000,101.69000,101.44000,101.69000,27171.11,2026-05-17 12:59:59,2760506.0497000,3416,14702.97,1493733.4678000,0
2026-05-17 13:00:00,101.68000,101.92000,101.68000,101.90000,66740.19,2026-05-17 13:59:59,6795353.7362000,5177,41598.65,4235587.9634000,0
2026-05-17 14:00:00,101.90000,102.00000,101.72000,101.93000,59506.98,2026-05-17 14:59:59,6064769.3382000,6991,36207.45,3690601.6067000,0
2026-05-17 15:00:00,101.93000,101.95000,101.65000,101.82000,43989.61,2026-05-17 15:59:59,4478262.4937000,4767,15029.26,1530518.3919000,0
2026-05-17 16:00:00,101.82000,101.97000,101.58000,101.60000,55836.41,2026-05-17 16:59:59,5684660.7998000,6702,27932.86,2844088.9560000,0
2026-05-17 17:00:00,101.60000,101.85000,101.60000,101.84000,19463.03,2026-05-17 17:59:59,1979104.2371000,2940,11244.55,1143376.8085000,0
2026-05-17 18:00:00,101.84000,101.90000,101.73000,101.85000,15638.29,2026-05-17 18:59:59,1592344.0410000,2153,6340.34,645542.0779000,0
2026-05-17 19:00:00,101.84000,101.92000,101.50000,101.62000,29644.23,2026-05-17 19:59:59,3015671.1934000,3842,15805.22,1607413.5939000,0
2026-05-17 20:00:00,101.63000,101.98000,101.59000,101.98000,30290.28,2026-05-17 20:59:59,3084529.1423000,4430,19445.87,1980020.0842000,0
2026-05-17 21:00:00,101.97000,102.00000,101.45000,101.47000,43699.36,2026-05-17 21:59:59,4445511.2100000,4350,26719.68,2718213.1684000,0
2026-05-17 22:00:00,101.47000,102.88000,101.47000,102.19000,504192.74,2026-05-17 22:59:59,51574510.8786000,32898,277008.00,28335372.7144000,0
2026-05-17 23:00:00,102.18000,102.70000,102.17000,102.41000,184410.68,2026-05-17 23:59:59,18904710.8507000,9836,87916.69,9012376.4772000,0
2026-05-18 00:00:00,102.41000,103.20000,101.89000,102.90000,328653.66,2026-05-18 00:59:59,33666038.7195000,17907,199674.18,20454819.4943000,0
2026-05-18 01:00:00,102.90000,104.25000,102.56000,103.20000,451098.27,2026-05-18 01:59:59,46706818.1912000,28187,237690.06,24613735.8011000,0
2026-05-18 02:00:00,103.20000,103.60000,103.04000,103.15000,141455.92,2026-05-18 02:59:59,14608195.2374000,9534,75038.19,7748351.4861000,0
2026-05-18 03:00:00,103.14000,103.35000,103.03000,103.11000,93755.45,2026-05-18 03:59:59,9671887.0321000,5532,48466.27,5000124.1583000,0
2026-05-18 04:00:00,103.12000,103.26000,102.89000,103.06000,79100.89,2026-05-18 04:59:59,8153169.0368000,5580,37369.35,3852080.9776000,0
2026-05-18 05:00:00,103.05000,103.19000,102.47000,102.80000,145198.45,2026-05-18 05:59:59,14934069.3048000,9041,78037.33,8027680.2878000,0
2026-05-18 06:00:00,102.79000,103.35000,102.73000,102.82000,172552.05,2026-05-18 06:59:59,17777205.2287000,10898,87463.01,9011416.6361000,0
2026-05-18 07:00:00,102.81000,102.85000,101.50000,102.13000,411291.16,2026-05-18 07:59:59,41964300.6489000,23573,182456.45,18617524.9118000,0
2026-05-18 08:00:00,102.12000,102.37000,101.53000,101.75000,301648.97,2026-05-18 08:59:59,30744042.6048000,20841,149275.58,15216297.3351000,0
2026-05-18 09:00:00,101.74000,102.48000,101.65000,102.17000,254730.41,2026-05-18 09:59:59,26006394.5463000,13106,119269.96,12174389.0039000,0
2026-05-18 10:00:00,102.17000,102.48000,102.01000,102.39000,150679.97,2026-05-18 10:59:59,15403285.3570000,9875,74270.50,7592813.1034000,0
2026-05-18 11:00:00,102.39000,103.17000,99.94000,100.81000,1459006.07,2026-05-18 11:59:59,147534162.1385000,66374,698433.21,70686830.3028000,0
2026-05-18 12:00:00,100.82000,101.56000,98.52000,98.98000,1460974.75,2026-05-18 12:59:59,146042202.3360000,72407,698070.38,69807490.7726000,0
2026-05-18 13:00:00,98.99000,100.18000,98.89000,99.56000,1040084.22,2026-05-18 13:59:59,103553867.9811000,66041,535614.46,53337082.0205000,0
2026-05-18 14:00:00,99.55000,102.28000,99.50000,102.13000,843628.71,2026-05-18 14:59:59,85283395.6679000,50684,467471.66,47245115.1258000,0
2026-05-18 15:00:00,102.13000,103.00000,101.96000,102.77000,639858.06,2026-05-18 15:59:59,65695548.6094000,41385,336632.40,34562688.6422000,0
2026-05-18 16:00:00,102.76000,103.56000,102.61000,102.83000,410397.55,2026-05-18 16:59:59,42264726.0830000,23676,222334.73,22906403.8055000,0
2026-05-18 17:00:00,102.84000,103.05000,102.11000,102.96000,284387.59,2026-05-18 17:59:59,29179554.4398000,19257,136323.42,13987253.7475000,0
2026-05-18 18:00:00,102.96000,105.00000,102.95000,104.53000,600673.81,2026-05-18 18:59:59,62658816.8771000,35346,340156.32,35494012.3590000,0
2026-05-18 19:00:00,104.54000,104.69000,101.30000,101.91000,1449419.38,2026-05-18 19:59:59,148505514.0770000,91054,698751.73,71599204.1643000,0
2026-05-18 20:00:00,101.91000,102.53000,101.04000,102.42000,277475.97,2026-05-18 20:59:59,28238886.0348000,20895,144419.25,14701275.3015000,0
2026-05-18 21:00:00,102.43000,102.46000,101.87000,102.26000,66746.16,2026-05-18 21:59:59,6823016.1598000,9307,32131.69,3284429.3481000,0
2026-05-18 22:00:00,102.26000,102.58000,102.05000,102.40000,157519.11,2026-05-18 22:59:59,16116411.3547000,11946,88079.15,9012755.9736000,0
2026-05-18 23:00:00,102.39000,102.43000,102.14000,102.19000,40504.03,2026-05-18 23:59:59,4144072.1787000,3663,14280.85,1461062.8600000,0
2026-05-19 00:00:00,102.20000,102.67000,102.12000,102.40000,175403.62,2026-05-19 00:59:59,17957231.4535000,10478,95212.51,9747348.1719000,0
2026-05-19 01:00:00,102.40000,102.96000,102.17000,102.43000,204928.51,2026-05-19 01:59:59,21029584.8947000,12597,101344.06,10399499.0412000,0
2026-05-19 02:00:00,102.44000,103.05000,102.36000,102.83000,152260.74,2026-05-19 02:59:59,15638465.7417000,8303,71643.79,7359248.9980000,0
2026-05-19 03:00:00,102.84000,103.08000,102.57000,102.75000,103819.29,2026-05-19 03:59:59,10673865.9235000,5959,51980.89,5344782.5969000,0
2026-05-19 04:00:00,102.75000,102.84000,102.51000,102.58000,46840.64,2026-05-19 04:59:59,4810062.4904000,3645,22541.80,2314842.0056000,0
2026-05-19 05:00:00,102.57000,103.36000,102.51000,103.07000,154409.98,2026-05-19 05:59:59,15910855.6045000,10351,83834.54,8639199.2630000,0
2026-05-19 06:00:00,103.08000,103.73000,102.68000,103.63000,264541.38,2026-05-19 06:59:59,27327492.4031000,19409,142640.35,14734221.0919000,0
2026-05-19 07:00:00,103.62000,103.89000,102.93000,103.05000,280636.12,2026-05-19 07:59:59,29019478.7170000,17445,125538.01,12980547.5428000,0
2026-05-19 08:00:00,103.06000,103.71000,102.92000,103.17000,259689.59,2026-05-19 08:59:59,26827807.4928000,14659,139890.25,14449570.6136000,0
2026-05-19 09:00:00,103.18000,103.47000,102.49000,102.71000,237509.84,2026-05-19 09:59:59,24490541.0685000,13416,117659.62,12130233.5524000,0
2026-05-19 10:00:00,102.71000,104.00000,102.65000,103.31000,523187.07,2026-05-19 10:59:59,54063759.0877000,28793,266303.22,27531784.6173000,0
2026-05-19 11:00:00,103.31000,103.94000,103.29000,103.86000,229573.18,2026-05-19 11:59:59,23802077.8894000,14115,101461.78,10519402.1050000,0
2026-05-19 12:00:00,103.86000,103.87000,103.15000,103.41000,215726.67,2026-05-19 12:59:59,22310960.9059000,15472,100857.19,10430527.7180000,0
2026-05-19 13:00:00,103.41000,104.54000,103.03000,103.32000,675641.08,2026-05-19 13:59:59,70155677.0434000,37200,344229.79,35751032.3473000,0
2026-05-19 14:00:00,103.32000,103.69000,102.47000,103.41000,715747.46,2026-05-19 14:59:59,73862268.2768000,41724,364582.85,37624502.7040000,0
2026-05-19 15:00:00,103.41000,103.80000,102.91000,103.73000,354325.17,2026-05-19 15:59:59,36612240.4572000,21355,160127.68,16549661.0280000,0
2026-05-19 16:00:00,103.72000,104.05000,103.43000,103.63000,229200.77,2026-05-19 16:59:59,23783678.1878000,12617,101430.01,10527616.6590000,0
2026-05-19 17:00:00,103.63000,103.98000,103.22000,103.39000,192767.21,2026-05-19 17:59:59,19972372.1745000,11801,97239.87,10074852.3671000,0
2026-05-19 18:00:00,103.38000,104.72000,103.04000,104.51000,367751.22,2026-05-19 18:59:59,38262811.4870000,20466,213616.11,22231857.8487000,0
2026-05-19 19:00:00,104.52000,104.53000,104.02000,104.35000,123830.49,2026-05-19 19:59:59,12912011.8908000,7750,60349.49,6292789.2208000,0
2026-05-19 20:00:00,104.36000,104.46000,103.80000,103.90000,79325.46,2026-05-19 20:59:59,8255849.7615000,5820,37900.71,3944507.6565000,0
2026-05-19 21:00:00,103.89000,104.08000,103.65000,103.83000,34272.66,2026-05-19 21:59:59,3561180.1552000,5081,20141.22,2093131.9817000,0
2026-05-19 22:00:00,103.82000,104.26000,103.76000,104.11000,85668.13,2026-05-19 22:59:59,8917920.1075000,6392,45301.59,4716359.8017000,0
2026-05-19 23:00:00,104.11000,104.19000,103.66000,103.84000,59838.80,2026-05-19 23:59:59,6217506.6244000,4632,27768.60,2884994.6150000,0
2026-05-20 00:00:00,103.84000,103.92000,103.61000,103.78000,67787.82,2026-05-20 00:59:59,7033878.5086000,5429,38612.01,4006556.4587000,0
2026-05-20 01:00:00,103.78000,104.37000,103.08000,103.54000,199830.73,2026-05-20 01:59:59,20723652.4366000,14267,102918.57,10674669.5999000,0
2026-05-20 02:00:00,103.53000,104.34000,103.36000,104.08000,157412.73,2026-05-20 02:59:59,16366180.3883000,10184,71697.74,7450599.5017000,0
2026-05-20 03:00:00,104.07000,104.22000,103.54000,103.64000,102932.71,2026-05-20 03:59:59,10695785.9086000,6483,48487.25,5037574.1285000,0
2026-05-20 04:00:00,103.63000,103.91000,103.29000,103.85000,125635.75,2026-05-20 04:59:59,13008758.3117000,6946,67215.94,6959818.5642000,0
2026-05-20 05:00:00,103.85000,103.86000,103.53000,103.76000,105487.41,2026-05-20 05:59:59,10938157.2474000,6815,50738.42,5261439.5133000,0
2026-05-20 06:00:00,103.77000,103.99000,102.60000,102.73000,364436.46,2026-05-20 06:59:59,37582725.8809000,19203,182543.56,18821861.1147000,0
2026-05-20 07:00:00,102.73000,103.13000,102.42000,102.98000,260106.73,2026-05-20 07:59:59,26758115.9095000,15423,139782.43,14381374.3017000,0
2026-05-20 08:00:00,102.98000,103.02000,101.68000,101.96000,616455.50,2026-05-20 08:59:59,63125216.8192000,24957,340185.27,34840177.5007000,0
2026-05-20 09:00:00,101.97000,102.66000,101.56000,102.27000,288706.47,2026-05-20 09:59:59,29512898.1846000,16204,147611.34,15088567.5568000,0
2026-05-20 10:00:00,102.27000,102.44000,100.83000,101.44000,593446.27,2026-05-20 10:59:59,60212535.4016000,23044,317568.77,32217372.7480000,0
2026-05-20 11:00:00,101.44000,102.70000,101.36000,102.45000,370582.86,2026-05-20 11:59:59,37841123.9868000,18247,205826.64,21016867.9554000,0
2026-05-20 12:00:00,102.44000,102.54000,100.73000,101.57000,569121.08,2026-05-20 12:59:59,57699643.3775000,25546,283091.64,28701963.4917000,0
2026-05-20 13:00:00,101.57000,102.26000,101.25000,102.22000,489199.75,2026-05-20 13:59:59,49768400.6706000,22639,249740.29,25409446.6045000,0
2026-05-20 14:00:00,102.21000,102.75000,99.40000,100.38000,2971122.41,2026-05-20 14:59:59,298621634.8485000,109740,1453055.01,146057822.7659000,0
2026-05-20 15:00:00,100.39000,100.63000,96.94000,99.18000,3255397.89,2026-05-20 15:59:59,320881954.4117000,126633,1695170.44,167145965.2665000,0
2026-05-20 16:00:00,99.18000,99.60000,97.53000,97.83000,1193407.58,2026-05-20 16:59:59,117663857.4062000,56271,599445.74,59133025.9735000,0
2026-05-20 17:00:00,97.82000,98.32000,96.89000,98.30000,1153319.84,2026-05-20 17:59:59,112464585.0867000,51761,585518.95,57112451.0981000,0
2026-05-20 18:00:00,98.31000,98.66000,97.68000,97.89000,536389.47,2026-05-20 18:59:59,52658692.7086000,28665,281249.19,27615921.0914000,0
2026-05-20 19:00:00,97.89000,98.59000,97.70000,98.46000,337489.98,2026-05-20 19:59:59,33117331.2973000,16955,158649.91,15570289.5629000,0
2026-05-20 20:00:00,98.47000,99.07000,98.27000,99.00000,166618.36,2026-05-20 20:59:59,16423597.3006000,11164,91969.89,9068481.7156000,0
2026-05-20 21:00:00,98.99000,99.10000,98.59000,98.78000,63695.60,2026-05-20 21:59:59,6296936.1685000,6661,25977.73,2568653.3455000,0
2026-05-20 22:00:00,98.79000,99.19000,98.73000,98.94000,115822.81,2026-05-20 22:59:59,11456629.6782000,8962,60006.96,5935992.9832000,0
2026-05-20 23:00:00,98.94000,99.18000,98.72000,98.84000,50200.33,2026-05-20 23:59:59,4967191.3374000,4837,20020.86,1981029.1244000,0
2026-05-21 00:00:00,98.84000,100.12000,98.77000,99.05000,280405.22,2026-05-21 00:59:59,27864415.9188000,19792,150945.31,15001192.4149000,0
2026-05-21 01:00:00,99.05000,99.09000,98.42000,98.53000,174135.82,2026-05-21 01:59:59,17185000.2449000,14358,87282.43,8613671.0852000,0
2026-05-21 02:00:00,98.53000,99.21000,98.45000,99.11000,142619.30,2026-05-21 02:59:59,14098324.0141000,9073,73535.33,7268158.7635000,0
2026-05-21 03:00:00,99.12000,99.22000,98.89000,99.03000,59473.23,2026-05-21 03:59:59,5892556.0584000,5229,30371.97,3009229.8584000,0
2026-05-21 04:00:00,99.03000,99.21000,98.71000,98.76000,80197.53,2026-05-21 04:59:59,7941946.0136000,5052,36065.05,3571667.5788000,0
2026-05-21 05:00:00,98.76000,100.00000,98.73000,99.37000,222252.32,2026-05-21 05:59:59,22077277.6241000,12344,124717.73,12388062.8701000,0
2026-05-21 06:00:00,99.38000,99.79000,98.85000,99.52000,309356.35,2026-05-21 06:59:59,30728944.2021000,20026,154050.74,15295773.0228000,0
2026-05-21 07:00:00,99.52000,99.83000,99.21000,99.28000,185691.62,2026-05-21 07:59:59,18478369.1910000,11185,79359.34,7900438.5894000,0
2026-05-21 08:00:00,99.27000,99.49000,98.06000,98.43000,704174.83,2026-05-21 08:59:59,69521401.3817000,38048,352301.17,34777392.3744000,0
2026-05-21 09:00:00,98.43000,98.47000,97.29000,97.56000,518432.16,2026-05-21 09:59:59,50714378.3884000,31850,259356.57,25369541.6524000,0
2026-05-21 10:00:00,97.56000,101.28000,97.46000,100.96000,1385251.96,2026-05-21 10:59:59,138234851.7436000,66354,680153.24,67868735.6121000,0
2026-05-21 11:00:00,100.97000,101.00000,100.06000,100.51000,308788.00,2026-05-21 11:59:59,31042700.6062000,26394,142588.91,14336244.7169000,0
2026-05-21 12:00:00,100.51000,101.20000,100.35000,101.02000,533816.91,2026-05-21 12:59:59,53771151.1509000,37060,266681.46,26872161.5090000,0
2026-05-21 13:00:00,101.02000,102.62000,100.10000,100.43000,2321446.37,2026-05-21 13:59:59,235382639.6420000,90355,1104914.10,112112837.1791000,0
2026-05-21 14:00:00,100.43000,101.49000,100.19000,101.24000,842424.18,2026-05-21 14:59:59,85021593.7324000,47221,421903.67,42582308.9552000,0
2026-05-21 15:00:00,101.24000,102.06000,100.67000,100.67000,455497.14,2026-05-21 15:59:59,46204468.2694000,37198,227532.40,23084066.5033000,0
2026-05-21 16:00:00,100.67000,100.67000,99.74000,99.97000,474837.36,2026-05-21 16:59:59,47549452.6102000,37715,244253.40,24462362.5389000,0
2026-05-21 17:00:00,99.96000,100.37000,95.71000,96.32000,2444962.63,2026-05-21 17:59:59,239348653.3206000,150193,1180174.99,115583917.5735000,0
2026-05-21 18:00:00,96.32000,98.28000,95.94000,97.97000,1991576.89,2026-05-21 18:59:59,193284202.7091000,119856,1110757.66,107827565.7973000,0
2026-05-21 19:00:00,97.97000,98.32000,97.07000,97.39000,802388.05,2026-05-21 19:59:59,78309153.1965000,58426,397312.63,38785741.9591000,0
2026-05-21 20:00:00,97.38000,98.12000,97.19000,97.89000,231501.16,2026-05-21 20:59:59,22631640.2005000,20393,109490.84,10701356.4394000,0
2026-05-21 21:00:00,97.89000,97.89000,97.11000,97.50000,146781.77,2026-05-21 21:59:59,14290952.3116000,19616,66093.53,6435235.5296000,0
2026-05-21 22:00:00,97.51000,97.80000,97.29000,97.69000,170808.83,2026-05-21 22:59:59,16664895.1781000,17289,85670.39,8359253.5510000,0
2026-05-21 23:00:00,97.68000,97.88000,97.49000,97.70000,53200.43,2026-05-21 23:59:59,5197077.0290000,6246,28703.20,2804128.8382000,0
2026-05-22 00:00:00,97.70000,98.12000,97.57000,97.86000,142765.80,2026-05-22 00:59:59,13972561.6983000,11728,72738.99,7119648.1416000,0
2026-05-22 01:00:00,97.87000,98.31000,97.56000,97.61000,140429.77,2026-05-22 01:59:59,13753452.9753000,13624,65324.97,6397995.2023000,0
2026-05-22 02:00:00,97.61000,97.90000,97.25000,97.37000,77848.01,2026-05-22 02:59:59,7593113.6728000,8799,34252.26,3341465.6219000,0
2026-05-22 03:00:00,97.37000,97.48000,97.16000,97.41000,61702.92,2026-05-22 03:59:59,6007130.7815000,6317,34907.84,3398729.9151000,0
2026-05-22 04:00:00,97.40000,97.41000,96.85000,97.32000,130828.33,2026-05-22 04:59:59,12714622.7949000,8472,70382.88,6841435.5738000,0
2026-05-22 05:00:00,97.31000,98.51000,97.31000,98.30000,168571.03,2026-05-22 05:59:59,16496737.6075000,12300,88806.73,8690983.0243000,0
2026-05-22 06:00:00,98.30000,98.65000,97.86000,97.94000,197802.81,2026-05-22 06:59:59,19418953.4166000,17610,97456.39,9568330.9489000,0
2026-05-22 07:00:00,97.94000,98.84000,97.91000,98.39000,241233.31,2026-05-22 07:59:59,23726512.5381000,26055,120387.11,11842685.8046000,0
2026-05-22 08:00:00,98.39000,99.33000,98.03000,98.65000,370757.60,2026-05-22 08:59:59,36566508.2093000,36962,192852.45,19026926.1992000,0
2026-05-22 09:00:00,98.66000,99.00000,97.86000,98.45000,196635.62,2026-05-22 09:59:59,19368307.1970000,20908,88654.35,8733085.7192000,0
2026-05-22 10:00:00,98.45000,98.70000,97.63000,98.26000,233214.28,2026-05-22 10:59:59,22910998.0889000,20051,118296.81,11617883.2114000,0
2026-05-22 11:00:00,98.27000,98.60000,97.18000,97.49000,296879.36,2026-05-22 11:59:59,29065561.5759000,22790,153984.55,15077887.5205000,0
2026-05-22 12:00:00,97.50000,97.74000,95.61000,96.18000,988845.55,2026-05-22 12:59:59,95376315.2021000,78721,463825.07,44745409.9734000,0
2026-05-22 13:00:00,96.18000,98.08000,95.40000,97.67000,1187164.08,2026-05-22 13:59:59,114781415.6108000,84751,603763.81,58380933.9477000,0
2026-05-22 14:00:00,97.68000,98.12000,97.23000,97.51000,283953.87,2026-05-22 14:59:59,27724983.6761000,30151,141916.80,13859203.5033000,0
2026-05-22 15:00:00,97.51000,97.88000,96.76000,97.02000,251740.34,2026-05-22 15:59:59,24488848.2144000,27663,118769.16,11553701.1971000,0
2026-05-22 16:00:00,97.02000,97.33000,96.50000,96.81000,276847.89,2026-05-22 16:59:59,26848061.3903000,25469,143234.45,13892962.0456000,0
2026-05-22 17:00:00,96.81000,97.18000,94.74000,96.04000,1214297.24,2026-05-22 17:59:59,116304902.5939000,90196,596286.34,57119462.4790000,0
2026-05-22 18:00:00,96.04000,96.72000,95.94000,96.22000,351973.13,2026-05-22 18:59:59,33913920.8646000,32802,183467.99,17676950.7522000,0
2026-05-22 19:00:00,96.22000,96.95000,96.10000,96.24000,317377.86,2026-05-22 19:59:59,30655755.1000000,24015,167399.94,16170261.2797000,0
2026-05-22 20:00:00,96.23000,97.21000,95.97000,96.98000,378273.74,2026-05-22 20:59:59,36515896.4826000,34940,198637.71,19174870.4201000,0
2026-05-22 21:00:00,96.98000,97.41000,96.93000,97.17000,121578.80,2026-05-22 21:59:59,11817854.0099000,12949,54686.44,5314277.1470000,0
2026-05-22 22:00:00,97.17000,97.75000,97.17000,97.58000,132308.68,2026-05-22 22:59:59,12901210.9119000,14284,62542.64,6098728.0605000,0
2026-05-22 23:00:00,97.57000,98.88000,97.57000,98.32000,228896.71,2026-05-22 23:59:59,22496968.9013000,26072,114591.18,11263844.7023000,0
2026-05-23 00:00:00,98.32000,98.81000,98.15000,98.65000,148398.06,2026-05-23 00:59:59,14620882.7970000,16091,76850.05,7573728.3491000,0
2026-05-23 01:00:00,98.64000,98.78000,98.47000,98.67000,84385.93,2026-05-23 01:59:59,8322107.5643000,11173,43572.31,4296727.1512000,0
2026-05-23 02:00:00,98.66000,98.71000,98.44000,98.63000,49477.14,2026-05-23 02:59:59,4878464.2618000,7117,27030.73,2665391.3562000,0
2026-05-23 03:00:00,98.62000,98.71000,98.32000,98.63000,53579.86,2026-05-23 03:59:59,5278864.3785000,9042,28558.70,2813578.1371000,0
2026-05-23 04:00:00,98.62000,98.76000,98.61000,98.70000,25522.69,2026-05-23 04:59:59,2518944.6539000,4491,13907.08,1372630.3226000,0
2026-05-23 05:00:00,98.70000,98.73000,98.26000,98.59000,56730.56,2026-05-23 05:59:59,5588722.0512000,6404,27666.97,2725256.3661000,0
2026-05-23 06:00:00,98.59000,98.63000,98.43000,98.53000,33473.20,2026-05-23 06:59:59,3297701.3130000,4615,19331.49,1904424.9291000,0
2026-05-23 07:00:00,98.52000,98.58000,98.26000,98.38000,93203.09,2026-05-23 07:59:59,9171076.1106000,10780,46705.69,4595733.8600000,0
2026-05-23 08:00:00,98.37000,98.60000,98.21000,98.55000,46361.93,2026-05-23 08:59:59,4563027.6451000,6113,24078.83,2369719.4079000,0
2026-05-23 09:00:00,98.55000,98.60000,98.50000,98.59000,21628.45,2026-05-23 09:59:59,2131900.6531000,2501,10068.60,992493.2559000,0
2026-05-23 10:00:00,98.60000,98.63000,98.53000,98.61000,32878.89,2026-05-23 10:59:59,3241641.1258000,3586,16057.60,1583149.7453000,0
2026-05-23 11:00:00,98.61000,98.63000,98.51000,98.55000,22219.93,2026-05-23 11:59:59,2190922.7147000,2634,9670.27,953652.2321000,0
2026-05-23 12:00:00,98.56000,98.63000,98.54000,98.60000,22930.35,2026-05-23 12:59:59,2260563.2896000,3015,12817.32,1263626.9337000,0
2026-05-23 13:00:00,98.59000,98.74000,97.05000,97.16000,338997.79,2026-05-23 13:59:59,33208333.1593000,41105,158135.98,15493742.0879000,0
2026-05-23 14:00:00,97.17000,97.56000,95.43000,96.04000,573129.72,2026-05-23 14:59:59,55208608.7950000,72754,284247.53,27372402.6914000,0
2026-05-23 15:00:00,96.05000,97.20000,95.94000,96.64000,351083.53,2026-05-23 15:59:59,33937815.7821000,38722,175438.46,16958798.1113000,0
2026-05-23 16:00:00,96.64000,96.64000,96.01000,96.41000,118186.86,2026-05-23 16:59:59,11377453.1828000,17860,52114.39,5017009.3513000,0
2026-05-23 17:00:00,96.42000,96.70000,96.13000,96.24000,72716.55,2026-05-23 17:59:59,7013363.8418000,15898,35102.60,3385542.6299000,0
2026-05-23 18:00:00,96.24000,96.26000,93.71000,94.31000,645661.50,2026-05-23 18:59:59,61131616.6150000,83215,299724.47,28360627.4778000,0
2026-05-23 19:00:00,94.31000,94.39000,93.80000,94.33000,230958.37,2026-05-23 19:59:59,21733411.1097000,26019,108000.47,10164347.2996000,0
2026-05-23 20:00:00,94.34000,94.35000,90.52000,90.54000,1308746.76,2026-05-23 20:59:59,120052107.6843000,160386,525482.51,48212589.8279000,0
2026-05-23 21:00:00,90.54000,92.34000,88.20000,90.76000,1226769.14,2026-05-23 21:59:59,110324114.3276000,225719,618939.78,55659291.2759000,0
2026-05-23 22:00:00,90.76000,90.77000,89.20000,90.31000,512682.62,2026-05-23 22:59:59,46109243.5022000,80507,265707.77,23898870.5722000,0
2026-05-23 23:00:00,90.30000,90.77000,89.78000,89.95000,254166.91,2026-05-23 23:59:59,22933099.1653000,29913,126946.30,11453311.5329000,0
2026-05-24 00:00:00,89.94000,91.04000,89.78000,90.80000,320573.58,2026-05-24 00:59:59,28977759.9905000,38288,176785.46,15981168.7345000,0
2026-05-24 01:00:00,90.80000,91.33000,90.63000,90.85000,206199.94,2026-05-24 01:59:59,18751226.8356000,24769,102916.19,9360453.0829000,0
2026-05-24 02:00:00,90.86000,91.72000,90.67000,91.30000,143032.90,2026-05-24 02:59:59,13052608.5374000,20204,79276.46,7232993.2917000,0
2026-05-24 03:00:00,91.29000,91.45000,89.86000,90.32000,209420.16,2026-05-24 03:59:59,18948681.2746000,28432,98793.81,8937579.4765000,0
2026-05-24 04:00:00,90.32000,90.32000,89.79000,90.23000,121448.31,2026-05-24 04:59:59,10937862.9457000,17326,63229.23,5695616.1246000,0
2026-05-24 05:00:00,90.24000,90.34000,90.03000,90.18000,72785.44,2026-05-24 05:59:59,6566960.8071000,8465,36419.31,3286081.6543000,0
2026-05-24 06:00:00,90.17000,90.30000,90.10000,90.26000,54945.86,2026-05-24 06:59:59,4956173.3617000,5932,31858.10,2873631.7869000,0
2026-05-24 07:00:00,90.26000,91.54000,90.25000,90.77000,260957.27,2026-05-24 07:59:59,23717335.3405000,38952,141262.82,12835512.2749000,0
2026-05-24 08:00:00,90.77000,91.37000,90.51000,90.88000,145449.67,2026-05-24 08:59:59,13233356.5112000,18241,72042.43,6553546.4535000,0
2026-05-24 09:00:00,90.87000,90.93000,90.44000,90.66000,59453.68,2026-05-24 09:59:59,5390289.4413000,10813,33140.33,3004964.9337000,0
2026-05-24 10:00:00,90.66000,91.01000,90.62000,90.79000,67684.85,2026-05-24 10:59:59,6146427.7906000,11957,31821.34,2889839.6837000,0
2026-05-24 11:00:00,90.79000,90.96000,90.57000,90.77000,64057.44,2026-05-24 11:59:59,5814644.4877000,10001,31005.34,2814810.8424000,0
2026-05-24 12:00:00,90.76000,91.12000,90.44000,91.02000,97437.84,2026-05-24 12:59:59,8856407.0485000,13371,54353.19,4942148.6678000,0
2026-05-24 13:00:00,91.02000,91.90000,91.00000,91.57000,197211.06,2026-05-24 13:59:59,18039577.2189000,21898,124661.37,11405612.5907000,0
2026-05-24 14:00:00,91.57000,94.82000,91.39000,93.46000,1458728.85,2026-05-24 14:59:59,136418116.9640000,150082,799913.81,74730281.5424000,0
2026-05-24 15:00:00,93.46000,93.51000,91.77000,92.29000,394216.47,2026-05-24 15:59:59,36470296.2586000,50599,172832.70,15985754.0415000,0
2026-05-24 16:00:00,92.30000,93.19000,92.02000,92.51000,223281.87,2026-05-24 16:59:59,20689340.1600000,31304,118199.46,10954106.3818000,0
2026-05-24 17:00:00,92.51000,93.58000,92.51000,93.26000,111929.10,2026-05-24 17:59:59,10426379.9674000,15171,60248.50,5611600.7209000,0
2026-05-24 18:00:00,93.26000,93.45000,93.14000,93.35000,30388.05,2026-05-24 18:59:59,2836080.2665000,6733,15155.91,1414433.4202000,0
2026-05-24 19:00:00,93.36000,93.41000,92.78000,92.96000,61571.13,2026-05-24 19:59:59,5732184.8631000,11056,24220.74,2255196.4329000,0
2026-05-24 20:00:00,92.97000,93.60000,92.68000,93.50000,94010.59,2026-05-24 20:59:59,8770773.7859000,15190,57056.17,5325181.6089000,0
2026-05-24 21:00:00,93.50000,93.88000,93.22000,93.75000,102840.63,2026-05-24 21:59:59,9626961.7334000,14618,59050.91,5528877.6219000,0
2026-05-24 22:00:00,93.75000,93.79000,91.15000,91.52000,660017.01,2026-05-24 22:59:59,60814378.0483000,63036,305169.20,28109126.8677000,0
2026-05-24 23:00:00,91.51000,92.15000,91.25000,92.10000,140741.90,2026-05-24 23:59:59,12896474.6620000,15859,76572.12,7016467.4211000,0
2026-05-25 00:00:00,92.09000,92.25000,90.88000,91.89000,281955.28,2026-05-25 00:59:59,25835495.0194000,27527,134128.76,12294646.2681000,0
2026-05-25 01:00:00,91.90000,92.55000,91.69000,92.44000,289049.49,2026-05-25 01:59:59,26652439.1484000,27837,163835.33,15109166.8792000,0
2026-05-25 02:00:00,92.43000,92.59000,91.72000,91.73000,103924.51,2026-05-25 02:59:59,9570539.3976000,13388,46968.72,4325081.4934000,0
2026-05-25 03:00:00,91.73000,91.77000,90.40000,90.97000,477478.93,2026-05-25 03:59:59,43429781.8443000,38529,233070.07,21202186.1590000,0
2026-05-25 04:00:00,90.97000,91.30000,90.86000,91.00000,97605.65,2026-05-25 04:59:59,8889254.8357000,11208,49055.08,4467507.8589000,0
2026-05-25 05:00:00,91.00000,91.07000,90.61000,91.00000,153398.03,2026-05-25 05:59:59,13933608.1412000,16215,86875.37,7890442.3756000,0
2026-05-25 06:00:00,91.00000,91.61000,90.88000,91.41000,153905.77,2026-05-25 06:59:59,14056391.5590000,16040,80016.14,7307487.1407000,0
2026-05-25 07:00:00,91.41000,92.63000,91.23000,91.71000,575498.28,2026-05-25 07:59:59,52961610.3206000,46324,290399.94,26732913.9869000,0
2026-05-25 08:00:00,91.70000,92.50000,91.59000,91.76000,240315.52,2026-05-25 08:59:59,22124737.8010000,24340,130866.93,12046637.1165000,0
2026-05-25 09:00:00,91.76000,91.87000,91.04000,91.26000,183828.01,2026-05-25 09:59:59,16813101.1940000,19871,95110.05,8700734.5383000,0
2026-05-25 10:00:00,91.25000,91.35000,90.76000,90.98000,197211.05,2026-05-25 10:59:59,17957219.4380000,19252,108680.32,9897586.1364000,0
2026-05-25 11:00:00,90.97000,91.47000,90.52000,90.91000,620407.38,2026-05-25 11:59:59,56427352.8008000,28761,297122.73,27022672.1136000,0
2026-05-25 12:00:00,90.91000,91.59000,90.33000,91.52000,404695.66,2026-05-25 12:59:59,36833310.2035000,28812,201942.40,18391585.8819000,0
2026-05-25 13:00:00,91.52000,91.87000,91.27000,91.38000,257499.08,2026-05-25 13:59:59,23599881.9072000,21998,117789.25,10797292.7910000,0
2026-05-25 14:00:00,91.38000,91.51000,90.87000,91.41000,309511.70,2026-05-25 14:59:59,28233031.4863000,22826,153127.12,13969772.6613000,0
2026-05-25 15:00:00,91.41000,91.79000,90.44000,91.11000,498060.98,2026-05-25 15:59:59,45275974.5250000,42278,245560.37,22315057.2306000,0
2026-05-25 16:00:00,91.12000,91.58000,89.71000,89.88000,559106.45,2026-05-25 16:59:59,50581721.8110000,40556,259238.43,23459522.8888000,0
2026-05-25 17:00:00,89.89000,90.46000,89.48000,90.32000,568731.06,2026-05-25 17:59:59,51125909.2015000,40831,258533.02,23249495.0231000,0
2026-05-25 18:00:00,90.33000,90.49000,90.14000,90.46000,132120.79,2026-05-25 18:59:59,11938831.9131000,10879,69883.82,6315046.0612000,0
2026-05-25 19:00:00,90.47000,90.76000,90.29000,90.49000,68169.28,2026-05-25 19:59:59,6175897.7211000,8649,39309.34,3561666.9394000,0
2026-05-25 20:00:00,90.50000,91.24000,89.94000,90.89000,243634.62,2026-05-25 20:59:59,22107605.5073000,28594,121612.35,11035843.1432000,0
2026-05-25 21:00:00,90.88000,91.58000,90.54000,90.88000,252349.86,2026-05-25 21:59:59,22970315.8537000,32047,124137.47,11304688.0807000,0
2026-05-25 22:00:00,90.89000,91.24000,90.38000,90.82000,244278.31,2026-05-25 22:59:59,22156049.7858000,26116,127197.49,11537799.6291000,0
2026-05-25 23:00:00,90.81000,91.13000,90.70000,90.94000,103603.69,2026-05-25 23:59:59,9422765.1570000,10447,56971.79,5181420.9659000,0
2026-05-26 00:00:00,90.94000,91.63000,90.94000,91.54000,283810.51,2026-05-26 00:59:59,25932884.2530000,27715,141704.96,12949234.5750000,0
2026-05-26 01:00:00,91.55000,92.11000,91.45000,91.85000,202025.91,2026-05-26 01:59:59,18560678.8375000,18281,106120.70,9750307.7864000,0
2026-05-26 02:00:00,91.85000,91.93000,91.35000,91.58000,120743.94,2026-05-26 02:59:59,11064967.7165000,11891,56057.38,5138740.8490000,0
2026-05-26 03:00:00,91.58000,91.76000,91.42000,91.70000,62726.49,2026-05-26 03:59:59,5743410.1825000,6875,36715.76,3362034.5785000,0
2026-05-26 04:00:00,91.69000,92.08000,91.62000,92.00000,177404.84,2026-05-26 04:59:59,16304087.4316000,9695,120276.77,11054417.7016000,0
2026-05-26 05:00:00,92.00000,92.49000,91.76000,91.88000,218306.59,2026-05-26 05:59:59,20114879.8182000,16373,117588.07,10839111.0222000,0
2026-05-26 06:00:00,91.88000,92.32000,91.38000,91.65000,238121.04,2026-05-26 06:59:59,21858649.2892000,20676,111127.61,10201601.4657000,0
2026-05-26 07:00:00,91.64000,92.95000,91.53000,92.50000,525017.77,2026-05-26 07:59:59,48561217.4732000,43715,293389.15,27139120.9117000,0
2026-05-26 08:00:00,92.50000,93.56000,92.33000,93.17000,466327.27,2026-05-26 08:59:59,43370092.0542000,36553,246705.85,22947703.7325000,0
2026-05-26 09:00:00,93.16000,93.24000,92.51000,92.60000,308500.51,2026-05-26 09:59:59,28658988.8407000,27230,152684.13,14185756.8836000,0
2026-05-26 10:00:00,92.59000,92.69000,91.47000,92.02000,414473.61,2026-05-26 10:59:59,38134563.8273000,34797,190068.99,17490447.5627000,0
2026-05-26 11:00:00,92.02000,92.92000,91.98000,92.67000,326644.79,2026-05-26 11:59:59,30219986.6595000,30788,173651.09,16066503.5392000,0
2026-05-26 12:00:00,92.67000,93.32000,92.42000,92.77000,278778.93,2026-05-26 12:59:59,25872172.5203000,30240,139537.90,12950744.1921000,0
2026-05-26 13:00:00,92.77000,94.47000,92.53000,94.08000,681729.13,2026-05-26 13:59:59,63789121.4059000,48400,363059.75,33970865.5658000,0
2026-05-26 14:00:00,94.07000,94.35000,93.10000,94.12000,618479.52,2026-05-26 14:59:59,58001298.2630000,56349,296164.35,27776883.0617000,0
2026-05-26 15:00:00,94.12000,94.61000,93.73000,93.83000,533897.95,2026-05-26 15:59:59,50289857.7692000,35102,244788.67,23064666.7715000,0
2026-05-26 16:00:00,93.83000,94.26000,93.60000,93.97000,208184.17,2026-05-26 16:59:59,19559404.9440000,20442,100262.60,9420862.8781000,0
2026-05-26 17:00:00,93.97000,94.07000,93.50000,93.70000,155541.73,2026-05-26 17:59:59,14591501.7510000,17866,80834.57,7584162.5189000,0
2026-05-26 18:00:00,93.70000,94.00000,93.33000,93.64000,205603.46,2026-05-26 18:59:59,19270987.9471000,22989,90312.90,8464257.3507000,0
2026-05-26 19:00:00,93.64000,93.98000,93.46000,93.46000,113315.62,2026-05-26 19:59:59,10623437.1671000,12421,45943.52,4307772.0308000,0
2026-05-26 20:00:00,93.45000,93.80000,93.15000,93.47000,72965.70,2026-05-26 20:59:59,6820674.2105000,10891,37089.68,3467843.2424000,0
2026-05-26 21:00:00,93.47000,93.48000,93.10000,93.39000,43633.77,2026-05-26 21:59:59,4070373.8848000,7575,23630.30,2204535.3621000,0
2026-05-26 22:00:00,93.39000,93.72000,93.29000,93.55000,96784.86,2026-05-26 22:59:59,9048397.3738000,9548,53532.60,5005705.5892000,0
2026-05-26 23:00:00,93.54000,93.58000,93.02000,93.22000,61845.63,2026-05-26 23:59:59,5767853.4789000,6326,27817.27,2594364.2764000,0
2026-05-27 00:00:00,93.23000,93.33000,92.74000,92.93000,217380.39,2026-05-27 00:59:59,20217843.4642000,18404,110015.62,10232370.6772000,0
2026-05-27 01:00:00,92.92000,93.14000,92.53000,92.80000,158727.45,2026-05-27 01:59:59,14726495.3938000,16313,78175.63,7253334.9170000,0
2026-05-27 02:00:00,92.80000,92.80000,92.13000,92.35000,145524.87,2026-05-27 02:59:59,13452686.0039000,13980,71482.80,6605807.7482000,0
2026-05-27 03:00:00,92.35000,92.36000,91.83000,92.03000,239050.60,2026-05-27 03:59:59,21999752.0682000,15797,128383.80,11815831.9433000,0
2026-05-27 04:00:00,92.03000,92.07000,91.79000,91.94000,155514.35,2026-05-27 04:59:59,14297355.6038000,8783,70115.93,6446686.3966000,0
2026-05-27 05:00:00,91.93000,92.23000,91.73000,91.84000,220199.74,2026-05-27 05:59:59,20246342.0050000,11860,110458.66,10155961.2731000,0
2026-05-27 06:00:00,91.84000,92.04000,91.38000,91.53000,194745.43,2026-05-27 06:59:59,17861750.2345000,16454,94395.16,8658651.8637000,0
2026-05-27 07:00:00,91.52000,91.62000,90.85000,91.10000,324271.81,2026-05-27 07:59:59,29565380.6684000,23623,150606.52,13731613.8464000,0
2026-05-27 08:00:00,91.09000,91.23000,89.72000,90.19000,782240.70,2026-05-27 08:59:59,70678411.1621000,38745,338198.36,30564281.8239000,0
2026-05-27 09:00:00,90.19000,90.56000,89.67000,89.90000,532630.27,2026-05-27 09:59:59,47998998.8925000,30485,275976.07,24871208.6071000,0
2026-05-27 10:00:00,89.89000,90.53000,89.87000,90.25000,319380.34,2026-05-27 10:59:59,28831762.0463000,18635,185814.43,16774613.9620000,0
2026-05-27 11:00:00,90.25000,90.97000,90.00000,90.57000,573179.82,2026-05-27 11:59:59,51890651.0702000,33481,315910.33,28605799.7356000,0
2026-05-27 12:00:00,90.57000,90.79000,87.79000,88.86000,2824943.01,2026-05-27 12:59:59,250858259.3045000,148161,1283525.92,113976460.2556000,0
2026-05-27 13:00:00,88.87000,90.04000,88.81000,89.85000,972285.34,2026-05-27 13:59:59,87116941.4084000,61046,625006.23,56012437.1813000,0
2026-05-27 14:00:00,89.84000,90.98000,89.51000,90.79000,1201582.91,2026-05-27 14:59:59,108402671.9060000,76230,730084.41,65857690.7646000,0
2026-05-27 15:00:00,90.79000,91.20000,89.88000,90.00000,958450.39,2026-05-27 15:59:59,86626345.6214000,71449,474437.26,42883907.4550000,0
2026-05-27 16:00:00,89.99000,90.52000,89.41000,89.90000,476641.95,2026-05-27 16:59:59,42908294.6662000,40297,270863.85,24396440.2110000,0
2026-05-27 17:00:00,89.89000,90.10000,89.17000,89.50000,357057.94,2026-05-27 17:59:59,32052686.3893000,28290,177406.74,15927377.2012000,0
2026-05-27 18:00:00,89.50000,89.55000,88.50000,88.96000,252202.20,2026-05-27 18:59:59,22426975.5793000,26874,111847.85,9947488.6337000,0
2026-05-27 19:00:00,88.96000,89.59000,88.81000,89.44000,146836.98,2026-05-27 19:59:59,13112174.6011000,14517,68843.48,6148614.2973000,0
2026-05-27 20:00:00,89.45000,89.63000,89.30000,89.38000,79196.20,2026-05-27 20:59:59,7081963.8100000,8633,44006.77,3935539.1989000,0
2026-05-27 21:00:00,89.38000,89.56000,89.13000,89.41000,45727.63,2026-05-27 21:59:59,4086816.3331000,9146,27384.48,2447434.2091000,0
2026-05-27 22:00:00,89.40000,90.09000,89.18000,89.77000,217237.37,2026-05-27 22:59:59,19481294.1998000,21665,123190.63,11049090.1867000,0
2026-05-27 23:00:00,89.77000,90.46000,89.63000,90.24000,232676.63,2026-05-27 23:59:59,20962916.1788000,19494,149947.21,13510942.0216000,0
2026-05-28 00:00:00,90.25000,90.69000,90.24000,90.46000,259599.25,2026-05-28 00:59:59,23482258.9296000,20924,139100.71,12583883.0760000,0
2026-05-28 01:00:00,90.45000,90.46000,89.94000,90.17000,139893.96,2026-05-28 01:59:59,12618003.0787000,15325,63025.54,5685179.8071000,0
2026-05-28 02:00:00,90.16000,90.92000,89.92000,90.89000,237565.79,2026-05-28 02:59:59,21507593.7467000,21255,138004.24,12498109.3641000,0
2026-05-28 03:00:00,90.89000,92.17000,90.83000,92.14000,727168.69,2026-05-28 03:59:59,66613831.9315000,45183,391272.51,35830974.5953000,0
2026-05-28 04:00:00,92.15000,92.45000,91.94000,92.11000,426402.84,2026-05-28 04:59:59,39313268.8680000,25031,199560.86,18404118.6870000,0
2026-05-28 05:00:00,92.11000,92.16000,91.34000,91.55000,328886.06,2026-05-28 05:59:59,30157927.3360000,22334,135602.58,12433410.8986000,0
2026-05-28 06:00:00,91.54000,91.57000,90.66000,91.12000,249543.32,2026-05-28 06:59:59,22731768.5197000,22193,113379.82,10327626.0668000,0
2026-05-28 07:00:00,91.11000,91.38000,90.79000,90.92000,264026.53,2026-05-28 07:59:59,24042282.5365000,22749,136140.32,12398060.3263000,0
2026-05-28 08:00:00,90.93000,90.99000,90.46000,90.54000,272828.68,2026-05-28 08:59:59,24762386.2522000,26645,135190.15,12271088.9876000,0
2026-05-28 09:00:00,90.54000,90.78000,89.88000,90.25000,350989.03,2026-05-28 09:59:59,31705433.5455000,23077,165217.49,14927871.3785000,0
2026-05-28 10:00:00,90.26000,91.34000,90.02000,90.99000,337621.72,2026-05-28 10:59:59,30609861.2266000,27871,187297.20,16979356.6777000,0
2026-05-28 11:00:00,90.99000,91.54000,90.69000,91.29000,285470.70,2026-05-28 11:59:59,26036822.9072000,25435,141722.59,12927506.8008000,0
2026-05-28 12:00:00,91.28000,91.42000,90.38000,90.52000,374605.98,2026-05-28 12:59:59,34017281.5058000,29214,167197.15,15181849.9454000,0
2026-05-28 13:00:00,90.53000,91.34000,90.28000,90.83000,344298.34,2026-05-28 13:59:59,31270711.6515000,31656,172554.61,15674001.4844000,0
2026-05-28 14:00:00,90.82000,91.13000,87.88000,89.54000,3873496.63,2026-05-28 14:59:59,344952257.7783000,249532,1897901.66,169048149.7318000,0
2026-05-28 15:00:00,89.54000,90.17000,89.08000,89.81000,748213.86,2026-05-28 15:59:59,67009168.2546000,53159,344098.66,30829341.1217000,0
2026-05-28 16:00:00,89.81000,90.23000,88.09000,88.27000,965916.26,2026-05-28 16:59:59,85851839.9400000,56894,499517.01,44381612.2337000,0
2026-05-28 17:00:00,88.27000,89.20000,88.18000,88.88000,370045.53,2026-05-28 17:59:59,32863872.1725000,31196,185861.19,16507846.5194000,0
2026-05-28 18:00:00,88.87000,89.55000,88.57000,89.26000,537078.00,2026-05-28 18:59:59,47800083.6856000,42797,309957.02,27590377.3386000,0
2026-05-28 19:00:00,89.26000,89.52000,89.05000,89.51000,145044.89,2026-05-28 19:59:59,12949698.1267000,13786,91724.99,8189711.2442000,0
2026-05-28 20:00:00,89.51000,89.68000,88.57000,88.59000,237777.29,2026-05-28 20:59:59,21179857.6443000,25288,113760.33,10134079.2755000,0
2026-05-28 21:00:00,88.60000,88.66000,88.21000,88.47000,105204.62,2026-05-28 21:59:59,9303760.0623000,15527,55515.14,4909606.5892000,0
2026-05-28 22:00:00,88.48000,88.89000,88.31000,88.53000,137010.19,2026-05-28 22:59:59,12143232.8654000,13460,65421.89,5798814.8266000,0
2026-05-28 23:00:00,88.54000,88.68000,88.27000,88.58000,183061.07,2026-05-28 23:59:59,16197770.9224000,11614,89632.91,7930968.2117000,0
2026-05-29 00:00:00,88.57000,88.58000,87.68000,88.44000,318642.77,2026-05-29 00:59:59,28095714.1341000,24166,143246.57,12633367.8413000,0
2026-05-29 01:00:00,88.43000,88.51000,87.76000,88.00000,235672.57,2026-05-29 01:59:59,20781463.2682000,21282,123263.31,10868507.2235000,0
2026-05-29 02:00:00,87.98000,88.13000,87.66000,87.85000,222638.00,2026-05-29 02:59:59,19571802.4598000,18379,106550.48,9367099.4129000,0
2026-05-29 03:00:00,87.85000,88.38000,87.36000,88.28000,355827.54,2026-05-29 03:59:59,31261972.5399000,26689,179487.57,15772721.8964000,0
2026-05-29 04:00:00,88.27000,88.31000,87.50000,87.77000,465394.01,2026-05-29 04:59:59,40860445.1462000,32156,236910.20,20798739.5195000,0
2026-05-29 05:00:00,87.78000,88.15000,87.71000,88.05000,111722.42,2026-05-29 05:59:59,9820748.6886000,10316,55949.46,4918560.3987000,0
2026-05-29 06:00:00,88.05000,88.07000,87.25000,87.54000,269619.17,2026-05-29 06:59:59,23614165.7278000,20136,130022.91,11386335.3199000,0
2026-05-29 07:00:00,87.53000,89.01000,87.40000,88.75000,384919.32,2026-05-29 07:59:59,34011972.2851000,29297,191269.08,16901290.6598000,0
2026-05-29 08:00:00,88.76000,89.07000,88.57000,88.69000,267424.71,2026-05-29 08:59:59,23747963.2681000,20309,127116.50,11289223.1526000,0
2026-05-29 09:00:00,88.69000,88.71000,86.94000,87.57000,772309.48,2026-05-29 09:59:59,67596030.2950000,48258,381878.82,33421684.0931000,0
2026-05-29 10:00:00,87.57000,87.86000,86.80000,87.39000,404504.24,2026-05-29 10:59:59,35340267.6824000,26194,201948.06,17639755.8737000,0
2026-05-29 11:00:00,87.39000,88.34000,87.22000,87.64000,335191.10,2026-05-29 11:59:59,29394849.4448000,25382,169022.11,14823255.1198000,0
2026-05-29 12:00:00,87.65000,88.20000,87.30000,87.41000,414136.62,2026-05-29 12:59:59,36335495.1350000,30837,216088.41,18959292.5681000,0
2026-05-29 13:00:00,87.41000,87.89000,86.83000,87.72000,536103.37,2026-05-29 13:59:59,46862436.0840000,39416,278225.03,24318294.3236000,0
2026-05-29 14:00:00,87.71000,88.93000,87.45000,87.95000,1457891.87,2026-05-29 14:59:59,128484362.3886000,86820,603338.16,53159222.7460000,0
2026-05-29 15:00:00,87.95000,87.98000,86.35000,87.60000,1840035.65,2026-05-29 15:59:59,160551542.0618000,95720,864326.98,75411474.4084000,0
2026-05-29 16:00:00,87.60000,87.91000,86.49000,86.66000,678841.89,2026-05-29 16:59:59,59107463.6001000,47277,360398.95,31375499.1232000,0
2026-05-29 17:00:00,86.65000,87.33000,86.63000,87.20000,391431.55,2026-05-29 17:59:59,34056274.8280000,32181,204283.10,17774414.1634000,0
2026-05-29 18:00:00,87.20000,88.10000,87.02000,87.72000,806984.43,2026-05-29 18:59:59,70612733.3068000,48607,501489.22,43876280.1977000,0
2026-05-29 19:00:00,87.73000,88.20000,87.57000,88.13000,198488.24,2026-05-29 19:59:59,17442990.9096000,17355,88254.66,7755505.6319000,0
2026-05-29 20:00:00,88.13000,88.18000,87.70000,87.90000,215474.36,2026-05-29 20:59:59,18939548.6620000,14461,91347.52,8028653.1938000,0
2026-05-29 21:00:00,87.90000,88.39000,87.89000,88.15000,116177.66,2026-05-29 21:59:59,10241860.4896000,16315,55844.55,4923337.3976000,0
2026-05-29 22:00:00,88.14000,88.59000,88.13000,88.47000,64778.66,2026-05-29 22:59:59,5724972.9209000,8877,30362.81,2683087.1549000,0
2026-05-29 23:00:00,88.47000,88.90000,88.47000,88.64000,106823.90,2026-05-29 23:59:59,9477285.5176000,12216,47690.55,4230981.8527000,0
2026-05-30 00:00:00,88.64000,88.68000,88.25000,88.31000,58938.22,2026-05-30 00:59:59,5217003.0183000,8608,30389.79,2690263.2344000,0
2026-05-30 01:00:00,88.32000,88.32000,87.94000,88.07000,86603.00,2026-05-30 01:59:59,7632091.6503000,11840,44902.39,3956869.7554000,0
2026-05-30 02:00:00,88.07000,88.29000,87.97000,88.16000,38723.00,2026-05-30 02:59:59,3411625.3582000,6882,21162.81,1864557.5424000,0
2026-05-30 03:00:00,88.15000,88.50000,88.14000,88.37000,53441.81,2026-05-30 03:59:59,4719495.9011000,9028,32352.04,2857140.9202000,0
2026-05-30 04:00:00,88.38000,88.41000,87.90000,88.09000,71839.26,2026-05-30 04:59:59,6332195.6548000,10730,30439.19,2682860.5758000,0
2026-05-30 05:00:00,88.10000,88.21000,87.94000,88.13000,34391.27,2026-05-30 05:59:59,3030561.0526000,5232,14938.55,1316493.5314000,0
2026-05-30 06:00:00,88.13000,88.13000,87.93000,88.07000,27193.07,2026-05-30 06:59:59,2394199.5591000,4474,13091.02,1152606.8439000,0
2026-05-30 07:00:00,88.08000,88.19000,88.02000,88.16000,21263.27,2026-05-30 07:59:59,1873549.6646000,3018,11952.81,1053259.1722000,0
2026-05-30 08:00:00,88.16000,88.24000,87.36000,87.82000,179248.22,2026-05-30 08:59:59,15722125.1958000,15146,60663.30,5319381.9974000,0
2026-05-30 09:00:00,87.82000,87.86000,87.73000,87.78000,19425.00,2026-05-30 09:59:59,1705389.0727000,2635,9706.82,852238.6000000,0
2026-05-30 10:00:00,87.78000,88.00000,87.77000,87.89000,30065.16,2026-05-30 10:59:59,2642302.9402000,3844,17640.06,1550284.7098000,0
2026-05-30 11:00:00,87.88000,88.15000,87.86000,88.08000,21933.16,2026-05-30 11:59:59,1930786.3769000,3059,12142.51,1068737.2748000,0
2026-05-30 12:00:00,88.08000,88.18000,87.93000,88.04000,20347.25,2026-05-30 12:59:59,1792056.0621000,3185,8369.88,737262.7266000,0
2026-05-30 13:00:00,88.05000,88.42000,88.01000,88.39000,52145.66,2026-05-30 13:59:59,4600742.6097000,5141,34037.63,3002419.2787000,0
2026-05-30 14:00:00,88.40000,88.68000,88.04000,88.30000,103316.48,2026-05-30 14:59:59,9123368.4112000,12066,51429.93,4542681.5289000,0
2026-05-30 15:00:00,88.30000,88.43000,88.05000,88.22000,50822.48,2026-05-30 15:59:59,4482684.9181000,8140,21046.52,1856767.7827000,0
2026-05-30 16:00:00,88.23000,88.38000,87.96000,87.98000,44206.92,2026-05-30 16:59:59,3895813.9601000,6774,25366.20,2235641.7763000,0
2026-05-30 17:00:00,87.98000,88.20000,87.98000,88.11000,22349.17,2026-05-30 17:59:59,1969286.7285000,3902,13362.74,1177319.4712000,0
2026-05-30 18:00:00,88.11000,88.16000,88.04000,88.13000,17249.95,2026-05-30 18:59:59,1519476.6582000,2028,7944.56,699793.4337000,0
2026-05-30 19:00:00,88.13000,88.15000,88.07000,88.12000,6500.73,2026-05-30 19:59:59,572852.5542000,1006,4276.28,376836.9184000,0
2026-05-30 20:00:00,88.12000,88.18000,88.08000,88.12000,7679.83,2026-05-30 20:59:59,676770.6205000,3616,3617.28,318737.5105000,0
2026-05-30 21:00:00,88.12000,88.49000,88.12000,88.43000,29757.56,2026-05-30 21:59:59,2629028.8479000,5015,19899.70,1758072.4997000,0
2026-05-30 22:00:00,88.43000,88.56000,88.29000,88.38000,27063.96,2026-05-30 22:59:59,2393430.1360000,4547,12226.47,1081274.4097000,0
2026-05-30 23:00:00,88.38000,88.44000,88.25000,88.35000,17747.31,2026-05-30 23:59:59,1568090.3865000,2549,8080.38,714003.5920000,0
2026-05-31 00:00:00,88.35000,88.41000,88.23000,88.39000,17118.49,2026-05-31 00:59:59,1511925.9328000,2931,10091.27,891354.3462000,0
2026-05-31 01:00:00,88.40000,88.55000,88.25000,88.40000,27271.47,2026-05-31 01:59:59,2410941.1586000,4480,14842.22,1312286.6789000,0
2026-05-31 02:00:00,88.41000,88.49000,88.27000,88.42000,33480.81,2026-05-31 02:59:59,2959261.6985000,5620,15973.88,1411923.1447000,0
2026-05-31 03:00:00,88.42000,88.42000,88.30000,88.33000,16095.64,2026-05-31 03:59:59,1422008.7830000,2177,8479.38,749112.5030000,0
2026-05-31 04:00:00,88.33000,88.75000,88.33000,88.73000,66699.97,2026-05-31 04:59:59,5909767.1364000,7317,41639.20,3689258.0868000,0
2026-05-31 05:00:00,88.74000,88.77000,88.60000,88.72000,35658.10,2026-05-31 05:59:59,3163039.9611000,3877,16994.36,1507605.0689000,0
2026-05-31 06:00:00,88.72000,88.78000,88.54000,88.66000,29235.80,2026-05-31 06:59:59,2592996.7145000,3346,12611.49,1118795.8508000,0
2026-05-31 07:00:00,88.66000,88.71000,88.51000,88.60000,27050.60,2026-05-31 07:59:59,2396696.9692000,3540,15125.19,1340185.2362000,0
2026-05-31 08:00:00,88.60000,88.73000,88.49000,88.62000,13524.32,2026-05-31 08:59:59,1198338.3741000,2641,7479.80,662832.5327000,0
2026-05-31 09:00:00,88.63000,88.64000,88.45000,88.60000,15461.60,2026-05-31 09:59:59,1369077.0557000,2293,6358.38,562993.4881000,0
2026-05-31 10:00:00,88.60000,88.63000,88.38000,88.53000,30882.92,2026-05-31 10:59:59,2733243.5801000,4192,18234.06,1613694.8555000,0
2026-05-31 11:00:00,88.54000,88.69000,88.53000,88.67000,14144.49,2026-05-31 11:59:59,1253658.9515000,2791,8914.00,790086.1865000,0
2026-05-31 12:00:00,88.67000,88.75000,88.57000,88.72000,19726.15,2026-05-31 12:59:59,1749164.2769000,3158,12890.36,1143189.1216000,0
2026-05-31 13:00:00,88.71000,88.74000,88.55000,88.58000,25436.84,2026-05-31 13:59:59,2254297.7673000,4199,9667.45,856645.3729000,0
2026-05-31 14:00:00,88.59000,88.75000,88.47000,88.71000,34468.70,2026-05-31 14:59:59,3053818.8765000,4335,22227.33,1969463.7750000,0
2026-05-31 15:00:00,88.71000,88.78000,88.70000,88.78000,24367.97,2026-05-31 15:59:59,2162447.6231000,3040,13135.95,1165764.8589000,0
2026-05-31 16:00:00,88.78000,89.28000,88.77000,89.09000,98525.48,2026-05-31 16:59:59,8764598.6141000,9689,61749.14,5491880.8079000,0
2026-05-31 17:00:00,89.08000,89.29000,88.90000,89.22000,54605.61,2026-05-31 17:59:59,4866068.2769000,6839,27366.97,2438925.4656000,0
2026-05-31 18:00:00,89.22000,89.39000,89.07000,89.09000,36854.96,2026-05-31 18:59:59,3287209.2505000,4006,15541.03,1386321.2742000,0
2026-05-31 19:00:00,89.10000,89.15000,88.85000,88.97000,29657.62,2026-05-31 19:59:59,2640006.2069000,3584,12527.62,1115235.1148000,0
2026-05-31 20:00:00,88.96000,88.96000,88.57000,88.77000,69008.77,2026-05-31 20:59:59,6123527.2362000,8931,34146.62,3029661.5886000,0
2026-05-31 21:00:00,88.77000,88.92000,88.65000,88.82000,38884.45,2026-05-31 21:59:59,3452239.6855000,5495,18062.88,1603591.1663000,0
2026-05-31 22:00:00,88.81000,90.07000,88.68000,89.57000,374960.56,2026-05-31 22:59:59,33562199.3355000,35557,193050.23,17275483.4015000,0
2026-05-31 23:00:00,89.57000,89.60000,89.14000,89.45000,114129.79,2026-05-31 23:59:59,10207063.1840000,11551,43464.68,3886107.9385000,0
2026-06-01 00:00:00,89.44000,89.92000,89.26000,89.35000,263329.38,2026-06-01 00:59:59,23620727.1405000,16409,167119.50,14994769.3527000,0
2026-06-01 01:00:00,89.35000,90.15000,89.04000,89.88000,247085.22,2026-06-01 01:59:59,22170132.4995000,20883,124195.50,11143855.0440000,0
2026-06-01 02:00:00,89.89000,89.99000,89.50000,89.62000,140346.56,2026-06-01 02:59:59,12597447.0424000,11411,62713.57,5629697.2437000,0
2026-06-01 03:00:00,89.61000,90.01000,89.19000,89.76000,229107.96,2026-06-01 03:59:59,20542622.1466000,19515,110384.38,9898328.9171000,0
2026-06-01 04:00:00,89.75000,89.94000,89.30000,89.67000,105023.73,2026-06-01 04:59:59,9411943.5642000,9850,46137.34,4135006.0977000,0
2026-06-01 05:00:00,89.67000,89.97000,89.49000,89.76000,170786.70,2026-06-01 05:59:59,15337324.3773000,10019,85670.13,7693549.3009000,0
2026-06-01 06:00:00,89.76000,90.63000,89.75000,90.15000,571554.27,2026-06-01 06:59:59,51588425.8951000,20362,331796.46,29950860.5583000,0
2026-06-01 07:00:00,90.14000,90.75000,90.08000,90.41000,355152.31,2026-06-01 07:59:59,32134654.9649000,19529,156852.01,14186381.7158000,0
2026-06-01 08:00:00,90.41000,91.25000,90.26000,90.80000,516872.60,2026-06-01 08:59:59,46946367.6865000,25116,278628.48,25306302.6149000,0
2026-06-01 09:00:00,90.81000,91.19000,90.54000,90.76000,237753.43,2026-06-01 09:59:59,21613576.2176000,16353,90725.55,8249826.3211000,0
2026-06-01 10:00:00,90.76000,90.90000,90.43000,90.61000,158530.25,2026-06-01 10:59:59,14366593.7103000,11511,70096.92,6353153.5595000,0
2026-06-01 11:00:00,90.61000,90.77000,90.16000,90.24000,203213.99,2026-06-01 11:59:59,18381623.5758000,14644,81403.86,7364452.7703000,0
2026-06-01 12:00:00,90.24000,90.46000,89.28000,89.65000,423092.20,2026-06-01 12:59:59,38015155.5388000,34538,181704.73,16327956.0894000,0
2026-06-01 13:00:00,89.65000,94.10000,89.46000,94.06000,3060537.27,2026-06-01 13:59:59,281641368.0206000,150832,1649790.15,151834301.1497000,0
2026-06-01 14:00:00,94.06000,94.55000,92.84000,94.40000,1230594.21,2026-06-01 14:59:59,115494286.3565000,74032,584021.25,54814484.1138000,0
2026-06-01 15:00:00,94.40000,94.59000,92.16000,93.64000,1097101.57,2026-06-01 15:59:59,102364572.5815000,75592,490453.92,45762912.7729000,0
2026-06-01 16:00:00,93.63000,94.34000,92.63000,92.67000,948580.54,2026-06-01 16:59:59,88961247.6876000,68719,455472.18,42729319.6757000,0
2026-06-01 17:00:00,92.67000,93.09000,90.63000,91.74000,1665441.03,2026-06-01 17:59:59,152836630.1526000,93360,818794.46,75153594.2360000,0
2026-06-01 18:00:00,91.73000,92.57000,91.38000,92.45000,322537.26,2026-06-01 18:59:59,29678931.6626000,31224,174553.50,16062381.2335000,0
2026-06-01 19:00:00,92.45000,92.56000,92.05000,92.39000,262380.06,2026-06-01 19:59:59,24218602.5912000,19205,139679.11,12890396.8730000,0
2026-06-01 20:00:00,92.40000,92.50000,92.03000,92.39000,137878.66,2026-06-01 20:59:59,12721186.2001000,13018,73285.71,6762151.0632000,0
2026-06-01 21:00:00,92.39000,92.83000,92.26000,92.31000,104362.95,2026-06-01 21:59:59,9662578.1234000,15833,50493.84,4676731.1329000,0
2026-06-01 22:00:00,92.31000,92.71000,92.11000,92.22000,148068.17,2026-06-01 22:59:59,13672767.7215000,13894,80034.17,7392163.2580000,0
2026-06-01 23:00:00,92.21000,92.31000,91.69000,91.86000,92651.27,2026-06-01 23:59:59,8521650.4273000,11407,34783.28,3199370.6453000,0
2026-06-02 00:00:00,91.85000,92.44000,91.59000,92.36000,209946.68,2026-06-02 00:59:59,19312654.4994000,17857,104771.61,9639557.7753000,0
2026-06-02 01:00:00,92.36000,92.59000,91.44000,91.66000,416668.78,2026-06-02 01:59:59,38290315.1172000,33147,204771.20,18822011.5149000,0
2026-06-02 02:00:00,91.65000,91.83000,91.44000,91.73000,194215.91,2026-06-02 02:59:59,17794252.1391000,16543,96020.51,8798046.9846000,0
2026-06-02 03:00:00,91.73000,91.75000,91.20000,91.37000,157886.53,2026-06-02 03:59:59,14445874.6393000,12539,81092.36,7419882.5316000,0
2026-06-02 04:00:00,91.36000,91.42000,91.10000,91.18000,102414.83,2026-06-02 04:59:59,9344636.2021000,8533,52407.73,4782185.9673000,0
2026-06-02 05:00:00,91.18000,91.44000,90.87000,91.34000,211344.12,2026-06-02 05:59:59,19261707.7860000,13459,124930.14,11387464.4516000,0
2026-06-02 06:00:00,91.34000,91.62000,90.95000,91.47000,151471.86,2026-06-02 06:59:59,13824756.5634000,16022,80637.62,7360280.0091000,0
2026-06-02 07:00:00,91.46000,91.66000,90.51000,90.76000,398367.18,2026-06-02 07:59:59,36245832.1998000,29832,212134.45,19297515.3328000,0
2026-06-02 08:00:00,90.75000,91.15000,90.15000,90.59000,727883.25,2026-06-02 08:59:59,65959327.7812000,41040,307697.64,27885991.7062000,0
2026-06-02 09:00:00,90.60000,91.05000,90.11000,90.98000,316390.74,2026-06-02 09:59:59,28665689.8281000,23857,162440.66,14717024.2924000,0
2026-06-02 10:00:00,90.98000,91.43000,90.88000,91.07000,224619.26,2026-06-02 10:59:59,20475562.9316000,17951,129730.50,11827730.5345000,0
2026-06-02 11:00:00,91.07000,91.19000,90.68000,90.98000,190259.48,2026-06-02 11:59:59,17303151.1815000,14819,96498.96,8777186.4274000,0
2026-06-02 12:00:00,90.98000,91.54000,90.55000,91.10000,320654.82,2026-06-02 12:59:59,29183068.7494000,26207,172533.71,15701443.4152000,0
2026-06-02 13:00:00,91.09000,92.39000,91.05000,92.22000,521442.09,2026-06-02 13:59:59,47890111.8266000,46105,274204.42,25182033.1563000,0
2026-06-02 14:00:00,92.23000,92.40000,91.63000,91.83000,477698.88,2026-06-02 14:59:59,43947615.8759000,36732,235632.49,21676656.5253000,0
2026-06-02 15:00:00,91.84000,92.98000,91.33000,92.76000,497357.54,2026-06-02 15:59:59,45809505.8450000,40674,267613.07,24643436.3184000,0
2026-06-02 16:00:00,92.76000,93.29000,92.37000,93.01000,374928.05,2026-06-02 16:59:59,34812912.3170000,34384,192031.29,17833295.6106000,0
2026-06-02 17:00:00,93.01000,93.82000,92.80000,93.73000,327661.45,2026-06-02 17:59:59,30588734.4234000,26191,173608.96,16213665.7652000,0
2026-06-02 18:00:00,93.72000,93.87000,93.14000,93.81000,266020.70,2026-06-02 18:59:59,24905920.4122000,28187,138444.95,12965871.5941000,0
2026-06-02 19:00:00,93.80000,93.82000,93.34000,93.59000,111602.42,2026-06-02 19:59:59,10442929.2618000,10938,53264.71,4984132.4556000,0
2026-06-02 20:00:00,93.59000,93.63000,93.22000,93.24000,108897.25,2026-06-02 20:59:59,10169202.3249000,10485,49521.76,4624754.7815000,0
2026-06-02 21:00:00,93.24000,93.65000,93.10000,93.65000,72092.96,2026-06-02 21:59:59,6728977.3568000,12062,39180.66,3657218.1731000,0
2026-06-02 22:00:00,93.65000,94.35000,93.55000,94.18000,307132.32,2026-06-02 22:59:59,28845000.6726000,27716,175353.05,16467787.5076000,0
2026-06-02 23:00:00,94.18000,95.96000,94.04000,94.49000,1479576.23,2026-06-02 23:59:59,140503703.3059000,80673,760495.57,72211574.1019000,0
2026-06-03 00:00:00,94.48000,94.82000,94.18000,94.28000,339085.31,2026-06-03 00:59:59,32031219.0100000,25793,171386.67,16190958.3339000,0
2026-06-03 01:00:00,94.27000,94.99000,94.07000,94.72000,277500.25,2026-06-03 01:59:59,26271323.3474000,23394,142686.61,13511687.2266000,0
2026-06-03 02:00:00,94.72000,94.75000,94.41000,94.63000,157054.01,2026-06-03 02:59:59,14857126.0393000,11071,74983.15,7094992.4339000,0
2026-06-03 03:00:00,94.64000,94.71000,94.43000,94.62000,154417.04,2026-06-03 03:59:59,14603104.9807000,8892,71283.57,6742484.0960000,0
2026-06-03 04:00:00,94.61000,95.14000,94.60000,94.81000,160959.57,2026-06-03 04:59:59,15263342.3457000,8541,88070.19,8350414.3023000,0
2026-06-03 05:00:00,94.81000,95.50000,94.70000,95.49000,176909.14,2026-06-03 05:59:59,16817294.0317000,12813,85576.34,8137650.8915000,0
2026-06-03 06:00:00,95.50000,95.75000,95.09000,95.67000,300756.69,2026-06-03 06:59:59,28692377.6771000,23383,141407.31,13491942.5873000,0
2026-06-03 07:00:00,95.66000,95.94000,95.41000,95.79000,259557.14,2026-06-03 07:59:59,24846215.3008000,21650,125156.60,11981644.8521000,0
2026-06-03 08:00:00,95.79000,96.49000,95.52000,96.26000,446761.21,2026-06-03 08:59:59,42907928.6869000,34804,222254.92,21346027.7990000,0
2026-06-03 09:00:00,96.26000,96.86000,95.80000,96.77000,367150.19,2026-06-03 09:59:59,35379383.1755000,26863,172065.05,16578882.8888000,0
2026-06-03 10:00:00,96.78000,96.87000,95.48000,95.90000,898717.79,2026-06-03 10:59:59,86291425.7060000,56102,403994.76,38790756.1726000,0
2026-06-03 11:00:00,95.90000,95.95000,95.43000,95.62000,353931.55,2026-06-03 11:59:59,33856145.6250000,27494,139662.37,13360210.6712000,0
2026-06-03 12:00:00,95.61000,96.39000,95.20000,95.92000,379999.81,2026-06-03 12:59:59,36468306.7101000,28426,164920.02,15827617.0639000,0
2026-06-03 13:00:00,95.92000,96.04000,94.37000,94.42000,680111.37,2026-06-03 13:59:59,64613250.6620000,48852,348734.65,33133665.5360000,0
2026-06-03 14:00:00,94.41000,95.60000,94.24000,95.17000,590033.61,2026-06-03 14:59:59,56046083.7528000,44126,314593.14,29877117.8072000,0
2026-06-03 15:00:00,95.16000,96.22000,94.99000,95.84000,538185.59,2026-06-03 15:59:59,51461519.8230000,45064,276463.26,26440267.5847000,0
2026-06-03 16:00:00,95.83000,96.26000,95.57000,95.59000,337379.15,2026-06-03 16:59:59,32354180.1675000,28344,172908.54,16585773.8308000,0
2026-06-03 17:00:00,95.58000,96.32000,95.21000,96.10000,301386.43,2026-06-03 17:59:59,28907726.8354000,24118,161457.25,15490038.8501000,0
2026-06-03 18:00:00,96.10000,96.44000,95.80000,95.95000,350400.17,2026-06-03 18:59:59,33657409.5926000,177329,159458.01,15317335.4760000,0
2026-06-03 19:00:00,95.95000,96.17000,95.59000,96.14000,145342.23,2026-06-03 19:59:59,13940689.3469000,13135,75536.83,7247373.0483000,0
2026-06-03 20:00:00,96.14000,96.37000,95.89000,96.05000,175512.55,2026-06-03 20:59:59,16882598.2842000,17258,85232.43,8200062.3244000,0
2026-06-03 21:00:00,96.05000,96.07000,95.02000,95.25000,258657.14,2026-06-03 21:59:59,24693051.4210000,33812,113884.54,10866610.1850000,0
2026-06-03 22:00:00,95.25000,95.80000,94.99000,95.16000,346276.94,2026-06-03 22:59:59,33042859.0713000,30304,169536.22,16177341.1401000,0
2026-06-03 23:00:00,95.16000,95.40000,95.07000,95.32000,97067.75,2026-06-03 23:59:59,9244177.0814000,13105,47816.85,4553900.0460000,0
2026-06-04 00:00:00,95.32000,95.63000,95.09000,95.20000,206930.48,2026-06-04 00:59:59,19727009.4058000,17808,108377.66,10334815.1570000,0
2026-06-04 01:00:00,95.21000,95.39000,94.72000,94.90000,169864.59,2026-06-04 01:59:59,16140775.6037000,17105,80430.43,7642908.6457000,0
2026-06-04 02:00:00,94.89000,95.02000,94.70000,94.73000,190075.52,2026-06-04 02:59:59,18035878.2852000,12915,99804.28,9470911.4579000,0
2026-06-04 03:00:00,94.74000,95.45000,94.69000,95.01000,156673.97,2026-06-04 03:59:59,14889326.3044000,11336,86900.18,8254170.6119000,0
2026-06-04 04:00:00,95.01000,95.30000,94.97000,95.11000,94569.05,2026-06-04 04:59:59,8997311.1297000,9291,49103.55,4671845.1321000,0
2026-06-04 05:00:00,95.11000,95.54000,95.06000,95.06000,131810.50,2026-06-04 05:59:59,12559021.5055000,13779,75890.75,7231605.9908000,0
2026-06-04 06:00:00,95.07000,95.36000,94.83000,95.12000,131183.20,2026-06-04 06:59:59,12470427.5805000,15119,63219.67,6010951.6015000,0
2026-06-04 07:00:00,95.12000,95.50000,94.85000,95.33000,149354.12,2026-06-04 07:59:59,14218008.7098000,23761,77943.38,7419983.3534000,0
2026-06-04 08:00:00,95.34000,95.56000,94.32000,94.80000,404834.96,2026-06-04 08:59:59,38469348.8307000,44115,213842.70,20321730.2747000,0
2026-06-04 09:00:00,94.80000,94.96000,93.94000,94.40000,277232.41,2026-06-04 09:59:59,26173165.1021000,29519,132258.42,12489352.8017000,0
2026-06-04 10:00:00,94.41000,95.19000,94.38000,94.79000,252930.61,2026-06-04 10:59:59,23992007.9886000,23781,128482.26,12186393.7459000,0
2026-06-04 11:00:00,94.78000,94.81000,92.25000,92.39000,796395.58,2026-06-04 11:59:59,74440213.5292000,61216,370592.32,34633476.7043000,0
2026-06-04 12:00:00,92.38000,92.95000,91.87000,92.59000,989965.52,2026-06-04 12:59:59,91546080.2664000,71429,529267.29,48950931.9438000,0
2026-06-04 13:00:00,92.59000,93.06000,92.06000,92.28000,499988.38,2026-06-04 13:59:59,46327208.2219000,48522,258787.37,23982460.1992000,0
2026-06-04 14:00:00,92.29000,93.01000,91.95000,92.97000,423714.17,2026-06-04 14:59:59,39166097.6947000,36781,223707.57,20680094.8485000,0
2026-06-04 15:00:00,92.97000,93.15000,92.53000,92.93000,281188.18,2026-06-04 15:59:59,26111640.4433000,29494,138978.19,12905614.7623000,0
2026-06-04 16:00:00,92.93000,93.05000,92.21000,92.32000,218485.35,2026-06-04 16:59:59,20235744.7687000,21349,102962.44,9537566.7294000,0
2026-06-04 17:00:00,92.32000,92.53000,91.88000,92.25000,236235.68,2026-06-04 17:59:59,21776752.9689000,19092,115279.06,10628906.8545000,0
2026-06-04 18:00:00,92.24000,93.36000,91.83000,93.20000,365012.73,2026-06-04 18:59:59,33821171.2328000,35347,185218.25,17166158.8573000,0
2026-06-04 19:00:00,93.21000,93.25000,92.87000,93.05000,77690.50,2026-06-04 19:59:59,7229898.8195000,9271,40096.77,3731648.6885000,0
2026-06-04 20:00:00,93.05000,93.06000,92.72000,92.76000,82432.73,2026-06-04 20:59:59,7658622.1787000,9329,41606.48,3866182.3601000,0
2026-06-04 21:00:00,92.76000,92.98000,92.73000,92.85000,35453.41,2026-06-04 21:59:59,3292180.9684000,6478,19902.90,1848200.5182000,0
2026-06-04 22:00:00,92.85000,92.87000,92.56000,92.77000,67243.98,2026-06-04 22:59:59,6233486.0774000,9882,32185.07,2983503.0477000,0
2026-06-04 23:00:00,92.77000,92.95000,92.74000,92.90000,44490.00,2026-06-04 23:59:59,4129427.9495000,4418,22774.60,2114020.0360000,0
2026-06-05 00:00:00,92.90000,92.92000,92.52000,92.57000,74306.25,2026-06-05 00:59:59,6889033.6764000,9749,35120.73,3256266.1428000,0
2026-06-05 01:00:00,92.56000,93.04000,92.39000,93.00000,154073.08,2026-06-05 01:59:59,14299088.9580000,15554,86259.53,8006100.3180000,0
2026-06-05 02:00:00,93.00000,93.42000,92.96000,93.30000,165179.94,2026-06-05 02:59:59,15401664.0526000,15466,98596.01,9193542.5111000,0
2026-06-05 03:00:00,93.29000,93.37000,92.86000,93.06000,136520.97,2026-06-05 03:59:59,12707283.4632000,11863,73738.80,6863920.7400000,0
2026-06-05 04:00:00,93.06000,93.06000,92.81000,92.87000,104632.20,2026-06-05 04:59:59,9723698.3935000,12470,54661.22,5079167.2975000,0
2026-06-05 05:00:00,92.86000,93.05000,92.76000,92.81000,107903.66,2026-06-05 05:59:59,10026160.0088000,11235,50515.90,4694435.6790000,0
2026-06-05 06:00:00,92.81000,92.97000,92.41000,92.55000,348327.42,2026-06-05 06:59:59,32280986.4789000,25365,175291.36,16245781.0410000,0
2026-06-05 07:00:00,92.55000,92.65000,91.81000,92.49000,363422.46,2026-06-05 07:59:59,33503435.1326000,29592,192665.92,17762102.8169000,0
2026-06-05 08:00:00,92.49000,92.69000,91.25000,92.55000,545305.69,2026-06-05 08:59:59,50186714.6511000,46329,264271.00,24330527.1924000,0
2026-06-05 09:00:00,92.56000,92.87000,91.68000,92.54000,1239408.56,2026-06-05 09:59:59,114245174.8993000,75220,557362.10,51392664.1358000,0
2026-06-05 10:00:00,92.54000,92.84000,92.17000,92.56000,229235.25,2026-06-05 10:59:59,21199919.1412000,21217,118202.52,10930638.2103000,0
2026-06-05 11:00:00,92.56000,93.33000,92.30000,92.68000,431917.61,2026-06-05 11:59:59,40070664.4741000,35998,235671.14,21864841.7727000,0
2026-06-05 12:00:00,92.68000,92.79000,92.03000,92.07000,334771.86,2026-06-05 12:59:59,30946026.9208000,30402,164012.58,15161075.3516000,0
2026-06-05 13:00:00,92.07000,92.27000,90.96000,91.19000,839373.32,2026-06-05 13:59:59,76753192.7042000,57079,402799.86,36838722.2344000,0
2026-06-05 14:00:00,91.18000,92.18000,90.30000,91.06000,1171051.71,2026-06-05 14:59:59,106609859.8394000,65485,646586.94,58890528.1251000,0
2026-06-05 15:00:00,91.06000,91.23000,90.28000,90.57000,619976.88,2026-06-05 15:59:59,56167893.9860000,33616,292635.43,26519069.0921000,0
2026-06-05 16:00:00,90.57000,90.69000,89.40000,89.79000,840076.81,2026-06-05 16:59:59,75598879.4627000,38004,367107.96,33033821.1609000,0
2026-06-05 17:00:00,89.78000,89.98000,89.60000,89.69000,430630.03,2026-06-05 17:59:59,38643818.0839000,21572,273173.65,24512296.6160000,0
2026-06-05 18:00:00,89.68000,90.34000,89.56000,89.91000,508451.09,2026-06-05 18:59:59,45734888.5965000,31310,286824.37,25799651.3168000,0
2026-06-05 19:00:00,89.92000,90.09000,89.67000,89.97000,206911.86,2026-06-05 19:59:59,18602390.0275000,17426,113289.17,10185285.2907000,0
2026-06-05 20:00:00,89.96000,90.03000,89.72000,89.80000,134788.45,2026-06-05 20:59:59,12112562.9682000,14891,61774.08,5551437.7673000,0
2026-06-05 21:00:00,89.80000,90.46000,89.60000,89.92000,116362.30,2026-06-05 21:59:59,10474638.4136000,20652,61859.57,5568321.0430000,0
2026-06-05 22:00:00,89.92000,91.51000,89.79000,90.85000,198615.15,2026-06-05 22:59:59,18032392.6040000,32990,114389.47,10383337.6151000,0
2026-06-05 23:00:00,90.85000,91.29000,90.75000,91.09000,88203.59,2026-06-05 23:59:59,8034926.6047000,16229,48884.30,4453267.4007000,0
2026-06-06 00:00:00,91.10000,91.90000,91.07000,91.59000,111942.56,2026-06-06 00:59:59,10255143.8723000,21498,56006.11,5129949.5940000,0
2026-06-06 01:00:00,91.59000,91.77000,91.17000,91.55000,93851.44,2026-06-06 01:59:59,8581050.6833000,15159,48989.48,4479236.4476000,0
2026-06-06 02:00:00,91.56000,91.88000,91.32000,91.64000,105576.43,2026-06-06 02:59:59,9674886.5913000,13589,62432.24,5722519.3953000,0
2026-06-06 03:00:00,91.63000,91.74000,91.40000,91.57000,35459.21,2026-06-06 03:59:59,3248392.6157000,7549,16087.01,1473721.8709000,0
2026-06-06 04:00:00,91.57000,91.65000,90.18000,90.46000,128940.06,2026-06-06 04:59:59,11721645.3942000,19162,60970.13,5541497.9068000,0
2026-06-06 05:00:00,90.47000,91.42000,90.25000,91.00000,122837.71,2026-06-06 05:59:59,11168067.8230000,20529,64814.53,5892372.7624000,0
2026-06-06 06:00:00,90.99000,91.26000,90.20000,90.35000,83713.25,2026-06-06 06:59:59,7589215.2082000,15283,37693.88,3416579.8521000,0
2026-06-06 07:00:00,90.35000,90.56000,90.15000,90.43000,75585.58,2026-06-06 07:59:59,6833379.0913000,12448,35207.88,3183564.0639000,0
2026-06-06 08:00:00,90.42000,90.83000,90.21000,90.81000,49752.11,2026-06-06 08:59:59,4504070.7328000,10887,26389.56,2389161.2719000,0
2026-06-06 09:00:00,90.81000,91.00000,90.56000,90.61000,41981.92,2026-06-06 09:59:59,3811653.1373000,10181,22618.82,2053685.7088000,0
2026-06-06 10:00:00,90.61000,90.80000,90.43000,90.80000,36068.21,2026-06-06 10:59:59,3268289.5229000,8628,18446.41,1671437.5836000,0
2026-06-06 11:00:00,90.81000,91.20000,90.80000,90.86000,36620.70,2026-06-06 11:59:59,3331360.5459000,9445,19538.65,1777320.4069000,0
2026-06-06 12:00:00,90.86000,91.08000,90.75000,90.93000,33017.40,2026-06-06 12:59:59,2999817.0257000,5714,20894.39,1898168.6980000,0
2026-06-06 13:00:00,90.94000,91.38000,90.85000,91.04000,34818.75,2026-06-06 13:59:59,3171788.4698000,7732,20421.88,1860507.1639000,0
2026-06-06 14:00:00,91.05000,91.47000,91.00000,91.41000,38268.39,2026-06-06 14:59:59,3491328.7918000,8783,22296.45,2034194.1661000,0
2026-06-06 15:00:00,91.42000,91.44000,91.06000,91.31000,23572.54,2026-06-06 15:59:59,2150296.2049000,6822,11506.18,1049450.0881000,0
2026-06-06 16:00:00,91.31000,91.64000,91.06000,91.50000,32865.25,2026-06-06 16:59:59,3003766.6725000,7275,17095.62,1562564.9069000,0
2026-06-06 17:00:00,91.50000,91.56000,91.24000,91.41000,24697.30,2026-06-06 17:59:59,2256685.5099000,5484,11674.46,1066748.5275000,0
2026-06-06 18:00:00,91.42000,91.52000,91.11000,91.35000,26670.73,2026-06-06 18:59:59,2435046.2308000,6681,12250.86,1118502.3088000,0
2026-06-06 19:00:00,91.35000,91.76000,91.07000,91.58000,65481.62,2026-06-06 19:59:59,5988577.9864000,12805,40667.84,3718865.9913000,0
2026-06-06 20:00:00,91.58000,91.87000,91.31000,91.67000,42111.86,2026-06-06 20:59:59,3855237.5169000,9671,25860.20,2367670.5482000,0
2026-06-06 21:00:00,91.67000,92.21000,91.62000,91.82000,55101.73,2026-06-06 21:59:59,5062593.6554000,8758,34166.50,3138806.5099000,0
2026-06-06 22:00:00,91.82000,91.97000,91.52000,91.77000,31308.55,2026-06-06 22:59:59,2873498.0429000,6907,17082.75,1567755.0729000,0
2026-06-06 23:00:00,91.78000,92.03000,91.68000,91.94000,31390.07,2026-06-06 23:59:59,2885036.2474000,5738,12434.14,1142496.8544000,0
2026-06-07 00:00:00,91.95000,92.14000,91.84000,91.96000,20546.61,2026-06-07 00:59:59,1890306.5785000,4048,9555.57,879123.6269000,0
2026-06-07 01:00:00,91.96000,92.10000,91.85000,91.95000,18512.53,2026-06-07 01:59:59,1703150.1577000,3822,9846.69,905932.7681000,0
2026-06-07 02:00:00,91.94000,91.95000,91.47000,91.69000,35080.34,2026-06-07 02:59:59,3216151.6815000,8430,14996.60,1374667.9504000,0
2026-06-07 03:00:00,91.69000,91.83000,91.52000,91.70000,28796.75,2026-06-07 03:59:59,2640326.9193000,6002,13322.11,1221450.9956000,0
2026-06-07 04:00:00,91.71000,91.90000,91.49000,91.56000,23547.94,2026-06-07 04:59:59,2159054.0965000,4796,9602.99,880690.8364000,0
2026-06-07 05:00:00,91.57000,91.70000,91.32000,91.55000,27161.78,2026-06-07 05:59:59,2485704.2818000,5910,13588.51,1243610.3836000,0
2026-06-07 06:00:00,91.56000,91.67000,91.41000,91.46000,18944.59,2026-06-07 06:59:59,1734300.0555000,4480,8754.96,801354.0101000,0
2026-06-07 07:00:00,91.46000,91.47000,90.71000,90.95000,89370.27,2026-06-07 07:59:59,8130420.0894000,13813,41618.09,3785148.2972000,0
2026-06-07 08:00:00,90.95000,91.14000,90.54000,91.14000,56863.18,2026-06-07 08:59:59,5162523.7881000,11251,32538.76,2954486.9407000,0
2026-06-07 09:00:00,91.13000,91.26000,90.83000,90.99000,37406.31,2026-06-07 09:59:59,3406397.8546000,8434,19188.21,1747362.5517000,0
2026-06-07 10:00:00,90.98000,91.25000,90.94000,91.16000,20982.34,2026-06-07 10:59:59,1911918.5351000,4382,12580.32,1146301.4343000,0
2026-06-07 11:00:00,91.15000,91.36000,91.13000,91.20000,19707.96,2026-06-07 11:59:59,1798358.7977000,4053,9874.76,901113.1923000,0
2026-06-07 12:00:00,91.19000,91.84000,91.17000,91.74000,80941.77,2026-06-07 12:59:59,7410657.4634000,12951,41100.71,3762608.6930000,0
2026-06-07 13:00:00,91.75000,92.36000,91.29000,91.64000,198067.18,2026-06-07 13:59:59,18197828.6598000,18075,135173.04,12424558.6644000,0
2026-06-07 14:00:00,91.64000,91.96000,91.30000,91.95000,93673.66,2026-06-07 14:59:59,8575583.9818000,11976,58005.67,5310403.5871000,0
2026-06-07 15:00:00,91.95000,91.98000,91.71000,91.94000,95454.21,2026-06-07 15:59:59,8773974.8760000,13094,51946.38,4775135.3914000,0
2026-06-07 16:00:00,91.95000,92.15000,91.94000,92.13000,54006.16,2026-06-07 16:59:59,4972903.9954000,6432,29571.49,2722722.2353000,0
2026-06-07 17:00:00,92.12000,92.15000,92.10000,92.14000,12656.84,2026-06-07 17:59:59,1166090.3791000,2322,5241.91,482963.4942000,0
2026-06-07 18:00:00,92.13000,92.83000,92.12000,92.53000,125824.78,2026-06-07 18:59:59,11629853.9596000,20606,78538.44,7256741.4720000,0
2026-06-07 19:00:00,92.53000,94.28000,92.11000,92.95000,953793.45,2026-06-07 19:59:59,88985162.9585000,142797,555535.78,51822869.0276000,0
2026-06-07 20:00:00,92.95000,93.37000,91.45000,92.13000,357327.76,2026-06-07 20:59:59,32979337.4234000,70063,163339.22,15075098.4261000,0
2026-06-07 21:00:00,92.14000,93.53000,91.76000,92.46000,225640.85,2026-06-07 21:59:59,20898052.0128000,56136,117296.42,10860325.7268000,0
2026-06-07 22:00:00,92.46000,93.25000,91.94000,92.28000,620684.92,2026-06-07 22:59:59,57397379.6557000,81733,320277.53,29623183.0060000,0
2026-06-07 23:00:00,92.29000,92.36000,91.77000,92.23000,142079.94,2026-06-07 23:59:59,13086151.0572000,20933,73076.57,6731174.0961000,0
2026-06-08 00:00:00,92.24000,92.27000,91.66000,91.77000,229720.18,2026-06-08 00:59:59,21127461.7109000,27591,121267.29,11151097.0338000,0
2026-06-08 01:00:00,91.77000,94.38000,91.56000,92.65000,1666276.18,2026-06-08 01:59:59,155283181.6087000,110047,948402.05,88356937.7298000,0
2026-06-08 02:00:00,92.65000,93.72000,92.55000,93.11000,428312.44,2026-06-08 02:59:59,39906791.1725000,50487,225065.94,20968728.0955000,0
2026-06-08 03:00:00,93.11000,93.49000,92.85000,93.08000,213700.04,2026-06-08 03:59:59,19898290.3416000,27738,114026.12,10618862.6122000,0
2026-06-08 04:00:00,93.07000,93.94000,92.97000,93.79000,342380.21,2026-06-08 04:59:59,32026957.9071000,32137,192759.42,18036624.1299000,0
2026-06-08 05:00:00,93.79000,94.16000,93.42000,93.79000,339463.63,2026-06-08 05:59:59,31848576.8626000,32478,174865.63,16409554.1661000,0
2026-06-08 06:00:00,93.79000,94.14000,93.26000,93.93000,380042.04,2026-06-08 06:59:59,35642628.9100000,37388,187888.21,17623930.2562000,0
2026-06-08 07:00:00,93.93000,94.20000,93.35000,93.95000,356181.26,2026-06-08 07:59:59,33404465.3437000,34017,182300.98,17097312.3728000,0
2026-06-08 08:00:00,93.94000,94.50000,93.53000,93.97000,445585.01,2026-06-08 08:59:59,41926103.3141000,45594,232421.74,21869950.8555000,0
2026-06-08 09:00:00,93.96000,94.18000,93.53000,93.93000,339177.14,2026-06-08 09:59:59,31825907.3595000,33180,156120.69,14650205.5846000,0
2026-06-08 10:00:00,93.93000,94.72000,92.74000,93.09000,422409.47,2026-06-08 10:59:59,39508290.9042000,57550,210336.39,19681652.1273000,0
2026-06-08 11:00:00,93.09000,93.38000,90.44000,90.65000,1107053.44,2026-06-08 11:59:59,101425771.7177000,107688,528069.17,48375400.2449000,0
2026-06-08 12:00:00,90.65000,91.56000,90.45000,91.29000,649103.49,2026-06-08 12:59:59,59113297.9145000,52097,327536.01,29831752.2773000,0
2026-06-08 13:00:00,91.30000,91.47000,89.87000,90.48000,503147.44,2026-06-08 13:59:59,45569786.2228000,49126,230125.81,20849345.9576000,0
2026-06-08 14:00:00,90.48000,91.55000,90.41000,91.11000,355046.65,2026-06-08 14:59:59,32293326.9818000,37829,188773.03,17171418.6158000,0
2026-06-08 15:00:00,91.12000,91.73000,90.78000,91.02000,305730.35,2026-06-08 15:59:59,27880833.4234000,34770,149583.84,13642945.9335000,0
2026-06-08 16:00:00,91.01000,91.10000,90.37000,90.76000,437950.66,2026-06-08 16:59:59,39731100.7805000,26686,169810.13,15406987.7656000,0
2026-06-08 17:00:00,90.76000,90.79000,90.21000,90.54000,262126.14,2026-06-08 17:59:59,23718955.9243000,21732,109265.14,9890038.7278000,0
2026-06-08 18:00:00,90.55000,90.82000,90.30000,90.52000,161178.84,2026-06-08 18:59:59,14599110.7941000,19002,77835.14,7051496.1087000,0
2026-06-08 19:00:00,90.52000,90.85000,90.38000,90.57000,75042.01,2026-06-08 19:59:59,6800664.0126000,9995,38339.47,3474414.6974000,0
2026-06-08 20:00:00,90.59000,90.80000,90.34000,90.51000,104929.54,2026-06-08 20:59:59,9503460.8264000,11763,56662.43,5132412.4523000,0
2026-06-08 21:00:00,90.51000,91.17000,90.50000,90.77000,71377.12,2026-06-08 21:59:59,6483224.8718000,10179,32190.05,2923625.2502000,0
2026-06-08 22:00:00,90.76000,90.77000,90.47000,90.59000,98831.49,2026-06-08 22:59:59,8956592.7337000,9754,43857.34,3974330.9123000,0
2026-06-08 23:00:00,90.60000,90.64000,90.46000,90.54000,67290.06,2026-06-08 23:59:59,6094011.1127000,7545,35901.70,3251843.4655000,0
2026-06-09 00:00:00,90.54000,90.63000,89.93000,90.24000,199676.06,2026-06-09 00:59:59,18023261.8917000,21630,99273.94,8963644.2710000,0
2026-06-09 01:00:00,90.24000,90.33000,89.80000,90.14000,165320.05,2026-06-09 01:59:59,14889380.2817000,18400,85549.71,7706302.4362000,0
2026-06-09 02:00:00,90.14000,90.20000,89.66000,89.88000,151004.11,2026-06-09 02:59:59,13574628.0899000,14700,56779.48,5106838.1028000,0
2026-06-09 03:00:00,89.89000,89.97000,89.17000,89.45000,208335.61,2026-06-09 03:59:59,18642154.1011000,18614,98301.38,8798042.5268000,0
2026-06-09 04:00:00,89.45000,89.68000,89.31000,89.59000,119609.67,2026-06-09 04:59:59,10702203.5091000,11477,69005.20,6174728.8355000,0
2026-06-09 05:00:00,89.58000,89.66000,89.09000,89.37000,204720.49,2026-06-09 05:59:59,18286358.9808000,17238,89065.34,7957440.1151000,0
2026-06-09 06:00:00,89.36000,89.38000,88.76000,89.15000,276802.86,2026-06-09 06:59:59,24663498.8599000,25468,133630.08,11908511.8602000,0
2026-06-09 07:00:00,89.14000,89.33000,88.64000,88.94000,271092.15,2026-06-09 07:59:59,24112891.7777000,28581,96110.43,8550784.1446000,0
2026-06-09 08:00:00,88.95000,89.12000,88.02000,88.46000,480620.49,2026-06-09 08:59:59,42524213.1040000,36103,190718.91,16877585.6020000,0
2026-06-09 09:00:00,88.46000,88.57000,88.00000,88.38000,152375.43,2026-06-09 09:59:59,13440692.0327000,22174,77340.41,6822941.2377000,0
2026-06-09 10:00:00,88.38000,88.69000,87.94000,88.20000,204418.98,2026-06-09 10:59:59,18070006.7314000,24674,97022.16,8577255.0574000,0
2026-06-09 11:00:00,88.20000,88.99000,88.18000,88.76000,186280.57,2026-06-09 11:59:59,16518469.3216000,22560,103595.66,9186883.3886000,0
2026-06-09 12:00:00,88.77000,88.88000,88.12000,88.29000,253882.94,2026-06-09 12:59:59,22473784.1054000,27818,131799.18,11667661.5555000,0
2026-06-09 13:00:00,88.28000,88.72000,86.68000,87.12000,594991.20,2026-06-09 13:59:59,52125074.5862000,62703,253342.47,22196973.5755000,0
2026-06-09 14:00:00,87.13000,87.50000,86.65000,87.05000,466066.05,2026-06-09 14:59:59,40577292.1033000,45495,240117.16,20906864.5305000,0
2026-06-09 15:00:00,87.04000,87.16000,85.94000,85.97000,422020.01,2026-06-09 15:59:59,36537916.0522000,40128,158153.18,13702973.1359000,0
2026-06-09 16:00:00,85.97000,88.65000,85.27000,87.12000,1970309.60,2026-06-09 16:59:59,171636067.1406000,135132,952590.74,83059312.0739000,0
2026-06-09 17:00:00,87.13000,87.68000,86.39000,87.34000,649475.16,2026-06-09 17:59:59,56538342.1792000,47251,308492.23,26855793.3451000,0
2026-06-09 18:00:00,87.34000,87.82000,87.13000,87.23000,107733.44,2026-06-09 18:59:59,9422963.2185000,21121,58307.22,5100473.3724000,0
2026-06-09 19:00:00,87.24000,87.79000,87.09000,87.45000,96793.78,2026-06-09 19:59:59,8467963.8623000,13508,50331.85,4403756.7299000,0
2026-06-09 20:00:00,87.45000,87.81000,87.33000,87.74000,106574.14,2026-06-09 20:59:59,9327971.5297000,13587,54401.84,4761777.6187000,0
2026-06-09 21:00:00,87.74000,88.45000,87.52000,88.22000,193969.25,2026-06-09 21:59:59,17083533.6677000,18644,96646.51,8509103.5659000,0
2026-06-09 22:00:00,88.22000,88.81000,87.73000,88.17000,309311.82,2026-06-09 22:59:59,27287371.4572000,28909,146718.95,12955221.3043000,0
2026-06-09 23:00:00,88.17000,88.40000,87.92000,88.26000,84649.11,2026-06-09 23:59:59,7463481.5460000,9431,42925.33,3785155.0419000,0
2026-06-10 00:00:00,88.26000,88.93000,87.75000,87.85000,268806.52,2026-06-10 00:59:59,23755121.1035000,27470,142202.68,12567730.5729000,0
2026-06-10 01:00:00,87.84000,88.37000,87.34000,88.28000,291462.29,2026-06-10 01:59:59,25601613.1597000,29830,153311.17,13469598.8612000,0
2026-06-10 02:00:00,88.28000,88.40000,87.75000,87.94000,187551.23,2026-06-10 02:59:59,16507607.0376000,15270,105774.67,9310831.6224000,0
2026-06-10 03:00:00,87.94000,88.15000,87.59000,87.64000,145393.13,2026-06-10 03:59:59,12782583.3997000,12876,87174.83,7664432.5067000,0
2026-06-10 04:00:00,87.64000,87.93000,87.59000,87.66000,104443.15,2026-06-10 04:59:59,9164402.3812000,9041,60982.75,5351307.8930000,0
2026-06-10 05:00:00,87.66000,87.75000,86.85000,87.07000,306085.83,2026-06-10 05:59:59,26708533.9501000,26655,146342.60,12771382.9372000,0
2026-06-10 06:00:00,87.07000,87.25000,86.58000,87.20000,215297.12,2026-06-10 06:59:59,18715945.8180000,21390,101787.42,8850342.2974000,0
2026-06-10 07:00:00,87.20000,87.62000,86.65000,87.07000,219195.76,2026-06-10 07:59:59,19100402.1628000,25173,111350.16,9703543.9024000,0
2026-06-10 08:00:00,87.06000,87.82000,86.41000,86.69000,269906.24,2026-06-10 08:59:59,23540794.5705000,32577,144659.13,12619507.5987000,0
2026-06-10 09:00:00,86.69000,87.40000,86.41000,86.84000,216486.56,2026-06-10 09:59:59,18792749.2226000,26676,105807.34,9182399.9658000,0
2026-06-10 10:00:00,86.84000,87.38000,86.66000,86.93000,172104.42,2026-06-10 10:59:59,14968835.4269000,18434,92229.98,8021381.6995000,0
2026-06-10 11:00:00,86.92000,89.25000,86.69000,88.83000,1475904.01,2026-06-10 11:59:59,130559356.9532000,138490,747327.90,66101563.2863000,0
2026-06-10 12:00:00,88.83000,88.89000,87.57000,87.93000,582471.37,2026-06-10 12:59:59,51451223.1015000,55329,265027.01,23413832.5555000,0
2026-06-10 13:00:00,87.92000,88.71000,87.77000,88.60000,317274.00,2026-06-10 13:59:59,27995812.6137000,33765,150644.66,13292062.8998000,0
2026-06-10 14:00:00,88.59000,89.14000,88.28000,89.03000,312709.53,2026-06-10 14:59:59,27747242.1350000,32076,150269.06,13335746.7054000,0
2026-06-10 15:00:00,89.03000,90.19000,88.23000,89.46000,762026.59,2026-06-10 15:59:59,68089362.7748000,60433,385519.84,34440905.6806000,0
2026-06-10 16:00:00,89.45000,90.04000,89.30000,89.80000,245614.90,2026-06-10 16:59:59,22030773.5936000,28879,121764.61,10921192.1024000,0
2026-06-10 17:00:00,89.80000,90.53000,89.61000,89.65000,210065.86,2026-06-10 17:59:59,18926943.6395000,26120,106754.19,9618674.2020000,0
2026-06-10 18:00:00,89.65000,89.66000,88.55000,88.95000,255490.21,2026-06-10 18:59:59,22772037.6550000,28772,128084.73,11415072.5213000,0
2026-06-10 19:00:00,88.94000,89.32000,88.90000,89.10000,169735.27,2026-06-10 19:59:59,15138938.6788000,14262,83461.36,7444100.5224000,0
2026-06-10 20:00:00,89.09000,90.37000,88.87000,90.33000,274938.73,2026-06-10 20:59:59,24646817.0863000,33632,130453.69,11697908.1803000,0
2026-06-10 21:00:00,90.32000,90.76000,90.01000,90.65000,203797.07,2026-06-10 21:59:59,18442357.4435000,16678,112026.63,10139904.9379000,0
2026-06-10 22:00:00,90.65000,91.74000,90.36000,91.71000,664912.85,2026-06-10 22:59:59,60450299.0601000,41742,365896.33,33262137.6304000,0
2026-06-10 23:00:00,91.70000,91.98000,90.16000,90.81000,1592303.85,2026-06-10 23:59:59,145170655.7136000,92311,765504.28,69817472.6294000,0
2026-06-11 00:00:00,90.81000,91.06000,90.25000,90.68000,537151.52,2026-06-11 00:59:59,48720934.1728000,36766,249021.79,22588479.0487000,0
2026-06-11 01:00:00,90.67000,90.75000,89.61000,90.06000,662658.47,2026-06-11 01:59:59,59727915.1202000,37189,302828.30,27299025.6840000,0
2026-06-11 02:00:00,90.06000,90.35000,89.81000,89.96000,181116.45,2026-06-11 02:59:59,16318080.7626000,16720,96603.02,8705830.1708000,0
2026-06-11 03:00:00,89.96000,90.50000,89.94000,90.21000,116982.79,2026-06-11 03:59:59,10552943.8661000,11807,58061.14,5238144.9154000,0
2026-06-11 04:00:00,90.21000,90.32000,89.37000,89.53000,166454.67,2026-06-11 04:59:59,14945648.8932000,15296,73502.86,6598643.5737000,0
2026-06-11 05:00:00,89.52000,89.59000,88.80000,89.13000,388499.03,2026-06-11 05:59:59,34647699.6255000,24550,162915.84,14532723.0165000,0
2026-06-11 06:00:00,89.13000,89.45000,88.87000,88.93000,219240.22,2026-06-11 06:59:59,19543165.9627000,19012,100486.97,8958242.2108000,0
2026-06-11 07:00:00,88.93000,89.00000,87.97000,88.35000,461309.65,2026-06-11 07:59:59,40783623.2325000,39828,222459.61,19668827.0328000,0
2026-06-11 08:00:00,88.35000,88.41000,87.33000,87.74000,358132.77,2026-06-11 08:59:59,31431904.7647000,36455,170263.32,14945235.7966000,0
2026-06-11 09:00:00,87.73000,88.35000,87.63000,87.87000,285990.92,2026-06-11 09:59:59,25181035.7808000,26606,169363.88,14914725.5408000,0
2026-06-11 10:00:00,87.87000,88.06000,87.35000,87.57000,202668.04,2026-06-11 10:59:59,17782051.6156000,22950,105287.79,9239612.6793000,0
2026-06-11 11:00:00,87.56000,87.98000,87.23000,87.71000,287116.28,2026-06-11 11:59:59,25155584.5010000,31551,149733.06,13118818.0329000,0
2026-06-11 12:00:00,87.71000,89.82000,87.52000,88.61000,1511393.20,2026-06-11 12:59:59,134587591.7238000,142618,777955.77,69292412.0781000,0
2026-06-11 13:00:00,88.61000,89.24000,87.67000,87.94000,405719.55,2026-06-11 13:59:59,35815270.9296000,52444,189714.32,16751809.3567000,0
2026-06-11 14:00:00,87.94000,88.90000,87.93000,88.57000,196626.57,2026-06-11 14:59:59,17404281.9218000,33098,105474.69,9334656.8128000,0
2026-06-11 15:00:00,88.57000,89.63000,88.48000,89.32000,426472.41,2026-06-11 15:59:59,37959422.9540000,48436,247134.49,21999041.5611000,0
2026-06-11 16:00:00,89.31000,89.81000,89.09000,89.29000,235193.63,2026-06-11 16:59:59,21037018.4940000,24480,109465.87,9792858.2982000,0
2026-06-11 17:00:00,89.29000,89.32000,85.15000,85.99000,1791491.84,2026-06-11 17:59:59,154727888.2439000,149856,786963.50,67973591.4249000,0
2026-06-11 18:00:00,86.00000,86.87000,85.73000,86.39000,737396.64,2026-06-11 18:59:59,63687885.5356000,71503,379668.20,32794221.4604000,0
2026-06-11 19:00:00,86.40000,86.46000,84.48000,85.15000,1071215.37,2026-06-11 19:59:59,91409434.3767000,83343,485071.79,41382607.5471000,0
2026-06-11 20:00:00,85.15000,85.21000,84.32000,85.07000,458883.32,2026-06-11 20:59:59,38948602.9875000,43392,227072.48,19276150.8868000,0
2026-06-11 21:00:00,85.06000,85.61000,85.05000,85.35000,159104.89,2026-06-11 21:59:59,13585215.5237000,13552,81544.54,6961416.9457000,0
2026-06-11 22:00:00,85.35000,85.35000,83.73000,84.55000,497538.00,2026-06-11 22:59:59,41941785.0342000,43332,199087.43,16782342.6342000,0
2026-06-11 23:00:00,84.55000,84.83000,84.31000,84.69000,162365.88,2026-06-11 23:59:59,13731292.5858000,15546,81331.60,6877641.2306000,0
2026-06-12 00:00:00,84.69000,85.32000,84.67000,85.22000,190789.98,2026-06-12 00:59:59,16210847.8031000,22099,100450.25,8535994.4343000,0
2026-06-12 01:00:00,85.22000,85.49000,85.10000,85.32000,203146.48,2026-06-12 01:59:59,17329678.5152000,25055,86136.04,7348042.8506000,0
2026-06-12 02:00:00,85.32000,85.43000,85.04000,85.29000,102780.72,2026-06-12 02:59:59,8769016.9553000,11745,50964.15,4348745.7568000,0
2026-06-12 03:00:00,85.28000,85.53000,84.78000,84.79000,182411.60,2026-06-12 03:59:59,15538973.1958000,15307,99005.32,8435178.0063000,0
2026-06-12 04:00:00,84.79000,84.89000,84.61000,84.63000,118537.83,2026-06-12 04:59:59,10044308.9342000,11451,45965.00,3895769.7655000,0
2026-06-12 05:00:00,84.64000,84.66000,84.19000,84.59000,256481.41,2026-06-12 05:59:59,21657219.7491000,18756,137909.00,11645832.3321000,0
2026-06-12 06:00:00,84.58000,84.66000,84.20000,84.54000,174750.00,2026-06-12 06:59:59,14758873.0343000,17477,88968.64,7515219.4192000,0
2026-06-12 07:00:00,84.54000,84.77000,83.33000,83.62000,390806.31,2026-06-12 07:59:59,32820762.5054000,32941,175768.91,14771913.8761000,0
2026-06-12 08:00:00,83.62000,83.66000,81.74000,82.39000,1056855.20,2026-06-12 08:59:59,87155691.9471000,70740,459090.78,37873013.7269000,0
2026-06-12 09:00:00,82.40000,82.72000,82.05000,82.66000,220506.67,2026-06-12 09:59:59,18165530.8151000,24583,114109.44,9400740.8874000,0
2026-06-12 10:00:00,82.67000,83.78000,82.51000,83.13000,529605.68,2026-06-12 10:59:59,44041044.3548000,35600,284955.29,23691757.4868000,0
2026-06-12 11:00:00,83.13000,83.64000,82.58000,83.38000,353754.80,2026-06-12 11:59:59,29393049.6412000,23178,175236.48,14564631.2307000,0
2026-06-12 12:00:00,83.37000,84.10000,83.24000,83.58000,563682.30,2026-06-12 12:59:59,47198915.6089000,28262,315203.48,26397955.1289000,0
2026-06-12 13:00:00,83.57000,85.46000,83.44000,85.41000,1076438.34,2026-06-12 13:59:59,91130082.1939000,61301,586415.90,49649068.5393000,0
2026-06-12 14:00:00,85.41000,85.65000,83.28000,83.49000,1134098.99,2026-06-12 14:59:59,95729855.5162000,71733,569867.26,48129508.8024000,0
2026-06-12 15:00:00,83.49000,83.56000,82.67000,82.98000,500593.25,2026-06-12 15:59:59,41602240.0335000,49710,246674.67,20503010.8753000,0
2026-06-12 16:00:00,82.99000,83.51000,82.69000,83.37000,346469.77,2026-06-12 16:59:59,28776365.0437000,34240,179470.40,14907658.6581000,0
2026-06-12 17:00:00,83.36000,83.53000,82.99000,83.39000,170239.60,2026-06-12 17:59:59,14179222.1937000,20700,87642.71,7300126.4654000,0
2026-06-12 18:00:00,83.39000,83.54000,82.83000,82.96000,95833.55,2026-06-12 18:59:59,7973714.5550000,14783,46674.21,3884330.9720000,0
2026-06-12 19:00:00,82.96000,83.18000,82.81000,82.85000,171651.09,2026-06-12 19:59:59,14245414.1782000,11581,82119.29,6815408.2846000,0
2026-06-12 20:00:00,82.85000,83.04000,82.80000,82.91000,56163.26,2026-06-12 20:59:59,4654817.8331000,8100,31669.14,2624856.9281000,0
2026-06-12 21:00:00,82.91000,83.27000,82.89000,82.95000,41824.85,2026-06-12 21:59:59,3475735.4162000,9287,20191.30,1677803.9243000,0
2026-06-12 22:00:00,82.95000,83.07000,80.63000,82.26000,424455.07,2026-06-12 22:59:59,34712205.8930000,59627,172425.36,14112394.8877000,0
2026-06-12 23:00:00,82.26000,82.46000,82.05000,82.19000,85053.61,2026-06-12 23:59:59,6996737.2859000,19257,46358.25,3813763.9170000,0
2026-06-13 00:00:00,82.19000,82.55000,81.51000,82.38000,110566.44,2026-06-13 00:59:59,9083148.1055000,20397,54600.17,4485781.0975000,0
2026-06-13 01:00:00,82.38000,82.72000,82.10000,82.49000,66581.12,2026-06-13 01:59:59,5489837.1193000,11447,35242.21,2905333.6239000,0
2026-06-13 02:00:00,82.49000,82.65000,81.92000,82.31000,76115.20,2026-06-13 02:59:59,6265517.8780000,11436,37351.47,3075340.7039000,0
2026-06-13 03:00:00,82.32000,82.33000,81.85000,82.03000,59038.84,2026-06-13 03:59:59,4843072.2412000,9630,31313.36,2568529.7649000,0
2026-06-13 04:00:00,82.03000,82.38000,81.88000,82.18000,42415.45,2026-06-13 04:59:59,3485132.5887000,7613,24312.93,1997945.9344000,0
2026-06-13 05:00:00,82.19000,82.27000,81.89000,81.95000,38980.53,2026-06-13 05:59:59,3200192.7682000,5717,21200.07,1740544.1485000,0
2026-06-13 06:00:00,81.95000,82.04000,81.41000,81.80000,86675.14,2026-06-13 06:59:59,7079615.9773000,9846,44793.01,3658614.0319000,0
2026-06-13 07:00:00,81.80000,82.10000,81.62000,81.83000,76546.45,2026-06-13 07:59:59,6263179.4684000,11756,47925.09,3921246.3204000,0
2026-06-13 08:00:00,81.83000,81.93000,81.75000,81.86000,31051.16,2026-06-13 08:59:59,2541255.3310000,7815,16194.56,1325369.8375000,0
2026-06-13 09:00:00,81.87000,82.00000,81.70000,81.75000,30822.32,2026-06-13 09:59:59,2522344.7955000,4481,13825.40,1131567.9251000,0
2026-06-13 10:00:00,81.75000,81.95000,81.62000,81.80000,38855.65,2026-06-13 10:59:59,3176626.5280000,5757,17468.18,1428134.6594000,0
2026-06-13 11:00:00,81.80000,81.83000,81.31000,81.45000,57828.39,2026-06-13 11:59:59,4717099.4963000,6338,21063.43,1718310.8253000,0
2026-06-13 12:00:00,81.46000,81.55000,80.86000,81.29000,101603.75,2026-06-13 12:59:59,8245905.3035000,11378,48899.56,3968623.0944000,0
2026-06-13 13:00:00,81.30000,81.62000,81.04000,81.48000,89301.50,2026-06-13 13:59:59,7257827.7601000,11456,43072.25,3501711.0618000,0
2026-06-13 14:00:00,81.48000,81.69000,80.89000,81.24000,164408.50,2026-06-13 14:59:59,13368521.2421000,14966,77725.03,6322146.9872000,0
2026-06-13 15:00:00,81.23000,81.29000,81.11000,81.24000,49688.23,2026-06-13 15:59:59,4035362.6467000,5662,21531.32,1748531.1760000,0
2026-06-13 16:00:00,81.25000,81.65000,80.50000,81.20000,279950.76,2026-06-13 16:59:59,22690764.3913000,29843,135293.15,10965789.3732000,0
2026-06-13 17:00:00,81.21000,81.41000,80.66000,80.66000,114386.15,2026-06-13 17:59:59,9274462.6019000,12599,47682.18,3867260.3569000,0
2026-06-13 18:00:00,80.67000,80.94000,80.43000,80.80000,81926.19,2026-06-13 18:59:59,6609706.1716000,9450,40729.93,3285521.7954000,0
2026-06-13 19:00:00,80.80000,81.21000,80.67000,81.00000,37755.98,2026-06-13 19:59:59,3056009.0788000,6297,22617.43,1830776.9480000,0
2026-06-13 20:00:00,81.01000,81.28000,80.96000,81.12000,40437.41,2026-06-13 20:59:59,3282087.4689000,4970,17762.21,1441369.0955000,0
2026-06-13 21:00:00,81.13000,81.45000,81.01000,81.27000,48822.60,2026-06-13 21:59:59,3966062.0821000,7743,26058.69,2116631.8239000,0
2026-06-13 22:00:00,81.27000,81.40000,81.19000,81.20000,34045.91,2026-06-13 22:59:59,2768098.1147000,5211,14700.53,1195168.1615000,0
2026-06-13 23:00:00,81.21000,81.35000,81.08000,81.17000,23265.14,2026-06-13 23:59:59,1889692.8374000,3596,12606.64,1024094.8272000,0
2026-06-14 00:00:00,81.16000,81.28000,81.15000,81.15000,25665.75,2026-06-14 00:59:59,2084469.1169000,3127,14564.54,1182890.8876000,0
2026-06-14 01:00:00,81.15000,81.26000,81.01000,81.23000,23476.51,2026-06-14 01:59:59,1905919.3358000,3173,11925.46,968242.9194000,0
2026-06-14 02:00:00,81.23000,81.25000,81.11000,81.23000,14707.56,2026-06-14 02:59:59,1194353.0059000,3494,7608.09,617859.6799000,0
2026-06-14 03:00:00,81.23000,81.26000,81.05000,81.12000,31957.95,2026-06-14 03:59:59,2594663.0174000,5414,16898.78,1372192.8052000,0
2026-06-14 04:00:00,81.11000,81.16000,81.04000,81.13000,21871.14,2026-06-14 04:59:59,1773796.1102000,3516,11889.26,964252.2670000,0
2026-06-14 05:00:00,81.13000,81.19000,81.08000,81.14000,13087.48,2026-06-14 05:59:59,1061858.3326000,2789,7546.28,612296.4501000,0
2026-06-14 06:00:00,81.14000,81.17000,80.87000,81.07000,32663.68,2026-06-14 06:59:59,2646438.5106000,4558,15995.73,1295816.7981000,0
2026-06-14 07:00:00,81.08000,81.09000,80.22000,80.51000,176007.35,2026-06-14 07:59:59,14188622.0414000,17733,81757.10,6591846.9003000,0
2026-06-14 08:00:00,80.51000,80.77000,80.31000,80.69000,106006.54,2026-06-14 08:59:59,8533668.5836000,14375,48555.12,3908861.4994000,0
2026-06-14 09:00:00,80.68000,81.01000,80.47000,80.72000,135429.19,2026-06-14 09:59:59,10937138.3843000,14789,81414.69,6575759.2238000,0
2026-06-14 10:00:00,80.73000,81.12000,80.54000,81.09000,178937.24,2026-06-14 10:59:59,14463679.9411000,11576,116682.72,9433645.5509000,0
2026-06-14 11:00:00,81.10000,81.15000,80.85000,80.92000,63458.35,2026-06-14 11:59:59,5140243.8273000,6377,29675.71,2403859.3806000,0
2026-06-14 12:00:00,80.92000,81.67000,80.80000,81.66000,223809.58,2026-06-14 12:59:59,18172879.5609000,13890,156885.57,12740192.8021000,0
2026-06-14 13:00:00,81.66000,81.85000,81.20000,81.71000,193613.02,2026-06-14 13:59:59,15786128.4540000,19669,97710.17,7966315.7240000,0
2026-06-14 14:00:00,81.72000,82.55000,80.68000,81.12000,449317.67,2026-06-14 14:59:59,36724274.2304000,43401,214289.97,17519007.2633000,0
2026-06-14 15:00:00,81.11000,81.80000,81.08000,81.70000,132615.44,2026-06-14 15:59:59,10806965.3867000,15497,72954.09,5944778.4916000,0
2026-06-14 16:00:00,81.69000,81.91000,80.87000,81.17000,187683.75,2026-06-14 16:59:59,15253861.8760000,21914,98930.78,8040974.9260000,0
2026-06-14 17:00:00,81.16000,81.43000,80.94000,81.18000,70952.09,2026-06-14 17:59:59,5760373.9192000,9332,36357.54,2952094.9494000,0
2026-06-14 18:00:00,81.19000,82.24000,81.19000,82.11000,133178.82,2026-06-14 18:59:59,10882682.4884000,16633,81591.10,6668410.1580000,0
2026-06-14 19:00:00,82.11000,82.39000,81.53000,81.54000,114040.54,2026-06-14 19:59:59,9353614.6351000,14412,46930.29,3848337.3082000,0
2026-06-14 20:00:00,81.53000,81.76000,80.72000,81.16000,151837.74,2026-06-14 20:59:59,12324835.4322000,22870,83793.44,6798301.7729000,0
2026-06-14 21:00:00,81.17000,81.29000,77.00000,78.08000,1348743.41,2026-06-14 21:59:59,106454288.3056000,135628,561297.76,44262294.3009000,0
2026-06-14 22:00:00,78.07000,80.73000,77.93000,80.05000,1027706.71,2026-06-14 22:59:59,82008958.9276000,104515,519129.61,41420254.3247000,0
2026-06-14 23:00:00,80.06000,80.12000,79.58000,79.78000,204400.00,2026-06-14 23:59:59,16307659.3854000,24653,106140.16,8467531.5707000,0
2026-06-15 00:00:00,79.78000,79.98000,79.19000,79.69000,224364.17,2026-06-15 00:59:59,17859343.5870000,23045,111459.31,8871955.6006000,0
2026-06-15 01:00:00,79.69000,79.96000,79.29000,79.70000,157572.04,2026-06-15 01:59:59,12544103.7397000,21924,83165.63,6621754.9972000,0
2026-06-15 02:00:00,79.69000,79.69000,78.82000,78.94000,159207.84,2026-06-15 02:59:59,12600954.5910000,16503,70594.30,5588258.3673000,0
2026-06-15 03:00:00,78.93000,79.37000,78.83000,79.22000,163311.95,2026-06-15 03:59:59,12919748.2541000,15908,81843.32,6474989.3063000,0
2026-06-15 04:00:00,79.21000,79.36000,79.13000,79.17000,59236.83,2026-06-15 04:59:59,4693906.5935000,6897,30260.81,2397836.0187000,0
2026-06-15 05:00:00,79.18000,79.69000,79.15000,79.50000,127706.11,2026-06-15 05:59:59,10144700.9149000,12732,59967.85,4764003.5618000,0
2026-06-15 06:00:00,79.50000,79.81000,79.15000,79.21000,183819.48,2026-06-15 06:59:59,14598742.3600000,16789,102726.57,8158663.6723000,0
2026-06-15 07:00:00,79.22000,79.37000,78.48000,79.11000,286769.48,2026-06-15 07:59:59,22613378.5070000,22000,157040.76,12384754.6840000,0
2026-06-15 08:00:00,79.11000,79.43000,78.79000,79.00000,228911.36,2026-06-15 08:59:59,18098958.2605000,23441,117044.58,9256046.5058000,0
2026-06-15 09:00:00,79.01000,79.15000,78.60000,78.90000,213064.31,2026-06-15 09:59:59,16808295.2164000,21472,116553.97,9196006.6272000,0
2026-06-15 10:00:00,78.91000,79.37000,78.68000,79.26000,275521.99,2026-06-15 10:59:59,21765691.2366000,16873,166244.06,13133845.7951000,0
2026-06-15 11:00:00,79.27000,79.29000,78.86000,79.19000,133869.52,2026-06-15 11:59:59,10583466.8941000,14973,61006.20,4822922.4788000,0
2026-06-15 12:00:00,79.19000,79.35000,78.83000,79.04000,199419.27,2026-06-15 12:59:59,15760716.1108000,17619,97048.88,7671512.6130000,0
2026-06-15 13:00:00,79.05000,79.33000,78.92000,78.97000,150551.21,2026-06-15 13:59:59,11909530.4525000,18056,74998.08,5933183.8223000,0
2026-06-15 14:00:00,78.96000,79.15000,78.57000,79.12000,202921.59,2026-06-15 14:59:59,15990482.8056000,19408,101329.18,7985899.4673000,0
2026-06-15 15:00:00,79.13000,79.43000,78.83000,78.91000,234476.47,2026-06-15 15:59:59,18558716.1862000,20117,105136.33,8322178.7598000,0
2026-06-15 16:00:00,78.91000,79.23000,78.78000,79.22000,151740.88,2026-06-15 16:59:59,11980335.8677000,11954,79770.59,6299705.7369000,0
2026-06-15 17:00:00,79.22000,79.45000,79.01000,79.28000,190582.23,2026-06-15 17:59:59,15097149.4335000,18533,97994.54,7762039.3211000,0
2026-06-15 18:00:00,79.28000,79.73000,79.09000,79.62000,201805.74,2026-06-15 18:59:59,16030273.9098000,14778,94574.23,7512004.5782000,0
2026-06-15 19:00:00,79.62000,80.14000,79.61000,79.97000,129293.74,2026-06-15 19:59:59,10331843.7127000,10138,60625.34,4845756.1671000,0
2026-06-15 20:00:00,79.97000,80.23000,79.76000,79.79000,130978.88,2026-06-15 20:59:59,10481192.7747000,8629,72469.10,5799314.0660000,0
2026-06-15 21:00:00,79.79000,79.95000,79.56000,79.81000,52510.87,2026-06-15 21:59:59,4188368.4003000,6411,22333.82,1781449.5907000,0
2026-06-15 22:00:00,79.81000,80.18000,79.61000,80.12000,189397.95,2026-06-15 22:59:59,15140843.8831000,9186,98776.91,7896326.0909000,0
2026-06-15 23:00:00,80.12000,80.18000,79.95000,80.15000,115799.56,2026-06-15 23:59:59,9272270.1654000,5233,63791.13,5107975.4824000,0
2026-06-16 00:00:00,80.15000,80.15000,79.86000,79.99000,85352.55,2026-06-16 00:59:59,6828741.8380000,7566,40476.92,3238627.4385000,0
2026-06-16 01:00:00,79.99000,80.06000,79.53000,79.62000,143532.12,2026-06-16 01:59:59,11445090.6176000,13637,69342.45,5529526.9705000,0
2026-06-16 02:00:00,79.62000,79.74000,79.33000,79.46000,120999.46,2026-06-16 02:59:59,9624906.3876000,9921,57132.61,4544921.3019000,0
2026-06-16 03:00:00,79.46000,79.51000,79.33000,79.45000,64210.87,2026-06-16 03:59:59,5098997.7773000,5402,39814.78,3161836.4415000,0
2026-06-16 04:00:00,79.45000,79.57000,79.32000,79.36000,79280.79,2026-06-16 04:59:59,6298860.9880000,5164,32572.77,2587826.2306000,0
2026-06-16 05:00:00,79.36000,79.37000,79.04000,79.26000,112113.29,2026-06-16 05:59:59,8877856.5667000,7997,49879.65,3949839.0152000,0
2026-06-16 06:00:00,79.27000,79.51000,79.12000,79.27000,108887.60,2026-06-16 06:59:59,8633284.9499000,8415,60911.22,4830366.3216000,0
2026-06-16 07:00:00,79.27000,79.28000,78.16000,78.21000,360064.71,2026-06-16 07:59:59,28317271.3571000,21859,179296.90,14103162.0247000,0
2026-06-16 08:00:00,78.22000,78.40000,77.30000,77.53000,505971.70,2026-06-16 08:59:59,39282601.9286000,31863,249052.28,19334730.7374000,0
2026-06-16 09:00:00,77.54000,78.16000,77.54000,77.82000,167536.51,2026-06-16 09:59:59,13036089.5736000,12851,98446.87,7659663.9157000,0
2026-06-16 10:00:00,77.83000,77.85000,77.18000,77.35000,206380.83,2026-06-16 10:59:59,15981432.9037000,13639,102040.65,7903413.4772000,0
2026-06-16 11:00:00,77.35000,77.54000,77.14000,77.36000,182107.50,2026-06-16 11:59:59,14081511.8902000,12282,93351.88,7219835.3266000,0
2026-06-16 12:00:00,77.37000,77.40000,76.05000,76.48000,717308.59,2026-06-16 12:59:59,54928463.6346000,33050,322124.57,24655814.2666000,0
2026-06-16 13:00:00,76.48000,77.25000,76.44000,76.95000,420678.69,2026-06-16 13:59:59,32331703.5313000,23258,239193.41,18384854.9729000,0
2026-06-16 14:00:00,76.95000,77.05000,76.18000,76.38000,448956.54,2026-06-16 14:59:59,34350263.4193000,21097,232350.67,17775891.0282000,0
2026-06-16 15:00:00,76.39000,76.57000,74.97000,75.27000,654996.68,2026-06-16 15:59:59,49642523.0933000,34492,301105.91,22827458.0924000,0
2026-06-16 16:00:00,75.27000,75.46000,74.77000,75.07000,393366.75,2026-06-16 16:59:59,29550444.8542000,24948,202157.92,15191502.1638000,0
2026-06-16 17:00:00,75.07000,75.39000,74.88000,75.15000,165122.50,2026-06-16 17:59:59,12410605.6610000,14724,94600.11,7111659.0763000,0
2026-06-16 18:00:00,75.16000,75.78000,75.00000,75.71000,140797.41,2026-06-16 18:59:59,10616426.7843000,20557,75567.72,5699795.3671000,0
2026-06-16 19:00:00,75.71000,76.43000,75.71000,76.14000,496921.50,2026-06-16 19:59:59,37819000.8467000,15028,260751.43,19858223.4447000,0
2026-06-16 20:00:00,76.15000,76.19000,75.77000,75.90000,124141.29,2026-06-16 20:59:59,9426784.3557000,9788,52032.12,3950652.3222000,0
2026-06-16 21:00:00,75.89000,75.97000,75.61000,75.83000,70291.95,2026-06-16 21:59:59,5328771.5195000,8924,38333.53,2906605.5493000,0
2026-06-16 22:00:00,75.83000,76.11000,75.56000,76.00000,90021.50,2026-06-16 22:59:59,6830306.0206000,11081,48172.60,3654793.4909000,0
2026-06-16 23:00:00,76.00000,76.04000,75.79000,75.91000,39543.47,2026-06-16 23:59:59,3001808.5066000,5621,18999.87,1442099.7915000,0
2026-06-17 00:00:00,75.91000,75.97000,75.68000,75.92000,59336.67,2026-06-17 00:59:59,4501001.9740000,6811,27649.41,2097528.8158000,0
2026-06-17 01:00:00,75.92000,75.95000,75.41000,75.49000,119792.37,2026-06-17 01:59:59,9061139.0989000,11264,64452.52,4874677.6371000,0
2026-06-17 02:00:00,75.49000,75.56000,75.29000,75.40000,146821.17,2026-06-17 02:59:59,11067943.4444000,6867,78010.56,5881374.3477000,0
2026-06-17 03:00:00,75.41000,75.41000,74.77000,74.87000,142864.53,2026-06-17 03:59:59,10725045.0469000,9060,59979.96,4502590.8978000,0
2026-06-17 04:00:00,74.87000,75.24000,74.83000,74.97000,104299.72,2026-06-17 04:59:59,7827028.6310000,7723,53124.18,3987401.0733000,0
2026-06-17 05:00:00,74.96000,76.04000,74.30000,75.51000,819701.45,2026-06-17 05:59:59,61473002.9633000,22458,445331.17,33429539.5469000,0
2026-06-17 06:00:00,75.51000,75.65000,74.54000,74.86000,479191.81,2026-06-17 06:59:59,35987177.2620000,21493,254305.94,19102762.1373000,0
2026-06-17 07:00:00,74.85000,75.15000,74.12000,75.06000,642816.88,2026-06-17 07:59:59,48032673.2417000,27629,344200.86,25731606.5384000,0
2026-06-17 08:00:00,75.06000,75.81000,74.87000,75.41000,461680.74,2026-06-17 08:59:59,34833485.9799000,29738,243650.62,18385507.9887000,0
2026-06-17 09:00:00,75.41000,75.66000,74.86000,75.36000,293639.11,2026-06-17 09:59:59,22097478.4346000,21312,146515.17,11029015.3116000,0
2026-06-17 10:00:00,75.36000,75.88000,75.15000,75.77000,314008.11,2026-06-17 10:59:59,23730026.3354000,21152,170739.50,12904284.1863000,0
2026-06-17 11:00:00,75.76000,76.32000,75.62000,76.06000,351808.89,2026-06-17 11:59:59,26717924.4089000,20330,217139.14,16492446.6994000,0
2026-06-17 12:00:00,76.06000,76.14000,75.69000,75.88000,157550.94,2026-06-17 12:59:59,11961023.8393000,15331,82283.56,6247093.8116000,0
2026-06-17 13:00:00,75.88000,76.53000,75.81000,76.37000,224354.24,2026-06-17 13:59:59,17101556.9646000,22026,126208.08,9621667.9266000,0
2026-06-17 14:00:00,76.38000,79.02000,76.15000,77.04000,2228920.45,2026-06-17 14:59:59,172803814.5199000,90892,1114538.88,86411686.2898000,0
2026-06-17 15:00:00,77.03000,77.23000,75.76000,75.86000,703235.41,2026-06-17 15:59:59,53725880.8390000,42398,327772.15,25044163.8928000,0
2026-06-17 16:00:00,75.87000,76.26000,75.59000,75.65000,329439.87,2026-06-17 16:59:59,25016081.2809000,19207,138407.05,10514459.0186000,0
2026-06-17 17:00:00,75.66000,76.33000,75.40000,75.66000,270897.27,2026-06-17 17:59:59,20526233.9106000,19440,140575.71,10654087.4359000,0
2026-06-17 18:00:00,75.66000,76.28000,75.55000,75.76000,402109.64,2026-06-17 18:59:59,30515460.0393000,27031,212142.65,16099303.6086000,0
2026-06-17 19:00:00,75.77000,75.89000,75.26000,75.35000,328309.89,2026-06-17 19:59:59,24793127.1165000,16034,160802.66,12139327.1858000,0
2026-06-17 20:00:00,75.34000,75.41000,74.87000,75.02000,211265.16,2026-06-17 20:59:59,15859133.9869000,10035,92545.29,6947888.1355000,0
2026-06-17 21:00:00,75.02000,75.33000,74.90000,75.08000,104305.30,2026-06-17 21:59:59,7836048.1291000,9440,66382.20,4987553.8484000,0
2026-06-17 22:00:00,75.07000,75.76000,74.93000,75.39000,237522.46,2026-06-17 22:59:59,17917091.0835000,17750,105290.68,7940851.5526000,0
2026-06-17 23:00:00,75.39000,75.46000,75.17000,75.36000,60189.43,2026-06-17 23:59:59,4532734.1325000,6006,33838.18,2548237.8141000,0
2026-06-18 00:00:00,75.35000,75.39000,75.00000,75.35000,177212.64,2026-06-18 00:59:59,13323882.3442000,12931,90106.32,6774841.6883000,0
2026-06-18 01:00:00,75.34000,75.47000,74.65000,74.84000,223266.66,2026-06-18 01:59:59,16730905.4155000,16221,90327.62,6769253.6411000,0
2026-06-18 02:00:00,74.85000,75.07000,74.59000,74.86000,127299.06,2026-06-18 02:59:59,9522370.5094000,11094,59948.06,4486375.4638000,0
2026-06-18 03:00:00,74.85000,74.88000,74.55000,74.57000,65467.10,2026-06-18 03:59:59,4889086.8277000,7193,33964.15,2536913.9148000,0
2026-06-18 04:00:00,74.57000,74.62000,74.07000,74.18000,247713.00,2026-06-18 04:59:59,18400988.4468000,10487,99256.10,7379094.6073000,0
2026-06-18 05:00:00,74.17000,74.30000,73.77000,74.08000,335788.26,2026-06-18 05:59:59,24865641.3392000,16891,170345.20,12619303.5861000,0
2026-06-18 06:00:00,74.09000,74.37000,73.46000,74.24000,357370.97,2026-06-18 06:59:59,26401532.4831000,24369,172729.44,12766534.5707000,0
2026-06-18 07:00:00,74.24000,74.75000,74.02000,74.39000,285889.58,2026-06-18 07:59:59,21267791.7360000,20544,140975.01,10488717.8218000,0
2026-06-18 08:00:00,74.38000,74.55000,73.87000,74.04000,210211.93,2026-06-18 08:59:59,15601446.4736000,20985,106359.92,7894546.9340000,0
2026-06-18 09:00:00,74.03000,74.33000,73.75000,73.80000,265821.53,2026-06-18 09:59:59,19673252.5014000,18606,132459.27,9805715.4922000,0
2026-06-18 10:00:00,73.81000,75.08000,73.78000,74.64000,327397.72,2026-06-18 10:59:59,24402507.1859000,22508,177104.06,13198290.0202000,0
2026-06-18 11:00:00,74.64000,74.98000,74.41000,74.78000,230860.43,2026-06-18 11:59:59,17245888.3607000,17036,121786.47,9099159.5960000,0
2026-06-18 12:00:00,74.78000,74.85000,74.34000,74.51000,228412.99,2026-06-18 12:59:59,17021696.7166000,18704,120444.39,8976287.8393000,0
2026-06-18 13:00:00,74.51000,74.63000,73.10000,73.26000,704118.87,2026-06-18 13:59:59,52008564.4481000,47499,339332.16,25069020.6889000,0
2026-06-18 14:00:00,73.26000,73.60000,72.97000,73.36000,325080.00,2026-06-18 14:59:59,23813636.8120000,26860,164526.72,12053989.3585000,0
2026-06-18 15:00:00,73.35000,74.01000,72.88000,73.95000,349921.47,2026-06-18 15:59:59,25725959.1303000,26185,167584.53,12319647.8114000,0
2026-06-18 16:00:00,73.95000,74.49000,73.67000,74.34000,281510.69,2026-06-18 16:59:59,20869273.8337000,19934,141774.26,10511687.3848000,0
2026-06-18 17:00:00,74.33000,74.70000,74.10000,74.59000,167642.63,2026-06-18 17:59:59,12479426.4202000,17162,77569.09,5774708.1990000,0
2026-06-18 18:00:00,74.60000,76.05000,74.60000,75.64000,692581.42,2026-06-18 18:59:59,52336465.9098000,36129,436823.56,33008839.7479000,0
2026-06-18 19:00:00,75.64000,75.82000,75.43000,75.72000,235159.07,2026-06-18 19:59:59,17786255.8338000,15197,123453.35,9337679.6901000,0
2026-06-18 20:00:00,75.71000,75.88000,75.29000,75.49000,169215.05,2026-06-18 20:59:59,12780673.3870000,10057,90910.20,6867306.9641000,0
2026-06-18 21:00:00,75.49000,75.49000,75.08000,75.32000,84156.66,2026-06-18 21:59:59,6335874.6416000,8253,45549.85,3430295.2862000,0
2026-06-18 22:00:00,75.32000,75.67000,75.26000,75.38000,134242.26,2026-06-18 22:59:59,10129505.8129000,9762,87266.94,6585093.9784000,0
2026-06-18 23:00:00,75.38000,75.43000,75.11000,75.40000,67036.96,2026-06-18 23:59:59,5046962.6237000,6358,33410.18,2515710.0709000,0
2026-06-19 00:00:00,75.40000,75.41000,74.97000,75.07000,194175.86,2026-06-19 00:59:59,14590731.7718000,12010,93067.03,6994233.1345000,0
2026-06-19 01:00:00,75.06000,75.74000,74.98000,75.69000,251386.84,2026-06-19 01:59:59,18955152.9490000,15176,134670.83,10154717.5631000,0
2026-06-19 02:00:00,75.69000,75.87000,75.52000,75.63000,130887.83,2026-06-19 02:59:59,9909013.1929000,9464,65602.06,4966673.1036000,0
2026-06-19 03:00:00,75.63000,75.78000,75.21000,75.28000,140112.59,2026-06-19 03:59:59,10574286.9330000,10449,66277.57,5001895.6943000,0
2026-06-19 04:00:00,75.28000,75.97000,75.22000,75.69000,220152.67,2026-06-19 04:59:59,16656611.9806000,12501,123121.30,9313650.6893000,0
2026-06-19 05:00:00,75.69000,76.51000,75.67000,76.22000,377783.65,2026-06-19 05:59:59,28764118.5220000,19293,231587.94,17633127.0007000,0
2026-06-19 06:00:00,76.23000,76.78000,76.08000,76.19000,270709.02,2026-06-19 06:59:59,20703549.5668000,19418,128560.71,9832790.3377000,0
2026-06-19 07:00:00,76.19000,76.62000,75.96000,76.28000,182526.58,2026-06-19 07:59:59,13916696.6936000,16087,90479.01,6898865.5392000,0
2026-06-19 08:00:00,76.29000,76.53000,75.52000,75.86000,408044.41,2026-06-19 08:59:59,30983883.9530000,27804,200787.41,15249209.0406000,0
2026-06-19 09:00:00,75.86000,75.91000,75.39000,75.63000,233083.56,2026-06-19 09:59:59,17639378.1085000,17480,102084.73,7726682.5001000,0
2026-06-19 10:00:00,75.64000,76.27000,75.62000,75.89000,417465.12,2026-06-19 10:59:59,31701135.3218000,22006,246695.62,18735122.3168000,0
2026-06-19 11:00:00,75.89000,76.52000,75.76000,76.04000,311367.16,2026-06-19 11:59:59,23684126.2318000,18460,163075.97,12405466.5041000,0
2026-06-19 12:00:00,76.04000,76.76000,75.22000,75.30000,725168.02,2026-06-19 12:59:59,55157656.8293000,37402,329220.20,25070142.1733000,0
2026-06-19 13:00:00,75.30000,76.03000,75.06000,76.00000,753394.01,2026-06-19 13:59:59,56888075.8698000,33747,318730.11,24082263.1730000,0
2026-06-19 14:00:00,76.00000,76.25000,75.90000,76.20000,255531.95,2026-06-19 14:59:59,19446645.2791000,17158,137151.66,10437162.9182000,0
2026-06-19 15:00:00,76.20000,76.69000,76.13000,76.53000,266228.53,2026-06-19 15:59:59,20346599.4712000,19358,144496.50,11044452.7284000,0
2026-06-19 16:00:00,76.53000,76.82000,76.45000,76.55000,156937.51,2026-06-19 16:59:59,12029743.2348000,12315,73959.23,5669541.2122000,0
2026-06-19 17:00:00,76.54000,76.59000,76.11000,76.41000,109043.51,2026-06-19 17:59:59,8322607.3330000,9936,55148.17,4208784.7116000,0
2026-06-19 18:00:00,76.41000,76.51000,76.31000,76.39000,42521.71,2026-06-19 18:59:59,3249487.9516000,4736,17834.30,1362960.6191000,0
2026-06-19 19:00:00,76.39000,76.51000,76.19000,76.21000,39382.82,2026-06-19 19:59:59,3007426.7216000,4193,18550.77,1416450.7897000,0
2026-06-19 20:00:00,76.21000,76.58000,76.15000,76.49000,57811.35,2026-06-19 20:59:59,4412247.0613000,5612,31904.36,2435234.9138000,0
2026-06-19 21:00:00,76.50000,77.96000,76.44000,77.81000,220230.20,2026-06-19 21:59:59,16994956.2908000,20418,104437.68,8063929.8231000,0
2026-06-19 22:00:00,77.82000,77.86000,76.99000,77.12000,157581.29,2026-06-19 22:59:59,12183330.4036000,19599,65530.66,5064763.0648000,0
2026-06-19 23:00:00,77.12000,77.25000,76.61000,76.94000,110303.17,2026-06-19 23:59:59,8485936.4287000,12494,54635.47,4204060.0994000,0
2026-06-20 00:00:00,76.93000,77.26000,76.43000,76.67000,106421.74,2026-06-20 00:59:59,8177265.5602000,13631,53583.65,4116519.9173000,0
2026-06-20 01:00:00,76.66000,76.85000,76.42000,76.81000,46311.19,2026-06-20 01:59:59,3547320.1092000,7219,23276.19,1783113.9161000,0
2026-06-20 02:00:00,76.81000,77.22000,76.75000,76.98000,69047.56,2026-06-20 02:59:59,5316638.0069000,10625,31553.11,2429257.8781000,0
2026-06-20 03:00:00,76.98000,77.18000,76.91000,77.03000,47235.23,2026-06-20 03:59:59,3639353.2766000,6981,22497.64,1733453.2056000,0
2026-06-20 04:00:00,77.03000,77.04000,76.74000,76.83000,45994.98,2026-06-20 04:59:59,3535288.5615000,6603,23319.70,1792212.6685000,0
2026-06-20 05:00:00,76.83000,77.41000,76.77000,77.34000,145577.43,2026-06-20 05:59:59,11231227.3367000,12791,83472.83,6439370.9704000,0
2026-06-20 06:00:00,77.34000,77.54000,77.24000,77.45000,112852.97,2026-06-20 06:59:59,8733048.1547000,12146,56398.06,4364629.7628000,0
2026-06-20 07:00:00,77.46000,77.62000,77.23000,77.36000,121987.91,2026-06-20 07:59:59,9445576.6251000,11103,63197.36,4894130.5197000,0
2026-06-20 08:00:00,77.37000,77.45000,77.25000,77.33000,40875.19,2026-06-20 08:59:59,3161333.2351000,5882,23114.22,1787599.8422000,0
2026-06-20 09:00:00,77.34000,77.87000,77.15000,77.41000,94206.68,2026-06-20 09:59:59,7296067.1059000,8176,57104.68,4425118.4580000,0
2026-06-20 10:00:00,77.40000,77.51000,77.23000,77.33000,36964.64,2026-06-20 10:59:59,2861414.2566000,4223,13414.31,1038327.4296000,0
2026-06-20 11:00:00,77.34000,77.34000,76.83000,77.01000,125040.10,2026-06-20 11:59:59,9632558.0408000,11216,57461.59,4426406.8809000,0
2026-06-20 12:00:00,77.01000,77.11000,76.87000,76.88000,42320.98,2026-06-20 12:59:59,3258793.3929000,4455,13689.08,1054232.1661000,0
2026-06-20 13:00:00,76.89000,78.85000,76.87000,78.19000,738273.15,2026-06-20 13:59:59,57651917.9922000,88018,374337.78,29224408.2573000,0
2026-06-20 14:00:00,78.19000,78.77000,77.02000,77.29000,509186.24,2026-06-20 14:59:59,39729599.3027000,68412,240004.33,18737664.5063000,0
2026-06-20 15:00:00,77.28000,78.06000,77.13000,77.62000,185339.06,2026-06-20 15:59:59,14396902.6452000,24648,99000.08,7689608.4525000,0
2026-06-20 16:00:00,77.62000,77.91000,77.50000,77.88000,101654.56,2026-06-20 16:59:59,7902806.7055000,13643,57509.69,4471033.5126000,0
2026-06-20 17:00:00,77.87000,77.98000,77.66000,77.73000,71153.56,2026-06-20 17:59:59,5537442.0048000,8392,34131.54,2656316.5810000,0
2026-06-20 18:00:00,77.72000,77.98000,77.68000,77.73000,50142.59,2026-06-20 18:59:59,3901928.7815000,6810,21529.94,1675298.2372000,0
2026-06-20 19:00:00,77.73000,77.88000,77.32000,77.50000,89098.71,2026-06-20 19:59:59,6911962.2103000,11610,36258.72,2813638.0910000,0
2026-06-20 20:00:00,77.50000,77.55000,77.33000,77.50000,48717.21,2026-06-20 20:59:59,3772990.1977000,6758,21036.01,1629071.3410000,0
2026-06-20 21:00:00,77.50000,78.06000,77.48000,77.82000,52683.01,2026-06-20 21:59:59,4099738.3369000,8913,36937.25,2874460.8764000,0
2026-06-20 22:00:00,77.81000,77.92000,77.67000,77.78000,36037.39,2026-06-20 22:59:59,2803249.1474000,6183,14040.57,1092324.2059000,0
2026-06-20 23:00:00,77.78000,77.91000,77.67000,77.70000,20606.65,2026-06-20 23:59:59,1603128.6857000,4296,8341.51,648928.0519000,0
2026-06-21 00:00:00,77.70000,78.04000,77.67000,78.04000,29346.40,2026-06-21 00:59:59,2285559.3432000,4500,19173.49,1493222.6925000,0
2026-06-21 01:00:00,78.05000,78.07000,77.76000,77.83000,41766.47,2026-06-21 01:59:59,3253571.2287000,5498,17096.09,1331629.4073000,0
2026-06-21 02:00:00,77.83000,77.90000,77.71000,77.76000,22796.22,2026-06-21 02:59:59,1773582.4312000,3229,10033.16,780659.4764000,0
2026-06-21 03:00:00,77.76000,77.86000,77.74000,77.85000,14299.12,2026-06-21 03:59:59,1112575.2780000,2407,6701.13,521399.4569000,0
2026-06-21 04:00:00,77.85000,78.02000,77.84000,77.93000,24334.92,2026-06-21 04:59:59,1896887.9816000,3379,11335.74,883547.5959000,0
2026-06-21 05:00:00,77.93000,78.04000,77.83000,77.89000,33284.07,2026-06-21 05:59:59,2593453.7095000,3418,17537.37,1366468.1645000,0
2026-06-21 06:00:00,77.89000,77.93000,77.67000,77.75000,69406.17,2026-06-21 06:59:59,5400753.9917000,6310,37806.36,2941213.8372000,0
2026-06-21 07:00:00,77.75000,77.76000,77.38000,77.52000,87839.69,2026-06-21 07:59:59,6811849.2912000,7979,38090.34,2953427.0421000,0
2026-06-21 08:00:00,77.52000,77.74000,77.42000,77.71000,56533.84,2026-06-21 08:59:59,4385191.6463000,5673,35731.17,2771828.0143000,0
2026-06-21 09:00:00,77.71000,77.78000,77.56000,77.62000,36209.56,2026-06-21 09:59:59,2812581.4776000,3614,14700.44,1141916.3401000,0
2026-06-21 10:00:00,77.63000,77.72000,77.44000,77.56000,34738.22,2026-06-21 10:59:59,2694968.9399000,3976,14367.98,1114928.2736000,0
2026-06-21 11:00:00,77.56000,79.77000,77.15000,78.88000,409277.30,2026-06-21 11:59:59,32134119.2280000,42223,259972.77,20414745.5598000,0
2026-06-21 12:00:00,78.88000,78.92000,77.63000,77.91000,222617.79,2026-06-21 12:59:59,17440638.6078000,34103,96087.56,7530774.7208000,0
2026-06-21 13:00:00,77.90000,78.34000,77.25000,77.92000,262533.66,2026-06-21 13:59:59,20405973.6954000,34086,134995.85,10492003.3712000,0
2026-06-21 14:00:00,77.92000,78.24000,77.80000,78.14000,91025.64,2026-06-21 14:59:59,7105667.7859000,12478,53882.71,4206021.8006000,0
2026-06-21 15:00:00,78.14000,78.23000,78.04000,78.15000,56748.01,2026-06-21 15:59:59,4433871.2765000,7806,28233.88,2205980.9503000,0
2026-06-21 16:00:00,78.16000,78.76000,77.85000,78.73000,174972.30,2026-06-21 16:59:59,13713937.1942000,19874,95871.48,7515147.9404000,0
2026-06-21 17:00:00,78.74000,78.79000,78.30000,78.64000,97812.06,2026-06-21 17:59:59,7683820.9099000,13633,48223.20,3787352.7890000,0
2026-06-21 18:00:00,78.64000,79.28000,78.64000,79.26000,93020.56,2026-06-21 18:59:59,7344484.6892000,12142,50627.88,3998494.0803000,0
2026-06-21 19:00:00,79.26000,79.38000,78.76000,78.83000,63658.86,2026-06-21 19:59:59,5030914.9139000,12423,27783.89,2195922.7917000,0
2026-06-21 20:00:00,78.84000,78.98000,78.22000,78.34000,67080.66,2026-06-21 20:59:59,5277309.6097000,12186,28303.97,2227069.4921000,0
2026-06-21 21:00:00,78.34000,79.98000,78.11000,79.66000,342229.79,2026-06-21 21:59:59,27117194.9747000,40516,169550.85,13437387.3555000,0
2026-06-21 22:00:00,79.66000,79.73000,77.32000,77.57000,1571645.94,2026-06-21 22:59:59,122421920.6131000,92088,852582.97,66376280.6665000,0
2026-06-21 23:00:00,77.58000,77.93000,77.54000,77.73000,223092.85,2026-06-21 23:59:59,17344910.1198000,19793,136588.03,10618426.0260000,0
2026-06-22 00:00:00,77.74000,77.89000,76.95000,77.05000,237716.38,2026-06-22 00:59:59,18411185.0854000,22209,105832.00,8200531.5725000,0
2026-06-22 01:00:00,77.05000,77.06000,75.50000,75.82000,693401.53,2026-06-22 01:59:59,52746837.9797000,47249,330954.36,25172828.4584000,0
2026-06-22 02:00:00,75.81000,75.82000,74.98000,75.41000,334854.94,2026-06-22 02:59:59,25229750.6381000,20705,134645.95,10144978.3378000,0
2026-06-22 03:00:00,75.40000,75.93000,75.37000,75.70000,170808.07,2026-06-22 03:59:59,12933656.0584000,12279,89263.62,6758945.0420000,0
2026-06-22 04:00:00,75.70000,75.77000,75.41000,75.43000,141852.85,2026-06-22 04:59:59,10721233.4355000,8820,70673.98,5341618.5956000,0
2026-06-22 05:00:00,75.43000,75.46000,75.05000,75.35000,158287.85,2026-06-22 05:59:59,11916822.0544000,11713,82274.37,6194850.3225000,0
2026-06-22 06:00:00,75.35000,75.50000,74.91000,75.34000,214646.75,2026-06-22 06:59:59,16151131.8947000,15428,102200.24,7690134.0118000,0
2026-06-22 07:00:00,75.33000,76.03000,75.25000,75.64000,162982.90,2026-06-22 07:59:59,12321645.0604000,17181,89565.19,6771611.7815000,0
2026-06-22 08:00:00,75.63000,76.20000,75.15000,75.28000,289023.71,2026-06-22 08:59:59,21870939.2230000,25290,159976.28,12110685.2346000,0
2026-06-22 09:00:00,75.28000,75.50000,75.15000,75.37000,148619.81,2026-06-22 09:59:59,11192650.9294000,13557,78865.65,5939347.3975000,0
2026-06-22 10:00:00,75.37000,75.49000,75.22000,75.36000,103239.34,2026-06-22 10:59:59,7778311.2682000,9817,46323.45,3490089.3288000,0
2026-06-22 11:00:00,75.36000,75.49000,74.64000,75.04000,377291.73,2026-06-22 11:59:59,28319836.5642000,24096,170438.67,12799247.5552000,0
2026-06-22 12:00:00,75.03000,75.13000,74.50000,74.57000,388508.59,2026-06-22 12:59:59,29026674.1769000,20419,171377.94,12808682.7877000,0
2026-06-22 13:00:00,74.58000,75.12000,73.53000,73.82000,975301.99,2026-06-22 13:59:59,72323463.9839000,45650,433228.60,32143675.6576000,0
2026-06-22 14:00:00,73.83000,74.37000,73.58000,74.05000,358335.99,2026-06-22 14:59:59,26500888.3547000,30052,177257.19,13110244.4512000,0
2026-06-22 15:00:00,74.06000,74.08000,73.33000,73.49000,506017.57,2026-06-22 15:59:59,37215800.0233000,29387,253461.16,18642002.6256000,0
2026-06-22 16:00:00,73.49000,73.92000,73.44000,73.63000,255768.50,2026-06-22 16:59:59,18855011.6228000,16486,131555.33,9698697.9012000,0
2026-06-22 17:00:00,73.63000,73.79000,73.31000,73.35000,290136.23,2026-06-22 17:59:59,21336479.4118000,15972,97454.99,7168584.3607000,0
2026-06-22 18:00:00,73.35000,74.07000,73.35000,74.03000,212919.89,2026-06-22 18:59:59,15703212.8179000,14511,96004.33,7080093.1757000,0
2026-06-22 19:00:00,74.03000,74.36000,74.02000,74.31000,97361.28,2026-06-22 19:59:59,7226254.9805000,6661,50385.68,3739992.8449000,0
2026-06-22 20:00:00,74.31000,74.32000,73.99000,74.08000,118094.28,2026-06-22 20:59:59,8752574.4141000,5971,42412.94,3142866.2084000,0
2026-06-22 21:00:00,74.07000,74.31000,73.95000,74.14000,46329.29,2026-06-22 21:59:59,3435540.0707000,5091,23534.68,1745456.3719000,0
2026-06-22 22:00:00,74.14000,74.47000,74.06000,74.34000,83522.30,2026-06-22 22:59:59,6202979.9324000,6720,44862.28,3332470.1075000,0
2026-06-22 23:00:00,74.34000,74.35000,74.11000,74.18000,35617.92,2026-06-22 23:59:59,2642600.6394000,3659,16022.72,1188671.0393000,0
2026-06-23 00:00:00,74.19000,74.29000,74.02000,74.22000,72273.61,2026-06-23 00:59:59,5359300.0587000,7235,34187.25,2535462.9551000,0
2026-06-23 01:00:00,74.22000,74.28000,73.82000,73.95000,112432.76,2026-06-23 01:59:59,8326851.4786000,10093,47270.97,3500749.5341000,0
2026-06-23 02:00:00,73.94000,74.33000,73.78000,73.93000,94568.27,2026-06-23 02:59:59,7007668.5445000,8006,45070.62,3340891.6888000,0
2026-06-23 03:00:00,73.93000,73.96000,73.63000,73.71000,147665.23,2026-06-23 03:59:59,10895052.1449000,10105,58975.93,4351792.7394000,0
2026-06-23 04:00:00,73.71000,73.86000,73.66000,73.82000,51974.94,2026-06-23 04:59:59,3833180.5177000,4668,30532.80,2251772.5872000,0
2026-06-23 05:00:00,73.82000,73.86000,73.13000,73.19000,379710.34,2026-06-23 05:59:59,27880039.7118000,11892,161431.71,11851718.0717000,0
2026-06-23 06:00:00,73.19000,73.27000,72.58000,72.96000,577441.93,2026-06-23 06:59:59,42119707.9117000,36906,266750.29,19457338.6460000,0
2026-06-23 07:00:00,72.97000,73.27000,72.57000,73.23000,275320.74,2026-06-23 07:59:59,20066556.9923000,18620,132414.83,9653653.9080000,0
2026-06-23 08:00:00,73.23000,73.87000,73.23000,73.47000,220511.43,2026-06-23 08:59:59,16234045.4468000,18135,101351.27,7463079.3921000,0
2026-06-23 09:00:00,73.47000,73.71000,73.19000,73.55000,146162.52,2026-06-23 09:59:59,10737635.1071000,12953,74523.60,5475568.8488000,0
2026-06-23 10:00:00,73.56000,74.00000,73.42000,73.96000,138764.87,2026-06-23 10:59:59,10235373.0132000,13032,79986.77,5899424.8852000,0
2026-06-23 11:00:00,73.95000,74.12000,73.64000,73.90000,250618.78,2026-06-23 11:59:59,18519375.6666000,16342,129381.06,9562871.3046000,0
2026-06-23 12:00:00,73.90000,73.93000,73.27000,73.66000,204689.06,2026-06-23 12:59:59,15054103.8777000,15301,99895.57,7346074.6885000,0
2026-06-23 13:00:00,73.67000,73.79000,72.92000,73.03000,278690.08,2026-06-23 13:59:59,20425939.0548000,21881,117990.53,8648673.4214000,0
2026-06-23 14:00:00,73.03000,73.43000,72.62000,73.23000,418091.55,2026-06-23 14:59:59,30486729.2336000,24294,187732.29,13689669.6500000,0
2026-06-23 15:00:00,73.22000,73.53000,72.80000,73.08000,152272.79,2026-06-23 15:59:59,11141605.6716000,17020,74350.24,5439899.3492000,0
2026-06-23 16:00:00,73.08000,73.34000,72.90000,73.04000,122755.37,2026-06-23 16:59:59,8976126.1466000,9212,79444.81,5809298.5567000,0
2026-06-23 17:00:00,73.04000,73.36000,73.04000,73.11000,97130.98,2026-06-23 17:59:59,7112809.7496000,10000,42576.98,3117871.2978000,0
2026-06-23 18:00:00,73.11000,73.47000,73.10000,73.40000,87717.78,2026-06-23 18:59:59,6429832.4882000,10697,48551.15,3558586.1764000,0
2026-06-23 19:00:00,73.39000,73.46000,73.28000,73.35000,40963.35,2026-06-23 19:59:59,3005547.8993000,4304,14995.74,1100362.0166000,0
2026-06-23 20:00:00,73.35000,73.55000,73.08000,73.09000,45612.39,2026-06-23 20:59:59,3344845.5141000,5127,21200.69,1554421.3771000,0
2026-06-23 21:00:00,73.08000,73.26000,73.08000,73.25000,23743.04,2026-06-23 21:59:59,1737946.6124000,2764,14309.67,1047500.5386000,0
2026-06-23 22:00:00,73.24000,73.24000,72.96000,73.02000,30176.07,2026-06-23 22:59:59,2206216.4434000,3383,15335.81,1121192.3523000,0
2026-06-23 23:00:00,73.02000,73.05000,72.72000,72.77000,58459.47,2026-06-23 23:59:59,4259260.1565000,3904,22412.09,1632805.4787000,0
2026-06-24 00:00:00,72.78000,73.03000,72.76000,72.89000,61435.15,2026-06-24 00:59:59,4478261.3549000,5224,36974.15,2695135.4678000,0
2026-06-24 01:00:00,72.88000,73.11000,72.42000,72.74000,322838.01,2026-06-24 01:59:59,23475466.4449000,17031,124680.51,9067033.4365000,0
2026-06-24 02:00:00,72.74000,72.97000,72.23000,72.26000,198248.36,2026-06-24 02:59:59,14383198.2200000,10448,96915.31,7033064.2799000,0
2026-06-24 03:00:00,72.26000,72.53000,72.13000,72.47000,150608.66,2026-06-24 03:59:59,10893508.4075000,6072,61169.47,4424249.2572000,0
2026-06-24 04:00:00,72.47000,72.80000,72.46000,72.71000,58823.40,2026-06-24 04:59:59,4274447.7182000,4852,29465.96,2140947.0837000,0
2026-06-24 05:00:00,72.72000,72.82000,72.47000,72.54000,84112.89,2026-06-24 05:59:59,6109800.1221000,6548,37409.62,2717795.5186000,0
2026-06-24 06:00:00,72.54000,73.19000,72.53000,72.68000,167824.46,2026-06-24 06:59:59,12226303.0399000,14358,92899.73,6767428.2679000,0
2026-06-24 07:00:00,72.67000,72.69000,72.03000,72.05000,274712.93,2026-06-24 07:59:59,19847620.9428000,15422,133130.20,9618472.4409000,0
2026-06-24 08:00:00,72.04000,72.18000,71.75000,72.13000,365522.02,2026-06-24 08:59:59,26305919.4698000,19833,173927.42,12518517.3380000,0
2026-06-24 09:00:00,72.13000,72.19000,71.62000,72.04000,243144.08,2026-06-24 09:59:59,17473806.6467000,15374,119722.60,8604740.6898000,0
2026-06-24 10:00:00,72.05000,72.33000,71.78000,71.91000,164139.67,2026-06-24 10:59:59,11822225.6106000,12308,86537.25,6232240.1339000,0
2026-06-24 11:00:00,71.91000,71.96000,70.96000,71.02000,498317.28,2026-06-24 11:59:59,35583634.5524000,22856,223462.86,15958821.3119000,0
2026-06-24 12:00:00,71.02000,71.25000,70.93000,71.07000,287880.55,2026-06-24 12:59:59,20471899.9420000,18062,137630.82,9787814.3748000,0
2026-06-24 13:00:00,71.06000,71.08000,69.78000,69.87000,776304.60,2026-06-24 13:59:59,54591661.6776000,38250,345762.58,24307206.4660000,0
2026-06-24 14:00:00,69.87000,70.41000,69.74000,69.94000,394356.30,2026-06-24 14:59:59,27619895.1070000,24539,218174.94,15280771.7996000,0
2026-06-24 15:00:00,69.94000,70.60000,69.76000,70.52000,293415.93,2026-06-24 15:59:59,20593229.5948000,18992,169624.44,11903204.1761000,0
2026-06-24 16:00:00,70.52000,70.98000,70.34000,70.58000,279286.05,2026-06-24 16:59:59,19738276.8452000,14099,113115.58,7993297.4891000,0
2026-06-24 17:00:00,70.58000,70.68000,70.16000,70.54000,386489.79,2026-06-24 17:59:59,27213314.3926000,13212,169382.87,11930067.6628000,0
2026-06-24 18:00:00,70.53000,70.57000,69.97000,69.99000,221361.98,2026-06-24 18:59:59,15559302.0537000,14501,103466.74,7274282.5906000,0
2026-06-24 19:00:00,70.00000,70.17000,69.94000,70.09000,87150.50,2026-06-24 19:59:59,6104614.5627000,6588,37600.13,2633958.0421000,0
2026-06-24 20:00:00,70.08000,70.08000,69.81000,69.95000,84617.53,2026-06-24 20:59:59,5917423.2843000,5769,40803.85,2853298.1265000,0
2026-06-24 21:00:00,69.95000,70.16000,69.95000,70.06000,48102.33,2026-06-24 21:59:59,3371014.6994000,3885,24688.32,1730218.8446000,0
2026-06-24 22:00:00,70.06000,70.09000,69.78000,69.94000,100382.76,2026-06-24 22:59:59,7017032.5558000,6019,45327.83,3168494.1087000,0
2026-06-24 23:00:00,69.94000,70.07000,69.92000,70.06000,36589.86,2026-06-24 23:59:59,2561505.9851000,3309,20327.06,1423135.8214000,0
2026-06-25 00:00:00,70.06000,70.26000,69.97000,70.03000,94761.36,2026-06-25 00:59:59,6644131.6825000,6753,41328.17,2898145.7332000,0
2026-06-25 01:00:00,70.03000,70.10000,69.20000,69.41000,343318.43,2026-06-25 01:59:59,23876180.0203000,21868,171836.64,11947530.4623000,0
2026-06-25 02:00:00,69.41000,69.55000,69.14000,69.41000,192095.99,2026-06-25 02:59:59,13319259.2726000,10299,100431.24,6963180.6881000,0
2026-06-25 03:00:00,69.42000,69.46000,69.11000,69.39000,155388.00,2026-06-25 03:59:59,10764337.3554000,8638,77825.66,5392133.4167000,0
2026-06-25 04:00:00,69.40000,69.61000,69.34000,69.55000,86452.11,2026-06-25 04:59:59,6006470.3757000,4665,49593.55,3445725.3172000,0
2026-06-25 05:00:00,69.55000,69.65000,69.28000,69.44000,141977.43,2026-06-25 05:59:59,9862238.4727000,9143,66232.25,4600425.7348000,0
2026-06-25 06:00:00,69.44000,69.85000,69.31000,69.64000,186167.12,2026-06-25 06:59:59,12960004.8440000,12712,80188.23,5582313.0268000,0
2026-06-25 07:00:00,69.63000,70.10000,69.47000,70.02000,209068.64,2026-06-25 07:59:59,14602057.6589000,13282,104935.83,7329029.6397000,0
2026-06-25 08:00:00,70.02000,70.10000,69.14000,69.28000,271228.67,2026-06-25 08:59:59,18871479.2747000,19389,130348.56,9070242.1513000,0
2026-06-25 09:00:00,69.29000,69.70000,68.96000,69.63000,225911.88,2026-06-25 09:59:59,15674373.3269000,16818,105320.26,7309195.3948000,0
2026-06-25 10:00:00,69.62000,69.72000,69.44000,69.48000,111028.36,2026-06-25 10:59:59,7728057.5607000,8831,53366.08,3714761.3929000,0
2026-06-25 11:00:00,69.48000,70.02000,69.35000,69.87000,155849.50,2026-06-25 11:59:59,10865136.0599000,12795,79478.66,5541310.6280000,0
2026-06-25 12:00:00,69.86000,70.03000,69.40000,69.60000,219216.59,2026-06-25 12:59:59,15286320.9927000,14423,109063.62,7605093.4036000,0
2026-06-25 13:00:00,69.60000,70.51000,69.52000,70.50000,498961.06,2026-06-25 13:59:59,34947639.8928000,22586,250752.00,17564661.2886000,0
2026-06-25 14:00:00,70.49000,71.07000,70.42000,70.86000,454992.52,2026-06-25 14:59:59,32183079.4170000,24030,223995.31,15846808.8463000,0
2026-06-25 15:00:00,70.85000,71.82000,70.82000,71.50000,377484.49,2026-06-25 15:59:59,26983950.1766000,24222,175173.54,12520109.9429000,0
2026-06-25 16:00:00,71.51000,71.72000,71.50000,71.61000,146664.74,2026-06-25 16:59:59,10502761.6148000,11186,63823.40,4570293.6765000,0
2026-06-25 17:00:00,71.62000,71.85000,71.36000,71.83000,183894.28,2026-06-25 17:59:59,13177797.9582000,12522,97548.92,6992159.9753000,0
2026-06-25 18:00:00,71.84000,72.26000,71.78000,72.19000,279394.34,2026-06-25 18:59:59,20120041.7292000,16204,159917.33,11517716.0014000,0
2026-06-25 19:00:00,72.20000,72.55000,71.95000,72.09000,183208.52,2026-06-25 19:59:59,13227568.1897000,10637,89932.84,6492721.6791000,0
2026-06-25 20:00:00,72.09000,72.24000,71.32000,71.49000,259011.67,2026-06-25 20:59:59,18538315.7137000,9580,102115.45,7309313.5542000,0
2026-06-25 21:00:00,71.49000,71.58000,71.21000,71.52000,58404.44,2026-06-25 21:59:59,4167271.7958000,5431,30443.51,2172479.4503000,0
2026-06-25 22:00:00,71.52000,71.61000,71.33000,71.57000,95181.55,2026-06-25 22:59:59,6805279.8876000,6748,44819.01,3204539.7035000,0
2026-06-25 23:00:00,71.57000,71.62000,71.49000,71.58000,42509.82,2026-06-25 23:59:59,3041432.6946000,3584,24221.29,1732980.4083000,0
2026-06-26 00:00:00,71.57000,71.91000,71.47000,71.86000,140419.86,2026-06-26 00:59:59,10070436.5733000,9894,78228.07,5610868.7089000,0
2026-06-26 01:00:00,71.87000,71.90000,71.26000,71.29000,173561.68,2026-06-26 01:59:59,12419780.1862000,12320,76087.09,5445122.3138000,0
2026-06-26 02:00:00,71.30000,71.34000,70.84000,70.86000,214874.00,2026-06-26 02:59:59,15283885.2234000,10813,82873.55,5895425.6323000,0
2026-06-26 03:00:00,70.86000,70.87000,70.55000,70.66000,168942.17,2026-06-26 03:59:59,11946219.0256000,10053,78562.54,5554854.2993000,0
2026-06-26 04:00:00,70.66000,70.72000,70.45000,70.48000,73684.14,2026-06-26 04:59:59,5198382.5846000,5247,29174.32,2058730.8575000,0
2026-06-26 05:00:00,70.47000,71.03000,70.41000,70.96000,363340.55,2026-06-26 05:59:59,25694764.4427000,9750,133335.52,9433004.8478000,0
2026-06-26 06:00:00,70.96000,70.99000,70.39000,70.55000,282214.96,2026-06-26 06:59:59,19929265.4125000,11816,150392.24,10620224.0674000,0
2026-06-26 07:00:00,70.54000,70.59000,69.88000,69.93000,208624.22,2026-06-26 07:59:59,14661112.1519000,13379,101601.34,7141332.6509000,0
2026-06-26 08:00:00,69.93000,70.23000,69.08000,69.38000,431938.91,2026-06-26 08:59:59,30054607.1540000,23222,219566.15,15276989.0413000,0
2026-06-26 09:00:00,69.38000,69.58000,69.09000,69.15000,248029.88,2026-06-26 09:59:59,17217796.3924000,12987,113435.71,7875299.7491000,0
2026-06-26 10:00:00,69.15000,69.65000,69.05000,69.58000,190679.23,2026-06-26 10:59:59,13227425.5736000,12566,105572.15,7324041.9993000,0
2026-06-26 11:00:00,69.58000,70.40000,69.57000,70.14000,247112.20,2026-06-26 11:59:59,17296469.9106000,13331,129142.10,9033281.6290000,0
2026-06-26 12:00:00,70.15000,70.18000,69.41000,69.44000,300665.85,2026-06-26 12:59:59,20957712.9196000,14950,135029.60,9413457.7534000,0
2026-06-26 13:00:00,69.43000,70.58000,69.24000,69.45000,870999.34,2026-06-26 13:59:59,60913093.4741000,40260,410322.60,28704110.4066000,0
2026-06-26 14:00:00,69.46000,69.57000,68.86000,69.31000,443081.51,2026-06-26 14:59:59,30649298.4958000,24373,211054.00,14603653.1111000,0
2026-06-26 15:00:00,69.32000,69.61000,68.63000,69.17000,993210.85,2026-06-26 15:59:59,68741439.5123000,34500,507610.92,35124496.6523000,0
2026-06-26 16:00:00,69.17000,69.41000,68.91000,69.37000,356392.53,2026-06-26 16:59:59,24652334.6256000,18065,173607.89,12012730.8130000,0
2026-06-26 17:00:00,69.38000,69.57000,69.11000,69.33000,251738.36,2026-06-26 17:59:59,17461362.0463000,11356,136096.11,9440990.6853000,0
2026-06-26 18:00:00,69.33000,69.42000,69.10000,69.17000,163524.27,2026-06-26 18:59:59,11326527.2636000,9783,62507.10,4329643.3059000,0
2026-06-26 19:00:00,69.17000,69.65000,69.08000,69.57000,146739.07,2026-06-26 19:59:59,10177220.9433000,7436,71889.99,4987041.4598000,0
2026-06-26 20:00:00,69.56000,70.44000,69.42000,70.31000,881124.62,2026-06-26 20:59:59,61671257.7663000,31771,470023.56,32895864.8904000,0
2026-06-26 21:00:00,70.31000,70.76000,70.31000,70.48000,233212.18,2026-06-26 21:59:59,16446008.8052000,16456,127320.28,8979916.5315000,0
2026-06-26 22:00:00,70.48000,70.50000,69.90000,70.16000,143165.26,2026-06-26 22:59:59,10049515.7195000,13530,64724.35,4543394.4963000,0
2026-06-26 23:00:00,70.16000,70.52000,70.15000,70.50000,111074.85,2026-06-26 23:59:59,7817193.7014000,8580,48552.59,3415973.5625000,0
2026-06-27 00:00:00,70.51000,70.74000,70.34000,70.59000,97395.31,2026-06-27 00:59:59,6871281.1279000,9898,49087.57,3463446.5633000,0
2026-06-27 01:00:00,70.59000,70.61000,70.26000,70.27000,52199.67,2026-06-27 01:59:59,3677323.6581000,5843,19895.96,1401972.3010000,0
2026-06-27 02:00:00,70.28000,70.28000,69.63000,70.22000,157396.01,2026-06-27 02:59:59,11008133.9639000,16397,77114.29,5393901.3403000,0
2026-06-27 03:00:00,70.23000,70.45000,70.18000,70.44000,46316.07,2026-06-27 03:59:59,3257121.5315000,6312,23643.71,1662763.5672000,0
2026-06-27 04:00:00,70.44000,70.51000,70.07000,70.09000,66340.71,2026-06-27 04:59:59,4661569.7135000,7159,31085.96,2184813.3385000,0
2026-06-27 05:00:00,70.09000,70.22000,69.99000,70.06000,75640.46,2026-06-27 05:59:59,5301422.8129000,5758,37790.22,2648448.6989000,0
2026-06-27 06:00:00,70.06000,70.19000,69.91000,70.18000,78346.43,2026-06-27 06:59:59,5486811.8873000,6992,40171.90,2813603.1359000,0
2026-06-27 07:00:00,70.18000,70.41000,70.16000,70.35000,56473.69,2026-06-27 07:59:59,3968692.9047000,5244,28515.71,2003867.2282000,0
2026-06-27 08:00:00,70.36000,70.46000,70.27000,70.35000,40483.04,2026-06-27 08:59:59,2848689.6031000,4237,21698.52,1527049.6312000,0
2026-06-27 09:00:00,70.35000,70.58000,70.29000,70.52000,71346.78,2026-06-27 09:59:59,5027328.5763000,6560,42797.43,3015589.7156000,0
2026-06-27 10:00:00,70.51000,70.66000,70.49000,70.57000,42942.92,2026-06-27 10:59:59,3031452.7212000,4060,29815.67,2104923.3212000,0
2026-06-27 11:00:00,70.58000,70.74000,70.55000,70.68000,34008.24,2026-06-27 11:59:59,2402077.3711000,3048,19019.95,1343522.8469000,0
2026-06-27 12:00:00,70.69000,71.04000,70.68000,70.69000,87643.38,2026-06-27 12:59:59,6212654.4421000,8185,41217.46,2922115.3799000,0
2026-06-27 13:00:00,70.69000,71.06000,70.65000,70.98000,59430.16,2026-06-27 13:59:59,4211231.4171000,6640,33991.31,2408831.4752000,0
2026-06-27 14:00:00,70.98000,71.06000,70.73000,70.82000,55745.25,2026-06-27 14:59:59,3952370.6729000,6226,27936.72,1981120.3757000,0
2026-06-27 15:00:00,70.82000,70.87000,70.35000,70.60000,85209.40,2026-06-27 15:59:59,6014360.1107000,8080,38772.57,2736818.1098000,0
2026-06-27 16:00:00,70.59000,70.98000,70.59000,70.82000,121807.16,2026-06-27 16:59:59,8629786.8308000,10575,70492.89,4993759.2180000,0
2026-06-27 17:00:00,70.82000,70.91000,70.60000,70.61000,122790.25,2026-06-27 17:59:59,8690069.3750000,7017,66602.32,4713834.3084000,0
2026-06-27 18:00:00,70.60000,70.76000,70.48000,70.55000,39318.89,2026-06-27 18:59:59,2776303.2819000,4936,20668.04,1459660.1757000,0
2026-06-27 19:00:00,70.56000,70.82000,70.52000,70.77000,15951.82,2026-06-27 19:59:59,1127133.8707000,3653,9347.71,660560.3406000,0
2026-06-27 20:00:00,70.77000,70.92000,70.64000,70.72000,33225.21,2026-06-27 20:59:59,2352290.1714000,5245,12233.94,866562.7901000,0
2026-06-27 21:00:00,70.71000,71.20000,70.41000,71.13000,79202.75,2026-06-27 21:59:59,5615173.0097000,10753,45855.25,3251993.6908000,0
2026-06-27 22:00:00,71.13000,71.45000,70.95000,71.01000,102639.01,2026-06-27 22:59:59,7309433.6380000,10569,50485.77,3595490.1057000,0
2026-06-27 23:00:00,71.01000,71.72000,70.78000,71.53000,310881.33,2026-06-27 23:59:59,22167648.4695000,24728,158848.03,11328747.7948000,0
2026-06-28 00:00:00,71.54000,72.18000,71.51000,72.12000,181650.55,2026-06-28 00:59:59,13044022.8345000,14305,89539.30,6429911.9148000,0
2026-06-28 01:00:00,72.13000,72.58000,71.98000,72.43000,338309.28,2026-06-28 01:59:59,24452206.8960000,23569,188465.08,13624939.5129000,0
2026-06-28 02:00:00,72.42000,72.55000,72.12000,72.27000,106389.73,2026-06-28 02:59:59,7696877.6606000,11698,49808.37,3604107.9307000,0
2026-06-28 03:00:00,72.26000,72.33000,70.09000,71.48000,507404.84,2026-06-28 03:59:59,36152995.9102000,46997,216345.37,15414411.0536000,0
2026-06-28 04:00:00,71.48000,71.55000,70.70000,71.37000,209257.85,2026-06-28 04:59:59,14882027.1492000,17729,80769.50,5745386.6913000,0
2026-06-28 05:00:00,71.37000,71.63000,71.11000,71.14000,158489.24,2026-06-28 05:59:59,11307774.2237000,13046,76087.40,5428469.1849000,0
2026-06-28 06:00:00,71.14000,71.69000,71.08000,71.68000,106899.21,2026-06-28 06:59:59,7632133.2727000,10701,60525.02,4321375.0567000,0
2026-06-28 07:00:00,71.68000,71.83000,71.55000,71.60000,121199.32,2026-06-28 07:59:59,8686768.2324000,13040,65866.49,4721645.2489000,0
2026-06-28 08:00:00,71.59000,71.64000,70.88000,71.21000,157342.86,2026-06-28 08:59:59,11207152.8465000,14972,70271.38,5004592.2062000,0
2026-06-28 09:00:00,71.20000,71.28000,71.04000,71.19000,137279.39,2026-06-28 09:59:59,9767881.2046000,10752,50416.57,3587272.3991000,0
2026-06-28 10:00:00,71.18000,71.19000,71.00000,71.15000,79509.49,2026-06-28 10:59:59,5653195.8681000,7963,36102.84,2567298.0331000,0
2026-06-28 11:00:00,71.15000,71.48000,71.11000,71.47000,92536.17,2026-06-28 11:59:59,6595122.0916000,6954,55902.10,3983924.7922000,0
2026-06-28 12:00:00,71.48000,71.58000,71.31000,71.40000,55825.37,2026-06-28 12:59:59,3988362.4209000,6049,23614.50,1687308.7625000,0
2026-06-28 13:00:00,71.40000,71.66000,71.33000,71.47000,86228.49,2026-06-28 13:59:59,6166848.3138000,8585,47509.29,3397982.0868000,0
2026-06-28 14:00:00,71.48000,71.86000,71.43000,71.71000,98941.01,2026-06-28 14:59:59,7090473.6389000,8610,46667.13,3344245.8143000,0
2026-06-28 15:00:00,71.72000,71.79000,71.55000,71.74000,153614.00,2026-06-28 15:59:59,11011505.9673000,9484,65476.52,4693718.0519000,0
2026-06-28 16:00:00,71.73000,72.40000,71.71000,72.23000,282132.20,2026-06-28 16:59:59,20342616.4757000,17566,134977.63,9731570.5609000,0
2026-06-28 17:00:00,72.24000,72.25000,71.37000,71.46000,218791.04,2026-06-28 17:59:59,15713479.5845000,13658,94197.10,6764293.3317000,0
2026-06-28 18:00:00,71.45000,71.83000,71.29000,71.77000,140123.46,2026-06-28 18:59:59,10018484.8382000,12433,75466.69,5396607.2665000,0
2026-06-28 19:00:00,71.78000,71.98000,71.57000,71.86000,84988.42,2026-06-28 19:59:59,6098353.5732000,9063,46617.44,3344815.9889000,0
2026-06-28 20:00:00,71.87000,72.12000,70.28000,70.55000,615936.20,2026-06-28 20:59:59,43661564.1824000,57237,270999.96,19206697.0441000,0
2026-06-28 21:00:00,70.54000,70.94000,70.09000,70.77000,227441.13,2026-06-28 21:59:59,16043735.1165000,30741,110086.78,7768453.6361000,0
2026-06-28 22:00:00,70.76000,70.84000,69.83000,70.09000,475677.09,2026-06-28 22:59:59,33397929.6222000,32110,208732.49,14657661.6292000,0
2026-06-28 23:00:00,70.09000,70.15000,69.71000,69.84000,185378.64,2026-06-28 23:59:59,12959507.9462000,10756,68466.15,4787134.9131000,0
2026-06-29 00:00:00,69.84000,70.13000,69.37000,69.91000,293427.43,2026-06-29 00:59:59,20470299.6846000,14805,155839.62,10872774.1557000,0
2026-06-29 01:00:00,69.90000,70.32000,69.83000,70.07000,174110.61,2026-06-29 01:59:59,12208325.3476000,15189,91254.42,6398596.6200000,0
2026-06-29 02:00:00,70.06000,70.17000,69.81000,69.98000,128414.86,2026-06-29 02:59:59,8987320.0101000,8673,65327.80,4572599.7184000,0
2026-06-29 03:00:00,69.98000,70.15000,69.94000,70.10000,116988.91,2026-06-29 03:59:59,8194441.8906000,6991,49448.11,3463582.9003000,0
2026-06-29 04:00:00,70.10000,70.18000,70.00000,70.01000,47577.42,2026-06-29 04:59:59,3334906.0622000,4019,19471.79,1364959.5823000,0
2026-06-29 05:00:00,70.01000,70.03000,69.52000,69.57000,196376.17,2026-06-29 05:59:59,13687254.1518000,10275,87563.15,6103726.7190000,0
2026-06-29 06:00:00,69.56000,70.32000,69.54000,70.00000,226111.25,2026-06-29 06:59:59,15824665.2811000,12472,114883.40,8038477.2344000,0
2026-06-29 07:00:00,70.00000,70.07000,69.57000,69.59000,146024.07,2026-06-29 07:59:59,10197298.4194000,11073,74221.93,5183071.2366000,0
2026-06-29 08:00:00,69.59000,70.32000,69.57000,70.18000,208842.98,2026-06-29 08:59:59,14626893.1644000,15266,97125.22,6801977.4834000,0
2026-06-29 09:00:00,70.18000,70.77000,69.97000,70.65000,183494.37,2026-06-29 09:59:59,12922701.5044000,12649,93804.95,6607128.5446000,0
2026-06-29 10:00:00,70.65000,70.65000,69.87000,69.92000,175852.48,2026-06-29 10:59:59,12326758.1522000,11059,84010.62,5888023.3032000,0
2026-06-29 11:00:00,69.93000,70.14000,69.69000,69.99000,355043.32,2026-06-29 11:59:59,24816276.4612000,14646,173411.79,12120586.2734000,0
2026-06-29 12:00:00,69.99000,70.21000,69.75000,70.08000,211373.09,2026-06-29 12:59:59,14801512.2751000,15036,104490.58,7319103.0551000,0
2026-06-29 13:00:00,70.08000,70.34000,69.94000,70.12000,176932.62,2026-06-29 13:59:59,12415097.7810000,16446,97168.05,6818565.5469000,0
2026-06-29 14:00:00,70.13000,70.63000,70.02000,70.53000,233585.98,2026-06-29 14:59:59,16435245.7711000,16687,111483.53,7843888.4287000,0
2026-06-29 15:00:00,70.53000,70.74000,70.32000,70.66000,137704.89,2026-06-29 15:59:59,9714352.3574000,11511,67636.23,4771782.4001000,0
2026-06-29 16:00:00,70.66000,71.08000,70.61000,70.85000,219160.76,2026-06-29 16:59:59,15533694.1550000,11235,113910.85,8073546.3889000,0
2026-06-29 17:00:00,70.84000,71.19000,70.72000,70.93000,199929.56,2026-06-29 17:59:59,14184076.9050000,11578,88486.59,6279530.6611000,0
2026-06-29 18:00:00,70.94000,71.04000,70.48000,70.51000,150336.72,2026-06-29 18:59:59,10635907.1716000,10971,63489.62,4492877.4354000,0
2026-06-29 19:00:00,70.50000,70.60000,70.41000,70.58000,67153.11,2026-06-29 19:59:59,4734509.6388000,4148,35615.30,2511049.4928000,0
2026-06-29 20:00:00,70.57000,70.65000,70.47000,70.48000,36089.71,2026-06-29 20:59:59,2546116.0253000,2983,17184.39,1212540.8110000,0
2026-06-29 21:00:00,70.48000,70.63000,70.43000,70.49000,44687.51,2026-06-29 21:59:59,3152106.9475000,5139,20373.23,1437117.6598000,0
2026-06-29 22:00:00,70.49000,70.55000,70.29000,70.31000,46252.50,2026-06-29 22:59:59,3255955.6868000,4265,20484.30,1442394.5058000,0
2026-06-29 23:00:00,70.32000,70.35000,70.17000,70.18000,53873.07,2026-06-29 23:59:59,3785143.4035000,3494,25532.36,1794179.9462000,0
2026-06-30 00:00:00,70.17000,70.48000,70.17000,70.38000,80248.02,2026-06-30 00:59:59,5644438.3567000,5636,42781.39,3009201.3778000,0
2026-06-30 01:00:00,70.38000,70.49000,70.19000,70.40000,85515.90,2026-06-30 01:59:59,6015015.3994000,7129,44542.59,3133431.7650000,0
2026-06-30 02:00:00,70.41000,70.89000,70.35000,70.71000,99089.49,2026-06-30 02:59:59,6992684.0407000,6424,59765.63,4217454.0213000,0
2026-06-30 03:00:00,70.72000,70.76000,70.37000,70.42000,81116.84,2026-06-30 03:59:59,5727116.6227000,5969,30261.11,2137061.6384000,0
2026-06-30 04:00:00,70.42000,70.54000,70.29000,70.30000,50860.03,2026-06-30 04:59:59,3580193.4628000,3104,28717.80,2021796.3694000,0
2026-06-30 05:00:00,70.29000,70.43000,70.00000,70.15000,94204.68,2026-06-30 05:59:59,6610928.0574000,7788,40531.36,2844638.7444000,0
2026-06-30 06:00:00,70.15000,70.26000,69.82000,70.18000,151243.22,2026-06-30 06:59:59,10590054.4799000,9640,73301.78,5133889.1448000,0
2026-06-30 07:00:00,70.18000,70.47000,70.15000,70.32000,120159.01,2026-06-30 07:59:59,8451254.0685000,9253,58162.93,4090923.0767000,0
2026-06-30 08:00:00,70.32000,70.91000,70.20000,70.58000,280518.56,2026-06-30 08:59:59,19810902.7630000,17606,133201.61,9406330.0972000,0
2026-06-30 09:00:00,70.59000,71.10000,70.54000,71.07000,172100.64,2026-06-30 09:59:59,12182773.2958000,12962,99446.46,7040342.0937000,0
2026-06-30 10:00:00,71.06000,71.21000,70.61000,70.77000,154442.47,2026-06-30 10:59:59,10954073.9077000,11574,64767.83,4591872.8685000,0
2026-06-30 11:00:00,70.77000,71.24000,70.60000,71.18000,153349.24,2026-06-30 11:59:59,10868779.3494000,11540,73065.46,5179077.9469000,0
2026-06-30 12:00:00,71.19000,71.58000,70.89000,71.02000,206099.76,2026-06-30 12:59:59,14685357.0568000,13703,99217.77,7072295.5457000,0
2026-06-30 13:00:00,71.02000,71.58000,70.77000,70.96000,307943.53,2026-06-30 13:59:59,21914484.7651000,20476,152306.06,10838164.0725000,0
2026-06-30 14:00:00,70.96000,71.02000,70.41000,70.50000,257027.14,2026-06-30 14:59:59,18169152.8527000,16432,128307.76,9068072.9236000,0
2026-06-30 15:00:00,70.50000,70.51000,69.81000,69.86000,381383.81,2026-06-30 15:59:59,26742025.4725000,18782,210120.66,14734046.3042000,0
2026-06-30 16:00:00,69.86000,70.22000,69.82000,69.86000,323657.91,2026-06-30 16:59:59,22651568.0292000,11105,195693.53,13697317.0211000,0
2026-06-30 17:00:00,69.86000,69.94000,69.63000,69.74000,184959.15,2026-06-30 17:59:59,12905830.0584000,9205,97445.98,6800294.2049000,0
2026-06-30 18:00:00,69.74000,70.06000,69.31000,70.02000,254729.49,2026-06-30 18:59:59,17733890.2679000,12239,140884.18,9810436.0222000,0
2026-06-30 19:00:00,70.02000,70.20000,69.94000,70.13000,93711.96,2026-06-30 19:59:59,6567289.8490000,5855,43227.58,3029442.0204000,0
2026-06-30 20:00:00,70.12000,70.20000,70.04000,70.10000,60341.48,2026-06-30 20:59:59,4230592.6077000,3911,25712.67,1802750.3416000,0
2026-06-30 21:00:00,70.09000,70.29000,70.08000,70.22000,42591.42,2026-06-30 21:59:59,2988640.9631000,4103,24275.64,1703645.9031000,0
2026-06-30 22:00:00,70.22000,70.22000,69.94000,70.05000,63033.11,2026-06-30 22:59:59,4414297.1200000,4732,29855.30,2090779.7151000,0
2026-06-30 23:00:00,70.04000,70.18000,69.98000,70.16000,35018.37,2026-06-30 23:59:59,2454360.4177000,3316,17333.92,1215029.6025000,0
2026-07-01 00:00:00,70.16000,70.23000,70.02000,70.16000,50342.60,2026-07-01 00:59:59,3530216.7760000,4676,25370.97,1779277.4171000,0
2026-07-01 01:00:00,70.17000,70.19000,69.70000,69.83000,142079.42,2026-07-01 01:59:59,9931318.5598000,7736,51046.19,3569212.2810000,0
2026-07-01 02:00:00,69.83000,69.95000,69.73000,69.85000,93034.01,2026-07-01 02:59:59,6496555.6325000,5790,40148.20,2803675.5122000,0
2026-07-01 03:00:00,69.84000,69.93000,69.82000,69.89000,45377.75,2026-07-01 03:59:59,3170277.4350000,3495,23591.01,1648143.6497000,0
2026-07-01 04:00:00,69.88000,69.93000,69.75000,69.80000,56054.42,2026-07-01 04:59:59,3913831.1618000,2655,27819.48,1942630.4661000,0
2026-07-01 05:00:00,69.79000,69.92000,69.64000,69.67000,69552.66,2026-07-01 05:59:59,4852957.5355000,6383,33470.58,2335391.7721000,0
2026-07-01 06:00:00,69.67000,69.75000,69.47000,69.63000,181345.20,2026-07-01 06:59:59,12621731.3250000,8742,94968.30,6609872.9321000,0
2026-07-01 07:00:00,69.63000,69.76000,69.20000,69.43000,187855.24,2026-07-01 07:59:59,13043772.3022000,12299,94913.61,6592078.3592000,0
2026-07-01 08:00:00,69.43000,69.51000,68.31000,68.39000,507562.62,2026-07-01 08:59:59,34949534.2131000,22840,238757.42,16444812.6403000,0
2026-07-01 09:00:00,68.38000,68.83000,68.29000,68.82000,251824.46,2026-07-01 09:59:59,17254603.9974000,16021,141207.89,9675605.9412000,0
2026-07-01 10:00:00,68.83000,69.06000,68.66000,68.89000,218151.32,2026-07-01 10:59:59,15025981.0376000,11855,114339.24,7876183.9231000,0
2026-07-01 11:00:00,68.89000,69.20000,68.78000,69.17000,172396.00,2026-07-01 11:59:59,11900070.9407000,10029,82691.92,5708325.5899000,0
2026-07-01 12:00:00,69.17000,69.20000,68.69000,68.81000,269042.91,2026-07-01 12:59:59,18546035.1913000,13193,101042.09,6964897.5851000,0
2026-07-01 13:00:00,68.82000,69.28000,68.80000,69.11000,295783.29,2026-07-01 13:59:59,20421579.3486000,17413,143304.30,9894865.8322000,0
2026-07-01 14:00:00,69.10000,69.14000,68.23000,68.26000,342689.12,2026-07-01 14:59:59,23529126.8877000,18492,144818.75,9943259.1005000,0
2026-07-01 15:00:00,68.27000,68.62000,68.14000,68.22000,373770.96,2026-07-01 15:59:59,25540740.3135000,18526,199475.35,13630033.0063000,0
2026-07-01 16:00:00,68.22000,68.51000,68.11000,68.34000,182891.63,2026-07-01 16:59:59,12490523.0799000,10047,96100.68,6563770.4364000,0
2026-07-01 17:00:00,68.34000,68.45000,68.20000,68.35000,108870.87,2026-07-01 17:59:59,7439225.8904000,7440,49873.98,3407805.9171000,0
2026-07-01 18:00:00,68.35000,68.75000,68.33000,68.36000,122180.83,2026-07-01 18:59:59,8367724.8745000,8194,54829.04,3754289.6619000,0
2026-07-01 19:00:00,68.36000,68.40000,67.97000,68.08000,138668.38,2026-07-01 19:59:59,9452435.3109000,8035,48034.07,3275877.5077000,0
2026-07-01 20:00:00,68.08000,68.22000,68.03000,68.16000,59873.72,2026-07-01 20:59:59,4080266.4152000,4063,35697.95,2432785.2405000,0
2026-07-01 21:00:00,68.16000,68.33000,68.12000,68.17000,36124.27,2026-07-01 21:59:59,2464444.2656000,4597,19502.85,1330682.6277000,0
2026-07-01 22:00:00,68.17000,68.22000,68.01000,68.09000,56934.99,2026-07-01 22:59:59,3877184.1402000,4231,27029.95,1840906.8100000,0
2026-07-01 23:00:00,68.09000,68.12000,68.00000,68.05000,36865.82,2026-07-01 23:59:59,2509025.2676000,2785,19019.77,1294536.1248000,0
2026-07-02 00:00:00,68.05000,68.17000,67.76000,67.94000,166926.31,2026-07-02 00:59:59,11337752.8179000,8680,73162.55,4970093.6804000,0
2026-07-02 01:00:00,67.95000,67.98000,67.63000,67.87000,165678.22,2026-07-02 01:59:59,11226000.9487000,9845,71117.75,4819555.7060000,0
2026-07-02 02:00:00,67.87000,68.03000,67.72000,67.79000,101588.09,2026-07-02 02:59:59,6897312.9271000,5566,55911.48,3796353.6786000,0
2026-07-02 03:00:00,67.78000,67.84000,67.64000,67.77000,120307.13,2026-07-02 03:59:59,8148481.4356000,6302,56209.25,3807380.1823000,0
2026-07-02 04:00:00,67.77000,67.96000,67.77000,67.92000,61923.14,2026-07-02 04:59:59,4204257.3889000,3301,33918.26,2302785.0663000,0
2026-07-02 05:00:00,67.92000,67.95000,67.75000,67.91000,95199.66,2026-07-02 05:59:59,6461282.4716000,5023,43109.22,2926172.8904000,0
2026-07-02 06:00:00,67.92000,68.04000,67.52000,67.59000,247483.14,2026-07-02 06:59:59,16760301.6147000,9852,94861.23,6427566.3895000,0
2026-07-02 07:00:00,67.59000,68.28000,67.47000,67.98000,297565.55,2026-07-02 07:59:59,20194905.4482000,14311,126533.24,8588938.8497000,0
2026-07-02 08:00:00,67.98000,68.29000,67.85000,67.92000,249555.96,2026-07-02 08:59:59,16993155.4707000,13123,129319.46,8805650.4141000,0
2026-07-02 09:00:00,67.93000,67.96000,67.41000,67.59000,255201.32,2026-07-02 09:59:59,17259994.8767000,11964,111605.41,7548882.6970000,0
2026-07-02 10:00:00,67.59000,67.75000,67.50000,67.52000,127701.09,2026-07-02 10:59:59,8640236.7499000,8168,63034.01,4264646.2981000,0
2026-07-02 11:00:00,67.52000,67.68000,67.07000,67.22000,299136.51,2026-07-02 11:59:59,20147435.6334000,12916,118262.38,7966389.8533000,0
2026-07-02 12:00:00,67.21000,67.71000,67.15000,67.61000,221814.51,2026-07-02 12:59:59,14951726.5074000,13241,114764.87,7735255.2851000,0
2026-07-02 13:00:00,67.60000,68.13000,67.52000,67.83000,288765.11,2026-07-02 13:59:59,19567923.5280000,14956,135319.34,9170320.8213000,0
2026-07-02 14:00:00,67.82000,67.89000,67.58000,67.79000,212963.37,2026-07-02 14:59:59,14427388.8982000,12493,115798.29,7845300.3823000,0
2026-07-02 15:00:00,67.80000,67.91000,67.47000,67.78000,212230.76,2026-07-02 15:59:59,14365700.3040000,12610,90667.31,6136840.1509000,0
2026-07-02 16:00:00,67.78000,68.31000,67.73000,68.16000,233391.40,2026-07-02 16:59:59,15895522.3136000,12105,118399.78,8062297.9304000,0
2026-07-02 17:00:00,68.15000,68.54000,68.11000,68.50000,164676.03,2026-07-02 17:59:59,11260788.7830000,8310,83861.58,5733549.8621000,0
2026-07-02 18:00:00,68.50000,68.84000,68.38000,68.48000,148314.04,2026-07-02 18:59:59,10176630.1980000,8965,71014.38,4872599.4410000,0
2026-07-02 19:00:00,68.49000,68.57000,68.44000,68.50000,58610.01,2026-07-02 19:59:59,4014664.6945000,3390,26699.79,1828835.0488000,0
2026-07-02 20:00:00,68.51000,68.55000,68.46000,68.53000,40728.43,2026-07-02 20:59:59,2790099.4813000,2170,22906.40,1569223.2427000,0
2026-07-02 21:00:00,68.54000,68.63000,68.53000,68.57000,20192.69,2026-07-02 21:59:59,1384529.6895000,2029,8004.01,548855.5720000,0
2026-07-02 22:00:00,68.57000,68.58000,68.50000,68.51000,68278.34,2026-07-02 22:59:59,4679294.0216000,3685,32395.27,2220350.6522000,0
2026-07-02 23:00:00,68.51000,68.54000,68.41000,68.42000,32676.93,2026-07-02 23:59:59,2237694.4483000,3402,14476.62,991289.5631000,0
2026-07-03 00:00:00,68.41000,68.58000,68.37000,68.50000,63779.59,2026-07-03 00:59:59,4365133.0652000,3974,36708.99,2512498.7986000,0
2026-07-03 01:00:00,68.51000,68.96000,68.39000,68.94000,152339.46,2026-07-03 01:59:59,10458588.2925000,9673,75107.00,5156591.5583000,0
2026-07-03 02:00:00,68.94000,69.17000,68.87000,68.94000,108111.76,2026-07-03 02:59:59,7461208.0714000,7840,55715.17,3845368.6144000,0
2026-07-03 03:00:00,68.93000,69.20000,68.93000,69.07000,81018.88,2026-07-03 03:59:59,5595400.3520000,4726,47338.21,3269116.7841000,0
2026-07-03 04:00:00,69.08000,69.13000,69.01000,69.05000,58145.49,2026-07-03 04:59:59,4016570.6321000,2739,27960.74,1931598.4502000,0
2026-07-03 05:00:00,69.05000,69.30000,69.04000,69.25000,89178.06,2026-07-03 05:59:59,6168231.3715000,4534,46953.37,3247751.6949000,0
2026-07-03 06:00:00,69.26000,69.31000,68.94000,68.99000,103687.06,2026-07-03 06:59:59,7159939.9250000,5962,46729.85,3226953.3082000,0
2026-07-03 07:00:00,68.99000,69.05000,68.46000,68.56000,127259.44,2026-07-03 07:59:59,8745832.4805000,8913,64046.38,4402252.7450000,0
2026-07-03 08:00:00,68.57000,68.84000,68.19000,68.84000,314156.74,2026-07-03 08:59:59,21508925.8164000,18343,154121.50,10555516.1651000,0
2026-07-03 09:00:00,68.84000,68.90000,68.56000,68.73000,191561.73,2026-07-03 09:59:59,13165102.1985000,9775,101537.60,6978644.5329000,0
2026-07-03 10:00:00,68.73000,68.79000,68.47000,68.68000,138422.64,2026-07-03 10:59:59,9501710.2322000,8167,68753.19,4719813.7213000,0
2026-07-03 11:00:00,68.68000,68.78000,68.41000,68.45000,95693.32,2026-07-03 11:59:59,6560026.9395000,6731,48988.59,3358683.6365000,0
2026-07-03 12:00:00,68.45000,68.48000,68.14000,68.32000,377567.05,2026-07-03 12:59:59,25786026.4698000,12957,194253.08,13267938.7381000,0
2026-07-03 13:00:00,68.32000,68.83000,68.29000,68.82000,246240.44,2026-07-03 13:59:59,16898944.3699000,10313,130198.28,8935259.5716000,0
2026-07-03 14:00:00,68.82000,69.00000,68.63000,68.68000,199132.05,2026-07-03 14:59:59,13704521.2766000,10530,96510.17,6641859.4243000,0
2026-07-03 15:00:00,68.69000,68.85000,68.42000,68.83000,220495.34,2026-07-03 15:59:59,15139071.3994000,12087,113128.62,7767913.2467000,0
2026-07-03 16:00:00,68.83000,68.87000,68.64000,68.83000,194370.32,2026-07-03 16:59:59,13366861.8769000,8585,102459.15,7046479.8493000,0
2026-07-03 17:00:00,68.84000,68.93000,68.81000,68.86000,37905.36,2026-07-03 17:59:59,2610723.3651000,2106,21982.24,1514097.3584000,0
2026-07-03 18:00:00,68.86000,68.95000,68.86000,68.91000,17158.18,2026-07-03 18:59:59,1182176.8757000,1161,11339.64,781293.1786000,0
2026-07-03 19:00:00,68.92000,69.02000,68.91000,68.95000,26406.43,2026-07-03 19:59:59,1821187.1925000,1882,10260.20,707630.6643000,0
2026-07-03 20:00:00,68.96000,68.98000,68.59000,68.59000,62041.20,2026-07-03 20:59:59,4267838.7627000,4258,26425.10,1818509.8248000,0
2026-07-03 21:00:00,68.60000,68.89000,68.59000,68.88000,21895.94,2026-07-03 21:59:59,1504054.0650000,2838,12470.80,856704.5796000,0
2026-07-03 22:00:00,68.88000,68.94000,68.77000,68.80000,36196.93,2026-07-03 22:59:59,2491064.3914000,3241,21277.91,1464270.4712000,0
2026-07-03 23:00:00,68.79000,68.83000,68.69000,68.80000,30984.92,2026-07-03 23:59:59,2131186.4293000,5276,17494.87,1203385.3371000,0
2026-07-04 00:00:00,68.81000,68.91000,68.80000,68.91000,19734.14,2026-07-04 00:59:59,1358985.8582000,2523,11168.93,769165.4548000,0
2026-07-04 01:00:00,68.91000,68.95000,68.65000,68.72000,27560.55,2026-07-04 01:59:59,1895557.3445000,3560,13852.30,952539.9760000,0
2026-07-04 02:00:00,68.73000,68.77000,68.64000,68.66000,19461.15,2026-07-04 02:59:59,1337184.6753000,1896,8584.35,589857.5681000,0
2026-07-04 03:00:00,68.65000,68.69000,68.61000,68.67000,11485.67,2026-07-04 03:59:59,788667.1746000,1604,6764.83,464515.7139000,0
2026-07-04 04:00:00,68.67000,68.69000,68.47000,68.52000,25481.22,2026-07-04 04:59:59,1747816.5456000,2496,9630.17,660531.9718000,0
2026-07-04 05:00:00,68.53000,68.60000,68.48000,68.59000,22296.20,2026-07-04 05:59:59,1527866.0739000,1664,6378.78,437198.8385000,0
2026-07-04 06:00:00,68.60000,68.60000,68.53000,68.57000,7363.11,2026-07-04 06:59:59,504913.3126000,1290,3260.19,223558.7994000,0
2026-07-04 07:00:00,68.57000,68.71000,68.53000,68.70000,20470.19,2026-07-04 07:59:59,1405204.8919000,3659,11324.49,777471.9522000,0
2026-07-04 08:00:00,68.70000,68.71000,68.67000,68.69000,9570.62,2026-07-04 08:59:59,657415.4071000,961,3930.83,270028.2149000,0
2026-07-04 09:00:00,68.68000,68.97000,68.66000,68.97000,41269.64,2026-07-04 09:59:59,2840113.3429000,3960,25820.54,1777197.2212000,0
2026-07-04 10:00:00,68.97000,69.07000,68.90000,69.01000,49310.16,2026-07-04 10:59:59,3401540.1109000,3813,29838.60,2058324.3964000,0
2026-07-04 11:00:00,69.01000,69.16000,68.97000,69.12000,29577.41,2026-07-04 11:59:59,2043401.1319000,2766,17263.01,1192665.4199000,0
2026-07-04 12:00:00,69.13000,69.18000,69.02000,69.11000,24474.48,2026-07-04 12:59:59,1691134.7593000,2690,10633.05,734791.6943000,0
2026-07-04 13:00:00,69.12000,69.12000,68.87000,68.90000,35618.36,2026-07-04 13:59:59,2456371.6073000,3406,14538.77,1002678.2049000,0
2026-07-04 14:00:00,68.90000,69.11000,68.84000,69.09000,32078.01,2026-07-04 14:59:59,2211298.2898000,2947,17326.70,1194433.6475000,0
2026-07-04 15:00:00,69.09000,69.09000,68.88000,68.99000,29330.46,2026-07-04 15:59:59,2022862.0317000,3016,13021.12,897972.3770000,0
2026-07-04 16:00:00,68.98000,69.05000,68.85000,68.90000,24673.47,2026-07-04 16:59:59,1700903.5259000,2461,12448.09,858190.6602000,0
2026-07-04 17:00:00,68.90000,68.97000,68.86000,68.94000,18011.70,2026-07-04 17:59:59,1241034.6652000,1850,9193.72,633471.8105000,0
2026-07-04 18:00:00,68.94000,68.95000,68.79000,68.79000,15423.22,2026-07-04 18:59:59,1061807.7280000,1462,5043.59,347212.4982000,0
2026-07-04 19:00:00,68.80000,68.83000,68.61000,68.80000,46859.28,2026-07-04 19:59:59,3220847.9714000,3123,24277.13,1669143.6092000,0
2026-07-04 20:00:00,68.80000,68.84000,68.68000,68.74000,31180.20,2026-07-04 20:59:59,2144054.2585000,2251,10894.84,749288.8296000,0
2026-07-04 21:00:00,68.74000,68.85000,68.67000,68.74000,19131.54,2026-07-04 21:59:59,1315503.4324000,2055,9673.89,665262.0046000,0
2026-07-04 22:00:00,68.74000,68.98000,68.73000,68.93000,25756.51,2026-07-04 22:59:59,1774331.9693000,2344,13343.83,919081.5922000,0
2026-07-04 23:00:00,68.92000,68.94000,68.72000,68.74000,36411.16,2026-07-04 23:59:59,2505906.2374000,3227,12646.16,870472.8588000,0
2026-07-05 00:00:00,68.75000,68.82000,68.71000,68.81000,12112.83,2026-07-05 00:59:59,832907.9176000,1228,6567.59,451634.1575000,0
2026-07-05 01:00:00,68.81000,68.84000,68.75000,68.82000,18066.47,2026-07-05 01:59:59,1242958.1433000,1282,8460.73,582111.6339000,0
2026-07-05 02:00:00,68.83000,68.98000,68.81000,68.92000,20373.26,2026-07-05 02:59:59,1403441.3576000,1853,9783.10,674018.2952000,0
2026-07-05 03:00:00,68.91000,68.97000,68.86000,68.89000,16975.37,2026-07-05 03:59:59,1169860.7173000,1278,9890.84,681688.4701000,0
2026-07-05 04:00:00,68.89000,68.95000,68.86000,68.93000,11421.98,2026-07-05 04:59:59,787014.8547000,1080,5682.26,391570.4280000,0
2026-07-05 05:00:00,68.93000,68.94000,68.88000,68.92000,16692.84,2026-07-05 05:59:59,1150409.6097000,1231,8949.34,616743.7896000,0
2026-07-05 06:00:00,68.92000,68.96000,68.89000,68.95000,6124.20,2026-07-05 06:59:59,422089.1946000,568,4175.55,287772.0485000,0
2026-07-05 07:00:00,68.95000,69.03000,68.88000,68.98000,24105.92,2026-07-05 07:59:59,1662336.4310000,2161,14455.23,996861.5444000,0
2026-07-05 08:00:00,68.98000,69.10000,68.93000,69.02000,35003.24,2026-07-05 08:59:59,2415945.4112000,2364,19290.15,1331503.7267000,0
2026-07-05 09:00:00,69.02000,69.06000,68.95000,68.99000,10995.87,2026-07-05 09:59:59,758769.4640000,1144,6225.18,429606.9154000,0
2026-07-05 10:00:00,69.00000,69.03000,68.95000,69.03000,9349.50,2026-07-05 10:59:59,645080.4225000,969,4995.73,344697.0457000,0
2026-07-05 11:00:00,69.02000,69.02000,68.90000,68.95000,22584.54,2026-07-05 11:59:59,1557053.0128000,2991,10815.69,745634.8837000,0
2026-07-05 12:00:00,68.95000,68.96000,68.76000,68.81000,44120.11,2026-07-05 12:59:59,3037908.7480000,2965,17776.87,1224048.9363000,0
2026-07-05 13:00:00,68.82000,68.93000,68.78000,68.88000,18816.31,2026-07-05 13:59:59,1295652.1356000,1811,9318.44,641638.0152000,0
2026-07-05 14:00:00,68.87000,68.94000,68.83000,68.88000,16158.65,2026-07-05 14:59:59,1113199.8354000,1660,9899.17,681969.0832000,0
2026-07-05 15:00:00,68.88000,68.90000,68.76000,68.79000,23168.85,2026-07-05 15:59:59,1594364.0422000,1856,11880.66,817570.4386000,0
2026-07-05 16:00:00,68.78000,68.88000,68.77000,68.87000,19733.31,2026-07-05 16:59:59,1358173.0851000,1401,11014.18,758105.6822000,0
2026-07-05 17:00:00,68.87000,68.90000,68.84000,68.85000,6981.46,2026-07-05 17:59:59,480795.3164000,860,3530.85,243164.8646000,0
2026-07-05 18:00:00,68.84000,68.89000,68.56000,68.70000,56147.52,2026-07-05 18:59:59,3859133.2555000,3538,24728.88,1699928.4118000,0
2026-07-05 19:00:00,68.70000,68.78000,68.66000,68.66000,27150.92,2026-07-05 19:59:59,1865500.9086000,2191,13104.98,900441.2819000,0
2026-07-05 20:00:00,68.66000,68.69000,68.55000,68.63000,15771.53,2026-07-05 20:59:59,1082057.8210000,1431,8043.94,551850.6868000,0
2026-07-05 21:00:00,68.62000,68.88000,68.55000,68.74000,35027.18,2026-07-05 21:59:59,2407083.4766000,3748,14991.55,1030497.4611000,0
2026-07-05 22:00:00,68.73000,68.73000,68.36000,68.37000,199170.39,2026-07-05 22:59:59,13642152.9161000,10854,107043.96,7331898.7820000,0
2026-07-05 23:00:00,68.36000,68.50000,68.28000,68.30000,103270.10,2026-07-05 23:59:59,7061843.8753000,4839,60515.65,4138544.4999000,0
2026-07-06 00:00:00,68.29000,68.66000,68.26000,68.29000,179370.80,2026-07-06 00:59:59,12274128.3423000,9028,81495.88,5577245.8602000,0
2026-07-06 01:00:00,68.28000,68.93000,68.22000,68.90000,206429.72,2026-07-06 01:59:59,14147264.8546000,13568,98979.74,6783427.5127000,0
2026-07-06 02:00:00,68.91000,69.18000,68.57000,68.63000,145417.13,2026-07-06 02:59:59,10030687.9171000,10282,69570.54,4799376.3047000,0
2026-07-06 03:00:00,68.63000,68.64000,68.43000,68.49000,132748.78,2026-07-06 03:59:59,9093196.9331000,9308,48518.57,3324484.0606000,0
2026-07-06 04:00:00,68.49000,68.74000,68.46000,68.70000,123603.62,2026-07-06 04:59:59,8483080.5725000,3940,88947.52,6104288.3136000,0
2026-07-06 05:00:00,68.71000,68.92000,68.70000,68.89000,191424.97,2026-07-06 05:59:59,13169319.2663000,7402,100446.62,6910901.7239000,0
2026-07-06 06:00:00,68.90000,69.24000,68.77000,68.83000,179818.87,2026-07-06 06:59:59,12413194.7552000,9551,99877.33,6894137.4763000,0
2026-07-06 07:00:00,68.83000,68.83000,67.86000,67.96000,299662.63,2026-07-06 07:59:59,20478342.2434000,14990,149538.28,10223976.7367000,0
2026-07-06 08:00:00,67.96000,68.61000,67.93000,68.24000,202150.90,2026-07-06 08:59:59,13797306.3159000,20260,103161.00,7037990.5702000,0
2026-07-06 09:00:00,68.24000,68.59000,68.14000,68.34000,148685.28,2026-07-06 09:59:59,10168107.7366000,14815,73815.03,5047843.8790000,0
2026-07-06 10:00:00,68.35000,68.71000,68.15000,68.63000,125842.82,2026-07-06 10:59:59,8608780.1360000,12998,62530.22,4276406.0876000,0
2026-07-06 11:00:00,68.64000,68.78000,68.38000,68.69000,95099.73,2026-07-06 11:59:59,6526143.8164000,9438,45396.43,3115095.5019000,0
2026-07-06 12:00:00,68.69000,68.79000,68.22000,68.35000,184618.38,2026-07-06 12:59:59,12635888.4323000,11599,105746.84,7236989.4350000,0
2026-07-06 13:00:00,68.35000,68.97000,68.14000,68.75000,212419.08,2026-07-06 13:59:59,14566097.3817000,16440,102032.12,6992538.9026000,0
2026-07-06 14:00:00,68.75000,69.15000,68.51000,68.84000,310451.67,2026-07-06 14:59:59,21378448.5927000,16561,169174.70,11646469.4066000,0
2026-07-06 15:00:00,68.84000,69.05000,68.65000,68.79000,234697.58,2026-07-06 15:59:59,16157231.3277000,12213,121954.01,8395830.4638000,0
2026-07-06 16:00:00,68.78000,68.85000,68.32000,68.36000,212916.66,2026-07-06 16:59:59,14582074.7970000,10213,116734.66,7995291.1384000,0
2026-07-06 17:00:00,68.37000,68.62000,68.28000,68.57000,103233.50,2026-07-06 17:59:59,7064391.1119000,6225,48697.54,3332670.4806000,0
2026-07-06 18:00:00,68.58000,68.66000,68.41000,68.58000,74479.34,2026-07-06 18:59:59,5107469.4723000,4748,30736.32,2107640.0528000,0
2026-07-06 19:00:00,68.57000,68.80000,68.57000,68.73000,48846.57,2026-07-06 19:59:59,3356521.2918000,2508,20135.93,1383668.9344000,0
2026-07-06 20:00:00,68.73000,68.80000,68.64000,68.64000,46508.69,2026-07-06 20:59:59,3196098.2871000,2063,22352.87,1536299.0625000,0
2026-07-06 21:00:00,68.64000,68.75000,68.60000,68.75000,35892.57,2026-07-06 21:59:59,2464919.3648000,2302,18239.28,1252669.5154000,0
2026-07-06 22:00:00,68.74000,68.82000,68.67000,68.82000,32963.63,2026-07-06 22:59:59,2265754.4432000,2673,15193.11,1044370.4441000,0
2026-07-06 23:00:00,68.82000,68.94000,68.71000,68.81000,35807.78,2026-07-06 23:59:59,2464765.0950000,2775,17870.51,1230082.2274000,0
2026-07-07 00:00:00,68.81000,68.99000,68.77000,68.94000,142453.55,2026-07-07 00:59:59,9814126.4447000,6914,78349.30,5398298.1274000,0
2026-07-07 01:00:00,68.94000,69.12000,68.67000,69.12000,169276.11,2026-07-07 01:59:59,11661136.3551000,8632,83078.17,5723415.9770000,0
2026-07-07 02:00:00,69.11000,69.37000,69.00000,69.04000,194793.72,2026-07-07 02:59:59,13476013.5262000,7894,85008.30,5881417.9344000,0
2026-07-07 03:00:00,69.04000,69.27000,68.89000,69.00000,109028.20,2026-07-07 03:59:59,7532193.8935000,5708,48693.37,3363884.2760000,0
2026-07-07 04:00:00,69.00000,69.09000,68.97000,69.06000,55190.63,2026-07-07 04:59:59,3810583.1029000,2385,24139.31,1666615.2000000,0
2026-07-07 05:00:00,69.06000,69.47000,69.05000,69.40000,152931.07,2026-07-07 05:59:59,10590948.6344000,7327,85639.14,5929979.5465000,0
2026-07-07 06:00:00,69.40000,69.52000,69.23000,69.49000,139950.46,2026-07-07 06:59:59,9708827.2923000,8655,73589.73,5105697.4110000,0
2026-07-07 07:00:00,69.50000,69.68000,69.37000,69.40000,177975.14,2026-07-07 07:59:59,12369933.2078000,10830,90919.54,6319570.0927000,0
2026-07-07 08:00:00,69.39000,69.59000,69.05000,69.40000,254722.73,2026-07-07 08:59:59,17655881.5265000,14783,113946.95,7897866.9625000,0
2026-07-07 09:00:00,69.40000,69.78000,69.13000,69.36000,228577.58,2026-07-07 09:59:59,15871789.5383000,13182,121099.77,8406063.8787000,0
2026-07-07 10:00:00,69.35000,69.47000,69.13000,69.46000,115014.83,2026-07-07 10:59:59,7967109.3054000,7574,66134.77,4581507.7321000,0
2026-07-07 11:00:00,69.46000,69.53000,69.01000,69.06000,171838.77,2026-07-07 11:59:59,11887393.5371000,9523,72536.33,5018930.3595000,0
2026-07-07 12:00:00,69.05000,69.37000,68.92000,69.18000,223085.63,2026-07-07 12:59:59,15424218.3039000,11962,113911.40,7876204.2488000,0
2026-07-07 13:00:00,69.17000,70.13000,69.17000,70.07000,530340.58,2026-07-07 13:59:59,36966136.6119000,26265,255194.52,17789599.4513000,0
2026-07-07 14:00:00,70.07000,70.53000,69.84000,70.28000,653436.67,2026-07-07 14:59:59,45886679.7688000,29995,323694.13,22732214.8254000,0
2026-07-07 15:00:00,70.28000,70.60000,70.15000,70.41000,461338.18,2026-07-07 15:59:59,32467187.1091000,17912,238227.58,16767457.7337000,0
2026-07-07 16:00:00,70.41000,70.66000,70.37000,70.50000,154445.78,2026-07-07 16:59:59,10891179.8934000,8731,80149.26,5652036.7733000,0
2026-07-07 17:00:00,70.49000,70.74000,70.38000,70.47000,277336.54,2026-07-07 17:59:59,19574840.6368000,10896,138546.28,9779658.6484000,0
2026-07-07 18:00:00,70.48000,71.50000,70.37000,71.49000,620107.83,2026-07-07 18:59:59,43966173.1380000,24761,378693.29,26858341.8895000,0
2026-07-07 19:00:00,71.50000,72.55000,71.48000,71.94000,1601295.75,2026-07-07 19:59:59,115420548.7103000,45916,773665.00,55777895.3474000,0
2026-07-07 20:00:00,71.93000,72.32000,71.92000,72.21000,338119.58,2026-07-07 20:59:59,24387102.0224000,11336,201841.54,14558231.0315000,0
2026-07-07 21:00:00,72.20000,72.75000,72.07000,72.26000,495274.14,2026-07-07 21:59:59,35921579.0944000,26327,302975.93,21977749.9449000,0
2026-07-07 22:00:00,72.27000,72.63000,72.13000,72.48000,143988.92,2026-07-07 22:59:59,10420931.7121000,10850,81611.39,5906752.6637000,0
2026-07-07 23:00:00,72.47000,72.53000,72.29000,72.42000,158433.23,2026-07-07 23:59:59,11472101.9344000,9294,62303.19,4511747.3834000,0
2026-07-08 00:00:00,72.42000,72.71000,71.95000,71.97000,295304.26,2026-07-08 00:59:59,21379374.0427000,16602,152808.88,11067481.9493000,0
2026-07-08 01:00:00,71.98000,72.19000,71.73000,72.16000,546908.68,2026-07-08 01:59:59,39361872.5951000,25942,290403.40,20903826.6170000,0
2026-07-08 02:00:00,72.17000,72.64000,72.03000,72.28000,285307.92,2026-07-08 02:59:59,20638592.0292000,12455,152258.56,11013519.7365000,0
2026-07-08 03:00:00,72.28000,72.41000,72.21000,72.28000,187373.81,2026-07-08 03:59:59,13551969.3123000,6926,105971.47,7665483.0104000,0
2026-07-08 04:00:00,72.27000,72.42000,72.25000,72.40000,128377.48,2026-07-08 04:59:59,9284852.8820000,4891,76736.81,5549727.2910000,0
2026-07-08 05:00:00,72.39000,72.93000,72.37000,72.82000,315847.86,2026-07-08 05:59:59,22957929.0700000,14975,187393.58,13622310.4895000,0
2026-07-08 06:00:00,72.81000,72.95000,72.59000,72.60000,240606.37,2026-07-08 06:59:59,17503782.7641000,14567,128154.88,9323625.0554000,0
2026-07-08 07:00:00,72.60000,72.87000,71.84000,72.11000,516322.06,2026-07-08 07:59:59,37286609.8453000,20608,248649.98,17952843.1629000,0
2026-07-08 08:00:00,72.11000,74.93000,71.98000,74.86000,2297004.91,2026-07-08 08:59:59,169542816.2867000,77486,1200742.44,88570075.6733000,0
2026-07-08 09:00:00,74.86000,75.28000,74.11000,74.85000,1530895.03,2026-07-08 09:59:59,114357341.2947000,52928,667719.14,49898624.4378000,0
2026-07-08 10:00:00,74.84000,74.90000,73.78000,74.14000,928298.26,2026-07-08 10:59:59,68949471.2765000,29362,438485.63,32557893.2914000,0
2026-07-08 11:00:00,74.14000,74.53000,73.54000,74.01000,969556.14,2026-07-08 11:59:59,71709870.1044000,32075,456022.69,33731914.4325000,0
2026-07-08 12:00:00,74.02000,74.27000,73.12000,73.85000,1247837.53,2026-07-08 12:59:59,91816042.5214000,41410,651339.27,47931594.3176000,0
2026-07-08 13:00:00,73.84000,74.27000,73.33000,73.76000,1600817.28,2026-07-08 13:59:59,118231865.5865000,52781,774715.16,57221392.9558000,0
2026-07-08 14:00:00,73.77000,75.81000,73.74000,75.32000,2371246.09,2026-07-08 14:59:59,177812874.8734000,69957,1209908.87,90617885.0204000,0
2026-07-08 15:00:00,75.31000,76.06000,75.23000,75.78000,766174.24,2026-07-08 15:59:59,57992068.9175000,34006,441283.26,33409856.8732000,0
2026-07-08 16:00:00,75.78000,75.93000,74.35000,74.52000,1329803.69,2026-07-08 16:59:59,99656994.1408000,55290,579470.23,43426880.1295000,0
2026-07-08 17:00:00,74.53000,74.56000,73.53000,73.77000,464742.79,2026-07-08 17:59:59,34377784.8346000,27560,218631.26,16168341.8167000,0
2026-07-08 18:00:00,73.77000,73.85000,73.36000,73.60000,373648.81,2026-07-08 18:59:59,27523599.5529000,20388,212744.52,15674775.2347000,0
2026-07-08 19:00:00,73.60000,74.30000,73.52000,74.07000,346943.31,2026-07-08 19:59:59,25650383.9707000,14833,211173.28,15612675.4815000,0
2026-07-08 20:00:00,74.07000,75.04000,74.07000,74.77000,505920.78,2026-07-08 20:59:59,37735943.2727000,22643,264512.46,19727673.2487000,0
2026-07-08 21:00:00,74.78000,74.99000,74.52000,74.66000,150989.41,2026-07-08 21:59:59,11301706.5587000,10133,67520.43,5054764.4593000,0
2026-07-08 22:00:00,74.67000,75.01000,74.16000,74.48000,409105.08,2026-07-08 22:59:59,30489808.6081000,18192,230839.38,17207144.0231000,0
2026-07-08 23:00:00,74.48000,74.53000,74.32000,74.38000,69866.17,2026-07-08 23:59:59,5199660.2095000,4411,32361.39,2408734.1984000,0
2026-07-09 00:00:00,74.38000,74.45000,73.97000,73.98000,435757.65,2026-07-09 00:59:59,32326696.5419000,17375,212180.94,15741370.5387000,0
2026-07-09 01:00:00,73.98000,74.54000,73.86000,74.06000,329584.21,2026-07-09 01:59:59,24443028.0378000,17083,161644.55,11990055.2955000,0
2026-07-09 02:00:00,74.06000,74.64000,73.94000,74.50000,198918.91,2026-07-09 02:59:59,14788851.8215000,10587,104109.63,7741759.1481000,0
2026-07-09 03:00:00,74.50000,74.56000,74.15000,74.23000,264181.36,2026-07-09 03:59:59,19631232.7908000,11028,120019.55,8919919.5475000,0
2026-07-09 04:00:00,74.23000,74.39000,74.20000,74.34000,137881.47,2026-07-09 04:59:59,10242133.7553000,5941,75731.11,5626016.7473000,0
2026-07-09 05:00:00,74.34000,74.50000,72.91000,73.00000,709378.51,2026-07-09 05:59:59,52324757.3909000,27579,353787.14,26112544.9473000,0
2026-07-09 06:00:00,73.01000,73.47000,72.96000,73.25000,427111.21,2026-07-09 06:59:59,31253115.1241000,17255,239859.11,17545684.0976000,0
2026-07-09 07:00:00,73.26000,73.65000,72.47000,72.73000,497328.05,2026-07-09 07:59:59,36280260.4087000,24961,209660.69,15299217.2873000,0
2026-07-09 08:00:00,72.72000,72.99000,72.32000,72.97000,397136.33,2026-07-09 08:59:59,28827885.4096000,19564,195532.24,14196123.6516000,0
2026-07-09 09:00:00,72.98000,73.56000,72.89000,73.42000,321179.63,2026-07-09 09:59:59,23523997.5268000,16224,151902.86,11122762.1841000,0
2026-07-09 10:00:00,73.43000,74.55000,73.34000,74.20000,410751.71,2026-07-09 10:59:59,30382629.6203000,20801,221604.22,16391955.3673000,0
2026-07-09 11:00:00,74.21000,74.23000,73.78000,73.89000,325933.00,2026-07-09 11:59:59,24114875.6889000,18885,157390.93,11645465.4489000,0
2026-07-09 12:00:00,73.89000,74.05000,73.56000,73.82000,234184.82,2026-07-09 12:59:59,17279575.7838000,19136,112959.27,8334791.8443000,0
2026-07-09 13:00:00,73.82000,73.89000,72.58000,72.62000,518783.19,2026-07-09 13:59:59,37904627.1549000,31786,266053.57,19439001.5080000,0
2026-07-09 14:00:00,72.61000,72.99000,72.15000,72.26000,512984.19,2026-07-09 14:59:59,37225664.4328000,30219,247167.38,17940455.6610000,0
2026-07-09 15:00:00,72.27000,72.51000,71.76000,72.12000,441708.93,2026-07-09 15:59:59,31859999.8788000,22401,216640.27,15629142.9606000,0
2026-07-09 16:00:00,72.12000,72.26000,71.62000,71.91000,345009.65,2026-07-09 16:59:59,24825823.5683000,19501,163063.24,11736051.9157000,0
2026-07-09 17:00:00,71.91000,72.10000,71.39000,71.49000,252398.52,2026-07-09 17:59:59,18087780.1868000,13974,114168.68,8181988.6130000,0
2026-07-09 18:00:00,71.49000,72.18000,71.42000,71.59000,385208.43,2026-07-09 18:59:59,27673018.2530000,20086,193828.63,13921978.6947000,0
2026-07-09 19:00:00,71.59000,71.87000,71.43000,71.87000,130391.32,2026-07-09 19:59:59,9344877.2052000,7020,71808.85,5145316.5235000,0
2026-07-09 20:00:00,71.87000,71.91000,71.63000,71.83000,113775.95,2026-07-09 20:59:59,8166244.5607000,6081,56105.61,4027358.3746000,0
2026-07-09 21:00:00,71.83000,72.10000,71.82000,71.99000,65269.13,2026-07-09 21:59:59,4698101.4328000,5891,32637.79,2349394.4405000,0
2026-07-09 22:00:00,71.99000,71.99000,71.32000,71.81000,215306.84,2026-07-09 22:59:59,15431779.5757000,12291,97899.95,7015533.1835000,0
2026-07-09 23:00:00,71.82000,71.95000,71.76000,71.91000,78252.25,2026-07-09 23:59:59,5621348.2561000,5265,47207.06,3391771.8119000,0
2026-07-10 00:00:00,71.92000,71.98000,71.72000,71.94000,192382.62,2026-07-10 00:59:59,13826554.1206000,9622,100228.75,7203860.8340000,0
2026-07-10 01:00:00,71.94000,72.18000,71.72000,72.13000,568639.56,2026-07-10 01:59:59,40945509.8844000,21721,299988.39,21604798.5142000,0
2026-07-10 02:00:00,72.13000,72.36000,72.07000,72.31000,96176.53,2026-07-10 02:59:59,6946429.7243000,7344,46686.61,3372023.4089000,0
2026-07-10 03:00:00,72.31000,72.37000,72.11000,72.36000,70070.05,2026-07-10 03:59:59,5060456.2343000,5486,39620.67,2861524.1685000,0
2026-07-10 04:00:00,72.37000,72.50000,72.10000,72.22000,130325.89,2026-07-10 04:59:59,9424168.0673000,6365,70098.34,5069664.8098000,0
2026-07-10 05:00:00,72.22000,72.35000,71.93000,72.12000,101935.16,2026-07-10 05:59:59,7357473.6367000,6679,45618.17,3293135.9200000,0
2026-07-10 06:00:00,72.12000,72.21000,71.68000,72.01000,154111.86,2026-07-10 06:59:59,11088349.7592000,10137,73641.86,5300063.7008000,0
2026-07-10 07:00:00,72.00000,72.04000,71.28000,71.56000,482483.18,2026-07-10 07:59:59,34524921.5977000,18875,253514.47,18140097.6322000,0
2026-07-10 08:00:00,71.55000,72.13000,71.16000,71.87000,523304.12,2026-07-10 08:59:59,37468811.3671000,26786,271826.28,19465588.5675000,0
2026-07-10 09:00:00,71.87000,72.03000,71.49000,71.83000,235879.94,2026-07-10 09:59:59,16919183.9859000,15011,114701.31,8228532.1123000,0
2026-07-10 10:00:00,71.83000,72.24000,71.79000,72.19000,190900.47,2026-07-10 10:59:59,13748163.8930000,10866,90285.08,6501178.1825000,0
2026-07-10 11:00:00,72.19000,72.73000,72.11000,72.63000,422790.88,2026-07-10 11:59:59,30609684.7426000,17005,219564.74,15895493.9667000,0
2026-07-10 12:00:00,72.63000,72.77000,71.42000,71.91000,764944.40,2026-07-10 12:59:59,55103340.5471000,35236,358484.86,25825841.9375000,0
2026-07-10 13:00:00,71.91000,72.32000,71.48000,71.54000,381053.13,2026-07-10 13:59:59,27372452.8785000,22759,179976.78,12931670.9667000,0
2026-07-10 14:00:00,71.55000,73.04000,71.41000,71.92000,1357642.56,2026-07-10 14:59:59,97913736.5825000,57133,719855.37,51916919.9226000,0
2026-07-10 15:00:00,71.91000,71.91000,70.78000,71.03000,784304.09,2026-07-10 15:59:59,55900612.7004000,34300,358789.67,25576354.7752000,0
2026-07-10 16:00:00,71.04000,71.49000,71.04000,71.11000,265491.74,2026-07-10 16:59:59,18911893.1599000,16071,137561.11,9799674.4559000,0
2026-07-10 17:00:00,71.12000,71.42000,71.05000,71.33000,129047.51,2026-07-10 17:59:59,9195184.4949000,9220,73058.96,5206427.3595000,0
2026-07-10 18:00:00,71.32000,71.63000,71.13000,71.61000,270730.80,2026-07-10 18:59:59,19316592.1248000,13637,140324.46,10013196.2209000,0
2026-07-10 19:00:00,71.62000,71.71000,71.48000,71.59000,107563.69,2026-07-10 19:59:59,7702319.7994000,6607,57537.64,4119939.0102000,0
2026-07-10 20:00:00,71.60000,71.66000,71.49000,71.57000,67948.69,2026-07-10 20:59:59,4862565.6804000,4400,32580.34,2331543.7988000,0
2026-07-10 21:00:00,71.57000,71.64000,71.27000,71.48000,73484.50,2026-07-10 21:59:59,5250936.9996000,7960,30755.85,2198006.6062000,0
2026-07-10 22:00:00,71.48000,71.49000,71.38000,71.47000,11471.67,2026-07-10 22:59:59,819396.6333000,6606,6680.06,477167.8245000,0
2026-07-10 23:00:00,71.47000,71.54000,71.42000,71.48000,42500.83,2026-07-10 23:59:59,3037370.5819000,8110,18792.06,1343055.0183000,0
2026-07-11 00:00:00,71.48000,71.67000,71.44000,71.60000,39528.15,2026-07-11 00:59:59,2828970.2444000,5043,23117.70,1654313.0895000,0
2026-07-11 01:00:00,71.60000,71.62000,71.38000,71.52000,37419.20,2026-07-11 01:59:59,2675531.7430000,4158,17469.58,1249005.9031000,0
2026-07-11 02:00:00,71.51000,71.57000,71.40000,71.45000,15821.17,2026-07-11 02:59:59,1130813.8087000,2314,7822.89,559154.8195000,0
2026-07-11 03:00:00,71.44000,71.85000,71.37000,71.52000,124038.31,2026-07-11 03:59:59,8882303.1549000,10612,62902.18,4504788.1898000,0
2026-07-11 04:00:00,71.52000,71.78000,71.41000,71.64000,63559.05,2026-07-11 04:59:59,4553392.9417000,7299,31967.67,2290430.7946000,0
2026-07-11 05:00:00,71.64000,71.65000,71.34000,71.40000,34809.10,2026-07-11 05:59:59,2487012.4082000,4157,15962.89,1140343.5276000,0
2026-07-11 06:00:00,71.40000,71.54000,71.37000,71.45000,34823.74,2026-07-11 06:59:59,2487902.2300000,4208,16546.57,1182191.1252000,0
2026-07-11 07:00:00,71.46000,71.51000,71.39000,71.46000,27458.43,2026-07-11 07:59:59,1961896.3755000,3497,13471.15,962490.9195000,0
2026-07-11 08:00:00,71.46000,71.63000,71.43000,71.54000,23953.14,2026-07-11 08:59:59,1713640.5596000,3779,10387.91,743127.0780000,0
2026-07-11 09:00:00,71.54000,71.63000,71.42000,71.58000,47749.60,2026-07-11 09:59:59,3416733.8922000,4973,22044.37,1577417.6578000,0
2026-07-11 10:00:00,71.58000,71.76000,71.55000,71.71000,38906.40,2026-07-11 10:59:59,2788069.4085000,4357,18163.94,1301563.4258000,0
2026-07-11 11:00:00,71.71000,71.78000,71.55000,71.74000,41044.70,2026-07-11 11:59:59,2941433.5865000,3971,21282.23,1525205.3782000,0
2026-07-11 12:00:00,71.74000,71.85000,71.71000,71.81000,40934.07,2026-07-11 12:59:59,2938603.8914000,3833,20130.98,1445295.3035000,0
2026-07-11 13:00:00,71.81000,71.85000,71.67000,71.70000,22283.84,2026-07-11 13:59:59,1599143.0710000,2762,9572.05,686950.6480000,0
2026-07-11 14:00:00,71.69000,71.72000,71.51000,71.70000,39918.16,2026-07-11 14:59:59,2858490.4871000,4257,18946.23,1356809.1463000,0
2026-07-11 15:00:00,71.69000,71.75000,71.52000,71.59000,56461.07,2026-07-11 15:59:59,4043737.6586000,5288,27307.62,1956085.0762000,0
2026-07-11 16:00:00,71.60000,71.61000,71.48000,71.53000,18919.78,2026-07-11 16:59:59,1353389.1033000,2250,8492.39,607501.9901000,0
2026-07-11 17:00:00,71.53000,71.82000,71.53000,71.73000,47308.95,2026-07-11 17:59:59,3391835.9646000,5271,26138.07,1873721.2513000,0
2026-07-11 18:00:00,71.72000,71.81000,71.63000,71.78000,31656.77,2026-07-11 18:59:59,2270874.1342000,3708,13811.78,990704.8688000,0
2026-07-11 19:00:00,71.78000,71.78000,71.66000,71.68000,35095.02,2026-07-11 19:59:59,2517040.1230000,4043,20278.10,1454365.4548000,0
2026-07-11 20:00:00,71.69000,71.83000,71.68000,71.82000,31291.75,2026-07-11 20:59:59,2245538.3095000,3383,16795.21,1205338.5496000,0
2026-07-11 21:00:00,71.82000,71.84000,71.63000,71.81000,16027.84,2026-07-11 21:59:59,1149882.5999000,3124,8232.76,590626.7392000,0
2026-07-11 22:00:00,71.82000,74.05000,71.76000,72.70000,1258307.65,2026-07-11 22:59:59,91772955.6886000,79273,779077.06,56804986.2711000,0
2026-07-11 23:00:00,72.70000,73.58000,72.54000,73.34000,565435.69,2026-07-11 23:59:59,41354726.2376000,47957,340093.86,24870195.4244000,0
2026-07-12 00:00:00,73.34000,74.15000,73.27000,73.94000,483934.06,2026-07-12 00:59:59,35734869.7474000,66052,238778.13,17630767.2466000,0
2026-07-12 01:00:00,73.94000,73.96000,73.09000,73.44000,268968.85,2026-07-12 01:59:59,19772674.5544000,34015,124883.81,9182250.9336000,0
2026-07-12 02:00:00,73.44000,73.85000,72.80000,73.23000,303285.50,2026-07-12 02:59:59,22255320.2177000,33954,131452.25,9653043.6001000,0
2026-07-12 03:00:00,73.24000,73.44000,72.94000,73.22000,113392.32,2026-07-12 03:59:59,8296972.1482000,13454,54977.98,4023095.9552000,0
2026-07-12 04:00:00,73.23000,73.48000,73.10000,73.43000,87638.08,2026-07-12 04:59:59,6426247.7517000,9470,43106.45,3160968.2100000,0
2026-07-12 05:00:00,73.44000,73.59000,73.21000,73.28000,121195.34,2026-07-12 05:59:59,8887999.7453000,12064,65530.45,4805517.2123000,0
2026-07-12 06:00:00,73.29000,73.48000,72.97000,73.42000,93728.89,2026-07-12 06:59:59,6867735.1700000,10372,47324.45,3468185.3029000,0
2026-07-12 07:00:00,73.42000,73.78000,73.34000,73.71000,88412.85,2026-07-12 07:59:59,6506750.4123000,10561,47118.93,3468942.0236000,0
2026-07-12 08:00:00,73.71000,73.86000,73.44000,73.65000,125810.06,2026-07-12 08:59:59,9266343.5566000,13662,71160.95,5241923.5864000,0
2026-07-12 09:00:00,73.65000,73.87000,73.61000,73.75000,88550.82,2026-07-12 09:59:59,6530468.3405000,9891,43970.51,3243225.5228000,0
2026-07-12 10:00:00,73.74000,73.92000,73.64000,73.84000,51938.84,2026-07-12 10:59:59,3832184.5518000,7625,24545.35,1811352.5149000,0
2026-07-12 11:00:00,73.85000,73.89000,73.49000,73.65000,74303.05,2026-07-12 11:59:59,5475898.4213000,9890,34158.94,2517897.7142000,0
2026-07-12 12:00:00,73.64000,73.74000,73.05000,73.45000,196482.63,2026-07-12 12:59:59,14419174.2147000,17666,89158.22,6543539.6045000,0
2026-07-12 13:00:00,73.44000,73.63000,73.42000,73.52000,68850.33,2026-07-12 13:59:59,5062443.3615000,7525,38210.53,2809981.4548000,0
2026-07-12 14:00:00,73.52000,73.65000,73.38000,73.51000,47087.79,2026-07-12 14:59:59,3462421.2855000,6257,24005.20,1765213.7241000,0
2026-07-12 15:00:00,73.50000,73.57000,73.28000,73.49000,88495.17,2026-07-12 15:59:59,6496020.4966000,8770,39488.95,2899072.7557000,0
2026-07-12 16:00:00,73.50000,73.78000,73.42000,73.66000,66209.89,2026-07-12 16:59:59,4869516.1610000,7880,31650.44,2328394.3515000,0
2026-07-12 17:00:00,73.67000,74.15000,73.63000,73.95000,108995.97,2026-07-12 17:59:59,8053195.5655000,12068,55733.74,4118530.5884000,0
2026-07-12 18:00:00,73.96000,74.15000,73.36000,73.76000,129712.68,2026-07-12 18:59:59,9574267.2231000,15196,64874.20,4788949.3709000,0
2026-07-12 19:00:00,73.76000,73.96000,73.48000,73.85000,91012.42,2026-07-12 19:59:59,6708970.0525000,12699,46264.11,3410981.0417000,0
2026-07-12 20:00:00,73.85000,74.07000,73.77000,73.94000,52327.67,2026-07-12 20:59:59,3869082.0270000,8770,26191.95,1936854.0113000,0
2026-07-12 21:00:00,73.94000,74.12000,73.61000,73.78000,108386.33,2026-07-12 21:59:59,8012467.3681000,11621,52519.15,3882986.3497000,0
2026-07-12 22:00:00,73.79000,74.12000,73.19000,73.52000,794353.01,2026-07-12 22:59:59,58485964.0964000,44842,345287.06,25430380.7699000,0
2026-07-12 23:00:00,73.52000,73.72000,73.41000,73.60000,335685.27,2026-07-12 23:59:59,24675031.8643000,15612,147738.26,10861503.2134000,0
2026-07-13 00:00:00,73.60000,74.31000,73.55000,74.10000,282666.39,2026-07-13 00:59:59,20921672.6511000,18128,130151.84,9638540.3266000,0
2026-07-13 01:00:00,74.10000,74.49000,74.05000,74.24000,333923.61,2026-07-13 01:59:59,24796269.2329000,26679,150967.13,11210597.1049000,0
2026-07-13 02:00:00,74.25000,74.43000,73.99000,74.14000,263806.82,2026-07-13 02:59:59,19579036.9625000,17386,118602.32,8802804.2721000,0
2026-07-13 03:00:00,74.14000,74.32000,74.02000,74.18000,169375.95,2026-07-13 03:59:59,12566739.1298000,12262,76381.44,5667802.3062000,0
2026-07-13 04:00:00,74.18000,74.42000,74.16000,74.40000,74966.51,2026-07-13 04:59:59,5567443.4094000,5896,36054.74,2677752.6671000,0
2026-07-13 05:00:00,74.40000,74.92000,74.35000,74.59000,335903.95,2026-07-13 05:59:59,25065227.9917000,15732,174124.50,12994349.6634000,0
2026-07-13 06:00:00,74.59000,74.61000,73.89000,73.98000,431020.52,2026-07-13 06:59:59,31985498.8880000,20595,161954.97,12017825.5624000,0
2026-07-13 07:00:00,73.97000,74.15000,73.59000,73.91000,341997.96,2026-07-13 07:59:59,25284089.2791000,21401,167389.69,12375935.7161000,0
2026-07-13 08:00:00,73.91000,73.96000,72.68000,72.96000,820960.74,2026-07-13 08:59:59,60132089.4248000,35499,401185.05,29388928.5027000,0
2026-07-13 09:00:00,72.97000,73.15000,72.59000,73.09000,521653.43,2026-07-13 09:59:59,37985182.2533000,25359,285007.75,20753052.0729000,0
2026-07-13 10:00:00,73.08000,73.83000,73.08000,73.72000,571513.42,2026-07-13 10:59:59,42042181.3956000,26214,282151.49,20757046.5357000,0
2026-07-13 11:00:00,73.71000,73.97000,73.51000,73.74000,439937.62,2026-07-13 11:59:59,32451720.1788000,24120,223146.60,16459284.6441000,0
2026-07-13 12:00:00,73.74000,74.39000,73.62000,73.76000,387627.37,2026-07-13 12:59:59,28701252.7402000,26402,191906.55,14211578.7318000,0
2026-07-13 13:00:00,73.75000,74.05000,73.37000,73.69000,322144.40,2026-07-13 13:59:59,23758171.7395000,24620,148327.54,10937672.3925000,0
2026-07-13 14:00:00,73.69000,75.13000,73.48000,74.37000,1527200.66,2026-07-13 14:59:59,113869945.8246000,66163,822018.37,61319787.6706000,0
2026-07-13 15:00:00,74.36000,74.87000,74.30000,74.78000,335759.18,2026-07-13 15:59:59,25056046.3346000,22126,168872.26,12604044.5275000,0
2026-07-13 16:00:00,74.77000,75.82000,74.67000,75.58000,785526.06,2026-07-13 16:59:59,59093075.9007000,34164,390145.23,29363589.5186000,0
2026-07-13 17:00:00,75.57000,77.47000,75.28000,77.43000,1125171.14,2026-07-13 17:59:59,85974907.6597000,45256,557027.02,42586099.6437000,0
2026-07-13 18:00:00,77.43000,78.28000,77.24000,77.50000,1552587.12,2026-07-13 18:59:59,120693035.8629000,61835,781922.37,60790678.7996000,0
2026-07-13 19:00:00,77.50000,77.80000,77.32000,77.49000,448554.20,2026-07-13 19:59:59,34802165.5738000,20134,218318.37,16938559.0832000,0
2026-07-13 20:00:00,77.50000,78.39000,77.48000,77.77000,689662.91,2026-07-13 20:59:59,53771841.0175000,29725,360559.00,28115501.2368000,0
2026-07-13 21:00:00,77.78000,77.88000,77.44000,77.67000,215655.62,2026-07-13 21:59:59,16747840.2683000,16399,114041.16,8855553.0170000,0
2026-07-13 22:00:00,77.67000,78.84000,77.65000,78.82000,448860.45,2026-07-13 22:59:59,35028493.4580000,23856,252299.71,19689417.9929000,0
2026-07-13 23:00:00,78.82000,79.34000,78.38000,78.71000,531055.04,2026-07-13 23:59:59,41881625.0543000,29041,268905.43,21208538.8392000,0
2026-07-14 00:00:00,78.71000,80.09000,78.35000,79.51000,972634.28,2026-07-14 00:59:59,77210861.9102000,57087,469900.98,37316040.9315000,0
2026-07-14 01:00:00,79.51000,79.58000,78.65000,79.07000,496021.72,2026-07-14 01:59:59,39195792.0766000,36309,245474.15,19401295.1870000,0
2026-07-14 02:00:00,79.08000,79.12000,78.40000,79.02000,392146.32,2026-07-14 02:59:59,30886285.4959000,22169,171190.99,13487808.5475000,0
2026-07-14 03:00:00,79.02000,79.55000,78.91000,79.09000,345362.01,2026-07-14 03:59:59,27356806.9578000,21630,172099.56,13636117.9730000,0
2026-07-14 04:00:00,79.09000,79.39000,78.92000,79.24000,257701.73,2026-07-14 04:59:59,20393455.8423000,13801,124279.75,9836169.6098000,0
2026-07-14 05:00:00,79.24000,79.37000,78.33000,78.84000,356341.25,2026-07-14 05:59:59,28078124.9734000,22533,164409.96,12951598.2534000,0
2026-07-14 06:00:00,78.85000,79.94000,78.80000,79.80000,505204.01,2026-07-14 06:59:59,40169414.7380000,28132,263093.75,20920000.4598000,0
2026-07-14 07:00:00,79.79000,80.32000,79.38000,79.74000,567352.06,2026-07-14 07:59:59,45316363.7787000,37949,269688.19,21545479.3310000,0
2026-07-14 08:00:00,79.75000,80.44000,79.43000,80.41000,698335.23,2026-07-14 08:59:59,55840007.8911000,46398,359580.91,28763057.2270000,0
2026-07-14 09:00:00,80.41000,80.58000,79.47000,79.98000,584936.89,2026-07-14 09:59:59,46746863.3042000,39227,289753.82,23157820.7447000,0
2026-07-14 10:00:00,79.98000,80.53000,79.66000,80.17000,524847.38,2026-07-14 10:59:59,42054342.0734000,28744,248895.34,19946706.8688000,0
2026-07-14 11:00:00,80.18000,80.31000,78.86000,78.93000,916747.13,2026-07-14 11:59:59,72777826.2670000,39375,398597.90,31648966.9875000,0
2026-07-14 12:00:00,78.93000,80.10000,78.87000,79.91000,1093535.63,2026-07-14 12:59:59,86790160.0303000,41304,599061.95,47513563.2373000,0
2026-07-14 13:00:00,79.92000,80.18000,78.94000,79.21000,905267.57,2026-07-14 13:59:59,71955693.6427000,51218,416566.08,33121150.1596000,0
2026-07-14 14:00:00,79.22000,79.35000,77.72000,78.27000,1441173.88,2026-07-14 14:59:59,113215787.7408000,75647,653887.42,51364168.9701000,0
2026-07-14 15:00:00,78.27000,79.27000,77.31000,78.89000,2588260.34,2026-07-14 15:59:59,202473172.8926000,91251,1193260.19,93377151.8433000,0
2026-07-14 16:00:00,78.89000,79.03000,78.30000,78.55000,471680.46,2026-07-14 16:59:59,37113440.0206000,29322,232775.97,18318849.3161000,0
2026-07-14 17:00:00,78.55000,78.67000,78.02000,78.21000,241203.71,2026-07-14 17:59:59,18899551.8722000,21577,106957.25,8380829.5189000,0
2026-07-14 18:00:00,78.21000,79.06000,78.21000,78.93000,327525.33,2026-07-14 18:59:59,25791087.6588000,23668,182696.65,14387779.9608000,0
2026-07-14 19:00:00,78.93000,79.30000,78.81000,79.01000,372829.90,2026-07-14 19:59:59,29472965.0203000,18462,223001.39,17632289.0123000,0
2026-07-14 20:00:00,79.01000,79.54000,79.00000,79.07000,195742.13,2026-07-14 20:59:59,15508488.6342000,11579,103601.64,8207661.3838000,0
2026-07-14 21:00:00,79.07000,79.09000,78.79000,78.92000,70715.93,2026-07-14 21:59:59,5582929.4534000,6456,31188.37,2462720.7766000,0
2026-07-14 22:00:00,78.91000,79.49000,78.89000,79.21000,289664.42,2026-07-14 22:59:59,22960950.9339000,16081,152433.12,12084011.1897000,0
2026-07-14 23:00:00,79.22000,79.24000,78.96000,79.06000,95780.72,2026-07-14 23:59:59,7577513.5531000,7216,38055.47,3011010.7537000,0
2026-07-15 00:00:00,79.06000,79.79000,78.84000,79.39000,227552.66,2026-07-15 00:59:59,18077989.6702000,16506,102737.65,8159917.8239000,0
2026-07-15 01:00:00,79.39000,79.45000,78.97000,79.42000,178436.85,2026-07-15 01:59:59,14136446.0254000,16922,81749.51,6477771.6929000,0
2026-07-15 02:00:00,79.42000,79.62000,79.21000,79.49000,114923.31,2026-07-15 02:59:59,9127663.8939000,9056,53657.01,4262806.4953000,0
2026-07-15 03:00:00,79.48000,79.50000,79.02000,79.13000,119089.28,2026-07-15 03:59:59,9439453.9019000,9128,51246.04,4061532.3638000,0
2026-07-15 04:00:00,79.12000,79.25000,78.85000,78.99000,130461.35,2026-07-15 04:59:59,10311362.5592000,8425,60483.48,4781111.1350000,0
2026-07-15 05:00:00,78.98000,79.19000,78.65000,78.87000,161664.58,2026-07-15 05:59:59,12759845.8564000,13537,84268.72,6651743.4074000,0
2026-07-15 06:00:00,78.87000,79.21000,78.68000,79.15000,134503.36,2026-07-15 06:59:59,10612171.7340000,12624,75528.03,5960094.2499000,0
2026-07-15 07:00:00,79.16000,79.78000,79.16000,79.70000,186392.71,2026-07-15 07:59:59,14817775.3388000,18292,91963.54,7311410.4580000,0
2026-07-15 08:00:00,79.70000,80.06000,78.62000,78.67000,516811.95,2026-07-15 08:59:59,41006992.2660000,38592,254493.74,20193230.1774000,0
2026-07-15 09:00:00,78.66000,79.37000,78.55000,79.33000,209257.73,2026-07-15 09:59:59,16521322.8990000,17444,107566.79,8491677.9000000,0
2026-07-15 10:00:00,79.33000,79.59000,79.18000,79.20000,193743.98,2026-07-15 10:59:59,15380213.3157000,15107,101074.16,8023658.8288000,0
2026-07-15 11:00:00,79.20000,79.36000,78.73000,78.91000,136069.87,2026-07-15 11:59:59,10756050.6633000,15474,62536.92,4943660.6364000,0
2026-07-15 12:00:00,78.90000,79.22000,78.88000,79.09000,132092.70,2026-07-15 12:59:59,10444433.6252000,12103,63026.84,4983054.3016000,0
2026-07-15 13:00:00,79.09000,79.79000,78.82000,79.21000,451912.79,2026-07-15 13:59:59,35838907.5565000,30225,211851.79,16800913.5834000,0
2026-07-15 14:00:00,79.22000,79.27000,78.09000,78.18000,681066.09,2026-07-15 14:59:59,53592399.9805000,33206,299019.75,23540189.6649000,0
2026-07-15 15:00:00,78.17000,78.48000,77.76000,78.41000,467721.79,2026-07-15 15:59:59,36551201.5756000,29022,242358.34,18941152.9060000,0
2026-07-15 16:00:00,78.42000,79.14000,78.37000,78.94000,383811.16,2026-07-15 16:59:59,30221350.9208000,26727,210600.39,16583272.0716000,0
2026-07-15 17:00:00,78.94000,78.94000,78.30000,78.55000,237282.67,2026-07-15 17:59:59,18657559.0776000,18414,98208.17,7721330.0982000,0
2026-07-15 18:00:00,78.54000,79.32000,78.41000,79.23000,245013.33,2026-07-15 18:59:59,19368108.1774000,15374,132104.30,10444502.4593000,0
2026-07-15 19:00:00,79.24000,80.09000,79.04000,79.74000,549387.08,2026-07-15 19:59:59,43728733.6023000,22826,285381.29,22719858.7278000,0
2026-07-15 20:00:00,79.74000,79.95000,79.62000,79.67000,172816.65,2026-07-15 20:59:59,13788819.4555000,10122,93582.77,7468391.2061000,0
2026-07-15 21:00:00,79.67000,79.82000,79.46000,79.64000,85116.76,2026-07-15 21:59:59,6778800.7552000,7513,45567.96,3629481.1989000,0
2026-07-15 22:00:00,79.64000,79.96000,79.41000,79.71000,163278.91,2026-07-15 22:59:59,13009841.3571000,12980,78764.56,6276377.0406000,0
2026-07-15 23:00:00,79.71000,79.76000,79.51000,79.60000,65503.79,2026-07-15 23:59:59,5216168.0729000,5642,28359.13,2258523.2038000,0
2026-07-16 00:00:00,79.60000,79.67000,79.31000,79.58000,143251.81,2026-07-16 00:59:59,11390194.4630000,9548,72795.38,5789077.4724000,0
2026-07-16 01:00:00,79.58000,79.82000,79.42000,79.51000,151340.13,2026-07-16 01:59:59,12047405.2814000,12459,64197.63,5110266.0470000,0
2026-07-16 02:00:00,79.52000,79.72000,79.46000,79.49000,65852.85,2026-07-16 02:59:59,5239530.3160000,7016,37685.06,2998474.0516000,0
2026-07-16 03:00:00,79.49000,79.54000,78.79000,79.05000,232438.32,2026-07-16 03:59:59,18387086.5532000,13470,112323.33,8884655.4612000,0
2026-07-16 04:00:00,79.04000,79.11000,78.78000,78.92000,115582.57,2026-07-16 04:59:59,9121908.0120000,6046,59819.59,4720313.0621000,0
2026-07-16 05:00:00,78.91000,79.02000,78.70000,78.91000,116381.67,2026-07-16 05:59:59,9178268.4362000,8714,59144.19,4663927.5293000,0
2026-07-16 06:00:00,78.92000,79.20000,78.79000,78.93000,167627.07,2026-07-16 06:59:59,13241630.8113000,12846,94023.49,7426747.4254000,0
2026-07-16 07:00:00,78.92000,79.22000,78.72000,78.99000,137530.56,2026-07-16 07:59:59,10862973.1348000,13772,67852.77,5358496.1782000,0
2026-07-16 08:00:00,78.99000,79.11000,78.72000,78.79000,261723.77,2026-07-16 08:59:59,20655848.0715000,18895,136312.99,10758684.3093000,0
2026-07-16 09:00:00,78.79000,79.08000,78.33000,78.98000,402848.84,2026-07-16 09:59:59,31706331.6599000,21706,187545.12,14763839.9322000,0
2026-07-16 10:00:00,78.99000,79.13000,78.83000,79.10000,162884.29,2026-07-16 10:59:59,12867049.8080000,11444,79909.02,6313608.9165000,0
2026-07-16 11:00:00,79.09000,79.78000,78.82000,79.16000,521582.04,2026-07-16 11:59:59,41354946.2378000,26332,299016.76,23710076.8039000,0
2026-07-16 12:00:00,79.15000,80.12000,79.12000,79.91000,573001.00,2026-07-16 12:59:59,45729013.7800000,28272,304628.48,24307797.7644000,0
2026-07-16 13:00:00,79.90000,80.34000,79.32000,79.56000,545676.36,2026-07-16 13:59:59,43524244.2457000,29868,273620.95,21829491.7296000,0
2026-07-16 14:00:00,79.56000,79.76000,78.95000,79.05000,593101.49,2026-07-16 14:59:59,47049006.4034000,26926,304657.06,24170803.8662000,0
2026-07-16 15:00:00,79.06000,79.25000,78.66000,78.81000,573539.72,2026-07-16 15:59:59,45275717.4563000,26475,290962.32,22971346.9612000,0
2026-07-16 16:00:00,78.80000,79.52000,78.26000,78.43000,673393.56,2026-07-16 16:59:59,53120113.6914000,35735,328615.50,25927031.2248000,0
2026-07-16 17:00:00,78.44000,78.68000,78.08000,78.19000,451183.24,2026-07-16 17:59:59,35347108.4107000,18682,212438.44,16647513.4456000,0
2026-07-16 18:00:00,78.19000,78.45000,77.97000,78.39000,343341.49,2026-07-16 18:59:59,26861858.5932000,17627,181445.90,14197886.9202000,0
2026-07-16 19:00:00,78.40000,78.55000,78.32000,78.43000,162403.04,2026-07-16 19:59:59,12736230.5970000,6755,67119.46,5263185.3602000,0
2026-07-16 20:00:00,78.42000,79.03000,78.23000,78.93000,210193.74,2026-07-16 20:59:59,16528988.6421000,11358,114635.76,9010038.4606000,0
2026-07-16 21:00:00,78.93000,79.20000,78.79000,78.98000,84090.72,2026-07-16 21:59:59,6642294.2114000,9186,41759.61,3298341.7937000,0
2026-07-16 22:00:00,78.98000,79.09000,78.84000,78.97000,81082.49,2026-07-16 22:59:59,6403994.4889000,6962,39594.52,3127210.0550000,0
2026-07-16 23:00:00,78.96000,79.04000,78.93000,79.01000,50217.56,2026-07-16 23:59:59,3965882.0781000,3320,29181.95,2304603.7284000,0
2026-07-17 00:00:00,79.01000,79.16000,78.79000,79.12000,137515.85,2026-07-17 00:59:59,10858177.8478000,9834,63354.62,5002695.8311000,0
2026-07-17 01:00:00,79.12000,79.56000,79.03000,79.18000,228484.92,2026-07-17 01:59:59,18115333.3385000,14689,122244.95,9691859.7046000,0
2026-07-17 02:00:00,79.19000,79.25000,78.80000,79.03000,144105.68,2026-07-17 02:59:59,11386137.7337000,10116,58955.92,4657083.0444000,0
2026-07-17 03:00:00,79.03000,79.20000,78.89000,79.18000,124871.72,2026-07-17 03:59:59,9870515.7894000,8414,58638.62,4635124.4780000,0
2026-07-17 04:00:00,79.18000,79.31000,79.08000,79.18000,80560.82,2026-07-17 04:59:59,6381596.8089000,5522,40364.33,3198258.4179000,0
2026-07-17 05:00:00,79.19000,79.22000,78.14000,78.44000,413843.99,2026-07-17 05:59:59,32473364.2617000,22727,211325.77,16578820.9890000,0
2026-07-17 06:00:00,78.44000,78.89000,77.96000,78.63000,406288.59,2026-07-17 06:59:59,31830699.9996000,21515,221147.88,17327445.7856000,0
2026-07-17 07:00:00,78.62000,79.14000,78.62000,78.78000,212780.49,2026-07-17 07:59:59,16790188.5066000,15376,98332.59,7760047.7534000,0
2026-07-17 08:00:00,78.78000,79.35000,78.55000,79.30000,597807.99,2026-07-17 08:59:59,47222444.8640000,27578,259264.48,20477244.9551000,0
2026-07-17 09:00:00,79.31000,79.94000,79.31000,79.77000,643171.97,2026-07-17 09:59:59,51231115.3276000,26801,331298.12,26391039.3560000,0
2026-07-17 10:00:00,79.77000,80.09000,79.59000,79.97000,370976.17,2026-07-17 10:59:59,29626001.6697000,17599,185970.17,14854472.3825000,0
2026-07-17 11:00:00,79.97000,80.31000,79.92000,80.17000,420113.92,2026-07-17 11:59:59,33657336.6274000,19850,214986.39,17222776.1853000,0
2026-07-17 12:00:00,80.17000,80.45000,80.03000,80.39000,530531.50,2026-07-17 12:59:59,42580435.6306000,21816,259292.65,20816723.9247000,0
2026-07-17 13:00:00,80.38000,81.19000,80.32000,81.15000,1046735.56,2026-07-17 13:59:59,84641456.3700000,35519,524607.60,42421029.9172000,0
2026-07-17 14:00:00,81.14000,81.28000,80.23000,80.26000,739252.82,2026-07-17 14:59:59,59727794.3743000,29195,334072.66,26996031.4180000,0
2026-07-17 15:00:00,80.25000,80.87000,79.84000,80.69000,1043094.50,2026-07-17 15:59:59,83877002.9488000,40952,553278.49,44501232.4182000,0
2026-07-17 16:00:00,80.69000,81.58000,80.62000,81.45000,925649.67,2026-07-17 16:59:59,75251315.4035000,36221,477154.74,38787252.0558000,0
2026-07-17 17:00:00,81.46000,81.90000,81.27000,81.77000,629814.57,2026-07-17 17:59:59,51442841.2921000,22272,328418.65,26826235.3668000,0
2026-07-17 18:00:00,81.76000,82.08000,81.39000,81.43000,526577.17,2026-07-17 18:59:59,43049962.7557000,22268,252049.07,20609486.7067000,0
2026-07-17 19:00:00,81.44000,81.49000,81.07000,81.47000,249281.89,2026-07-17 19:59:59,20269376.7261000,12796,131447.43,10688609.7075000,0
2026-07-17 20:00:00,81.47000,81.84000,81.34000,81.79000,156361.40,2026-07-17 20:59:59,12771990.0679000,9472,87532.43,7149387.4085000,0
2026-07-17 21:00:00,81.79000,82.08000,81.77000,81.82000,78006.93,2026-07-17 21:59:59,6390263.9828000,7109,41239.28,3378301.9515000,0
2026-07-17 22:00:00,81.82000,82.37000,81.70000,82.36000,103816.47,2026-07-17 22:59:59,8524262.9525000,10418,60734.91,4988551.5429000,0
2026-07-17 23:00:00,82.35000,82.43000,82.06000,82.16000,68032.46,2026-07-17 23:59:59,5594970.0337000,9178,31931.21,2626475.6523000,0
2026-07-18 00:00:00,82.16000,82.35000,81.63000,82.01000,98698.27,2026-07-18 00:59:59,8088040.4320000,12028,49720.89,4075332.6531000,0
2026-07-18 01:00:00,82.01000,82.08000,81.83000,82.06000,38917.41,2026-07-18 01:59:59,3189625.8926000,5488,20029.10,1641532.1713000,0
2026-07-18 02:00:00,82.07000,82.20000,81.92000,82.06000,54465.61,2026-07-18 02:59:59,4468760.4318000,6941,26816.86,2200364.0872000,0
2026-07-18 03:00:00,82.07000,82.12000,81.71000,81.82000,43404.32,2026-07-18 03:59:59,3555314.1019000,5593,21294.52,1744312.5152000,0
2026-07-18 04:00:00,81.82000,81.82000,81.47000,81.51000,92817.20,2026-07-18 04:59:59,7575222.5745000,8068,42303.93,3452235.2050000,0
2026-07-18 05:00:00,81.51000,81.60000,81.48000,81.48000,29040.42,2026-07-18 05:59:59,2368417.6838000,3372,17136.74,1397719.4405000,0
2026-07-18 06:00:00,81.48000,81.70000,81.39000,81.69000,50559.63,2026-07-18 06:59:59,4123619.8366000,5866,28801.51,2349070.6668000,0
2026-07-18 07:00:00,81.70000,82.02000,81.69000,81.89000,65603.41,2026-07-18 07:59:59,5373872.3062000,6838,30514.97,2499591.9900000,0
2026-07-18 08:00:00,81.90000,82.08000,81.87000,82.08000,33218.13,2026-07-18 08:59:59,2722701.2029000,4558,23294.27,1909311.5599000,0
2026-07-18 09:00:00,82.08000,82.20000,81.95000,82.17000,51180.49,2026-07-18 09:59:59,4201051.9671000,7132,27302.92,2241290.7025000,0
2026-07-18 10:00:00,82.17000,82.91000,82.14000,82.60000,223657.98,2026-07-18 10:59:59,18472662.4331000,20685,112922.67,9323844.3212000,0
2026-07-18 11:00:00,82.61000,82.85000,82.52000,82.69000,94289.94,2026-07-18 11:59:59,7794503.5849000,11615,48223.88,3986417.5494000,0
2026-07-18 12:00:00,82.69000,82.79000,82.60000,82.75000,63240.93,2026-07-18 12:59:59,5229990.5475000,6676,29735.96,2459309.8101000,0
2026-07-18 13:00:00,82.76000,82.76000,82.52000,82.63000,61165.31,2026-07-18 13:59:59,5054930.9692000,5778,28636.80,2366705.9911000,0
2026-07-18 14:00:00,82.64000,82.73000,82.46000,82.54000,72455.96,2026-07-18 14:59:59,5985051.0146000,6452,34409.72,2842773.0020000,0
2026-07-18 15:00:00,82.54000,82.82000,82.52000,82.55000,120115.12,2026-07-18 15:59:59,9929363.9665000,8152,59023.04,4880701.6359000,0
2026-07-18 16:00:00,82.56000,82.79000,82.54000,82.70000,61759.45,2026-07-18 16:59:59,5106722.3087000,6273,25261.54,2088589.0915000,0
2026-07-18 17:00:00,82.70000,83.20000,82.69000,83.04000,222787.00,2026-07-18 17:59:59,18496117.0626000,14370,126378.59,10490890.0050000,0
2026-07-18 18:00:00,83.04000,84.68000,83.04000,84.00000,622406.66,2026-07-18 18:59:59,52246640.7918000,42907,321641.73,26965157.1671000,0
2026-07-18 19:00:00,84.00000,84.04000,83.14000,83.47000,208316.96,2026-07-18 19:59:59,17447271.3884000,23202,114015.68,9554468.2423000,0
2026-07-18 20:00:00,83.47000,83.91000,83.44000,83.65000,108284.98,2026-07-18 20:59:59,9058143.2607000,12775,56732.71,4745840.1345000,0
2026-07-18 21:00:00,83.65000,83.84000,83.00000,83.61000,142742.78,2026-07-18 21:59:59,11913809.9960000,18689,64600.06,5391806.6349000,0
2026-07-18 22:00:00,83.62000,84.13000,83.61000,83.93000,144188.74,2026-07-18 22:59:59,12099275.6429000,15228,78707.34,6604945.8848000,0
2026-07-18 23:00:00,83.93000,84.18000,83.51000,83.65000,90561.74,2026-07-18 23:59:59,7594307.7326000,9696,45358.89,3804846.5587000,0
2026-07-19 00:00:00,83.66000,83.90000,83.58000,83.73000,45937.75,2026-07-19 00:59:59,3845875.3151000,5022,19599.75,1640881.3371000,0
2026-07-19 01:00:00,83.73000,83.79000,83.45000,83.49000,51606.31,2026-07-19 01:59:59,4313780.2293000,5402,22234.10,1858700.5387000,0
2026-07-19 02:00:00,83.48000,83.71000,83.24000,83.45000,68542.45,2026-07-19 02:59:59,5720181.1658000,8160,31627.74,2639573.9796000,0
2026-07-19 03:00:00,83.45000,83.84000,83.45000,83.63000,61527.35,2026-07-19 03:59:59,5146975.0112000,7458,32272.65,2699595.7046000,0
2026-07-19 04:00:00,83.62000,83.80000,83.54000,83.65000,56749.42,2026-07-19 04:59:59,4746870.5551000,6377,31401.60,2626897.4690000,0
2026-07-19 05:00:00,83.64000,83.70000,83.52000,83.53000,71561.49,2026-07-19 05:59:59,5982303.3979000,4921,19139.68,1600150.0835000,0
2026-07-19 06:00:00,83.54000,83.98000,83.42000,83.94000,100972.29,2026-07-19 06:59:59,8444008.8113000,8046,66619.47,5569869.8860000,0
2026-07-19 07:00:00,83.93000,84.00000,83.57000,83.72000,91306.51,2026-07-19 07:59:59,7645016.3867000,12154,48585.23,4068302.0761000,0
2026-07-19 08:00:00,83.73000,83.93000,83.66000,83.90000,38239.66,2026-07-19 08:59:59,3203007.5083000,4466,25194.18,2110303.6278000,0
2026-07-19 09:00:00,83.90000,84.00000,83.75000,83.88000,87010.73,2026-07-19 09:59:59,7299488.1884000,7925,39766.60,3336505.9087000,0
2026-07-19 10:00:00,83.87000,83.88000,83.71000,83.74000,43204.80,2026-07-19 10:59:59,3620462.7619000,4359,18769.89,1572830.3570000,0
2026-07-19 11:00:00,83.73000,83.79000,83.49000,83.65000,90059.15,2026-07-19 11:59:59,7535059.7488000,7466,49885.47,4174413.0120000,0
2026-07-19 12:00:00,83.65000,83.90000,83.60000,83.85000,31973.34,2026-07-19 12:59:59,2678818.4274000,3963,17110.46,1433570.9681000,0
2026-07-19 13:00:00,83.85000,83.87000,83.65000,83.76000,34093.68,2026-07-19 13:59:59,2855895.7768000,3611,17342.25,1452705.4610000,0
2026-07-19 14:00:00,83.77000,83.85000,83.70000,83.84000,41078.93,2026-07-19 14:59:59,3441255.5680000,3260,26392.97,2210885.5633000,0
2026-07-19 15:00:00,83.85000,83.98000,83.81000,83.83000,41763.72,2026-07-19 15:59:59,3503882.8783000,4598,21839.18,1832286.8219000,0
2026-07-19 16:00:00,83.83000,83.97000,83.55000,83.67000,73965.33,2026-07-19 16:59:59,6197152.4999000,7248,37468.29,3139660.9128000,0
2026-07-19 17:00:00,83.68000,83.76000,83.51000,83.65000,53110.39,2026-07-19 17:59:59,4440913.1745000,6890,29283.98,2448713.3098000,0
2026-07-19 18:00:00,83.65000,83.80000,83.31000,83.69000,207947.35,2026-07-19 18:59:59,17380138.1521000,15518,104248.46,8715242.0037000,0
2026-07-19 19:00:00,83.69000,83.77000,83.47000,83.49000,35270.95,2026-07-19 19:59:59,2949110.9659000,4395,14954.21,1250290.3702000,0
2026-07-19 20:00:00,83.48000,83.77000,83.46000,83.73000,33790.45,2026-07-19 20:59:59,2826728.9960000,4923,18978.61,1587504.5881000,0
2026-07-19 21:00:00,83.74000,83.74000,83.36000,83.40000,51355.60,2026-07-19 21:59:59,4291735.6184000,4121,24720.54,2066546.9657000,0
2026-07-19 22:00:00,83.41000,84.57000,83.05000,84.03000,922489.67,2026-07-19 22:59:59,77443425.5362000,50815,480203.44,40328445.6986000,0
2026-07-19 23:00:00,84.04000,84.17000,83.74000,83.85000,193520.24,2026-07-19 23:59:59,16242837.2156000,12971,86245.18,7238713.5848000,0
2026-07-20 00:00:00,83.84000,83.90000,83.52000,83.57000,216001.02,2026-07-20 00:59:59,18073385.8071000,14412,112159.46,9385078.9129000,0
2026-07-20 01:00:00,83.56000,83.87000,83.35000,83.70000,225688.35,2026-07-20 01:59:59,18863657.5160000,20508,117245.18,9801059.1552000,0
2026-07-20 02:00:00,83.69000,83.86000,83.36000,83.39000,203138.89,2026-07-20 02:59:59,16978253.7184000,13745,91203.26,7624218.7637000,0
2026-07-20 03:00:00,83.38000,83.67000,83.36000,83.66000,67126.57,2026-07-20 03:59:59,5607830.1454000,7234,33098.68,2765434.9541000,0
2026-07-20 04:00:00,83.66000,83.78000,83.48000,83.54000,68181.02,2026-07-20 04:59:59,5702903.2618000,5300,34401.88,2877617.7216000,0
2026-07-20 05:00:00,83.54000,83.89000,83.48000,83.82000,113266.58,2026-07-20 05:59:59,9478700.8610000,8765,59216.04,4956028.0114000,0
2026-07-20 06:00:00,83.82000,84.19000,83.68000,83.90000,341594.31,2026-07-20 06:59:59,28671964.2363000,21524,180067.16,15115402.5679000,0
2026-07-20 07:00:00,83.89000,84.16000,82.09000,82.24000,954626.03,2026-07-20 07:59:59,79067670.7029000,47160,446086.48,36933564.8811000,0
2026-07-20 08:00:00,82.23000,82.24000,81.29000,81.58000,765541.14,2026-07-20 08:59:59,62521743.6418000,44771,368971.55,30131968.4771000,0
2026-07-20 09:00:00,81.59000,81.75000,81.00000,81.18000,404687.80,2026-07-20 09:59:59,32899941.5704000,24395,191498.58,15570915.7752000,0
2026-07-20 10:00:00,81.18000,81.87000,81.18000,81.66000,516010.56,2026-07-20 10:59:59,42087771.3952000,19915,277697.11,22650944.4689000,0
2026-07-20 11:00:00,81.65000,81.76000,79.64000,80.31000,1618972.33,2026-07-20 11:59:59,130286949.8311000,65872,648075.48,52128456.1632000,0
2026-07-20 12:00:00,80.30000,82.15000,80.28000,81.90000,1614846.13,2026-07-20 12:59:59,131798356.7080000,67471,837649.94,68339860.4271000,0
2026-07-20 13:00:00,81.90000,82.01000,81.14000,81.73000,635596.17,2026-07-20 13:59:59,51837607.9627000,33485,306270.03,24975933.4195000,0
2026-07-20 14:00:00,81.73000,82.08000,81.34000,82.00000,416828.39,2026-07-20 14:59:59,34081422.9221000,24850,231119.45,18902010.7413000,0
2026-07-20 15:00:00,82.00000,82.09000,81.17000,81.48000,544004.37,2026-07-20 15:59:59,44348832.6031000,27762,283344.76,23097168.1772000,0
2026-07-20 16:00:00,81.49000,82.39000,81.19000,81.89000,785097.32,2026-07-20 16:59:59,64167168.0356000,30013,418367.13,34193998.0379000,0
2026-07-20 17:00:00,81.90000,82.29000,81.67000,82.18000,286942.69,2026-07-20 17:59:59,23529068.6511000,16558,145273.37,11911738.5044000,0
2026-07-20 18:00:00,82.18000,83.14000,81.87000,82.85000,493937.91,2026-07-20 18:59:59,40756747.2302000,23928,283056.75,23351276.1533000,0
2026-07-20 19:00:00,82.85000,82.99000,82.16000,82.44000,498044.17,2026-07-20 19:59:59,41138295.6472000,20433,256428.63,21180402.2554000,0
2026-07-20 20:00:00,82.44000,82.56000,82.34000,82.44000,101387.58,2026-07-20 20:59:59,8359032.5355000,5491,52349.78,4316261.8235000,0
2026-07-20 21:00:00,82.43000,82.44000,82.26000,82.39000,26193.33,2026-07-20 21:59:59,2157238.2348000,3497,9791.59,806436.7124000,0
2026-07-20 22:00:00,82.38000,82.68000,82.37000,82.64000,173807.50,2026-07-20 22:59:59,14350491.7819000,7913,103318.17,8530766.8727000,0
2026-07-20 23:00:00,82.65000,82.73000,82.45000,82.50000,55655.11,2026-07-20 23:59:59,4596518.4901000,5113,25516.10,2107783.3103000,0
2026-07-21 00:00:00,82.49000,82.55000,82.33000,82.52000,122616.28,2026-07-21 00:59:59,10109251.8057000,6049,54817.12,4519710.4624000,0
2026-07-21 01:00:00,82.52000,82.55000,81.92000,82.42000,264175.47,2026-07-21 01:59:59,21713914.5552000,13975,119919.62,9856886.1506000,0
2026-07-21 02:00:00,82.42000,82.52000,82.12000,82.16000,75422.55,2026-07-21 02:59:59,6211045.6794000,7224,34483.77,2840108.2426000,0
2026-07-21 03:00:00,82.16000,82.41000,82.10000,82.18000,80730.08,2026-07-21 03:59:59,6639787.7833000,6106,40799.60,3356114.9255000,0
2026-07-21 04:00:00,82.17000,82.25000,81.91000,82.14000,64654.74,2026-07-21 04:59:59,5307556.3254000,5131,25045.31,2055787.2738000,0
2026-07-21 05:00:00,82.14000,82.41000,81.82000,82.06000,155927.30,2026-07-21 05:59:59,12806555.1967000,9741,69710.72,5727223.8972000,0
2026-07-21 06:00:00,82.07000,82.33000,81.89000,82.33000,331041.93,2026-07-21 06:59:59,27172552.2069000,14335,174788.74,14346366.9897000,0
2026-07-21 07:00:00,82.32000,83.04000,81.92000,81.94000,467532.38,2026-07-21 07:59:59,38543056.5449000,23188,235224.79,19403467.3868000,0
2026-07-21 08:00:00,81.95000,82.41000,81.42000,82.23000,492063.91,2026-07-21 08:59:59,40273919.8460000,24902,247303.78,20247394.3642000,0
2026-07-21 09:00:00,82.23000,83.36000,81.95000,83.24000,449444.82,2026-07-21 09:59:59,37216025.7807000,23747,220694.26,18273177.4094000,0
2026-07-21 10:00:00,83.25000,83.35000,82.31000,83.24000,641141.11,2026-07-21 10:59:59,53156977.5387000,32712,308685.19,25592873.3265000,0
2026-07-21 11:00:00,83.24000,83.97000,83.19000,83.82000,448171.05,2026-07-21 11:59:59,37483290.1319000,28059,203577.83,17025232.8395000,0
2026-07-21 12:00:00,83.82000,84.40000,83.34000,84.10000,775292.95,2026-07-21 12:59:59,65021566.0134000,37110,380443.09,31916010.1078000,0
2026-07-21 13:00:00,84.11000,84.90000,84.06000,84.38000,605828.43,2026-07-21 13:59:59,51190701.0779000,34663,298765.98,25248758.4452000,0
2026-07-21 14:00:00,84.39000,85.01000,84.06000,84.70000,640149.72,2026-07-21 14:59:59,54113704.9221000,36221,290500.39,24563485.5837000,0
2026-07-21 15:00:00,84.70000,84.81000,83.76000,84.51000,620700.85,2026-07-21 15:59:59,52357493.0340000,36268,306696.61,25872504.6000000,0
2026-07-21 16:00:00,84.50000,84.56000,84.10000,84.38000,216692.10,2026-07-21 16:59:59,18269705.7542000,15103,105063.85,8858458.0380000,0
2026-07-21 17:00:00,84.37000,84.48000,84.03000,84.33000,129526.29,2026-07-21 17:59:59,10917777.1714000,11848,60162.47,5071728.5990000,0
2026-07-21 18:00:00,84.33000,84.54000,83.98000,84.48000,170142.95,2026-07-21 18:59:59,14331331.2704000,16602,83871.67,7064878.1056000,0
2026-07-21 19:00:00,84.49000,84.73000,84.43000,84.64000,110153.87,2026-07-21 19:59:59,9318261.8135000,8137,49424.86,4180766.4335000,0
2026-07-21 20:00:00,84.64000,84.74000,84.33000,84.55000,89186.46,2026-07-21 20:59:59,7535777.5739000,6973,42548.15,3595752.6767000,0
2026-07-21 21:00:00,84.54000,84.67000,84.47000,84.59000,40699.39,2026-07-21 21:59:59,3442570.8085000,5118,20110.89,1701163.0015000,0
2026-07-21 22:00:00,84.60000,84.77000,84.55000,84.69000,88547.15,2026-07-21 22:59:59,7495789.5559000,5038,46420.37,3929684.7778000,0
2026-07-21 23:00:00,84.68000,84.89000,84.62000,84.75000,79860.63,2026-07-21 23:59:59,6768192.4643000,5259,41122.41,3485187.3811000,0
2026-07-22 00:00:00,84.75000,84.78000,84.47000,84.60000,231047.14,2026-07-22 00:59:59,19553422.5240000,10909,117436.91,9937900.8197000,0
2026-07-22 01:00:00,84.60000,85.74000,84.52000,85.55000,597899.15,2026-07-22 01:59:59,51014082.3600000,29009,303703.10,25913382.2577000,0
2026-07-22 02:00:00,85.56000,85.63000,84.92000,85.03000,301689.09,2026-07-22 02:59:59,25713156.8369000,15959,152661.37,13010797.4951000,0
2026-07-22 03:00:00,85.03000,85.33000,84.99000,85.33000,113056.25,2026-07-22 03:59:59,9629905.2185000,7010,56061.48,4775449.9766000,0
2026-07-22 04:00:00,85.33000,85.44000,85.19000,85.41000,133443.81,2026-07-22 04:59:59,11386746.3249000,5989,66175.13,5647033.0281000,0
2026-07-22 05:00:00,85.41000,85.52000,85.02000,85.15000,286722.70,2026-07-22 05:59:59,24448173.4644000,11948,112426.67,9587502.4072000,0
2026-07-22 06:00:00,85.15000,86.37000,85.04000,86.09000,754415.00,2026-07-22 06:59:59,64797161.0034000,34058,393536.28,33796015.1589000,0
2026-07-22 07:00:00,86.10000,87.85000,86.07000,87.69000,2052245.63,2026-07-22 07:59:59,178923586.3898000,67048,947949.10,82662871.7014000,0
2026-07-22 08:00:00,87.70000,87.81000,87.21000,87.61000,1187197.37,2026-07-22 08:59:59,103776686.5592000,44589,463965.27,40557656.6955000,0
2026-07-22 09:00:00,87.62000,88.61000,87.39000,88.43000,1528124.03,2026-07-22 09:59:59,134558388.7642000,52778,712928.81,62809355.5209000,0
2026-07-22 10:00:00,88.43000,88.45000,86.97000,87.21000,1589332.33,2026-07-22 10:59:59,139225407.9331000,56047,693952.76,60753989.3562000,0
2026-07-22 11:00:00,87.21000,87.84000,87.06000,87.37000,611463.79,2026-07-22 11:59:59,53476689.4389000,33194,350563.55,30666099.1652000,0
2026-07-22 12:00:00,87.37000,87.74000,86.59000,87.26000,867829.19,2026-07-22 12:59:59,75598754.5280000,45841,434058.39,37831842.4837000,0
2026-07-22 13:00:00,87.27000,87.39000,86.20000,86.96000,636100.18,2026-07-22 13:59:59,55140676.2656000,43344,333891.67,28946505.2218000,0
2026-07-22 14:00:00,86.97000,87.19000,86.47000,86.72000,336833.24,2026-07-22 14:59:59,29271128.5480000,26709,165518.85,14385276.8923000,0
2026-07-22 15:00:00,86.73000,87.32000,85.83000,86.06000,553585.92,2026-07-22 15:59:59,47908716.8230000,31024,299753.06,25956892.9256000,0
2026-07-22 16:00:00,86.06000,86.56000,85.97000,86.33000,227758.30,2026-07-22 16:59:59,19646684.8154000,16577,136414.61,11765086.9779000,0
2026-07-22 17:00:00,86.34000,86.92000,86.34000,86.80000,240675.71,2026-07-22 17:59:59,20878727.5874000,16534,133110.48,11548456.0666000,0
2026-07-22 18:00:00,86.80000,87.11000,86.64000,87.08000,198244.12,2026-07-22 18:59:59,17233873.2727000,15754,109988.81,9563142.9180000,0
2026-07-22 19:00:00,87.08000,87.14000,86.47000,86.51000,262055.19,2026-07-22 19:59:59,22777750.5235000,10840,142227.46,12365235.7966000,0
2026-07-22 20:00:00,86.51000,86.68000,86.24000,86.50000,141912.59,2026-07-22 20:59:59,12269323.3618000,9033,76956.66,6653344.6909000,0
2026-07-22 21:00:00,86.51000,87.25000,86.51000,87.19000,220735.75,2026-07-22 21:59:59,19167132.5569000,18742,124195.66,10782409.4952000,0
2026-07-22 22:00:00,87.20000,88.33000,87.20000,87.92000,692578.49,2026-07-22 22:59:59,60896792.3103000,44379,339685.04,29861516.1573000,0
2026-07-22 23:00:00,87.93000,87.98000,87.71000,87.78000,120462.82,2026-07-22 23:59:59,10582820.6699000,9424,46499.96,4085645.1256000,0
2026-07-23 00:00:00,87.78000,88.35000,87.34000,87.97000,712830.85,2026-07-23 00:59:59,62725566.6352000,36310,364554.70,32074964.4767000,0
2026-07-23 01:00:00,87.97000,88.61000,87.81000,88.10000,559009.66,2026-07-23 01:59:59,49239000.1298000,31350,274778.72,24208519.8498000,0
2026-07-23 02:00:00,88.11000,88.45000,88.05000,88.24000,163817.79,2026-07-23 02:59:59,14453289.1195000,11946,88604.37,7818107.2530000,0
2026-07-23 03:00:00,88.23000,88.65000,88.19000,88.41000,404625.35,2026-07-23 03:59:59,35787042.1942000,17232,201037.81,17782487.5854000,0
2026-07-23 04:00:00,88.40000,88.49000,87.94000,88.13000,302374.64,2026-07-23 04:59:59,26690008.4237000,13607,143548.20,12671372.4875000,0
2026-07-23 05:00:00,88.12000,88.40000,87.68000,88.27000,325127.53,2026-07-23 05:59:59,28631709.4856000,19463,154393.84,13594945.6049000,0
2026-07-23 06:00:00,88.27000,88.77000,87.96000,88.62000,605980.88,2026-07-23 06:59:59,53539948.0003000,26778,289544.37,25593440.5954000,0
2026-07-23 07:00:00,88.61000,89.84000,88.58000,89.33000,1389141.08,2026-07-23 07:59:59,124138059.1128000,52453,734354.71,65617869.2958000,0
2026-07-23 08:00:00,89.34000,89.71000,88.93000,89.49000,609281.86,2026-07-23 08:59:59,54441582.6840000,37647,299910.29,26801069.4253000,0
2026-07-23 09:00:00,89.50000,90.34000,89.23000,90.19000,814647.08,2026-07-23 09:59:59,73295031.2431000,41541,386208.92,34744388.4890000,0
2026-07-23 10:00:00,90.19000,90.68000,89.86000,90.11000,525148.04,2026-07-23 10:59:59,47435322.9817000,34594,247488.38,22353695.1129000,0
2026-07-23 11:00:00,90.11000,91.14000,90.10000,90.67000,631597.43,2026-07-23 11:59:59,57274617.5492000,37060,291392.41,26426856.9242000,0
2026-07-23 12:00:00,90.67000,91.36000,90.44000,90.80000,1402295.62,2026-07-23 12:59:59,127353814.6498000,56086,689275.95,62599028.7280000,0
2026-07-23 13:00:00,90.81000,91.86000,90.64000,91.69000,1409902.54,2026-07-23 13:59:59,128613633.6726000,66626,709120.49,64689978.4582000,0
2026-07-23 14:00:00,91.68000,92.12000,91.00000,91.87000,1196970.63,2026-07-23 14:59:59,109719782.3855000,59673,571476.30,52398252.8560000,0
2026-07-23 15:00:00,91.86000,92.82000,91.72000,91.86000,1457834.40,2026-07-23 15:59:59,134536723.1628000,65769,703458.22,64938363.3183000,0
2026-07-23 16:00:00,91.86000,92.56000,91.57000,92.33000,717581.20,2026-07-23 16:59:59,66147277.0413000,39957,342201.73,31546554.5437000,0
2026-07-23 17:00:00,92.33000,93.29000,92.31000,93.26000,656662.85,2026-07-23 17:59:59,60914005.1894000,35064,367585.47,34102107.2756000,0
2026-07-23 18:00:00,93.26000,93.47000,91.98000,92.04000,677734.00,2026-07-23 18:59:59,62768723.7025000,43433,314153.90,29095675.2420000,0
2026-07-23 19:00:00,92.04000,92.04000,91.19000,91.62000,575190.61,2026-07-23 19:59:59,52727232.4837000,33525,251905.09,23091509.4309000,0
2026-07-23 20:00:00,91.63000,92.39000,91.46000,92.32000,347805.35,2026-07-23 20:59:59,31984641.3564000,21543,199055.52,18308185.5263000,0
2026-07-23 21:00:00,92.32000,92.67000,92.05000,92.65000,142644.56,2026-07-23 21:59:59,13164868.0405000,16466,75071.99,6930048.0703000,0
2026-07-23 22:00:00,92.64000,92.65000,92.00000,92.07000,159865.02,2026-07-23 22:59:59,14739210.3082000,17156,66676.02,6146794.8269000,0
2026-07-23 23:00:00,92.08000,92.52000,92.06000,92.27000,192803.85,2026-07-23 23:59:59,17782479.3587000,14581,90969.06,8391434.6144000,0
2026-07-24 00:00:00,92.27000,92.81000,91.90000,91.90000,401729.19,2026-07-24 00:59:59,37101783.3945000,25029,174043.50,16083739.9780000,0
2026-07-24 01:00:00,91.90000,91.90000,91.14000,91.64000,385010.62,2026-07-24 01:59:59,35237152.7556000,34585,182707.35,16721472.4789000,0
2026-07-24 02:00:00,91.64000,92.06000,91.60000,91.92000,219940.53,2026-07-24 02:59:59,20186368.1415000,17412,122532.25,11246838.0861000,0
2026-07-24 03:00:00,91.93000,92.43000,91.87000,91.90000,215977.11,2026-07-24 03:59:59,19894082.6041000,19428,106791.73,9839628.0355000,0
2026-07-24 04:00:00,91.90000,91.99000,91.53000,91.66000,150421.24,2026-07-24 04:59:59,13795163.8232000,11774,65772.42,6031757.4322000,0
2026-07-24 05:00:00,91.66000,91.86000,91.16000,91.48000,233646.37,2026-07-24 05:59:59,21396767.9965000,19125,111862.23,10245032.6693000,0
2026-07-24 06:00:00,91.48000,91.64000,90.55000,90.61000,507444.63,2026-07-24 06:59:59,46209898.2959000,34359,221578.52,20186163.7153000,0
2026-07-24 07:00:00,90.61000,90.78000,90.17000,90.45000,683958.53,2026-07-24 07:59:59,61877963.4536000,39459,329002.66,29770335.0085000,0
2026-07-24 08:00:00,90.45000,90.81000,89.44000,89.62000,782539.46,2026-07-24 08:59:59,70531436.3169000,48684,365607.56,32964708.1860000,0
2026-07-24 09:00:00,89.61000,89.64000,88.72000,89.04000,1087092.03,2026-07-24 09:59:59,96803399.3394000,57372,589437.31,52491629.2099000,0
2026-07-24 10:00:00,89.05000,90.16000,88.87000,89.91000,783602.37,2026-07-24 10:59:59,70225868.7133000,44813,421458.78,37778361.0328000,0
2026-07-24 11:00:00,89.91000,90.12000,89.01000,89.39000,626912.62,2026-07-24 11:59:59,56209300.6153000,36261,292965.66,26268645.9572000,0
2026-07-24 12:00:00,89.39000,90.01000,89.00000,89.38000,544140.43,2026-07-24 12:59:59,48713413.3793000,37175,267407.86,23942587.0898000,0
2026-07-24 13:00:00,89.39000,90.58000,89.16000,89.95000,791350.75,2026-07-24 13:59:59,71312337.1662000,51305,414698.93,37366251.4701000,0
2026-07-24 14:00:00,89.96000,90.08000,89.31000,89.73000,626148.32,2026-07-24 14:59:59,56133600.9963000,48448,287405.10,25768318.7277000,0
2026-07-24 15:00:00,89.72000,90.02000,87.75000,88.44000,2003332.35,2026-07-24 15:59:59,177330091.7551000,103768,966261.12,85514375.2151000,0
2026-07-24 16:00:00,88.44000,88.71000,88.14000,88.43000,539942.62,2026-07-24 16:59:59,47759950.1786000,36085,265693.18,23503643.0250000,0
2026-07-24 17:00:00,88.43000,89.20000,88.24000,89.08000,325084.62,2026-07-24 17:59:59,28863424.8692000,27456,186932.60,16599488.5962000,0
2026-07-24 18:00:00,89.09000,89.43000,88.64000,89.38000,354112.65,2026-07-24 18:59:59,31568920.0720000,30145,178331.25,15901447.5945000,0
2026-07-24 19:00:00,89.39000,89.81000,88.99000,89.80000,389885.41,2026-07-24 19:59:59,34861265.5075000,31922,183763.59,16435431.1256000,0
2026-07-24 20:00:00,89.79000,90.72000,89.78000,90.51000,396706.96,2026-07-24 20:59:59,35809713.6695000,24917,222086.06,20038406.0706000,0
2026-07-24 21:00:00,90.52000,91.09000,90.49000,90.80000,192452.76,2026-07-24 21:59:59,17482860.8091000,15158,92528.67,8406536.6258000,0
2026-07-24 22:00:00,90.80000,90.80000,90.24000,90.27000,104584.90,2026-07-24 22:59:59,9464841.5352000,8530,35729.40,3234024.8350000,0
2026-07-24 23:00:00,90.28000,90.42000,90.18000,90.20000,43407.08,2026-07-24 23:59:59,3920152.2338000,7074,19259.24,1739546.9341000,0
2026-07-25 00:00:00,90.20000,90.43000,89.69000,90.20000,192075.03,2026-07-25 00:59:59,17294021.0685000,24656,83767.65,7541730.4195000,0
2026-07-25 01:00:00,90.20000,90.32000,89.95000,90.28000,87432.46,2026-07-25 01:59:59,7885356.0675000,11920,38637.92,3485001.3435000,0
2026-07-25 02:00:00,90.28000,90.32000,89.53000,89.79000,136561.36,2026-07-25 02:59:59,12268715.0491000,15386,55272.40,4965840.9174000,0
2026-07-25 03:00:00,89.80000,89.88000,89.14000,89.46000,161532.82,2026-07-25 03:59:59,14452061.2960000,23375,66686.93,5966176.4309000,0
2026-07-25 04:00:00,89.46000,89.68000,89.29000,89.45000,96162.83,2026-07-25 04:59:59,8603421.0900000,13461,54831.48,4905392.5648000,0
2026-07-25 05:00:00,89.45000,89.67000,89.45000,89.56000,32255.20,2026-07-25 05:59:59,2889579.2143000,7039,16566.75,1484069.5946000,0
2026-07-25 06:00:00,89.56000,89.63000,89.46000,89.52000,31263.58,2026-07-25 06:59:59,2799512.5525000,6082,18614.04,1666785.3621000,0
2026-07-25 07:00:00,89.51000,89.69000,89.50000,89.63000,58496.78,2026-07-25 07:59:59,5241508.6223000,5027,36686.73,3287359.7891000,0
2026-07-25 08:00:00,89.64000,89.73000,89.56000,89.69000,57448.98,2026-07-25 08:59:59,5149979.1331000,4529,37702.08,3379984.9943000,0
2026-07-25 09:00:00,89.69000,89.78000,89.50000,89.54000,56979.33,2026-07-25 09:59:59,5110484.5140000,5172,30744.10,2757915.1053000,0
2026-07-25 10:00:00,89.53000,89.60000,89.27000,89.39000,55804.13,2026-07-25 10:59:59,4991703.7363000,6091,19556.36,1749748.2714000,0
2026-07-25 11:00:00,89.39000,89.44000,89.21000,89.23000,70150.76,2026-07-25 11:59:59,6265729.8243000,9132,36824.99,3289563.0823000,0
2026-07-25 12:00:00,89.23000,89.46000,89.20000,89.32000,41712.65,2026-07-25 12:59:59,3726764.7229000,5940,19778.65,1767123.4363000,0
2026-07-25 13:00:00,89.32000,89.43000,85.83000,87.24000,1426984.43,2026-07-25 13:59:59,124252346.9962000,121404,708651.12,61707040.5137000,0
2026-07-25 14:00:00,87.25000,87.58000,87.06000,87.35000,395305.03,2026-07-25 14:59:59,34541277.1788000,38148,249279.57,21783003.6717000,0
2026-07-25 15:00:00,87.35000,87.46000,86.91000,87.46000,191025.18,2026-07-25 15:59:59,16668157.2325000,25580,98550.65,8601254.4175000,0
2026-07-25 16:00:00,87.44000,87.46000,87.01000,87.13000,152167.46,2026-07-25 16:59:59,13284004.6629000,20633,67024.17,5852015.4497000,0
2026-07-25 17:00:00,87.12000,87.47000,86.49000,86.68000,288939.66,2026-07-25 17:59:59,25112511.3082000,26039,128318.52,11155016.1387000,0
2026-07-25 18:00:00,86.67000,87.81000,86.62000,87.27000,348356.95,2026-07-25 18:59:59,30414147.1864000,35322,203930.49,17807610.5840000,0
2026-07-25 19:00:00,87.27000,87.29000,86.93000,87.07000,125223.91,2026-07-25 19:59:59,10907653.1324000,17145,61817.89,5384692.0634000,0
2026-07-25 20:00:00,87.07000,87.17000,86.92000,87.06000,61389.08,2026-07-25 20:59:59,5344766.4525000,8272,30459.59,2651669.0092000,0
2026-07-25 21:00:00,87.06000,87.36000,86.97000,87.25000,102344.94,2026-07-25 21:59:59,8925380.2813000,13027,48271.11,4209508.2804000,0
2026-07-25 22:00:00,87.25000,87.25000,86.67000,86.86000,109989.25,2026-07-25 22:59:59,9562611.3457000,14588,54700.65,4755746.5063000,0
2026-07-25 23:00:00,86.86000,86.95000,86.75000,86.89000,49439.75,2026-07-25 23:59:59,4293640.2659000,5427,25836.39,2243788.3648000,0
2026-07-26 00:00:00,86.89000,86.96000,86.59000,86.65000,79759.15,2026-07-26 00:59:59,6919224.3017000,7359,29241.75,2536540.8873000,0
2026-07-26 01:00:00,86.64000,87.02000,86.60000,86.98000,76037.04,2026-07-26 01:59:59,6605666.4798000,7815,43866.93,3811003.3399000,0
2026-07-26 02:00:00,86.98000,87.10000,86.89000,86.95000,47212.25,2026-07-26 02:59:59,4107586.3143000,4943,21030.68,1829949.8367000,0
2026-07-26 03:00:00,86.95000,86.95000,86.74000,86.83000,34126.01,2026-07-26 03:59:59,2963024.2155000,4286,16166.66,1403625.7034000,0
2026-07-26 04:00:00,86.82000,86.88000,86.54000,86.58000,65544.52,2026-07-26 04:59:59,5680099.9870000,6124,23604.95,2045722.8425000,0
2026-07-26 05:00:00,86.58000,86.63000,86.39000,86.42000,71801.19,2026-07-26 05:59:59,6211732.3455000,4771,19502.12,1687732.9092000,0
2026-07-26 06:00:00,86.42000,87.38000,86.41000,87.35000,284453.05,2026-07-26 06:59:59,24753802.1589000,18159,170897.90,14870991.5458000,0
2026-07-26 07:00:00,87.34000,87.35000,86.53000,86.83000,434043.35,2026-07-26 07:59:59,37724846.7839000,36914,215964.82,18766307.1553000,0
2026-07-26 08:00:00,86.84000,86.85000,86.44000,86.50000,71002.37,2026-07-26 08:59:59,6149320.7511000,8899,22934.66,1986488.2076000,0
2026-07-26 09:00:00,86.51000,86.63000,85.51000,85.67000,210294.05,2026-07-26 09:59:59,18091285.9275000,27560,86563.63,7448309.4303000,0
2026-07-26 10:00:00,85.66000,85.68000,85.08000,85.39000,355995.60,2026-07-26 10:59:59,30372318.2810000,35586,170063.78,14511034.0145000,0
2026-07-26 11:00:00,85.39000,85.59000,85.00000,85.43000,221384.79,2026-07-26 11:59:59,18878989.8133000,23012,130515.91,11135584.6166000,0
2026-07-26 12:00:00,85.43000,85.44000,85.10000,85.37000,135708.38,2026-07-26 12:59:59,11570791.4408000,13560,58545.79,4992058.6017000,0
2026-07-26 13:00:00,85.37000,85.58000,85.32000,85.44000,118936.49,2026-07-26 13:59:59,10166638.0162000,13017,70204.89,6001196.4574000,0
2026-07-26 14:00:00,85.43000,85.59000,85.01000,85.14000,103183.24,2026-07-26 14:59:59,8798570.6849000,12101,50695.56,4322648.8986000,0
2026-07-26 15:00:00,85.14000,85.37000,85.06000,85.18000,145569.39,2026-07-26 15:59:59,12407223.2779000,12506,63956.33,5450969.5144000,0
2026-07-26 16:00:00,85.18000,85.44000,85.10000,85.37000,84684.96,2026-07-26 16:59:59,7225328.9390000,7925,35723.16,3048351.0931000,0
2026-07-26 17:00:00,85.37000,85.51000,85.27000,85.28000,62310.28,2026-07-26 17:59:59,5321272.1148000,6617,22494.92,1921059.1697000,0
2026-07-26 18:00:00,85.27000,85.98000,85.27000,85.80000,146829.12,2026-07-26 18:59:59,12582597.2313000,15661,90176.77,7725803.9056000,0
2026-07-26 19:00:00,85.81000,86.41000,85.76000,86.16000,218103.36,2026-07-26 19:59:59,18800020.1560000,25634,125074.54,10780058.4455000,0
2026-07-26 20:00:00,86.16000,86.39000,86.11000,86.23000,53788.30,2026-07-26 20:59:59,4639955.1426000,14476,31193.30,2690759.3688000,0
2026-07-26 21:00:00,86.24000,86.73000,85.68000,86.17000,248860.83,2026-07-26 21:59:59,21458292.4882000,37971,121119.29,10446347.3164000,0
2026-07-26 22:00:00,86.17000,86.22000,83.15000,84.80000,2138164.99,2026-07-26 22:59:59,180413213.5014000,151133,1055993.66,89036185.9128000,0
2026-07-26 23:00:00,84.80000,85.13000,84.49000,84.63000,549562.34,2026-07-26 23:59:59,46610702.8613000,26743,217311.41,18429597.8224000,0
2026-07-27 00:00:00,84.63000,84.96000,83.99000,84.78000,1398224.58,2026-07-27 00:59:59,117935815.1030000,45148,701830.23,59198436.2634000,0
2026-07-27 01:00:00,84.77000,85.44000,84.60000,85.26000,364560.80,2026-07-27 01:59:59,31023592.6285000,31505,189193.84,16099386.9380000,0
2026-07-27 02:00:00,85.26000,85.64000,85.17000,85.54000,309575.78,2026-07-27 02:59:59,26463751.8342000,26077,192778.84,16480657.9137000,0
2026-07-27 03:00:00,85.53000,85.55000,85.06000,85.23000,240111.99,2026-07-27 03:59:59,20470506.7969000,15475,128420.75,10949500.2041000,0
2026-07-27 04:00:00,85.23000,85.23000,84.49000,84.85000,262152.23,2026-07-27 04:59:59,22237977.1790000,18422,105232.49,8927339.8262000,0
2026-07-27 05:00:00,84.86000,84.96000,84.35000,84.54000,237790.05,2026-07-27 05:59:59,20136413.1458000,21584,114144.42,9667085.2751000,0
2026-07-27 06:00:00,84.55000,84.61000,83.40000,83.48000,574390.17,2026-07-27 06:59:59,48149430.8390000,37705,266218.28,22318961.2122000,0
2026-07-27 07:00:00,83.49000,84.57000,83.33000,84.57000,448006.43,2026-07-27 07:59:59,37658589.0650000,36604,248525.83,20893807.8698000,0
2026-07-27 08:00:00,84.57000,84.84000,82.89000,82.96000,747907.19,2026-07-27 08:59:59,62638235.5849000,54298,331162.54,27750743.9357000,0
2026-07-27 09:00:00,82.97000,83.28000,82.16000,82.37000,616010.84,2026-07-27 09:59:59,50965913.0310000,40036,299291.01,24766532.3444000,0
2026-07-27 10:00:00,82.37000,83.52000,82.34000,83.28000,674395.08,2026-07-27 10:59:59,56028091.6319000,38022,326115.63,27092255.7910000,0
2026-07-27 11:00:00,83.28000,83.94000,83.07000,83.39000,759645.86,2026-07-27 11:59:59,63307808.1116000,37429,331442.77,27628222.6985000,0
2026-07-27 12:00:00,83.40000,84.36000,83.40000,84.04000,965869.54,2026-07-27 12:59:59,81086829.8898000,47468,543973.68,45670270.1162000,0
2026-07-27 13:00:00,84.03000,84.55000,83.70000,84.23000,496975.44,2026-07-27 13:59:59,41810856.6971000,40486,240392.21,20228859.1241000,0
2026-07-27 14:00:00,84.24000,84.30000,83.46000,83.57000,445113.46,2026-07-27 14:59:59,37256756.3067000,38277,216351.31,18112057.4587000,0
2026-07-27 15:00:00,83.57000,83.85000,83.03000,83.44000,568195.26,2026-07-27 15:59:59,47337931.8244000,41557,298224.19,24846039.1002000,0
2026-07-27 16:00:00,83.44000,83.81000,82.38000,82.87000,802475.35,2026-07-27 16:59:59,66681176.4517000,53402,380330.63,31606171.1273000,0
2026-07-27 17:00:00,82.87000,83.02000,82.53000,82.65000,305543.11,2026-07-27 17:59:59,25276929.0075000,25382,154766.59,12804786.6284000,0
2026-07-27 18:00:00,82.65000,82.97000,82.03000,82.20000,537096.94,2026-07-27 18:59:59,44293401.1014000,36371,250680.14,20672314.7453000,0
2026-07-27 19:00:00,82.20000,82.49000,81.97000,81.99000,247361.58,2026-07-27 19:59:59,20338756.6168000,17922,116685.00,9595192.2726000,0
2026-07-27 20:00:00,81.99000,82.12000,81.65000,81.91000,320288.40,2026-07-27 20:59:59,26230516.2978000,17628,165257.22,13535771.1012000,0
2026-07-27 21:00:00,81.90000,82.38000,81.86000,82.24000,125045.70,2026-07-27 21:59:59,10259659.2240000,9353,78210.78,6419007.2809000,0
2026-07-27 22:00:00,82.24000,82.24000,81.74000,82.18000,160059.89,2026-07-27 22:59:59,13123075.8009000,11203,71604.10,5871926.4691000,0
2026-07-27 23:00:00,82.18000,82.24000,82.05000,82.08000,128411.74,2026-07-27 23:59:59,10548921.0504000,7967,76965.29,6322750.7748000,0
2026-07-28 00:00:00,82.07000,82.25000,81.44000,82.16000,375283.29,2026-07-28 00:59:59,30709147.1025000,21655,192572.42,15760876.3895000,0
2026-07-28 01:00:00,82.16000,82.27000,81.50000,81.67000,306016.34,2026-07-28 01:59:59,25050531.3358000,23666,151424.51,12397071.3377000,0
2026-07-28 02:00:00,81.67000,81.83000,80.76000,80.89000,454122.40,2026-07-28 02:59:59,36865398.1241000,27962,216266.05,17557454.1052000,0
2026-07-28 03:00:00,80.89000,81.63000,80.65000,81.58000,327834.55,2026-07-28 03:59:59,26620526.6938000,18969,209129.25,16983188.2650000,0
2026-07-28 04:00:00,81.59000,81.96000,81.54000,81.64000,239966.76,2026-07-28 04:59:59,19603922.4965000,13590,115435.79,9430820.7806000,0
2026-07-28 05:00:00,81.64000,82.46000,81.48000,82.18000,396456.19,2026-07-28 05:59:59,32519943.2247000,25974,201619.41,16534486.7084000,0
2026-07-28 06:00:00,82.18000,82.37000,80.65000,80.85000,654767.83,2026-07-28 06:59:59,53307212.3322000,38148,303691.14,24723442.2905000,0
2026-07-28 07:00:00,80.85000,81.56000,80.58000,80.84000,598976.87,2026-07-28 07:59:59,48585788.2703000,37561,306813.16,24885349.3230000,0
2026-07-28 08:00:00,80.83000,80.91000,79.88000,80.27000,1058264.36,2026-07-28 08:59:59,85057129.1789000,52302,446384.36,35900809.2207000,0
2026-07-28 09:00:00,80.27000,81.23000,80.27000,80.68000,641812.72,2026-07-28 09:59:59,51833515.3902000,33349,311226.82,25139054.5979000,0
2026-07-28 10:00:00,80.68000,81.50000,80.64000,81.19000,428137.61,2026-07-28 10:59:59,34724938.9919000,24440,238982.26,19384758.4162000,0
2026-07-28 11:00:00,81.19000,81.93000,80.76000,81.73000,664771.87,2026-07-28 11:59:59,54083164.0569000,34591,362951.10,29529344.1198000,0
2026-07-28 12:00:00,81.72000,81.75000,80.68000,80.86000,514320.07,2026-07-28 12:59:59,41825306.7774000,33696,235211.83,19130358.7928000,0
2026-07-28 13:00:00,80.86000,81.67000,80.79000,81.47000,452133.70,2026-07-28 13:59:59,36727894.7613000,36785,237301.13,19274248.8935000,0
2026-07-28 14:00:00,81.46000,81.85000,80.95000,81.50000,493209.31,2026-07-28 14:59:59,40145795.5117000,32223,234505.95,19085485.1923000,0
2026-07-28 15:00:00,81.50000,81.59000,78.33000,78.41000,2465395.90,2026-07-28 15:59:59,196750362.6838000,99613,1114849.25,88956707.6731000,0
2026-07-28 16:00:00,78.41000,78.89000,77.82000,78.70000,1323220.02,2026-07-28 16:59:59,103733934.2581000,63394,676524.13,53049590.6356000,0
2026-07-28 17:00:00,78.71000,79.65000,78.39000,79.45000,833156.32,2026-07-28 17:59:59,65769680.7736000,50282,414803.73,32750142.4038000,0
2026-07-28 18:00:00,79.45000,79.52000,78.85000,79.24000,369041.85,2026-07-28 18:59:59,29207269.5603000,28454,158052.19,12509531.5049000,0
2026-07-28 19:00:00,79.25000,79.28000,78.94000,79.20000,136173.80,2026-07-28 19:59:59,10767719.4025000,11671,67051.38,5301425.5329000,0
2026-07-28 20:00:00,79.19000,79.36000,78.93000,79.18000,302616.72,2026-07-28 20:59:59,23964713.0758000,16882,165152.92,13081041.9135000,0
2026-07-28 21:00:00,79.17000,80.45000,79.16000,80.39000,356864.80,2026-07-28 21:59:59,28524253.4434000,23965,206518.12,16515674.1391000,0
2026-07-28 22:00:00,80.40000,83.23000,80.23000,82.63000,1983493.70,2026-07-28 22:59:59,162567789.0767000,89060,1092554.06,89428552.6366000,0
2026-07-28 23:00:00,82.63000,83.35000,81.85000,81.89000,677628.23,2026-07-28 23:59:59,55928406.3934000,39592,306946.51,25337121.4408000,0
2026-07-29 00:00:00,81.90000,82.61000,81.66000,82.46000,641301.37,2026-07-29 00:59:59,52648360.3714000,42021,342494.21,28123799.4346000,0
2026-07-29 01:00:00,82.46000,83.08000,82.35000,82.81000,357696.38,2026-07-29 01:59:59,29601471.8984000,29600,195340.40,16163039.5871000,0
2026-07-29 02:00:00,82.80000,82.90000,82.06000,82.34000,338342.96,2026-07-29 02:59:59,27855370.1320000,19396,144128.13,11869057.1053000,0
2026-07-29 03:00:00,82.35000,82.82000,82.33000,82.75000,184239.06,2026-07-29 03:59:59,15207484.7229000,14533,103734.63,8563375.4952000,0
2026-07-29 04:00:00,82.76000,82.76000,81.93000,82.12000,241365.94,2026-07-29 04:59:59,19864773.9317000,14615,94386.92,7768843.5326000,0
2026-07-29 05:00:00,82.11000,82.28000,81.87000,82.26000,393186.16,2026-07-29 05:59:59,32253068.3893000,21027,187923.33,15416631.7246000,0
2026-07-29 06:00:00,82.26000,82.45000,81.81000,82.15000,289728.98,2026-07-29 06:59:59,23804003.2340000,19668,155348.28,12762167.3107000,0
2026-07-29 07:00:00,82.15000,82.40000,81.78000,82.08000,430075.57,2026-07-29 07:59:59,35306923.9841000,26083,216694.72,17791428.5230000,0
2026-07-29 08:00:00,82.08000,82.45000,81.58000,81.93000,532510.69,2026-07-29 08:59:59,43682940.2936000,33942,256101.16,21014515.8150000,0
2026-07-29 09:00:00,81.93000,82.36000,81.76000,82.16000,273236.79,2026-07-29 09:59:59,22428891.1832000,21924,146083.89,11992203.6479000,0
2026-07-29 10:00:00,82.17000,83.33000,82.00000,83.23000,603718.16,2026-07-29 10:59:59,49944025.1718000,34416,337438.05,27928218.6540000,0
2026-07-29 11:00:00,83.22000,83.36000,82.39000,82.58000,514783.67,2026-07-29 11:59:59,42671169.6349000,28950,260755.19,21614609.2639000,0
2026-07-29 12:00:00,82.57000,84.79000,82.53000,84.53000,1575897.63,2026-07-29 12:59:59,132621927.7140000,75992,783584.82,65919758.2829000,0
2026-07-29 13:00:00,84.54000,84.96000,84.15000,84.87000,660905.33,2026-07-29 13:59:59,55883616.8025000,40230,320843.80,27140868.9790000,0
2026-07-29 14:00:00,84.86000,85.48000,84.37000,85.39000,471566.68,2026-07-29 14:59:59,40058801.8212000,37033,238345.19,20248784.2267000,0
2026-07-29 15:00:00,85.39000,85.60000,84.44000,85.05000,582232.08,2026-07-29 15:59:59,49440368.3200000,42683,279617.88,23743539.0823000,0
2026-07-29 16:00:00,85.05000,85.27000,84.25000,84.64000,513472.98,2026-07-29 16:59:59,43470953.6902000,33343,230392.15,19502271.1541000,0
2026-07-29 17:00:00,84.63000,84.87000,84.35000,84.62000,263892.77,2026-07-29 17:59:59,22325422.9847000,20537,129205.82,10931256.1549000,0
2026-07-29 18:00:00,84.63000,85.00000,84.40000,84.49000,693667.77,2026-07-29 18:59:59,58781262.8126000,39082,351805.00,29815356.9660000,0
2026-07-29 19:00:00,84.49000,85.31000,84.09000,84.96000,664913.08,2026-07-29 19:59:59,56326384.5006000,38021,364592.99,30883063.3905000,0
2026-07-29 20:00:00,84.95000,85.12000,84.59000,84.74000,232856.75,2026-07-29 20:59:59,19748063.5173000,15306,115549.40,9800307.6158000,0
2026-07-29 21:00:00,84.73000,85.22000,84.69000,84.79000,128883.49,2026-07-29 21:59:59,10945007.0135000,12588,58538.26,4971246.4292000,0
2026-07-29 22:00:00,84.78000,84.78000,84.30000,84.49000,276707.45,2026-07-29 22:59:59,23378188.0645000,17659,146503.30,12378127.8170000,0
2026-07-29 23:00:00,84.48000,84.78000,84.19000,84.27000,265211.16,2026-07-29 23:59:59,22408032.0066000,16730,158847.53,13421358.2448000,0
2026-07-30 00:00:00,84.28000,84.69000,83.39000,84.60000,654306.43,2026-07-30 00:59:59,54933174.0805000,36627,307948.84,25863096.2412000,0
2026-07-30 01:00:00,84.59000,84.59000,83.73000,83.87000,303836.70,2026-07-30 01:59:59,25529551.4607000,25839,147099.89,12357476.2763000,0
2026-07-30 02:00:00,83.88000,83.88000,83.32000,83.51000,274374.00,2026-07-30 02:59:59,22931815.6824000,20768,125129.38,10459300.9366000,0
2026-07-30 03:00:00,83.52000,83.85000,83.31000,83.73000,105871.17,2026-07-30 03:59:59,8848284.6116000,10668,56235.13,4700230.0789000,0
2026-07-30 04:00:00,83.73000,84.25000,83.71000,84.16000,129807.16,2026-07-30 04:59:59,10896591.7339000,10550,72118.13,6055587.4358000,0
2026-07-30 05:00:00,84.16000,85.43000,84.05000,85.29000,535998.94,2026-07-30 05:59:59,45472522.5810000,35896,264291.50,22415791.5029000,0
2026-07-30 06:00:00,85.29000,85.93000,85.13000,85.39000,511373.64,2026-07-30 06:59:59,43790450.6287000,38352,245497.91,21023999.8093000,0
2026-07-30 07:00:00,85.38000,85.98000,84.64000,85.26000,891414.20,2026-07-30 07:59:59,75988551.8455000,47583,410593.51,34991289.8692000,0
2026-07-30 08:00:00,85.26000,85.44000,84.38000,84.80000,648506.60,2026-07-30 08:59:59,55064752.3388000,42534,307417.14,26098916.1623000,0
2026-07-30 09:00:00,84.80000,84.88000,83.93000,84.56000,707976.57,2026-07-30 09:59:59,59707038.9220000,41464,327854.34,27649651.4659000,0
2026-07-30 10:00:00,84.56000,84.73000,83.37000,83.83000,451351.64,2026-07-30 10:59:59,37885059.8053000,33730,206129.16,17303094.8973000,0
2026-07-30 11:00:00,83.83000,84.01000,83.38000,83.62000,317800.09,2026-07-30 11:59:59,26588668.5576000,25805,161755.41,13534636.9637000,0
2026-07-30 12:00:00,83.62000,84.53000,83.49000,84.51000,684173.38,2026-07-30 12:59:59,57473625.8257000,37831,356443.55,29942810.5391000,0
2026-07-30 13:00:00,84.51000,84.55000,83.07000,83.77000,778326.82,2026-07-30 13:59:59,65043447.2614000,54241,357070.99,29842563.9069000,0
2026-07-30 14:00:00,83.78000,84.49000,83.67000,84.24000,594537.18,2026-07-30 14:59:59,49991093.3199000,44861,308921.44,25976089.8793000,0
2026-07-30 15:00:00,84.25000,84.87000,83.65000,84.08000,524210.43,2026-07-30 15:59:59,44187408.6962000,43868,251115.96,21172734.9097000,0
2026-07-30 16:00:00,84.09000,84.31000,83.57000,84.16000,340715.60,2026-07-30 16:59:59,28585625.7388000,24657,171653.36,14407399.6171000,0
2026-07-30 17:00:00,84.16000,84.42000,83.70000,84.11000,343263.30,2026-07-30 17:59:59,28855388.2558000,26734,190101.09,15981225.9168000,0
2026-07-30 18:00:00,84.11000,84.30000,83.54000,83.59000,247662.68,2026-07-30 18:59:59,20756143.7753000,20602,124681.73,10447218.2409000,0
2026-07-30 19:00:00,83.59000,83.84000,83.41000,83.67000,283856.58,2026-07-30 19:59:59,23726475.0103000,17128,124244.47,10387180.0293000,0
2026-07-30 20:00:00,83.68000,84.23000,83.59000,84.00000,192232.32,2026-07-30 20:59:59,16143136.6422000,12385,98372.84,8260108.7617000,0
2026-07-30 21:00:00,84.00000,84.14000,83.76000,83.95000,83511.12,2026-07-30 21:59:59,7011417.6366000,10571,41357.95,3473157.7262000,0
2026-07-30 22:00:00,83.95000,84.31000,83.91000,84.08000,103898.92,2026-07-30 22:59:59,8741153.2128000,9702,55091.63,4635023.4628000,0
2026-07-30 23:00:00,84.08000,84.14000,83.93000,84.08000,68127.29,2026-07-30 23:59:59,5725725.8356000,5952,32960.12,2770212.5429000,0
2026-07-31 00:00:00,84.08000,84.21000,83.57000,83.59000,398718.82,2026-07-31 00:59:59,33508755.2576000,15173,151245.59,12709571.9314000,0
2026-07-31 01:00:00,83.59000,83.59000,82.33000,82.53000,1362981.67,2026-07-31 01:59:59,112865305.3861000,70593,653401.81,54101252.5014000,0
2026-07-31 02:00:00,82.54000,82.54000,81.74000,82.33000,575849.20,2026-07-31 02:59:59,47297073.5829000,29991,311941.00,25620566.2412000,0
2026-07-31 03:00:00,82.32000,82.55000,82.12000,82.37000,202460.50,2026-07-31 03:59:59,16665145.9763000,15796,107936.25,8885017.9924000,0
2026-07-31 04:00:00,82.37000,82.43000,81.67000,81.71000,205089.81,2026-07-31 04:59:59,16826605.0268000,15428,91573.65,7514603.0293000,0
2026-07-31 05:00:00,81.70000,82.03000,81.20000,81.74000,455180.71,2026-07-31 05:59:59,37129114.7791000,25246,225865.05,18426562.7760000,0
2026-07-31 06:00:00,81.74000,82.28000,81.65000,82.07000,464066.98,2026-07-31 06:59:59,38056532.5905000,23304,254042.06,20833518.8951000,0
2026-07-31 07:00:00,82.07000,82.73000,82.03000,82.25000,425385.75,2026-07-31 07:59:59,35064035.0549000,27288,230466.68,18997475.4192000,0
2026-07-31 08:00:00,82.24000,82.92000,82.01000,82.62000,660206.19,2026-07-31 08:59:59,54406565.5355000,33278,317510.55,26163675.6685000,0
2026-07-31 09:00:00,82.62000,83.84000,82.56000,83.77000,529052.33,2026-07-31 09:59:59,44042832.9816000,32674,285130.36,23739712.5444000,0
2026-07-31 10:00:00,83.77000,84.52000,83.77000,84.32000,461564.05,2026-07-31 10:59:59,38816738.8692000,28664,254555.34,21409877.4681000,0
2026-07-31 11:00:00,84.32000,85.12000,84.14000,84.90000,569512.94,2026-07-31 11:59:59,48244856.5124000,40965,304613.64,25801910.9775000,0
2026-07-31 12:00:00,84.90000,86.31000,84.89000,85.87000,942261.39,2026-07-31 12:59:59,80567461.8690000,47963,484534.24,41451337.1415000,0
2026-07-31 13:00:00,85.87000,85.98000,85.31000,85.57000,793504.93,2026-07-31 13:59:59,67942782.5822000,48691,378832.09,32436271.7070000,0
2026-07-31 14:00:00,85.57000,85.94000,84.81000,85.82000,747256.38,2026-07-31 14:59:59,63755057.1166000,46033,347392.50,29642930.8630000,0
2026-07-31 15:00:00,85.81000,86.03000,84.05000,84.15000,788878.53,2026-07-31 15:59:59,67180863.5987000,53020,338009.67,28782723.7540000,0
2026-07-31 16:00:00,84.15000,84.88000,84.14000,84.76000,519525.86,2026-07-31 16:59:59,43951351.1710000,42146,260360.57,22028732.4072000,0
2026-07-31 17:00:00,84.77000,85.15000,84.60000,84.76000,323573.76,2026-07-31 17:59:59,27474278.3853000,31192,171502.82,14562038.2625000,0
2026-07-31 18:00:00,84.75000,85.21000,84.54000,84.67000,336220.13,2026-07-31 18:59:59,28510820.2577000,31920,162705.80,13798079.9219000,0
2026-07-31 19:00:00,84.67000,85.02000,84.59000,84.79000,180114.48,2026-07-31 19:59:59,15274551.6594000,12897,91380.62,7751370.9449000,0
2026-07-31 20:00:00,84.79000,86.97000,84.50000,86.89000,1079523.68,2026-07-31 20:59:59,92701462.9610000,69256,588688.78,50560696.9709000,0
2026-07-31 21:00:00,86.88000,88.27000,86.25000,87.64000,769082.02,2026-07-31 21:59:59,67085905.8264000,78994,392321.41,34224422.4204000,0
2026-07-31 22:00:00,87.64000,87.72000,86.52000,87.36000,419190.52,2026-07-31 22:59:59,36539742.1531000,47633,192421.80,16772121.1472000,0
2026-07-31 23:00:00,87.37000,87.76000,87.30000,87.34000,142844.65,2026-07-31 23:59:59,12502750.4052000,26649,64171.63,5616873.9769000,0
2026-08-01 00:00:00,87.33000,87.49000,86.67000,86.89000,97850.10,2026-08-01 00:59:59,8521530.7471000,21678,42269.38,3680305.5937000,0
2026-08-01 01:00:00,86.90000,87.14000,86.36000,86.70000,145352.05,2026-08-01 01:59:59,12603693.9412000,26037,81306.76,7050653.3086000,0
2026-08-01 02:00:00,86.70000,87.00000,86.26000,86.79000,155354.68,2026-08-01 02:59:59,13457079.9728000,26208,75542.34,6542313.5534000,0
2026-08-01 03:00:00,86.78000,87.07000,86.74000,87.02000,75478.26,2026-08-01 03:59:59,6558895.2132000,13677,39220.83,3408409.5275000,0
2026-08-01 04:00:00,87.02000,87.03000,86.56000,86.73000,57353.92,2026-08-01 04:59:59,4975326.2995000,10137,27697.23,2402539.4776000,0
2026-08-01 05:00:00,86.73000,86.75000,86.23000,86.53000,86005.77,2026-08-01 05:59:59,7435750.9874000,11246,42003.64,3631337.2641000,0
2026-08-01 06:00:00,86.54000,86.73000,86.28000,86.42000,78719.18,2026-08-01 06:59:59,6805998.3876000,11409,33105.41,2862468.2610000,0
2026-08-01 07:00:00,86.41000,86.55000,86.31000,86.47000,33837.26,2026-08-01 07:59:59,2925383.3906000,6539,19995.40,1728846.8217000,0
2026-08-01 08:00:00,86.48000,86.73000,86.45000,86.60000,44869.07,2026-08-01 08:59:59,3884625.0743000,8865,23384.78,2024794.4552000,0
2026-08-01 09:00:00,86.60000,86.66000,86.33000,86.55000,42436.36,2026-08-01 09:59:59,3669976.7556000,9087,17009.55,1471218.7949000,0
2026-08-01 10:00:00,86.55000,86.82000,86.55000,86.70000,57087.28,2026-08-01 10:59:59,4949205.1130000,10650,29201.41,2531666.3353000,0
2026-08-01 11:00:00,86.70000,87.00000,86.66000,86.88000,73133.12,2026-08-01 11:59:59,6352147.8738000,10516,39002.90,3387613.4557000,0
2026-08-01 12:00:00,86.87000,87.05000,86.81000,86.90000,52787.79,2026-08-01 12:59:59,4589271.7959000,7578,27059.13,2352787.7953000,0
2026-08-01 13:00:00,86.91000,87.05000,86.58000,86.68000,61988.69,2026-08-01 13:59:59,5385141.4049000,8688,22981.09,1996984.5354000,0
2026-08-01 14:00:00,86.69000,86.77000,86.33000,86.66000,130128.35,2026-08-01 14:59:59,11264916.8222000,18549,62239.17,5387874.4310000,0
2026-08-01 15:00:00,86.65000,86.87000,86.51000,86.80000,50892.18,2026-08-01 15:59:59,4412593.1315000,8471,23690.27,2054074.5239000,0
2026-08-01 16:00:00,86.81000,87.45000,86.71000,87.34000,191994.95,2026-08-01 16:59:59,16736519.0783000,26621,106124.44,9251428.6221000,0
2026-08-01 17:00:00,87.34000,87.62000,86.80000,87.47000,221378.02,2026-08-01 17:59:59,19327223.6409000,31515,109468.68,9559084.4271000,0
2026-08-01 18:00:00,87.47000,87.77000,87.09000,87.63000,156128.43,2026-08-01 18:59:59,13652293.2831000,31237,79704.75,6971115.9284000,0
2026-08-01 19:00:00,87.63000,88.13000,87.45000,87.80000,175629.61,2026-08-01 19:59:59,15410565.9224000,29511,92167.34,8087685.6488000,0
2026-08-01 20:00:00,87.80000,88.17000,87.49000,87.59000,179941.69,2026-08-01 20:59:59,15799839.9106000,28855,92798.07,8148847.9302000,0
2026-08-01 21:00:00,87.59000,87.63000,86.32000,86.78000,255098.29,2026-08-01 21:59:59,22197458.9136000,41470,116428.86,10128979.3241000,0
2026-08-01 22:00:00,86.78000,87.13000,86.03000,86.87000,228205.74,2026-08-01 22:59:59,19758889.5219000,36018,106788.20,9244624.3624000,0
2026-08-01 23:00:00,86.87000,87.53000,86.10000,86.72000,191585.28,2026-08-01 23:59:59,16631041.5035000,40658,102247.11,8872392.5861000,0
2026-08-02 00:00:00,86.71000,86.78000,86.16000,86.21000,108896.63,2026-08-02 00:59:59,9414260.5080000,29594,59290.71,5126152.5628000,0
2026-08-02 01:00:00,86.21000,86.27000,84.90000,85.66000,459522.66,2026-08-02 01:59:59,39326194.0628000,61687,193510.91,16562552.1966000,0
2026-08-02 02:00:00,85.66000,85.83000,81.80000,82.55000,1542584.48,2026-08-02 02:59:59,128075705.0501000,206200,689141.36,57141004.0048000,0
2026-08-02 03:00:00,82.55000,82.56000,80.45000,81.94000,1417436.62,2026-08-02 03:59:59,115188641.9295000,170629,793086.64,64431056.3624000,0
2026-08-02 04:00:00,81.94000,81.94000,80.00000,81.27000,638208.48,2026-08-02 04:59:59,51615920.8922000,91852,307400.97,24865346.7162000,0
2026-08-02 05:00:00,81.27000,81.85000,81.17000,81.26000,243282.66,2026-08-02 05:59:59,19818721.9589000,36443,123253.62,10042863.7376000,0
2026-08-02 06:00:00,81.26000,81.48000,80.81000,81.21000,177190.17,2026-08-02 06:59:59,14379159.2370000,24446,79507.01,6453778.0850000,0
2026-08-02 07:00:00,81.20000,81.24000,80.80000,80.95000,136388.39,2026-08-02 07:59:59,11044539.2402000,16999,66801.15,5410359.5207000,0
2026-08-02 08:00:00,80.95000,81.30000,80.81000,81.16000,130110.84,2026-08-02 08:59:59,10538586.6149000,19368,70947.65,5746675.4368000,0
2026-08-02 09:00:00,81.15000,81.44000,80.63000,81.24000,278849.68,2026-08-02 09:59:59,22596823.5000000,26181,149081.07,12082041.6937000,0
2026-08-02 10:00:00,81.23000,82.01000,81.20000,81.66000,270414.19,2026-08-02 10:59:59,22083682.3617000,53532,148709.71,12145391.9019000,0
2026-08-02 11:00:00,81.66000,82.38000,81.61000,82.20000,221533.51,2026-08-02 11:59:59,18156513.6784000,23508,111960.61,9178885.5379000,0
2026-08-02 12:00:00,82.19000,82.34000,81.16000,81.70000,261422.87,2026-08-02 12:59:59,21379681.9454000,38090,119471.89,9771158.3247000,0
2026-08-02 13:00:00,81.70000,82.11000,81.32000,81.37000,128014.21,2026-08-02 13:59:59,10468829.4502000,18393,61434.84,5026943.5851000,0
2026-08-02 14:00:00,81.37000,81.40000,80.89000,81.26000,225141.88,2026-08-02 14:59:59,18281791.0035000,22895,113660.27,9232241.4135000,0
2026-08-02 15:00:00,81.26000,81.49000,81.11000,81.42000,106845.42,2026-08-02 15:59:59,8690605.7730000,19900,55860.34,4543837.6039000,0
2026-08-02 16:00:00,81.41000,81.63000,80.65000,80.96000,275503.36,2026-08-02 16:59:59,22316926.0944000,38949,134569.03,10902306.9089000,0
2026-08-02 17:00:00,80.97000,81.20000,80.75000,80.92000,127488.81,2026-08-02 17:59:59,10322317.7744000,20112,69599.22,5635807.2649000,0
2026-08-02 18:00:00,80.92000,81.07000,80.69000,80.89000,105026.70,2026-08-02 18:59:59,8494177.7273000,16839,54256.54,4388086.4792000,0
2026-08-02 19:00:00,80.88000,81.07000,80.72000,80.83000,63387.32,2026-08-02 19:59:59,5126171.6116000,10311,30986.46,2505992.4651000,0
2026-08-02 20:00:00,80.84000,81.56000,80.82000,81.15000,165872.58,2026-08-02 20:59:59,13473468.9900000,21534,85725.11,6961919.4119000,0
2026-08-02 21:00:00,81.15000,81.54000,79.50000,80.44000,459167.84,2026-08-02 21:59:59,36978505.6997000,66085,194334.24,15659424.6886000,0
2026-08-02 22:00:00,80.45000,81.33000,78.82000,81.24000,1563950.21,2026-08-02 22:59:59,125253765.6927000,105171,741028.35,59367003.0976000,0
2026-08-02 23:00:00,81.24000,81.32000,80.43000,80.77000,205059.51,2026-08-02 23:59:59,16581247.6219000,21963,90897.73,7350788.1736000,0
2026-08-03 00:00:00,80.76000,81.04000,80.37000,80.68000,246753.61,2026-08-03 00:59:59,19911407.0717000,26849,130619.64,10542615.2917000,0
2026-08-03 01:00:00,80.68000,80.85000,80.10000,80.17000,506432.07,2026-08-03 01:59:59,40759664.0901000,31706,254115.59,20454386.3408000,0
2026-08-03 02:00:00,80.18000,80.44000,79.65000,79.78000,380885.44,2026-08-03 02:59:59,30505095.1915000,26275,208234.06,16677565.1746000,0
2026-08-03 03:00:00,79.79000,80.22000,79.70000,79.81000,224865.66,2026-08-03 03:59:59,17981781.7527000,25624,118700.05,9492337.3795000,0
2026-08-03 04:00:00,79.81000,79.91000,79.59000,79.61000,155401.03,2026-08-03 04:59:59,12396963.2373000,15923,72541.20,5787143.1160000,0
2026-08-03 05:00:00,79.62000,79.95000,79.46000,79.70000,230463.16,2026-08-03 05:59:59,18356798.9246000,19427,126844.47,10104417.8952000,0
2026-08-03 06:00:00,79.71000,79.78000,78.94000,79.16000,363478.70,2026-08-03 06:59:59,28831753.3871000,28062,189962.61,15068964.3355000,0
2026-08-03 07:00:00,79.15000,80.51000,79.13000,79.76000,913251.33,2026-08-03 07:59:59,72967951.6416000,57416,527192.82,42124314.3453000,0
2026-08-03 08:00:00,79.77000,80.70000,79.61000,80.31000,520305.36,2026-08-03 08:59:59,41726351.0444000,41799,295351.10,23686082.0722000,0
2026-08-03 09:00:00,80.32000,80.38000,79.54000,80.09000,287599.36,2026-08-03 09:59:59,22992810.9161000,28777,137327.26,10978983.2377000,0
2026-08-03 10:00:00,80.08000,80.08000,79.36000,79.55000,258709.47,2026-08-03 10:59:59,20607272.9997000,28284,145369.44,11578292.2924000,0
2026-08-03 11:00:00,79.56000,79.94000,79.08000,79.11000,334009.35,2026-08-03 11:59:59,26575159.4619000,33055,145739.07,11599471.4358000,0
2026-08-03 12:00:00,79.11000,79.45000,78.88000,79.07000,469860.74,2026-08-03 12:59:59,37171705.7184000,38119,236103.07,18679554.7378000,0
2026-08-03 13:00:00,79.07000,79.48000,78.51000,79.19000,1135194.30,2026-08-03 13:59:59,89699610.4218000,67384,572121.21,45193405.0323000,0
2026-08-03 14:00:00,79.19000,79.73000,79.11000,79.73000,566414.10,2026-08-03 14:59:59,44966983.0755000,43424,292276.37,23201603.0156000,0
2026-08-03 15:00:00,79.72000,80.24000,79.45000,79.70000,894540.57,2026-08-03 15:59:59,71424296.2787000,51975,482862.29,38556142.8064000,0
2026-08-03 16:00:00,79.69000,79.95000,79.39000,79.64000,457070.18,2026-08-03 16:59:59,36424792.3807000,42278,254119.95,20251685.0146000,0
2026-08-03 17:00:00,79.65000,80.34000,79.64000,80.04000,402401.76,2026-08-03 17:59:59,32237753.8779000,36144,239935.99,19224181.2262000,0
2026-08-03 18:00:00,80.04000,80.65000,79.49000,80.38000,590039.04,2026-08-03 18:59:59,47273307.6465000,42895,312572.02,25050979.8017000,0
2026-08-03 19:00:00,80.38000,80.59000,80.14000,80.16000,257544.02,2026-08-03 19:59:59,20698820.2375000,18510,142588.47,11460497.0565000,0
2026-08-03 20:00:00,80.16000,80.25000,79.84000,80.03000,175211.13,2026-08-03 20:59:59,14024373.4260000,14547,78747.61,6304585.5383000,0
2026-08-03 21:00:00,80.03000,80.22000,79.89000,80.03000,46290.61,2026-08-03 21:59:59,3705096.7561000,9608,23193.30,1856509.5154000,0
2026-08-03 22:00:00,80.03000,80.20000,79.66000,80.15000,157256.37,2026-08-03 22:59:59,12572451.2530000,15682,85638.51,6847930.4167000,0
2026-08-03 23:00:00,80.15000,80.40000,79.84000,80.31000,216677.28,2026-08-03 23:59:59,17363057.8940000,15425,99881.65,8004788.0701000,0
2026-08-04 00:00:00,80.30000,81.23000,80.28000,81.05000,440940.35,2026-08-04 00:59:59,35615173.6955000,30028,232104.01,18749858.1209000,0
2026-08-04 01:00:00,81.06000,81.26000,80.67000,81.00000,306791.66,2026-08-04 01:59:59,24832428.1498000,29726,112001.19,9065646.3644000,0
2026-08-04 02:00:00,81.00000,81.30000,80.81000,81.20000,216583.30,2026-08-04 02:59:59,17559127.7060000,24074,89275.55,7237735.7476000,0
2026-08-04 03:00:00,81.19000,81.37000,80.92000,81.25000,301354.26,2026-08-04 03:59:59,24466548.7217000,21631,137879.39,11197297.9557000,0
2026-08-04 04:00:00,81.25000,81.35000,81.12000,81.26000,122073.60,2026-08-04 04:59:59,9915488.2070000,10922,64779.22,5261777.9441000,0
2026-08-04 05:00:00,81.26000,81.52000,80.93000,80.96000,239271.30,2026-08-04 05:59:59,19449649.7416000,21490,128219.35,10425670.8501000,0
2026-08-04 06:00:00,80.96000,81.13000,80.46000,80.50000,312599.95,2026-08-04 06:59:59,25266492.2971000,29155,142495.90,11519298.1962000,0
2026-08-04 07:00:00,80.49000,81.09000,80.27000,80.81000,322101.65,2026-08-04 07:59:59,26000946.1101000,32714,162394.06,13108386.0731000,0
2026-08-04 08:00:00,80.80000,82.34000,80.52000,82.16000,621863.53,2026-08-04 08:59:59,50688418.2711000,49332,353567.76,28831301.7882000,0
2026-08-04 09:00:00,82.17000,82.37000,81.75000,81.91000,574697.85,2026-08-04 09:59:59,47215070.3498000,42313,277898.43,22833669.5401000,0
2026-08-04 10:00:00,81.90000,82.07000,80.57000,80.87000,956231.49,2026-08-04 10:59:59,77730809.5943000,71581,411796.94,33465035.9622000,0
2026-08-04 11:00:00,80.87000,80.99000,76.65000,76.75000,2955185.30,2026-08-04 11:59:59,232234931.1280000,142729,1289930.02,101359044.6703000,0
2026-08-04 12:00:00,76.74000,78.18000,76.73000,77.58000,1726511.93,2026-08-04 12:59:59,134184290.9167000,89207,911880.70,70859253.4332000,0
2026-08-04 13:00:00,77.58000,77.93000,75.84000,76.05000,2159421.91,2026-08-04 13:59:59,165891044.5850000,124780,1019994.07,78381740.2666000,0
2026-08-04 14:00:00,76.05000,77.08000,75.92000,76.95000,1031597.00,2026-08-04 14:59:59,78899566.5327000,96799,519432.42,39733158.7475000,0
2026-08-04 15:00:00,76.95000,77.12000,75.31000,75.82000,1600497.94,2026-08-04 15:59:59,121726209.6918000,99364,756345.88,57547679.9956000,0
2026-08-04 16:00:00,75.82000,76.40000,75.78000,76.26000,580691.97,2026-08-04 16:59:59,44226173.9108000,45554,269184.87,20499970.3213000,0
2026-08-04 17:00:00,76.27000,76.33000,75.64000,75.98000,469326.11,2026-08-04 17:59:59,35612220.5608000,36220,213519.24,16200707.7058000,0
2026-08-04 18:00:00,75.98000,76.07000,75.62000,75.85000,552196.24,2026-08-04 18:59:59,41867166.6656000,32386,333520.75,25286832.3487000,0
2026-08-04 19:00:00,75.84000,76.09000,75.75000,75.87000,372739.34,2026-08-04 19:59:59,28285160.5986000,19705,135969.33,10318066.1594000,0
2026-08-04 20:00:00,75.86000,75.93000,75.19000,75.23000,413880.36,2026-08-04 20:59:59,31233402.7756000,33045,197808.49,14930159.0083000,0
2026-08-04 21:00:00,75.22000,75.84000,75.20000,75.42000,211658.73,2026-08-04 21:59:59,15987967.6193000,26413,108260.56,8178754.8314000,0
2026-08-04 22:00:00,75.41000,75.53000,75.23000,75.46000,138889.58,2026-08-04 22:59:59,10469982.5117000,17773,69420.88,5233398.6842000,0
2026-08-04 23:00:00,75.45000,75.49000,75.18000,75.33000,132973.24,2026-08-04 23:59:59,10012657.9850000,11522,68341.55,5146178.8421000,0
2026-08-05 00:00:00,75.34000,75.65000,74.66000,75.51000,527341.22,2026-08-05 00:59:59,39650561.3117000,37530,257146.42,19345115.6267000,0
2026-08-05 01:00:00,75.50000,76.17000,75.48000,76.07000,316430.61,2026-08-05 01:59:59,24041368.9090000,23505,157933.39,11998729.6517000,0
2026-08-05 02:00:00,76.06000,76.12000,74.32000,74.82000,972644.37,2026-08-05 02:59:59,73047958.1511000,58834,421235.04,31619625.2824000,0
2026-08-05 03:00:00,74.82000,74.93000,74.51000,74.62000,257501.45,2026-08-05 03:59:59,19237527.7554000,22134,133306.06,9960361.9975000,0
2026-08-05 04:00:00,74.62000,75.36000,74.56000,75.25000,335208.31,2026-08-05 04:59:59,25163276.5452000,19355,174880.54,13126577.7651000,0
2026-08-05 05:00:00,75.26000,75.41000,74.81000,75.12000,325536.52,2026-08-05 05:59:59,24459845.6361000,26791,152123.19,11432627.9788000,0
2026-08-05 06:00:00,75.12000,75.57000,75.00000,75.12000,418716.44,2026-08-05 06:59:59,31523777.7139000,35628,208071.87,15669156.6708000,0
2026-08-05 07:00:00,75.12000,76.38000,74.99000,76.10000,700051.53,2026-08-05 07:59:59,53099002.4461000,56210,381208.38,28916714.6001000,0
2026-08-05 08:00:00,76.09000,76.49000,75.83000,76.32000,512659.96,2026-08-05 08:59:59,39070495.1191000,49686,271221.98,20674086.5188000,0
2026-08-05 09:00:00,76.31000,76.66000,75.97000,76.62000,324493.09,2026-08-05 09:59:59,24772263.9651000,42725,164962.45,12594597.0243000,0
2026-08-05 10:00:00,76.62000,76.79000,76.22000,76.33000,327531.37,2026-08-05 10:59:59,25083399.8090000,40521,159866.04,12245140.6627000,0
2026-08-05 11:00:00,76.32000,76.49000,75.89000,76.13000,319544.94,2026-08-05 11:59:59,24338013.1896000,39150,159211.18,12126790.2143000,0
2026-08-05 12:00:00,76.13000,76.67000,75.85000,76.60000,404996.46,2026-08-05 12:59:59,30870535.6669000,47054,211737.13,16139542.9045000,0
2026-08-05 13:00:00,76.61000,76.66000,75.03000,75.59000,763052.85,2026-08-05 13:59:59,57746309.3120000,67726,360971.16,27319580.3331000,0
2026-08-05 14:00:00,75.59000,75.69000,74.75000,75.22000,1130451.27,2026-08-05 14:59:59,84918786.9901000,77200,521389.67,39174175.4046000,0
2026-08-05 15:00:00,75.21000,75.91000,74.61000,75.70000,746481.25,2026-08-05 15:59:59,56199365.6518000,61826,369845.39,27847211.3896000,0
2026-08-05 16:00:00,75.69000,75.87000,74.88000,75.04000,583838.31,2026-08-05 16:59:59,44008059.1484000,45320,233208.99,17592253.8881000,0
2026-08-05 17:00:00,75.03000,75.13000,74.55000,74.99000,383750.72,2026-08-05 17:59:59,28696544.8862000,32632,190631.13,14257337.3584000,0
2026-08-05 18:00:00,74.99000,75.53000,74.98000,75.41000,217293.72,2026-08-05 18:59:59,16355054.6308000,28324,99689.98,7504415.8840000,0
2026-08-05 19:00:00,75.40000,75.47000,75.09000,75.25000,93569.32,2026-08-05 19:59:59,7044977.8675000,15686,50253.79,3784037.5627000,0
2026-08-05 20:00:00,75.25000,75.25000,74.96000,75.19000,127142.58,2026-08-05 20:59:59,9550605.5584000,14261,67640.63,5081205.8719000,0
2026-08-05 21:00:00,75.19000,75.66000,75.12000,75.23000,143209.61,2026-08-05 21:59:59,10795662.2795000,22981,67035.54,5053637.0948000,0
2026-08-05 22:00:00,75.22000,75.33000,75.01000,75.17000,183357.39,2026-08-05 22:59:59,13793714.8105000,14960,75388.20,5670292.1058000,0
2026-08-05 23:00:00,75.17000,75.23000,74.93000,75.00000,93008.43,2026-08-05 23:59:59,6985399.1151000,9627,44654.56,3354074.7399000,0
2026-08-06 00:00:00,74.99000,75.27000,74.75000,75.02000,261713.32,2026-08-06 00:59:59,19626680.8402000,24010,136042.74,10202823.0925000,0
2026-08-06 01:00:00,75.02000,76.12000,74.99000,75.82000,417737.42,2026-08-06 01:59:59,31618344.8556000,37732,235352.68,17815787.8824000,0
2026-08-06 02:00:00,75.83000,75.89000,75.52000,75.60000,173811.51,2026-08-06 02:59:59,13152544.2794000,22453,92677.39,7013358.1814000,0
2026-08-06 03:00:00,75.59000,75.68000,75.01000,75.03000,213369.83,2026-08-06 03:59:59,16064182.2911000,19486,97702.72,7357426.0796000,0
2026-08-06 04:00:00,75.03000,75.07000,74.71000,74.91000,243412.31,2026-08-06 04:59:59,18224066.7336000,16321,122547.69,9175203.2549000,0
2026-08-06 05:00:00,74.91000,75.07000,74.70000,74.97000,288268.83,2026-08-06 05:59:59,21585774.4064000,22251,149675.07,11210981.7031000,0
2026-08-06 06:00:00,74.97000,75.71000,74.93000,75.36000,373870.84,2026-08-06 06:59:59,28210622.2178000,38561,188977.72,14258753.3635000,0
2026-08-06 07:00:00,75.36000,75.61000,75.08000,75.50000,359772.76,2026-08-06 07:59:59,27106005.2210000,37654,165323.43,12453313.4660000,0
2026-08-06 08:00:00,75.49000,75.89000,75.00000,75.26000,510623.97,2026-08-06 08:59:59,38486573.2012000,51430,256265.77,19321033.2314000,0
2026-08-06 09:00:00,75.25000,75.60000,75.17000,75.25000,234087.58,2026-08-06 09:59:59,17647626.8281000,34694,111997.93,8443739.8720000,0
2026-08-06 10:00:00,75.26000,76.13000,75.22000,75.95000,456858.27,2026-08-06 10:59:59,34645224.1194000,43776,244095.71,18508938.9107000,0
2026-08-06 11:00:00,75.94000,76.28000,75.73000,75.75000,486346.54,2026-08-06 11:59:59,36952956.9917000,39972,236382.19,17963990.7788000,0
2026-08-06 12:00:00,75.76000,76.50000,75.66000,76.29000,556091.79,2026-08-06 12:59:59,42344629.0629000,48121,306638.73,23345948.1247000,0
2026-08-06 13:00:00,76.28000,76.92000,75.99000,76.20000,845176.82,2026-08-06 13:59:59,64571715.0254000,73491,418261.01,31955195.8506000,0
2026-08-06 14:00:00,76.21000,76.84000,76.02000,76.65000,504002.66,2026-08-06 14:59:59,38560563.1655000,43494,225916.62,17279484.1159000,0
2026-08-06 15:00:00,76.66000,78.19000,76.59000,77.80000,1367328.08,2026-08-06 15:59:59,105833325.5164000,75413,762756.61,59032947.6361000,0
2026-08-06 16:00:00,77.79000,78.15000,77.62000,77.92000,681516.60,2026-08-06 16:59:59,53072544.2463000,76389,323452.22,25193286.1325000,0
2026-08-06 17:00:00,77.91000,77.95000,77.21000,77.38000,338998.66,2026-08-06 17:59:59,26294646.9815000,40104,139811.36,10841291.3822000,0
2026-08-06 18:00:00,77.37000,77.54000,77.17000,77.50000,288572.70,2026-08-06 18:59:59,22328074.7319000,29214,166378.33,12873152.5226000,0
2026-08-06 19:00:00,77.50000,78.39000,77.45000,77.74000,644689.22,2026-08-06 19:59:59,50258710.2016000,43293,352066.12,27448862.7253000,0
2026-08-06 20:00:00,77.74000,78.57000,77.63000,78.21000,505418.64,2026-08-06 20:59:59,39457248.0740000,33387,261596.67,20418451.2113000,0
2026-08-06 21:00:00,78.21000,78.40000,77.97000,78.22000,169890.25,2026-08-06 21:59:59,13273631.1989000,24021,94569.47,7388289.6778000,0
2026-08-06 22:00:00,78.22000,78.22000,77.92000,78.14000,122181.89,2026-08-06 22:59:59,9543067.9094000,13496,61241.43,4783548.1645000,0
2026-08-06 23:00:00,78.13000,78.17000,78.01000,78.03000,62011.57,2026-08-06 23:59:59,4843690.4151000,7868,27243.37,2128038.0962000,0
2026-08-07 00:00:00,78.03000,78.48000,77.88000,77.94000,293296.93,2026-08-07 00:59:59,22934181.3258000,29993,135335.52,10584314.3519000,0
2026-08-07 01:00:00,77.93000,78.06000,77.78000,77.92000,367134.07,2026-08-07 01:59:59,28596802.5261000,29282,185083.98,14417347.7466000,0
2026-08-07 02:00:00,77.93000,78.23000,77.92000,78.03000,437908.42,2026-08-07 02:59:59,34187914.3347000,20042,238940.45,18651740.8920000,0
2026-08-07 03:00:00,78.04000,78.27000,77.90000,78.06000,175075.41,2026-08-07 03:59:59,13670858.3344000,15224,93759.13,7321619.7717000,0
2026-08-07 04:00:00,78.06000,78.77000,77.99000,78.35000,637241.00,2026-08-07 04:59:59,49992017.0615000,38898,322995.57,25344494.2483000,0
2026-08-07 05:00:00,78.34000,78.41000,78.08000,78.08000,140366.00,2026-08-07 05:59:59,10987054.9762000,17722,65726.43,5145284.8249000,0
2026-08-07 06:00:00,78.08000,78.18000,77.56000,77.86000,274762.74,2026-08-07 06:59:59,21394880.5585000,28390,120010.68,9344493.9386000,0
2026-08-07 07:00:00,77.86000,78.05000,77.52000,77.74000,289720.10,2026-08-07 07:59:59,22537251.7647000,26173,145954.65,11353472.8319000,0
2026-08-07 08:00:00,77.75000,78.03000,77.46000,77.68000,438589.23,2026-08-07 08:59:59,34097905.2959000,30712,221303.37,17206921.6517000,0
2026-08-07 09:00:00,77.69000,77.79000,77.02000,77.23000,334168.42,2026-08-07 09:59:59,25853042.3497000,30092,166546.08,12886347.5194000,0
2026-08-07 10:00:00,77.23000,77.27000,76.76000,76.79000,322058.83,2026-08-07 10:59:59,24798445.6343000,32116,161290.32,12419771.4621000,0
2026-08-07 11:00:00,76.79000,77.06000,76.51000,76.72000,267031.20,2026-08-07 11:59:59,20493320.0441000,24567,134123.11,10296075.9759000,0
2026-08-07 12:00:00,76.72000,77.49000,76.52000,76.69000,488393.01,2026-08-07 12:59:59,37563617.9488000,45606,261711.63,20132457.9529000,0
2026-08-07 13:00:00,76.68000,77.28000,76.48000,77.26000,405262.59,2026-08-07 13:59:59,31162893.5864000,44706,227180.45,17472108.9480000,0
2026-08-07 14:00:00,77.26000,78.02000,77.13000,78.00000,727734.85,2026-08-07 14:59:59,56466353.6022000,49953,420306.34,32621919.4358000,0
2026-08-07 15:00:00,77.99000,78.41000,77.88000,78.32000,545105.66,2026-08-07 15:59:59,42592911.5185000,44885,279508.65,21843548.5431000,0
2026-08-07 16:00:00,78.32000,78.39000,78.03000,78.23000,230691.33,2026-08-07 16:59:59,18042382.3434000,23731,97383.17,7616614.8901000,0
2026-08-07 17:00:00,78.24000,78.24000,77.62000,77.97000,345129.59,2026-08-07 17:59:59,26874280.9086000,22282,153618.24,11960936.9256000,0
2026-08-07 18:00:00,77.97000,78.25000,77.83000,78.00000,169792.05,2026-08-07 18:59:59,13253088.2794000,22123,79676.23,6219038.0986000,0
2026-08-07 19:00:00,78.01000,78.01000,76.72000,76.93000,766627.47,2026-08-07 19:59:59,59187122.2344000,44869,359860.86,27779588.7641000,0
2026-08-07 20:00:00,76.92000,77.20000,76.70000,76.91000,394187.67,2026-08-07 20:59:59,30336270.2060000,25109,204079.27,15707107.4940000,0
2026-08-07 21:00:00,76.90000,77.14000,76.33000,76.60000,192989.61,2026-08-07 21:59:59,14821826.5660000,24180,91165.05,7000713.1380000,0
2026-08-07 22:00:00,76.60000,76.83000,76.24000,76.77000,128992.98,2026-08-07 22:59:59,9884622.7288000,17651,60728.03,4652554.6972000,0
2026-08-07 23:00:00,76.77000,77.05000,76.63000,76.76000,55808.68,2026-08-07 23:59:59,4287346.5048000,9264,25586.34,1965939.3863000,0
2026-08-08 00:00:00,76.75000,76.81000,76.47000,76.66000,50974.04,2026-08-08 00:59:59,3905258.6539000,9288,27012.20,2069597.5866000,0
2026-08-08 01:00:00,76.66000,76.79000,76.55000,76.67000,29470.24,2026-08-08 01:59:59,2259814.2679000,7540,15679.24,1202178.0717000,0
2026-08-08 02:00:00,76.67000,76.83000,76.59000,76.76000,25490.23,2026-08-08 02:59:59,1955222.5482000,7296,13911.88,1067138.0332000,0
2026-08-08 03:00:00,76.77000,76.94000,76.66000,76.76000,42308.27,2026-08-08 03:59:59,3248129.9575000,9050,22919.74,1759819.7809000,0
2026-08-08 04:00:00,76.75000,76.82000,76.70000,76.74000,15818.27,2026-08-08 04:59:59,1214306.4250000,4557,9518.26,730668.2818000,0
2026-08-08 05:00:00,76.74000,76.77000,76.57000,76.73000,37485.03,2026-08-08 05:59:59,2873996.1649000,6614,20554.29,1575806.9810000,0
2026-08-08 06:00:00,76.73000,76.79000,76.64000,76.69000,20266.89,2026-08-08 06:59:59,1554839.6503000,4493,8377.94,642755.5510000,0
2026-08-08 07:00:00,76.70000,76.76000,76.64000,76.72000,21445.26,2026-08-08 07:59:59,1645221.8507000,4563,10618.83,814656.8995000,0
2026-08-08 08:00:00,76.72000,76.76000,76.65000,76.75000,12208.43,2026-08-08 08:59:59,936551.3346000,2854,5756.67,441643.2906000,0
2026-08-08 09:00:00,76.75000,76.76000,76.67000,76.70000,14650.74,2026-08-08 09:59:59,1124110.9641000,2973,8134.49,624180.7313000,0
2026-08-08 10:00:00,76.69000,77.17000,76.68000,77.09000,78185.36,2026-08-08 10:59:59,6020600.1217000,10497,44644.82,3437660.7167000,0
2026-08-08 11:00:00,77.09000,77.12000,76.85000,76.96000,53192.49,2026-08-08 11:59:59,4095654.4399000,9394,22283.80,1716092.7529000,0
2026-08-08 12:00:00,76.97000,77.12000,76.95000,77.08000,24034.59,2026-08-08 12:59:59,1852327.1777000,5042,12294.04,947576.8155000,0
2026-08-08 13:00:00,77.07000,77.40000,77.00000,77.35000,87539.23,2026-08-08 13:59:59,6756987.7746000,11196,49693.86,3837513.0510000,0
2026-08-08 14:00:00,77.36000,77.44000,76.62000,76.84000,171596.75,2026-08-08 14:59:59,13215728.3850000,24045,78473.59,6044131.0218000,0
2026-08-08 15:00:00,76.84000,76.93000,76.52000,76.78000,120971.18,2026-08-08 15:59:59,9282449.5305000,15827,51641.69,3963350.6389000,0
2026-08-08 16:00:00,76.77000,77.05000,76.55000,77.00000,91419.80,2026-08-08 16:59:59,7022448.8522000,14940,46053.71,3538856.5206000,0
2026-08-08 17:00:00,76.99000,77.71000,76.96000,77.31000,187826.80,2026-08-08 17:59:59,14543375.0294000,28328,111837.19,8659478.5220000,0
2026-08-08 18:00:00,77.31000,77.43000,77.13000,77.35000,51593.20,2026-08-08 18:59:59,3987668.2622000,10464,28223.02,2181426.8273000,0
2026-08-08 19:00:00,77.35000,77.49000,77.22000,77.36000,54090.31,2026-08-08 19:59:59,4184759.9376000,8837,20186.98,1562304.0255000,0
2026-08-08 20:00:00,77.36000,77.56000,77.31000,77.32000,28236.32,2026-08-08 20:59:59,2186207.0713000,8549,13931.69,1078851.5230000,0
2026-08-08 21:00:00,77.31000,77.45000,76.80000,77.22000,64753.31,2026-08-08 21:59:59,4994695.2333000,14902,29753.94,2295338.7517000,0
2026-08-08 22:00:00,77.22000,77.64000,77.14000,77.27000,36101.37,2026-08-08 22:59:59,2791906.3642000,10411,18530.59,1433709.9381000,0
2026-08-08 23:00:00,77.28000,77.49000,77.14000,77.23000,61265.76,2026-08-08 23:59:59,4735917.4476000,11559,27480.73,2123951.0102000,0
2026-08-09 00:00:00,77.23000,77.26000,77.06000,77.10000,21399.66,2026-08-09 00:59:59,1651109.9424000,4564,8987.14,693370.4165000,0
2026-08-09 01:00:00,77.10000,77.56000,77.09000,77.44000,75632.97,2026-08-09 01:59:59,5851995.4296000,12862,37989.68,2939708.0047000,0
2026-08-09 02:00:00,77.44000,77.52000,77.31000,77.41000,37581.39,2026-08-09 02:59:59,2910296.5487000,6980,20470.01,1585429.5470000,0
2026-08-09 03:00:00,77.42000,77.53000,77.39000,77.48000,17428.86,2026-08-09 03:59:59,1350073.1020000,3912,10057.63,779128.0504000,0
2026-08-09 04:00:00,77.48000,77.85000,77.47000,77.79000,58713.79,2026-08-09 04:59:59,4562854.7230000,11979,32909.02,2557039.6097000,0
2026-08-09 05:00:00,77.79000,77.82000,77.66000,77.70000,38181.22,2026-08-09 05:59:59,2968498.3496000,6866,17272.37,1342991.7753000,0
2026-08-09 06:00:00,77.69000,77.82000,77.59000,77.81000,45056.95,2026-08-09 06:59:59,3499459.7265000,5519,23659.31,1837673.6677000,0
2026-08-09 07:00:00,77.81000,77.81000,77.68000,77.69000,23922.30,2026-08-09 07:59:59,1859206.2434000,4819,10946.81,850802.3284000,0
2026-08-09 08:00:00,77.70000,77.87000,77.66000,77.77000,36358.78,2026-08-09 08:59:59,2827477.8668000,4514,20558.89,1598945.5003000,0
2026-08-09 09:00:00,77.78000,78.15000,77.77000,78.03000,62961.25,2026-08-09 09:59:59,4909925.8172000,8312,35119.45,2738622.7692000,0
2026-08-09 10:00:00,78.03000,78.10000,77.85000,78.00000,60510.57,2026-08-09 10:59:59,4719507.1580000,9168,28519.84,2224553.7343000,0
2026-08-09 11:00:00,78.00000,78.07000,77.48000,77.57000,122923.12,2026-08-09 11:59:59,9548173.4060000,18144,48920.58,3799519.2505000,0
2026-08-09 12:00:00,77.56000,77.67000,77.20000,77.35000,82199.15,2026-08-09 12:59:59,6365010.8587000,15528,31573.60,2444989.8870000,0
2026-08-09 13:00:00,77.35000,77.44000,77.24000,77.35000,38168.73,2026-08-09 13:59:59,2952685.7584000,7791,19409.32,1501550.1533000,0
2026-08-09 14:00:00,77.35000,77.41000,77.15000,77.36000,57099.70,2026-08-09 14:59:59,4414063.6432000,12672,27100.35,2095217.7816000,0
2026-08-09 15:00:00,77.35000,77.45000,77.33000,77.35000,40772.65,2026-08-09 15:59:59,3155026.9900000,8430,19197.43,1485629.9515000,0
2026-08-09 16:00:00,77.36000,77.38000,76.90000,77.06000,101879.31,2026-08-09 16:59:59,7856796.9195000,13321,48240.78,3719676.0394000,0
2026-08-09 17:00:00,77.05000,77.21000,77.04000,77.21000,37686.88,2026-08-09 17:59:59,2907541.2867000,4952,16538.75,1275975.5640000,0
2026-08-09 18:00:00,77.21000,77.81000,77.19000,77.74000,57218.47,2026-08-09 18:59:59,4432893.5544000,9058,33830.01,2621601.6882000,0
2026-08-09 19:00:00,77.74000,77.83000,77.55000,77.68000,83172.25,2026-08-09 19:59:59,6458837.2636000,13447,33577.03,2607517.5989000,0
2026-08-09 20:00:00,77.67000,78.03000,77.53000,77.81000,64336.77,2026-08-09 20:59:59,5003909.2532000,11579,30746.84,2391408.6075000,0
2026-08-09 21:00:00,77.81000,78.99000,77.74000,78.51000,338832.48,2026-08-09 21:59:59,26576322.4647000,47136,186902.78,14655685.1569000,0
2026-08-09 22:00:00,78.51000,79.15000,78.23000,78.64000,714021.08,2026-08-09 22:59:59,56246987.1031000,42804,361131.31,28469091.7380000,0
2026-08-09 23:00:00,78.65000,78.75000,78.41000,78.61000,187244.52,2026-08-09 23:59:59,14710859.4077000,11641,86119.19,6766223.6881000,0
2026-08-10 00:00:00,78.60000,78.75000,78.37000,78.45000,237531.91,2026-08-10 00:59:59,18662590.6441000,20766,117496.42,9231870.7326000,0
2026-08-10 01:00:00,78.44000,78.96000,78.04000,78.66000,505071.06,2026-08-10 01:59:59,39672748.0253000,40709,215717.77,16957773.9774000,0
2026-08-10 02:00:00,78.66000,78.81000,78.39000,78.62000,145005.65,2026-08-10 02:59:59,11394375.0175000,13987,77019.08,6052240.4555000,0
2026-08-10 03:00:00,78.63000,78.66000,78.33000,78.56000,106040.46,2026-08-10 03:59:59,8322796.5829000,12347,48651.94,3818215.1465000,0
2026-08-10 04:00:00,78.55000,78.64000,78.09000,78.23000,157447.17,2026-08-10 04:59:59,12335993.2127000,15285,86274.31,6758682.4574000,0
2026-08-10 05:00:00,78.23000,78.39000,77.58000,77.61000,481426.40,2026-08-10 05:59:59,37598233.1218000,23837,222317.36,17369772.0086000,0
2026-08-10 06:00:00,77.62000,78.07000,77.58000,77.74000,353630.92,2026-08-10 06:59:59,27522354.9422000,26472,185638.54,14443634.7014000,0
2026-08-10 07:00:00,77.75000,78.40000,77.54000,78.00000,656810.00,2026-08-10 07:59:59,51246360.3892000,46508,346135.52,27000863.6133000,0
2026-08-10 08:00:00,78.00000,79.10000,77.97000,78.90000,381092.45,2026-08-10 08:59:59,29931796.2754000,36995,191200.22,15017903.4201000,0
2026-08-10 09:00:00,78.89000,78.91000,78.42000,78.77000,321282.41,2026-08-10 09:59:59,25288013.0397000,29320,168200.51,13238858.2945000,0
2026-08-10 10:00:00,78.77000,79.34000,78.22000,79.19000,303897.13,2026-08-10 10:59:59,23948581.9808000,33264,156491.09,12337154.8470000,0
2026-08-10 11:00:00,79.19000,79.40000,78.71000,79.33000,339805.83,2026-08-10 11:59:59,26893805.7380000,35534,175872.82,13919806.5527000,0
2026-08-10 12:00:00,79.33000,79.67000,78.98000,79.45000,417791.46,2026-08-10 12:59:59,33143933.0396000,34897,197890.57,15707230.0448000,0
2026-08-10 13:00:00,79.45000,80.65000,78.94000,80.55000,925875.97,2026-08-10 13:59:59,73917201.9439000,66959,463762.90,37030978.8298000,0
2026-08-10 14:00:00,80.55000,80.63000,80.03000,80.48000,605118.59,2026-08-10 14:59:59,48618608.3581000,46388,267429.58,21486141.0648000,0
2026-08-10 15:00:00,80.48000,81.08000,80.38000,80.75000,718386.08,2026-08-10 15:59:59,58074095.1156000,45280,379075.41,30651185.7848000,0
2026-08-10 16:00:00,80.74000,81.28000,80.54000,81.13000,474269.82,2026-08-10 16:59:59,38407232.8119000,35502,233789.69,18932851.3425000,0
2026-08-10 17:00:00,81.12000,81.64000,81.12000,81.64000,331434.60,2026-08-10 17:59:59,26967423.3711000,30320,164125.76,13355000.3813000,0
2026-08-10 18:00:00,81.63000,82.01000,81.46000,81.57000,372022.24,2026-08-10 18:59:59,30402551.3679000,27924,208314.22,17019485.6321000,0
2026-08-10 19:00:00,81.56000,81.78000,81.33000,81.77000,405122.40,2026-08-10 19:59:59,33027280.0254000,23538,237632.70,19369093.4079000,0
2026-08-10 20:00:00,81.77000,81.96000,81.67000,81.88000,285232.70,2026-08-10 20:59:59,23333367.2745000,18796,115679.90,9463029.1969000,0
2026-08-10 21:00:00,81.89000,81.95000,81.63000,81.80000,150171.87,2026-08-10 21:59:59,12284304.2729000,17798,69091.30,5651410.7180000,0
2026-08-10 22:00:00,81.80000,81.86000,81.64000,81.69000,103415.66,2026-08-10 22:59:59,8451738.9792000,10739,41584.30,3398753.9151000,0
2026-08-10 23:00:00,81.69000,81.73000,81.52000,81.69000,107847.65,2026-08-10 23:59:59,8802095.9447000,8853,61345.41,5006833.8460000,0
2026-08-11 00:00:00,81.70000,81.99000,81.60000,81.76000,174945.82,2026-08-11 00:59:59,14310380.2002000,19269,98516.07,8058876.6464000,0
2026-08-11 01:00:00,81.77000,82.07000,81.55000,81.98000,197219.94,2026-08-11 01:59:59,16141678.2426000,21295,104162.26,8527728.9466000,0
2026-08-11 02:00:00,81.97000,82.01000,81.73000,81.89000,98567.96,2026-08-11 02:59:59,8071777.7268000,13936,45241.81,3705220.1849000,0
2026-08-11 03:00:00,81.90000,81.96000,81.65000,81.67000,75603.70,2026-08-11 03:59:59,6181663.2438000,9863,34416.37,2814202.8637000,0
2026-08-11 04:00:00,81.66000,81.89000,81.48000,81.80000,155465.00,2026-08-11 04:59:59,12698488.8069000,13130,87965.99,7186060.1776000,0
2026-08-11 05:00:00,81.79000,82.11000,81.70000,81.99000,186367.99,2026-08-11 05:59:59,15269070.5260000,19715,103962.48,8519183.5195000,0
2026-08-11 06:00:00,81.98000,83.23000,81.84000,82.99000,640332.03,2026-08-11 06:59:59,52928492.1869000,44329,344402.63,28460586.6408000,0
2026-08-11 07:00:00,82.99000,83.54000,82.77000,83.45000,414560.81,2026-08-11 07:59:59,34501614.5017000,37670,222811.17,18542515.1775000,0
2026-08-11 08:00:00,83.45000,83.97000,83.23000,83.95000,528660.33,2026-08-11 08:59:59,44260371.7962000,38330,247489.25,20720577.2321000,0
2026-08-11 09:00:00,83.96000,84.04000,83.41000,83.67000,421740.18,2026-08-11 09:59:59,35322448.2351000,35984,186417.11,15617430.9633000,0
2026-08-11 10:00:00,83.66000,83.78000,82.73000,82.93000,587126.11,2026-08-11 10:59:59,48806677.0367000,37811,254294.53,21132825.5393000,0
2026-08-11 11:00:00,82.92000,82.96000,81.16000,81.61000,1712823.09,2026-08-11 11:59:59,139895261.2026000,86084,810791.97,66178878.0784000,0
2026-08-11 12:00:00,81.62000,82.15000,81.27000,81.98000,560549.02,2026-08-11 12:59:59,45862526.7528000,43854,293991.32,24058533.3537000,0
2026-08-11 13:00:00,81.98000,81.99000,80.76000,81.11000,842188.62,2026-08-11 13:59:59,68337373.4462000,59905,369260.45,29968135.5605000,0
2026-08-11 14:00:00,81.11000,82.12000,81.05000,82.00000,604047.94,2026-08-11 14:59:59,49288096.4071000,42843,304042.01,24811031.6001000,0
2026-08-11 15:00:00,81.99000,82.72000,81.69000,82.65000,711180.87,2026-08-11 15:59:59,58524146.8950000,44839,355551.71,29262548.0100000,0
2026-08-11 16:00:00,82.65000,82.66000,82.13000,82.47000,316902.73,2026-08-11 16:59:59,26101353.9152000,24399,138464.16,11403028.7043000,0
2026-08-11 17:00:00,82.46000,82.69000,82.31000,82.66000,207508.78,2026-08-11 17:59:59,17117816.6032000,18710,106794.73,8809567.5745000,0
2026-08-11 18:00:00,82.66000,82.74000,82.30000,82.51000,138325.50,2026-08-11 18:59:59,11411825.2066000,20691,61777.57,5097327.3662000,0
2026-08-11 19:00:00,82.50000,82.97000,82.47000,82.77000,157453.20,2026-08-11 19:59:59,13032678.9593000,13083,83789.79,6935769.9961000,0
2026-08-11 20:00:00,82.77000,82.83000,82.46000,82.52000,293944.42,2026-08-11 20:59:59,24304431.4171000,18896,115861.10,9581043.2108000,0
2026-08-11 21:00:00,82.52000,82.74000,81.73000,82.71000,390765.55,2026-08-11 21:59:59,32128171.4724000,41300,190390.72,15655708.4290000,0
2026-08-11 22:00:00,82.71000,82.81000,82.63000,82.70000,161957.65,2026-08-11 22:59:59,13397907.7433000,12433,80543.24,6663300.0978000,0
2026-08-11 23:00:00,82.70000,82.75000,82.63000,82.65000,86792.88,2026-08-11 23:59:59,7176236.5520000,5881,44329.19,3665332.8348000,0
2026-08-12 00:00:00,82.65000,83.13000,82.58000,82.98000,295122.10,2026-08-12 00:59:59,24461379.3078000,20920,166536.24,13801926.6746000,0
2026-08-12 01:00:00,82.98000,83.18000,82.85000,82.92000,198257.42,2026-08-12 01:59:59,16464252.4535000,16047,79348.07,6589925.1772000,0
2026-08-12 02:00:00,82.92000,83.29000,82.92000,83.18000,131789.50,2026-08-12 02:59:59,10951074.3058000,14308,67441.39,5604634.5911000,0
2026-08-12 03:00:00,83.19000,83.49000,83.09000,83.45000,210908.56,2026-08-12 03:59:59,17562846.4377000,12933,117771.75,9807413.3245000,0
2026-08-12 04:00:00,83.45000,83.48000,82.76000,82.84000,283456.70,2026-08-12 04:59:59,23561133.8462000,17901,112583.65,9359557.9092000,0
2026-08-12 05:00:00,82.84000,83.20000,82.69000,83.16000,334491.10,2026-08-12 05:59:59,27741367.5741000,19767,160809.13,13332062.0164000,0
2026-08-12 06:00:00,83.15000,83.18000,82.57000,82.86000,264569.13,2026-08-12 06:59:59,21920005.0630000,21223,99039.86,8205783.0368000,0
2026-08-12 07:00:00,82.85000,83.19000,82.82000,82.94000,347804.55,2026-08-12 07:59:59,28876523.9389000,21481,166203.42,13800397.4376000,0
2026-08-12 08:00:00,82.95000,83.01000,82.35000,82.69000,487431.35,2026-08-12 08:59:59,40298741.2633000,28852,212457.67,17567033.6302000,0
2026-08-12 09:00:00,82.70000,82.71000,81.66000,82.16000,777866.69,2026-08-12 09:59:59,63863920.5794000,41282,359568.65,29521747.7077000,0
2026-08-12 10:00:00,82.17000,82.88000,81.99000,82.53000,566536.57,2026-08-12 10:59:59,46759307.4815000,36815,317830.02,26233189.3335000,0
2026-08-12 11:00:00,82.52000,82.85000,82.31000,82.82000,332975.69,2026-08-12 11:59:59,27489383.2707000,21331,182695.92,15083970.8330000,0
2026-08-12 12:00:00,82.82000,83.00000,82.11000,82.11000,518701.36,2026-08-12 12:59:59,42858674.8472000,30961,239993.55,19828497.4805000,0
2026-08-12 13:00:00,82.11000,82.18000,81.70000,81.82000,553754.89,2026-08-12 13:59:59,45371578.9812000,32067,279628.72,22916691.9887000,0
2026-08-12 14:00:00,81.83000,82.52000,81.54000,82.13000,743484.23,2026-08-12 14:59:59,60985588.5362000,47622,426406.63,34989520.1798000,0
2026-08-12 15:00:00,82.14000,82.53000,82.04000,82.39000,383834.46,2026-08-12 15:59:59,31594707.5920000,28236,170832.77,14062962.3724000,0
2026-08-12 16:00:00,82.39000,82.41000,81.99000,82.02000,249365.32,2026-08-12 16:59:59,20499600.7290000,20096,120999.74,9946915.5699000,0
2026-08-12 17:00:00,82.02000,82.49000,81.95000,82.32000,220343.84,2026-08-12 17:59:59,18113499.9035000,22945,116266.70,9558284.7700000,0
2026-08-12 18:00:00,82.33000,82.64000,82.07000,82.48000,250315.37,2026-08-12 18:59:59,20627884.0476000,18153,108033.63,8903144.0242000,0
2026-08-12 19:00:00,82.48000,82.49000,82.16000,82.30000,105020.56,2026-08-12 19:59:59,8644215.7573000,9068,54415.70,4478885.6798000,0
2026-08-12 20:00:00,82.30000,82.30000,81.78000,81.83000,186935.55,2026-08-12 20:59:59,15326126.6534000,13234,101753.47,8341020.4957000,0
2026-08-12 21:00:00,81.84000,82.19000,81.84000,82.01000,86133.36,2026-08-12 21:59:59,7068552.1639000,10791,41230.44,3383075.3770000,0
2026-08-12 22:00:00,82.01000,82.04000,81.83000,81.92000,127485.69,2026-08-12 22:59:59,10444922.3465000,9899,63116.26,5171224.1915000,0
2026-08-12 23:00:00,81.92000,82.01000,81.83000,81.87000,59379.03,2026-08-12 23:59:59,4865401.9581000,5046,28488.53,2334214.5063000,0
2026-08-13 00:00:00,81.86000,81.86000,81.29000,81.31000,325972.05,2026-08-13 00:59:59,26598254.7812000,21384,160381.10,13088133.7394000,0
2026-08-13 01:00:00,81.31000,81.58000,81.13000,81.41000,251709.88,2026-08-13 01:59:59,20470466.8434000,21885,125500.66,10208279.0297000,0
2026-08-13 02:00:00,81.40000,81.49000,81.24000,81.45000,240984.24,2026-08-13 02:59:59,19601234.1315000,12687,138618.01,11276354.5734000,0
2026-08-13 03:00:00,81.44000,81.85000,81.21000,81.79000,167125.90,2026-08-13 03:59:59,13627857.3584000,14222,86540.46,7057849.3276000,0
2026-08-13 04:00:00,81.78000,82.16000,81.78000,82.15000,292179.65,2026-08-13 04:59:59,23964822.5477000,14163,141721.08,11626101.4194000,0
2026-08-13 05:00:00,82.16000,82.37000,82.05000,82.22000,342536.90,2026-08-13 05:59:59,28156393.5027000,17948,160595.63,13200984.4756000,0
2026-08-13 06:00:00,82.21000,82.39000,81.85000,81.88000,330373.01,2026-08-13 06:59:59,27131431.1589000,18720,153354.32,12595032.3667000,0
2026-08-13 07:00:00,81.89000,82.24000,81.03000,81.35000,644379.00,2026-08-13 07:59:59,52545309.1013000,37061,326776.07,26640975.0084000,0
2026-08-13 08:00:00,81.35000,81.56000,80.81000,80.97000,493472.33,2026-08-13 08:59:59,40047664.4887000,26920,242906.90,19714562.3800000,0
2026-08-13 09:00:00,80.96000,81.03000,80.41000,81.01000,429383.14,2026-08-13 09:59:59,34670083.1628000,26216,211563.29,17087187.1610000,0
2026-08-13 10:00:00,81.02000,81.28000,80.55000,80.66000,277191.00,2026-08-13 10:59:59,22422631.1120000,23570,125067.21,10121354.4146000,0
2026-08-13 11:00:00,80.66000,80.94000,80.48000,80.86000,256783.44,2026-08-13 11:59:59,20739928.1628000,16478,143196.67,11566735.0551000,0
2026-08-13 12:00:00,80.86000,80.89000,80.34000,80.53000,557981.32,2026-08-13 12:59:59,44989165.5708000,29136,242314.62,19537059.8742000,0
2026-08-13 13:00:00,80.53000,80.70000,79.76000,79.95000,1234849.82,2026-08-13 13:59:59,99197370.2949000,57080,550702.59,44231049.6952000,0
2026-08-13 14:00:00,79.94000,80.52000,79.47000,80.49000,723872.83,2026-08-13 14:59:59,57857047.1308000,47141,364302.28,29120362.5844000,0
2026-08-13 15:00:00,80.48000,81.95000,80.46000,81.75000,1254472.68,2026-08-13 15:59:59,102141716.2681000,62519,684375.13,55726753.5136000,0
2026-08-13 16:00:00,81.74000,81.80000,81.06000,81.20000,359741.69,2026-08-13 16:59:59,29272418.5872000,27951,135796.59,11051044.4342000,0
2026-08-13 17:00:00,81.21000,81.40000,81.11000,81.13000,349660.54,2026-08-13 17:59:59,28405394.8602000,16380,138989.50,11292998.5796000,0
2026-08-13 18:00:00,81.13000,81.13000,80.24000,80.48000,487637.23,2026-08-13 18:59:59,39309813.2820000,29700,268743.78,21663531.5962000,0
2026-08-13 19:00:00,80.48000,80.64000,80.39000,80.60000,153490.50,2026-08-13 19:59:59,12361665.0483000,11052,76238.40,6140288.3869000,0
2026-08-13 20:00:00,80.60000,80.60000,80.37000,80.46000,154872.53,2026-08-13 20:59:59,12461629.6549000,11219,80348.62,6465523.7784000,0
2026-08-13 21:00:00,80.47000,80.60000,80.45000,80.53000,38649.30,2026-08-13 21:59:59,3113008.4930000,4748,21493.99,1731327.7201000,0
2026-08-13 22:00:00,80.53000,80.59000,80.37000,80.38000,197561.86,2026-08-13 22:59:59,15890084.3472000,15474,90787.37,7302207.3046000,0
2026-08-13 23:00:00,80.37000,80.64000,80.35000,80.60000,137241.16,2026-08-13 23:59:59,11050210.4208000,7646,84568.46,6809753.2308000,0
2026-08-14 00:00:00,80.60000,80.71000,80.32000,80.34000,218826.18,2026-08-14 00:59:59,17623787.7264000,12796,123568.91,9952729.6041000,0
2026-08-14 01:00:00,80.34000,80.70000,80.12000,80.22000,277869.21,2026-08-14 01:59:59,22350269.0938000,21588,167589.09,13483603.7831000,0
2026-08-14 02:00:00,80.21000,80.62000,79.87000,80.59000,396124.60,2026-08-14 02:59:59,31787556.2541000,20906,227237.70,18240660.2009000,0
2026-08-14 03:00:00,80.60000,80.70000,80.42000,80.58000,169145.94,2026-08-14 03:59:59,13625208.7057000,12885,85038.58,6850879.9556000,0
2026-08-14 04:00:00,80.57000,80.68000,80.45000,80.61000,181151.90,2026-08-14 04:59:59,14594373.5055000,9125,108807.47,8766613.3254000,0
2026-08-14 05:00:00,80.60000,81.23000,80.50000,81.22000,282556.92,2026-08-14 05:59:59,22830396.3868000,21631,181477.49,14661576.9639000,0
2026-08-14 06:00:00,81.23000,81.48000,81.05000,81.35000,294014.36,2026-08-14 06:59:59,23900239.5379000,21641,145953.35,11865502.1799000,0
2026-08-14 07:00:00,81.35000,82.04000,81.34000,81.98000,388206.55,2026-08-14 07:59:59,31765172.2598000,24925,201567.48,16492831.3178000,0
2026-08-14 08:00:00,81.97000,82.05000,81.29000,81.53000,517977.69,2026-08-14 08:59:59,42269747.6990000,30305,260123.49,21226460.1662000,0
2026-08-14 09:00:00,81.52000,81.57000,81.02000,81.08000,524864.51,2026-08-14 09:59:59,42640936.7592000,30402,305901.49,24856721.0908000,0
2026-08-14 10:00:00,81.08000,81.08000,80.41000,80.51000,295957.37,2026-08-14 10:59:59,23889615.2668000,25476,150768.45,12169672.0371000,0
2026-08-14 11:00:00,80.50000,80.86000,80.48000,80.59000,391115.08,2026-08-14 11:59:59,31566093.2787000,23124,193032.39,15577093.7749000,0
2026-08-14 12:00:00,80.59000,81.13000,80.27000,80.32000,414652.33,2026-08-14 12:59:59,33473439.9837000,32895,216487.04,17484819.9531000,0
2026-08-14 13:00:00,80.32000,80.58000,80.04000,80.37000,416286.38,2026-08-14 13:59:59,33416793.3775000,42914,226483.51,18182478.9622000,0
2026-08-14 14:00:00,80.37000,81.10000,80.35000,80.98000,426144.91,2026-08-14 14:59:59,34398247.4448000,36409,231084.00,18654498.1166000,0
2026-08-14 15:00:00,80.98000,81.17000,80.67000,80.91000,324490.71,2026-08-14 15:59:59,26267627.4719000,24360,165866.81,13430402.5968000,0
2026-08-14 16:00:00,80.92000,81.22000,80.79000,81.14000,183033.92,2026-08-14 16:59:59,14837326.8738000,16345,101115.25,8197399.3481000,0
2026-08-14 17:00:00,81.15000,81.54000,81.08000,81.43000,155942.84,2026-08-14 17:59:59,12689946.2094000,17660,75124.48,6112572.3391000,0
2026-08-14 18:00:00,81.43000,81.80000,81.26000,81.57000,143567.03,2026-08-14 18:59:59,11704053.4010000,14957,64476.37,5257045.4982000,0
2026-08-14 19:00:00,81.57000,81.58000,81.38000,81.53000,105877.62,2026-08-14 19:59:59,8627929.5219000,9185,49688.92,4049062.4461000,0
2026-08-14 20:00:00,81.53000,81.69000,81.38000,81.52000,181353.36,2026-08-14 20:59:59,14783307.0931000,11364,94809.22,7729261.4717000,0
2026-08-14 21:00:00,81.52000,81.60000,81.23000,81.52000,179954.62,2026-08-14 21:59:59,14642131.7580000,14584,84079.11,6840637.3956000,0
2026-08-14 22:00:00,81.52000,81.75000,81.45000,81.61000,82811.26,2026-08-14 22:59:59,6756994.3484000,8184,43937.01,3585359.0258000,0
2026-08-14 23:00:00,81.61000,81.75000,81.58000,81.73000,34855.21,2026-08-14 23:59:59,2846785.7857000,4393,19846.56,1621123.8804000,0
2026-08-15 00:00:00,81.72000,81.87000,81.60000,81.61000,59467.47,2026-08-15 00:59:59,4861825.0341000,6705,30370.27,2483006.0816000,0
2026-08-15 01:00:00,81.60000,81.60000,81.04000,81.34000,75351.32,2026-08-15 01:59:59,6128983.6600000,9201,35795.68,2911173.6389000,0
2026-08-15 02:00:00,81.33000,81.48000,81.32000,81.41000,25659.56,2026-08-15 02:59:59,2088632.0027000,4606,13627.33,1109221.6196000,0
2026-08-15 03:00:00,81.42000,81.63000,81.34000,81.57000,52233.42,2026-08-15 03:59:59,4255813.5673000,5714,25204.87,2053654.4812000,0
2026-08-15 04:00:00,81.57000,81.65000,81.48000,81.64000,22374.12,2026-08-15 04:59:59,1825084.0816000,3725,12205.65,995653.8476000,0
2026-08-15 05:00:00,81.64000,81.78000,81.60000,81.72000,23690.52,2026-08-15 05:59:59,1934933.2522000,4228,13233.57,1080878.9922000,0
2026-08-15 06:00:00,81.72000,81.79000,81.20000,81.35000,105529.56,2026-08-15 06:59:59,8594944.2972000,10952,43609.61,3551019.0604000,0
2026-08-15 07:00:00,81.36000,81.48000,79.53000,80.76000,551092.10,2026-08-15 07:59:59,44313623.4148000,48671,204699.30,16450785.9997000,0
2026-08-15 08:00:00,80.76000,80.99000,80.51000,80.71000,131823.70,2026-08-15 08:59:59,10643825.9368000,12021,63688.36,5142572.4289000,0
2026-08-15 09:00:00,80.72000,80.94000,80.65000,80.85000,60293.25,2026-08-15 09:59:59,4873449.7373000,7877,25061.42,2025638.3287000,0
2026-08-15 10:00:00,80.86000,80.91000,80.57000,80.70000,43195.02,2026-08-15 10:59:59,3486911.8555000,5777,20825.44,1680980.7410000,0
2026-08-15 11:00:00,80.71000,81.18000,80.67000,81.15000,138752.67,2026-08-15 11:59:59,11239089.8129000,14578,88692.59,7183866.0413000,0
2026-08-15 12:00:00,81.16000,81.22000,81.02000,81.06000,64513.26,2026-08-15 12:59:59,5231886.2115000,6003,24657.35,2000073.2417000,0
2026-08-15 13:00:00,81.06000,81.14000,81.05000,81.08000,31531.78,2026-08-15 13:59:59,2556625.9790000,2690,16369.60,1327342.5061000,0
2026-08-15 14:00:00,81.07000,81.08000,80.87000,81.00000,78181.82,2026-08-15 14:59:59,6332553.3117000,5488,23437.54,1897500.1077000,0
2026-08-15 15:00:00,80.99000,81.09000,80.90000,81.00000,43142.41,2026-08-15 15:59:59,3494370.5842000,4649,24837.46,2011866.2668000,0
2026-08-15 16:00:00,81.00000,81.06000,80.91000,81.00000,25853.31,2026-08-15 16:59:59,2093890.8051000,3250,13864.58,1122932.0677000,0
2026-08-15 17:00:00,80.99000,81.14000,80.95000,81.14000,24543.03,2026-08-15 17:59:59,1989629.6242000,3641,14804.08,1200155.2364000,0
2026-08-15 18:00:00,81.14000,81.28000,81.07000,81.24000,34352.22,2026-08-15 18:59:59,2789355.8279000,4766,20993.28,1704726.8572000,0
2026-08-15 19:00:00,81.24000,81.56000,81.19000,81.46000,65262.03,2026-08-15 19:59:59,5309461.1323000,8591,39950.04,3250623.5705000,0
2026-08-15 20:00:00,81.46000,81.46000,81.20000,81.20000,33512.73,2026-08-15 20:59:59,2726222.4568000,4698,17213.23,1400460.7354000,0
2026-08-15 21:00:00,81.20000,81.24000,81.09000,81.11000,23235.75,2026-08-15 21:59:59,1886300.0239000,2654,8815.05,715689.0447000,0
2026-08-15 22:00:00,81.11000,81.34000,81.06000,81.11000,40543.63,2026-08-15 22:59:59,3290769.8737000,5249,22165.00,1798864.5498000,0
2026-08-15 23:00:00,81.12000,81.22000,81.04000,81.06000,17865.57,2026-08-15 23:59:59,1449808.8831000,2411,9209.47,747380.7621000,0
2026-08-16 00:00:00,81.07000,81.15000,81.04000,81.15000,16110.35,2026-08-16 00:59:59,1306448.6636000,2212,8178.93,663312.5479000,0
2026-08-16 01:00:00,81.14000,81.47000,81.14000,81.37000,32646.81,2026-08-16 01:59:59,2655679.4986000,4766,15522.50,1262389.7357000,0
2026-08-16 02:00:00,81.38000,81.52000,81.09000,81.24000,93561.86,2026-08-16 02:59:59,7605354.8792000,11226,36153.25,2937872.7465000,0
2026-08-16 03:00:00,81.23000,81.39000,81.19000,81.31000,30039.77,2026-08-16 03:59:59,2442268.5714000,5835,16118.43,1310441.4437000,0
2026-08-16 04:00:00,81.31000,81.39000,81.24000,81.24000,15911.31,2026-08-16 04:59:59,1293897.1918000,3373,8794.44,715123.8770000,0
2026-08-16 05:00:00,81.24000,81.34000,81.19000,81.29000,21968.68,2026-08-16 05:59:59,1785219.0159000,3404,11094.56,901608.4256000,0
2026-08-16 06:00:00,81.29000,81.36000,81.20000,81.23000,20036.86,2026-08-16 06:59:59,1628587.6478000,4508,9997.00,812569.8389000,0
2026-08-16 07:00:00,81.24000,81.33000,81.17000,81.31000,14236.81,2026-08-16 07:59:59,1156817.4086000,2943,6861.21,557522.7837000,0
2026-08-16 08:00:00,81.31000,81.48000,81.31000,81.41000,25861.26,2026-08-16 08:59:59,2104318.5230000,3868,14057.41,1143820.4411000,0
2026-08-16 09:00:00,81.41000,81.42000,81.25000,81.32000,30013.90,2026-08-16 09:59:59,2440839.7336000,3292,12299.42,1000176.7745000,0
2026-08-16 10:00:00,81.31000,81.36000,81.25000,81.27000,14879.04,2026-08-16 10:59:59,1209512.5834000,2482,6890.46,560124.4332000,0
2026-08-16 11:00:00,81.28000,81.33000,81.24000,81.30000,14329.79,2026-08-16 11:59:59,1164828.9068000,2367,7722.17,627719.9443000,0
2026-08-16 12:00:00,81.31000,81.38000,81.28000,81.29000,20475.68,2026-08-16 12:59:59,1665174.3430000,3094,11242.17,914255.1929000,0
2026-08-16 13:00:00,81.28000,81.30000,81.14000,81.18000,42552.17,2026-08-16 13:59:59,3456793.6452000,4514,24511.75,1991814.3733000,0
2026-08-16 14:00:00,81.19000,81.26000,81.07000,81.16000,27167.15,2026-08-16 14:59:59,2205489.7181000,3425,12056.76,978868.2986000,0
2026-08-16 15:00:00,81.15000,81.37000,81.15000,81.36000,39171.41,2026-08-16 15:59:59,3183655.6236000,3390,30475.81,2476925.0450000,0
2026-08-16 16:00:00,81.36000,81.41000,81.24000,81.24000,36658.86,2026-08-16 16:59:59,2980757.7763000,5280,18522.42,1506189.4890000,0
2026-08-16 17:00:00,81.25000,81.42000,81.24000,81.37000,23915.48,2026-08-16 17:59:59,1945590.9153000,5232,14826.65,1206177.7139000,0
2026-08-16 18:00:00,81.37000,81.67000,81.34000,81.57000,48469.28,2026-08-16 18:59:59,3950325.2793000,6978,27800.06,2265705.4917000,0
2026-08-16 19:00:00,81.58000,81.72000,81.33000,81.55000,55568.31,2026-08-16 19:59:59,4530541.5141000,9039,28913.31,2357365.1973000,0
2026-08-16 20:00:00,81.54000,81.70000,81.40000,81.58000,43047.05,2026-08-16 20:59:59,3511826.4619000,6068,21528.36,1756427.8566000,0
2026-08-16 21:00:00,81.58000,81.64000,81.34000,81.55000,66609.06,2026-08-16 21:59:59,5429549.3075000,8428,33013.47,2691235.5396000,0
2026-08-16 22:00:00,81.56000,81.87000,81.49000,81.59000,214599.13,2026-08-16 22:59:59,17537411.3335000,17735,120894.48,9880808.4781000,0
2026-08-16 23:00:00,81.59000,81.74000,81.54000,81.59000,53924.01,2026-08-16 23:59:59,4402166.4097000,5995,24144.14,1971051.7631000,0
2026-08-17 00:00:00,81.58000,81.60000,81.14000,81.17000,134415.44,2026-08-17 00:59:59,10941003.6670000,12872,54793.79,4460547.1509000,0
2026-08-17 01:00:00,81.16000,82.12000,80.97000,81.81000,333805.86,2026-08-17 01:59:59,27227171.1276000,29207,170869.02,13941430.3274000,0
2026-08-17 02:00:00,81.81000,82.26000,81.53000,81.66000,287408.03,2026-08-17 02:59:59,23549884.3995000,27742,132586.36,10867818.5809000,0
2026-08-17 03:00:00,81.67000,81.81000,81.40000,81.42000,141656.59,2026-08-17 03:59:59,11564282.7407000,11571,76833.76,6272674.0983000,0
2026-08-17 04:00:00,81.42000,81.62000,81.23000,81.38000,121100.04,2026-08-17 04:59:59,9860412.4141000,12095,55697.50,4535411.1931000,0
2026-08-17 05:00:00,81.39000,81.46000,81.08000,81.15000,126888.85,2026-08-17 05:59:59,10316685.1335000,16745,70682.14,5747601.8490000,0
2026-08-17 06:00:00,81.15000,81.28000,80.95000,81.18000,324485.00,2026-08-17 06:59:59,26326946.9536000,19675,162038.17,13149586.2514000,0
2026-08-17 07:00:00,81.18000,81.48000,80.86000,81.30000,325803.72,2026-08-17 07:59:59,26443251.4016000,26981,177449.49,14403932.3341000,0
2026-08-17 08:00:00,81.29000,81.78000,81.18000,81.77000,330462.27,2026-08-17 08:59:59,26946841.5898000,24283,164253.42,13392107.8082000,0
2026-08-17 09:00:00,81.77000,82.39000,81.67000,82.19000,471268.74,2026-08-17 09:59:59,38662987.0990000,25208,215937.57,17717332.8949000,0
2026-08-17 10:00:00,82.19000,82.43000,81.19000,82.09000,919398.71,2026-08-17 10:59:59,75360223.0146000,52240,447833.39,36711541.1418000,0
2026-08-17 11:00:00,82.10000,82.16000,81.67000,81.71000,283660.15,2026-08-17 11:59:59,23235344.2753000,26641,130438.81,10685333.7439000,0
2026-08-17 12:00:00,81.70000,82.39000,81.52000,82.25000,618783.29,2026-08-17 12:59:59,50745929.3473000,51860,331311.97,27170230.1097000,0
2026-08-17 13:00:00,82.25000,82.36000,81.71000,81.85000,340507.11,2026-08-17 13:59:59,27917698.1384000,28821,163332.41,13392383.7733000,0
2026-08-17 14:00:00,81.85000,81.92000,81.43000,81.48000,311789.30,2026-08-17 14:59:59,25456505.9348000,27659,184410.77,15057320.1307000,0
2026-08-17 15:00:00,81.49000,82.16000,81.49000,82.10000,427483.40,2026-08-17 15:59:59,34961907.6041000,31111,198309.38,16228959.8917000,0
2026-08-17 16:00:00,82.11000,82.24000,81.72000,82.21000,189964.29,2026-08-17 16:59:59,15583031.5449000,19562,110969.51,9104286.0833000,0
2026-08-17 17:00:00,82.21000,84.08000,82.17000,84.00000,658872.16,2026-08-17 17:59:59,54785777.6918000,47744,382118.45,31770306.3517000,0
2026-08-17 18:00:00,84.00000,84.08000,83.43000,83.51000,397436.95,2026-08-17 18:59:59,33295058.6953000,28792,192534.34,16131073.9145000,0
2026-08-17 19:00:00,83.51000,83.92000,83.48000,83.87000,139377.97,2026-08-17 19:59:59,11664234.7033000,11819,81528.55,6823048.8362000,0
2026-08-17 20:00:00,83.87000,84.20000,83.74000,84.13000,196547.99,2026-08-17 20:59:59,16517756.4076000,16721,109543.94,9207554.0989000,0
2026-08-17 21:00:00,84.13000,84.20000,83.89000,84.15000,112046.75,2026-08-17 21:59:59,9415446.4865000,11765,55011.35,4622678.8128000,0
2026-08-17 22:00:00,84.15000,84.54000,83.99000,84.18000,265957.17,2026-08-17 22:59:59,22419646.1674000,18168,140926.62,11880782.7763000,0
2026-08-17 23:00:00,84.19000,84.26000,84.03000,84.10000,97060.51,2026-08-17 23:59:59,8169480.6930000,5909,45938.70,3866763.9580000,0
2026-08-18 00:00:00,84.10000,84.19000,83.94000,83.95000,165986.65,2026-08-18 00:59:59,13957407.4011000,12519,77053.32,6479598.3071000,0
2026-08-18 01:00:00,83.95000,84.35000,83.83000,84.14000,176782.45,2026-08-18 01:59:59,14862112.3953000,17010,90766.19,7631804.4188000,0
2026-08-18 02:00:00,84.13000,84.36000,84.10000,84.26000,132790.10,2026-08-18 02:59:59,11182751.7752000,11747,70495.39,5936808.6609000,0
2026-08-18 03:00:00,84.26000,84.51000,84.20000,84.51000,123480.23,2026-08-18 03:59:59,10413571.0477000,12620,68246.88,5755702.6185000,0
2026-08-18 04:00:00,84.51000,84.59000,84.32000,84.35000,90759.34,2026-08-18 04:59:59,7664886.7452000,8014,36447.12,3078231.3073000,0
2026-08-18 05:00:00,84.35000,84.58000,84.19000,84.33000,115374.78,2026-08-18 05:59:59,9736717.7630000,11538,62070.76,5238360.1423000,0
2026-08-18 06:00:00,84.34000,84.87000,84.34000,84.42000,247563.90,2026-08-18 06:59:59,20960701.6291000,19685,136797.15,11583032.9281000,0
2026-08-18 07:00:00,84.42000,84.55000,84.03000,84.43000,328040.50,2026-08-18 07:59:59,27648371.4071000,22481,131010.67,11039350.2267000,0
2026-08-18 08:00:00,84.43000,84.70000,84.05000,84.15000,430974.32,2026-08-18 08:59:59,36370088.4550000,28136,215301.24,18168871.7348000,0
2026-08-18 09:00:00,84.16000,84.33000,83.96000,84.06000,276892.85,2026-08-18 09:59:59,23296036.0812000,17002,142945.40,12027114.6822000,0
2026-08-18 10:00:00,84.06000,84.42000,83.91000,84.02000,197780.88,2026-08-18 10:59:59,16634785.8129000,16530,92788.47,7804889.2506000,0
2026-08-18 11:00:00,84.02000,84.27000,83.91000,84.18000,297118.45,2026-08-18 11:59:59,24988087.3885000,16318,188631.13,15865033.8740000,0
2026-08-18 12:00:00,84.19000,84.50000,84.03000,84.40000,186195.23,2026-08-18 12:59:59,15699802.6248000,18529,95436.39,8046932.0025000,0
2026-08-18 13:00:00,84.40000,85.19000,84.12000,84.58000,718243.21,2026-08-18 13:59:59,60777693.6584000,44048,347701.27,29432934.2149000,0
2026-08-18 14:00:00,84.59000,84.62000,83.81000,84.55000,667862.70,2026-08-18 14:59:59,56242628.6154000,45099,345913.83,29135217.7073000,0
2026-08-18 15:00:00,84.54000,85.02000,84.10000,84.74000,640798.80,2026-08-18 15:59:59,54236161.5964000,44159,317551.06,26874487.3826000,0
2026-08-18 16:00:00,84.75000,84.75000,84.14000,84.24000,244567.01,2026-08-18 16:59:59,20650120.3618000,17743,126373.14,10670046.3810000,0
2026-08-18 17:00:00,84.25000,84.38000,84.08000,84.09000,130023.62,2026-08-18 17:59:59,10950269.0772000,13599,70728.49,5957278.9951000,0
2026-08-18 18:00:00,84.10000,84.22000,83.96000,84.10000,118970.47,2026-08-18 18:59:59,10003373.5446000,13318,60997.98,5128905.6900000,0
2026-08-18 19:00:00,84.10000,84.23000,84.02000,84.10000,47389.26,2026-08-18 19:59:59,3986217.0453000,5064,24254.79,2040255.5169000,0
2026-08-18 20:00:00,84.10000,84.51000,84.07000,84.41000,125366.40,2026-08-18 20:59:59,10573512.0162000,9454,69610.41,5870218.0493000,0
2026-08-18 21:00:00,84.41000,84.41000,84.24000,84.32000,43487.71,2026-08-18 21:59:59,3666962.7715000,5523,21447.89,1808434.2724000,0
2026-08-18 22:00:00,84.31000,84.55000,84.31000,84.45000,115883.13,2026-08-18 22:59:59,9788968.7846000,7993,58769.69,4963918.4346000,0
2026-08-18 23:00:00,84.45000,84.56000,84.44000,84.52000,52612.96,2026-08-18 23:59:59,4445992.7747000,3894,25436.06,2149576.1018000,0
2026-08-19 00:00:00,84.51000,84.94000,84.38000,84.93000,86063.18,2026-08-19 00:59:59,7286862.3884000,8044,46248.64,3915239.9673000,0
