Open Time,Open,High,Low,Close,Volume,Close Time,Quote Asset Volume,Number of Trades,Taker Buy Base Asset Volume,Taker Buy Quote Asset Volume,Ignore
2026-05-26 13:00:00,386.08000,386.08000,375.20000,380.83000,689.43,2026-05-26 13:59:59,261714.3996000,1328,336.58,127991.7031000,0
2026-05-26 14:00:00,380.83000,389.86000,376.00000,384.52000,997.63,2026-05-26 14:59:59,382608.9236000,5066,463.01,177932.8423000,0
2026-05-26 15:00:00,384.08000,387.32000,380.02000,384.23000,502.99,2026-05-26 15:59:59,192640.2154000,1984,200.71,76969.6054000,0
2026-05-26 16:00:00,384.77000,388.14000,382.46000,386.71000,286.39,2026-05-26 16:59:59,110412.6231000,1908,142.21,54868.9801000,0
2026-05-26 17:00:00,386.89000,398.31000,377.35000,384.79000,1306.07,2026-05-26 17:59:59,506544.7744000,6332,639.29,248768.0316000,0
2026-05-26 18:00:00,384.40000,388.08000,381.99000,383.05000,152.51,2026-05-26 18:59:59,58723.4183000,827,79.04,30513.6924000,0
2026-05-26 19:00:00,383.79000,387.06000,381.51000,381.72000,118.89,2026-05-26 19:59:59,45623.7227000,1367,51.19,19676.8407000,0
2026-05-26 20:00:00,381.90000,386.09000,381.03000,382.56000,64.64,2026-05-26 20:59:59,24764.8539000,564,20.75,7970.2089000,0
2026-05-26 21:00:00,382.72000,385.57000,379.11000,382.37000,93.25,2026-05-26 21:59:59,35641.7460000,668,24.78,9501.9025000,0
2026-05-26 22:00:00,383.48000,386.27000,382.94000,384.99000,64.67,2026-05-26 22:59:59,24913.8165000,809,24.31,9366.1123000,0
2026-05-26 23:00:00,384.93000,386.07000,383.91000,384.58000,69.88,2026-05-26 23:59:59,26899.5459000,631,40.46,15583.9764000,0
2026-05-27 00:00:00,384.02000,386.63000,382.85000,385.64000,108.78,2026-05-27 00:59:59,41811.9490000,1402,56.53,21728.2724000,0
2026-05-27 01:00:00,386.08000,386.36000,382.70000,384.00000,44.11,2026-05-27 01:59:59,16968.6234000,614,24.18,9308.7519000,0
2026-05-27 02:00:00,384.00000,387.71000,383.60000,387.22000,96.45,2026-05-27 02:59:59,37206.4324000,974,30.40,11738.3599000,0
2026-05-27 03:00:00,387.33000,388.39000,384.27000,385.16000,89.44,2026-05-27 03:59:59,34566.0433000,908,51.10,19775.8227000,0
2026-05-27 04:00:00,384.80000,387.47000,383.10000,384.01000,78.80,2026-05-27 04:59:59,30347.0904000,1378,32.39,12479.1129000,0
2026-05-27 05:00:00,383.92000,389.14000,381.77000,382.94000,179.10,2026-05-27 05:59:59,68921.4720000,2027,110.86,42731.4946000,0
2026-05-27 06:00:00,382.96000,386.14000,380.41000,385.38000,90.10,2026-05-27 06:59:59,34540.7924000,1310,38.41,14755.4160000,0
2026-05-27 07:00:00,385.61000,386.59000,380.48000,382.03000,324.72,2026-05-27 07:59:59,125004.0247000,2784,177.72,68497.4209000,0
2026-05-27 08:00:00,382.39000,388.05000,382.39000,386.45000,151.31,2026-05-27 08:59:59,58397.1817000,1568,77.83,30023.4754000,0
2026-05-27 09:00:00,386.00000,388.72000,384.60000,386.76000,162.85,2026-05-27 09:59:59,62963.7677000,1471,63.31,24497.7482000,0
2026-05-27 10:00:00,386.76000,387.70000,384.60000,385.29000,207.46,2026-05-27 10:59:59,80175.1603000,1032,99.95,38645.8588000,0
2026-05-27 11:00:00,385.67000,389.20000,384.16000,385.87000,114.47,2026-05-27 11:59:59,44324.4286000,1140,52.23,20214.6036000,0
2026-05-27 12:00:00,385.88000,388.51000,383.99000,384.01000,61.37,2026-05-27 12:59:59,23687.8164000,670,16.53,6389.0877000,0
2026-05-27 13:00:00,384.46000,384.92000,356.83000,371.86000,1102.47,2026-05-27 13:59:59,406903.8135000,6441,544.06,200986.3270000,0
2026-05-27 14:00:00,371.40000,385.70000,362.27000,376.73000,1256.49,2026-05-27 14:59:59,471027.8575000,5797,675.37,254281.4220000,0
2026-05-27 15:00:00,376.95000,381.45000,372.18000,375.36000,252.44,2026-05-27 15:59:59,95170.4827000,2334,138.19,52154.2717000,0
2026-05-27 16:00:00,374.91000,386.10000,374.46000,382.78000,277.01,2026-05-27 16:59:59,105893.4903000,2497,113.94,43503.2529000,0
2026-05-27 17:00:00,383.33000,383.35000,377.20000,382.10000,152.90,2026-05-27 17:59:59,58172.0824000,1586,64.15,24402.5983000,0
2026-05-27 18:00:00,381.87000,387.68000,380.87000,385.43000,83.01,2026-05-27 18:59:59,31955.2517000,1152,44.45,17126.2539000,0
2026-05-27 19:00:00,385.26000,386.85000,381.51000,381.51000,50.85,2026-05-27 19:59:59,19570.4218000,885,30.01,11557.2585000,0
2026-05-27 20:00:00,382.03000,384.14000,380.52000,382.40000,42.10,2026-05-27 20:59:59,16100.3163000,791,25.48,9749.7476000,0
2026-05-27 21:00:00,382.13000,382.28000,378.44000,379.42000,34.42,2026-05-27 21:59:59,13080.4103000,618,15.43,5866.0560000,0
2026-05-27 22:00:00,378.87000,380.78000,376.20000,378.85000,52.67,2026-05-27 22:59:59,19962.8462000,656,23.92,9081.8806000,0
2026-05-27 23:00:00,379.42000,380.46000,375.54000,377.20000,58.94,2026-05-27 23:59:59,22281.8808000,632,33.92,12828.0517000,0
2026-05-28 00:00:00,377.47000,379.58000,372.32000,379.58000,72.92,2026-05-28 00:59:59,27401.3052000,717,27.34,10313.2277000,0
2026-05-28 01:00:00,379.59000,380.59000,375.83000,378.85000,53.07,2026-05-28 01:59:59,20097.9656000,560,19.36,7344.7737000,0
2026-05-28 02:00:00,378.83000,379.44000,374.86000,377.88000,73.20,2026-05-28 02:59:59,27607.5834000,843,27.18,10272.3254000,0
2026-05-28 03:00:00,377.87000,379.41000,365.71000,366.58000,503.37,2026-05-28 03:59:59,186590.7273000,4566,219.90,81670.2337000,0
2026-05-28 04:00:00,366.61000,367.39000,360.00000,362.11000,358.46,2026-05-28 04:59:59,130145.7237000,3768,149.48,54325.0606000,0
2026-05-28 05:00:00,362.11000,371.45000,360.69000,370.68000,157.56,2026-05-28 05:59:59,57492.0480000,1831,47.67,17416.9015000,0
2026-05-28 06:00:00,369.90000,374.26000,367.58000,373.26000,172.95,2026-05-28 06:59:59,64263.3452000,1381,84.25,31354.6508000,0
2026-05-28 07:00:00,373.27000,378.36000,372.68000,376.17000,90.65,2026-05-28 07:59:59,34158.0833000,957,54.38,20511.4620000,0
2026-05-28 08:00:00,376.20000,379.12000,370.94000,378.84000,155.98,2026-05-28 08:59:59,58591.8929000,1418,50.52,18992.6093000,0
2026-05-28 09:00:00,378.49000,379.12000,375.58000,376.25000,112.97,2026-05-28 09:59:59,42623.4264000,1068,54.81,20690.7267000,0
2026-05-28 10:00:00,375.92000,377.71000,371.02000,375.40000,266.59,2026-05-28 10:59:59,99840.5918000,1879,99.25,37222.9063000,0
2026-05-28 11:00:00,375.24000,378.01000,372.57000,378.01000,60.31,2026-05-28 11:59:59,22617.8845000,751,24.95,9371.2945000,0
2026-05-28 12:00:00,377.54000,388.58000,376.43000,385.73000,367.77,2026-05-28 12:59:59,141512.6541000,1466,269.03,103582.2753000,0
2026-05-28 13:00:00,385.49000,395.07000,371.52000,376.38000,1611.47,2026-05-28 13:59:59,618508.4626000,9670,808.51,311038.0430000,0
2026-05-28 14:00:00,376.25000,383.44000,374.66000,378.05000,382.78,2026-05-28 14:59:59,144926.4516000,4511,206.53,78208.7856000,0
2026-05-28 15:00:00,378.08000,386.11000,377.66000,385.84000,185.78,2026-05-28 15:59:59,71291.8662000,1754,89.82,34469.6738000,0
2026-05-28 16:00:00,385.57000,387.17000,383.31000,383.40000,146.44,2026-05-28 16:59:59,56461.2508000,1271,82.36,31783.4484000,0
2026-05-28 17:00:00,383.52000,384.15000,376.77000,378.34000,100.25,2026-05-28 17:59:59,38112.1895000,1000,29.70,11302.5321000,0
2026-05-28 18:00:00,378.35000,381.00000,375.80000,377.06000,102.95,2026-05-28 18:59:59,38931.4324000,1134,40.40,15306.6330000,0
2026-05-28 19:00:00,377.04000,379.80000,375.31000,377.89000,64.70,2026-05-28 19:59:59,24388.5765000,789,40.69,15339.3293000,0
2026-05-28 20:00:00,377.84000,378.87000,375.65000,377.51000,69.16,2026-05-28 20:59:59,26076.7549000,659,17.35,6552.1058000,0
2026-05-28 21:00:00,377.84000,379.23000,377.60000,378.40000,12.01,2026-05-28 21:59:59,4543.5459000,201,4.55,1722.2760000,0
2026-05-28 22:00:00,378.40000,379.25000,378.20000,378.86000,17.18,2026-05-28 22:59:59,6507.9881000,225,11.30,4282.4567000,0
2026-05-28 23:00:00,378.87000,380.25000,378.20000,380.25000,16.57,2026-05-28 23:59:59,6282.3874000,251,8.25,3131.4506000,0
2026-05-29 00:00:00,379.95000,380.27000,378.85000,379.56000,27.92,2026-05-29 00:59:59,10597.3652000,471,14.94,5670.1422000,0
2026-05-29 01:00:00,379.44000,379.92000,378.57000,379.41000,34.92,2026-05-29 01:59:59,13245.6633000,495,19.36,7343.5536000,0
2026-05-29 02:00:00,379.47000,379.84000,378.71000,379.11000,8.22,2026-05-29 02:59:59,3119.9957000,151,5.63,2137.7355000,0
2026-05-29 03:00:00,379.05000,380.63000,378.59000,379.06000,33.93,2026-05-29 03:59:59,12882.3137000,348,12.56,4769.6839000,0
2026-05-29 04:00:00,379.05000,380.81000,379.00000,379.00000,23.37,2026-05-29 04:59:59,8875.4504000,356,9.16,3480.2189000,0
2026-05-29 05:00:00,379.19000,380.34000,378.64000,380.15000,64.49,2026-05-29 05:59:59,24488.3219000,744,29.28,11119.9196000,0
2026-05-29 06:00:00,380.11000,380.97000,379.02000,380.75000,20.24,2026-05-29 06:59:59,7696.7270000,275,13.18,5012.9912000,0
2026-05-29 07:00:00,380.88000,381.69000,377.98000,379.60000,195.54,2026-05-29 07:59:59,74308.0505000,1574,78.70,29888.3701000,0
2026-05-29 08:00:00,379.90000,382.73000,379.24000,379.90000,144.20,2026-05-29 08:59:59,54850.5863000,1509,89.26,33936.8311000,0
2026-05-29 09:00:00,379.90000,381.71000,379.20000,379.96000,90.72,2026-05-29 09:59:59,34498.1937000,1135,48.76,18539.0736000,0
2026-05-29 10:00:00,379.92000,379.95000,377.46000,378.28000,69.16,2026-05-29 10:59:59,26196.9500000,701,46.27,17529.3767000,0
2026-05-29 11:00:00,378.21000,379.18000,377.20000,378.73000,63.13,2026-05-29 11:59:59,23863.4260000,604,30.66,11596.3676000,0
2026-05-29 12:00:00,378.73000,379.36000,377.44000,378.75000,96.25,2026-05-29 12:59:59,36435.9207000,430,39.01,14765.8207000,0
2026-05-29 13:00:00,378.77000,378.78000,364.04000,366.75000,1633.71,2026-05-29 13:59:59,603499.0474000,9855,590.65,218168.9313000,0
2026-05-29 14:00:00,366.59000,367.27000,352.80000,357.00000,795.85,2026-05-29 14:59:59,285921.5070000,6418,331.98,119103.7020000,0
2026-05-29 15:00:00,356.66000,361.09000,352.10000,352.70000,543.10,2026-05-29 15:59:59,193536.4051000,3809,228.06,81175.4074000,0
2026-05-29 16:00:00,352.83000,354.26000,349.96000,351.97000,718.86,2026-05-29 16:59:59,253103.3708000,4785,237.64,83724.7215000,0
2026-05-29 17:00:00,351.96000,352.08000,346.25000,346.79000,507.80,2026-05-29 17:59:59,177548.1854000,3293,185.26,64789.2320000,0
2026-05-29 18:00:00,346.83000,350.16000,344.52000,348.03000,502.96,2026-05-29 18:59:59,174892.5491000,3197,208.38,72477.7125000,0
2026-05-29 19:00:00,348.16000,363.53000,347.22000,362.79000,791.52,2026-05-29 19:59:59,278270.7826000,4075,342.50,121021.9290000,0
2026-05-29 20:00:00,362.74000,363.16000,357.26000,358.20000,182.47,2026-05-29 20:59:59,65526.8650000,1887,69.68,24994.0929000,0
2026-05-29 21:00:00,358.40000,360.13000,358.40000,359.32000,150.14,2026-05-29 21:59:59,53935.2802000,1365,90.05,32353.1253000,0
2026-05-29 22:00:00,359.36000,359.66000,358.15000,359.04000,65.89,2026-05-29 22:59:59,23653.8013000,551,27.44,9854.3265000,0
2026-05-29 23:00:00,358.92000,358.93000,357.34000,357.92000,96.25,2026-05-29 23:59:59,34458.6508000,714,33.45,11974.5303000,0
2026-05-30 00:00:00,358.10000,359.89000,357.55000,358.81000,95.35,2026-05-30 00:59:59,34175.0818000,878,53.37,19139.6986000,0
2026-05-30 01:00:00,358.82000,360.00000,358.62000,359.90000,58.50,2026-05-30 01:59:59,21039.4006000,280,49.33,17743.1652000,0
2026-05-30 02:00:00,359.79000,359.99000,359.00000,359.01000,37.46,2026-05-30 02:59:59,13471.5264000,261,14.42,5187.4909000,0
2026-05-30 03:00:00,359.36000,360.00000,359.36000,359.79000,16.22,2026-05-30 03:59:59,5836.4840000,150,12.64,4548.5920000,0
2026-05-30 04:00:00,359.79000,359.90000,358.15000,358.81000,82.67,2026-05-30 04:59:59,29666.3357000,843,35.34,12686.4211000,0
2026-05-30 05:00:00,358.49000,360.00000,358.16000,360.00000,22.02,2026-05-30 05:59:59,7910.8739000,282,15.98,5744.8165000,0
2026-05-30 06:00:00,359.99000,360.00000,358.93000,360.00000,118.54,2026-05-30 06:59:59,42664.6989000,364,107.43,38671.4059000,0
2026-05-30 07:00:00,360.00000,360.00000,359.36000,359.38000,11.35,2026-05-30 07:59:59,4081.9936000,148,3.53,1270.6572000,0
2026-05-30 08:00:00,359.72000,360.00000,357.66000,359.47000,51.40,2026-05-30 08:59:59,18460.9076000,387,23.86,8581.7641000,0
2026-05-30 09:00:00,359.72000,359.78000,358.92000,359.55000,5.62,2026-05-30 09:59:59,2019.0218000,120,3.34,1200.1614000,0
2026-05-30 10:00:00,359.36000,359.94000,359.02000,359.02000,28.24,2026-05-30 10:59:59,10157.1042000,271,21.29,7659.2048000,0
2026-05-30 11:00:00,359.17000,360.00000,358.65000,359.42000,36.62,2026-05-30 11:59:59,13150.4757000,315,26.26,9430.3432000,0
2026-05-30 12:00:00,359.42000,359.65000,358.30000,359.09000,21.91,2026-05-30 12:59:59,7862.1364000,236,6.56,2355.8615000,0
2026-05-30 13:00:00,359.36000,359.64000,359.09000,359.64000,5.94,2026-05-30 13:59:59,2135.1213000,85,3.38,1215.2920000,0
2026-05-30 14:00:00,359.65000,360.15000,359.09000,359.60000,89.10,2026-05-30 14:59:59,32056.6081000,441,62.24,22407.3372000,0
2026-05-30 15:00:00,359.60000,360.09000,359.19000,359.86000,12.86,2026-05-30 15:59:59,4625.0544000,128,6.57,2363.8308000,0
2026-05-30 16:00:00,359.87000,360.15000,356.24000,359.07000,128.87,2026-05-30 16:59:59,46147.4386000,578,19.43,6976.7849000,0
2026-05-30 17:00:00,359.07000,359.71000,358.53000,359.29000,16.29,2026-05-30 17:59:59,5852.8654000,208,9.22,3313.8558000,0
2026-05-30 18:00:00,359.12000,359.89000,359.10000,359.89000,3.89,2026-05-30 18:59:59,1399.1455000,62,3.02,1086.2120000,0
2026-05-30 19:00:00,359.54000,359.72000,359.52000,359.72000,0.33,2026-05-30 19:59:59,118.6680000,11,0.12,43.1664000,0
2026-05-30 20:00:00,359.75000,360.15000,359.59000,359.90000,19.00,2026-05-30 20:59:59,6840.3318000,176,15.19,5468.9448000,0
2026-05-30 21:00:00,359.85000,360.06000,359.72000,360.05000,1.23,2026-05-30 21:59:59,442.7065000,27,0.69,248.4189000,0
2026-05-30 22:00:00,360.07000,360.15000,359.55000,359.55000,6.81,2026-05-30 22:59:59,2451.2160000,60,3.69,1328.6424000,0
2026-05-30 23:00:00,359.81000,360.15000,359.80000,360.05000,9.92,2026-05-30 23:59:59,3572.1738000,89,8.40,3024.9758000,0
2026-05-31 00:00:00,359.95000,360.08000,359.60000,359.71000,2.61,2026-05-31 00:59:59,939.2594000,43,1.63,586.7156000,0
2026-05-31 01:00:00,359.90000,360.15000,359.90000,360.15000,51.69,2026-05-31 01:59:59,18611.4148000,305,24.53,8833.9721000,0
2026-05-31 02:00:00,360.15000,360.15000,359.99000,360.00000,30.24,2026-05-31 02:59:59,10889.7159000,144,22.21,7998.8468000,0
2026-05-31 03:00:00,360.08000,360.15000,359.71000,360.01000,20.54,2026-05-31 03:59:59,7394.4462000,204,8.08,2909.5556000,0
2026-05-31 04:00:00,360.01000,360.15000,359.74000,359.89000,12.75,2026-05-31 04:59:59,4589.2988000,128,5.61,2019.7343000,0
2026-05-31 05:00:00,359.99000,360.15000,359.47000,360.08000,6.99,2026-05-31 05:59:59,2515.5063000,87,3.82,1375.0552000,0
2026-05-31 06:00:00,360.01000,360.15000,359.76000,360.10000,16.65,2026-05-31 06:59:59,5995.3958000,101,14.04,5056.0223000,0
2026-05-31 07:00:00,360.10000,360.15000,359.50000,360.15000,27.60,2026-05-31 07:59:59,9936.2107000,255,21.32,7677.0232000,0
2026-05-31 08:00:00,360.15000,360.29000,359.80000,360.00000,70.46,2026-05-31 08:59:59,25375.1630000,254,63.48,22862.4027000,0
2026-05-31 09:00:00,360.27000,364.43000,359.37000,363.61000,89.87,2026-05-31 09:59:59,32562.6923000,1031,69.01,25001.1786000,0
2026-05-31 10:00:00,363.61000,364.90000,363.14000,364.69000,155.21,2026-05-31 10:59:59,56478.7684000,1351,54.30,19764.9412000,0
2026-05-31 11:00:00,364.68000,364.95000,363.87000,364.70000,22.34,2026-05-31 11:59:59,8143.4506000,399,10.54,3843.5302000,0
2026-05-31 12:00:00,364.80000,364.88000,363.56000,363.69000,34.09,2026-05-31 12:59:59,12415.9602000,443,19.71,7180.1627000,0
2026-05-31 13:00:00,363.66000,363.78000,360.19000,360.61000,154.58,2026-05-31 13:59:59,56013.7596000,934,65.69,23803.9521000,0
2026-05-31 14:00:00,360.37000,365.33000,359.94000,363.33000,158.19,2026-05-31 14:59:59,57267.0523000,2361,101.14,36615.4852000,0
2026-05-31 15:00:00,363.23000,363.23000,361.53000,362.43000,20.90,2026-05-31 15:59:59,7571.2789000,374,8.16,2956.5856000,0
2026-05-31 16:00:00,362.43000,363.96000,362.32000,363.72000,23.17,2026-05-31 16:59:59,8413.9964000,285,12.88,4679.5593000,0
2026-05-31 17:00:00,363.51000,363.65000,362.81000,363.15000,1.57,2026-05-31 17:59:59,569.9069000,41,0.43,156.1151000,0
2026-05-31 18:00:00,363.15000,363.65000,363.15000,363.65000,1.21,2026-05-31 18:59:59,439.6452000,39,1.15,417.8454000,0
2026-05-31 19:00:00,363.69000,363.72000,362.00000,362.84000,27.07,2026-05-31 19:59:59,9818.4375000,141,2.64,958.2803000,0
2026-05-31 20:00:00,362.61000,363.09000,362.61000,363.07000,0.58,2026-05-31 20:59:59,210.5464000,17,0.27,98.0085000,0
2026-05-31 21:00:00,362.88000,363.27000,362.21000,362.39000,5.50,2026-05-31 21:59:59,1995.8795000,65,3.54,1285.3987000,0
2026-05-31 22:00:00,362.43000,365.64000,362.25000,363.95000,30.33,2026-05-31 22:59:59,11052.6041000,396,14.82,5398.9229000,0
2026-05-31 23:00:00,363.95000,364.46000,362.08000,362.42000,25.84,2026-05-31 23:59:59,9383.5713000,207,11.41,4145.6550000,0
2026-06-01 00:00:00,362.07000,365.06000,360.68000,364.73000,61.50,2026-06-01 00:59:59,22345.3534000,886,42.28,15369.2593000,0
2026-06-01 01:00:00,364.46000,365.19000,362.69000,363.75000,48.63,2026-06-01 01:59:59,17692.7420000,628,20.60,7502.2930000,0
2026-06-01 02:00:00,363.80000,364.43000,361.71000,361.84000,19.30,2026-06-01 02:59:59,7007.1209000,315,7.40,2689.4672000,0
2026-06-01 03:00:00,361.71000,362.22000,360.50000,360.91000,99.64,2026-06-01 03:59:59,35984.6699000,442,41.22,14895.8285000,0
2026-06-01 04:00:00,360.81000,361.63000,360.50000,361.62000,32.07,2026-06-01 04:59:59,11579.0143000,295,11.42,4125.2181000,0
2026-06-01 05:00:00,361.69000,365.05000,361.53000,364.80000,58.61,2026-06-01 05:59:59,21312.7464000,989,36.18,13159.8983000,0
2026-06-01 06:00:00,364.93000,365.00000,360.27000,362.79000,139.82,2026-06-01 06:59:59,50777.0027000,940,29.00,10524.3218000,0
2026-06-01 07:00:00,362.61000,362.84000,360.28000,360.51000,21.36,2026-06-01 07:59:59,7730.3576000,275,12.27,4443.6789000,0
2026-06-01 08:00:00,360.51000,362.19000,352.91000,356.56000,374.76,2026-06-01 08:59:59,133492.1441000,3749,121.13,43139.9023000,0
2026-06-01 09:00:00,356.84000,359.07000,351.17000,351.98000,633.44,2026-06-01 09:59:59,225307.2927000,4026,403.62,143648.7054000,0
2026-06-01 10:00:00,351.85000,353.42000,350.84000,352.64000,206.48,2026-06-01 10:59:59,72762.7687000,1452,117.63,41476.8653000,0
2026-06-01 11:00:00,352.88000,353.23000,345.31000,346.14000,335.34,2026-06-01 11:59:59,116846.3953000,2890,122.28,42591.8223000,0
2026-06-01 12:00:00,346.05000,352.38000,345.00000,350.58000,257.11,2026-06-01 12:59:59,89623.7882000,2723,135.19,47124.8011000,0
2026-06-01 13:00:00,350.59000,366.60000,350.09000,353.02000,470.09,2026-06-01 13:59:59,168045.0370000,5190,263.70,94016.6593000,0
2026-06-01 14:00:00,352.96000,359.28000,349.02000,353.63000,4081.86,2026-06-01 14:59:59,1448209.4366000,10044,1101.17,390012.0926000,0
2026-06-01 15:00:00,353.96000,362.46000,353.10000,353.59000,2005.04,2026-06-01 15:59:59,713648.6027000,4577,1458.68,519081.4034000,0
2026-06-01 16:00:00,353.59000,358.93000,352.94000,356.93000,606.90,2026-06-01 16:59:59,216117.7550000,3075,453.51,161526.1372000,0
2026-06-01 17:00:00,357.00000,361.30000,356.44000,359.66000,124.95,2026-06-01 17:59:59,44853.5832000,1207,50.63,18177.0793000,0
2026-06-01 18:00:00,359.72000,368.07000,356.86000,363.42000,416.07,2026-06-01 18:59:59,150102.3836000,1581,309.51,111719.8537000,0
2026-06-01 19:00:00,363.37000,365.67000,360.99000,363.51000,138.51,2026-06-01 19:59:59,50370.8575000,724,82.53,30050.5333000,0
2026-06-01 20:00:00,363.49000,367.66000,362.83000,363.87000,186.98,2026-06-01 20:59:59,68226.6441000,893,125.57,45861.9680000,0
2026-06-01 21:00:00,363.87000,365.40000,363.20000,364.04000,72.70,2026-06-01 21:59:59,26467.9952000,594,30.23,11009.6718000,0
2026-06-01 22:00:00,363.69000,364.05000,360.47000,361.92000,345.18,2026-06-01 22:59:59,125023.3480000,682,74.18,26897.7237000,0
2026-06-01 23:00:00,361.94000,363.61000,361.94000,363.33000,19.69,2026-06-01 23:59:59,7139.4532000,205,9.37,3400.0532000,0
2026-06-02 00:00:00,363.22000,363.99000,362.14000,362.95000,69.87,2026-06-02 00:59:59,25353.3510000,951,42.46,15411.7118000,0
2026-06-02 01:00:00,362.61000,363.02000,361.41000,362.07000,83.17,2026-06-02 01:59:59,30120.1626000,834,58.14,21057.2968000,0
2026-06-02 02:00:00,361.76000,366.40000,357.70000,362.14000,667.44,2026-06-02 02:59:59,240728.4774000,4143,179.02,64758.8781000,0
2026-06-02 03:00:00,362.14000,363.09000,359.18000,359.72000,370.89,2026-06-02 03:59:59,133750.9131000,2553,252.20,90940.0214000,0
2026-06-02 04:00:00,359.81000,369.37000,358.95000,365.43000,961.07,2026-06-02 04:59:59,351113.5933000,4533,721.55,263542.0447000,0
2026-06-02 05:00:00,365.58000,368.46000,365.00000,366.96000,254.73,2026-06-02 05:59:59,93517.6888000,2045,156.62,57541.0066000,0
2026-06-02 06:00:00,367.12000,367.66000,366.24000,367.10000,78.66,2026-06-02 06:59:59,28869.0802000,652,32.46,11914.3670000,0
2026-06-02 07:00:00,367.26000,370.22000,365.90000,367.96000,329.63,2026-06-02 07:59:59,121322.6194000,1683,182.77,67348.9279000,0
2026-06-02 08:00:00,368.01000,386.49000,368.01000,380.40000,1094.77,2026-06-02 08:59:59,414189.3385000,7832,428.42,162416.3910000,0
2026-06-02 09:00:00,380.63000,384.41000,378.46000,382.76000,410.69,2026-06-02 09:59:59,156998.6196000,3593,273.02,104391.7998000,0
2026-06-02 10:00:00,382.97000,385.86000,380.97000,381.06000,715.32,2026-06-02 10:59:59,273979.6527000,2781,386.83,148347.7050000,0
2026-06-02 11:00:00,381.05000,383.10000,379.18000,381.30000,594.09,2026-06-02 11:59:59,226513.2608000,3163,222.93,84990.8892000,0
2026-06-02 12:00:00,381.29000,382.79000,380.15000,382.16000,395.65,2026-06-02 12:59:59,150866.4407000,1942,161.28,61501.8890000,0
2026-06-02 13:00:00,382.14000,418.59000,379.07000,416.08000,5889.88,2026-06-02 13:59:59,2368278.6270000,12974,2918.57,1174428.1360000,0
2026-06-02 14:00:00,415.95000,434.67000,410.07000,427.73000,6464.80,2026-06-02 14:59:59,2741890.5327000,23591,3057.67,1297511.6136000,0
2026-06-02 15:00:00,427.42000,429.23000,422.47000,425.42000,2240.05,2026-06-02 15:59:59,954712.8334000,11573,1209.70,515957.5033000,0
2026-06-02 16:00:00,425.35000,426.25000,418.60000,422.73000,1731.74,2026-06-02 16:59:59,731717.9842000,9237,649.33,274610.8771000,0
2026-06-02 17:00:00,422.73000,428.58000,422.73000,426.82000,930.49,2026-06-02 17:59:59,396012.2799000,6492,499.90,212731.7031000,0
2026-06-02 18:00:00,426.90000,427.13000,420.11000,423.06000,612.43,2026-06-02 18:59:59,260024.9323000,4806,218.58,92685.1082000,0
2026-06-02 19:00:00,423.00000,427.70000,417.04000,427.19000,627.30,2026-06-02 19:59:59,264890.8625000,6094,316.86,133924.7683000,0
2026-06-02 20:00:00,427.11000,429.52000,426.15000,428.40000,475.64,2026-06-02 20:59:59,203457.2165000,3431,287.92,123166.4356000,0
2026-06-02 21:00:00,428.50000,430.43000,425.63000,429.36000,513.36,2026-06-02 21:59:59,219942.1837000,3511,255.03,109422.2282000,0
2026-06-02 22:00:00,429.28000,430.37000,427.57000,428.27000,412.04,2026-06-02 22:59:59,176854.0076000,3130,204.75,87899.2454000,0
2026-06-02 23:00:00,428.26000,428.82000,422.00000,426.87000,632.39,2026-06-02 23:59:59,269111.9586000,3864,275.37,117107.5100000,0
2026-06-03 00:00:00,426.89000,449.63000,425.30000,444.92000,2780.72,2026-06-03 00:59:59,1223713.9485000,12254,1507.47,663589.0761000,0
2026-06-03 01:00:00,444.92000,446.37000,437.89000,445.10000,1336.55,2026-06-03 01:59:59,590113.5582000,7623,532.43,234918.7653000,0
2026-06-03 02:00:00,445.50000,461.58000,444.20000,459.39000,2310.76,2026-06-03 02:59:59,1043045.0040000,10393,973.72,439816.4582000,0
2026-06-03 03:00:00,459.21000,469.69000,455.03000,462.17000,3341.81,2026-06-03 03:59:59,1543623.0884000,21021,1649.77,762403.2952000,0
2026-06-03 04:00:00,462.01000,464.74000,452.41000,452.64000,1437.99,2026-06-03 04:59:59,660842.2498000,10978,590.72,271657.5740000,0
2026-06-03 05:00:00,452.64000,456.48000,441.09000,445.55000,2143.97,2026-06-03 05:59:59,963483.7416000,12657,1037.85,467001.4478000,0
2026-06-03 06:00:00,445.73000,448.32000,438.09000,440.97000,1052.47,2026-06-03 06:59:59,465178.3365000,7984,511.96,226304.8506000,0
2026-06-03 07:00:00,441.21000,448.45000,440.85000,445.14000,2021.44,2026-06-03 07:59:59,902623.0544000,9910,930.67,415677.3215000,0
2026-06-03 08:00:00,445.36000,455.37000,440.49000,446.01000,4631.37,2026-06-03 08:59:59,2069980.4080000,18488,1905.99,853140.4096000,0
2026-06-03 09:00:00,446.35000,446.60000,421.03000,425.60000,4578.13,2026-06-03 09:59:59,1989917.6321000,20623,1575.50,685648.9485000,0
2026-06-03 10:00:00,425.64000,435.96000,422.31000,432.65000,1761.43,2026-06-03 10:59:59,756567.5136000,10476,870.30,373634.0093000,0
2026-06-03 11:00:00,432.81000,435.50000,426.02000,430.27000,960.67,2026-06-03 11:59:59,414295.2287000,6621,497.24,214719.1871000,0
2026-06-03 12:00:00,430.22000,430.22000,423.47000,425.25000,597.67,2026-06-03 12:59:59,255094.4536000,5040,273.56,116647.1366000,0
2026-06-03 13:00:00,425.36000,441.50000,407.44000,415.03000,5367.71,2026-06-03 13:59:59,2263958.2994000,25909,2409.69,1015953.4755000,0
2026-06-03 14:00:00,415.10000,429.95000,414.74000,428.10000,2094.94,2026-06-03 14:59:59,888734.7831000,14901,832.93,353887.5594000,0
2026-06-03 15:00:00,428.10000,428.99000,414.38000,416.72000,1245.66,2026-06-03 15:59:59,526679.8475000,11360,466.76,197653.9963000,0
2026-06-03 16:00:00,416.82000,417.54000,412.50000,416.61000,627.44,2026-06-03 16:59:59,260721.2271000,5442,291.51,121118.8395000,0
2026-06-03 17:00:00,416.70000,419.76000,413.14000,418.36000,544.24,2026-06-03 17:59:59,226368.0235000,4911,326.65,135922.6917000,0
2026-06-03 18:00:00,418.57000,420.91000,416.87000,417.55000,214.67,2026-06-03 18:59:59,89895.6473000,2937,126.35,52913.3860000,0
2026-06-03 19:00:00,417.56000,419.25000,415.78000,418.45000,221.84,2026-06-03 19:59:59,92703.4774000,3045,132.42,55354.7901000,0
2026-06-03 20:00:00,418.38000,418.67000,408.00000,410.31000,613.28,2026-06-03 20:59:59,252824.2946000,6001,239.10,98521.2213000,0
2026-06-03 21:00:00,410.36000,412.23000,397.02000,405.95000,872.85,2026-06-03 21:59:59,351434.1948000,9140,305.10,122819.2993000,0
2026-06-03 22:00:00,406.26000,407.73000,397.25000,399.63000,545.17,2026-06-03 22:59:59,218740.5571000,4791,208.41,83726.9624000,0
2026-06-03 23:00:00,399.63000,400.42000,395.66000,398.36000,1178.11,2026-06-03 23:59:59,468689.8589000,5505,468.48,186530.6491000,0
2026-06-04 00:00:00,398.09000,409.29000,397.04000,407.11000,975.27,2026-06-04 00:59:59,393741.9429000,7621,588.66,237377.7987000,0
2026-06-04 01:00:00,406.82000,407.94000,401.54000,402.12000,691.96,2026-06-04 01:59:59,279925.9412000,4601,362.95,146890.1248000,0
2026-06-04 02:00:00,402.04000,407.01000,399.50000,405.93000,533.40,2026-06-04 02:59:59,214870.6797000,5056,298.56,120353.3320000,0
2026-06-04 03:00:00,405.93000,408.60000,405.74000,408.06000,352.13,2026-06-04 03:59:59,143563.1275000,2984,163.44,66625.8080000,0
2026-06-04 04:00:00,408.21000,410.53000,406.92000,408.01000,412.24,2026-06-04 04:59:59,168558.5002000,3262,205.84,84307.7116000,0
2026-06-04 05:00:00,408.36000,410.00000,406.98000,408.31000,193.02,2026-06-04 05:59:59,78902.0607000,2239,125.21,51214.1442000,0
2026-06-04 06:00:00,408.04000,410.00000,405.83000,407.20000,220.54,2026-06-04 06:59:59,89883.7180000,2086,84.09,34282.8225000,0
2026-06-04 07:00:00,407.24000,408.28000,402.12000,402.48000,213.84,2026-06-04 07:59:59,86638.0162000,1996,78.30,31771.2824000,0
2026-06-04 08:00:00,402.56000,405.56000,394.67000,395.71000,1443.26,2026-06-04 08:59:59,575580.9745000,7350,633.14,252678.8490000,0
2026-06-04 09:00:00,395.92000,402.02000,391.20000,401.52000,680.68,2026-06-04 09:59:59,268796.9248000,5610,329.99,130370.0889000,0
2026-06-04 10:00:00,401.44000,401.53000,394.15000,395.90000,382.94,2026-06-04 10:59:59,152315.6288000,3198,199.61,79272.0402000,0
2026-06-04 11:00:00,395.88000,402.67000,391.00000,398.07000,1374.31,2026-06-04 11:59:59,545028.1936000,6503,606.37,240589.0984000,0
2026-06-04 12:00:00,398.16000,399.99000,393.17000,397.93000,602.94,2026-06-04 12:59:59,238641.3142000,4353,201.33,79945.0229000,0
2026-06-04 13:00:00,397.69000,400.21000,381.88000,388.39000,2708.87,2026-06-04 13:59:59,1068453.0681000,8336,976.07,384928.6359000,0
2026-06-04 14:00:00,388.30000,398.17000,380.82000,398.17000,1500.51,2026-06-04 14:59:59,582472.5727000,7170,746.58,290922.2182000,0
2026-06-04 15:00:00,398.17000,405.30000,397.27000,402.71000,1047.54,2026-06-04 15:59:59,420593.1210000,5349,441.01,177296.6523000,0
2026-06-04 16:00:00,402.84000,418.31000,402.61000,417.73000,630.80,2026-06-04 16:59:59,258609.1678000,3741,330.96,135989.1705000,0
2026-06-04 17:00:00,417.45000,433.44000,416.79000,432.53000,1335.61,2026-06-04 17:59:59,568180.2002000,7518,675.70,287600.4435000,0
2026-06-04 18:00:00,432.54000,432.96000,424.26000,424.49000,423.90,2026-06-04 18:59:59,181972.5753000,3640,157.67,67670.1102000,0
2026-06-04 19:00:00,424.55000,428.50000,422.01000,422.65000,458.32,2026-06-04 19:59:59,195123.2411000,3801,155.99,66504.6260000,0
2026-06-04 20:00:00,422.65000,423.50000,416.94000,419.09000,456.04,2026-06-04 20:59:59,191063.3595000,2841,252.20,105799.9352000,0
2026-06-04 21:00:00,419.09000,419.84000,417.07000,418.21000,82.86,2026-06-04 21:59:59,34671.7296000,1043,43.60,18244.8429000,0
2026-06-04 22:00:00,418.57000,418.80000,410.54000,413.38000,276.02,2026-06-04 22:59:59,114086.3230000,2144,118.01,48785.4619000,0
2026-06-04 23:00:00,413.56000,414.74000,410.63000,412.65000,191.40,2026-06-04 23:59:59,78889.7061000,1610,108.36,44689.2170000,0
2026-06-05 00:00:00,412.94000,414.81000,404.40000,405.11000,600.19,2026-06-05 00:59:59,244943.7294000,3387,223.08,91162.9643000,0
2026-06-05 01:00:00,405.16000,412.79000,401.00000,411.36000,666.03,2026-06-05 01:59:59,270624.6385000,3511,327.34,133007.6564000,0
2026-06-05 02:00:00,411.42000,415.64000,411.05000,414.17000,393.77,2026-06-05 02:59:59,162839.5614000,2390,250.03,103411.7802000,0
2026-06-05 03:00:00,413.83000,415.91000,410.07000,410.83000,129.43,2026-06-05 03:59:59,53416.8737000,1387,44.22,18286.3857000,0
2026-06-05 04:00:00,410.83000,411.79000,409.17000,411.39000,494.41,2026-06-05 04:59:59,202870.7182000,3233,146.25,60043.0540000,0
2026-06-05 05:00:00,411.55000,411.55000,404.16000,404.31000,426.58,2026-06-05 05:59:59,174023.3301000,2742,172.41,70225.9892000,0
2026-06-05 06:00:00,404.31000,406.23000,402.00000,403.21000,330.26,2026-06-05 06:59:59,133285.3035000,2078,154.37,62374.1909000,0
2026-06-05 07:00:00,402.78000,405.12000,400.71000,403.75000,386.19,2026-06-05 07:59:59,155482.5832000,2215,125.74,50719.8548000,0
2026-06-05 08:00:00,403.98000,408.31000,401.46000,405.35000,408.10,2026-06-05 08:59:59,165107.3321000,2725,213.82,86556.4655000,0
2026-06-05 09:00:00,405.22000,410.18000,405.13000,407.86000,203.03,2026-06-05 09:59:59,82851.2323000,1142,98.86,40353.2758000,0
2026-06-05 10:00:00,407.86000,411.51000,405.90000,409.01000,230.74,2026-06-05 10:59:59,94341.8083000,1500,122.33,50054.0128000,0
2026-06-05 11:00:00,409.15000,411.04000,407.07000,408.02000,229.50,2026-06-05 11:59:59,93940.5023000,1157,105.94,43367.0122000,0
2026-06-05 12:00:00,408.02000,411.47000,405.58000,406.53000,521.81,2026-06-05 12:59:59,213022.4547000,2681,367.63,150144.7697000,0
2026-06-05 13:00:00,406.06000,409.05000,385.77000,390.60000,1868.67,2026-06-05 13:59:59,740478.5522000,5827,804.79,319648.8595000,0
2026-06-05 14:00:00,390.60000,419.88000,389.98000,415.47000,2740.44,2026-06-05 14:59:59,1113844.7549000,5524,1021.01,418149.2932000,0
2026-06-05 15:00:00,415.46000,415.47000,399.80000,405.95000,1640.78,2026-06-05 15:59:59,667520.4706000,3614,855.20,348655.4727000,0
2026-06-05 16:00:00,405.00000,406.22000,388.19000,397.06000,1349.62,2026-06-05 16:59:59,535213.9533000,3391,460.86,183586.3603000,0
2026-06-05 17:00:00,397.06000,397.06000,388.05000,391.74000,308.14,2026-06-05 17:59:59,120531.8761000,2045,124.88,48842.0526000,0
2026-06-05 18:00:00,391.79000,392.95000,375.27000,379.80000,749.69,2026-06-05 18:59:59,286202.3648000,2595,147.62,56292.8697000,0
2026-06-05 19:00:00,378.88000,383.50000,375.13000,376.95000,411.37,2026-06-05 19:59:59,156216.6912000,2134,239.26,90880.2697000,0
2026-06-05 20:00:00,376.88000,378.11000,362.09000,374.16000,1522.95,2026-06-05 20:59:59,561758.2241000,5388,570.62,210954.1427000,0
2026-06-05 21:00:00,373.92000,377.45000,373.32000,375.70000,93.66,2026-06-05 21:59:59,35167.1375000,998,57.33,21516.5909000,0
2026-06-05 22:00:00,375.69000,377.16000,371.69000,373.73000,130.17,2026-06-05 22:59:59,48699.1955000,1120,55.32,20694.3015000,0
2026-06-05 23:00:00,374.13000,374.13000,368.22000,370.66000,106.83,2026-06-05 23:59:59,39671.0858000,1382,40.25,14947.4079000,0
2026-06-06 00:00:00,370.66000,371.69000,367.60000,368.89000,178.60,2026-06-06 00:59:59,66054.2030000,1595,108.35,40091.4390000,0
2026-06-06 01:00:00,368.93000,369.06000,362.00000,363.90000,222.29,2026-06-06 01:59:59,81122.6954000,1695,84.06,30773.3949000,0
2026-06-06 02:00:00,363.68000,364.32000,358.72000,359.81000,272.94,2026-06-06 02:59:59,98575.3522000,1570,115.64,41701.5922000,0
2026-06-06 03:00:00,359.81000,360.48000,358.71000,360.00000,130.73,2026-06-06 03:59:59,47052.6365000,788,76.85,27660.4007000,0
2026-06-06 04:00:00,360.00000,361.07000,353.25000,354.79000,451.08,2026-06-06 04:59:59,161492.6789000,3225,188.48,67563.1114000,0
2026-06-06 05:00:00,354.72000,357.28000,352.87000,355.45000,409.85,2026-06-06 05:59:59,145655.5170000,2367,239.37,85075.7366000,0
2026-06-06 06:00:00,355.45000,355.89000,352.75000,355.37000,391.40,2026-06-06 06:59:59,138868.2378000,2422,215.01,76320.4975000,0
2026-06-06 07:00:00,355.30000,358.25000,353.10000,357.11000,212.54,2026-06-06 07:59:59,75532.9131000,1657,100.38,35705.9803000,0
2026-06-06 08:00:00,357.17000,357.68000,355.95000,356.60000,77.86,2026-06-06 08:59:59,27765.0815000,985,48.72,17378.3667000,0
2026-06-06 09:00:00,356.21000,356.80000,355.21000,355.22000,39.93,2026-06-06 09:59:59,14221.6266000,627,24.53,8740.9881000,0
2026-06-06 10:00:00,355.22000,355.75000,352.13000,352.73000,117.13,2026-06-06 10:59:59,41422.2581000,1326,56.31,19915.3551000,0
2026-06-06 11:00:00,352.99000,356.82000,352.30000,354.95000,170.66,2026-06-06 11:59:59,60432.3883000,1777,111.25,39410.4950000,0
2026-06-06 12:00:00,354.98000,360.35000,354.96000,359.28000,117.80,2026-06-06 12:59:59,42118.9494000,1519,53.18,19023.0184000,0
2026-06-06 13:00:00,359.29000,362.61000,358.08000,360.53000,106.80,2026-06-06 13:59:59,38474.9764000,1336,51.46,18564.9355000,0
2026-06-06 14:00:00,360.38000,363.28000,359.73000,360.14000,166.18,2026-06-06 14:59:59,59962.1304000,1481,62.86,22702.4463000,0
2026-06-06 15:00:00,360.01000,361.80000,359.12000,359.14000,62.63,2026-06-06 15:59:59,22568.2016000,918,31.49,11349.3088000,0
2026-06-06 16:00:00,359.14000,359.97000,353.20000,353.66000,181.82,2026-06-06 16:59:59,64703.5667000,1473,52.70,18742.6594000,0
2026-06-06 17:00:00,353.86000,355.91000,353.80000,354.87000,146.61,2026-06-06 17:59:59,52023.6068000,1285,96.26,34157.6079000,0
2026-06-06 18:00:00,355.08000,357.91000,354.87000,356.46000,50.11,2026-06-06 18:59:59,17872.3080000,508,35.16,12540.8210000,0
2026-06-06 19:00:00,356.98000,361.55000,356.93000,361.55000,105.93,2026-06-06 19:59:59,38057.6509000,696,81.02,29095.2143000,0
2026-06-06 20:00:00,361.59000,368.61000,361.37000,365.02000,202.08,2026-06-06 20:59:59,73712.8549000,2007,137.13,50036.2896000,0
2026-06-06 21:00:00,365.02000,366.63000,362.34000,362.35000,91.09,2026-06-06 21:59:59,33238.9127000,1124,30.26,11050.3928000,0
2026-06-06 22:00:00,362.35000,365.05000,362.26000,362.98000,76.17,2026-06-06 22:59:59,27700.0568000,574,44.60,16221.4683000,0
2026-06-06 23:00:00,362.98000,363.49000,357.90000,358.14000,259.78,2026-06-06 23:59:59,93485.7478000,1964,82.17,29558.1825000,0
2026-06-07 00:00:00,358.09000,358.80000,355.87000,356.87000,190.24,2026-06-07 00:59:59,67994.1389000,1421,73.34,26219.9821000,0
2026-06-07 01:00:00,356.87000,358.38000,356.52000,357.72000,145.91,2026-06-07 01:59:59,52183.4122000,1071,86.77,31029.0522000,0
2026-06-07 02:00:00,357.78000,363.92000,357.64000,362.88000,264.08,2026-06-07 02:59:59,95284.1771000,2648,160.32,57844.9490000,0
2026-06-07 03:00:00,362.64000,365.34000,361.68000,364.55000,144.47,2026-06-07 03:59:59,52561.3892000,1438,76.49,27839.0086000,0
2026-06-07 04:00:00,364.56000,367.19000,364.25000,366.92000,86.53,2026-06-07 04:59:59,31645.5129000,608,42.75,15644.8388000,0
2026-06-07 05:00:00,366.86000,370.73000,365.09000,369.48000,362.07,2026-06-07 05:59:59,133374.3430000,2410,131.15,48384.0558000,0
2026-06-07 06:00:00,369.54000,376.03000,368.52000,374.31000,891.46,2026-06-07 06:59:59,332796.3827000,5088,519.44,193872.9081000,0
2026-06-07 07:00:00,374.28000,374.91000,373.60000,373.77000,296.35,2026-06-07 07:59:59,110853.9200000,1575,131.23,49090.2524000,0
2026-06-07 08:00:00,373.98000,374.64000,369.64000,371.52000,379.88,2026-06-07 08:59:59,141332.8954000,2820,115.57,42984.0174000,0
2026-06-07 09:00:00,371.47000,372.01000,370.93000,371.22000,79.30,2026-06-07 09:59:59,29440.4359000,917,28.27,10499.5697000,0
2026-06-07 10:00:00,371.23000,372.01000,370.93000,371.44000,79.97,2026-06-07 10:59:59,29707.9376000,384,55.81,20741.7402000,0
2026-06-07 11:00:00,371.36000,382.74000,370.93000,381.68000,1052.42,2026-06-07 11:59:59,397432.9375000,4865,698.07,263786.4854000,0
2026-06-07 12:00:00,381.89000,389.48000,381.72000,386.86000,921.97,2026-06-07 12:59:59,356060.5165000,5886,464.27,179306.8082000,0
2026-06-07 13:00:00,386.86000,388.00000,378.21000,380.64000,922.34,2026-06-07 13:59:59,355080.3350000,5188,243.60,93894.1946000,0
2026-06-07 14:00:00,380.59000,382.92000,379.95000,379.95000,406.90,2026-06-07 14:59:59,155269.6847000,3766,191.82,73225.7704000,0
2026-06-07 15:00:00,379.95000,381.29000,379.57000,381.01000,71.94,2026-06-07 15:59:59,27386.8739000,626,39.84,15172.1925000,0
2026-06-07 16:00:00,381.08000,381.41000,379.25000,380.34000,187.76,2026-06-07 16:59:59,71486.5805000,1285,80.34,30595.4444000,0
2026-06-07 17:00:00,380.24000,381.01000,379.95000,380.84000,54.11,2026-06-07 17:59:59,20587.9260000,684,35.85,13640.9732000,0
2026-06-07 18:00:00,380.78000,381.13000,379.97000,380.41000,43.93,2026-06-07 18:59:59,16716.4035000,566,30.01,11420.8802000,0
2026-06-07 19:00:00,380.37000,380.65000,374.68000,374.86000,425.84,2026-06-07 19:59:59,160359.4600000,2625,135.70,51135.9551000,0
2026-06-07 20:00:00,374.86000,376.30000,373.47000,375.01000,360.34,2026-06-07 20:59:59,135016.6729000,1834,167.40,62745.6108000,0
2026-06-07 21:00:00,375.06000,382.38000,374.59000,380.67000,275.17,2026-06-07 21:59:59,104245.4094000,2712,186.69,70669.9775000,0
2026-06-07 22:00:00,380.72000,385.00000,380.43000,383.43000,613.05,2026-06-07 22:59:59,234942.0862000,5014,329.82,126396.6791000,0
2026-06-07 23:00:00,383.40000,390.00000,382.53000,382.66000,758.88,2026-06-07 23:59:59,293500.4740000,5342,390.72,151274.1596000,0
2026-06-08 00:00:00,382.65000,389.45000,374.17000,384.33000,1925.87,2026-06-08 00:59:59,736735.2468000,7869,915.93,350101.6455000,0
2026-06-08 01:00:00,384.32000,384.62000,376.72000,380.74000,756.71,2026-06-08 01:59:59,288207.1958000,3881,393.33,149763.9030000,0
2026-06-08 02:00:00,380.74000,387.66000,378.96000,383.92000,543.08,2026-06-08 02:59:59,207669.0887000,3210,254.29,97364.5259000,0
2026-06-08 03:00:00,383.76000,386.17000,382.23000,383.40000,589.58,2026-06-08 03:59:59,226570.5670000,2862,374.06,143819.7967000,0
2026-06-08 04:00:00,383.46000,384.06000,378.23000,378.23000,257.04,2026-06-08 04:59:59,97893.8740000,1951,88.07,33535.6475000,0
2026-06-08 05:00:00,378.18000,380.31000,372.48000,373.56000,715.45,2026-06-08 05:59:59,268497.0337000,3086,181.30,68168.5788000,0
2026-06-08 06:00:00,373.50000,377.96000,373.19000,375.98000,417.82,2026-06-08 06:59:59,156776.2717000,2758,233.18,87498.1231000,0
2026-06-08 07:00:00,377.03000,383.21000,376.81000,382.74000,229.50,2026-06-08 07:59:59,87256.2759000,1781,138.47,52641.7996000,0
2026-06-08 08:00:00,382.59000,391.55000,377.00000,384.45000,1868.43,2026-06-08 08:59:59,720305.3943000,6589,808.02,311022.6048000,0
2026-06-08 09:00:00,384.46000,385.91000,381.96000,384.91000,289.79,2026-06-08 09:59:59,111474.1386000,1815,181.33,69780.3921000,0
2026-06-08 10:00:00,384.96000,385.58000,382.74000,385.42000,104.63,2026-06-08 10:59:59,40227.2100000,1245,56.78,21834.9428000,0
2026-06-08 11:00:00,385.21000,392.00000,383.24000,388.92000,819.17,2026-06-08 11:59:59,319161.5647000,3179,420.88,164026.0991000,0
2026-06-08 12:00:00,388.99000,399.65000,388.43000,398.08000,685.34,2026-06-08 12:59:59,270432.7976000,3605,429.67,169372.8559000,0
2026-06-08 13:00:00,398.62000,401.66000,375.39000,384.59000,2706.37,2026-06-08 13:59:59,1050485.9259000,8511,1300.73,505165.9265000,0
2026-06-08 14:00:00,384.86000,415.18000,384.70000,413.80000,2914.91,2026-06-08 14:59:59,1171615.1803000,9068,1615.80,649077.1690000,0
2026-06-08 15:00:00,413.75000,414.98000,402.90000,406.14000,2297.71,2026-06-08 15:59:59,936319.0372000,8148,1037.43,422324.4513000,0
2026-06-08 16:00:00,406.13000,411.68000,403.15000,408.87000,714.56,2026-06-08 16:59:59,290860.8113000,5623,330.99,134889.6859000,0
2026-06-08 17:00:00,409.05000,411.22000,405.72000,406.91000,338.66,2026-06-08 17:59:59,138228.7323000,2964,149.34,61027.2624000,0
2026-06-08 18:00:00,406.88000,411.12000,406.50000,409.05000,473.95,2026-06-08 18:59:59,194120.4846000,3055,114.61,46952.6881000,0
2026-06-08 19:00:00,409.08000,410.16000,398.52000,402.06000,276.07,2026-06-08 19:59:59,111191.2417000,3795,122.45,49278.9334000,0
2026-06-08 20:00:00,401.82000,407.63000,400.20000,401.69000,225.61,2026-06-08 20:59:59,91077.0024000,2115,132.39,53455.3861000,0
2026-06-08 21:00:00,401.86000,402.70000,400.98000,402.42000,56.21,2026-06-08 21:59:59,22594.0934000,623,38.62,15527.9727000,0
2026-06-08 22:00:00,402.46000,403.06000,399.41000,400.53000,172.64,2026-06-08 22:59:59,69183.4214000,1626,101.48,40666.6531000,0
2026-06-08 23:00:00,400.55000,402.81000,400.02000,401.20000,198.16,2026-06-08 23:59:59,79535.7460000,1996,106.26,42647.2305000,0
2026-06-09 00:00:00,401.38000,402.00000,395.92000,397.50000,807.25,2026-06-09 00:59:59,321324.9395000,3824,526.77,209786.2859000,0
2026-06-09 01:00:00,397.41000,404.88000,397.11000,402.95000,531.07,2026-06-09 01:59:59,212605.3189000,3353,291.01,116666.8959000,0
2026-06-09 02:00:00,402.92000,405.42000,401.27000,405.01000,312.01,2026-06-09 02:59:59,125897.8690000,2599,205.93,83139.6931000,0
2026-06-09 03:00:00,404.85000,409.20000,404.75000,409.04000,280.71,2026-06-09 03:59:59,114285.5532000,2061,195.22,79459.9896000,0
2026-06-09 04:00:00,409.04000,411.68000,407.86000,410.95000,422.00,2026-06-09 04:59:59,172939.7758000,3497,168.67,69176.1986000,0
2026-06-09 05:00:00,410.76000,413.82000,410.25000,411.54000,437.80,2026-06-09 05:59:59,180327.7163000,2820,235.93,97188.9436000,0
2026-06-09 06:00:00,411.70000,411.79000,408.63000,408.83000,498.04,2026-06-09 06:59:59,204171.4228000,1861,131.08,53854.6794000,0
2026-06-09 07:00:00,408.94000,411.88000,406.80000,409.53000,757.85,2026-06-09 07:59:59,310158.9184000,2800,369.86,151512.9282000,0
2026-06-09 08:00:00,409.55000,414.96000,408.70000,412.21000,680.97,2026-06-09 08:59:59,279669.2565000,2729,185.50,76442.6310000,0
2026-06-09 09:00:00,412.03000,416.50000,410.12000,416.12000,365.98,2026-06-09 09:59:59,151415.9777000,1990,121.12,50129.6691000,0
2026-06-09 10:00:00,416.06000,418.53000,411.70000,413.35000,511.78,2026-06-09 10:59:59,212100.2110000,2938,268.22,111249.4358000,0
2026-06-09 11:00:00,413.33000,414.36000,411.43000,412.09000,239.12,2026-06-09 11:59:59,98672.1563000,1634,89.02,36742.6843000,0
2026-06-09 12:00:00,412.03000,415.26000,410.04000,415.08000,266.77,2026-06-09 12:59:59,109943.1873000,2196,131.75,54287.2477000,0
2026-06-09 13:00:00,415.00000,415.97000,387.14000,388.76000,12417.13,2026-06-09 13:59:59,4929568.5731000,19042,2924.24,1160463.2055000,0
2026-06-09 14:00:00,388.29000,391.75000,363.63000,369.66000,4200.11,2026-06-09 14:59:59,1582165.7772000,18346,1934.32,730475.2061000,0
2026-06-09 15:00:00,369.66000,370.79000,346.80000,347.93000,2878.47,2026-06-09 15:59:59,1034715.9417000,14522,959.63,345035.1153000,0
2026-06-09 16:00:00,348.00000,352.66000,335.43000,345.05000,2757.30,2026-06-09 16:59:59,944365.1168000,16571,1171.63,401932.3644000,0
2026-06-09 17:00:00,345.04000,359.19000,344.10000,355.29000,2495.00,2026-06-09 17:59:59,877997.6068000,11791,1301.55,457791.6708000,0
2026-06-09 18:00:00,355.27000,362.85000,351.33000,362.18000,767.92,2026-06-09 18:59:59,274794.6071000,7254,414.09,148272.9104000,0
2026-06-09 19:00:00,362.20000,364.14000,350.14000,356.25000,1130.52,2026-06-09 19:59:59,403526.3091000,9839,458.20,163437.3227000,0
2026-06-09 20:00:00,356.34000,359.88000,354.30000,358.94000,1480.33,2026-06-09 20:59:59,529070.6746000,5855,943.31,337096.0339000,0
2026-06-09 21:00:00,359.04000,359.04000,354.37000,356.69000,371.60,2026-06-09 21:59:59,132690.3930000,2160,171.21,61135.5387000,0
2026-06-09 22:00:00,356.69000,357.78000,352.44000,354.78000,556.61,2026-06-09 22:59:59,198296.2591000,3266,266.08,94861.0423000,0
2026-06-09 23:00:00,354.82000,355.65000,351.21000,355.65000,656.36,2026-06-09 23:59:59,232245.4833000,3726,413.43,146438.2210000,0
2026-06-10 00:00:00,355.70000,362.46000,353.66000,360.52000,1023.61,2026-06-10 00:59:59,367358.2042000,7816,437.57,157152.1116000,0
2026-06-10 01:00:00,360.51000,362.00000,356.58000,357.13000,595.18,2026-06-10 01:59:59,213900.6179000,5101,295.01,106146.0255000,0
2026-06-10 02:00:00,357.00000,357.67000,352.49000,354.37000,666.14,2026-06-10 02:59:59,236230.6777000,5504,313.43,111188.0754000,0
2026-06-10 03:00:00,354.25000,357.90000,354.25000,355.38000,180.52,2026-06-10 03:59:59,64326.6339000,2272,96.91,34533.0733000,0
2026-06-10 04:00:00,355.41000,355.68000,346.32000,349.23000,603.12,2026-06-10 04:59:59,210993.2469000,4657,306.46,107135.4601000,0
2026-06-10 05:00:00,349.28000,354.54000,348.41000,353.00000,503.59,2026-06-10 05:59:59,176922.9688000,5324,222.99,78299.8689000,0
2026-06-10 06:00:00,353.04000,356.58000,352.37000,355.52000,631.15,2026-06-10 06:59:59,224315.8534000,3206,273.20,97183.1827000,0
2026-06-10 07:00:00,355.52000,356.31000,353.18000,353.87000,812.21,2026-06-10 07:59:59,288184.7933000,5236,347.74,123412.5963000,0
2026-06-10 08:00:00,354.00000,355.01000,348.00000,348.96000,781.28,2026-06-10 08:59:59,274457.6033000,5423,340.77,119819.5068000,0
2026-06-10 09:00:00,348.80000,350.16000,345.75000,349.34000,481.12,2026-06-10 09:59:59,167433.6300000,3865,260.81,90769.5794000,0
2026-06-10 10:00:00,349.37000,350.97000,345.22000,350.43000,646.83,2026-06-10 10:59:59,224917.5100000,4031,276.17,96170.7363000,0
2026-06-10 11:00:00,350.43000,351.84000,342.84000,344.01000,1345.10,2026-06-10 11:59:59,466545.9403000,7517,609.10,211194.4589000,0
2026-06-10 12:00:00,344.01000,356.38000,342.48000,349.68000,4502.28,2026-06-10 12:59:59,1579510.6610000,15089,2328.64,816942.4486000,0
2026-06-10 13:00:00,349.87000,373.62000,345.82000,368.37000,6165.33,2026-06-10 13:59:59,2217170.9486000,25810,2930.09,1052417.9802000,0
2026-06-10 14:00:00,368.50000,373.22000,360.36000,362.50000,4751.00,2026-06-10 14:59:59,1749405.9092000,18384,2163.42,797320.4969000,0
2026-06-10 15:00:00,362.62000,364.56000,352.77000,360.65000,2303.62,2026-06-10 15:59:59,826413.1380000,11544,1365.75,490209.4668000,0
2026-06-10 16:00:00,360.85000,361.69000,352.08000,353.28000,733.31,2026-06-10 16:59:59,261391.2118000,5968,374.44,133479.6446000,0
2026-06-10 17:00:00,353.18000,359.98000,351.97000,359.83000,472.15,2026-06-10 17:59:59,167703.6322000,3519,234.83,83412.1071000,0
2026-06-10 18:00:00,359.87000,365.26000,357.40000,359.30000,595.10,2026-06-10 18:59:59,215246.2645000,3552,264.86,95819.5400000,0
2026-06-10 19:00:00,359.22000,360.55000,353.75000,355.30000,474.00,2026-06-10 19:59:59,169478.3318000,4281,209.89,75013.0262000,0
2026-06-10 20:00:00,355.49000,356.12000,350.11000,352.45000,1025.40,2026-06-10 20:59:59,361169.3519000,3318,449.70,158778.5288000,0
2026-06-10 21:00:00,352.30000,353.28000,351.30000,352.02000,335.40,2026-06-10 21:59:59,118103.3733000,1906,195.06,68686.9814000,0
2026-06-10 22:00:00,352.02000,352.93000,345.41000,345.61000,1249.61,2026-06-10 22:59:59,435413.7308000,5043,721.35,251206.3283000,0
2026-06-10 23:00:00,345.67000,351.11000,343.54000,349.19000,2087.85,2026-06-10 23:59:59,724453.6502000,8876,1079.38,374544.3401000,0
2026-06-11 00:00:00,349.29000,356.50000,343.80000,355.97000,1318.37,2026-06-11 00:59:59,460092.9896000,6184,840.49,293598.5102000,0
2026-06-11 01:00:00,356.04000,360.24000,353.90000,354.15000,869.96,2026-06-11 01:59:59,310510.5029000,4634,368.32,131550.5417000,0
2026-06-11 02:00:00,354.19000,356.55000,350.36000,353.87000,531.32,2026-06-11 02:59:59,187554.9339000,4012,276.90,97748.7613000,0
2026-06-11 03:00:00,353.95000,357.74000,351.71000,356.99000,244.45,2026-06-11 03:59:59,86672.6212000,2388,123.76,43887.5144000,0
2026-06-11 04:00:00,356.99000,360.16000,355.03000,356.31000,511.64,2026-06-11 04:59:59,182796.6540000,2676,172.81,61726.6350000,0
2026-06-11 05:00:00,356.35000,358.06000,354.95000,357.13000,444.78,2026-06-11 05:59:59,158638.8796000,2254,337.15,120293.6478000,0
2026-06-11 06:00:00,357.05000,361.12000,356.31000,361.00000,199.80,2026-06-11 06:59:59,71680.6972000,1584,102.92,36945.4408000,0
2026-06-11 07:00:00,360.87000,364.30000,359.51000,363.04000,426.61,2026-06-11 07:59:59,154567.6125000,2449,207.50,75167.3355000,0
2026-06-11 08:00:00,363.04000,367.72000,356.35000,364.75000,3277.84,2026-06-11 08:59:59,1187576.6904000,11540,1400.87,507342.1339000,0
2026-06-11 09:00:00,364.78000,365.55000,360.41000,363.88000,716.72,2026-06-11 09:59:59,260445.5847000,3033,392.97,142871.1989000,0
2026-06-11 10:00:00,363.82000,366.03000,363.82000,364.59000,227.26,2026-06-11 10:59:59,82971.3992000,1514,113.66,41503.9848000,0
2026-06-11 11:00:00,364.55000,367.21000,363.44000,366.32000,249.02,2026-06-11 11:59:59,90924.9589000,1741,106.03,38710.7640000,0
2026-06-11 12:00:00,366.12000,366.55000,355.56000,358.83000,1280.58,2026-06-11 12:59:59,460417.8315000,5654,539.04,193834.5875000,0
2026-06-11 13:00:00,358.79000,368.87000,349.00000,365.74000,3965.51,2026-06-11 13:59:59,1424398.0465000,15721,2038.70,733373.1670000,0
2026-06-11 14:00:00,365.57000,371.43000,355.44000,357.12000,2184.63,2026-06-11 14:59:59,796101.2038000,12720,1035.13,377337.6120000,0
2026-06-11 15:00:00,357.01000,360.96000,354.44000,355.76000,823.19,2026-06-11 15:59:59,294292.8966000,7015,403.56,144277.6647000,0
2026-06-11 16:00:00,355.95000,357.82000,348.18000,348.18000,922.29,2026-06-11 16:59:59,325957.2960000,6287,369.98,130830.3625000,0
2026-06-11 17:00:00,348.31000,361.82000,346.08000,353.55000,1929.43,2026-06-11 17:59:59,681839.5161000,10080,1027.90,363246.4388000,0
2026-06-11 18:00:00,353.38000,357.60000,350.45000,357.16000,2220.41,2026-06-11 18:59:59,787397.8831000,7005,659.97,234010.8941000,0
2026-06-11 19:00:00,357.05000,364.90000,355.87000,364.10000,903.61,2026-06-11 19:59:59,326297.1957000,6741,385.93,139280.4050000,0
2026-06-11 20:00:00,364.03000,366.41000,363.40000,365.37000,399.92,2026-06-11 20:59:59,146039.3124000,2749,225.54,82397.6206000,0
2026-06-11 21:00:00,365.40000,366.45000,365.15000,365.99000,129.46,2026-06-11 21:59:59,47343.0416000,1100,33.96,12421.9881000,0
2026-06-11 22:00:00,366.10000,371.09000,365.70000,370.37000,513.83,2026-06-11 22:59:59,189326.6816000,3281,235.97,86979.3151000,0
2026-06-11 23:00:00,370.37000,374.93000,369.15000,374.81000,313.86,2026-06-11 23:59:59,116537.7882000,2554,159.13,59085.6029000,0
2026-06-12 00:00:00,374.64000,379.87000,372.19000,373.56000,1575.75,2026-06-12 00:59:59,592395.9711000,6796,695.38,261361.3490000,0
2026-06-12 01:00:00,373.55000,373.71000,367.07000,371.17000,1087.46,2026-06-12 01:59:59,402353.2755000,5761,491.78,182123.3338000,0
2026-06-12 02:00:00,371.36000,373.18000,370.20000,372.10000,400.62,2026-06-12 02:59:59,148817.6532000,3112,183.02,68006.4133000,0
2026-06-12 03:00:00,372.05000,372.46000,369.74000,369.79000,235.02,2026-06-12 03:59:59,87181.3385000,1890,68.68,25490.2825000,0
2026-06-12 04:00:00,370.00000,370.08000,367.77000,369.52000,141.60,2026-06-12 04:59:59,52244.5773000,1497,77.16,28474.1276000,0
2026-06-12 05:00:00,369.55000,369.80000,362.40000,362.62000,758.06,2026-06-12 05:59:59,278029.6386000,3202,219.38,80330.5090000,0
2026-06-12 06:00:00,362.70000,365.32000,358.55000,360.74000,595.80,2026-06-12 06:59:59,215895.2874000,4098,332.48,120512.5687000,0
2026-06-12 07:00:00,360.75000,364.45000,358.30000,364.40000,644.34,2026-06-12 07:59:59,232775.9568000,4060,327.27,118305.8720000,0
2026-06-12 08:00:00,364.35000,369.99000,364.35000,368.43000,1019.14,2026-06-12 08:59:59,374053.8364000,5572,537.97,197488.2753000,0
2026-06-12 09:00:00,368.37000,372.23000,368.05000,370.00000,468.76,2026-06-12 09:59:59,173516.4391000,2217,244.67,90528.2773000,0
2026-06-12 10:00:00,369.98000,373.50000,369.58000,370.14000,429.63,2026-06-12 10:59:59,159310.2841000,2150,212.37,78751.5212000,0
2026-06-12 11:00:00,370.14000,375.34000,369.96000,372.75000,333.68,2026-06-12 11:59:59,124483.0541000,1900,164.46,61322.4260000,0
2026-06-12 12:00:00,372.75000,373.07000,365.26000,365.37000,484.87,2026-06-12 12:59:59,179054.5446000,2967,217.54,80343.7985000,0
2026-06-12 13:00:00,365.34000,375.54000,355.33000,370.50000,3924.57,2026-06-12 13:59:59,1438500.9593000,17363,2056.02,754309.3137000,0
2026-06-12 14:00:00,370.62000,387.76000,370.28000,385.09000,2640.38,2026-06-12 14:59:59,1007627.0672000,12385,1341.26,511961.4808000,0
2026-06-12 15:00:00,385.21000,393.41000,383.89000,384.85000,1918.08,2026-06-12 15:59:59,745889.9655000,9134,976.66,379737.2610000,0
2026-06-12 16:00:00,384.59000,394.28000,383.90000,388.90000,1566.09,2026-06-12 16:59:59,609221.5097000,8221,885.98,344556.2230000,0
2026-06-12 17:00:00,388.99000,390.96000,387.57000,389.52000,609.55,2026-06-12 17:59:59,237346.9436000,3644,220.02,85676.9195000,0
2026-06-12 18:00:00,389.39000,390.54000,386.77000,386.77000,309.46,2026-06-12 18:59:59,120354.7410000,2844,177.83,69169.1101000,0
2026-06-12 19:00:00,386.77000,391.15000,384.84000,385.47000,979.51,2026-06-12 19:59:59,379599.3877000,5067,532.62,206357.3378000,0
2026-06-12 20:00:00,385.71000,387.26000,384.98000,386.09000,203.76,2026-06-12 20:59:59,78688.9190000,1413,78.26,30215.5816000,0
2026-06-12 21:00:00,386.09000,386.72000,385.11000,385.77000,111.21,2026-06-12 21:59:59,42909.2897000,539,27.21,10503.0749000,0
2026-06-12 22:00:00,386.02000,387.31000,385.11000,386.96000,159.67,2026-06-12 22:59:59,61647.7257000,982,104.30,40262.8707000,0
2026-06-12 23:00:00,387.02000,387.25000,385.39000,387.06000,168.49,2026-06-12 23:59:59,65115.5102000,913,90.60,35005.9169000,0
2026-06-13 00:00:00,387.29000,388.75000,385.37000,385.73000,286.57,2026-06-13 00:59:59,110978.1536000,1998,156.49,60581.4464000,0
2026-06-13 01:00:00,385.56000,386.57000,385.22000,386.51000,63.21,2026-06-13 01:59:59,24387.4786000,892,32.52,12548.3868000,0
2026-06-13 02:00:00,386.57000,386.71000,383.69000,384.51000,270.74,2026-06-13 02:59:59,104200.3198000,1756,88.63,34116.3389000,0
2026-06-13 03:00:00,384.63000,384.78000,382.41000,383.92000,114.59,2026-06-13 03:59:59,43943.7362000,1169,72.64,27862.1890000,0
2026-06-13 04:00:00,384.01000,384.53000,379.58000,381.14000,243.91,2026-06-13 04:59:59,93188.7889000,1740,90.98,34765.7290000,0
2026-06-13 05:00:00,381.17000,383.29000,380.76000,383.23000,129.21,2026-06-13 05:59:59,49365.3928000,844,101.16,38648.5703000,0
2026-06-13 06:00:00,383.14000,383.50000,382.50000,382.77000,59.83,2026-06-13 06:59:59,22917.3499000,702,20.67,7917.7137000,0
2026-06-13 07:00:00,382.75000,383.82000,381.78000,383.48000,99.83,2026-06-13 07:59:59,38227.9234000,1078,48.07,18408.4256000,0
2026-06-13 08:00:00,383.43000,384.50000,382.41000,383.08000,215.96,2026-06-13 08:59:59,82796.9147000,1530,108.71,41682.6671000,0
2026-06-13 09:00:00,382.93000,383.19000,380.33000,380.65000,147.42,2026-06-13 09:59:59,56227.3855000,1221,83.32,31780.1695000,0
2026-06-13 10:00:00,380.65000,381.46000,380.17000,380.57000,77.10,2026-06-13 10:59:59,29358.2646000,829,39.12,14894.4254000,0
2026-06-13 11:00:00,380.50000,381.01000,380.21000,380.41000,52.39,2026-06-13 11:59:59,19937.3446000,488,32.26,12277.1575000,0
2026-06-13 12:00:00,380.44000,382.12000,380.44000,382.12000,105.73,2026-06-13 12:59:59,40336.1538000,744,70.21,26783.9242000,0
2026-06-13 13:00:00,382.04000,382.86000,381.37000,381.57000,106.64,2026-06-13 13:59:59,40737.8249000,773,39.50,15094.0223000,0
2026-06-13 14:00:00,381.36000,383.85000,379.88000,382.17000,194.18,2026-06-13 14:59:59,74145.3671000,1310,116.60,44536.7260000,0
2026-06-13 15:00:00,382.47000,383.10000,381.61000,382.34000,68.79,2026-06-13 15:59:59,26296.3974000,762,24.77,9467.0034000,0
2026-06-13 16:00:00,382.36000,382.72000,378.92000,379.73000,231.96,2026-06-13 16:59:59,88226.8881000,1548,88.99,33858.2236000,0
2026-06-13 17:00:00,379.87000,380.57000,379.34000,379.85000,68.79,2026-06-13 17:59:59,26137.7330000,710,36.04,13696.7531000,0
2026-06-13 18:00:00,379.83000,381.36000,379.27000,380.91000,51.14,2026-06-13 18:59:59,19449.5700000,471,27.87,10601.2280000,0
2026-06-13 19:00:00,380.82000,383.34000,380.57000,382.44000,85.99,2026-06-13 19:59:59,32857.1340000,753,56.35,21528.4002000,0
2026-06-13 20:00:00,382.45000,382.45000,381.48000,382.38000,33.00,2026-06-13 20:59:59,12606.7089000,270,5.80,2216.4937000,0
2026-06-13 21:00:00,382.38000,383.06000,381.30000,381.91000,23.57,2026-06-13 21:59:59,9007.8878000,276,13.85,5292.7652000,0
2026-06-13 22:00:00,381.71000,381.76000,380.39000,381.15000,49.97,2026-06-13 22:59:59,19035.3629000,416,36.87,14043.4043000,0
2026-06-13 23:00:00,381.19000,382.73000,380.79000,382.52000,104.31,2026-06-13 23:59:59,39843.1308000,577,72.18,27565.9799000,0
2026-06-14 00:00:00,382.49000,383.15000,382.26000,382.95000,45.54,2026-06-14 00:59:59,17430.2553000,525,22.92,8773.1870000,0
2026-06-14 01:00:00,382.92000,383.76000,382.20000,383.71000,70.69,2026-06-14 01:59:59,27072.8895000,583,24.39,9343.3797000,0
2026-06-14 02:00:00,383.58000,384.18000,383.47000,383.84000,32.46,2026-06-14 02:59:59,12459.2481000,334,16.79,6444.4480000,0
2026-06-14 03:00:00,383.85000,384.68000,383.79000,384.53000,22.82,2026-06-14 03:59:59,8770.6487000,237,16.54,6356.9806000,0
2026-06-14 04:00:00,384.52000,384.52000,383.19000,383.82000,35.98,2026-06-14 04:59:59,13803.1383000,357,14.82,5685.9090000,0
2026-06-14 05:00:00,383.67000,383.67000,380.47000,381.49000,118.54,2026-06-14 05:59:59,45319.7721000,469,22.49,8571.8767000,0
2026-06-14 06:00:00,381.42000,382.30000,380.60000,382.12000,59.81,2026-06-14 06:59:59,22806.2728000,356,35.87,13677.0002000,0
2026-06-14 07:00:00,382.34000,385.40000,381.59000,385.01000,118.80,2026-06-14 07:59:59,45637.3697000,938,84.06,32301.4213000,0
2026-06-14 08:00:00,385.11000,386.14000,384.34000,385.94000,79.47,2026-06-14 08:59:59,30632.4889000,645,41.80,16114.0895000,0
2026-06-14 09:00:00,385.95000,386.49000,385.48000,386.11000,49.62,2026-06-14 09:59:59,19155.5523000,519,22.84,8817.8027000,0
2026-06-14 10:00:00,386.11000,387.17000,385.31000,385.44000,97.84,2026-06-14 10:59:59,37811.6781000,736,56.90,21991.9421000,0
2026-06-14 11:00:00,385.34000,388.08000,384.39000,386.87000,197.74,2026-06-14 11:59:59,76498.8419000,1140,133.17,51541.0227000,0
2026-06-14 12:00:00,386.68000,387.22000,384.38000,385.06000,109.70,2026-06-14 12:59:59,42358.2284000,1102,54.91,21199.2438000,0
2026-06-14 13:00:00,384.91000,386.42000,383.44000,386.06000,70.48,2026-06-14 13:59:59,27125.5370000,658,29.28,11271.2188000,0
2026-06-14 14:00:00,385.83000,386.38000,383.29000,385.37000,161.99,2026-06-14 14:59:59,62371.8997000,1198,52.19,20081.2354000,0
2026-06-14 15:00:00,385.47000,388.03000,385.47000,387.77000,131.30,2026-06-14 15:59:59,50862.9936000,1204,70.73,27393.7931000,0
2026-06-14 16:00:00,387.64000,387.96000,385.95000,386.08000,56.06,2026-06-14 16:59:59,21704.1213000,556,26.79,10377.0857000,0
2026-06-14 17:00:00,386.16000,387.00000,385.84000,386.29000,43.51,2026-06-14 17:59:59,16809.2122000,559,25.46,9837.1246000,0
2026-06-14 18:00:00,386.38000,387.54000,385.76000,387.19000,59.40,2026-06-14 18:59:59,22970.4725000,516,36.97,14302.7816000,0
2026-06-14 19:00:00,387.25000,389.40000,386.52000,387.44000,223.34,2026-06-14 19:59:59,86649.6458000,687,167.51,65006.4782000,0
2026-06-14 20:00:00,387.08000,388.17000,387.01000,388.10000,52.60,2026-06-14 20:59:59,20391.9042000,463,22.14,8581.7057000,0
2026-06-14 21:00:00,388.11000,390.06000,386.73000,388.03000,315.75,2026-06-14 21:59:59,122602.9626000,2002,154.52,60021.4694000,0
2026-06-14 22:00:00,388.04000,393.01000,387.08000,391.82000,441.69,2026-06-14 22:59:59,172357.8657000,2753,199.31,77719.1450000,0
2026-06-14 23:00:00,391.84000,392.66000,389.67000,392.32000,302.24,2026-06-14 23:59:59,118181.1735000,1355,122.96,48079.9267000,0
2026-06-15 00:00:00,392.27000,399.49000,390.00000,398.14000,1331.25,2026-06-15 00:59:59,529157.7799000,3169,455.88,181190.0345000,0
2026-06-15 01:00:00,398.06000,399.45000,397.40000,398.71000,130.88,2026-06-15 01:59:59,52136.7914000,821,73.61,29331.4041000,0
2026-06-15 02:00:00,398.67000,403.38000,398.59000,402.97000,124.34,2026-06-15 02:59:59,49796.6763000,938,70.33,28166.2392000,0
2026-06-15 03:00:00,402.91000,405.32000,401.58000,403.08000,171.49,2026-06-15 03:59:59,69225.3429000,1147,84.55,34140.0956000,0
2026-06-15 04:00:00,403.01000,408.93000,402.28000,408.47000,478.48,2026-06-15 04:59:59,194625.7398000,1644,308.52,125578.8109000,0
2026-06-15 05:00:00,408.40000,410.56000,405.80000,406.80000,254.85,2026-06-15 05:59:59,103944.7387000,1938,99.57,40629.7612000,0
2026-06-15 06:00:00,406.76000,408.12000,405.00000,407.45000,265.09,2026-06-15 06:59:59,107725.4953000,1771,109.01,44302.4487000,0
2026-06-15 07:00:00,407.47000,408.28000,405.50000,406.06000,287.87,2026-06-15 07:59:59,117232.6278000,968,165.76,67552.1819000,0
2026-06-15 08:00:00,406.19000,407.84000,404.37000,405.21000,649.33,2026-06-15 08:59:59,263640.1144000,2317,320.52,130177.5880000,0
2026-06-15 09:00:00,405.21000,405.36000,402.34000,402.58000,526.16,2026-06-15 09:59:59,212109.8004000,1593,217.89,87891.0988000,0
2026-06-15 10:00:00,402.72000,404.04000,402.00000,402.04000,293.15,2026-06-15 10:59:59,118128.1655000,836,133.52,53848.8042000,0
2026-06-15 11:00:00,402.01000,405.58000,402.01000,404.38000,332.66,2026-06-15 11:59:59,134481.7191000,1263,161.31,65218.7293000,0
2026-06-15 12:00:00,404.16000,404.81000,399.08000,401.82000,1243.96,2026-06-15 12:59:59,499698.1965000,2210,185.52,74558.6787000,0
2026-06-15 13:00:00,401.84000,420.69000,395.78000,396.89000,1372.90,2026-06-15 13:59:59,560371.3249000,5437,590.48,241060.8167000,0
2026-06-15 14:00:00,396.72000,403.55000,394.83000,400.62000,1440.01,2026-06-15 14:59:59,578181.7587000,2550,1048.12,421357.6718000,0
2026-06-15 15:00:00,401.15000,405.93000,401.15000,404.10000,516.55,2026-06-15 15:59:59,208808.1385000,1312,180.02,72744.4335000,0
2026-06-15 16:00:00,404.10000,409.23000,403.20000,406.61000,300.23,2026-06-15 16:59:59,122112.6970000,1006,156.58,63677.2322000,0
2026-06-15 17:00:00,406.38000,413.81000,406.08000,413.33000,327.53,2026-06-15 17:59:59,133972.0396000,833,150.42,61593.9640000,0
2026-06-15 18:00:00,413.46000,414.56000,411.71000,413.36000,479.01,2026-06-15 18:59:59,198048.6169000,1641,356.01,147259.0309000,0
2026-06-15 19:00:00,413.32000,417.66000,412.81000,414.11000,441.78,2026-06-15 19:59:59,183490.4188000,2388,243.71,101269.0782000,0
2026-06-15 20:00:00,414.39000,414.89000,413.18000,413.30000,59.02,2026-06-15 20:59:59,24417.6562000,314,16.32,6755.8378000,0
2026-06-15 21:00:00,413.49000,413.79000,413.32000,413.36000,29.02,2026-06-15 21:59:59,11997.4918000,89,5.08,2101.3932000,0
2026-06-15 22:00:00,413.36000,413.48000,410.51000,411.25000,238.94,2026-06-15 22:59:59,98331.1607000,641,60.14,24738.5897000,0
2026-06-15 23:00:00,411.24000,412.25000,409.99000,412.25000,292.75,2026-06-15 23:59:59,120334.4597000,567,130.67,53735.6830000,0
2026-06-16 00:00:00,412.06000,414.52000,405.18000,405.86000,717.03,2026-06-16 00:59:59,293973.8733000,1497,301.13,123658.6450000,0
2026-06-16 01:00:00,405.82000,408.10000,404.05000,407.01000,2607.23,2026-06-16 01:59:59,1063320.8041000,1891,2303.83,939833.2562000,0
2026-06-16 02:00:00,406.78000,408.10000,406.58000,406.98000,110.01,2026-06-16 02:59:59,44817.7358000,624,58.34,23770.5500000,0
2026-06-16 03:00:00,407.13000,408.10000,406.53000,408.09000,1826.60,2026-06-16 03:59:59,745336.2824000,1295,1582.95,645957.1973000,0
2026-06-16 04:00:00,407.89000,414.32000,407.89000,412.47000,1100.95,2026-06-16 04:59:59,450421.9208000,1392,963.99,394010.5633000,0
2026-06-16 05:00:00,412.56000,414.56000,412.54000,413.98000,142.98,2026-06-16 05:59:59,59157.3087000,748,95.94,39702.9134000,0
2026-06-16 06:00:00,414.01000,418.75000,413.92000,418.19000,1308.45,2026-06-16 06:59:59,547054.5195000,1446,966.63,404168.8210000,0
2026-06-16 07:00:00,418.26000,418.30000,416.44000,417.71000,646.92,2026-06-16 07:59:59,270424.0994000,1341,440.55,184202.8021000,0
2026-06-16 08:00:00,417.81000,418.30000,416.13000,417.76000,616.79,2026-06-16 08:59:59,257558.2178000,1459,251.16,104873.5452000,0
2026-06-16 09:00:00,417.85000,417.90000,416.56000,416.70000,301.18,2026-06-16 09:59:59,125643.9601000,766,104.68,43664.1420000,0
2026-06-16 10:00:00,416.92000,418.14000,416.74000,417.79000,206.63,2026-06-16 10:59:59,86317.0883000,468,171.88,71802.6061000,0
2026-06-16 11:00:00,417.61000,418.30000,416.22000,416.59000,689.67,2026-06-16 11:59:59,287921.9217000,1526,329.20,137457.3908000,0
2026-06-16 12:00:00,416.52000,417.01000,409.72000,411.31000,867.14,2026-06-16 12:59:59,357902.8400000,2024,436.39,180134.1065000,0
2026-06-16 13:00:00,411.18000,425.04000,406.97000,409.31000,7135.51,2026-06-16 13:59:59,2972900.2545000,11092,4815.83,2009118.6910000,0
2026-06-16 14:00:00,409.32000,411.37000,389.71000,391.62000,7244.38,2026-06-16 14:59:59,2888036.1402000,10131,2789.90,1112183.3147000,0
2026-06-16 15:00:00,391.77000,394.68000,382.25000,387.60000,1251.65,2026-06-16 15:59:59,485754.9617000,4549,593.39,230393.0353000,0
2026-06-16 16:00:00,387.54000,394.60000,386.97000,393.74000,1196.83,2026-06-16 16:59:59,468965.9034000,3995,595.45,233255.8646000,0
2026-06-16 17:00:00,393.69000,395.73000,391.10000,393.63000,246.06,2026-06-16 17:59:59,96748.2384000,1852,126.61,49796.8686000,0
2026-06-16 18:00:00,393.54000,394.36000,388.01000,388.83000,403.17,2026-06-16 18:59:59,158164.9324000,1904,123.14,48295.8485000,0
2026-06-16 19:00:00,388.74000,390.55000,383.29000,383.84000,546.17,2026-06-16 19:59:59,211463.8078000,2755,273.67,106022.3727000,0
2026-06-16 20:00:00,383.78000,386.33000,379.46000,384.23000,924.19,2026-06-16 20:59:59,353524.4414000,3707,618.84,236637.3009000,0
2026-06-16 21:00:00,384.21000,385.53000,383.83000,384.33000,113.34,2026-06-16 21:59:59,43590.9190000,675,53.44,20551.6571000,0
2026-06-16 22:00:00,384.52000,386.39000,384.19000,386.03000,277.24,2026-06-16 22:59:59,106830.2101000,1278,195.14,75204.5734000,0
2026-06-16 23:00:00,386.05000,387.07000,385.26000,385.33000,305.00,2026-06-16 23:59:59,117758.9383000,1617,186.00,71824.3095000,0
2026-06-17 00:00:00,385.40000,389.80000,385.18000,389.35000,745.13,2026-06-17 00:59:59,288831.6108000,3187,488.68,189310.9418000,0
2026-06-17 01:00:00,389.40000,391.25000,388.85000,391.25000,183.20,2026-06-17 01:59:59,71472.9677000,955,71.85,28037.6296000,0
2026-06-17 02:00:00,391.25000,392.92000,390.34000,392.62000,430.80,2026-06-17 02:59:59,168611.5453000,1402,190.94,74756.4918000,0
2026-06-17 03:00:00,392.61000,393.52000,391.30000,393.49000,124.33,2026-06-17 03:59:59,48760.7726000,837,77.33,30330.0944000,0
2026-06-17 04:00:00,393.44000,394.61000,393.21000,394.32000,107.67,2026-06-17 04:59:59,42413.3938000,738,48.59,19147.4004000,0
2026-06-17 05:00:00,394.23000,394.88000,391.47000,394.21000,1839.35,2026-06-17 05:59:59,724455.8617000,2155,462.50,182057.2047000,0
2026-06-17 06:00:00,394.23000,394.34000,391.17000,392.16000,368.77,2026-06-17 06:59:59,144999.0285000,1114,78.00,30623.7129000,0
2026-06-17 07:00:00,392.37000,394.74000,392.03000,394.60000,145.56,2026-06-17 07:59:59,57215.1837000,566,99.69,39193.9808000,0
2026-06-17 08:00:00,394.53000,399.21000,392.52000,394.38000,785.41,2026-06-17 08:59:59,310305.3903000,2598,354.53,140181.3902000,0
2026-06-17 09:00:00,394.44000,395.50000,393.05000,393.29000,364.38,2026-06-17 09:59:59,143854.3640000,1090,129.31,51039.6317000,0
2026-06-17 10:00:00,393.38000,394.64000,391.37000,393.12000,387.44,2026-06-17 10:59:59,152267.8399000,907,194.10,76363.2656000,0
2026-06-17 11:00:00,393.05000,393.70000,388.13000,388.66000,403.08,2026-06-17 11:59:59,157501.7358000,1026,87.02,33977.7215000,0
2026-06-17 12:00:00,388.80000,392.56000,388.68000,392.15000,246.08,2026-06-17 12:59:59,96202.3595000,906,151.56,59237.6770000,0
2026-06-17 13:00:00,392.18000,392.37000,376.83000,378.25000,4578.65,2026-06-17 13:59:59,1740630.2156000,7454,2983.75,1131262.2636000,0
2026-06-17 14:00:00,378.12000,393.42000,377.46000,387.59000,2297.31,2026-06-17 14:59:59,888354.1401000,6154,1139.50,439963.4055000,0
2026-06-17 15:00:00,388.12000,391.90000,386.39000,386.39000,497.68,2026-06-17 15:59:59,193891.7628000,1507,254.19,99109.7730000,0
2026-06-17 16:00:00,386.47000,389.58000,383.88000,385.10000,387.88,2026-06-17 16:59:59,149858.5703000,1726,191.36,73921.9016000,0
2026-06-17 17:00:00,384.75000,388.06000,382.92000,387.71000,417.69,2026-06-17 17:59:59,161241.7734000,1320,210.89,81455.6692000,0
2026-06-17 18:00:00,387.80000,391.48000,378.01000,387.12000,1014.20,2026-06-17 18:59:59,389502.9627000,5215,467.46,179549.9541000,0
2026-06-17 19:00:00,386.93000,390.01000,376.87000,379.37000,2291.05,2026-06-17 19:59:59,873277.2605000,5367,741.91,283014.3968000,0
2026-06-17 20:00:00,379.50000,382.65000,379.50000,382.03000,254.31,2026-06-17 20:59:59,96899.2413000,1239,172.69,65808.1378000,0
2026-06-17 21:00:00,382.10000,384.42000,382.03000,383.58000,220.69,2026-06-17 21:59:59,84679.7747000,1121,114.37,43875.3260000,0
2026-06-17 22:00:00,383.56000,387.18000,383.18000,386.48000,220.69,2026-06-17 22:59:59,85109.9657000,1219,113.38,43729.8242000,0
2026-06-17 23:00:00,386.43000,386.79000,385.00000,385.11000,194.61,2026-06-17 23:59:59,75155.1835000,478,101.10,39050.1127000,0
2026-06-18 00:00:00,385.20000,388.74000,385.20000,386.53000,1530.26,2026-06-18 00:59:59,591685.8380000,4618,632.55,244599.5874000,0
2026-06-18 01:00:00,386.53000,387.84000,386.17000,386.43000,278.61,2026-06-18 01:59:59,107918.1397000,526,147.65,57204.9728000,0
2026-06-18 02:00:00,386.43000,388.87000,386.43000,388.79000,123.82,2026-06-18 02:59:59,48035.5259000,510,63.85,24773.5544000,0
2026-06-18 03:00:00,388.66000,389.15000,387.69000,389.07000,102.38,2026-06-18 03:59:59,39764.1518000,542,46.85,18204.5392000,0
2026-06-18 04:00:00,388.93000,389.18000,386.36000,388.11000,144.91,2026-06-18 04:59:59,56206.3888000,643,65.29,25333.0441000,0
2026-06-18 05:00:00,388.01000,388.06000,385.90000,386.75000,228.14,2026-06-18 05:59:59,88297.9252000,789,78.84,30507.6890000,0
2026-06-18 06:00:00,386.63000,389.70000,386.53000,389.55000,137.60,2026-06-18 06:59:59,53367.4969000,467,94.20,36545.5525000,0
2026-06-18 07:00:00,389.64000,392.04000,389.60000,392.03000,208.05,2026-06-18 07:59:59,81347.8651000,899,79.14,30943.7344000,0
2026-06-18 08:00:00,392.01000,393.24000,390.85000,391.86000,406.81,2026-06-18 08:59:59,159548.7024000,1208,232.81,91366.5603000,0
2026-06-18 09:00:00,392.09000,393.90000,391.76000,393.47000,272.72,2026-06-18 09:59:59,107219.6743000,635,210.24,82659.6274000,0
2026-06-18 10:00:00,393.59000,393.59000,392.05000,392.25000,227.85,2026-06-18 10:59:59,89492.8472000,506,89.02,34969.3736000,0
2026-06-18 11:00:00,392.29000,392.89000,389.70000,391.38000,543.49,2026-06-18 11:59:59,212606.5073000,1045,126.37,49417.6524000,0
2026-06-18 12:00:00,391.49000,396.84000,390.48000,393.50000,1070.09,2026-06-18 12:59:59,420637.8084000,2135,663.61,261047.1083000,0
2026-06-18 13:00:00,393.50000,398.31000,378.32000,380.73000,2942.41,2026-06-18 13:59:59,1149403.8277000,8422,1354.88,530076.8241000,0
2026-06-18 14:00:00,380.63000,401.79000,377.02000,398.70000,2656.68,2026-06-18 14:59:59,1042011.5491000,7140,1281.36,501347.0303000,0
2026-06-18 15:00:00,398.62000,403.00000,392.77000,395.89000,1659.45,2026-06-18 15:59:59,659894.1095000,3823,867.73,344801.7813000,0
2026-06-18 16:00:00,396.00000,397.84000,392.79000,393.74000,607.31,2026-06-18 16:59:59,240120.0536000,1676,295.46,116872.3205000,0
2026-06-18 17:00:00,393.90000,395.86000,386.57000,387.07000,608.31,2026-06-18 17:59:59,237885.5550000,1699,267.38,104653.9985000,0
2026-06-18 18:00:00,387.02000,391.00000,385.35000,387.67000,634.92,2026-06-18 18:59:59,246630.0336000,1768,328.32,127623.0391000,0
2026-06-18 19:00:00,387.72000,394.15000,385.75000,390.18000,710.94,2026-06-18 19:59:59,278316.5474000,2116,381.79,149458.5458000,0
2026-06-18 20:00:00,390.00000,391.72000,388.94000,391.27000,160.84,2026-06-18 20:59:59,62762.0497000,633,96.93,37827.1999000,0
2026-06-18 21:00:00,391.24000,392.08000,391.17000,391.93000,58.26,2026-06-18 21:59:59,22814.3795000,331,30.34,11882.7288000,0
2026-06-18 22:00:00,391.76000,395.24000,391.33000,394.94000,381.87,2026-06-18 22:59:59,150074.9389000,1215,224.64,88234.7290000,0
2026-06-18 23:00:00,395.24000,395.29000,393.43000,393.99000,140.83,2026-06-18 23:59:59,55520.5119000,599,57.91,22833.5686000,0
2026-06-19 00:00:00,393.91000,394.79000,392.06000,394.02000,418.75,2026-06-19 00:59:59,164617.6633000,1330,152.40,59951.5959000,0
2026-06-19 01:00:00,393.99000,395.34000,392.06000,392.06000,172.87,2026-06-19 01:59:59,68122.4262000,645,106.21,41868.1314000,0
2026-06-19 02:00:00,392.32000,392.39000,389.77000,390.02000,760.87,2026-06-19 02:59:59,297403.4785000,1632,267.81,104577.2565000,0
2026-06-19 03:00:00,390.02000,390.41000,386.37000,386.61000,185.29,2026-06-19 03:59:59,71908.2247000,819,84.23,32715.2773000,0
2026-06-19 04:00:00,386.70000,387.95000,385.68000,385.96000,141.92,2026-06-19 04:59:59,54923.2497000,878,70.78,27395.1800000,0
2026-06-19 05:00:00,385.88000,388.67000,385.71000,388.60000,171.75,2026-06-19 05:59:59,66480.1036000,766,111.16,43075.1763000,0
2026-06-19 06:00:00,388.49000,389.22000,387.32000,388.66000,151.59,2026-06-19 06:59:59,58842.5173000,696,45.33,17593.7380000,0
2026-06-19 07:00:00,388.70000,389.49000,388.12000,389.19000,156.22,2026-06-19 07:59:59,60717.4884000,535,62.55,24307.9397000,0
2026-06-19 08:00:00,389.19000,389.63000,388.18000,389.18000,175.87,2026-06-19 08:59:59,68443.8820000,633,125.48,48836.6854000,0
2026-06-19 09:00:00,389.16000,389.16000,386.77000,387.23000,71.45,2026-06-19 09:59:59,27727.8941000,309,37.07,14386.4842000,0
2026-06-19 10:00:00,387.08000,387.24000,385.80000,386.45000,149.29,2026-06-19 10:59:59,57695.6641000,552,41.21,15937.0865000,0
2026-06-19 11:00:00,386.32000,387.85000,386.08000,387.85000,47.20,2026-06-19 11:59:59,18253.8505000,372,24.99,9666.7825000,0
2026-06-19 12:00:00,387.84000,388.57000,386.23000,387.57000,95.95,2026-06-19 12:59:59,37170.1807000,624,49.80,19291.7065000,0
2026-06-19 13:00:00,387.54000,388.90000,387.13000,387.68000,141.94,2026-06-19 13:59:59,55071.9996000,678,102.40,39734.9683000,0
2026-06-19 14:00:00,387.54000,388.92000,386.60000,388.56000,72.04,2026-06-19 14:59:59,27917.6811000,484,38.32,14851.4539000,0
2026-06-19 15:00:00,388.53000,388.86000,387.94000,388.77000,52.45,2026-06-19 15:59:59,20373.4932000,361,21.34,8290.7954000,0
2026-06-19 16:00:00,388.77000,389.68000,388.29000,388.56000,65.08,2026-06-19 16:59:59,25317.4681000,541,36.22,14093.6794000,0
2026-06-19 17:00:00,388.66000,388.97000,387.88000,388.61000,12.14,2026-06-19 17:59:59,4716.4362000,161,5.13,1993.4534000,0
2026-06-19 18:00:00,388.50000,388.65000,388.18000,388.53000,13.06,2026-06-19 18:59:59,5073.0559000,160,6.94,2695.7372000,0
2026-06-19 19:00:00,388.52000,388.52000,387.65000,387.84000,16.52,2026-06-19 19:59:59,6408.2458000,113,7.87,3052.5586000,0
2026-06-19 20:00:00,387.78000,388.04000,387.08000,387.12000,13.21,2026-06-19 20:59:59,5117.7180000,112,5.99,2320.4251000,0
2026-06-19 21:00:00,387.21000,388.16000,387.05000,387.73000,32.20,2026-06-19 21:59:59,12480.1078000,216,19.60,7598.0410000,0
2026-06-19 22:00:00,387.84000,389.78000,387.71000,389.72000,115.91,2026-06-19 22:59:59,45056.6826000,399,34.39,13370.6151000,0
2026-06-19 23:00:00,389.68000,390.71000,389.60000,389.80000,34.00,2026-06-19 23:59:59,13264.6972000,363,11.29,4403.8644000,0
2026-06-20 00:00:00,389.92000,391.16000,389.68000,390.66000,69.34,2026-06-20 00:59:59,27092.5095000,382,37.36,14599.6357000,0
2026-06-20 01:00:00,390.63000,390.91000,390.12000,390.16000,23.26,2026-06-20 01:59:59,9078.6897000,159,6.65,2597.1921000,0
2026-06-20 02:00:00,390.40000,391.23000,390.35000,390.90000,44.24,2026-06-20 02:59:59,17290.0673000,232,15.20,5939.4056000,0
2026-06-20 03:00:00,390.77000,391.54000,390.44000,391.54000,32.50,2026-06-20 03:59:59,12707.0856000,273,25.66,10031.6942000,0
2026-06-20 04:00:00,391.47000,392.40000,391.33000,392.22000,40.50,2026-06-20 04:59:59,15874.6364000,282,21.44,8402.4650000,0
2026-06-20 05:00:00,392.34000,392.94000,391.57000,392.77000,57.95,2026-06-20 05:59:59,22729.6761000,366,20.73,8136.5427000,0
2026-06-20 06:00:00,392.86000,393.94000,392.72000,393.46000,28.08,2026-06-20 06:59:59,11050.3693000,162,22.28,8768.2413000,0
2026-06-20 07:00:00,393.31000,393.56000,389.52000,391.32000,407.03,2026-06-20 07:59:59,159155.0530000,904,92.45,36140.5731000,0
2026-06-20 08:00:00,391.34000,393.64000,391.22000,392.03000,207.51,2026-06-20 08:59:59,81451.0891000,405,181.49,71238.2297000,0
2026-06-20 09:00:00,392.12000,392.28000,391.16000,392.28000,17.38,2026-06-20 09:59:59,6811.8020000,111,10.13,3970.1981000,0
2026-06-20 10:00:00,392.17000,392.56000,391.95000,392.26000,23.52,2026-06-20 10:59:59,9224.9295000,104,11.25,4412.8416000,0
2026-06-20 11:00:00,392.23000,392.89000,392.06000,392.70000,10.33,2026-06-20 11:59:59,4052.3004000,74,7.63,2992.5918000,0
2026-06-20 12:00:00,392.86000,392.86000,392.07000,392.69000,28.41,2026-06-20 12:59:59,11144.8099000,248,17.47,6852.2848000,0
2026-06-20 13:00:00,392.52000,392.85000,388.87000,390.08000,197.74,2026-06-20 13:59:59,77246.9862000,443,70.64,27554.9287000,0
2026-06-20 14:00:00,390.15000,391.09000,389.32000,391.04000,170.94,2026-06-20 14:59:59,66734.4165000,451,101.97,39805.2579000,0
2026-06-20 15:00:00,391.11000,392.32000,390.23000,391.91000,125.49,2026-06-20 15:59:59,49100.7123000,530,74.42,29126.3574000,0
2026-06-20 16:00:00,391.73000,391.73000,391.17000,391.48000,22.99,2026-06-20 16:59:59,8996.9245000,190,6.21,2430.2679000,0
2026-06-20 17:00:00,391.38000,391.38000,388.90000,388.90000,75.84,2026-06-20 17:59:59,29587.0765000,284,18.67,7272.4490000,0
2026-06-20 18:00:00,388.90000,389.15000,388.53000,389.07000,22.30,2026-06-20 18:59:59,8671.5483000,140,18.29,7112.2292000,0
2026-06-20 19:00:00,389.10000,389.82000,388.78000,389.82000,34.52,2026-06-20 19:59:59,13434.1655000,117,5.69,2215.1913000,0
2026-06-20 20:00:00,389.84000,391.12000,389.79000,390.98000,8.04,2026-06-20 20:59:59,3139.4756000,59,4.41,1722.3847000,0
2026-06-20 21:00:00,390.82000,392.20000,389.71000,391.70000,49.61,2026-06-20 21:59:59,19397.1299000,268,24.07,9416.2671000,0
2026-06-20 22:00:00,391.57000,392.01000,391.31000,391.50000,40.59,2026-06-20 22:59:59,15894.6879000,189,6.64,2599.7636000,0
2026-06-20 23:00:00,391.34000,391.87000,391.34000,391.67000,16.28,2026-06-20 23:59:59,6375.8286000,201,13.01,5095.1234000,0
2026-06-21 00:00:00,391.68000,392.41000,391.20000,392.41000,52.35,2026-06-21 00:59:59,20508.0533000,317,26.26,10288.2097000,0
2026-06-21 01:00:00,392.41000,393.41000,392.10000,393.12000,44.25,2026-06-21 01:59:59,17385.9184000,204,30.80,12102.6882000,0
2026-06-21 02:00:00,393.00000,394.60000,392.65000,394.22000,139.54,2026-06-21 02:59:59,54944.3682000,379,110.93,43685.7736000,0
2026-06-21 03:00:00,394.33000,396.09000,394.30000,395.76000,128.09,2026-06-21 03:59:59,50659.2504000,586,85.83,33952.8791000,0
2026-06-21 04:00:00,395.83000,396.51000,393.59000,395.80000,224.01,2026-06-21 04:59:59,88618.8245000,1194,116.48,46078.9183000,0
2026-06-21 05:00:00,396.02000,397.83000,395.56000,396.11000,222.79,2026-06-21 05:59:59,88340.3903000,829,145.32,57656.9419000,0
2026-06-21 06:00:00,396.15000,396.97000,394.75000,395.72000,113.63,2026-06-21 06:59:59,44983.2244000,586,39.94,15813.4434000,0
2026-06-21 07:00:00,395.61000,395.84000,394.54000,395.68000,44.28,2026-06-21 07:59:59,17498.6626000,296,26.34,10408.5084000,0
2026-06-21 08:00:00,395.72000,396.43000,395.61000,395.95000,43.83,2026-06-21 08:59:59,17356.1487000,157,19.62,7768.6174000,0
2026-06-21 09:00:00,396.05000,396.23000,395.83000,396.06000,4.02,2026-06-21 09:59:59,1592.1985000,71,0.94,372.2660000,0
2026-06-21 10:00:00,396.09000,396.09000,394.00000,394.93000,96.82,2026-06-21 10:59:59,38257.4588000,375,19.00,7506.2381000,0
2026-06-21 11:00:00,395.11000,396.03000,392.64000,393.88000,124.43,2026-06-21 11:59:59,49087.1479000,379,19.73,7779.8320000,0
2026-06-21 12:00:00,393.79000,393.84000,392.62000,393.35000,39.20,2026-06-21 12:59:59,15413.2590000,202,26.19,10298.7623000,0
2026-06-21 13:00:00,393.30000,393.70000,392.64000,393.70000,30.30,2026-06-21 13:59:59,11911.2148000,179,23.16,9104.8534000,0
2026-06-21 14:00:00,393.85000,393.85000,391.85000,393.10000,301.59,2026-06-21 14:59:59,118413.9000000,549,102.76,40353.3885000,0
2026-06-21 15:00:00,393.01000,393.19000,392.69000,392.93000,42.83,2026-06-21 15:59:59,16829.8539000,866,26.18,10288.2523000,0
2026-06-21 16:00:00,392.94000,393.18000,392.07000,393.02000,30.89,2026-06-21 16:59:59,12129.9745000,191,20.53,8062.0535000,0
2026-06-21 17:00:00,393.01000,393.29000,392.78000,393.29000,31.51,2026-06-21 17:59:59,12386.3794000,143,19.38,7619.5745000,0
2026-06-21 18:00:00,393.45000,393.78000,392.87000,393.36000,16.96,2026-06-21 18:59:59,6672.5686000,96,8.05,3167.7636000,0
2026-06-21 19:00:00,393.37000,394.04000,393.01000,393.83000,24.34,2026-06-21 19:59:59,9579.7264000,99,19.61,7718.7309000,0
2026-06-21 20:00:00,393.81000,394.29000,393.56000,393.56000,37.49,2026-06-21 20:59:59,14770.7322000,196,14.99,5906.6135000,0
2026-06-21 21:00:00,393.43000,393.88000,392.77000,393.58000,44.78,2026-06-21 21:59:59,17610.7772000,309,30.19,11874.3827000,0
2026-06-21 22:00:00,393.58000,394.09000,391.09000,391.37000,219.70,2026-06-21 22:59:59,86166.7084000,578,44.91,17632.8863000,0
2026-06-21 23:00:00,391.42000,391.53000,387.74000,388.46000,575.55,2026-06-21 23:59:59,224261.6913000,2151,177.79,69307.8149000,0
2026-06-22 00:00:00,388.48000,397.55000,384.77000,396.05000,1275.83,2026-06-22 00:59:59,499109.5619000,3031,756.07,296371.9607000,0
2026-06-22 01:00:00,395.97000,395.97000,391.89000,391.97000,237.28,2026-06-22 01:59:59,93563.4508000,935,109.65,43226.1209000,0
2026-06-22 02:00:00,391.97000,394.20000,391.71000,393.65000,210.47,2026-06-22 02:59:59,82722.1355000,443,118.79,46671.2074000,0
2026-06-22 03:00:00,393.46000,394.22000,392.47000,393.11000,94.68,2026-06-22 03:59:59,37229.0872000,410,28.90,11370.9788000,0
2026-06-22 04:00:00,393.16000,393.60000,390.45000,391.07000,183.46,2026-06-22 04:59:59,71936.5642000,531,85.35,33458.9740000,0
2026-06-22 05:00:00,391.10000,395.02000,388.47000,388.72000,583.89,2026-06-22 05:59:59,228698.6996000,1388,144.25,56596.0047000,0
2026-06-22 06:00:00,388.61000,394.30000,388.44000,393.81000,310.45,2026-06-22 06:59:59,121291.4757000,1330,179.52,70161.8414000,0
2026-06-22 07:00:00,393.79000,395.57000,393.48000,394.78000,211.77,2026-06-22 07:59:59,83556.4043000,691,89.76,35429.9954000,0
2026-06-22 08:00:00,394.69000,395.56000,393.09000,394.95000,228.40,2026-06-22 08:59:59,90077.3638000,832,125.78,49597.3532000,0
2026-06-22 09:00:00,394.86000,398.54000,394.49000,396.38000,153.98,2026-06-22 09:59:59,61089.6953000,576,73.54,29167.6164000,0
2026-06-22 10:00:00,396.41000,397.73000,392.97000,393.62000,499.80,2026-06-22 10:59:59,197621.4136000,1079,228.78,90524.1996000,0
2026-06-22 11:00:00,393.92000,396.44000,393.46000,393.84000,295.23,2026-06-22 11:59:59,116608.9799000,847,119.82,47339.3395000,0
2026-06-22 12:00:00,394.27000,397.39000,394.12000,396.50000,404.66,2026-06-22 12:59:59,160165.3334000,765,167.00,66057.0921000,0
2026-06-22 13:00:00,396.56000,420.50000,380.63000,419.17000,4143.21,2026-06-22 13:59:59,1643819.9463000,10852,2027.29,805162.2847000,0
2026-06-22 14:00:00,419.36000,420.89000,400.08000,404.15000,3090.86,2026-06-22 14:59:59,1264742.7579000,6900,1319.93,540315.9526000,0
2026-06-22 15:00:00,403.65000,409.43000,400.46000,400.99000,800.28,2026-06-22 15:59:59,323867.4135000,2375,433.41,175343.5860000,0
2026-06-22 16:00:00,401.13000,415.07000,399.55000,415.07000,1050.44,2026-06-22 16:59:59,425815.3908000,2595,600.83,243798.6706000,0
2026-06-22 17:00:00,415.14000,435.20000,414.22000,432.77000,5053.52,2026-06-22 17:59:59,2173024.4084000,7458,1592.91,683225.2944000,0
2026-06-22 18:00:00,433.07000,440.57000,432.76000,435.19000,1258.07,2026-06-22 18:59:59,548768.6288000,5856,608.31,265390.0338000,0
2026-06-22 19:00:00,435.33000,436.32000,423.08000,426.11000,1177.60,2026-06-22 19:59:59,503887.2985000,4125,666.28,284893.4321000,0
2026-06-22 20:00:00,426.28000,432.05000,425.93000,430.52000,663.35,2026-06-22 20:59:59,285337.4660000,1697,212.61,91426.2167000,0
2026-06-22 21:00:00,430.60000,430.89000,429.28000,429.81000,160.00,2026-06-22 21:59:59,68794.9757000,1130,66.53,28618.0555000,0
2026-06-22 22:00:00,429.82000,430.34000,426.10000,426.69000,479.88,2026-06-22 22:59:59,205197.8284000,1542,169.69,72498.6568000,0
2026-06-22 23:00:00,426.50000,426.50000,422.25000,425.32000,595.83,2026-06-22 23:59:59,252551.5988000,1140,264.76,112288.1669000,0
2026-06-23 00:00:00,425.45000,429.81000,417.92000,429.22000,1297.62,2026-06-23 00:59:59,548304.8377000,4423,693.00,292817.2775000,0
2026-06-23 01:00:00,429.39000,429.71000,418.59000,420.80000,590.32,2026-06-23 01:59:59,250157.4827000,2309,232.99,98647.1998000,0
2026-06-23 02:00:00,420.73000,421.10000,413.89000,417.06000,881.37,2026-06-23 02:59:59,368105.6744000,2800,416.78,174030.7746000,0
2026-06-23 03:00:00,417.18000,417.46000,404.90000,414.55000,1269.91,2026-06-23 03:59:59,522332.3882000,4483,596.38,244979.2250000,0
2026-06-23 04:00:00,414.45000,416.13000,409.78000,410.22000,463.80,2026-06-23 04:59:59,191850.8822000,2076,203.12,84102.4727000,0
2026-06-23 05:00:00,410.00000,411.51000,396.72000,396.92000,993.14,2026-06-23 05:59:59,400513.3217000,3907,449.57,181225.9620000,0
2026-06-23 06:00:00,396.70000,399.71000,383.24000,397.08000,6288.64,2026-06-23 06:59:59,2453215.4579000,12045,3747.04,1463776.8704000,0
2026-06-23 07:00:00,397.27000,401.82000,397.26000,397.78000,510.49,2026-06-23 07:59:59,204344.6686000,2173,221.50,88654.3185000,0
2026-06-23 08:00:00,397.97000,400.07000,390.65000,397.80000,1171.84,2026-06-23 08:59:59,463937.3461000,4073,589.74,233529.6774000,0
2026-06-23 09:00:00,397.93000,402.34000,397.93000,401.10000,626.45,2026-06-23 09:59:59,251190.5604000,2149,380.41,152619.6008000,0
2026-06-23 10:00:00,400.86000,402.71000,397.07000,398.95000,383.27,2026-06-23 10:59:59,153280.6341000,1383,127.39,50959.4910000,0
2026-06-23 11:00:00,399.18000,400.84000,396.52000,400.20000,684.69,2026-06-23 11:59:59,272677.2597000,1845,271.79,108291.5098000,0
2026-06-23 12:00:00,400.02000,402.68000,393.06000,395.80000,640.22,2026-06-23 12:59:59,253912.4056000,2879,277.81,110329.6871000,0
2026-06-23 13:00:00,395.86000,396.42000,382.12000,392.16000,3561.66,2026-06-23 13:59:59,1386614.8813000,12777,1747.83,681102.9311000,0
2026-06-23 14:00:00,392.03000,399.55000,388.05000,390.40000,1354.85,2026-06-23 14:59:59,534486.2049000,5876,699.72,276240.9979000,0
2026-06-23 15:00:00,390.24000,392.64000,384.89000,388.40000,528.93,2026-06-23 15:59:59,205318.2200000,2775,291.04,112951.4062000,0
2026-06-23 16:00:00,388.37000,396.44000,387.66000,393.02000,651.91,2026-06-23 16:59:59,256542.4203000,2702,357.82,140796.0130000,0
2026-06-23 17:00:00,393.20000,393.47000,385.66000,385.66000,289.60,2026-06-23 17:59:59,113188.0428000,1636,132.39,51782.0781000,0
2026-06-23 18:00:00,385.67000,387.89000,379.90000,380.83000,469.51,2026-06-23 18:59:59,179977.0874000,1933,154.00,59127.6790000,0
2026-06-23 19:00:00,380.96000,386.43000,379.75000,381.80000,484.54,2026-06-23 19:59:59,185676.9287000,2479,284.85,109189.5523000,0
2026-06-23 20:00:00,382.00000,385.17000,382.00000,384.76000,163.32,2026-06-23 20:59:59,62754.2713000,975,77.57,29798.4918000,0
2026-06-23 21:00:00,384.93000,387.33000,384.59000,386.98000,132.07,2026-06-23 21:59:59,50964.1096000,753,85.84,33135.4246000,0
2026-06-23 22:00:00,386.88000,388.00000,384.06000,384.76000,165.70,2026-06-23 22:59:59,63913.2982000,895,84.08,32423.7076000,0
2026-06-23 23:00:00,384.61000,386.79000,382.12000,383.40000,357.41,2026-06-23 23:59:59,137311.8269000,1557,154.79,59499.0020000,0
2026-06-24 00:00:00,383.57000,392.94000,383.35000,390.82000,660.88,2026-06-24 00:59:59,256924.7639000,2806,357.53,138876.3830000,0
2026-06-24 01:00:00,390.80000,391.36000,388.64000,390.18000,268.54,2026-06-24 01:59:59,104699.9122000,1521,94.59,36913.1097000,0
2026-06-24 02:00:00,390.00000,390.71000,384.32000,384.32000,252.92,2026-06-24 02:59:59,97898.8982000,1391,62.58,24243.8799000,0
2026-06-24 03:00:00,384.33000,387.69000,383.50000,386.40000,161.13,2026-06-24 03:59:59,62109.6669000,926,97.43,37574.4398000,0
2026-06-24 04:00:00,386.60000,388.20000,384.92000,388.10000,127.65,2026-06-24 04:59:59,49326.9754000,860,75.45,29172.6068000,0
2026-06-24 05:00:00,388.16000,391.43000,386.88000,387.26000,273.02,2026-06-24 05:59:59,106425.1354000,1401,117.32,45755.2984000,0
2026-06-24 06:00:00,387.29000,388.71000,386.81000,386.88000,130.53,2026-06-24 06:59:59,50611.4678000,804,52.24,20269.1005000,0
2026-06-24 07:00:00,386.87000,388.78000,385.80000,387.60000,167.57,2026-06-24 07:59:59,64878.8035000,755,85.27,33028.3970000,0
2026-06-24 08:00:00,387.42000,391.84000,387.09000,391.00000,407.09,2026-06-24 08:59:59,158801.9924000,1406,223.97,87359.0710000,0
2026-06-24 09:00:00,391.23000,391.59000,389.73000,391.22000,180.89,2026-06-24 09:59:59,70647.9392000,893,83.93,32779.8203000,0
2026-06-24 10:00:00,391.28000,391.74000,389.86000,390.20000,171.34,2026-06-24 10:59:59,66969.6843000,737,80.71,31533.5544000,0
2026-06-24 11:00:00,390.17000,391.12000,387.84000,390.34000,155.17,2026-06-24 11:59:59,60465.4149000,815,72.10,28102.5774000,0
2026-06-24 12:00:00,390.50000,391.47000,388.09000,388.28000,186.84,2026-06-24 12:59:59,72782.5098000,713,47.55,18557.4294000,0
2026-06-24 13:00:00,388.45000,389.17000,366.13000,378.00000,2648.22,2026-06-24 13:59:59,1000336.4731000,9705,1125.41,425318.2399000,0
2026-06-24 14:00:00,377.87000,396.99000,373.07000,396.21000,1725.88,2026-06-24 14:59:59,664225.7452000,7503,888.77,342222.2178000,0
2026-06-24 15:00:00,396.40000,396.80000,386.72000,394.40000,682.78,2026-06-24 15:59:59,266974.8705000,3032,278.35,108818.2524000,0
2026-06-24 16:00:00,394.30000,395.04000,385.91000,386.65000,505.01,2026-06-24 16:59:59,197449.3076000,2187,240.31,93934.1303000,0
2026-06-24 17:00:00,386.73000,391.71000,382.65000,387.60000,876.73,2026-06-24 17:59:59,339914.0289000,2554,318.81,123267.5956000,0
2026-06-24 18:00:00,387.80000,395.13000,386.68000,387.80000,393.79,2026-06-24 18:59:59,153643.9495000,1915,169.94,66336.3927000,0
2026-06-24 19:00:00,387.98000,393.23000,382.69000,392.92000,471.52,2026-06-24 19:59:59,182633.9445000,2313,251.80,97626.9996000,0
2026-06-24 20:00:00,393.11000,408.42000,390.99000,406.20000,1063.98,2026-06-24 20:59:59,425661.2995000,4021,514.79,205744.4381000,0
2026-06-24 21:00:00,406.15000,406.79000,403.51000,404.38000,260.52,2026-06-24 21:59:59,105470.0679000,1031,156.46,63338.5149000,0
2026-06-24 22:00:00,404.20000,405.54000,403.72000,405.05000,228.17,2026-06-24 22:59:59,92306.1051000,875,122.91,49744.1650000,0
2026-06-24 23:00:00,405.05000,410.17000,404.92000,409.40000,172.32,2026-06-24 23:59:59,70217.7657000,812,135.16,55067.1243000,0
2026-06-25 00:00:00,409.45000,409.81000,400.36000,401.40000,696.79,2026-06-25 00:59:59,281141.0970000,2436,437.52,176276.9989000,0
2026-06-25 01:00:00,401.45000,405.42000,401.42000,404.60000,227.74,2026-06-25 01:59:59,92021.5287000,973,128.79,52045.4240000,0
2026-06-25 02:00:00,404.40000,406.04000,401.66000,406.01000,158.75,2026-06-25 02:59:59,64142.4682000,843,91.01,36790.6112000,0
2026-06-25 03:00:00,405.95000,407.81000,405.12000,406.76000,161.53,2026-06-25 03:59:59,65679.0756000,995,86.50,35173.1597000,0
2026-06-25 04:00:00,406.60000,408.39000,406.49000,407.06000,138.51,2026-06-25 04:59:59,56427.0006000,1014,68.36,27863.2101000,0
2026-06-25 05:00:00,406.99000,410.17000,406.89000,408.77000,306.36,2026-06-25 05:59:59,125126.4053000,1220,140.69,57495.6742000,0
2026-06-25 06:00:00,408.72000,410.62000,408.72000,410.04000,184.66,2026-06-25 06:59:59,75672.0646000,987,98.61,40425.1836000,0
2026-06-25 07:00:00,410.32000,412.99000,409.95000,411.39000,308.88,2026-06-25 07:59:59,127186.0767000,1160,167.10,68828.8817000,0
2026-06-25 08:00:00,411.40000,413.14000,407.48000,407.69000,552.51,2026-06-25 08:59:59,226519.8468000,1988,191.38,78554.0591000,0
2026-06-25 09:00:00,407.78000,409.53000,407.59000,407.62000,114.99,2026-06-25 09:59:59,46980.8315000,679,52.70,21540.4306000,0
2026-06-25 10:00:00,407.68000,410.81000,407.23000,408.80000,221.90,2026-06-25 10:59:59,90753.0275000,994,133.22,54522.0639000,0
2026-06-25 11:00:00,408.96000,410.89000,406.72000,408.30000,283.32,2026-06-25 11:59:59,115662.3171000,1129,141.41,57790.5535000,0
2026-06-25 12:00:00,408.39000,413.18000,406.90000,411.60000,268.98,2026-06-25 12:59:59,110260.2567000,1064,159.81,65462.5322000,0
2026-06-25 13:00:00,411.68000,419.25000,376.67000,377.37000,3293.96,2026-06-25 13:59:59,1324285.7776000,12131,1442.23,582018.3499000,0
2026-06-25 14:00:00,377.25000,400.11000,377.12000,398.80000,2973.98,2026-06-25 14:59:59,1160588.8700000,10634,1629.02,636777.9322000,0
2026-06-25 15:00:00,398.73000,400.45000,388.87000,393.46000,1007.27,2026-06-25 15:59:59,397386.3699000,3789,520.49,205412.7522000,0
2026-06-25 16:00:00,393.40000,405.66000,393.14000,401.74000,491.47,2026-06-25 16:59:59,197572.0343000,3171,289.85,116552.7574000,0
2026-06-25 17:00:00,401.80000,404.71000,398.13000,403.00000,624.58,2026-06-25 17:59:59,250713.0347000,2498,385.04,154587.8605000,0
2026-06-25 18:00:00,402.80000,406.65000,399.02000,406.00000,697.84,2026-06-25 18:59:59,280357.4181000,2589,458.07,184027.6783000,0
2026-06-25 19:00:00,406.20000,408.00000,400.71000,407.78000,755.32,2026-06-25 19:59:59,305270.2367000,3197,439.49,177729.8181000,0
2026-06-25 20:00:00,407.80000,411.22000,406.61000,407.00000,987.84,2026-06-25 20:59:59,403942.2685000,2731,254.83,104291.0330000,0
2026-06-25 21:00:00,406.97000,407.54000,404.86000,404.94000,183.22,2026-06-25 21:59:59,74436.4350000,893,66.45,27005.7191000,0
2026-06-25 22:00:00,405.13000,405.69000,399.41000,402.99000,380.29,2026-06-25 22:59:59,152772.9122000,1775,190.41,76579.1299000,0
2026-06-25 23:00:00,402.99000,408.32000,402.73000,404.20000,173.27,2026-06-25 23:59:59,70250.5249000,838,88.83,35994.7346000,0
2026-06-26 00:00:00,404.20000,404.82000,400.00000,400.00000,286.56,2026-06-26 00:59:59,115293.0256000,1444,115.17,46333.1237000,0
2026-06-26 01:00:00,400.00000,400.52000,395.20000,395.60000,369.61,2026-06-26 01:59:59,147103.6714000,1857,168.27,66996.3025000,0
2026-06-26 02:00:00,395.80000,395.86000,388.07000,389.97000,682.30,2026-06-26 02:59:59,266755.4076000,2385,343.05,134161.6968000,0
2026-06-26 03:00:00,390.12000,393.14000,386.82000,392.91000,493.91,2026-06-26 03:59:59,192214.4114000,2281,231.58,90201.4254000,0
2026-06-26 04:00:00,392.82000,394.51000,389.23000,389.81000,277.54,2026-06-26 04:59:59,108826.9619000,1206,100.22,39315.4847000,0
2026-06-26 05:00:00,390.00000,393.52000,388.99000,392.46000,243.55,2026-06-26 05:59:59,95360.0741000,1247,125.66,49218.0890000,0
2026-06-26 06:00:00,392.46000,396.59000,390.58000,395.85000,164.76,2026-06-26 06:59:59,64927.7467000,876,90.23,35563.8136000,0
2026-06-26 07:00:00,395.71000,396.41000,394.42000,395.32000,251.98,2026-06-26 07:59:59,99729.2531000,749,56.54,22359.7099000,0
2026-06-26 08:00:00,395.40000,395.76000,389.08000,389.64000,269.37,2026-06-26 08:59:59,105661.0864000,1316,105.29,41369.5403000,0
2026-06-26 09:00:00,389.70000,392.16000,388.80000,390.80000,218.77,2026-06-26 09:59:59,85324.3683000,1029,137.54,53643.7558000,0
2026-06-26 10:00:00,390.72000,391.72000,389.37000,391.20000,250.41,2026-06-26 10:59:59,97840.1550000,690,192.18,75087.8100000,0
2026-06-26 11:00:00,391.20000,393.47000,390.10000,391.55000,166.73,2026-06-26 11:59:59,65324.6923000,939,82.39,32275.7859000,0
2026-06-26 12:00:00,391.68000,393.40000,389.91000,390.14000,231.89,2026-06-26 12:59:59,90792.7311000,921,139.19,54475.8304000,0
2026-06-26 13:00:00,390.32000,394.08000,368.99000,376.32000,2782.08,2026-06-26 13:59:59,1054365.3882000,11071,1224.38,463008.6174000,0
2026-06-26 14:00:00,376.27000,382.21000,372.25000,374.37000,1599.52,2026-06-26 14:59:59,605308.5104000,8206,859.30,325600.2583000,0
2026-06-26 15:00:00,374.50000,379.42000,370.37000,378.87000,852.27,2026-06-26 15:59:59,320060.3225000,5519,397.77,149320.4753000,0
2026-06-26 16:00:00,378.77000,385.05000,377.02000,382.85000,546.08,2026-06-26 16:59:59,208070.6054000,3170,306.07,116625.1181000,0
2026-06-26 17:00:00,382.63000,387.65000,382.07000,384.14000,419.65,2026-06-26 17:59:59,161689.3384000,2145,220.42,84958.9217000,0
2026-06-26 18:00:00,384.17000,385.56000,377.25000,377.25000,424.06,2026-06-26 18:59:59,161397.7796000,1757,160.50,61112.1601000,0
2026-06-26 19:00:00,377.30000,383.00000,376.85000,380.06000,713.67,2026-06-26 19:59:59,270884.7344000,3955,367.69,139639.0743000,0
2026-06-26 20:00:00,380.41000,381.40000,378.44000,379.08000,219.00,2026-06-26 20:59:59,83138.1515000,1170,66.96,25443.4545000,0
2026-06-26 21:00:00,378.91000,379.09000,377.37000,378.50000,122.14,2026-06-26 21:59:59,46172.7850000,965,31.29,11834.9575000,0
2026-06-26 22:00:00,378.62000,379.27000,378.33000,378.50000,81.42,2026-06-26 22:59:59,30844.1671000,582,60.06,22757.1053000,0
2026-06-26 23:00:00,378.42000,379.38000,378.12000,379.14000,49.88,2026-06-26 23:59:59,18907.4732000,378,30.73,11646.5220000,0
2026-06-27 00:00:00,379.00000,380.00000,377.69000,378.26000,41.82,2026-06-27 00:59:59,15855.6346000,420,16.39,6213.2286000,0
2026-06-27 01:00:00,378.27000,378.82000,377.31000,377.39000,55.93,2026-06-27 01:59:59,21148.3800000,405,40.50,15315.2321000,0
2026-06-27 02:00:00,377.49000,378.73000,377.25000,377.40000,46.53,2026-06-27 02:59:59,17572.5550000,417,31.25,11802.4647000,0
2026-06-27 03:00:00,377.30000,377.62000,376.80000,377.21000,18.77,2026-06-27 03:59:59,7079.0505000,246,4.68,1764.9110000,0
2026-06-27 04:00:00,377.11000,377.58000,377.00000,377.39000,23.66,2026-06-27 04:59:59,8927.8542000,264,9.35,3528.0999000,0
2026-06-27 05:00:00,377.28000,377.51000,376.71000,376.79000,7.77,2026-06-27 05:59:59,2930.7460000,131,3.02,1138.8168000,0
2026-06-27 06:00:00,376.77000,378.12000,376.64000,378.02000,38.81,2026-06-27 06:59:59,14648.9411000,435,18.44,6961.2531000,0
2026-06-27 07:00:00,377.98000,378.19000,377.50000,378.05000,16.51,2026-06-27 07:59:59,6238.7754000,216,7.77,2936.6288000,0
2026-06-27 08:00:00,378.18000,378.37000,377.87000,378.29000,10.94,2026-06-27 08:59:59,4137.1086000,163,3.26,1232.9772000,0
2026-06-27 09:00:00,378.29000,378.74000,378.12000,378.64000,12.60,2026-06-27 09:59:59,4768.1603000,144,8.93,3379.6149000,0
2026-06-27 10:00:00,378.56000,379.60000,378.37000,379.17000,20.93,2026-06-27 10:59:59,7933.0291000,300,11.02,4177.6322000,0
2026-06-27 11:00:00,379.12000,379.37000,379.05000,379.07000,22.64,2026-06-27 11:59:59,8584.3003000,284,12.28,4656.0710000,0
2026-06-27 12:00:00,379.05000,379.05000,378.13000,378.62000,41.71,2026-06-27 12:59:59,15796.1164000,378,15.18,5745.9184000,0
2026-06-27 13:00:00,378.73000,379.50000,378.39000,379.44000,22.53,2026-06-27 13:59:59,8536.7968000,262,16.85,6385.1781000,0
2026-06-27 14:00:00,379.61000,379.74000,378.66000,378.89000,23.12,2026-06-27 14:59:59,8765.9499000,242,7.99,3029.3392000,0
2026-06-27 15:00:00,378.94000,379.76000,378.79000,379.25000,19.86,2026-06-27 15:59:59,7530.6832000,255,11.90,4511.7907000,0
2026-06-27 16:00:00,379.27000,379.84000,378.85000,379.84000,13.03,2026-06-27 16:59:59,4939.7833000,182,6.91,2619.7004000,0
2026-06-27 17:00:00,379.70000,379.84000,378.53000,379.30000,19.62,2026-06-27 17:59:59,7439.3484000,338,8.28,3139.3394000,0
2026-06-27 18:00:00,379.43000,379.87000,379.40000,379.74000,11.04,2026-06-27 18:59:59,4191.5407000,112,5.70,2164.0001000,0
2026-06-27 19:00:00,379.54000,379.68000,377.77000,377.77000,77.88,2026-06-27 19:59:59,29453.5397000,377,10.08,3814.9223000,0
2026-06-27 20:00:00,377.77000,379.31000,377.77000,379.31000,40.71,2026-06-27 20:59:59,15398.9656000,265,29.87,11302.4015000,0
2026-06-27 21:00:00,379.37000,380.53000,379.26000,379.47000,72.91,2026-06-27 21:59:59,27707.3085000,509,39.92,15172.7223000,0
2026-06-27 22:00:00,379.47000,379.63000,378.01000,379.13000,29.88,2026-06-27 22:59:59,11330.1361000,250,15.43,5850.5467000,0
2026-06-27 23:00:00,379.13000,379.50000,378.91000,379.36000,22.98,2026-06-27 23:59:59,8716.1226000,160,7.92,3004.5473000,0
2026-06-28 00:00:00,379.37000,380.25000,379.03000,379.03000,55.17,2026-06-28 00:59:59,20950.1542000,314,31.45,11938.5971000,0
2026-06-28 01:00:00,379.02000,379.48000,378.44000,379.41000,27.55,2026-06-28 01:59:59,10439.7671000,209,20.45,7749.8365000,0
2026-06-28 02:00:00,379.46000,380.12000,379.25000,380.01000,25.47,2026-06-28 02:59:59,9667.7312000,269,15.33,5818.9763000,0
2026-06-28 03:00:00,379.89000,380.08000,379.31000,379.59000,14.14,2026-06-28 03:59:59,5368.4214000,181,5.34,2028.0046000,0
2026-06-28 04:00:00,379.54000,380.20000,379.37000,380.00000,19.71,2026-06-28 04:59:59,7486.2178000,148,16.45,6248.6160000,0
2026-06-28 05:00:00,379.93000,379.98000,378.88000,379.25000,36.92,2026-06-28 05:59:59,14010.8888000,342,15.87,6024.3034000,0
2026-06-28 06:00:00,379.35000,379.99000,379.14000,379.63000,7.68,2026-06-28 06:59:59,2915.7773000,135,2.99,1135.4185000,0
2026-06-28 07:00:00,379.50000,380.69000,379.21000,380.03000,38.30,2026-06-28 07:59:59,14551.0520000,409,26.39,10026.8798000,0
2026-06-28 08:00:00,380.20000,380.53000,379.99000,380.22000,36.61,2026-06-28 08:59:59,13922.5302000,437,14.29,5435.6797000,0
2026-06-28 09:00:00,380.22000,380.70000,380.00000,380.20000,84.95,2026-06-28 09:59:59,32312.9345000,357,17.67,6721.0775000,0
2026-06-28 10:00:00,380.32000,380.47000,380.00000,380.19000,36.97,2026-06-28 10:59:59,14053.5595000,176,7.87,2992.5352000,0
2026-06-28 11:00:00,380.06000,380.75000,380.00000,380.20000,19.20,2026-06-28 11:59:59,7300.8389000,173,13.26,5043.0569000,0
2026-06-28 12:00:00,380.01000,380.28000,379.70000,379.87000,45.16,2026-06-28 12:59:59,17157.9981000,126,5.35,2032.2677000,0
2026-06-28 13:00:00,379.75000,380.35000,379.20000,379.99000,24.84,2026-06-28 13:59:59,9431.8404000,193,8.06,3058.2384000,0
2026-06-28 14:00:00,379.99000,380.00000,379.37000,379.60000,17.64,2026-06-28 14:59:59,6699.1749000,238,12.01,4561.0812000,0
2026-06-28 15:00:00,379.61000,379.99000,379.39000,379.69000,18.06,2026-06-28 15:59:59,6857.4480000,222,10.46,3971.7958000,0
2026-06-28 16:00:00,379.69000,381.06000,379.68000,380.35000,57.49,2026-06-28 16:59:59,21850.6314000,284,24.26,9226.9905000,0
2026-06-28 17:00:00,380.40000,380.43000,379.68000,379.87000,5.19,2026-06-28 17:59:59,1972.2263000,106,1.48,562.5922000,0
2026-06-28 18:00:00,379.82000,380.05000,379.72000,379.80000,3.62,2026-06-28 18:59:59,1374.9810000,53,1.71,649.6201000,0
2026-06-28 19:00:00,379.75000,379.89000,379.25000,379.87000,12.38,2026-06-28 19:59:59,4699.7294000,146,6.79,2577.4921000,0
2026-06-28 20:00:00,379.79000,381.62000,377.77000,379.25000,183.28,2026-06-28 20:59:59,69583.1122000,753,67.59,25733.5849000,0
2026-06-28 21:00:00,379.24000,379.50000,377.77000,378.12000,42.71,2026-06-28 21:59:59,16181.3817000,265,24.58,9314.5469000,0
2026-06-28 22:00:00,378.24000,379.23000,375.76000,375.76000,144.09,2026-06-28 22:59:59,54438.9812000,698,51.17,19349.7826000,0
2026-06-28 23:00:00,375.75000,378.62000,375.58000,377.70000,198.12,2026-06-28 23:59:59,74729.9876000,705,152.01,57361.3471000,0
2026-06-29 00:00:00,377.70000,385.97000,377.62000,382.60000,775.12,2026-06-29 00:59:59,295946.8194000,2980,445.38,170080.9824000,0
2026-06-29 01:00:00,382.80000,383.07000,381.05000,381.80000,159.68,2026-06-29 01:59:59,60979.7025000,481,85.06,32493.4442000,0
2026-06-29 02:00:00,381.60000,381.60000,379.38000,381.20000,75.06,2026-06-29 02:59:59,28559.6243000,485,32.13,12230.6300000,0
2026-06-29 03:00:00,381.40000,382.32000,378.21000,379.74000,190.46,2026-06-29 03:59:59,72400.3181000,902,58.02,22096.5549000,0
2026-06-29 04:00:00,379.50000,380.69000,378.64000,378.87000,61.82,2026-06-29 04:59:59,23453.5237000,552,39.64,15040.6438000,0
2026-06-29 05:00:00,378.96000,383.39000,378.00000,382.78000,164.08,2026-06-29 05:59:59,62364.5184000,789,67.63,25737.9682000,0
2026-06-29 06:00:00,382.70000,383.80000,381.69000,383.08000,148.13,2026-06-29 06:59:59,56689.2122000,650,106.49,40750.6160000,0
2026-06-29 07:00:00,382.84000,385.16000,381.58000,384.47000,160.63,2026-06-29 07:59:59,61417.5204000,567,36.80,14119.1510000,0
2026-06-29 08:00:00,384.47000,386.54000,383.97000,383.97000,174.99,2026-06-29 08:59:59,67498.0830000,856,109.53,42284.7224000,0
2026-06-29 09:00:00,384.19000,385.19000,382.62000,384.94000,89.51,2026-06-29 09:59:59,34373.6923000,528,63.25,24302.3586000,0
2026-06-29 10:00:00,384.88000,385.87000,384.30000,385.03000,50.33,2026-06-29 10:59:59,19385.8133000,327,26.68,10277.5367000,0
2026-06-29 11:00:00,384.94000,385.48000,382.50000,382.97000,141.99,2026-06-29 11:59:59,54449.4699000,443,56.63,21719.9813000,0
2026-06-29 12:00:00,382.91000,383.22000,379.63000,380.26000,228.13,2026-06-29 12:59:59,86980.7084000,604,156.49,59693.9911000,0
2026-06-29 13:00:00,380.40000,380.60000,350.25000,351.74000,3997.77,2026-06-29 13:59:59,1469616.1117000,9611,1441.18,532381.3792000,0
2026-06-29 14:00:00,351.51000,358.62000,342.13000,358.50000,3281.05,2026-06-29 14:59:59,1146232.0346000,9508,1588.77,557096.2257000,0
2026-06-29 15:00:00,358.38000,373.60000,355.74000,372.69000,1627.49,2026-06-29 15:59:59,592256.0811000,6279,775.94,282022.5273000,0
2026-06-29 16:00:00,372.62000,389.30000,371.91000,385.51000,912.71,2026-06-29 16:59:59,347152.2371000,4126,400.10,152009.3831000,0
2026-06-29 17:00:00,385.41000,389.09000,382.79000,387.00000,701.85,2026-06-29 17:59:59,270701.9213000,2328,356.27,137621.7673000,0
2026-06-29 18:00:00,386.80000,389.80000,383.81000,386.84000,368.00,2026-06-29 18:59:59,142520.0719000,1559,200.33,77625.3206000,0
2026-06-29 19:00:00,386.80000,391.72000,384.97000,391.63000,462.32,2026-06-29 19:59:59,179615.5367000,1533,258.03,100267.0690000,0
2026-06-29 20:00:00,391.69000,392.38000,388.64000,389.48000,453.91,2026-06-29 20:59:59,177117.8353000,1459,126.96,49609.2699000,0
2026-06-29 21:00:00,389.26000,389.47000,388.13000,388.68000,117.68,2026-06-29 21:59:59,45742.5796000,793,45.43,17659.7077000,0
2026-06-29 22:00:00,388.64000,389.51000,387.84000,388.44000,116.32,2026-06-29 22:59:59,45189.7746000,698,52.55,20414.2690000,0
2026-06-29 23:00:00,388.29000,389.10000,387.66000,388.87000,166.39,2026-06-29 23:59:59,64637.4723000,654,76.04,29550.9143000,0
2026-06-30 00:00:00,388.80000,390.11000,385.29000,388.10000,622.78,2026-06-30 00:59:59,241617.0899000,2058,308.38,119712.5460000,0
2026-06-30 01:00:00,388.38000,390.55000,386.16000,390.32000,266.13,2026-06-30 01:59:59,103392.0727000,1356,118.26,45974.9717000,0
2026-06-30 02:00:00,390.33000,390.36000,388.54000,389.40000,63.56,2026-06-30 02:59:59,24761.7917000,482,34.78,13551.2152000,0
2026-06-30 03:00:00,389.52000,392.29000,389.51000,392.07000,136.12,2026-06-30 03:59:59,53241.7964000,680,78.70,30787.4041000,0
2026-06-30 04:00:00,391.89000,396.24000,391.89000,395.55000,334.69,2026-06-30 04:59:59,132251.9446000,1347,142.59,56265.7421000,0
2026-06-30 05:00:00,395.29000,395.98000,392.69000,393.74000,272.17,2026-06-30 05:59:59,107275.4416000,986,90.29,35562.6053000,0
2026-06-30 06:00:00,393.82000,394.01000,392.21000,393.39000,107.79,2026-06-30 06:59:59,42357.3908000,601,51.05,20056.6632000,0
2026-06-30 07:00:00,393.39000,394.09000,391.97000,391.97000,79.93,2026-06-30 07:59:59,31434.9724000,510,21.59,8492.8309000,0
2026-06-30 08:00:00,391.99000,394.22000,390.83000,392.00000,353.29,2026-06-30 08:59:59,138582.5540000,1117,94.90,37247.3003000,0
2026-06-30 09:00:00,392.19000,392.71000,390.43000,391.25000,79.60,2026-06-30 09:59:59,31171.9820000,483,26.90,10540.1887000,0
2026-06-30 10:00:00,391.59000,392.87000,390.93000,392.60000,93.36,2026-06-30 10:59:59,36572.7240000,551,52.14,20428.2296000,0
2026-06-30 11:00:00,392.72000,393.79000,390.82000,391.27000,102.26,2026-06-30 11:59:59,40114.7874000,573,43.82,17184.2366000,0
2026-06-30 12:00:00,391.13000,391.29000,384.65000,385.80000,498.89,2026-06-30 12:59:59,193054.3292000,1502,208.96,80833.5484000,0
2026-06-30 13:00:00,385.73000,398.73000,384.84000,396.60000,3887.54,2026-06-30 13:59:59,1523524.2266000,11720,2151.21,842866.4122000,0
2026-06-30 14:00:00,396.41000,400.07000,391.52000,391.52000,2012.88,2026-06-30 14:59:59,798458.2163000,6043,931.34,369491.2701000,0
2026-06-30 15:00:00,391.78000,393.47000,385.35000,386.99000,1671.89,2026-06-30 15:59:59,650255.9158000,3623,956.97,371971.8514000,0
2026-06-30 16:00:00,386.85000,388.34000,382.50000,382.50000,664.38,2026-06-30 16:59:59,256350.1230000,1692,267.02,103207.0803000,0
2026-06-30 17:00:00,382.59000,387.68000,382.21000,387.40000,519.83,2026-06-30 17:59:59,199935.5807000,1493,341.60,131421.5091000,0
2026-06-30 18:00:00,387.38000,395.44000,387.22000,393.39000,770.28,2026-06-30 18:59:59,300929.5502000,2510,420.12,164019.4004000,0
2026-06-30 19:00:00,393.57000,396.02000,391.31000,395.00000,325.46,2026-06-30 19:59:59,128266.5980000,1241,172.36,67943.2261000,0
2026-06-30 20:00:00,394.83000,394.87000,391.84000,392.21000,273.66,2026-06-30 20:59:59,107640.6621000,1159,113.98,44827.4177000,0
2026-06-30 21:00:00,392.11000,392.40000,391.72000,392.37000,87.34,2026-06-30 21:59:59,34227.4910000,151,73.17,28673.6948000,0
2026-06-30 22:00:00,392.38000,393.24000,392.29000,393.24000,57.48,2026-06-30 22:59:59,22565.9046000,252,38.24,15013.7603000,0
2026-06-30 23:00:00,393.20000,393.89000,392.70000,393.46000,43.11,2026-06-30 23:59:59,16960.0750000,215,30.13,11854.5727000,0
2026-07-01 00:00:00,393.57000,396.14000,388.90000,393.59000,610.32,2026-07-01 00:59:59,239893.0862000,2523,283.18,111364.0082000,0
2026-07-01 01:00:00,393.44000,393.46000,390.43000,390.85000,202.74,2026-07-01 01:59:59,79442.6688000,792,49.05,19211.2716000,0
2026-07-01 02:00:00,390.72000,391.42000,387.69000,391.04000,245.44,2026-07-01 02:59:59,95642.3598000,1110,129.37,50420.3805000,0
2026-07-01 03:00:00,391.16000,391.86000,390.61000,391.59000,90.98,2026-07-01 03:59:59,35589.2647000,391,26.85,10505.1734000,0
2026-07-01 04:00:00,391.39000,391.78000,390.41000,390.82000,45.77,2026-07-01 04:59:59,17895.2394000,143,27.59,10792.2275000,0
2026-07-01 05:00:00,390.80000,391.46000,390.09000,390.77000,62.03,2026-07-01 05:59:59,24243.2566000,280,17.94,7013.7782000,0
2026-07-01 06:00:00,390.77000,391.18000,388.48000,388.98000,276.49,2026-07-01 06:59:59,107801.0025000,956,132.74,51780.3433000,0
2026-07-01 07:00:00,388.99000,389.14000,387.18000,388.20000,442.45,2026-07-01 07:59:59,171673.4417000,1376,206.90,80319.5963000,0
2026-07-01 08:00:00,388.20000,388.20000,384.13000,386.46000,234.48,2026-07-01 08:59:59,90597.7367000,943,66.74,25759.2018000,0
2026-07-01 09:00:00,386.50000,386.75000,385.37000,386.16000,106.26,2026-07-01 09:59:59,41020.3174000,628,53.32,20587.3839000,0
2026-07-01 10:00:00,386.22000,387.06000,385.05000,386.65000,123.87,2026-07-01 10:59:59,47818.1880000,621,93.75,36198.7758000,0
2026-07-01 11:00:00,386.65000,388.30000,386.14000,386.42000,145.03,2026-07-01 11:59:59,56158.1899000,604,58.52,22668.3136000,0
2026-07-01 12:00:00,386.42000,386.77000,375.83000,375.83000,1005.60,2026-07-01 12:59:59,384004.0881000,3659,317.11,121062.2194000,0
2026-07-01 13:00:00,375.93000,386.70000,367.19000,382.72000,3179.65,2026-07-01 13:59:59,1195369.9125000,14279,1569.25,590705.5148000,0
2026-07-01 14:00:00,382.41000,385.32000,360.51000,363.12000,1779.72,2026-07-01 14:59:59,665373.4265000,7736,880.18,329226.1393000,0
2026-07-01 15:00:00,363.05000,370.79000,362.98000,366.43000,917.31,2026-07-01 15:59:59,336373.2298000,5178,452.44,165779.6920000,0
2026-07-01 16:00:00,366.26000,368.88000,365.20000,365.87000,532.21,2026-07-01 16:59:59,195282.8283000,2514,226.50,83157.7720000,0
2026-07-01 17:00:00,365.99000,370.29000,364.77000,368.15000,676.89,2026-07-01 17:59:59,249028.4606000,2349,337.90,124337.8872000,0
2026-07-01 18:00:00,368.13000,371.60000,367.87000,370.88000,442.34,2026-07-01 18:59:59,163520.9542000,2108,204.15,75500.8824000,0
2026-07-01 19:00:00,370.75000,374.46000,368.20000,369.05000,481.38,2026-07-01 19:59:59,178917.4157000,3786,194.60,72331.9056000,0
2026-07-01 20:00:00,368.91000,368.91000,367.00000,368.12000,162.48,2026-07-01 20:59:59,59783.4609000,1026,54.65,20116.0314000,0
2026-07-01 21:00:00,368.11000,369.33000,367.93000,369.12000,63.64,2026-07-01 21:59:59,23464.6099000,515,24.61,9074.6228000,0
2026-07-01 22:00:00,369.13000,370.30000,368.90000,369.79000,138.87,2026-07-01 22:59:59,51337.5932000,661,72.28,26721.0435000,0
2026-07-01 23:00:00,369.75000,369.75000,367.05000,367.18000,202.39,2026-07-01 23:59:59,74563.7905000,941,57.40,21124.1222000,0
2026-07-02 00:00:00,367.36000,369.23000,363.52000,366.37000,729.39,2026-07-02 00:59:59,266692.2177000,3418,329.15,120477.0435000,0
2026-07-02 01:00:00,366.25000,371.27000,366.13000,370.46000,324.87,2026-07-02 01:59:59,120076.3521000,1344,241.66,89340.7512000,0
2026-07-02 02:00:00,370.26000,371.24000,368.88000,369.31000,129.95,2026-07-02 02:59:59,48053.6268000,958,52.71,19494.3192000,0
2026-07-02 03:00:00,369.24000,369.32000,366.00000,367.09000,189.79,2026-07-02 03:59:59,69680.9659000,1051,63.62,23347.7961000,0
2026-07-02 04:00:00,367.01000,367.11000,363.53000,364.75000,279.92,2026-07-02 04:59:59,102172.8248000,1155,123.40,45039.6429000,0
2026-07-02 05:00:00,364.70000,369.61000,364.36000,365.12000,611.84,2026-07-02 05:59:59,224878.9167000,2771,285.08,104836.0183000,0
2026-07-02 06:00:00,365.00000,365.11000,358.18000,358.18000,312.62,2026-07-02 06:59:59,112894.7276000,1626,118.93,42948.9077000,0
2026-07-02 07:00:00,358.13000,359.68000,355.39000,358.21000,373.55,2026-07-02 07:59:59,133625.3582000,1940,251.97,90157.5500000,0
2026-07-02 08:00:00,358.37000,363.78000,355.57000,363.74000,617.15,2026-07-02 08:59:59,221752.9612000,2482,400.26,144084.3688000,0
2026-07-02 09:00:00,363.50000,363.67000,359.91000,360.97000,356.85,2026-07-02 09:59:59,129050.0280000,1243,151.43,54749.3202000,0
2026-07-02 10:00:00,360.92000,362.62000,360.71000,362.08000,150.20,2026-07-02 10:59:59,54286.3070000,954,88.78,32095.6292000,0
2026-07-02 11:00:00,362.25000,366.11000,361.82000,364.77000,417.23,2026-07-02 11:59:59,151638.2679000,2207,205.73,74773.4115000,0
2026-07-02 12:00:00,364.65000,375.11000,364.04000,369.62000,1075.44,2026-07-02 12:59:59,398866.9298000,4923,463.75,171999.7959000,0
2026-07-02 13:00:00,369.69000,371.04000,352.06000,370.28000,2892.31,2026-07-02 13:59:59,1043992.4102000,13284,1255.52,453770.9507000,0
2026-07-02 14:00:00,370.37000,371.90000,342.00000,344.72000,2736.07,2026-07-02 14:59:59,963529.8294000,9621,1132.98,400373.1387000,0
2026-07-02 15:00:00,344.87000,345.78000,337.30000,340.59000,1547.66,2026-07-02 15:59:59,529076.0697000,7460,838.35,286725.2026000,0
2026-07-02 16:00:00,340.56000,341.11000,330.90000,333.57000,1997.94,2026-07-02 16:59:59,670259.8253000,6526,943.64,316442.5221000,0
2026-07-02 17:00:00,333.52000,333.59000,326.25000,326.37000,1964.70,2026-07-02 17:59:59,647964.9336000,5314,726.31,239798.4094000,0
2026-07-02 18:00:00,326.45000,333.31000,326.23000,332.87000,1305.86,2026-07-02 18:59:59,430239.5385000,4371,639.12,210711.8093000,0
2026-07-02 19:00:00,332.99000,333.95000,326.18000,333.75000,952.84,2026-07-02 19:59:59,315096.6073000,4436,420.92,139134.2068000,0
2026-07-02 20:00:00,333.73000,336.53000,332.23000,334.08000,869.56,2026-07-02 20:59:59,290777.5670000,3922,344.57,115169.3821000,0
2026-07-02 21:00:00,334.08000,334.51000,333.00000,333.00000,138.98,2026-07-02 21:59:59,46390.6276000,1072,51.00,17027.2829000,0
2026-07-02 22:00:00,333.00000,334.32000,332.88000,333.62000,65.15,2026-07-02 22:59:59,21734.2521000,566,37.02,12354.6103000,0
2026-07-02 23:00:00,333.62000,333.77000,332.05000,333.62000,242.00,2026-07-02 23:59:59,80586.3586000,1102,145.97,48619.1311000,0
2026-07-03 00:00:00,333.70000,334.86000,331.61000,332.37000,70.89,2026-07-03 00:59:59,23605.9415000,710,27.61,9199.9336000,0
2026-07-03 01:00:00,332.25000,335.55000,332.07000,335.32000,112.62,2026-07-03 01:59:59,37683.7071000,851,60.28,20168.5027000,0
2026-07-03 02:00:00,335.37000,335.97000,333.87000,335.75000,151.34,2026-07-03 02:59:59,50719.7332000,724,44.93,15058.2635000,0
2026-07-03 03:00:00,335.63000,336.53000,334.29000,335.75000,167.99,2026-07-03 03:59:59,56343.3049000,952,73.47,24651.7905000,0
2026-07-03 04:00:00,335.85000,338.12000,335.85000,336.85000,243.37,2026-07-03 04:59:59,82058.7238000,1162,152.47,51407.7300000,0
2026-07-03 05:00:00,336.77000,342.80000,336.14000,339.06000,996.77,2026-07-03 05:59:59,338374.8675000,3417,479.14,162398.6567000,0
2026-07-03 06:00:00,339.12000,342.97000,338.90000,342.86000,141.96,2026-07-03 06:59:59,48376.1823000,918,87.74,29901.7019000,0
2026-07-03 07:00:00,342.74000,349.44000,342.74000,346.62000,983.13,2026-07-03 07:59:59,340469.8509000,3939,615.77,213433.8118000,0
2026-07-03 08:00:00,346.75000,351.81000,346.66000,346.68000,501.57,2026-07-03 08:59:59,174717.4326000,2681,269.02,93754.9694000,0
2026-07-03 09:00:00,346.85000,349.16000,346.50000,348.72000,126.80,2026-07-03 09:59:59,44144.1071000,678,91.49,31854.9244000,0
2026-07-03 10:00:00,348.87000,349.73000,348.71000,349.53000,109.89,2026-07-03 10:59:59,38371.4692000,592,61.67,21532.5553000,0
2026-07-03 11:00:00,349.37000,353.05000,349.26000,351.37000,294.37,2026-07-03 11:59:59,103464.4230000,1498,192.42,67617.6396000,0
2026-07-03 12:00:00,351.47000,353.62000,350.90000,351.51000,180.27,2026-07-03 12:59:59,63494.5648000,1075,109.61,38614.9959000,0
2026-07-03 13:00:00,351.61000,351.61000,347.48000,348.36000,677.71,2026-07-03 13:59:59,236486.6402000,2323,272.41,95075.5388000,0
2026-07-03 14:00:00,348.38000,350.23000,347.73000,349.10000,480.02,2026-07-03 14:59:59,167397.3577000,1671,309.76,108084.4355000,0
2026-07-03 15:00:00,349.09000,349.49000,347.51000,347.88000,353.01,2026-07-03 15:59:59,122956.6433000,1136,114.48,39869.1142000,0
2026-07-03 16:00:00,347.88000,348.12000,347.55000,347.89000,80.10,2026-07-03 16:59:59,27858.5559000,487,41.70,14504.7753000,0
2026-07-03 17:00:00,347.89000,348.36000,347.35000,348.00000,58.05,2026-07-03 17:59:59,20195.2523000,406,25.32,8810.1366000,0
2026-07-03 18:00:00,348.02000,348.73000,347.47000,347.86000,88.26,2026-07-03 18:59:59,30721.1688000,632,47.22,16435.4732000,0
2026-07-03 19:00:00,347.88000,349.40000,347.77000,348.01000,124.71,2026-07-03 19:59:59,43446.7400000,658,69.13,24087.9344000,0
2026-07-03 20:00:00,347.99000,348.25000,346.71000,347.93000,190.92,2026-07-03 20:59:59,66328.0085000,1159,89.84,31221.1571000,0
2026-07-03 21:00:00,347.93000,348.22000,347.39000,347.92000,100.25,2026-07-03 21:59:59,34866.4590000,640,49.31,17152.2758000,0
2026-07-03 22:00:00,347.93000,348.00000,347.61000,347.69000,37.22,2026-07-03 22:59:59,12944.6298000,327,13.86,4820.8373000,0
2026-07-03 23:00:00,347.70000,348.27000,347.65000,347.87000,47.59,2026-07-03 23:59:59,16554.1067000,344,30.55,10626.2595000,0
2026-07-04 00:00:00,347.88000,349.62000,347.83000,349.38000,147.95,2026-07-04 00:59:59,51597.5896000,936,99.26,34620.6080000,0
2026-07-04 01:00:00,349.25000,349.25000,348.57000,348.90000,99.04,2026-07-04 01:59:59,34551.8904000,480,47.60,16606.2453000,0
2026-07-04 02:00:00,348.87000,348.94000,348.35000,348.49000,77.12,2026-07-04 02:59:59,26882.7064000,424,39.65,13820.9818000,0
2026-07-04 03:00:00,348.47000,348.47000,345.50000,346.72000,177.05,2026-07-04 03:59:59,61462.6906000,688,21.97,7636.9753000,0
2026-07-04 04:00:00,346.79000,346.82000,345.50000,345.59000,58.56,2026-07-04 04:59:59,20275.7514000,315,17.13,5933.4996000,0
2026-07-04 05:00:00,345.59000,347.05000,345.00000,346.96000,85.80,2026-07-04 05:59:59,29713.2157000,547,43.33,15006.6153000,0
2026-07-04 06:00:00,346.97000,347.48000,346.70000,347.34000,88.97,2026-07-04 06:59:59,30869.8558000,580,31.32,10870.0332000,0
2026-07-04 07:00:00,347.27000,347.78000,347.13000,347.54000,88.48,2026-07-04 07:59:59,30738.2622000,540,27.92,9700.0670000,0
2026-07-04 08:00:00,347.53000,348.42000,347.53000,348.18000,85.26,2026-07-04 08:59:59,29675.0058000,436,65.70,22865.2771000,0
2026-07-04 09:00:00,348.18000,348.52000,348.11000,348.49000,27.24,2026-07-04 09:59:59,9487.3987000,356,16.46,5732.8739000,0
2026-07-04 10:00:00,348.46000,348.52000,348.29000,348.33000,14.41,2026-07-04 10:59:59,5020.4224000,153,5.55,1933.7338000,0
2026-07-04 11:00:00,348.33000,348.33000,347.71000,347.89000,51.08,2026-07-04 11:59:59,17773.9153000,436,21.11,7344.3839000,0
2026-07-04 12:00:00,347.87000,347.87000,347.59000,347.64000,28.50,2026-07-04 12:59:59,9909.7112000,194,15.81,5496.8807000,0
2026-07-04 13:00:00,347.64000,348.13000,347.61000,348.06000,30.78,2026-07-04 13:59:59,10708.1283000,239,23.77,8269.2534000,0
2026-07-04 14:00:00,348.05000,348.05000,347.33000,347.37000,49.89,2026-07-04 14:59:59,17342.5796000,241,8.35,2901.9087000,0
2026-07-04 15:00:00,347.41000,347.58000,346.71000,346.87000,60.39,2026-07-04 15:59:59,20964.2700000,380,20.15,6997.2189000,0
2026-07-04 16:00:00,346.87000,346.88000,346.25000,346.36000,19.76,2026-07-04 16:59:59,6849.6427000,154,4.11,1425.1066000,0
2026-07-04 17:00:00,346.39000,347.07000,346.35000,347.04000,30.78,2026-07-04 17:59:59,10675.2565000,292,21.06,7304.3937000,0
2026-07-04 18:00:00,347.05000,347.28000,346.87000,347.17000,22.40,2026-07-04 18:59:59,7774.3904000,325,11.37,3946.4271000,0
2026-07-04 19:00:00,347.18000,347.70000,347.15000,347.70000,13.83,2026-07-04 19:59:59,4804.6710000,219,8.65,3005.2101000,0
2026-07-04 20:00:00,347.74000,348.68000,347.65000,348.06000,85.12,2026-07-04 20:59:59,29632.6770000,562,54.27,18897.1664000,0
2026-07-04 21:00:00,348.08000,348.14000,347.51000,347.64000,30.61,2026-07-04 21:59:59,10645.9297000,222,12.28,4271.2359000,0
2026-07-04 22:00:00,347.69000,347.90000,347.62000,347.88000,13.00,2026-07-04 22:59:59,4521.1475000,167,8.00,2782.2788000,0
2026-07-04 23:00:00,347.88000,348.58000,347.83000,348.22000,70.46,2026-07-04 23:59:59,24533.9884000,336,52.17,18166.4360000,0
2026-07-05 00:00:00,348.23000,348.49000,348.17000,348.32000,26.96,2026-07-05 00:59:59,9391.2605000,260,12.86,4479.9026000,0
2026-07-05 01:00:00,348.23000,348.75000,348.13000,348.71000,42.28,2026-07-05 01:59:59,14733.6679000,253,34.03,11859.8205000,0
2026-07-05 02:00:00,348.70000,348.98000,348.59000,348.91000,16.44,2026-07-05 02:59:59,5734.0922000,146,10.61,3701.1207000,0
2026-07-05 03:00:00,348.91000,349.04000,348.65000,348.95000,20.34,2026-07-05 03:59:59,7095.7957000,194,9.14,3188.9082000,0
2026-07-05 04:00:00,349.01000,349.56000,348.59000,349.43000,64.28,2026-07-05 04:59:59,22440.7866000,423,46.67,16295.3457000,0
2026-07-05 05:00:00,349.43000,349.90000,349.42000,349.82000,25.08,2026-07-05 05:59:59,8769.5517000,270,17.03,5955.0457000,0
2026-07-05 06:00:00,349.82000,349.82000,349.14000,349.33000,22.15,2026-07-05 06:59:59,7742.2983000,156,3.28,1146.2412000,0
2026-07-05 07:00:00,349.40000,349.48000,348.56000,348.66000,36.44,2026-07-05 07:59:59,12716.1792000,242,10.96,3825.8243000,0
2026-07-05 08:00:00,348.57000,348.69000,348.56000,348.57000,13.34,2026-07-05 08:59:59,4650.2519000,125,5.55,1934.8667000,0
2026-07-05 09:00:00,348.61000,348.61000,348.01000,348.34000,51.30,2026-07-05 09:59:59,17873.4372000,184,11.08,3858.6372000,0
2026-07-05 10:00:00,348.36000,348.74000,348.27000,348.74000,19.35,2026-07-05 10:59:59,6742.6880000,147,15.78,5498.9214000,0
2026-07-05 11:00:00,348.75000,348.80000,348.60000,348.72000,8.29,2026-07-05 11:59:59,2890.6603000,124,5.13,1788.8846000,0
2026-07-05 12:00:00,348.65000,348.65000,348.15000,348.30000,22.48,2026-07-05 12:59:59,7831.2482000,211,5.89,2051.5731000,0
2026-07-05 13:00:00,348.23000,348.24000,347.87000,348.09000,34.55,2026-07-05 13:59:59,12026.4209000,172,13.01,4529.3953000,0
2026-07-05 14:00:00,348.14000,348.14000,347.75000,347.75000,17.13,2026-07-05 14:59:59,5959.9921000,118,3.37,1172.4503000,0
2026-07-05 15:00:00,347.75000,347.93000,347.73000,347.76000,9.75,2026-07-05 15:59:59,3391.2961000,93,5.38,1871.4584000,0
2026-07-05 16:00:00,347.76000,349.59000,347.67000,349.32000,213.91,2026-07-05 16:59:59,74590.5187000,518,195.65,68225.5908000,0
2026-07-05 17:00:00,349.28000,349.37000,348.88000,349.15000,27.37,2026-07-05 17:59:59,9555.3868000,236,18.51,6462.2820000,0
2026-07-05 18:00:00,349.15000,349.20000,349.09000,349.20000,3.75,2026-07-05 18:59:59,1309.3383000,50,2.31,806.5768000,0
2026-07-05 19:00:00,349.22000,349.22000,348.97000,349.18000,10.45,2026-07-05 19:59:59,3647.6271000,113,2.88,1005.3571000,0
2026-07-05 20:00:00,349.15000,349.32000,349.13000,349.22000,6.47,2026-07-05 20:59:59,2259.5141000,85,4.28,1494.7556000,0
2026-07-05 21:00:00,349.29000,349.37000,349.09000,349.36000,13.37,2026-07-05 21:59:59,4668.9489000,80,7.66,2675.1222000,0
2026-07-05 22:00:00,349.37000,349.83000,347.91000,347.91000,185.92,2026-07-05 22:59:59,64916.0756000,610,52.03,18179.2553000,0
2026-07-05 23:00:00,347.92000,349.01000,347.71000,347.87000,200.66,2026-07-05 23:59:59,69887.7641000,613,93.05,32414.3007000,0
2026-07-06 00:00:00,347.83000,348.11000,342.79000,345.00000,990.11,2026-07-06 00:59:59,343107.9063000,2934,407.52,141252.2532000,0
2026-07-06 01:00:00,344.88000,344.88000,337.62000,339.76000,549.49,2026-07-06 01:59:59,187713.1622000,1649,189.82,64835.5688000,0
2026-07-06 02:00:00,339.99000,340.49000,334.45000,337.75000,426.19,2026-07-06 02:59:59,143637.0051000,1537,220.50,74337.3634000,0
2026-07-06 03:00:00,337.63000,341.58000,337.25000,338.50000,367.52,2026-07-06 03:59:59,124578.1953000,1439,179.00,60710.2318000,0
2026-07-06 04:00:00,338.49000,341.50000,337.29000,340.50000,208.90,2026-07-06 04:59:59,70867.5332000,842,97.49,33065.3286000,0
2026-07-06 05:00:00,340.62000,341.85000,339.00000,340.15000,220.22,2026-07-06 05:59:59,74955.3887000,909,128.17,43643.4202000,0
2026-07-06 06:00:00,340.15000,342.49000,339.37000,342.44000,87.99,2026-07-06 06:59:59,30040.2305000,419,67.55,23070.8881000,0
2026-07-06 07:00:00,342.31000,342.93000,340.44000,340.44000,224.99,2026-07-06 07:59:59,76903.1066000,635,56.89,19458.7306000,0
2026-07-06 08:00:00,340.62000,343.59000,340.49000,341.75000,153.76,2026-07-06 08:59:59,52557.2461000,716,95.71,32730.7837000,0
2026-07-06 09:00:00,341.87000,342.25000,340.82000,341.43000,127.23,2026-07-06 09:59:59,43447.0780000,428,57.97,19801.8429000,0
2026-07-06 10:00:00,341.42000,341.48000,336.77000,338.26000,265.42,2026-07-06 10:59:59,89925.1892000,929,133.30,45165.3769000,0
2026-07-06 11:00:00,338.13000,340.61000,336.39000,339.11000,300.95,2026-07-06 11:59:59,101869.0757000,1134,171.85,58190.1926000,0
2026-07-06 12:00:00,339.10000,340.45000,338.46000,339.48000,481.66,2026-07-06 12:59:59,163469.1120000,1587,267.89,90941.9513000,0
2026-07-06 13:00:00,339.25000,351.11000,330.88000,348.87000,3097.96,2026-07-06 13:59:59,1051818.9283000,10676,1372.42,466525.1927000,0
2026-07-06 14:00:00,348.99000,353.54000,345.05000,348.25000,1041.80,2026-07-06 14:59:59,364062.6639000,5202,467.67,163557.4147000,0
2026-07-06 15:00:00,348.19000,349.99000,344.15000,345.50000,747.01,2026-07-06 15:59:59,258553.2110000,2462,276.61,95711.1257000,0
2026-07-06 16:00:00,345.62000,347.35000,341.35000,341.62000,480.68,2026-07-06 16:59:59,165508.6694000,1553,241.53,83168.7857000,0
2026-07-06 17:00:00,341.50000,343.15000,337.28000,338.12000,1020.07,2026-07-06 17:59:59,346379.3330000,1797,510.04,173496.8028000,0
2026-07-06 18:00:00,338.25000,341.19000,338.00000,338.73000,249.59,2026-07-06 18:59:59,84720.1764000,933,124.46,42238.4918000,0
2026-07-06 19:00:00,338.87000,340.68000,335.50000,336.12000,332.26,2026-07-06 19:59:59,112554.8453000,1279,161.33,54656.7545000,0
2026-07-06 20:00:00,336.01000,340.04000,335.69000,336.63000,791.53,2026-07-06 20:59:59,266990.3960000,2557,433.92,146402.3454000,0
2026-07-06 21:00:00,336.74000,337.48000,336.28000,336.87000,143.06,2026-07-06 21:59:59,48154.8456000,414,52.16,17569.4201000,0
2026-07-06 22:00:00,336.95000,337.36000,335.47000,336.37000,114.78,2026-07-06 22:59:59,38619.3410000,572,62.57,21056.3374000,0
2026-07-06 23:00:00,336.50000,336.80000,333.50000,333.50000,156.67,2026-07-06 23:59:59,52490.2858000,582,40.60,13608.2918000,0
2026-07-07 00:00:00,333.37000,335.57000,329.51000,334.08000,1235.99,2026-07-07 00:59:59,411674.0021000,4459,660.28,219992.5937000,0
2026-07-07 01:00:00,333.87000,334.14000,327.79000,331.90000,354.79,2026-07-07 01:59:59,117485.9404000,1469,146.52,48566.6595000,0
2026-07-07 02:00:00,332.00000,333.01000,329.81000,330.22000,149.32,2026-07-07 02:59:59,49564.0086000,688,48.93,16253.4284000,0
2026-07-07 03:00:00,330.12000,330.62000,325.33000,327.00000,363.84,2026-07-07 03:59:59,119303.0946000,1100,192.84,63170.9446000,0
2026-07-07 04:00:00,326.94000,327.24000,324.85000,325.95000,186.21,2026-07-07 04:59:59,60728.5796000,554,78.86,25725.1611000,0
2026-07-07 05:00:00,325.99000,329.75000,323.19000,329.17000,476.84,2026-07-07 05:59:59,155576.5882000,1404,222.40,72630.5398000,0
2026-07-07 06:00:00,329.00000,330.29000,327.72000,330.02000,155.70,2026-07-07 06:59:59,51207.6825000,473,97.87,32202.7066000,0
2026-07-07 07:00:00,330.00000,331.22000,329.16000,329.49000,190.08,2026-07-07 07:59:59,62757.5969000,673,95.08,31416.2422000,0
2026-07-07 08:00:00,329.26000,330.00000,327.50000,327.50000,158.79,2026-07-07 08:59:59,52167.8416000,732,71.30,23418.7412000,0
2026-07-07 09:00:00,327.50000,328.54000,325.33000,326.56000,179.59,2026-07-07 09:59:59,58737.9108000,644,61.04,19977.0577000,0
2026-07-07 10:00:00,326.58000,328.00000,325.28000,326.72000,170.11,2026-07-07 10:59:59,55527.2846000,472,108.67,35471.1085000,0
2026-07-07 11:00:00,326.74000,327.48000,323.94000,324.87000,290.79,2026-07-07 11:59:59,94576.3240000,1064,104.38,33980.5201000,0
2026-07-07 12:00:00,324.96000,326.86000,321.50000,321.88000,550.66,2026-07-07 12:59:59,178400.1050000,1730,158.34,51361.9992000,0
2026-07-07 13:00:00,321.78000,330.23000,315.37000,321.36000,1743.50,2026-07-07 13:59:59,562619.7836000,6892,886.56,286308.1073000,0
2026-07-07 14:00:00,321.13000,322.94000,304.52000,312.50000,1697.01,2026-07-07 14:59:59,528782.1531000,4916,701.34,218623.4230000,0
2026-07-07 15:00:00,312.41000,315.50000,310.62000,312.75000,710.91,2026-07-07 15:59:59,222438.3988000,2258,376.84,117942.2951000,0
2026-07-07 16:00:00,312.87000,318.77000,312.62000,316.87000,396.21,2026-07-07 16:59:59,125319.4063000,1506,166.04,52519.5237000,0
2026-07-07 17:00:00,316.83000,317.51000,315.08000,315.37000,143.83,2026-07-07 17:59:59,45459.7977000,741,52.50,16603.6294000,0
2026-07-07 18:00:00,315.50000,316.25000,309.72000,310.57000,657.59,2026-07-07 18:59:59,206018.8119000,1054,291.69,91122.8303000,0
2026-07-07 19:00:00,310.50000,314.50000,310.12000,314.25000,227.64,2026-07-07 19:59:59,71081.9311000,1136,111.64,34883.4702000,0
2026-07-07 20:00:00,314.35000,315.62000,314.35000,314.84000,83.22,2026-07-07 20:59:59,26214.2778000,549,52.85,16648.7186000,0
2026-07-07 21:00:00,314.84000,315.31000,312.48000,312.86000,110.14,2026-07-07 21:59:59,34572.5779000,471,35.47,11141.7803000,0
2026-07-07 22:00:00,312.73000,313.21000,312.44000,312.95000,57.80,2026-07-07 22:59:59,18081.3967000,320,25.81,8075.9415000,0
2026-07-07 23:00:00,312.95000,313.65000,310.66000,311.20000,205.32,2026-07-07 23:59:59,64181.5690000,656,87.79,27483.1135000,0
2026-07-08 00:00:00,311.25000,320.62000,310.47000,320.37000,765.47,2026-07-08 00:59:59,241440.9981000,2683,504.32,159069.6740000,0
2026-07-08 01:00:00,320.49000,321.31000,315.84000,316.21000,413.10,2026-07-08 01:59:59,131751.2070000,1518,160.88,51328.9675000,0
2026-07-08 02:00:00,316.13000,318.50000,314.12000,318.07000,381.78,2026-07-08 02:59:59,120754.1624000,1419,202.79,64083.5128000,0
2026-07-08 03:00:00,318.12000,320.89000,318.11000,318.94000,194.43,2026-07-08 03:59:59,62133.3636000,713,79.24,25337.8296000,0
2026-07-08 04:00:00,319.01000,319.12000,312.89000,315.51000,363.67,2026-07-08 04:59:59,114726.5575000,1719,165.07,51970.2592000,0
2026-07-08 05:00:00,315.52000,316.40000,311.00000,312.53000,459.51,2026-07-08 05:59:59,144005.9721000,1821,202.12,63380.7134000,0
2026-07-08 06:00:00,312.50000,312.75000,310.55000,311.03000,373.57,2026-07-08 06:59:59,116421.4260000,1182,141.43,44097.5557000,0
2026-07-08 07:00:00,311.12000,314.00000,310.63000,313.19000,186.18,2026-07-08 07:59:59,58125.2470000,800,106.19,33157.9607000,0
2026-07-08 08:00:00,313.37000,313.81000,301.22000,302.75000,895.60,2026-07-08 08:59:59,274267.1514000,3085,331.66,101487.0179000,0
2026-07-08 09:00:00,302.83000,303.14000,298.78000,301.37000,884.06,2026-07-08 09:59:59,265379.4036000,2347,402.14,120832.8855000,0
2026-07-08 10:00:00,301.45000,305.95000,300.30000,304.00000,402.74,2026-07-08 10:59:59,121961.8732000,1491,197.51,59839.0486000,0
2026-07-08 11:00:00,304.07000,304.97000,301.64000,303.60000,447.38,2026-07-08 11:59:59,135715.5161000,1626,238.06,72266.8711000,0
2026-07-08 12:00:00,303.59000,308.75000,303.10000,306.93000,772.41,2026-07-08 12:59:59,236479.2919000,2338,432.59,132345.6676000,0
2026-07-08 13:00:00,306.99000,329.29000,306.57000,327.75000,2364.48,2026-07-08 13:59:59,753582.2922000,9348,1180.71,375512.1076000,0
2026-07-08 14:00:00,327.75000,328.89000,313.18000,314.00000,1427.14,2026-07-08 14:59:59,455458.4838000,6193,674.28,215165.5176000,0
2026-07-08 15:00:00,314.12000,314.84000,305.15000,306.41000,764.33,2026-07-08 15:59:59,236376.3747000,2907,306.47,94698.9558000,0
2026-07-08 16:00:00,306.37000,313.90000,306.36000,313.62000,507.97,2026-07-08 16:59:59,157727.6331000,2180,274.68,85262.8625000,0
2026-07-08 17:00:00,313.50000,316.75000,312.07000,313.72000,385.98,2026-07-08 17:59:59,121446.9115000,1303,172.72,54357.0738000,0
2026-07-08 18:00:00,313.50000,316.12000,313.35000,314.75000,242.73,2026-07-08 18:59:59,76382.6213000,1097,121.41,38218.0163000,0
2026-07-08 19:00:00,314.86000,318.86000,314.38000,317.64000,287.53,2026-07-08 19:59:59,90950.6109000,1146,147.16,46590.1018000,0
2026-07-08 20:00:00,317.60000,318.23000,316.06000,316.67000,248.32,2026-07-08 20:59:59,78719.9979000,1084,82.87,26276.7943000,0
2026-07-08 21:00:00,316.58000,318.78000,316.45000,317.58000,60.25,2026-07-08 21:59:59,19125.9032000,531,34.41,10921.4485000,0
2026-07-08 22:00:00,317.51000,317.87000,317.23000,317.87000,29.77,2026-07-08 22:59:59,9452.5518000,269,15.87,5040.2041000,0
2026-07-08 23:00:00,317.97000,319.61000,317.41000,318.75000,293.99,2026-07-08 23:59:59,93658.7311000,1280,164.20,52315.8478000,0
2026-07-09 00:00:00,318.84000,322.17000,318.33000,320.84000,522.04,2026-07-09 00:59:59,167588.7149000,1290,340.74,109400.7470000,0
2026-07-09 01:00:00,320.62000,322.42000,317.71000,318.25000,419.88,2026-07-09 01:59:59,134342.2088000,1495,122.84,39348.3817000,0
2026-07-09 02:00:00,318.36000,319.97000,317.52000,318.07000,181.20,2026-07-09 02:59:59,57785.9546000,849,95.92,30607.7033000,0
2026-07-09 03:00:00,318.24000,319.49000,316.74000,318.96000,131.32,2026-07-09 03:59:59,41794.6872000,583,53.59,17067.4773000,0
2026-07-09 04:00:00,319.11000,319.47000,318.23000,318.87000,84.18,2026-07-09 04:59:59,26837.3444000,255,20.11,6413.3655000,0
2026-07-09 05:00:00,318.75000,321.47000,318.63000,321.46000,125.99,2026-07-09 05:59:59,40308.1088000,386,92.96,29752.3911000,0
2026-07-09 06:00:00,321.49000,325.17000,321.25000,324.50000,450.71,2026-07-09 06:59:59,145550.5737000,821,263.89,85188.5726000,0
2026-07-09 07:00:00,324.60000,328.77000,324.60000,327.97000,275.62,2026-07-09 07:59:59,90125.4484000,927,123.65,40433.7714000,0
2026-07-09 08:00:00,327.84000,331.46000,327.11000,329.56000,280.56,2026-07-09 08:59:59,92541.2232000,1143,175.25,57817.0885000,0
2026-07-09 09:00:00,329.63000,329.88000,327.37000,328.12000,70.64,2026-07-09 09:59:59,23209.7252000,482,21.36,7022.9226000,0
2026-07-09 10:00:00,328.00000,329.30000,326.37000,327.39000,227.88,2026-07-09 10:59:59,74890.5258000,517,111.75,36768.1918000,0
2026-07-09 11:00:00,327.53000,332.99000,326.50000,332.00000,351.15,2026-07-09 11:59:59,115616.5536000,1071,190.48,62809.2382000,0
2026-07-09 12:00:00,331.87000,335.29000,331.52000,334.98000,410.99,2026-07-09 12:59:59,137066.5687000,951,287.06,95809.8638000,0
2026-07-09 13:00:00,334.97000,341.97000,330.85000,335.87000,3231.84,2026-07-09 13:59:59,1085153.2651000,9721,1502.72,504302.0687000,0
2026-07-09 14:00:00,336.00000,339.16000,326.62000,328.25000,2403.53,2026-07-09 14:59:59,795775.1872000,5632,1099.14,364202.1938000,0
2026-07-09 15:00:00,328.37000,332.23000,328.25000,331.50000,303.01,2026-07-09 15:59:59,100086.6389000,1200,172.15,56861.6860000,0
2026-07-09 16:00:00,331.37000,332.86000,329.34000,331.11000,380.56,2026-07-09 16:59:59,126073.4527000,1260,175.63,58157.1240000,0
2026-07-09 17:00:00,330.87000,334.71000,330.87000,332.76000,159.91,2026-07-09 17:59:59,53232.7083000,639,64.92,21602.4178000,0
2026-07-09 18:00:00,332.98000,333.74000,329.75000,331.30000,124.22,2026-07-09 18:59:59,41167.6604000,615,43.58,14448.3300000,0
2026-07-09 19:00:00,331.37000,331.60000,326.87000,327.82000,253.44,2026-07-09 19:59:59,83290.1838000,1088,97.12,31915.3393000,0
2026-07-09 20:00:00,327.92000,328.43000,326.59000,328.24000,46.65,2026-07-09 20:59:59,15284.5869000,358,20.58,6745.8943000,0
2026-07-09 21:00:00,328.25000,329.23000,327.87000,328.50000,32.80,2026-07-09 21:59:59,10779.4462000,268,19.40,6376.4856000,0
2026-07-09 22:00:00,328.61000,329.25000,327.87000,328.32000,83.05,2026-07-09 22:59:59,27289.0361000,371,18.54,6089.4240000,0
2026-07-09 23:00:00,328.32000,329.00000,327.75000,328.68000,45.13,2026-07-09 23:59:59,14813.9835000,303,29.25,9603.4993000,0
2026-07-10 00:00:00,328.62000,331.21000,324.51000,327.25000,617.43,2026-07-10 00:59:59,202243.0870000,2441,216.13,70920.4701000,0
2026-07-10 01:00:00,327.17000,329.34000,325.16000,328.37000,242.08,2026-07-10 01:59:59,79364.5419000,1099,122.26,40055.6294000,0
2026-07-10 02:00:00,328.31000,334.46000,327.75000,334.01000,441.06,2026-07-10 02:59:59,145907.0842000,1771,275.57,91310.9218000,0
2026-07-10 03:00:00,334.25000,336.50000,332.79000,334.67000,328.90,2026-07-10 03:59:59,109888.3454000,1119,188.87,63088.5224000,0
2026-07-10 04:00:00,334.83000,335.31000,331.61000,331.63000,148.92,2026-07-10 04:59:59,49653.6908000,629,27.14,9070.2734000,0
2026-07-10 05:00:00,331.70000,331.95000,328.04000,328.54000,324.19,2026-07-10 05:59:59,107056.8850000,1136,112.45,37095.6783000,0
2026-07-10 06:00:00,328.67000,329.01000,323.36000,323.50000,300.38,2026-07-10 06:59:59,97779.5237000,1392,87.69,28524.8386000,0
2026-07-10 07:00:00,323.37000,323.85000,320.37000,321.04000,145.13,2026-07-10 07:59:59,46702.9369000,690,42.99,13857.9992000,0
2026-07-10 08:00:00,321.12000,323.06000,320.23000,321.37000,464.47,2026-07-10 08:59:59,149510.5978000,1232,213.46,68797.5397000,0
2026-07-10 09:00:00,321.50000,323.81000,318.93000,322.40000,396.84,2026-07-10 09:59:59,127546.3104000,1099,172.65,55614.0034000,0
2026-07-10 10:00:00,322.56000,324.52000,321.86000,323.95000,150.76,2026-07-10 10:59:59,48728.1563000,728,102.83,33246.1978000,0
2026-07-10 11:00:00,323.92000,326.50000,323.25000,324.27000,298.08,2026-07-10 11:59:59,96821.9600000,1117,184.80,60025.6113000,0
2026-07-10 12:00:00,324.37000,326.73000,322.23000,322.23000,338.60,2026-07-10 12:59:59,109988.5600000,1441,164.26,53406.2116000,0
2026-07-10 13:00:00,322.27000,330.54000,318.31000,320.53000,2572.37,2026-07-10 13:59:59,832293.7265000,8518,1273.44,412167.0467000,0
2026-07-10 14:00:00,320.37000,321.87000,315.62000,316.25000,1213.34,2026-07-10 14:59:59,387135.1030000,5288,707.65,225815.1212000,0
2026-07-10 15:00:00,316.37000,322.12000,315.51000,320.31000,354.12,2026-07-10 15:59:59,113012.3379000,2431,207.16,66137.4217000,0
2026-07-10 16:00:00,320.37000,324.77000,319.47000,322.11000,651.51,2026-07-10 16:59:59,210421.3498000,2041,481.83,155797.6268000,0
2026-07-10 17:00:00,322.01000,327.21000,322.00000,324.89000,281.08,2026-07-10 17:59:59,91269.5252000,1344,152.19,49393.3991000,0
2026-07-10 18:00:00,324.99000,327.70000,324.77000,326.12000,227.06,2026-07-10 18:59:59,74066.9905000,950,101.51,33126.3152000,0
2026-07-10 19:00:00,326.19000,327.86000,324.62000,324.87000,177.74,2026-07-10 19:59:59,58070.1790000,959,73.64,24072.3270000,0
2026-07-10 20:00:00,324.75000,326.03000,324.43000,325.94000,98.90,2026-07-10 20:59:59,32152.3780000,608,49.48,16089.0110000,0
2026-07-10 21:00:00,325.96000,326.27000,325.24000,325.51000,62.68,2026-07-10 21:59:59,20422.3835000,421,24.67,8038.7439000,0
2026-07-10 22:00:00,325.61000,325.89000,325.00000,325.00000,127.47,2026-07-10 22:59:59,41461.6281000,631,32.26,10499.7621000,0
2026-07-10 23:00:00,325.00000,325.35000,324.25000,324.75000,94.43,2026-07-10 23:59:59,30680.3479000,447,34.98,11363.9341000,0
2026-07-11 00:00:00,324.86000,325.41000,323.12000,323.32000,61.11,2026-07-11 00:59:59,19808.5057000,548,41.19,13351.0215000,0
2026-07-11 01:00:00,323.16000,324.00000,322.09000,322.69000,36.00,2026-07-11 01:59:59,11630.1500000,350,21.49,6943.7724000,0
2026-07-11 02:00:00,322.67000,323.93000,322.14000,323.49000,53.39,2026-07-11 02:59:59,17243.0313000,509,38.83,12541.0605000,0
2026-07-11 03:00:00,323.39000,324.31000,322.86000,323.91000,119.99,2026-07-11 03:59:59,38819.5185000,712,51.07,16518.8147000,0
2026-07-11 04:00:00,323.75000,324.11000,322.50000,323.67000,81.82,2026-07-11 04:59:59,26472.3115000,551,36.33,11751.2750000,0
2026-07-11 05:00:00,323.63000,323.72000,322.89000,323.21000,36.24,2026-07-11 05:59:59,11716.9828000,258,21.41,6922.3595000,0
2026-07-11 06:00:00,323.25000,323.71000,322.79000,323.44000,40.68,2026-07-11 06:59:59,13147.5904000,378,23.78,7686.1913000,0
2026-07-11 07:00:00,323.30000,323.43000,322.75000,322.94000,59.67,2026-07-11 07:59:59,19276.5485000,423,27.02,8728.9466000,0
2026-07-11 08:00:00,322.90000,323.36000,322.13000,323.14000,54.51,2026-07-11 08:59:59,17600.1073000,340,22.21,7167.5269000,0
2026-07-11 09:00:00,323.11000,324.83000,322.48000,322.96000,128.30,2026-07-11 09:59:59,41515.7271000,863,68.15,22052.1746000,0
2026-07-11 10:00:00,322.87000,323.21000,322.61000,322.75000,30.76,2026-07-11 10:59:59,9929.8984000,301,17.67,5704.6090000,0
2026-07-11 11:00:00,322.82000,323.09000,321.47000,321.72000,125.52,2026-07-11 11:59:59,40421.2726000,503,21.63,6968.1470000,0
2026-07-11 12:00:00,321.78000,321.95000,320.65000,320.72000,45.06,2026-07-11 12:59:59,14484.0997000,435,25.08,8061.9787000,0
2026-07-11 13:00:00,320.71000,320.97000,320.37000,320.40000,25.00,2026-07-11 13:59:59,8016.5900000,204,15.84,5079.8933000,0
2026-07-11 14:00:00,320.47000,320.50000,319.61000,319.81000,74.21,2026-07-11 14:59:59,23743.3079000,459,38.10,12192.8729000,0
2026-07-11 15:00:00,319.82000,320.22000,319.42000,319.92000,57.62,2026-07-11 15:59:59,18428.0083000,430,43.51,13917.6268000,0
2026-07-11 16:00:00,319.90000,319.91000,319.44000,319.63000,24.27,2026-07-11 16:59:59,7757.9785000,194,13.86,4430.4171000,0
2026-07-11 17:00:00,319.56000,320.34000,319.40000,320.14000,47.51,2026-07-11 17:59:59,15196.4670000,346,36.80,11770.7022000,0
2026-07-11 18:00:00,320.06000,320.23000,319.82000,320.09000,37.34,2026-07-11 18:59:59,11949.1265000,352,26.17,8374.9226000,0
2026-07-11 19:00:00,320.08000,320.54000,319.94000,320.07000,24.53,2026-07-11 19:59:59,7853.4892000,296,14.82,4744.7866000,0
2026-07-11 20:00:00,320.03000,320.41000,319.45000,320.12000,55.55,2026-07-11 20:59:59,17768.6330000,311,35.50,11353.1474000,0
2026-07-11 21:00:00,320.24000,321.00000,319.32000,321.00000,58.47,2026-07-11 21:59:59,18707.8660000,357,33.91,10854.5080000,0
2026-07-11 22:00:00,320.88000,321.91000,320.43000,321.79000,82.84,2026-07-11 22:59:59,26603.2561000,388,36.30,11655.9672000,0
2026-07-11 23:00:00,321.86000,321.95000,320.11000,320.22000,53.72,2026-07-11 23:59:59,17243.8797000,300,17.07,5473.8226000,0
2026-07-12 00:00:00,320.22000,320.88000,319.56000,320.53000,71.96,2026-07-12 00:59:59,23040.8016000,417,35.32,11307.2204000,0
2026-07-12 01:00:00,320.49000,320.49000,319.64000,320.16000,35.77,2026-07-12 01:59:59,11445.0621000,226,19.71,6304.4239000,0
2026-07-12 02:00:00,320.17000,320.95000,319.62000,320.65000,74.03,2026-07-12 02:59:59,23708.2236000,439,32.09,10274.6981000,0
2026-07-12 03:00:00,320.60000,321.00000,320.13000,320.25000,17.67,2026-07-12 03:59:59,5663.2627000,232,11.54,3698.6701000,0
2026-07-12 04:00:00,320.23000,320.43000,318.92000,319.52000,81.80,2026-07-12 04:59:59,26135.6030000,920,29.67,9487.5472000,0
2026-07-12 05:00:00,319.37000,319.72000,319.30000,319.38000,21.79,2026-07-12 05:59:59,6960.7797000,174,17.75,5670.3682000,0
2026-07-12 06:00:00,319.36000,319.98000,319.09000,319.24000,61.00,2026-07-12 06:59:59,19481.8523000,335,23.44,7485.1440000,0
2026-07-12 07:00:00,319.32000,319.42000,319.12000,319.12000,12.95,2026-07-12 07:59:59,4134.6803000,140,6.97,2225.5819000,0
2026-07-12 08:00:00,319.06000,320.22000,319.00000,319.96000,37.15,2026-07-12 08:59:59,11878.5775000,272,14.12,4510.9457000,0
2026-07-12 09:00:00,319.88000,319.95000,319.14000,319.28000,16.60,2026-07-12 09:59:59,5302.6575000,171,9.83,3139.5706000,0
2026-07-12 10:00:00,319.24000,319.87000,318.95000,319.31000,39.19,2026-07-12 10:59:59,12516.3754000,295,26.18,8361.7880000,0
2026-07-12 11:00:00,319.35000,319.94000,319.06000,319.39000,46.47,2026-07-12 11:59:59,14845.2967000,383,31.00,9900.5931000,0
2026-07-12 12:00:00,319.43000,319.58000,318.90000,318.99000,36.21,2026-07-12 12:59:59,11559.8799000,312,16.72,5336.6814000,0
2026-07-12 13:00:00,319.06000,319.27000,318.90000,319.25000,19.62,2026-07-12 13:59:59,6260.0159000,279,12.21,3895.5929000,0
2026-07-12 14:00:00,319.20000,319.40000,318.87000,319.00000,31.34,2026-07-12 14:59:59,10003.7199000,166,10.98,3503.7268000,0
2026-07-12 15:00:00,318.90000,319.22000,318.63000,319.12000,32.75,2026-07-12 15:59:59,10441.7975000,212,15.35,4895.1939000,0
2026-07-12 16:00:00,319.07000,319.45000,318.63000,319.11000,31.92,2026-07-12 16:59:59,10187.0478000,151,22.99,7337.7558000,0
2026-07-12 17:00:00,319.06000,319.15000,318.75000,318.75000,16.47,2026-07-12 17:59:59,5253.5357000,97,12.28,3917.1552000,0
2026-07-12 18:00:00,318.69000,319.61000,318.69000,319.08000,20.39,2026-07-12 18:59:59,6506.9273000,174,12.10,3861.1183000,0
2026-07-12 19:00:00,319.07000,319.23000,318.80000,318.89000,13.91,2026-07-12 19:59:59,4438.3109000,101,7.60,2424.6881000,0
2026-07-12 20:00:00,318.90000,319.78000,318.76000,318.76000,25.21,2026-07-12 20:59:59,8049.9951000,227,12.76,4072.6695000,0
2026-07-12 21:00:00,318.75000,319.09000,318.59000,318.69000,22.33,2026-07-12 21:59:59,7119.1251000,206,12.81,4083.8378000,0
2026-07-12 22:00:00,318.70000,319.75000,318.29000,319.67000,180.95,2026-07-12 22:59:59,57728.9830000,445,45.39,14478.9151000,0
2026-07-12 23:00:00,319.70000,320.18000,318.52000,318.77000,80.80,2026-07-12 23:59:59,25804.9859000,455,45.36,14487.0746000,0
2026-07-13 00:00:00,318.88000,325.43000,318.88000,320.34000,568.52,2026-07-13 00:59:59,183111.7341000,2872,271.82,87521.3568000,0
2026-07-13 01:00:00,320.48000,320.70000,315.75000,316.14000,239.22,2026-07-13 01:59:59,76090.0044000,1305,133.64,42513.4790000,0
2026-07-13 02:00:00,316.25000,317.14000,314.80000,315.10000,474.64,2026-07-13 02:59:59,149772.5087000,1279,197.39,62330.7240000,0
2026-07-13 03:00:00,314.87000,314.87000,312.05000,312.41000,435.63,2026-07-13 03:59:59,136461.9973000,1791,145.03,45438.5315000,0
2026-07-13 04:00:00,312.35000,312.77000,311.49000,312.11000,124.34,2026-07-13 04:59:59,38797.3177000,681,72.73,22693.8232000,0
2026-07-13 05:00:00,312.22000,313.87000,311.21000,312.24000,266.81,2026-07-13 05:59:59,83337.7549000,1062,140.29,43839.0030000,0
2026-07-13 06:00:00,312.24000,312.90000,307.42000,308.50000,789.33,2026-07-13 06:59:59,244229.8137000,2265,249.27,77213.6581000,0
2026-07-13 07:00:00,308.57000,312.01000,307.53000,310.29000,382.33,2026-07-13 07:59:59,118476.7595000,1153,224.59,69589.6599000,0
2026-07-13 08:00:00,310.46000,313.40000,310.46000,313.00000,360.01,2026-07-13 08:59:59,112321.9810000,1754,191.77,59846.5403000,0
2026-07-13 09:00:00,312.95000,314.62000,312.50000,314.25000,109.43,2026-07-13 09:59:59,34318.5732000,834,69.32,21742.0215000,0
2026-07-13 10:00:00,314.37000,314.71000,312.63000,313.20000,84.92,2026-07-13 10:59:59,26618.0260000,506,38.31,12017.3523000,0
2026-07-13 11:00:00,313.12000,315.19000,313.12000,313.68000,207.05,2026-07-13 11:59:59,65093.0152000,868,141.25,44404.2265000,0
2026-07-13 12:00:00,313.73000,314.00000,310.55000,311.55000,204.82,2026-07-13 12:59:59,63944.3917000,678,62.23,19422.6339000,0
2026-07-13 13:00:00,311.50000,323.62000,310.78000,312.80000,2553.19,2026-07-13 13:59:59,809026.0986000,8525,1185.14,375163.9346000,0
2026-07-13 14:00:00,313.00000,320.00000,309.29000,318.26000,1239.84,2026-07-13 14:59:59,389354.6030000,4414,591.76,186342.3445000,0
2026-07-13 15:00:00,318.50000,320.38000,315.40000,316.15000,267.11,2026-07-13 15:59:59,85056.2597000,1568,131.98,42012.9475000,0
2026-07-13 16:00:00,316.22000,318.39000,309.31000,311.90000,227.17,2026-07-13 16:59:59,71101.7634000,1694,84.53,26460.3438000,0
2026-07-13 17:00:00,311.75000,312.87000,306.97000,308.80000,398.79,2026-07-13 17:59:59,123338.8404000,1779,215.64,66803.3922000,0
2026-07-13 18:00:00,308.87000,311.76000,307.87000,308.12000,223.84,2026-07-13 18:59:59,69243.8575000,1187,104.86,32441.3093000,0
2026-07-13 19:00:00,308.00000,310.02000,306.60000,307.50000,411.06,2026-07-13 19:59:59,126574.0808000,1598,178.58,55046.3387000,0
2026-07-13 20:00:00,307.62000,308.97000,306.16000,306.62000,96.14,2026-07-13 20:59:59,29518.9868000,625,50.64,15553.3263000,0
2026-07-13 21:00:00,306.68000,307.58000,306.18000,306.66000,38.31,2026-07-13 21:59:59,11754.2126000,382,24.28,7451.5983000,0
2026-07-13 22:00:00,306.73000,307.02000,305.96000,306.26000,62.32,2026-07-13 22:59:59,19109.0613000,359,29.32,8989.8684000,0
2026-07-13 23:00:00,306.23000,306.53000,304.95000,305.50000,200.41,2026-07-13 23:59:59,61230.3596000,871,97.39,29772.0462000,0
2026-07-14 00:00:00,305.62000,310.11000,305.33000,310.00000,557.48,2026-07-14 00:59:59,171059.1169000,2065,342.72,105233.8659000,0
2026-07-14 01:00:00,309.87000,311.39000,308.26000,308.40000,229.63,2026-07-14 01:59:59,71120.2066000,1088,113.54,35185.3852000,0
2026-07-14 02:00:00,308.50000,308.81000,304.46000,305.16000,207.09,2026-07-14 02:59:59,63448.2978000,1149,82.69,25346.4104000,0
2026-07-14 03:00:00,305.00000,305.78000,302.38000,305.54000,207.33,2026-07-14 03:59:59,63052.8424000,1102,116.27,35392.3837000,0
2026-07-14 04:00:00,305.51000,307.49000,304.88000,307.49000,205.31,2026-07-14 04:59:59,62781.1928000,825,138.66,42413.5951000,0
2026-07-14 05:00:00,307.43000,311.90000,306.50000,311.17000,230.22,2026-07-14 05:59:59,71374.4977000,1023,121.97,37769.5511000,0
2026-07-14 06:00:00,311.25000,312.25000,311.12000,311.42000,100.67,2026-07-14 06:59:59,31372.8312000,409,59.77,18629.2438000,0
2026-07-14 07:00:00,311.41000,316.58000,310.88000,315.60000,251.95,2026-07-14 07:59:59,79179.9539000,1338,148.63,46684.6805000,0
2026-07-14 08:00:00,315.60000,319.73000,315.15000,317.55000,224.89,2026-07-14 08:59:59,71437.3562000,1259,100.46,31888.7521000,0
2026-07-14 09:00:00,317.53000,318.60000,316.46000,318.01000,161.42,2026-07-14 09:59:59,51293.1118000,530,64.88,20629.4847000,0
2026-07-14 10:00:00,318.12000,319.10000,317.65000,318.37000,95.50,2026-07-14 10:59:59,30398.3118000,449,42.54,13551.0065000,0
2026-07-14 11:00:00,318.44000,321.95000,317.65000,319.60000,472.87,2026-07-14 11:59:59,150834.1695000,1074,148.45,47478.0096000,0
2026-07-14 12:00:00,319.50000,324.38000,317.65000,323.00000,783.34,2026-07-14 12:59:59,251426.3555000,3167,352.67,113220.8032000,0
2026-07-14 13:00:00,322.89000,325.30000,311.00000,315.12000,2245.75,2026-07-14 13:59:59,712789.7344000,8112,1190.04,377635.2923000,0
2026-07-14 14:00:00,315.00000,316.75000,307.49000,310.19000,911.05,2026-07-14 14:59:59,282961.2600000,3976,507.14,157623.7125000,0
2026-07-14 15:00:00,310.22000,317.25000,310.22000,312.26000,391.87,2026-07-14 15:59:59,123049.8420000,1784,232.65,73005.6083000,0
2026-07-14 16:00:00,312.26000,312.87000,309.30000,309.50000,441.22,2026-07-14 16:59:59,137418.5562000,1064,267.74,83424.3488000,0
2026-07-14 17:00:00,309.37000,310.88000,307.62000,310.84000,223.32,2026-07-14 17:59:59,69065.2383000,730,118.82,36716.5553000,0
2026-07-14 18:00:00,310.62000,311.83000,307.68000,309.53000,471.55,2026-07-14 18:59:59,146002.7464000,1548,322.34,99857.3911000,0
2026-07-14 19:00:00,309.50000,312.53000,307.99000,311.25000,293.41,2026-07-14 19:59:59,91122.6618000,1142,143.86,44709.7787000,0
2026-07-14 20:00:00,311.12000,312.48000,309.75000,312.43000,218.33,2026-07-14 20:59:59,67977.8386000,709,94.69,29548.3020000,0
2026-07-14 21:00:00,312.43000,313.00000,311.75000,312.00000,31.58,2026-07-14 21:59:59,9860.4029000,368,16.74,5228.3567000,0
2026-07-14 22:00:00,312.11000,312.17000,311.25000,311.62000,87.61,2026-07-14 22:59:59,27318.1471000,353,41.64,12984.9938000,0
2026-07-14 23:00:00,311.74000,313.27000,311.28000,312.95000,73.76,2026-07-14 23:59:59,23029.0134000,658,54.95,17156.1828000,0
2026-07-15 00:00:00,312.97000,317.35000,311.48000,315.85000,557.61,2026-07-15 00:59:59,176002.3397000,3225,243.72,76894.4196000,0
2026-07-15 01:00:00,315.78000,318.11000,314.15000,315.87000,659.51,2026-07-15 01:59:59,208847.1280000,1606,369.80,117273.2656000,0
2026-07-15 02:00:00,315.99000,317.72000,315.77000,316.45000,118.57,2026-07-15 02:59:59,37592.8345000,693,66.30,21021.4859000,0
2026-07-15 03:00:00,316.37000,318.37000,316.26000,318.12000,350.34,2026-07-15 03:59:59,111260.9541000,599,97.31,30920.3760000,0
2026-07-15 04:00:00,318.17000,318.35000,316.33000,317.87000,132.06,2026-07-15 04:59:59,41942.6082000,647,54.49,17317.5103000,0
2026-07-15 05:00:00,317.96000,318.92000,316.28000,317.75000,197.13,2026-07-15 05:59:59,62610.6871000,835,87.89,27929.7368000,0
2026-07-15 06:00:00,317.62000,318.25000,316.69000,317.12000,44.09,2026-07-15 06:59:59,14004.6636000,367,20.97,6662.7019000,0
2026-07-15 07:00:00,317.00000,317.94000,315.39000,316.51000,50.18,2026-07-15 07:59:59,15874.8247000,502,26.69,8441.8592000,0
2026-07-15 08:00:00,316.51000,317.42000,312.66000,313.50000,183.67,2026-07-15 08:59:59,57710.6260000,881,102.43,32206.6506000,0
2026-07-15 09:00:00,313.42000,314.60000,313.42000,313.92000,35.81,2026-07-15 09:59:59,11243.3745000,338,20.54,6449.3708000,0
2026-07-15 10:00:00,313.96000,314.12000,312.57000,313.55000,69.10,2026-07-15 10:59:59,21631.9004000,536,35.12,11001.5158000,0
2026-07-15 11:00:00,313.49000,313.97000,313.16000,313.45000,44.74,2026-07-15 11:59:59,14027.5141000,609,25.74,8071.8935000,0
2026-07-15 12:00:00,313.61000,314.48000,311.76000,314.02000,209.09,2026-07-15 12:59:59,65530.1944000,747,104.02,32600.6731000,0
2026-07-15 13:00:00,314.04000,316.56000,298.61000,302.87000,2277.96,2026-07-15 13:59:59,701885.8266000,8662,1124.03,346585.4935000,0
2026-07-15 14:00:00,303.00000,305.97000,294.25000,297.50000,3069.87,2026-07-15 14:59:59,917144.5850000,7793,1107.16,330857.7179000,0
2026-07-15 15:00:00,297.62000,298.29000,287.64000,289.62000,2090.30,2026-07-15 15:59:59,609738.6787000,4315,930.42,271698.0657000,0
2026-07-15 16:00:00,289.50000,290.50000,281.14000,286.95000,2165.31,2026-07-15 16:59:59,615562.3607000,4563,906.26,257377.0954000,0
2026-07-15 17:00:00,287.12000,296.20000,287.12000,294.93000,690.85,2026-07-15 17:59:59,201282.8556000,1995,213.26,62142.6479000,0
2026-07-15 18:00:00,294.87000,297.23000,293.12000,293.24000,450.77,2026-07-15 18:59:59,132962.0429000,1179,238.41,70441.2285000,0
2026-07-15 19:00:00,293.24000,300.00000,292.99000,299.38000,487.88,2026-07-15 19:59:59,144953.3568000,1478,202.27,60147.0451000,0
2026-07-15 20:00:00,299.38000,299.84000,298.19000,299.04000,160.71,2026-07-15 20:59:59,48057.9262000,1133,103.59,30979.9064000,0
2026-07-15 21:00:00,298.99000,299.58000,298.02000,298.61000,100.28,2026-07-15 21:59:59,29970.9957000,681,38.43,11482.4085000,0
2026-07-15 22:00:00,298.62000,299.13000,296.76000,297.82000,171.26,2026-07-15 22:59:59,51011.8979000,821,43.48,12958.8543000,0
2026-07-15 23:00:00,297.62000,298.05000,292.47000,293.75000,190.32,2026-07-15 23:59:59,56182.8310000,1172,88.45,26039.8283000,0
2026-07-16 00:00:00,293.87000,294.74000,286.00000,289.88000,1426.06,2026-07-16 00:59:59,412990.4820000,5911,627.47,181660.3594000,0
2026-07-16 01:00:00,290.00000,291.97000,288.43000,290.62000,249.23,2026-07-16 01:59:59,72412.1075000,1556,116.23,33797.1373000,0
2026-07-16 02:00:00,290.50000,292.56000,289.54000,292.00000,55.48,2026-07-16 02:59:59,16151.7180000,494,23.18,6753.1879000,0
2026-07-16 03:00:00,291.87000,293.44000,291.58000,292.50000,71.89,2026-07-16 03:59:59,21022.8136000,614,36.75,10753.8257000,0
2026-07-16 04:00:00,292.62000,292.62000,291.17000,292.37000,191.52,2026-07-16 04:59:59,55938.8833000,556,94.49,27591.0803000,0
2026-07-16 05:00:00,292.26000,296.11000,292.25000,294.62000,323.91,2026-07-16 05:59:59,95248.1441000,1435,190.34,56039.9421000,0
2026-07-16 06:00:00,294.74000,295.50000,292.26000,292.88000,167.67,2026-07-16 06:59:59,49245.1320000,918,75.67,22211.1144000,0
2026-07-16 07:00:00,292.87000,292.87000,289.13000,289.50000,155.53,2026-07-16 07:59:59,45185.3825000,987,37.75,10969.3669000,0
2026-07-16 08:00:00,289.62000,292.18000,283.30000,286.37000,829.43,2026-07-16 08:59:59,237642.2418000,3156,335.82,96480.3828000,0
2026-07-16 09:00:00,286.47000,290.45000,285.52000,289.13000,602.49,2026-07-16 09:59:59,173482.4859000,2406,390.22,112332.0136000,0
2026-07-16 10:00:00,289.13000,290.00000,288.00000,288.77000,200.90,2026-07-16 10:59:59,58096.5824000,1573,99.76,28871.4969000,0
2026-07-16 11:00:00,288.76000,288.83000,285.26000,286.67000,607.48,2026-07-16 11:59:59,174146.0642000,2514,283.87,81407.8325000,0
2026-07-16 12:00:00,286.86000,287.00000,283.74000,285.54000,284.61,2026-07-16 12:59:59,81089.5897000,1428,136.01,38750.0133000,0
2026-07-16 13:00:00,285.65000,289.23000,281.36000,285.86000,2099.21,2026-07-16 13:59:59,598405.4765000,8759,982.02,280157.7714000,0
2026-07-16 14:00:00,285.68000,290.28000,279.05000,281.50000,1429.49,2026-07-16 14:59:59,407789.7205000,4570,807.31,230637.8896000,0
2026-07-16 15:00:00,281.39000,282.18000,276.80000,278.98000,629.34,2026-07-16 15:59:59,175630.8976000,1219,327.95,91476.8529000,0
2026-07-16 16:00:00,278.89000,279.93000,275.82000,279.30000,1820.82,2026-07-16 16:59:59,506491.6649000,1432,902.11,250423.8811000,0
2026-07-16 17:00:00,279.23000,279.23000,274.99000,275.68000,207.75,2026-07-16 17:59:59,57462.4225000,651,58.31,16164.0503000,0
2026-07-16 18:00:00,275.68000,278.58000,274.71000,275.46000,350.32,2026-07-16 18:59:59,96714.1644000,695,270.41,74644.7301000,0
2026-07-16 19:00:00,275.19000,277.73000,274.44000,277.50000,298.42,2026-07-16 19:59:59,82373.4781000,579,199.90,55183.0971000,0
2026-07-16 20:00:00,277.14000,277.70000,276.03000,276.56000,84.84,2026-07-16 20:59:59,23471.1683000,517,36.81,10183.9250000,0
2026-07-16 21:00:00,276.56000,276.71000,275.44000,276.45000,46.68,2026-07-16 21:59:59,12886.0584000,343,12.05,3329.0588000,0
2026-07-16 22:00:00,276.45000,276.47000,274.28000,274.38000,134.20,2026-07-16 22:59:59,36967.6261000,419,35.73,9830.5099000,0
2026-07-16 23:00:00,274.86000,275.26000,271.24000,271.96000,287.10,2026-07-16 23:59:59,78427.0457000,961,84.57,23115.2390000,0
2026-07-17 00:00:00,272.43000,273.23000,268.00000,271.52000,559.83,2026-07-17 00:59:59,151583.8407000,1789,357.58,96857.6126000,0
2026-07-17 01:00:00,271.41000,274.67000,268.00000,269.06000,596.57,2026-07-17 01:59:59,161920.4664000,2019,200.52,54469.6625000,0
2026-07-17 02:00:00,269.32000,269.47000,264.59000,266.79000,413.80,2026-07-17 02:59:59,110432.4065000,1621,151.22,40458.1800000,0
2026-07-17 03:00:00,266.86000,271.50000,266.78000,269.74000,294.81,2026-07-17 03:59:59,79276.0492000,1143,200.42,53818.3160000,0
2026-07-17 04:00:00,269.60000,269.70000,264.07000,265.63000,400.74,2026-07-17 04:59:59,106764.2867000,1233,123.30,32816.4770000,0
2026-07-17 05:00:00,265.54000,266.63000,260.81000,261.46000,493.13,2026-07-17 05:59:59,129679.8577000,1713,177.34,46683.8874000,0
2026-07-17 06:00:00,260.99000,265.68000,260.98000,262.77000,286.61,2026-07-17 06:59:59,75520.8030000,1065,146.07,38437.1183000,0
2026-07-17 07:00:00,262.82000,264.15000,261.77000,261.85000,231.74,2026-07-17 07:59:59,60962.2752000,713,162.01,42626.6405000,0
2026-07-17 08:00:00,262.32000,264.17000,258.45000,260.99000,490.49,2026-07-17 08:59:59,128234.0770000,1689,290.30,75983.9843000,0
2026-07-17 09:00:00,261.03000,267.53000,261.01000,266.17000,271.84,2026-07-17 09:59:59,71806.3986000,889,126.43,33363.9876000,0
2026-07-17 10:00:00,266.19000,270.96000,265.79000,270.17000,420.06,2026-07-17 10:59:59,112909.8773000,1389,196.27,52710.1074000,0
2026-07-17 11:00:00,270.31000,272.14000,266.47000,266.86000,368.92,2026-07-17 11:59:59,99274.0660000,1431,157.09,42282.0703000,0
2026-07-17 12:00:00,266.82000,267.40000,263.43000,264.68000,325.76,2026-07-17 12:59:59,86516.0679000,1327,163.43,43429.0673000,0
2026-07-17 13:00:00,264.68000,270.42000,255.74000,268.61000,2255.27,2026-07-17 13:59:59,593369.3952000,5698,1058.43,279370.4215000,0
2026-07-17 14:00:00,268.51000,280.11000,268.51000,273.99000,1228.09,2026-07-17 14:59:59,338447.8604000,3583,644.08,177346.3138000,0
2026-07-17 15:00:00,273.99000,282.47000,271.61000,282.25000,1682.41,2026-07-17 15:59:59,465515.4596000,2300,562.97,155912.7120000,0
2026-07-17 16:00:00,282.13000,283.87000,279.81000,282.13000,982.99,2026-07-17 16:59:59,277027.9827000,3444,423.04,119218.4121000,0
2026-07-17 17:00:00,282.12000,285.15000,280.66000,281.06000,233.31,2026-07-17 17:59:59,66150.7332000,1757,84.55,23967.0911000,0
2026-07-17 18:00:00,281.00000,281.12000,276.98000,278.44000,167.92,2026-07-17 18:59:59,46862.5399000,926,63.37,17681.7522000,0
2026-07-17 19:00:00,278.43000,279.90000,276.40000,278.06000,2577.90,2026-07-17 19:59:59,715064.0328000,1325,2024.98,561481.6122000,0
2026-07-17 20:00:00,277.81000,278.83000,275.92000,277.34000,282.31,2026-07-17 20:59:59,78239.8730000,1353,168.49,46696.6431000,0
2026-07-17 21:00:00,277.21000,278.06000,276.95000,277.00000,29.24,2026-07-17 21:59:59,8108.9096000,305,12.00,3329.8070000,0
2026-07-17 22:00:00,277.28000,278.04000,276.55000,277.82000,21.96,2026-07-17 22:59:59,6094.0988000,189,15.00,4163.8505000,0
2026-07-17 23:00:00,277.92000,278.06000,276.28000,277.11000,149.48,2026-07-17 23:59:59,41439.1262000,504,54.69,15166.6409000,0
2026-07-18 00:00:00,277.11000,277.11000,275.84000,276.47000,64.35,2026-07-18 00:59:59,17791.8878000,353,46.90,12969.2826000,0
2026-07-18 01:00:00,276.49000,278.26000,276.49000,277.55000,57.79,2026-07-18 01:59:59,16027.0711000,276,43.24,11993.9365000,0
2026-07-18 02:00:00,277.64000,277.75000,276.30000,276.70000,19.81,2026-07-18 02:59:59,5484.3481000,160,6.25,1731.0157000,0
2026-07-18 03:00:00,276.50000,276.82000,276.10000,276.21000,20.45,2026-07-18 03:59:59,5652.0366000,174,8.53,2357.9347000,0
2026-07-18 04:00:00,276.15000,276.50000,275.70000,275.99000,24.98,2026-07-18 04:59:59,6898.5167000,213,14.78,4082.9555000,0
2026-07-18 05:00:00,275.75000,275.85000,275.36000,275.48000,15.25,2026-07-18 05:59:59,4203.0770000,147,8.39,2312.9822000,0
2026-07-18 06:00:00,275.36000,275.60000,274.70000,275.05000,33.12,2026-07-18 06:59:59,9116.7066000,136,8.04,2212.8309000,0
2026-07-18 07:00:00,275.07000,276.14000,274.91000,276.14000,43.28,2026-07-18 07:59:59,11927.3764000,158,26.98,7439.1903000,0
2026-07-18 08:00:00,276.14000,276.39000,275.22000,276.21000,16.43,2026-07-18 08:59:59,4533.3903000,160,9.06,2500.5191000,0
2026-07-18 09:00:00,276.21000,276.23000,274.76000,274.97000,29.35,2026-07-18 09:59:59,8078.1904000,160,16.83,4632.4834000,0
2026-07-18 10:00:00,275.10000,275.41000,274.79000,275.27000,16.76,2026-07-18 10:59:59,4609.6233000,144,9.70,2668.1347000,0
2026-07-18 11:00:00,275.15000,275.60000,274.77000,275.60000,24.81,2026-07-18 11:59:59,6826.1004000,157,19.46,5355.4191000,0
2026-07-18 12:00:00,275.52000,276.25000,274.43000,275.51000,79.08,2026-07-18 12:59:59,21771.0822000,385,33.94,9341.5067000,0
2026-07-18 13:00:00,275.61000,275.87000,274.87000,275.35000,26.99,2026-07-18 13:59:59,7436.4108000,122,4.35,1198.6583000,0
2026-07-18 14:00:00,275.35000,275.59000,274.50000,274.89000,30.38,2026-07-18 14:59:59,8353.9606000,252,15.97,4392.7076000,0
2026-07-18 15:00:00,274.90000,275.18000,274.16000,274.36000,34.44,2026-07-18 15:59:59,9459.5245000,276,14.62,4016.3458000,0
2026-07-18 16:00:00,274.45000,274.94000,274.03000,274.94000,23.31,2026-07-18 16:59:59,6394.8671000,217,14.14,3879.9455000,0
2026-07-18 17:00:00,274.83000,274.83000,273.88000,274.33000,18.08,2026-07-18 17:59:59,4957.9806000,184,10.22,2803.0817000,0
2026-07-18 18:00:00,274.42000,274.66000,273.93000,274.24000,22.07,2026-07-18 18:59:59,6053.5431000,210,9.27,2543.5103000,0
2026-07-18 19:00:00,274.38000,274.81000,274.19000,274.57000,28.41,2026-07-18 19:59:59,7802.3209000,204,11.03,3029.1518000,0
2026-07-18 20:00:00,274.75000,274.90000,274.43000,274.90000,13.46,2026-07-18 20:59:59,3697.1904000,143,6.63,1821.2889000,0
2026-07-18 21:00:00,274.70000,275.75000,274.54000,275.30000,16.59,2026-07-18 21:59:59,4561.4371000,190,9.27,2550.1988000,0
2026-07-18 22:00:00,274.65000,275.79000,274.04000,274.47000,70.59,2026-07-18 22:59:59,19413.8684000,385,25.79,7093.3037000,0
2026-07-18 23:00:00,274.62000,275.03000,274.25000,274.61000,16.91,2026-07-18 23:59:59,4644.2845000,139,12.14,3334.4935000,0
2026-07-19 00:00:00,274.75000,276.23000,274.15000,276.21000,21.31,2026-07-19 00:59:59,5862.7729000,248,13.48,3708.8819000,0
2026-07-19 01:00:00,276.12000,276.40000,274.85000,275.23000,34.50,2026-07-19 01:59:59,9508.7951000,331,19.89,5483.9364000,0
2026-07-19 02:00:00,275.24000,275.53000,274.04000,274.86000,35.68,2026-07-19 02:59:59,9810.5861000,175,25.86,7112.2842000,0
2026-07-19 03:00:00,275.04000,275.53000,274.76000,275.01000,9.81,2026-07-19 03:59:59,2698.3091000,97,4.86,1336.9776000,0
2026-07-19 04:00:00,275.20000,276.48000,275.09000,276.12000,17.21,2026-07-19 04:59:59,4743.9855000,165,12.48,3439.6043000,0
2026-07-19 05:00:00,275.93000,275.93000,274.62000,275.45000,28.30,2026-07-19 05:59:59,7791.3355000,202,5.86,1612.7587000,0
2026-07-19 06:00:00,275.29000,275.29000,274.29000,274.86000,16.45,2026-07-19 06:59:59,4517.7972000,144,10.18,2796.2888000,0
2026-07-19 07:00:00,274.92000,275.47000,274.61000,275.23000,10.08,2026-07-19 07:59:59,2771.4905000,139,5.72,1573.0518000,0
2026-07-19 08:00:00,275.35000,277.12000,275.35000,276.65000,97.58,2026-07-19 08:59:59,26958.2028000,618,61.04,16855.8265000,0
2026-07-19 09:00:00,276.55000,276.59000,275.64000,276.42000,32.86,2026-07-19 09:59:59,9073.2722000,222,6.05,1671.4170000,0
2026-07-19 10:00:00,276.75000,276.75000,275.34000,275.98000,18.64,2026-07-19 10:59:59,5145.9244000,181,7.15,1973.9599000,0
2026-07-19 11:00:00,275.79000,276.11000,274.72000,275.93000,49.36,2026-07-19 11:59:59,13596.7094000,275,23.61,6506.3654000,0
2026-07-19 12:00:00,275.28000,275.35000,274.02000,274.70000,40.04,2026-07-19 12:59:59,10986.6464000,279,22.26,6108.6256000,0
2026-07-19 13:00:00,274.60000,275.23000,274.13000,274.65000,39.10,2026-07-19 13:59:59,10739.9794000,187,32.47,8919.7392000,0
2026-07-19 14:00:00,274.45000,275.28000,273.85000,274.50000,73.28,2026-07-19 14:59:59,20115.9370000,326,23.41,6423.7478000,0
2026-07-19 15:00:00,274.41000,275.53000,274.02000,274.60000,25.19,2026-07-19 15:59:59,6922.0471000,174,8.62,2368.2944000,0
2026-07-19 16:00:00,274.49000,274.58000,273.67000,274.49000,28.00,2026-07-19 16:59:59,7673.8358000,230,9.98,2735.7958000,0
2026-07-19 17:00:00,274.28000,275.57000,273.89000,275.50000,21.65,2026-07-19 17:59:59,5948.3821000,156,15.32,4208.5612000,0
2026-07-19 18:00:00,275.76000,276.84000,275.61000,276.57000,70.08,2026-07-19 18:59:59,19358.7238000,356,10.96,3027.3390000,0
2026-07-19 19:00:00,276.68000,277.10000,276.41000,276.65000,12.89,2026-07-19 19:59:59,3567.8503000,134,6.73,1862.2919000,0
2026-07-19 20:00:00,276.47000,276.90000,276.30000,276.62000,5.48,2026-07-19 20:59:59,1515.6609000,89,3.00,829.5203000,0
2026-07-19 21:00:00,276.56000,277.27000,276.27000,277.27000,11.92,2026-07-19 21:59:59,3300.7522000,98,9.86,2730.8403000,0
2026-07-19 22:00:00,277.19000,278.72000,275.28000,278.24000,125.06,2026-07-19 22:59:59,34689.5647000,547,74.95,20779.7022000,0
2026-07-19 23:00:00,278.59000,278.82000,276.72000,277.49000,51.41,2026-07-19 23:59:59,14268.4657000,399,24.03,6667.4169000,0
2026-07-20 00:00:00,277.44000,282.79000,273.92000,279.97000,821.08,2026-07-20 00:59:59,228908.4151000,3445,474.24,132139.2556000,0
2026-07-20 01:00:00,279.96000,281.53000,276.37000,278.06000,318.54,2026-07-20 01:59:59,88564.2437000,1695,91.98,25609.3832000,0
2026-07-20 02:00:00,278.27000,281.37000,277.49000,280.73000,123.09,2026-07-20 02:59:59,34386.2512000,975,57.41,16011.6837000,0
2026-07-20 03:00:00,280.51000,281.53000,279.30000,280.91000,66.43,2026-07-20 03:59:59,18619.1771000,313,22.66,6352.1070000,0
2026-07-20 04:00:00,281.00000,283.68000,279.17000,282.37000,241.21,2026-07-20 04:59:59,68018.2535000,1002,168.18,47504.1182000,0
2026-07-20 05:00:00,282.50000,282.89000,278.25000,278.88000,97.76,2026-07-20 05:59:59,27463.8871000,534,14.90,4175.8551000,0
2026-07-20 06:00:00,278.71000,279.45000,276.37000,276.37000,681.99,2026-07-20 06:59:59,189146.4223000,1391,430.20,119368.5303000,0
2026-07-20 07:00:00,276.63000,281.68000,276.39000,281.68000,1484.30,2026-07-20 07:59:59,411986.0848000,4130,1210.87,336059.5507000,0
2026-07-20 08:00:00,281.52000,282.47000,280.28000,281.12000,167.63,2026-07-20 08:59:59,47190.1379000,1439,75.35,21223.9326000,0
2026-07-20 09:00:00,281.11000,284.14000,280.68000,282.75000,972.02,2026-07-20 09:59:59,273278.0571000,2369,715.99,201300.5944000,0
2026-07-20 10:00:00,282.75000,284.93000,282.22000,284.41000,233.37,2026-07-20 10:59:59,66176.6729000,1169,111.92,31734.1278000,0
2026-07-20 11:00:00,284.37000,288.35000,284.36000,288.35000,288.46,2026-07-20 11:59:59,82740.4278000,1540,139.47,39972.8215000,0
2026-07-20 12:00:00,288.18000,288.93000,284.41000,285.11000,262.44,2026-07-20 12:59:59,75153.1945000,1688,86.67,24884.0149000,0
2026-07-20 13:00:00,285.11000,298.90000,285.11000,296.87000,2739.76,2026-07-20 13:59:59,793907.0845000,8040,1344.65,389543.0752000,0
2026-07-20 14:00:00,297.00000,297.61000,289.87000,290.75000,613.99,2026-07-20 14:59:59,180042.9165000,3385,225.40,66086.5575000,0
2026-07-20 15:00:00,290.62000,295.25000,289.35000,294.90000,164.76,2026-07-20 15:59:59,48207.5514000,1916,55.00,16112.3618000,0
2026-07-20 16:00:00,295.00000,297.37000,292.32000,293.43000,249.49,2026-07-20 16:59:59,73460.4509000,2116,82.06,24176.2833000,0
2026-07-20 17:00:00,293.44000,294.00000,291.60000,292.41000,123.18,2026-07-20 17:59:59,36070.4871000,941,24.28,7118.4422000,0
2026-07-20 18:00:00,292.59000,293.68000,289.17000,289.37000,390.02,2026-07-20 18:59:59,113821.1429000,1106,231.85,67716.9243000,0
2026-07-20 19:00:00,289.50000,290.03000,284.75000,285.75000,182.00,2026-07-20 19:59:59,52273.1254000,1243,101.96,29254.7894000,0
2026-07-20 20:00:00,285.87000,286.35000,285.06000,285.87000,94.47,2026-07-20 20:59:59,26988.2246000,570,31.77,9082.6709000,0
2026-07-20 21:00:00,286.12000,286.45000,285.38000,286.00000,60.94,2026-07-20 21:59:59,17423.6614000,405,45.25,12938.9151000,0
2026-07-20 22:00:00,286.12000,286.22000,285.14000,285.37000,44.87,2026-07-20 22:59:59,12812.2118000,163,16.32,4659.3928000,0
2026-07-20 23:00:00,285.25000,286.95000,285.00000,286.62000,38.56,2026-07-20 23:59:59,11032.9335000,351,28.62,8188.3431000,0
2026-07-21 00:00:00,286.53000,290.25000,285.14000,288.87000,232.43,2026-07-21 00:59:59,66890.1989000,2522,80.85,23281.6173000,0
2026-07-21 01:00:00,288.76000,290.37000,288.55000,288.63000,74.96,2026-07-21 01:59:59,21718.1796000,425,19.37,5611.0622000,0
2026-07-21 02:00:00,288.87000,290.25000,288.12000,290.03000,86.50,2026-07-21 02:59:59,25004.6954000,487,38.04,11007.7847000,0
2026-07-21 03:00:00,290.04000,295.12000,290.04000,294.51000,137.71,2026-07-21 03:59:59,40269.1733000,1091,102.02,29821.8264000,0
2026-07-21 04:00:00,294.72000,295.67000,294.25000,294.75000,86.39,2026-07-21 04:59:59,25491.7828000,621,49.44,14590.8292000,0
2026-07-21 05:00:00,294.62000,296.05000,293.39000,295.88000,137.59,2026-07-21 05:59:59,40602.5291000,566,31.01,9157.0008000,0
2026-07-21 06:00:00,295.88000,298.72000,295.88000,298.26000,246.25,2026-07-21 06:59:59,73153.8996000,1032,101.42,30179.6807000,0
2026-07-21 07:00:00,298.50000,298.90000,297.47000,298.60000,34.44,2026-07-21 07:59:59,10271.1117000,410,7.05,2102.9013000,0
2026-07-21 08:00:00,298.51000,301.75000,298.24000,301.37000,205.83,2026-07-21 08:59:59,61768.6709000,1286,112.03,33639.4911000,0
2026-07-21 09:00:00,301.42000,303.00000,300.28000,300.42000,354.34,2026-07-21 09:59:59,106901.8464000,1770,132.08,39898.0991000,0
2026-07-21 10:00:00,300.47000,302.97000,300.23000,301.26000,887.90,2026-07-21 10:59:59,268054.3137000,2315,316.25,95481.0976000,0
2026-07-21 11:00:00,301.13000,308.23000,300.00000,305.74000,833.30,2026-07-21 11:59:59,252991.8565000,3583,422.38,128279.7868000,0
2026-07-21 12:00:00,305.74000,306.90000,304.20000,306.45000,343.44,2026-07-21 12:59:59,104840.7499000,1778,274.10,83664.1415000,0
2026-07-21 13:00:00,306.45000,310.32000,302.50000,305.62000,1405.13,2026-07-21 13:59:59,430367.7736000,6987,660.30,202294.8794000,0
2026-07-21 14:00:00,305.75000,311.62000,302.75000,310.29000,839.34,2026-07-21 14:59:59,259311.3287000,3103,313.51,96865.5369000,0
2026-07-21 15:00:00,310.38000,314.29000,310.15000,312.99000,392.99,2026-07-21 15:59:59,122578.4897000,1530,133.89,41747.4837000,0
2026-07-21 16:00:00,313.06000,319.96000,313.00000,318.50000,756.02,2026-07-21 16:59:59,239609.5754000,2092,278.10,88150.2711000,0
2026-07-21 17:00:00,318.62000,320.20000,317.86000,318.19000,167.03,2026-07-21 17:59:59,53286.4067000,1032,70.08,22370.7266000,0
2026-07-21 18:00:00,318.37000,319.18000,315.96000,316.30000,99.82,2026-07-21 18:59:59,31724.3445000,852,62.07,19731.2903000,0
2026-07-21 19:00:00,316.28000,319.30000,315.25000,317.27000,313.61,2026-07-21 19:59:59,99396.9208000,1475,172.48,54661.2678000,0
2026-07-21 20:00:00,317.27000,319.37000,317.25000,318.73000,111.95,2026-07-21 20:59:59,35654.2771000,587,68.24,21736.5930000,0
2026-07-21 21:00:00,318.66000,319.65000,318.31000,319.23000,195.04,2026-07-21 21:59:59,62211.4515000,603,84.98,27126.5937000,0
2026-07-21 22:00:00,319.23000,319.35000,318.22000,318.89000,95.46,2026-07-21 22:59:59,30412.7936000,382,20.77,6621.4986000,0
2026-07-21 23:00:00,318.75000,320.66000,318.47000,320.46000,65.78,2026-07-21 23:59:59,21020.8698000,445,43.03,13744.1292000,0
2026-07-22 00:00:00,320.52000,323.91000,317.63000,318.35000,408.37,2026-07-22 00:59:59,131181.1130000,2289,179.24,57587.9909000,0
2026-07-22 01:00:00,318.26000,319.48000,316.02000,318.32000,365.04,2026-07-22 01:59:59,115935.7624000,1925,161.83,51400.0107000,0
2026-07-22 02:00:00,318.31000,319.59000,315.33000,315.62000,162.03,2026-07-22 02:59:59,51523.4133000,926,72.66,23140.0440000,0
2026-07-22 03:00:00,315.74000,317.05000,314.68000,315.86000,148.62,2026-07-22 03:59:59,46941.8782000,839,82.67,26131.7697000,0
2026-07-22 04:00:00,315.84000,316.28000,313.82000,314.12000,90.43,2026-07-22 04:59:59,28527.6175000,599,48.42,15294.7007000,0
2026-07-22 05:00:00,314.05000,314.05000,308.37000,309.79000,298.19,2026-07-22 05:59:59,92803.4349000,1251,99.25,30851.3998000,0
2026-07-22 06:00:00,309.64000,309.64000,306.19000,307.91000,335.20,2026-07-22 06:59:59,103160.9782000,1723,183.19,56395.8641000,0
2026-07-22 07:00:00,307.88000,307.88000,305.83000,307.12000,246.29,2026-07-22 07:59:59,75569.0441000,1235,151.81,46607.7732000,0
2026-07-22 08:00:00,307.00000,308.07000,305.62000,307.22000,407.37,2026-07-22 08:59:59,125044.0669000,1553,212.53,65255.9157000,0
2026-07-22 09:00:00,307.12000,308.17000,306.23000,306.75000,79.09,2026-07-22 09:59:59,24325.1959000,541,32.04,9854.2813000,0
2026-07-22 10:00:00,306.87000,310.56000,306.87000,310.37000,65.74,2026-07-22 10:59:59,20331.1241000,759,40.18,12425.7805000,0
2026-07-22 11:00:00,310.30000,311.50000,307.37000,308.07000,82.95,2026-07-22 11:59:59,25643.8049000,919,39.62,12260.6832000,0
2026-07-22 12:00:00,308.15000,308.37000,305.69000,307.39000,919.70,2026-07-22 12:59:59,282387.5784000,2717,445.16,136794.5730000,0
2026-07-22 13:00:00,307.57000,319.03000,306.13000,317.37000,1148.02,2026-07-22 13:59:59,358493.5931000,6424,620.10,193508.0506000,0
2026-07-22 14:00:00,317.32000,317.50000,312.13000,315.37000,637.03,2026-07-22 14:59:59,200351.7447000,2851,301.29,94693.9971000,0
2026-07-22 15:00:00,315.45000,319.88000,314.62000,318.95000,699.50,2026-07-22 15:59:59,222189.2715000,2312,208.81,66318.2268000,0
2026-07-22 16:00:00,318.76000,319.72000,314.30000,316.54000,274.61,2026-07-22 16:59:59,87108.3374000,1014,78.23,24778.6755000,0
2026-07-22 17:00:00,316.37000,316.99000,314.37000,315.25000,375.09,2026-07-22 17:59:59,118315.4585000,986,266.65,84129.0516000,0
2026-07-22 18:00:00,315.37000,317.00000,314.39000,316.68000,94.88,2026-07-22 18:59:59,29941.0745000,799,33.34,10526.4118000,0
2026-07-22 19:00:00,316.62000,316.69000,312.64000,312.75000,113.30,2026-07-22 19:59:59,35677.9009000,896,57.50,18141.8166000,0
2026-07-22 20:00:00,312.87000,316.58000,311.50000,316.09000,231.69,2026-07-22 20:59:59,72797.5736000,1477,124.59,39163.4109000,0
2026-07-22 21:00:00,316.12000,319.79000,316.12000,317.37000,133.30,2026-07-22 21:59:59,42415.2499000,952,63.18,20109.5688000,0
2026-07-22 22:00:00,317.50000,317.62000,313.94000,315.87000,440.02,2026-07-22 22:59:59,139060.9305000,1311,208.65,66111.4811000,0
2026-07-22 23:00:00,315.85000,317.55000,314.43000,317.28000,188.06,2026-07-22 23:59:59,59405.4704000,862,120.43,38040.1580000,0
2026-07-23 00:00:00,317.37000,319.85000,315.81000,319.12000,709.23,2026-07-23 00:59:59,225579.4398000,2580,252.38,80295.5957000,0
2026-07-23 01:00:00,319.13000,321.08000,318.58000,319.37000,691.93,2026-07-23 01:59:59,221174.2561000,1884,471.07,150599.1794000,0
2026-07-23 02:00:00,319.40000,320.08000,316.63000,317.25000,359.68,2026-07-23 02:59:59,114515.4055000,1619,104.14,33109.8087000,0
2026-07-23 03:00:00,317.29000,318.03000,316.45000,317.30000,75.50,2026-07-23 03:59:59,23946.0971000,557,51.44,16311.5995000,0
2026-07-23 04:00:00,317.29000,317.87000,316.63000,317.17000,55.13,2026-07-23 04:59:59,17492.1779000,437,25.48,8085.3258000,0
2026-07-23 05:00:00,317.19000,318.17000,316.58000,317.04000,151.16,2026-07-23 05:59:59,47987.4300000,619,59.43,18868.3237000,0
2026-07-23 06:00:00,317.06000,318.41000,316.50000,317.60000,193.55,2026-07-23 06:59:59,61441.2717000,667,110.31,35027.6250000,0
2026-07-23 07:00:00,317.52000,318.04000,315.51000,315.99000,332.70,2026-07-23 07:59:59,105490.6896000,964,70.56,22374.6837000,0
2026-07-23 08:00:00,316.12000,319.57000,316.01000,319.31000,544.20,2026-07-23 08:59:59,172470.4300000,2017,256.96,81485.3452000,0
2026-07-23 09:00:00,319.30000,319.95000,318.37000,318.50000,54.38,2026-07-23 09:59:59,17355.7978000,384,24.83,7926.4967000,0
2026-07-23 10:00:00,318.44000,319.30000,318.10000,319.12000,26.40,2026-07-23 10:59:59,8412.0725000,275,12.98,4138.7450000,0
2026-07-23 11:00:00,319.20000,319.84000,315.69000,317.12000,364.43,2026-07-23 11:59:59,115652.2132000,1419,138.62,43973.8088000,0
2026-07-23 12:00:00,317.00000,317.12000,309.50000,310.21000,388.24,2026-07-23 12:59:59,121180.6420000,1453,99.57,31055.0488000,0
2026-07-23 13:00:00,310.37000,327.77000,307.21000,322.61000,1828.17,2026-07-23 13:59:59,572602.1339000,9827,966.22,301859.2862000,0
2026-07-23 14:00:00,322.51000,325.95000,315.61000,315.87000,755.55,2026-07-23 14:59:59,242369.0635000,5856,484.34,155184.1397000,0
2026-07-23 15:00:00,315.75000,316.04000,310.75000,315.25000,411.80,2026-07-23 15:59:59,129170.2672000,3840,198.67,62303.6403000,0
2026-07-23 16:00:00,315.37000,320.42000,314.44000,316.62000,282.63,2026-07-23 16:59:59,89825.4379000,1972,95.58,30362.7457000,0
2026-07-23 17:00:00,316.55000,317.16000,313.47000,313.55000,236.55,2026-07-23 17:59:59,74650.3652000,1332,62.52,19741.4182000,0
2026-07-23 18:00:00,313.60000,314.64000,312.04000,312.87000,187.12,2026-07-23 18:59:59,58632.6138000,1424,91.82,28774.5440000,0
2026-07-23 19:00:00,312.93000,313.75000,310.67000,313.37000,226.12,2026-07-23 19:59:59,70535.1622000,1797,100.10,31256.6420000,0
2026-07-23 20:00:00,313.50000,317.01000,312.47000,316.00000,270.77,2026-07-23 20:59:59,85076.1766000,1498,127.99,40256.0097000,0
2026-07-23 21:00:00,315.91000,316.62000,313.29000,314.13000,114.42,2026-07-23 21:59:59,36077.7148000,719,40.12,12666.3706000,0
2026-07-23 22:00:00,314.13000,314.13000,312.75000,313.98000,157.83,2026-07-23 22:59:59,49464.7797000,578,80.37,25182.8090000,0
2026-07-23 23:00:00,314.00000,314.54000,313.50000,314.00000,77.32,2026-07-23 23:59:59,24278.6735000,562,33.09,10392.7105000,0
2026-07-24 00:00:00,314.07000,314.64000,311.51000,312.59000,166.12,2026-07-24 00:59:59,51988.1686000,1718,61.98,19422.7937000,0
2026-07-24 01:00:00,312.69000,314.77000,312.53000,312.75000,100.32,2026-07-24 01:59:59,31473.4615000,925,45.89,14394.6454000,0
2026-07-24 02:00:00,312.69000,312.69000,308.57000,308.92000,76.72,2026-07-24 02:59:59,23830.4209000,715,17.94,5576.9278000,0
2026-07-24 03:00:00,308.80000,310.31000,308.38000,308.62000,137.79,2026-07-24 03:59:59,42679.4358000,650,50.51,15652.9753000,0
2026-07-24 04:00:00,308.72000,309.50000,307.84000,309.50000,62.60,2026-07-24 04:59:59,19326.8499000,564,40.01,12355.6793000,0
2026-07-24 05:00:00,309.62000,311.76000,309.06000,310.25000,114.44,2026-07-24 05:59:59,35571.9092000,691,57.01,17732.2982000,0
2026-07-24 06:00:00,310.15000,310.44000,309.02000,309.61000,50.66,2026-07-24 06:59:59,15693.2213000,396,23.42,7257.1955000,0
2026-07-24 07:00:00,309.59000,312.49000,309.59000,312.00000,41.24,2026-07-24 07:59:59,12843.1022000,455,26.92,8379.8707000,0
2026-07-24 08:00:00,311.95000,312.07000,310.12000,311.60000,45.69,2026-07-24 08:59:59,14213.9254000,556,15.82,4922.7221000,0
2026-07-24 09:00:00,311.56000,313.54000,311.46000,313.54000,20.73,2026-07-24 09:59:59,6478.3898000,287,8.35,2608.7611000,0
2026-07-24 10:00:00,313.54000,313.54000,311.26000,311.37000,58.34,2026-07-24 10:59:59,18199.7209000,562,18.68,5829.6076000,0
2026-07-24 11:00:00,311.45000,312.75000,311.41000,312.50000,87.03,2026-07-24 11:59:59,27159.5447000,747,60.19,18788.0030000,0
2026-07-24 12:00:00,312.45000,313.06000,309.84000,310.00000,79.02,2026-07-24 12:59:59,24634.0299000,705,21.82,6809.2335000,0
2026-07-24 13:00:00,309.95000,311.23000,288.93000,291.75000,1840.07,2026-07-24 13:59:59,552461.5036000,8396,779.85,234319.6490000,0
2026-07-24 14:00:00,291.82000,293.37000,283.19000,287.86000,909.16,2026-07-24 14:59:59,261950.1816000,5483,389.01,111933.5045000,0
2026-07-24 15:00:00,287.87000,291.59000,285.99000,290.75000,363.23,2026-07-24 15:59:59,105113.5735000,3316,204.81,59251.5187000,0
2026-07-24 16:00:00,290.87000,292.50000,287.00000,288.37000,135.19,2026-07-24 16:59:59,39232.8721000,1080,55.28,16043.1747000,0
2026-07-24 17:00:00,288.29000,290.79000,286.37000,289.87000,142.01,2026-07-24 17:59:59,40963.3880000,1062,65.05,18788.7304000,0
2026-07-24 18:00:00,289.79000,290.01000,283.08000,284.37000,158.36,2026-07-24 18:59:59,45243.6621000,1128,48.45,13809.5112000,0
2026-07-24 19:00:00,284.50000,284.53000,281.34000,282.63000,253.07,2026-07-24 19:59:59,71500.7531000,1689,82.77,23420.2006000,0
2026-07-24 20:00:00,282.61000,284.16000,282.42000,283.85000,152.24,2026-07-24 20:59:59,43111.3426000,821,91.22,25831.2242000,0
2026-07-24 21:00:00,283.86000,284.05000,282.59000,283.25000,22.37,2026-07-24 21:59:59,6347.0935000,243,15.41,4373.3718000,0
2026-07-24 22:00:00,283.33000,283.62000,281.98000,282.25000,73.86,2026-07-24 22:59:59,20896.3957000,386,30.30,8567.1979000,0
2026-07-24 23:00:00,282.19000,282.63000,281.23000,282.45000,45.68,2026-07-24 23:59:59,12877.7998000,454,21.85,6160.7415000,0
2026-07-25 00:00:00,282.50000,284.56000,282.50000,284.41000,69.53,2026-07-25 00:59:59,19742.3521000,1504,30.04,8527.6923000,0
2026-07-25 01:00:00,284.45000,284.58000,284.31000,284.39000,11.04,2026-07-25 01:59:59,3140.4628000,95,4.55,1294.3505000,0
2026-07-25 02:00:00,284.40000,285.65000,284.15000,284.72000,68.91,2026-07-25 02:59:59,19643.9273000,573,27.65,7880.8200000,0
2026-07-25 03:00:00,284.82000,285.25000,284.46000,284.63000,18.09,2026-07-25 03:59:59,5154.2151000,196,11.70,3333.9086000,0
2026-07-25 04:00:00,284.62000,284.89000,284.01000,284.36000,19.23,2026-07-25 04:59:59,5467.0665000,193,12.37,3516.2060000,0
2026-07-25 05:00:00,284.25000,284.28000,283.40000,283.73000,15.02,2026-07-25 05:59:59,4262.7999000,262,7.97,2262.0970000,0
2026-07-25 06:00:00,283.63000,283.82000,283.05000,283.82000,18.90,2026-07-25 06:59:59,5355.9744000,202,7.12,2017.6715000,0
2026-07-25 07:00:00,283.63000,283.75000,283.16000,283.48000,13.11,2026-07-25 07:59:59,3715.6062000,167,9.42,2669.9597000,0
2026-07-25 08:00:00,283.46000,283.46000,282.52000,282.64000,29.10,2026-07-25 08:59:59,8231.6163000,343,21.23,6005.2307000,0
2026-07-25 09:00:00,282.58000,282.59000,281.88000,282.23000,8.81,2026-07-25 09:59:59,2487.6447000,134,5.74,1621.0240000,0
2026-07-25 10:00:00,282.16000,282.37000,281.98000,282.26000,5.91,2026-07-25 10:59:59,1667.4703000,99,2.97,838.0180000,0
2026-07-25 11:00:00,282.36000,282.66000,281.68000,282.60000,43.57,2026-07-25 11:59:59,12299.0505000,258,22.26,6282.8947000,0
2026-07-25 12:00:00,282.65000,283.37000,282.65000,283.27000,8.13,2026-07-25 12:59:59,2301.4985000,127,4.31,1219.8543000,0
2026-07-25 13:00:00,283.25000,283.25000,282.37000,282.37000,25.29,2026-07-25 13:59:59,7155.1296000,161,5.70,1611.5612000,0
2026-07-25 14:00:00,282.31000,283.75000,281.95000,282.70000,109.63,2026-07-25 14:59:59,31023.8653000,753,60.27,17038.8849000,0
2026-07-25 15:00:00,282.68000,283.61000,282.52000,283.37000,24.19,2026-07-25 15:59:59,6838.9087000,153,22.41,6335.4532000,0
2026-07-25 16:00:00,283.29000,283.44000,282.56000,282.88000,20.55,2026-07-25 16:59:59,5813.3455000,210,12.92,3655.0697000,0
2026-07-25 17:00:00,282.98000,284.11000,282.98000,284.11000,25.11,2026-07-25 17:59:59,7120.3033000,273,17.67,5009.4627000,0
2026-07-25 18:00:00,284.11000,284.46000,283.76000,283.93000,22.12,2026-07-25 18:59:59,6289.5358000,142,7.61,2162.8052000,0
2026-07-25 19:00:00,284.00000,284.73000,283.98000,284.70000,8.55,2026-07-25 19:59:59,2432.0014000,86,7.58,2156.0028000,0
2026-07-25 20:00:00,284.74000,285.35000,284.18000,285.31000,13.37,2026-07-25 20:59:59,3807.7157000,142,9.38,2672.0756000,0
2026-07-25 21:00:00,285.36000,285.41000,284.36000,284.63000,58.65,2026-07-25 21:59:59,16698.3815000,268,38.71,11013.8120000,0
2026-07-25 22:00:00,284.80000,285.99000,284.80000,285.62000,16.22,2026-07-25 22:59:59,4627.1417000,116,12.14,3462.0060000,0
2026-07-25 23:00:00,285.55000,285.84000,285.15000,285.65000,50.61,2026-07-25 23:59:59,14446.3771000,123,30.53,8709.0480000,0
2026-07-26 00:00:00,285.53000,285.53000,284.14000,284.52000,18.51,2026-07-26 00:59:59,5270.2088000,176,8.04,2288.7469000,0
2026-07-26 01:00:00,284.55000,285.75000,284.14000,285.12000,7.92,2026-07-26 01:59:59,2258.8844000,143,4.23,1206.6176000,0
2026-07-26 02:00:00,285.04000,285.06000,284.40000,285.06000,4.66,2026-07-26 02:59:59,1326.3156000,88,2.51,714.3506000,0
2026-07-26 03:00:00,284.97000,285.04000,283.87000,284.69000,28.58,2026-07-26 03:59:59,8129.0646000,253,14.66,4170.1527000,0
2026-07-26 04:00:00,284.74000,285.71000,284.60000,285.50000,39.04,2026-07-26 04:59:59,11126.4799000,249,30.71,8749.4903000,0
2026-07-26 05:00:00,285.69000,285.75000,284.29000,284.45000,12.49,2026-07-26 05:59:59,3560.6085000,148,7.51,2141.8343000,0
2026-07-26 06:00:00,284.42000,285.27000,283.76000,284.98000,518.15,2026-07-26 06:59:59,147433.1996000,1141,250.12,71117.7304000,0
2026-07-26 07:00:00,284.92000,285.12000,284.20000,284.76000,18.96,2026-07-26 07:59:59,5395.6608000,161,13.64,3881.6446000,0
2026-07-26 08:00:00,284.62000,284.62000,283.87000,284.10000,19.76,2026-07-26 08:59:59,5613.0052000,134,6.68,1897.1430000,0
2026-07-26 09:00:00,284.00000,284.42000,283.62000,284.29000,5.21,2026-07-26 09:59:59,1479.2432000,101,3.25,922.7208000,0
2026-07-26 10:00:00,284.37000,286.37000,284.37000,286.36000,54.98,2026-07-26 10:59:59,15695.1454000,465,41.11,11731.9609000,0
2026-07-26 11:00:00,286.42000,286.42000,285.89000,286.30000,11.20,2026-07-26 11:59:59,3205.8383000,114,5.47,1565.6946000,0
2026-07-26 12:00:00,286.12000,286.12000,285.00000,285.59000,12.61,2026-07-26 12:59:59,3599.5187000,162,5.32,1518.2766000,0
2026-07-26 13:00:00,285.52000,286.25000,285.37000,286.00000,5.62,2026-07-26 13:59:59,1606.1692000,82,4.68,1337.3948000,0
2026-07-26 14:00:00,286.02000,286.72000,285.65000,285.80000,78.91,2026-07-26 14:59:59,22598.4219000,309,19.71,5644.1983000,0
2026-07-26 15:00:00,285.78000,286.40000,285.71000,286.11000,23.88,2026-07-26 15:59:59,6835.7838000,187,3.66,1047.3403000,0
2026-07-26 16:00:00,286.16000,286.86000,285.76000,286.66000,72.60,2026-07-26 16:59:59,20777.3675000,210,52.95,15147.3826000,0
2026-07-26 17:00:00,286.66000,286.66000,285.56000,285.74000,18.00,2026-07-26 17:59:59,5148.9044000,105,5.21,1488.6845000,0
2026-07-26 18:00:00,285.66000,285.97000,285.50000,285.76000,8.37,2026-07-26 18:59:59,2390.4433000,79,3.53,1008.4345000,0
2026-07-26 19:00:00,285.62000,285.62000,285.20000,285.20000,4.71,2026-07-26 19:59:59,1344.0675000,62,0.42,119.8748000,0
2026-07-26 20:00:00,285.12000,285.59000,284.87000,285.48000,10.53,2026-07-26 20:59:59,3003.5095000,112,5.45,1554.2388000,0
2026-07-26 21:00:00,285.41000,286.66000,285.00000,286.50000,18.04,2026-07-26 21:59:59,5155.0743000,199,17.52,5006.4744000,0
2026-07-26 22:00:00,286.61000,287.70000,285.67000,286.73000,130.96,2026-07-26 22:59:59,37563.9269000,740,87.99,25238.8894000,0
2026-07-26 23:00:00,286.85000,287.85000,286.62000,287.79000,16.63,2026-07-26 23:59:59,4777.8074000,329,6.97,2003.4137000,0
2026-07-27 00:00:00,287.84000,293.20000,287.35000,291.88000,683.70,2026-07-27 00:59:59,198076.7496000,4737,394.87,114516.8210000,0
2026-07-27 01:00:00,291.92000,292.75000,287.66000,289.54000,359.09,2026-07-27 01:59:59,103951.2522000,3216,142.39,41205.0468000,0
2026-07-27 02:00:00,289.60000,291.88000,288.80000,290.56000,394.28,2026-07-27 02:59:59,114304.6796000,2213,137.13,39817.8185000,0
2026-07-27 03:00:00,290.45000,291.45000,289.91000,290.25000,183.26,2026-07-27 03:59:59,53227.8793000,1718,104.95,30480.0884000,0
2026-07-27 04:00:00,290.37000,291.66000,289.94000,291.24000,36.38,2026-07-27 04:59:59,10581.2704000,571,15.79,4592.4943000,0
2026-07-27 05:00:00,291.17000,292.29000,290.48000,291.62000,217.17,2026-07-27 05:59:59,63258.2102000,1391,53.53,15603.5681000,0
2026-07-27 06:00:00,291.59000,293.51000,291.40000,292.75000,133.40,2026-07-27 06:59:59,39047.3912000,1116,77.11,22575.0636000,0
2026-07-27 07:00:00,292.86000,294.45000,292.86000,293.25000,156.82,2026-07-27 07:59:59,46050.2374000,757,102.15,29991.4628000,0
2026-07-27 08:00:00,293.14000,294.02000,292.47000,293.12000,116.46,2026-07-27 08:59:59,34150.5988000,905,50.61,14843.9010000,0
2026-07-27 09:00:00,293.10000,293.10000,290.55000,291.85000,103.91,2026-07-27 09:59:59,30285.5715000,777,50.31,14669.2745000,0
2026-07-27 10:00:00,291.62000,292.17000,289.03000,289.12000,272.52,2026-07-27 10:59:59,79134.1448000,1036,141.29,41050.7488000,0
2026-07-27 11:00:00,289.16000,289.16000,286.03000,287.33000,141.76,2026-07-27 11:59:59,40713.3018000,946,45.64,13119.7898000,0
2026-07-27 12:00:00,287.20000,287.68000,285.44000,287.50000,50.41,2026-07-27 12:59:59,14427.6520000,581,35.88,10268.9017000,0
2026-07-27 13:00:00,287.48000,287.62000,273.35000,273.74000,2399.78,2026-07-27 13:59:59,669703.8084000,8153,743.92,207655.0932000,0
2026-07-27 14:00:00,273.98000,274.40000,256.32000,263.96000,1788.74,2026-07-27 14:59:59,472776.5442000,6338,705.44,186381.9648000,0
2026-07-27 15:00:00,263.65000,263.65000,256.89000,259.23000,448.82,2026-07-27 15:59:59,116542.2871000,1933,211.51,54906.4931000,0
2026-07-27 16:00:00,259.22000,263.42000,257.32000,258.49000,534.05,2026-07-27 16:59:59,138735.1224000,2097,186.70,48754.4272000,0
2026-07-27 17:00:00,258.19000,261.31000,257.83000,261.06000,181.58,2026-07-27 17:59:59,47034.4126000,654,94.71,24552.6474000,0
2026-07-27 18:00:00,261.29000,262.22000,258.84000,262.10000,103.33,2026-07-27 18:59:59,26913.6357000,709,61.39,15982.0581000,0
2026-07-27 19:00:00,262.23000,271.38000,261.91000,271.38000,301.08,2026-07-27 19:59:59,80540.1140000,1446,143.98,38514.7657000,0
2026-07-27 20:00:00,271.34000,276.10000,266.31000,271.60000,1411.36,2026-07-27 20:59:59,382403.0462000,6610,692.05,187351.8270000,0
2026-07-27 21:00:00,271.62000,272.48000,271.53000,271.74000,60.82,2026-07-27 21:59:59,16531.8394000,341,20.05,5450.4776000,0
2026-07-27 22:00:00,271.53000,271.94000,268.26000,268.26000,214.34,2026-07-27 22:59:59,57746.3690000,763,37.44,10107.7061000,0
2026-07-27 23:00:00,268.37000,269.10000,267.40000,268.21000,147.06,2026-07-27 23:59:59,39423.8466000,409,129.28,34653.5804000,0
2026-07-28 00:00:00,268.50000,270.25000,265.03000,266.18000,319.27,2026-07-28 00:59:59,85263.7922000,1373,139.13,37227.7204000,0
2026-07-28 01:00:00,266.15000,268.13000,261.77000,263.98000,643.23,2026-07-28 01:59:59,170078.1882000,2901,334.26,88474.5464000,0
2026-07-28 02:00:00,263.80000,265.39000,262.52000,263.32000,113.71,2026-07-28 02:59:59,30011.2223000,865,36.71,9704.3745000,0
2026-07-28 03:00:00,263.32000,265.68000,261.48000,264.72000,424.75,2026-07-28 03:59:59,112119.6722000,1796,181.57,47915.2189000,0
2026-07-28 04:00:00,264.67000,264.83000,263.15000,263.36000,80.14,2026-07-28 04:59:59,21171.4148000,457,28.89,7626.6573000,0
2026-07-28 05:00:00,263.39000,263.90000,259.76000,259.77000,292.21,2026-07-28 05:59:59,76418.9595000,1084,141.78,37066.8505000,0
2026-07-28 06:00:00,259.80000,262.16000,258.96000,261.73000,203.07,2026-07-28 06:59:59,52907.3359000,1070,118.23,30803.6744000,0
2026-07-28 07:00:00,261.77000,263.23000,259.88000,261.29000,148.88,2026-07-28 07:59:59,38966.8626000,998,74.63,19570.1571000,0
2026-07-28 08:00:00,261.30000,266.14000,260.17000,263.57000,376.07,2026-07-28 08:59:59,99023.4050000,2239,234.60,61782.6837000,0
2026-07-28 09:00:00,263.59000,263.96000,262.61000,262.82000,140.85,2026-07-28 09:59:59,37073.5023000,686,69.95,18420.2113000,0
2026-07-28 10:00:00,262.69000,264.10000,260.00000,261.66000,369.73,2026-07-28 10:59:59,96919.5744000,1274,158.39,41574.5225000,0
2026-07-28 11:00:00,261.61000,263.75000,255.27000,257.61000,890.17,2026-07-28 11:59:59,230142.3770000,3952,413.87,107148.1472000,0
2026-07-28 12:00:00,257.83000,258.30000,252.45000,254.27000,682.80,2026-07-28 12:59:59,174296.6443000,2760,286.16,72982.3770000,0
2026-07-28 13:00:00,254.11000,257.51000,233.68000,235.69000,3544.03,2026-07-28 13:59:59,872106.6747000,9081,1437.59,353356.0283000,0
2026-07-28 14:00:00,235.88000,239.01000,229.00000,237.52000,2515.12,2026-07-28 14:59:59,587818.7752000,6573,906.50,211983.5428000,0
2026-07-28 15:00:00,237.31000,241.53000,233.51000,241.06000,1147.23,2026-07-28 15:59:59,273356.8287000,2892,341.84,81359.3246000,0
2026-07-28 16:00:00,240.92000,244.38000,238.50000,243.30000,538.47,2026-07-28 16:59:59,129924.5418000,1744,324.53,78263.4168000,0
2026-07-28 17:00:00,243.03000,243.71000,240.78000,242.90000,229.20,2026-07-28 17:59:59,55453.7231000,1006,89.47,21661.2119000,0
2026-07-28 18:00:00,243.13000,244.10000,239.64000,241.30000,144.06,2026-07-28 18:59:59,34764.4072000,802,67.91,16392.4934000,0
2026-07-28 19:00:00,241.24000,246.08000,241.23000,243.47000,197.39,2026-07-28 19:59:59,48153.8804000,934,92.65,22621.9584000,0
2026-07-28 20:00:00,243.56000,245.73000,242.29000,244.39000,355.12,2026-07-28 20:59:59,86710.9377000,1696,142.33,34752.1151000,0
2026-07-28 21:00:00,244.26000,245.13000,243.49000,244.67000,125.52,2026-07-28 21:59:59,30657.1019000,1020,89.47,21846.3945000,0
2026-07-28 22:00:00,244.69000,244.75000,238.67000,238.67000,669.50,2026-07-28 22:59:59,161673.8835000,2318,280.86,67819.8348000,0
2026-07-28 23:00:00,238.72000,246.35000,238.38000,246.30000,421.47,2026-07-28 23:59:59,101893.1349000,2064,178.64,43284.8450000,0
2026-07-29 00:00:00,246.29000,250.18000,242.10000,244.04000,1395.96,2026-07-29 00:59:59,343281.5514000,5371,636.02,156784.9369000,0
2026-07-29 01:00:00,244.11000,245.33000,238.04000,238.38000,404.71,2026-07-29 01:59:59,98150.0035000,1687,163.73,39770.6835000,0
2026-07-29 02:00:00,238.44000,241.44000,237.07000,239.55000,256.88,2026-07-29 02:59:59,61357.5325000,1586,165.33,39491.2442000,0
2026-07-29 03:00:00,239.38000,239.89000,232.90000,233.14000,625.28,2026-07-29 03:59:59,147697.9476000,2230,299.54,70835.2912000,0
2026-07-29 04:00:00,233.53000,236.95000,230.49000,236.47000,1049.38,2026-07-29 04:59:59,244714.2028000,3158,596.95,139313.0727000,0
2026-07-29 05:00:00,236.46000,240.55000,236.28000,239.44000,463.24,2026-07-29 05:59:59,110571.7694000,1743,172.23,41129.0192000,0
2026-07-29 06:00:00,239.14000,242.84000,238.05000,242.50000,275.20,2026-07-29 06:59:59,66272.6017000,1283,161.55,38941.1336000,0
2026-07-29 07:00:00,242.47000,244.44000,242.33000,243.16000,196.48,2026-07-29 07:59:59,47823.6179000,987,107.70,26225.0413000,0
2026-07-29 08:00:00,243.19000,244.55000,239.20000,241.54000,509.15,2026-07-29 08:59:59,123085.1564000,2764,216.30,52307.6992000,0
2026-07-29 09:00:00,241.70000,248.49000,241.70000,247.42000,786.79,2026-07-29 09:59:59,193546.8737000,2749,452.43,111333.6047000,0
2026-07-29 10:00:00,247.55000,248.05000,244.31000,244.78000,190.77,2026-07-29 10:59:59,47038.8124000,863,109.54,27005.6044000,0
2026-07-29 11:00:00,244.69000,247.08000,243.67000,245.75000,369.91,2026-07-29 11:59:59,90775.8560000,1290,169.99,41710.3341000,0
2026-07-29 12:00:00,245.66000,246.52000,242.13000,243.98000,489.11,2026-07-29 12:59:59,119530.8391000,1882,203.38,49729.0340000,0
2026-07-29 13:00:00,244.16000,245.22000,232.19000,234.50000,2265.71,2026-07-29 13:59:59,545377.7202000,8276,1154.99,278269.8271000,0
2026-07-29 14:00:00,234.60000,239.26000,227.00000,228.86000,1991.61,2026-07-29 14:59:59,461353.3387000,6175,817.94,190392.4782000,0
2026-07-29 15:00:00,228.63000,230.14000,223.22000,224.68000,530.27,2026-07-29 15:59:59,120528.4651000,2716,258.03,58668.2163000,0
2026-07-29 16:00:00,224.74000,225.29000,221.62000,223.43000,426.94,2026-07-29 16:59:59,95222.4800000,2220,188.86,42113.4493000,0
2026-07-29 17:00:00,223.72000,228.09000,223.31000,225.19000,404.07,2026-07-29 17:59:59,91179.0499000,1784,214.05,48313.9799000,0
2026-07-29 18:00:00,225.29000,234.03000,222.87000,234.03000,1130.27,2026-07-29 18:59:59,256198.9403000,4157,479.00,109128.6121000,0
2026-07-29 19:00:00,233.87000,236.00000,221.00000,222.71000,1040.24,2026-07-29 19:59:59,235506.3823000,2873,585.68,132417.4740000,0
2026-07-29 20:00:00,222.58000,222.97000,218.14000,219.14000,1274.77,2026-07-29 20:59:59,280531.5256000,4465,532.08,117127.6206000,0
2026-07-29 21:00:00,219.18000,219.35000,216.20000,219.20000,352.68,2026-07-29 21:59:59,76795.6719000,1637,160.93,35045.4552000,0
2026-07-29 22:00:00,219.40000,221.70000,218.64000,220.22000,457.07,2026-07-29 22:59:59,100690.7747000,1591,213.16,47019.7365000,0
2026-07-29 23:00:00,220.31000,222.81000,219.47000,221.99000,230.17,2026-07-29 23:59:59,51001.2841000,1148,145.53,32265.2723000,0
2026-07-30 00:00:00,222.21000,226.17000,220.53000,224.71000,1736.55,2026-07-30 00:59:59,388060.4042000,4884,946.04,211157.1516000,0
2026-07-30 01:00:00,224.71000,231.10000,224.43000,227.80000,494.66,2026-07-30 01:59:59,112811.5330000,2048,196.79,44839.1517000,0
2026-07-30 02:00:00,227.89000,228.50000,222.25000,222.35000,839.07,2026-07-30 02:59:59,188005.7506000,2796,374.13,83792.4504000,0
2026-07-30 03:00:00,222.09000,224.63000,219.47000,221.92000,1317.66,2026-07-30 03:59:59,292790.6866000,3318,674.00,150014.4257000,0
2026-07-30 04:00:00,221.93000,222.64000,219.37000,219.93000,976.15,2026-07-30 04:59:59,215346.5860000,2572,429.24,94667.0323000,0
2026-07-30 05:00:00,219.94000,223.34000,219.59000,222.82000,424.12,2026-07-30 05:59:59,94086.4152000,1644,221.80,49221.5154000,0
2026-07-30 06:00:00,222.86000,223.45000,220.63000,220.74000,214.67,2026-07-30 06:59:59,47690.5702000,979,111.48,24813.1912000,0
2026-07-30 07:00:00,220.84000,222.70000,220.05000,220.24000,113.84,2026-07-30 07:59:59,25223.6241000,604,53.19,11790.6830000,0
2026-07-30 08:00:00,220.35000,223.04000,208.06000,219.76000,6277.66,2026-07-30 08:59:59,1364747.0515000,13171,2802.67,608807.8763000,0
2026-07-30 09:00:00,219.80000,224.28000,219.61000,223.01000,843.59,2026-07-30 09:59:59,188424.9635000,1594,234.51,52300.8548000,0
2026-07-30 10:00:00,222.99000,229.17000,222.22000,227.43000,1106.93,2026-07-30 10:59:59,250864.0379000,2502,679.78,154068.2700000,0
2026-07-30 11:00:00,227.40000,234.00000,227.38000,231.37000,804.40,2026-07-30 11:59:59,186016.3484000,2558,263.30,60892.5922000,0
2026-07-30 12:00:00,231.43000,237.00000,231.20000,236.61000,447.72,2026-07-30 12:59:59,104770.2134000,1942,255.29,59684.0770000,0
2026-07-30 13:00:00,236.59000,248.14000,232.40000,248.13000,3812.37,2026-07-30 13:59:59,919055.7502000,11449,1703.85,411325.9059000,0
2026-07-30 14:00:00,248.12000,251.03000,240.99000,245.55000,2021.48,2026-07-30 14:59:59,498816.8139000,5796,1037.18,256296.9958000,0
2026-07-30 15:00:00,245.27000,249.12000,244.44000,246.75000,555.29,2026-07-30 15:59:59,136841.0409000,3245,295.47,72857.0133000,0
2026-07-30 16:00:00,246.86000,247.93000,243.16000,246.05000,158.65,2026-07-30 16:59:59,39001.3947000,710,75.21,18536.9663000,0
2026-07-30 17:00:00,246.21000,247.18000,245.79000,246.74000,304.96,2026-07-30 17:59:59,75158.4331000,713,146.66,36143.7775000,0
2026-07-30 18:00:00,246.97000,247.76000,245.42000,246.10000,210.04,2026-07-30 18:59:59,51836.9784000,1014,103.01,25424.4882000,0
2026-07-30 19:00:00,246.25000,250.58000,246.21000,249.73000,383.30,2026-07-30 19:59:59,95541.0623000,1219,172.18,42900.0184000,0
2026-07-30 20:00:00,249.76000,257.18000,249.01000,256.59000,533.20,2026-07-30 20:59:59,134478.7113000,2270,311.32,78546.8349000,0
2026-07-30 21:00:00,256.58000,257.60000,254.40000,254.44000,436.43,2026-07-30 21:59:59,111845.5418000,1269,197.55,50661.6070000,0
2026-07-30 22:00:00,254.48000,258.50000,253.68000,257.90000,236.41,2026-07-30 22:59:59,60658.5717000,1110,115.85,29688.1054000,0
2026-07-30 23:00:00,257.90000,261.23000,257.19000,261.08000,296.62,2026-07-30 23:59:59,76782.7506000,1534,172.15,44590.1158000,0
2026-07-31 00:00:00,261.29000,266.95000,259.97000,266.95000,1024.68,2026-07-31 00:59:59,270222.1725000,4293,446.92,117857.7975000,0
2026-07-31 01:00:00,267.07000,270.32000,260.44000,261.60000,631.07,2026-07-31 01:59:59,167933.0423000,2594,258.10,68583.0630000,0
2026-07-31 02:00:00,261.65000,262.30000,258.19000,259.57000,319.17,2026-07-31 02:59:59,82865.5755000,1080,150.33,39026.1925000,0
2026-07-31 03:00:00,259.53000,260.44000,258.51000,260.00000,128.33,2026-07-31 03:59:59,33318.0282000,740,81.19,21086.5582000,0
2026-07-31 04:00:00,259.87000,264.72000,259.21000,264.14000,172.43,2026-07-31 04:59:59,45239.6148000,741,112.16,29465.0445000,0
2026-07-31 05:00:00,264.19000,267.00000,263.74000,265.60000,350.93,2026-07-31 05:59:59,93071.6662000,1404,121.96,32352.2674000,0
2026-07-31 06:00:00,265.56000,266.91000,259.22000,260.50000,349.86,2026-07-31 06:59:59,92033.4667000,1423,133.56,35152.4386000,0
2026-07-31 07:00:00,260.09000,262.75000,259.27000,262.06000,102.16,2026-07-31 07:59:59,26715.0227000,648,72.48,18965.2548000,0
2026-07-31 08:00:00,262.09000,266.18000,261.43000,266.06000,413.25,2026-07-31 08:59:59,108656.3391000,1576,217.98,57290.4989000,0
2026-07-31 09:00:00,266.11000,267.37000,263.54000,263.67000,327.89,2026-07-31 09:59:59,87071.7606000,1417,122.07,32425.0199000,0
2026-07-31 10:00:00,263.59000,266.56000,263.35000,265.51000,240.95,2026-07-31 10:59:59,63963.2568000,907,133.83,35539.4641000,0
2026-07-31 11:00:00,265.79000,268.66000,265.79000,268.54000,509.82,2026-07-31 11:59:59,136421.4836000,1269,254.96,68260.5892000,0
2026-07-31 12:00:00,268.48000,268.48000,263.77000,265.13000,293.53,2026-07-31 12:59:59,78011.1815000,1177,80.51,21389.8707000,0
2026-07-31 13:00:00,265.10000,282.92000,264.57000,268.93000,4157.95,2026-07-31 13:59:59,1139085.4689000,15122,2118.47,579998.1598000,0
2026-07-31 14:00:00,269.04000,269.83000,257.78000,264.06000,1948.65,2026-07-31 14:59:59,512428.3183000,7013,928.47,244205.6558000,0
2026-07-31 15:00:00,264.43000,266.41000,258.83000,261.33000,433.28,2026-07-31 15:59:59,113880.4299000,2345,210.24,55301.3868000,0
2026-07-31 16:00:00,261.59000,264.85000,259.70000,263.17000,354.00,2026-07-31 16:59:59,92991.6190000,1812,167.35,44012.8932000,0
2026-07-31 17:00:00,263.14000,266.79000,262.14000,265.50000,270.75,2026-07-31 17:59:59,71668.5250000,1456,117.28,31109.6395000,0
2026-07-31 18:00:00,265.30000,267.57000,263.99000,266.18000,220.50,2026-07-31 18:59:59,58545.6355000,756,97.65,25970.9893000,0
2026-07-31 19:00:00,266.34000,266.96000,263.61000,263.83000,234.65,2026-07-31 19:59:59,62361.5286000,942,89.89,23891.4711000,0
2026-07-31 20:00:00,263.71000,264.53000,261.53000,261.61000,153.55,2026-07-31 20:59:59,40378.7060000,780,31.29,8233.2751000,0
2026-07-31 21:00:00,261.67000,262.24000,260.80000,261.42000,85.46,2026-07-31 21:59:59,22360.9902000,423,35.66,9330.2964000,0
2026-07-31 22:00:00,261.36000,261.65000,259.89000,261.03000,70.48,2026-07-31 22:59:59,18384.4235000,566,25.79,6727.0912000,0
2026-07-31 23:00:00,261.05000,261.54000,260.23000,260.80000,92.72,2026-07-31 23:59:59,24176.3159000,389,47.43,12368.8441000,0
2026-08-01 00:00:00,260.83000,263.44000,260.45000,261.04000,182.98,2026-08-01 00:59:59,47924.1537000,792,118.44,31052.0537000,0
2026-08-01 01:00:00,261.06000,262.01000,260.49000,260.77000,31.04,2026-08-01 01:59:59,8107.3874000,328,14.99,3914.2427000,0
2026-08-01 02:00:00,260.87000,261.73000,260.53000,261.01000,22.50,2026-08-01 02:59:59,5872.6860000,253,16.39,4277.5306000,0
2026-08-01 03:00:00,261.06000,261.06000,260.31000,260.36000,37.98,2026-08-01 03:59:59,9904.0608000,315,8.26,2152.7080000,0
2026-08-01 04:00:00,260.47000,261.65000,260.23000,261.32000,40.20,2026-08-01 04:59:59,10497.6376000,377,31.51,8230.9500000,0
2026-08-01 05:00:00,261.31000,262.06000,260.46000,260.99000,44.96,2026-08-01 05:59:59,11753.2598000,303,13.64,3563.2292000,0
2026-08-01 06:00:00,260.89000,262.34000,260.58000,260.62000,96.10,2026-08-01 06:59:59,25118.8414000,593,49.53,12949.1403000,0
2026-08-01 07:00:00,260.79000,262.61000,260.66000,262.52000,37.66,2026-08-01 07:59:59,9864.6907000,282,28.62,7496.1208000,0
2026-08-01 08:00:00,262.59000,262.86000,261.44000,261.44000,45.86,2026-08-01 08:59:59,12030.2321000,367,22.61,5933.0630000,0
2026-08-01 09:00:00,261.44000,262.03000,261.23000,261.66000,18.23,2026-08-01 09:59:59,4769.6737000,256,11.71,3064.2101000,0
2026-08-01 10:00:00,261.63000,262.11000,261.06000,261.53000,45.71,2026-08-01 10:59:59,11956.6374000,348,22.29,5834.8433000,0
2026-08-01 11:00:00,261.43000,262.51000,261.26000,261.71000,31.04,2026-08-01 11:59:59,8129.8952000,282,16.12,4222.2638000,0
2026-08-01 12:00:00,261.62000,261.68000,260.40000,260.45000,49.07,2026-08-01 12:59:59,12802.1756000,308,13.95,3641.1188000,0
2026-08-01 13:00:00,260.37000,260.78000,259.67000,260.47000,30.33,2026-08-01 13:59:59,7890.2085000,260,9.32,2424.8360000,0
2026-08-01 14:00:00,260.30000,260.53000,259.92000,260.01000,20.42,2026-08-01 14:59:59,5312.5938000,159,16.80,4370.9008000,0
2026-08-01 15:00:00,260.01000,260.23000,259.57000,259.86000,39.98,2026-08-01 15:59:59,10391.5290000,311,28.16,7321.0114000,0
2026-08-01 16:00:00,259.91000,260.13000,259.58000,260.13000,9.46,2026-08-01 16:59:59,2457.8940000,133,5.30,1377.1226000,0
2026-08-01 17:00:00,260.13000,261.39000,259.79000,260.62000,47.17,2026-08-01 17:59:59,12281.8306000,493,27.83,7247.3757000,0
2026-08-01 18:00:00,260.63000,261.46000,259.50000,260.75000,165.99,2026-08-01 18:59:59,43143.1045000,691,29.75,7751.6353000,0
2026-08-01 19:00:00,260.67000,261.47000,260.37000,260.88000,21.72,2026-08-01 19:59:59,5668.8640000,246,6.36,1659.6940000,0
2026-08-01 20:00:00,261.10000,261.19000,260.13000,260.71000,22.83,2026-08-01 20:59:59,5948.0519000,258,4.68,1220.0565000,0
2026-08-01 21:00:00,260.83000,264.19000,260.05000,263.82000,119.39,2026-08-01 21:59:59,31337.9224000,440,92.50,24281.0870000,0
2026-08-01 22:00:00,264.12000,264.33000,262.02000,262.45000,79.21,2026-08-01 22:59:59,20824.8963000,504,39.63,10426.6676000,0
2026-08-01 23:00:00,262.45000,263.02000,261.93000,262.75000,39.86,2026-08-01 23:59:59,10465.8902000,254,19.11,5016.5777000,0
2026-08-02 00:00:00,262.76000,266.71000,262.58000,265.68000,194.69,2026-08-02 00:59:59,51623.4919000,1187,102.58,27202.0268000,0
2026-08-02 01:00:00,265.72000,265.85000,262.94000,263.18000,88.40,2026-08-02 01:59:59,23357.8944000,672,34.55,9137.4797000,0
2026-08-02 02:00:00,263.22000,269.34000,262.80000,267.89000,431.94,2026-08-02 02:59:59,115356.4640000,2417,294.26,78515.9366000,0
2026-08-02 03:00:00,267.72000,268.20000,266.21000,267.89000,75.20,2026-08-02 03:59:59,20085.0661000,598,23.90,6386.0386000,0
2026-08-02 04:00:00,267.87000,268.36000,265.90000,266.15000,196.51,2026-08-02 04:59:59,52437.3469000,671,84.19,22460.1173000,0
2026-08-02 05:00:00,266.25000,266.51000,265.27000,266.41000,70.57,2026-08-02 05:59:59,18769.0843000,598,19.42,5165.9233000,0
2026-08-02 06:00:00,266.38000,266.85000,265.77000,266.44000,37.26,2026-08-02 06:59:59,9931.7914000,458,19.93,5313.4002000,0
2026-08-02 07:00:00,266.39000,267.00000,265.67000,266.71000,25.88,2026-08-02 07:59:59,6890.2689000,328,14.52,3866.5615000,0
2026-08-02 08:00:00,266.64000,268.09000,266.64000,267.62000,50.83,2026-08-02 08:59:59,13593.7734000,352,32.41,8665.4945000,0
2026-08-02 09:00:00,267.77000,268.03000,267.02000,267.77000,32.78,2026-08-02 09:59:59,8773.6345000,310,21.42,5735.3291000,0
2026-08-02 10:00:00,267.86000,268.82000,267.38000,267.45000,91.54,2026-08-02 10:59:59,24550.4419000,409,62.15,16673.0810000,0
2026-08-02 11:00:00,267.25000,267.28000,265.86000,266.04000,88.80,2026-08-02 11:59:59,23663.5173000,296,9.87,2628.5961000,0
2026-08-02 12:00:00,265.88000,267.48000,265.65000,266.94000,31.32,2026-08-02 12:59:59,8349.9947000,260,22.04,5879.6352000,0
2026-08-02 13:00:00,267.12000,267.12000,266.53000,266.82000,8.05,2026-08-02 13:59:59,2147.9381000,80,5.47,1459.6876000,0
2026-08-02 14:00:00,266.81000,266.81000,265.95000,266.23000,19.89,2026-08-02 14:59:59,5297.7186000,152,1.63,434.1310000,0
2026-08-02 15:00:00,266.11000,268.13000,265.61000,267.79000,633.53,2026-08-02 15:59:59,168879.0017000,1742,327.55,87244.6501000,0
2026-08-02 16:00:00,267.69000,268.23000,266.88000,268.08000,47.50,2026-08-02 16:59:59,12707.7467000,361,14.21,3804.9413000,0
2026-08-02 17:00:00,268.13000,269.55000,267.79000,268.73000,469.12,2026-08-02 17:59:59,126068.0472000,1099,241.75,64930.9369000,0
2026-08-02 18:00:00,268.73000,269.42000,268.71000,269.23000,40.68,2026-08-02 18:59:59,10948.2651000,380,11.68,3144.5112000,0
2026-08-02 19:00:00,269.24000,270.73000,269.24000,270.73000,49.80,2026-08-02 19:59:59,13456.3460000,533,21.19,5729.7849000,0
2026-08-02 20:00:00,270.72000,271.77000,270.45000,270.93000,42.01,2026-08-02 20:59:59,11385.6945000,356,16.36,4434.6391000,0
2026-08-02 21:00:00,270.90000,271.41000,270.11000,270.11000,47.05,2026-08-02 21:59:59,12738.0974000,196,16.31,4416.4359000,0
2026-08-02 22:00:00,270.70000,271.17000,269.57000,270.25000,66.88,2026-08-02 22:59:59,18076.0640000,421,19.03,5147.3260000,0
2026-08-02 23:00:00,270.70000,271.86000,269.71000,270.27000,55.96,2026-08-02 23:59:59,15149.4004000,406,22.40,6065.9616000,0
2026-08-03 00:00:00,270.15000,271.81000,265.83000,271.69000,752.34,2026-08-03 00:59:59,202639.6051000,2695,330.37,89103.9017000,0
2026-08-03 01:00:00,271.69000,272.29000,267.67000,270.15000,169.27,2026-08-03 01:59:59,45691.4997000,823,38.55,10437.8006000,0
2026-08-03 02:00:00,270.21000,272.79000,269.75000,270.46000,871.44,2026-08-03 02:59:59,236469.8946000,1824,477.84,129617.7108000,0
2026-08-03 03:00:00,270.36000,271.33000,269.64000,271.16000,144.78,2026-08-03 03:59:59,39172.4183000,525,82.52,22333.2053000,0
2026-08-03 04:00:00,270.87000,272.01000,269.95000,270.07000,90.10,2026-08-03 04:59:59,24411.9577000,469,32.03,8691.8704000,0
2026-08-03 05:00:00,270.31000,270.70000,269.07000,270.26000,119.85,2026-08-03 05:59:59,32345.1219000,563,74.11,20012.7259000,0
2026-08-03 06:00:00,270.59000,270.59000,267.58000,267.83000,134.95,2026-08-03 06:59:59,36300.9148000,483,11.40,3062.0719000,0
2026-08-03 07:00:00,267.58000,269.08000,266.54000,267.31000,178.08,2026-08-03 07:59:59,47706.3053000,574,91.74,24610.7488000,0
2026-08-03 08:00:00,267.25000,267.78000,260.53000,265.90000,576.72,2026-08-03 08:59:59,152192.5075000,1868,238.11,63013.8713000,0
2026-08-03 09:00:00,265.61000,266.08000,262.63000,263.51000,94.67,2026-08-03 09:59:59,24983.3322000,327,25.29,6692.3192000,0
2026-08-03 10:00:00,263.62000,263.65000,258.96000,261.14000,347.55,2026-08-03 10:59:59,90446.2606000,1176,149.74,39016.0416000,0
2026-08-03 11:00:00,260.94000,260.94000,255.87000,255.87000,216.47,2026-08-03 11:59:59,55832.6002000,1298,61.00,15750.1073000,0
2026-08-03 12:00:00,256.27000,257.03000,254.00000,255.95000,416.25,2026-08-03 12:59:59,106338.5126000,1870,209.72,53608.2084000,0
2026-08-03 13:00:00,255.97000,270.05000,248.48000,269.63000,3662.31,2026-08-03 13:59:59,944649.2581000,9611,2012.77,521341.6448000,0
2026-08-03 14:00:00,270.01000,288.77000,266.64000,288.37000,3581.93,2026-08-03 14:59:59,1003706.0779000,8882,1776.19,499284.8408000,0
2026-08-03 15:00:00,288.25000,288.99000,283.80000,288.37000,762.82,2026-08-03 15:59:59,217987.6060000,3774,338.13,96778.4850000,0
2026-08-03 16:00:00,288.50000,290.46000,286.05000,286.67000,289.97,2026-08-03 16:59:59,83662.3590000,1834,144.07,41602.8223000,0
2026-08-03 17:00:00,286.51000,292.43000,286.19000,292.24000,2743.03,2026-08-03 17:59:59,797078.4808000,2528,2100.93,610845.8012000,0
2026-08-03 18:00:00,292.21000,293.53000,290.04000,290.67000,482.37,2026-08-03 18:59:59,140691.4669000,1460,109.98,32060.8200000,0
2026-08-03 19:00:00,290.67000,292.30000,288.37000,288.89000,172.64,2026-08-03 19:59:59,50097.2184000,1494,63.17,18342.9244000,0
2026-08-03 20:00:00,288.75000,290.51000,287.88000,290.25000,1206.24,2026-08-03 20:59:59,349326.1537000,3454,575.11,166450.8615000,0
2026-08-03 21:00:00,290.30000,292.07000,286.35000,291.11000,1496.49,2026-08-03 21:59:59,433132.6918000,2688,698.51,202511.3134000,0
2026-08-03 22:00:00,290.87000,292.29000,290.38000,292.14000,135.58,2026-08-03 22:59:59,39510.3615000,812,66.93,19518.5982000,0
2026-08-03 23:00:00,292.12000,294.36000,291.60000,294.01000,133.03,2026-08-03 23:59:59,38940.8139000,1066,83.50,24456.7949000,0
2026-08-04 00:00:00,294.17000,294.46000,286.45000,287.75000,1171.14,2026-08-04 00:59:59,340330.4424000,4926,351.68,102161.3863000,0
2026-08-04 01:00:00,287.71000,296.28000,286.27000,295.87000,785.69,2026-08-04 01:59:59,229219.6528000,3231,508.59,148573.4009000,0
2026-08-04 02:00:00,295.96000,296.80000,293.41000,294.61000,367.99,2026-08-04 02:59:59,108545.8616000,2296,166.39,49125.3088000,0
2026-08-04 03:00:00,294.74000,297.24000,292.21000,296.42000,347.66,2026-08-04 03:59:59,102571.6323000,1856,184.05,54327.6048000,0
2026-08-04 04:00:00,296.50000,296.82000,293.94000,295.60000,376.54,2026-08-04 04:59:59,111142.3801000,1556,162.20,47921.4008000,0
2026-08-04 05:00:00,295.75000,302.96000,294.88000,302.12000,578.30,2026-08-04 05:59:59,172604.3799000,2872,401.52,119825.4232000,0
2026-08-04 06:00:00,302.25000,302.87000,298.60000,300.07000,787.46,2026-08-04 06:59:59,236790.0761000,2812,323.18,97070.4158000,0
2026-08-04 07:00:00,300.12000,300.87000,298.74000,299.37000,701.09,2026-08-04 07:59:59,210277.5766000,3160,262.57,78756.4203000,0
2026-08-04 08:00:00,299.49000,305.15000,299.41000,300.12000,1001.44,2026-08-04 08:59:59,302544.8626000,3979,487.20,147223.4641000,0
2026-08-04 09:00:00,300.04000,300.04000,296.39000,299.10000,508.31,2026-08-04 09:59:59,151609.6756000,1962,213.15,63621.2138000,0
2026-08-04 10:00:00,299.09000,335.00000,298.87000,322.15000,7921.32,2026-08-04 10:59:59,2569105.7251000,35711,3830.88,1238784.9195000,0
2026-08-04 11:00:00,322.15000,347.22000,321.61000,340.00000,12131.17,2026-08-04 11:59:59,4117985.2111000,44062,5956.26,2023468.2017000,0
2026-08-04 12:00:00,339.97000,340.11000,323.84000,327.16000,6093.50,2026-08-04 12:59:59,2009058.8790000,23960,2615.98,862746.3738000,0
2026-08-04 13:00:00,327.12000,335.82000,316.79000,323.30000,14117.48,2026-08-04 13:59:59,4600297.5861000,48262,6608.38,2156307.0361000,0
2026-08-04 14:00:00,323.30000,327.13000,318.07000,326.32000,2950.42,2026-08-04 14:59:59,949606.4598000,15127,1455.44,468497.1315000,0
2026-08-04 15:00:00,326.49000,331.88000,325.94000,329.40000,1652.75,2026-08-04 15:59:59,544483.0602000,8911,842.28,277610.6614000,0
2026-08-04 16:00:00,329.40000,335.73000,329.40000,335.62000,1480.23,2026-08-04 16:59:59,493683.5696000,5364,547.84,182451.2683000,0
2026-08-04 17:00:00,335.54000,336.63000,332.21000,333.80000,1048.24,2026-08-04 17:59:59,350925.0056000,3654,567.45,190159.5093000,0
2026-08-04 18:00:00,333.84000,334.12000,329.71000,330.68000,403.23,2026-08-04 18:59:59,134023.6557000,2552,179.57,59706.6704000,0
2026-08-04 19:00:00,330.74000,331.51000,324.31000,324.48000,1274.82,2026-08-04 19:59:59,416945.3641000,5718,510.62,167173.5075000,0
2026-08-04 20:00:00,324.50000,326.81000,319.27000,320.44000,1678.60,2026-08-04 20:59:59,542138.8208000,8673,828.08,267497.3294000,0
2026-08-04 21:00:00,320.46000,322.38000,320.10000,321.00000,305.99,2026-08-04 21:59:59,98306.3180000,1780,163.62,52596.6831000,0
2026-08-04 22:00:00,320.97000,323.10000,320.50000,322.75000,493.90,2026-08-04 22:59:59,158894.8628000,1534,227.34,73102.3124000,0
2026-08-04 23:00:00,322.78000,324.88000,322.24000,324.47000,1099.42,2026-08-04 23:59:59,355524.7359000,3467,515.59,166632.0714000,0
2026-08-05 00:00:00,324.38000,329.00000,321.33000,326.16000,1251.26,2026-08-05 00:59:59,406881.5102000,5420,511.72,166558.5901000,0
2026-08-05 01:00:00,326.02000,330.00000,322.37000,329.48000,1126.51,2026-08-05 01:59:59,368644.6314000,4714,672.57,220145.3456000,0
2026-08-05 02:00:00,329.50000,330.81000,326.88000,327.29000,673.35,2026-08-05 02:59:59,221409.9602000,2494,211.26,69453.4486000,0
2026-08-05 03:00:00,327.29000,335.21000,327.25000,334.95000,503.35,2026-08-05 03:59:59,166906.7381000,2756,250.92,83121.0237000,0
2026-08-05 04:00:00,335.06000,341.39000,334.76000,340.37000,920.88,2026-08-05 04:59:59,311447.9771000,2919,342.05,115721.1822000,0
2026-08-05 05:00:00,340.44000,341.54000,336.28000,339.55000,1554.77,2026-08-05 05:59:59,526786.9953000,4671,657.21,222605.9485000,0
2026-08-05 06:00:00,339.37000,339.63000,331.59000,334.12000,933.63,2026-08-05 06:59:59,312082.9897000,3995,405.11,135161.4694000,0
2026-08-05 07:00:00,334.23000,334.36000,327.81000,330.47000,1474.89,2026-08-05 07:59:59,486662.5970000,5863,721.26,237999.7838000,0
2026-08-05 08:00:00,330.47000,334.32000,319.64000,323.32000,3643.65,2026-08-05 08:59:59,1187059.2310000,9801,1745.34,568448.3705000,0
2026-08-05 09:00:00,323.12000,325.88000,322.33000,324.20000,362.27,2026-08-05 09:59:59,117407.7871000,2254,199.93,64853.2621000,0
2026-08-05 10:00:00,324.12000,324.59000,316.44000,319.22000,1033.59,2026-08-05 10:59:59,330117.0879000,4332,504.08,160843.4965000,0
2026-08-05 11:00:00,319.34000,321.19000,318.50000,319.00000,875.03,2026-08-05 11:59:59,280006.7219000,2965,332.13,106328.2415000,0
2026-08-05 12:00:00,319.11000,319.11000,314.34000,317.25000,471.02,2026-08-05 12:59:59,149110.9732000,2912,222.97,70618.3855000,0
2026-08-05 13:00:00,317.28000,348.03000,313.91000,347.37000,6493.81,2026-08-05 13:59:59,2166643.6056000,27475,3754.47,1252932.7505000,0
2026-08-05 14:00:00,347.25000,347.25000,327.01000,332.12000,5115.48,2026-08-05 14:59:59,1720431.3110000,21486,2320.64,781514.8994000,0
2026-08-05 15:00:00,332.25000,337.87000,331.09000,334.25000,942.24,2026-08-05 15:59:59,315409.6240000,5299,478.04,160150.3705000,0
2026-08-05 16:00:00,334.12000,337.98000,333.69000,335.12000,1193.06,2026-08-05 16:59:59,400782.1414000,3920,747.32,251139.2200000,0
2026-08-05 17:00:00,335.01000,337.96000,333.11000,336.84000,1115.50,2026-08-05 17:59:59,374353.6299000,3434,535.28,179806.9226000,0
2026-08-05 18:00:00,336.97000,337.38000,333.13000,334.12000,155.08,2026-08-05 18:59:59,51979.1199000,1761,75.03,25139.1193000,0
2026-08-05 19:00:00,334.11000,335.61000,328.34000,328.70000,579.79,2026-08-05 19:59:59,193085.9568000,2626,277.23,92405.0307000,0
2026-08-05 20:00:00,328.65000,329.49000,322.46000,325.00000,2792.28,2026-08-05 20:59:59,911317.9570000,8792,1223.56,399352.5187000,0
2026-08-05 21:00:00,325.12000,327.66000,322.45000,323.37000,331.39,2026-08-05 21:59:59,107639.8213000,2204,156.83,51004.7716000,0
2026-08-05 22:00:00,323.50000,328.22000,323.40000,327.25000,612.09,2026-08-05 22:59:59,199705.6459000,2363,428.45,139836.9189000,0
2026-08-05 23:00:00,327.15000,327.31000,324.31000,324.69000,224.77,2026-08-05 23:59:59,73224.6330000,1397,54.78,17860.0050000,0
2026-08-06 00:00:00,324.75000,327.64000,321.95000,322.27000,812.65,2026-08-06 00:59:59,263639.6877000,4441,358.30,116282.7961000,0
2026-08-06 01:00:00,322.34000,322.34000,316.08000,321.38000,1315.08,2026-08-06 01:59:59,420163.5632000,5988,682.01,217874.7980000,0
2026-08-06 02:00:00,321.37000,327.87000,320.41000,326.12000,495.09,2026-08-06 02:59:59,160763.0704000,2855,320.74,104140.6403000,0
2026-08-06 03:00:00,326.15000,327.62000,324.53000,326.75000,369.52,2026-08-06 03:59:59,120473.9165000,1655,204.83,66765.2703000,0
2026-08-06 04:00:00,326.81000,328.87000,324.87000,326.42000,342.83,2026-08-06 04:59:59,112000.5132000,2276,163.86,53544.5994000,0
2026-08-06 05:00:00,326.42000,329.21000,326.25000,327.86000,248.34,2026-08-06 05:59:59,81394.2339000,1671,104.36,34208.5434000,0
2026-08-06 06:00:00,327.77000,327.83000,323.59000,325.03000,346.47,2026-08-06 06:59:59,112701.4327000,1807,113.44,36942.1461000,0
2026-08-06 07:00:00,325.12000,326.69000,324.58000,324.85000,103.83,2026-08-06 07:59:59,33823.5701000,847,63.67,20748.0351000,0
2026-08-06 08:00:00,324.79000,333.41000,322.08000,333.03000,665.98,2026-08-06 08:59:59,217651.6550000,3370,407.41,133289.1383000,0
2026-08-06 09:00:00,333.09000,333.21000,328.25000,332.24000,419.18,2026-08-06 09:59:59,138507.3398000,2204,232.05,76674.3101000,0
2026-08-06 10:00:00,332.37000,333.91000,327.40000,328.00000,400.78,2026-08-06 10:59:59,132701.8862000,2156,192.09,63659.5894000,0
2026-08-06 11:00:00,327.90000,328.40000,322.52000,328.00000,858.57,2026-08-06 11:59:59,279697.3672000,4243,376.62,122647.0462000,0
2026-08-06 12:00:00,327.87000,328.12000,319.90000,320.06000,699.03,2026-08-06 12:59:59,225309.6371000,2714,262.20,84418.3823000,0
2026-08-06 13:00:00,320.05000,333.55000,310.32000,332.75000,5016.57,2026-08-06 13:59:59,1601424.9962000,20284,2510.95,802093.1363000,0
2026-08-06 14:00:00,332.62000,355.25000,331.17000,347.87000,7919.74,2026-08-06 14:59:59,2735311.0076000,25111,3084.50,1066015.3396000,0
2026-08-06 15:00:00,348.00000,349.60000,340.25000,340.68000,3389.36,2026-08-06 15:59:59,1172845.1770000,10952,1339.11,463568.3518000,0
2026-08-06 16:00:00,340.66000,341.76000,334.72000,341.62000,1264.96,2026-08-06 16:59:59,428842.6010000,5924,717.84,243508.9901000,0
2026-08-06 17:00:00,341.75000,343.26000,338.26000,338.56000,636.89,2026-08-06 17:59:59,217160.1112000,3837,362.74,123729.2512000,0
2026-08-06 18:00:00,338.75000,341.02000,334.17000,338.20000,1861.34,2026-08-06 18:59:59,628374.8903000,6534,725.65,245141.9561000,0
2026-08-06 19:00:00,338.12000,340.89000,334.50000,334.79000,648.06,2026-08-06 19:59:59,218310.6865000,4385,363.80,122603.1615000,0
2026-08-06 20:00:00,334.99000,344.62000,333.89000,342.12000,2756.00,2026-08-06 20:59:59,932645.9893000,14802,1325.92,449045.8319000,0
2026-08-06 21:00:00,342.01000,346.77000,341.88000,343.75000,404.80,2026-08-06 21:59:59,139532.0725000,3055,224.99,77557.9383000,0
2026-08-06 22:00:00,343.87000,345.85000,340.34000,343.17000,1309.94,2026-08-06 22:59:59,448634.1291000,4391,463.15,159049.5745000,0
2026-08-06 23:00:00,343.20000,345.01000,342.46000,344.41000,463.44,2026-08-06 23:59:59,159346.6002000,2908,328.47,112946.8213000,0
2026-08-07 00:00:00,344.50000,346.29000,339.30000,343.78000,1203.19,2026-08-07 00:59:59,412586.7017000,7016,653.86,224328.0273000,0
2026-08-07 01:00:00,343.75000,345.67000,338.41000,340.80000,866.81,2026-08-07 01:59:59,296203.1980000,5633,379.33,129708.0248000,0
2026-08-07 02:00:00,340.75000,346.70000,340.33000,345.83000,718.19,2026-08-07 02:59:59,246956.1781000,4315,447.65,153922.2607000,0
2026-08-07 03:00:00,345.83000,347.33000,343.07000,344.68000,661.16,2026-08-07 03:59:59,228245.2476000,3684,270.09,93284.2554000,0
2026-08-07 04:00:00,344.62000,344.62000,341.78000,342.34000,424.05,2026-08-07 04:59:59,145442.3496000,2551,206.91,70977.9665000,0
2026-08-07 05:00:00,342.44000,345.70000,342.32000,345.00000,404.04,2026-08-07 05:59:59,139186.3218000,2362,265.17,91380.9253000,0
2026-08-07 06:00:00,344.93000,348.80000,344.63000,348.05000,855.86,2026-08-07 06:59:59,297377.5293000,3607,502.99,174778.1807000,0
2026-08-07 07:00:00,348.02000,352.65000,347.75000,352.08000,966.51,2026-08-07 07:59:59,339163.1003000,3795,571.15,200402.1859000,0
2026-08-07 08:00:00,352.00000,359.42000,349.46000,355.25000,3092.37,2026-08-07 08:59:59,1096640.5370000,8356,1072.90,381243.1093000,0
2026-08-07 09:00:00,355.37000,355.37000,349.29000,349.86000,1947.34,2026-08-07 09:59:59,686936.7603000,5629,761.06,268574.8535000,0
2026-08-07 10:00:00,349.86000,355.31000,349.32000,353.26000,1844.11,2026-08-07 10:59:59,650345.9341000,5044,993.38,350534.9920000,0
2026-08-07 11:00:00,353.31000,357.81000,352.58000,353.17000,2397.71,2026-08-07 11:59:59,851332.4931000,6144,1051.15,373718.4230000,0
2026-08-07 12:00:00,353.00000,359.89000,352.23000,358.37000,1303.67,2026-08-07 12:59:59,464072.0089000,5579,683.58,243275.3317000,0
2026-08-07 13:00:00,358.43000,384.53000,353.63000,374.36000,11861.54,2026-08-07 13:59:59,4382770.0575000,43274,5916.56,2184442.7725000,0
2026-08-07 14:00:00,374.26000,387.04000,365.00000,368.96000,9667.47,2026-08-07 14:59:59,3610776.7045000,34924,4560.97,1703797.9675000,0
2026-08-07 15:00:00,369.00000,386.28000,368.38000,386.28000,8385.77,2026-08-07 15:59:59,3189997.6799000,15775,3264.32,1240986.0809000,0
2026-08-07 16:00:00,386.12000,392.28000,383.88000,385.36000,6026.84,2026-08-07 16:59:59,2338580.7098000,14731,2850.12,1105474.2358000,0
2026-08-07 17:00:00,385.23000,387.58000,377.10000,377.31000,1646.55,2026-08-07 17:59:59,628223.0431000,6647,735.72,280657.1759000,0
2026-08-07 18:00:00,377.25000,378.79000,373.55000,378.32000,1419.27,2026-08-07 18:59:59,534236.6643000,5872,811.71,305559.4109000,0
2026-08-07 19:00:00,378.24000,381.58000,375.98000,379.42000,1879.68,2026-08-07 19:59:59,711973.8720000,7893,966.12,366018.5559000,0
2026-08-07 20:00:00,379.43000,381.52000,378.43000,380.66000,318.02,2026-08-07 20:59:59,120927.3515000,2046,170.21,64752.2086000,0
2026-08-07 21:00:00,380.63000,380.88000,379.12000,380.01000,112.25,2026-08-07 21:59:59,42655.3535000,816,48.72,18519.6154000,0
2026-08-07 22:00:00,380.30000,383.23000,379.15000,380.62000,568.17,2026-08-07 22:59:59,216377.3078000,1637,326.89,124533.0533000,0
2026-08-07 23:00:00,380.80000,383.44000,379.99000,383.44000,77.74,2026-08-07 23:59:59,29623.5753000,645,27.19,10374.3791000,0
2026-08-08 00:00:00,383.44000,385.37000,381.06000,381.15000,654.66,2026-08-08 00:59:59,250516.4765000,2227,249.81,95628.5438000,0
2026-08-08 01:00:00,381.15000,382.75000,380.07000,382.40000,255.61,2026-08-08 01:59:59,97442.7125000,1142,96.53,36821.4020000,0
2026-08-08 02:00:00,382.40000,382.83000,380.92000,381.33000,90.35,2026-08-08 02:59:59,34474.6207000,791,28.02,10689.5948000,0
2026-08-08 03:00:00,381.31000,381.98000,378.94000,379.49000,311.86,2026-08-08 03:59:59,118538.9720000,1451,78.80,29984.6098000,0
2026-08-08 04:00:00,379.45000,382.46000,377.01000,378.75000,1550.45,2026-08-08 04:59:59,588810.3115000,3561,724.31,274867.4938000,0
2026-08-08 05:00:00,378.82000,379.37000,377.44000,377.71000,171.47,2026-08-08 05:59:59,64882.6697000,892,84.03,31809.3233000,0
2026-08-08 06:00:00,377.57000,377.99000,376.08000,377.01000,135.67,2026-08-08 06:59:59,51157.4897000,919,70.92,26754.3138000,0
2026-08-08 07:00:00,376.99000,377.59000,376.51000,377.59000,84.29,2026-08-08 07:59:59,31784.6310000,528,54.86,20696.1973000,0
2026-08-08 08:00:00,377.41000,377.94000,376.66000,377.27000,93.67,2026-08-08 08:59:59,35337.5745000,539,60.41,22790.7158000,0
2026-08-08 09:00:00,377.27000,377.28000,376.66000,376.66000,38.16,2026-08-08 09:59:59,14384.0351000,340,14.98,5646.7835000,0
2026-08-08 10:00:00,376.66000,381.43000,376.51000,378.64000,369.01,2026-08-08 10:59:59,139981.4616000,1405,288.55,109431.6793000,0
2026-08-08 11:00:00,378.64000,379.36000,378.46000,378.83000,27.41,2026-08-08 11:59:59,10385.4593000,419,11.01,4172.3183000,0
2026-08-08 12:00:00,378.83000,379.86000,378.19000,379.07000,77.84,2026-08-08 12:59:59,29527.9148000,619,33.17,12582.4054000,0
2026-08-08 13:00:00,379.04000,382.22000,376.54000,380.16000,1120.41,2026-08-08 13:59:59,424876.7007000,3638,573.97,217987.6973000,0
2026-08-08 14:00:00,380.29000,381.21000,379.76000,380.06000,176.04,2026-08-08 14:59:59,66952.2752000,706,62.51,23782.3286000,0
2026-08-08 15:00:00,379.89000,381.73000,379.76000,380.78000,100.86,2026-08-08 15:59:59,38429.1394000,508,64.27,24477.0574000,0
2026-08-08 16:00:00,380.78000,380.78000,378.47000,379.31000,307.05,2026-08-08 16:59:59,116430.8158000,1063,72.16,27382.1759000,0
2026-08-08 17:00:00,379.32000,380.20000,378.56000,379.02000,106.96,2026-08-08 17:59:59,40572.6298000,746,52.31,19848.8774000,0
2026-08-08 18:00:00,379.01000,379.01000,378.26000,378.48000,97.69,2026-08-08 18:59:59,36989.9003000,581,40.71,15415.1813000,0
2026-08-08 19:00:00,378.29000,382.12000,378.26000,381.59000,141.12,2026-08-08 19:59:59,53732.9927000,1013,102.65,39089.7347000,0
2026-08-08 20:00:00,381.55000,384.90000,380.81000,384.10000,397.48,2026-08-08 20:59:59,152270.8724000,1500,291.63,111744.6905000,0
2026-08-08 21:00:00,384.27000,384.42000,381.60000,381.68000,88.19,2026-08-08 21:59:59,33784.0668000,601,19.85,7610.3753000,0
2026-08-08 22:00:00,381.69000,387.00000,375.73000,382.76000,2045.54,2026-08-08 22:59:59,780845.1865000,5753,1030.55,394525.6402000,0
2026-08-08 23:00:00,382.77000,383.44000,381.69000,382.59000,127.15,2026-08-08 23:59:59,48618.9629000,1181,67.12,25670.6981000,0
2026-08-09 00:00:00,382.39000,382.68000,381.56000,382.40000,62.25,2026-08-09 00:59:59,23794.9638000,534,28.43,10868.9195000,0
2026-08-09 01:00:00,382.40000,382.89000,381.41000,381.80000,39.47,2026-08-09 01:59:59,15090.9221000,378,18.81,7191.5000000,0
2026-08-09 02:00:00,381.80000,386.00000,381.64000,384.90000,366.28,2026-08-09 02:59:59,140781.5625000,1925,237.06,91109.4247000,0
2026-08-09 03:00:00,384.86000,384.87000,383.16000,384.31000,60.81,2026-08-09 03:59:59,23347.6615000,603,19.12,7343.8112000,0
2026-08-09 04:00:00,384.30000,384.30000,382.97000,383.52000,43.43,2026-08-09 04:59:59,16653.3506000,371,13.84,5307.6954000,0
2026-08-09 05:00:00,383.52000,384.67000,381.07000,383.24000,1124.06,2026-08-09 05:59:59,430359.5576000,2674,595.53,227785.5936000,0
2026-08-09 06:00:00,383.24000,386.94000,381.46000,386.61000,2491.08,2026-08-09 06:59:59,956343.2715000,10871,1398.70,536718.1188000,0
2026-08-09 07:00:00,386.61000,389.92000,386.56000,389.54000,546.51,2026-08-09 07:59:59,212183.7330000,6986,339.39,131765.8236000,0
2026-08-09 08:00:00,389.54000,394.87000,388.57000,389.40000,1045.54,2026-08-09 08:59:59,408634.3130000,7918,502.13,196346.6879000,0
2026-08-09 09:00:00,389.40000,389.75000,385.00000,387.02000,707.64,2026-08-09 09:59:59,274123.2446000,2756,372.75,144387.8223000,0
2026-08-09 10:00:00,387.04000,387.41000,386.53000,387.15000,84.58,2026-08-09 10:59:59,32733.1824000,610,56.48,21857.9286000,0
2026-08-09 11:00:00,387.09000,387.73000,386.71000,387.46000,36.97,2026-08-09 11:59:59,14318.9285000,365,25.77,9982.3610000,0
2026-08-09 12:00:00,387.40000,388.57000,386.76000,387.94000,195.10,2026-08-09 12:59:59,75630.2044000,748,113.62,44040.4833000,0
2026-08-09 13:00:00,388.04000,389.89000,388.04000,389.63000,209.42,2026-08-09 13:59:59,81515.8263000,1320,127.32,49563.1127000,0
2026-08-09 14:00:00,389.61000,391.98000,389.48000,391.98000,405.19,2026-08-09 14:59:59,158434.3974000,1812,297.88,116460.7914000,0
2026-08-09 15:00:00,391.92000,392.45000,389.80000,390.23000,176.79,2026-08-09 15:59:59,69047.8760000,971,54.80,21418.0471000,0
2026-08-09 16:00:00,390.18000,390.73000,389.95000,390.28000,43.17,2026-08-09 16:59:59,16853.8911000,332,24.85,9702.4921000,0
2026-08-09 17:00:00,390.12000,393.36000,390.02000,392.00000,240.31,2026-08-09 17:59:59,94200.6275000,1112,173.03,67825.5083000,0
2026-08-09 18:00:00,391.99000,392.71000,391.41000,391.95000,78.42,2026-08-09 18:59:59,30745.9452000,462,34.18,13402.5064000,0
2026-08-09 19:00:00,391.86000,391.86000,390.25000,391.05000,120.81,2026-08-09 19:59:59,47228.0269000,612,41.96,16393.0525000,0
2026-08-09 20:00:00,391.05000,391.10000,385.12000,387.60000,1113.05,2026-08-09 20:59:59,431307.6343000,3401,249.15,96605.7142000,0
2026-08-09 21:00:00,387.57000,393.77000,386.58000,386.79000,1263.42,2026-08-09 21:59:59,493025.5983000,3845,848.56,331487.6805000,0
2026-08-09 22:00:00,387.00000,387.74000,384.85000,386.39000,450.70,2026-08-09 22:59:59,173991.7396000,2638,190.81,73745.8005000,0
2026-08-09 23:00:00,386.42000,388.20000,386.42000,387.08000,202.09,2026-08-09 23:59:59,78313.0995000,1013,67.34,26092.4122000,0
2026-08-10 00:00:00,387.02000,398.56000,381.31000,393.45000,6670.79,2026-08-10 00:59:59,2621505.7225000,15657,2950.27,1159829.7505000,0
2026-08-10 01:00:00,393.43000,393.43000,386.75000,389.75000,3425.81,2026-08-10 01:59:59,1335374.6906000,6940,1855.01,722951.4666000,0
2026-08-10 02:00:00,389.83000,390.73000,386.58000,387.64000,883.76,2026-08-10 02:59:59,343395.2051000,3022,281.67,109430.2467000,0
2026-08-10 03:00:00,387.62000,390.02000,387.50000,389.66000,702.01,2026-08-10 03:59:59,272973.7224000,1776,466.26,181380.2119000,0
2026-08-10 04:00:00,389.77000,390.33000,386.07000,386.30000,567.24,2026-08-10 04:59:59,220390.5390000,1731,226.46,88060.9220000,0
2026-08-10 05:00:00,386.29000,391.81000,386.13000,391.78000,678.47,2026-08-10 05:59:59,264599.1667000,2799,368.73,143913.0282000,0
2026-08-10 06:00:00,391.65000,392.93000,390.71000,391.76000,613.88,2026-08-10 06:59:59,240594.8286000,1955,412.84,161813.6429000,0
2026-08-10 07:00:00,391.74000,395.04000,391.66000,393.21000,1182.47,2026-08-10 07:59:59,465694.6986000,3867,592.41,233372.1096000,0
2026-08-10 08:00:00,393.21000,397.34000,390.96000,391.41000,1712.42,2026-08-10 08:59:59,675235.1041000,5472,782.44,308885.7229000,0
2026-08-10 09:00:00,391.42000,391.97000,387.44000,388.71000,2559.72,2026-08-10 09:59:59,997449.0154000,5959,1087.05,423743.6465000,0
2026-08-10 10:00:00,388.61000,390.20000,387.30000,388.00000,659.96,2026-08-10 10:59:59,256273.3850000,2216,223.26,86770.7968000,0
2026-08-10 11:00:00,388.02000,395.45000,386.73000,394.99000,1532.37,2026-08-10 11:59:59,599829.8944000,5287,837.78,327868.9320000,0
2026-08-10 12:00:00,394.98000,395.18000,385.29000,386.12000,1070.02,2026-08-10 12:59:59,417444.7243000,3354,424.87,165970.0622000,0
2026-08-10 13:00:00,386.27000,389.48000,342.10000,350.58000,17477.15,2026-08-10 13:59:59,6269226.5318000,50198,7021.62,2522301.2756000,0
2026-08-10 14:00:00,350.48000,354.43000,329.25000,329.50000,12362.35,2026-08-10 14:59:59,4232130.9165000,34075,5496.16,1883393.0023000,0
2026-08-10 15:00:00,329.53000,340.42000,329.18000,337.09000,5668.86,2026-08-10 15:59:59,1896621.2796000,17158,2579.77,861718.0835000,0
2026-08-10 16:00:00,337.25000,337.91000,332.70000,334.04000,2385.11,2026-08-10 16:59:59,798401.3946000,7814,1013.43,339225.0280000,0
2026-08-10 17:00:00,333.99000,336.34000,332.26000,334.59000,2107.71,2026-08-10 17:59:59,705746.0523000,5019,761.74,254829.4388000,0
2026-08-10 18:00:00,334.74000,336.47000,333.49000,334.44000,858.07,2026-08-10 18:59:59,287445.0718000,3217,480.12,160824.3668000,0
2026-08-10 19:00:00,334.28000,334.91000,325.59000,325.94000,2124.48,2026-08-10 19:59:59,699631.2137000,6481,688.02,226816.1065000,0
2026-08-10 20:00:00,326.00000,328.29000,325.38000,328.02000,658.33,2026-08-10 20:59:59,215090.1040000,3005,394.32,128780.7081000,0
2026-08-10 21:00:00,328.02000,328.31000,325.85000,327.97000,1035.62,2026-08-10 21:59:59,338947.5952000,3957,400.84,131293.5043000,0
2026-08-10 22:00:00,328.04000,328.74000,326.24000,327.04000,400.31,2026-08-10 22:59:59,131053.1825000,1388,247.02,80859.9835000,0
2026-08-10 23:00:00,327.00000,327.00000,324.44000,326.41000,1288.58,2026-08-10 23:59:59,419331.8461000,2503,712.78,231980.3014000,0
2026-08-11 00:00:00,326.49000,328.93000,325.35000,328.19000,913.96,2026-08-11 00:59:59,298873.0272000,3659,510.74,167126.6734000,0
2026-08-11 01:00:00,328.03000,329.60000,326.19000,327.37000,652.97,2026-08-11 01:59:59,214189.7217000,2712,332.12,108974.3602000,0
2026-08-11 02:00:00,327.28000,328.98000,327.19000,328.16000,697.05,2026-08-11 02:59:59,228689.3029000,1739,324.08,106358.8250000,0
2026-08-11 03:00:00,328.09000,331.54000,327.96000,330.29000,422.25,2026-08-11 03:59:59,139280.6322000,1708,192.88,63619.0426000,0
2026-08-11 04:00:00,330.31000,331.91000,329.87000,330.22000,337.39,2026-08-11 04:59:59,111589.7593000,1727,147.30,48738.7160000,0
2026-08-11 05:00:00,330.15000,330.15000,325.79000,326.64000,1041.24,2026-08-11 05:59:59,340667.5262000,2803,359.62,117823.7913000,0
2026-08-11 06:00:00,326.51000,328.22000,324.67000,325.46000,584.17,2026-08-11 06:59:59,190760.5629000,2177,328.56,107389.7626000,0
2026-08-11 07:00:00,325.37000,326.91000,324.82000,326.91000,1072.20,2026-08-11 07:59:59,349312.5296000,2525,681.34,221994.6339000,0
2026-08-11 08:00:00,326.93000,329.00000,321.64000,323.40000,2788.84,2026-08-11 08:59:59,905041.6331000,7567,1222.92,396807.8035000,0
2026-08-11 09:00:00,323.43000,324.08000,321.49000,323.22000,527.87,2026-08-11 09:59:59,170593.2180000,2597,300.98,97265.8723000,0
2026-08-11 10:00:00,323.24000,325.07000,322.55000,323.79000,700.43,2026-08-11 10:59:59,227063.0842000,2670,288.39,93428.3765000,0
2026-08-11 11:00:00,323.81000,326.73000,323.73000,325.33000,581.48,2026-08-11 11:59:59,189246.3243000,2119,276.51,89907.7972000,0
2026-08-11 12:00:00,325.26000,328.82000,323.87000,325.00000,1553.83,2026-08-11 12:59:59,508534.9117000,3533,592.94,194283.5051000,0
2026-08-11 13:00:00,325.00000,327.92000,315.29000,323.75000,11972.95,2026-08-11 13:59:59,3855532.6486000,24096,6140.45,1980288.6736000,0
2026-08-11 14:00:00,323.87000,332.45000,322.11000,328.85000,8054.70,2026-08-11 14:59:59,2646903.3601000,12386,4845.22,1591536.7069000,0
2026-08-11 15:00:00,328.87000,330.64000,326.23000,326.44000,2123.33,2026-08-11 15:59:59,697972.5954000,5110,961.25,316426.0349000,0
2026-08-11 16:00:00,326.41000,328.25000,324.53000,327.30000,903.41,2026-08-11 16:59:59,294340.0832000,2936,370.03,120693.9187000,0
2026-08-11 17:00:00,327.31000,328.27000,326.09000,327.87000,997.36,2026-08-11 17:59:59,325974.1936000,2359,400.18,130921.9128000,0
2026-08-11 18:00:00,327.99000,332.34000,327.50000,331.87000,2699.78,2026-08-11 18:59:59,892641.5759000,3414,2001.95,661955.9468000,0
2026-08-11 19:00:00,331.81000,332.17000,328.07000,329.25000,607.74,2026-08-11 19:59:59,200408.1726000,2420,256.71,84616.3490000,0
2026-08-11 20:00:00,329.26000,336.36000,322.23000,331.23000,5219.87,2026-08-11 20:59:59,1718654.7867000,17369,2466.62,812697.3402000,0
2026-08-11 21:00:00,331.37000,333.86000,330.70000,333.00000,597.15,2026-08-11 21:59:59,198564.8886000,2620,257.17,85518.1149000,0
2026-08-11 22:00:00,332.87000,339.63000,332.62000,338.47000,1230.97,2026-08-11 22:59:59,414052.1560000,3137,793.29,266802.7710000,0
2026-08-11 23:00:00,338.26000,339.17000,336.73000,338.33000,893.48,2026-08-11 23:59:59,302012.5618000,2204,350.75,118599.7064000,0
2026-08-12 00:00:00,338.38000,340.83000,337.16000,340.09000,1718.57,2026-08-12 00:59:59,582993.2299000,4238,857.82,291117.5085000,0
2026-08-12 01:00:00,340.00000,342.00000,338.54000,341.59000,2268.00,2026-08-12 01:59:59,772047.4641000,4626,960.62,326982.0174000,0
2026-08-12 02:00:00,341.62000,345.48000,340.93000,345.48000,1114.06,2026-08-12 02:59:59,382518.0484000,3737,552.43,189656.6357000,0
2026-08-12 03:00:00,345.50000,346.84000,342.31000,342.55000,1516.68,2026-08-12 03:59:59,522458.0277000,4832,705.02,243016.4801000,0
2026-08-12 04:00:00,342.38000,344.30000,342.15000,344.02000,873.99,2026-08-12 04:59:59,300117.3746000,2847,443.59,152371.1554000,0
2026-08-12 05:00:00,343.87000,344.11000,341.26000,343.28000,944.12,2026-08-12 05:59:59,323435.2886000,3958,359.80,123301.5392000,0
2026-08-12 06:00:00,343.23000,345.48000,342.53000,345.35000,2224.80,2026-08-12 06:59:59,766555.4009000,6519,1345.12,463679.6902000,0
2026-08-12 07:00:00,345.34000,346.56000,343.70000,344.35000,1821.46,2026-08-12 07:59:59,629500.8102000,7324,744.01,257197.1923000,0
2026-08-12 08:00:00,344.48000,348.85000,343.81000,347.36000,1835.19,2026-08-12 08:59:59,636091.8918000,7149,919.28,318527.3033000,0
2026-08-12 09:00:00,347.30000,348.66000,344.42000,345.90000,1542.20,2026-08-12 09:59:59,534761.7656000,5208,525.19,182055.7364000,0
2026-08-12 10:00:00,345.87000,347.53000,345.87000,346.77000,766.62,2026-08-12 10:59:59,265873.4731000,2370,279.32,96875.8537000,0
2026-08-12 11:00:00,346.82000,350.80000,346.73000,349.93000,934.30,2026-08-12 11:59:59,326054.4015000,3758,381.98,133264.6071000,0
2026-08-12 12:00:00,350.08000,364.00000,346.92000,355.00000,4710.25,2026-08-12 12:59:59,1672895.5813000,13491,2346.29,834244.9313000,0
2026-08-12 13:00:00,355.07000,360.00000,337.49000,345.59000,11950.24,2026-08-12 13:59:59,4165134.0767000,29260,5121.29,1787886.4708000,0
2026-08-12 14:00:00,345.54000,353.00000,341.25000,353.00000,7453.07,2026-08-12 14:59:59,2568367.7584000,12718,3808.19,1312503.9167000,0
2026-08-12 15:00:00,353.09000,360.13000,350.71000,359.60000,3434.13,2026-08-12 15:59:59,1217225.8599000,11482,1585.35,561893.9255000,0
2026-08-12 16:00:00,359.60000,361.11000,357.18000,358.63000,1607.73,2026-08-12 16:59:59,576992.1587000,5828,635.44,228085.8690000,0
2026-08-12 17:00:00,358.57000,363.13000,356.27000,362.34000,5389.00,2026-08-12 17:59:59,1948112.9380000,7233,747.72,269463.5557000,0
2026-08-12 18:00:00,362.35000,362.76000,356.08000,356.82000,3123.09,2026-08-12 18:59:59,1124099.1908000,8851,1055.61,379572.8685000,0
2026-08-12 19:00:00,356.67000,359.72000,353.57000,356.31000,2494.88,2026-08-12 19:59:59,887990.0206000,9170,1236.48,440342.8087000,0
2026-08-12 20:00:00,356.50000,380.23000,328.00000,342.16000,40491.28,2026-08-12 20:59:59,14134781.3420000,128828,17227.72,6025483.0472000,0
2026-08-12 21:00:00,342.13000,348.96000,341.48000,342.80000,3018.82,2026-08-12 21:59:59,1043608.4900000,12484,1806.97,625146.7325000,0
2026-08-12 22:00:00,342.85000,343.89000,338.20000,342.87000,5679.04,2026-08-12 22:59:59,1937599.0981000,12479,1790.10,611487.6936000,0
2026-08-12 23:00:00,342.87000,348.27000,342.62000,346.52000,3483.70,2026-08-12 23:59:59,1202598.5107000,10846,1869.64,644815.1679000,0
2026-08-13 00:00:00,346.60000,350.16000,342.00000,344.96000,4263.68,2026-08-13 00:59:59,1473896.4763000,13552,1779.50,615387.9071000,0
2026-08-13 01:00:00,345.06000,349.33000,342.76000,348.68000,2379.95,2026-08-13 01:59:59,824624.8394000,7056,1080.74,374270.8256000,0
2026-08-13 02:00:00,348.83000,349.77000,344.81000,346.22000,1728.03,2026-08-13 02:59:59,599193.5610000,5413,698.89,242307.1838000,0
2026-08-13 03:00:00,346.22000,348.59000,345.85000,348.14000,1246.39,2026-08-13 03:59:59,433035.5858000,4848,750.03,260535.7003000,0
2026-08-13 04:00:00,348.04000,349.20000,346.23000,347.96000,1455.71,2026-08-13 04:59:59,506135.9091000,3759,655.18,227909.1482000,0
2026-08-13 05:00:00,347.87000,353.19000,347.60000,349.10000,3252.13,2026-08-13 05:59:59,1138532.7299000,7052,1147.85,402260.5347000,0
2026-08-13 06:00:00,348.93000,349.08000,344.00000,344.32000,3266.83,2026-08-13 06:59:59,1131090.8890000,5689,1308.02,453072.6073000,0
2026-08-13 07:00:00,344.37000,345.06000,341.96000,343.20000,3515.20,2026-08-13 07:59:59,1206660.6738000,6221,1448.16,497272.2091000,0
2026-08-13 08:00:00,343.24000,344.18000,336.19000,341.21000,5282.84,2026-08-13 08:59:59,1790387.2000000,14443,2535.48,859358.2893000,0
2026-08-13 09:00:00,341.33000,342.44000,338.13000,342.15000,1461.62,2026-08-13 09:59:59,497269.3965000,5287,675.62,230021.1744000,0
2026-08-13 10:00:00,342.14000,343.17000,339.91000,341.17000,1269.00,2026-08-13 10:59:59,433380.0141000,4784,504.51,172405.1095000,0
2026-08-13 11:00:00,341.18000,342.49000,331.78000,332.01000,4293.64,2026-08-13 11:59:59,1445084.2560000,10034,1698.95,571567.2426000,0
2026-08-13 12:00:00,332.01000,337.24000,330.54000,336.71000,3170.81,2026-08-13 12:59:59,1056630.9799000,9147,1790.01,596957.6763000,0
2026-08-13 13:00:00,336.67000,362.62000,336.17000,350.67000,24118.77,2026-08-13 13:59:59,8387269.1397000,75573,12008.17,4175085.1346000,0
2026-08-13 14:00:00,350.62000,355.04000,341.94000,342.30000,13378.51,2026-08-13 14:59:59,4662452.4966000,28895,5548.29,1936332.0587000,0
2026-08-13 15:00:00,342.31000,347.47000,336.50000,337.80000,6838.80,2026-08-13 15:59:59,2331879.9558000,15860,2973.81,1015248.0800000,0
2026-08-13 16:00:00,337.71000,343.62000,336.90000,338.68000,6613.93,2026-08-13 16:59:59,2244095.7317000,10590,3382.68,1148104.6471000,0
2026-08-13 17:00:00,338.69000,341.13000,335.22000,335.90000,2112.42,2026-08-13 17:59:59,714710.9897000,5227,1185.52,401629.3166000,0
2026-08-13 18:00:00,335.87000,336.50000,331.83000,332.50000,2426.70,2026-08-13 18:59:59,810363.6765000,5617,776.77,259563.7286000,0
2026-08-13 19:00:00,332.47000,333.80000,326.04000,327.88000,3648.91,2026-08-13 19:59:59,1199781.3292000,8119,1661.05,546617.7136000,0
2026-08-13 20:00:00,327.94000,332.00000,327.69000,331.37000,1042.60,2026-08-13 20:59:59,344242.7267000,3409,553.65,182814.4877000,0
2026-08-13 21:00:00,331.37000,331.37000,330.02000,330.80000,726.81,2026-08-13 21:59:59,240360.6889000,1750,387.40,128129.0287000,0
2026-08-13 22:00:00,330.77000,331.43000,329.91000,330.38000,496.31,2026-08-13 22:59:59,163997.1057000,2073,314.37,103874.5669000,0
2026-08-13 23:00:00,330.37000,330.78000,329.89000,330.24000,1121.76,2026-08-13 23:59:59,370508.7365000,1930,356.91,117915.3569000,0
2026-08-14 00:00:00,330.31000,331.32000,328.24000,328.62000,1528.32,2026-08-14 00:59:59,503818.3194000,4885,827.51,272884.2883000,0
2026-08-14 01:00:00,328.56000,329.36000,325.49000,327.79000,4596.91,2026-08-14 01:59:59,1507420.9834000,6156,1853.16,607590.4295000,0
2026-08-14 02:00:00,327.90000,328.35000,325.81000,326.07000,1602.13,2026-08-14 02:59:59,524404.6010000,3326,514.61,168451.6820000,0
2026-08-14 03:00:00,326.18000,327.51000,325.81000,327.49000,266.62,2026-08-14 03:59:59,87097.7721000,1171,174.35,56958.1068000,0
2026-08-14 04:00:00,327.44000,328.19000,327.12000,327.34000,637.03,2026-08-14 04:59:59,208771.8516000,1648,277.76,91038.9507000,0
2026-08-14 05:00:00,327.40000,328.11000,326.62000,327.84000,497.90,2026-08-14 05:59:59,163009.5765000,2188,202.55,66354.5098000,0
2026-08-14 06:00:00,327.84000,327.90000,327.11000,327.58000,782.44,2026-08-14 06:59:59,256155.4123000,2313,210.11,68801.1778000,0
2026-08-14 07:00:00,327.59000,327.90000,327.19000,327.45000,426.58,2026-08-14 07:59:59,139743.9939000,1226,236.71,77554.5287000,0
2026-08-14 08:00:00,327.55000,332.55000,327.26000,329.64000,2870.75,2026-08-14 08:59:59,947314.7745000,6104,1118.54,369031.5197000,0
2026-08-14 09:00:00,329.75000,330.61000,329.05000,330.30000,873.79,2026-08-14 09:59:59,288356.8893000,2284,458.65,151390.1371000,0
2026-08-14 10:00:00,330.40000,331.32000,329.72000,331.23000,1648.06,2026-08-14 10:59:59,544768.2775000,3458,744.07,246076.2773000,0
2026-08-14 11:00:00,331.28000,336.28000,331.15000,333.18000,3717.16,2026-08-14 11:59:59,1240091.9205000,6051,2230.31,744332.4480000,0
2026-08-14 12:00:00,333.25000,333.75000,331.24000,332.55000,2312.49,2026-08-14 12:59:59,768945.4655000,4966,1110.69,369413.3698000,0
2026-08-14 13:00:00,332.48000,347.12000,318.00000,342.00000,18773.50,2026-08-14 13:59:59,6209605.4147000,41800,7558.44,2512145.6486000,0
2026-08-14 14:00:00,342.11000,345.27000,331.54000,332.77000,11769.39,2026-08-14 14:59:59,3988459.0388000,24284,5811.20,1971132.4685000,0
2026-08-14 15:00:00,332.84000,334.29000,322.04000,324.13000,7728.39,2026-08-14 15:59:59,2518666.5357000,11970,3211.07,1046841.0281000,0
2026-08-14 16:00:00,324.05000,328.98000,323.96000,326.37000,2945.68,2026-08-14 16:59:59,962809.8403000,6080,1239.82,405347.8406000,0
2026-08-14 17:00:00,326.42000,327.37000,324.60000,325.37000,895.71,2026-08-14 17:59:59,292193.2444000,2955,466.98,152376.6633000,0
2026-08-14 18:00:00,325.37000,327.05000,324.89000,326.27000,400.38,2026-08-14 18:59:59,130473.5737000,2141,206.07,67175.8376000,0
2026-08-14 19:00:00,326.12000,328.57000,324.12000,326.92000,934.93,2026-08-14 19:59:59,304782.4284000,4019,377.02,123021.8121000,0
2026-08-14 20:00:00,327.04000,327.93000,325.59000,326.75000,722.39,2026-08-14 20:59:59,235630.8683000,2143,304.85,99475.3464000,0
2026-08-14 21:00:00,326.82000,327.21000,326.25000,326.99000,85.84,2026-08-14 21:59:59,28052.0580000,527,67.16,21948.5277000,0
2026-08-14 22:00:00,326.99000,327.15000,326.34000,326.64000,74.97,2026-08-14 22:59:59,24496.3225000,638,39.54,12920.5075000,0
2026-08-14 23:00:00,326.54000,327.62000,326.38000,327.62000,554.02,2026-08-14 23:59:59,181122.4017000,2514,384.18,125625.1984000,0
2026-08-15 00:00:00,327.62000,327.62000,326.30000,327.38000,312.74,2026-08-15 00:59:59,102249.2833000,1194,235.56,77012.7179000,0
2026-08-15 01:00:00,327.37000,327.57000,326.44000,326.96000,754.21,2026-08-15 01:59:59,246626.3429000,1427,423.55,138494.3542000,0
2026-08-15 02:00:00,326.94000,326.96000,326.30000,326.38000,175.46,2026-08-15 02:59:59,57272.5540000,401,52.27,17063.8084000,0
2026-08-15 03:00:00,326.40000,327.17000,326.36000,326.96000,319.18,2026-08-15 03:59:59,104298.8716000,885,94.76,30973.5581000,0
2026-08-15 04:00:00,326.97000,327.26000,326.50000,326.73000,310.77,2026-08-15 04:59:59,101578.5101000,457,84.75,27708.4348000,0
2026-08-15 05:00:00,326.72000,326.98000,326.39000,326.50000,100.53,2026-08-15 05:59:59,32832.9545000,332,46.12,15064.5441000,0
2026-08-15 06:00:00,326.44000,327.09000,326.40000,326.90000,67.29,2026-08-15 06:59:59,21983.0897000,168,51.39,16788.1282000,0
2026-08-15 07:00:00,327.02000,327.50000,326.75000,327.36000,84.89,2026-08-15 07:59:59,27769.3641000,319,55.26,18076.2013000,0
2026-08-15 08:00:00,327.28000,327.49000,326.91000,327.41000,37.57,2026-08-15 08:59:59,12291.7223000,204,14.46,4733.2609000,0
2026-08-15 09:00:00,327.39000,327.81000,327.29000,327.70000,137.73,2026-08-15 09:59:59,45115.6826000,274,123.33,40400.2802000,0
2026-08-15 10:00:00,327.70000,327.88000,326.87000,327.69000,193.80,2026-08-15 10:59:59,63461.3588000,377,106.24,34816.0263000,0
2026-08-15 11:00:00,327.59000,327.99000,327.49000,327.88000,41.09,2026-08-15 11:59:59,13466.6429000,202,23.48,7695.5923000,0
2026-08-15 12:00:00,327.94000,328.29000,327.86000,328.19000,50.13,2026-08-15 12:59:59,16446.6453000,211,31.72,10408.4054000,0
2026-08-15 13:00:00,328.17000,328.19000,327.28000,327.92000,209.16,2026-08-15 13:59:59,68550.4225000,620,78.08,25595.7511000,0
2026-08-15 14:00:00,327.86000,328.02000,327.64000,327.64000,74.69,2026-08-15 14:59:59,24480.9490000,257,30.21,9902.3122000,0
2026-08-15 15:00:00,327.64000,327.84000,327.36000,327.78000,90.05,2026-08-15 15:59:59,29496.5834000,345,27.31,8947.1473000,0
2026-08-15 16:00:00,327.72000,328.46000,327.57000,328.30000,150.08,2026-08-15 16:59:59,49246.1549000,387,105.38,34584.3468000,0
2026-08-15 17:00:00,328.24000,329.75000,328.14000,329.41000,182.05,2026-08-15 17:59:59,59887.4865000,479,137.85,45339.6819000,0
2026-08-15 18:00:00,329.49000,329.82000,329.11000,329.65000,66.81,2026-08-15 18:59:59,22013.7114000,291,26.80,8831.3024000,0
2026-08-15 19:00:00,329.75000,330.42000,329.75000,330.14000,74.56,2026-08-15 19:59:59,24617.6902000,270,36.53,12059.9345000,0
2026-08-15 20:00:00,330.11000,330.65000,329.96000,330.49000,27.59,2026-08-15 20:59:59,9115.1189000,207,14.35,4740.3536000,0
2026-08-15 21:00:00,330.45000,330.76000,330.14000,330.64000,54.30,2026-08-15 21:59:59,17947.4036000,250,27.79,9186.4627000,0
2026-08-15 22:00:00,330.58000,330.68000,330.33000,330.67000,71.67,2026-08-15 22:59:59,23690.3234000,177,40.29,13318.7219000,0
2026-08-15 23:00:00,330.58000,330.74000,330.41000,330.56000,46.43,2026-08-15 23:59:59,15349.4059000,171,10.69,3534.1912000,0
2026-08-16 00:00:00,330.57000,331.70000,330.50000,331.04000,189.66,2026-08-16 00:59:59,62800.0296000,831,80.54,26666.5468000,0
2026-08-16 01:00:00,331.08000,331.75000,330.90000,331.10000,134.98,2026-08-16 01:59:59,44705.4781000,480,45.25,14990.3322000,0
2026-08-16 02:00:00,331.02000,331.79000,330.84000,331.35000,81.99,2026-08-16 02:59:59,27163.0922000,295,52.25,17308.3959000,0
2026-08-16 03:00:00,331.37000,333.44000,331.37000,333.21000,846.74,2026-08-16 03:59:59,281860.8099000,1232,526.72,175367.2481000,0
2026-08-16 04:00:00,333.37000,333.50000,331.55000,332.24000,416.17,2026-08-16 04:59:59,138319.7332000,889,52.08,17325.4095000,0
2026-08-16 05:00:00,332.25000,333.12000,332.25000,333.00000,91.69,2026-08-16 05:59:59,30514.7807000,213,70.76,23552.5520000,0
2026-08-16 06:00:00,333.08000,333.49000,332.87000,333.29000,99.76,2026-08-16 06:59:59,33240.2662000,322,53.64,17875.1773000,0
2026-08-16 07:00:00,333.27000,333.27000,331.82000,332.81000,237.08,2026-08-16 07:59:59,78827.0542000,608,99.19,32960.3438000,0
2026-08-16 08:00:00,332.75000,333.26000,332.11000,333.12000,207.59,2026-08-16 08:59:59,69074.8344000,587,141.30,47011.6395000,0
2026-08-16 09:00:00,333.08000,333.08000,331.87000,332.21000,125.85,2026-08-16 09:59:59,41836.1992000,391,63.95,21260.5243000,0
2026-08-16 10:00:00,332.07000,332.57000,331.78000,332.33000,66.87,2026-08-16 10:59:59,22213.1883000,224,23.16,7693.8316000,0
2026-08-16 11:00:00,332.41000,332.74000,332.00000,332.50000,89.49,2026-08-16 11:59:59,29735.5406000,221,20.25,6730.3991000,0
2026-08-16 12:00:00,332.40000,332.56000,331.01000,331.24000,268.08,2026-08-16 12:59:59,88890.2205000,730,84.98,28184.6375000,0
2026-08-16 13:00:00,331.21000,331.57000,330.60000,330.67000,212.37,2026-08-16 13:59:59,70294.6091000,552,47.58,15749.7872000,0
2026-08-16 14:00:00,330.75000,330.80000,329.65000,330.22000,491.23,2026-08-16 14:59:59,162196.2472000,1340,153.92,50813.5716000,0
2026-08-16 15:00:00,330.13000,331.97000,330.13000,331.88000,301.23,2026-08-16 15:59:59,99754.4361000,749,170.20,56363.5675000,0
2026-08-16 16:00:00,331.91000,332.98000,331.55000,332.38000,267.80,2026-08-16 16:59:59,88972.2801000,908,150.10,49884.5979000,0
2026-08-16 17:00:00,332.25000,332.59000,331.97000,332.58000,87.82,2026-08-16 17:59:59,29182.1409000,258,40.30,13394.0510000,0
2026-08-16 18:00:00,332.47000,332.57000,331.95000,332.26000,161.78,2026-08-16 18:59:59,53723.7138000,351,47.53,15786.5266000,0
2026-08-16 19:00:00,332.28000,332.45000,331.83000,332.09000,39.51,2026-08-16 19:59:59,13119.5266000,161,6.17,2048.9468000,0
2026-08-16 20:00:00,332.09000,332.18000,331.50000,331.65000,37.27,2026-08-16 20:59:59,12365.6189000,213,7.35,2439.7096000,0
2026-08-16 21:00:00,331.70000,332.33000,331.38000,331.65000,40.57,2026-08-16 21:59:59,13457.7776000,223,14.24,4725.3940000,0
2026-08-16 22:00:00,331.71000,332.16000,331.13000,331.25000,114.17,2026-08-16 22:59:59,37862.0186000,453,60.61,20101.3663000,0
2026-08-16 23:00:00,331.22000,332.06000,331.06000,331.92000,171.28,2026-08-16 23:59:59,56767.6026000,597,73.16,24255.2013000,0
2026-08-17 00:00:00,331.88000,331.88000,327.76000,330.49000,1691.09,2026-08-17 00:59:59,558414.9760000,6000,812.61,268390.2500000,0
2026-08-17 01:00:00,330.49000,332.41000,329.73000,330.02000,1396.11,2026-08-17 01:59:59,461847.5894000,2627,716.74,237111.5545000,0
2026-08-17 02:00:00,330.02000,333.34000,329.65000,333.07000,1623.92,2026-08-17 02:59:59,538581.3406000,2817,651.33,216056.9117000,0
2026-08-17 03:00:00,333.09000,334.15000,332.57000,332.83000,1054.04,2026-08-17 03:59:59,351314.8344000,2055,667.75,222592.5383000,0
2026-08-17 04:00:00,332.76000,333.98000,332.20000,332.70000,879.67,2026-08-17 04:59:59,293074.7617000,1614,325.17,108334.9176000,0
2026-08-17 05:00:00,332.71000,335.81000,331.87000,333.55000,2129.77,2026-08-17 05:59:59,709931.1933000,5711,911.91,304087.3435000,0
2026-08-17 06:00:00,333.52000,336.38000,332.87000,336.33000,2143.96,2026-08-17 06:59:59,717996.8527000,4563,1213.16,406454.2155000,0
2026-08-17 07:00:00,336.28000,337.06000,335.50000,336.63000,1590.33,2026-08-17 07:59:59,534310.7258000,3247,543.03,182504.5213000,0
2026-08-17 08:00:00,336.58000,338.52000,335.87000,337.51000,1412.77,2026-08-17 08:59:59,476578.5347000,4282,682.79,230426.5994000,0
2026-08-17 09:00:00,337.53000,337.72000,334.62000,334.94000,1918.16,2026-08-17 09:59:59,644445.2908000,5074,523.19,175961.1328000,0
2026-08-17 10:00:00,334.99000,336.85000,334.94000,336.36000,974.77,2026-08-17 10:59:59,327634.9325000,2788,494.47,166225.9106000,0
2026-08-17 11:00:00,336.31000,336.37000,333.28000,333.80000,1026.83,2026-08-17 11:59:59,343459.0205000,2387,412.49,137962.3517000,0
2026-08-17 12:00:00,333.75000,333.75000,330.13000,331.10000,1661.05,2026-08-17 12:59:59,551060.0145000,3495,503.55,167032.9670000,0
2026-08-17 13:00:00,331.11000,348.45000,331.11000,343.47000,29241.52,2026-08-17 13:59:59,10010545.6026000,40438,9229.29,3146181.0509000,0
2026-08-17 14:00:00,343.48000,354.57000,340.33000,354.26000,15547.11,2026-08-17 14:59:59,5384982.3214000,34522,6859.87,2375957.3819000,0
2026-08-17 15:00:00,354.26000,359.94000,353.40000,358.68000,6288.80,2026-08-17 15:59:59,2245741.5416000,23073,3283.10,1173453.9264000,0
2026-08-17 16:00:00,358.65000,363.03000,358.20000,361.52000,3857.14,2026-08-17 16:59:59,1390313.9636000,13552,2180.48,786262.7504000,0
2026-08-17 17:00:00,361.50000,361.50000,356.24000,360.47000,3463.48,2026-08-17 17:59:59,1243926.5347000,9187,1503.51,539992.3926000,0
2026-08-17 18:00:00,360.54000,360.62000,356.37000,357.43000,1414.12,2026-08-17 18:59:59,505786.8370000,5029,619.86,221686.8949000,0
2026-08-17 19:00:00,357.44000,357.63000,350.27000,351.62000,3167.34,2026-08-17 19:59:59,1117986.5221000,10657,1586.55,560022.5081000,0
2026-08-17 20:00:00,351.73000,354.72000,351.23000,352.72000,521.83,2026-08-17 20:59:59,184166.4965000,3081,251.83,88906.4870000,0
2026-08-17 21:00:00,352.77000,353.12000,351.42000,352.23000,159.99,2026-08-17 21:59:59,56351.9810000,1352,50.17,17675.7189000,0
2026-08-17 22:00:00,352.29000,353.19000,352.01000,352.56000,349.00,2026-08-17 22:59:59,123069.6021000,1950,171.67,60543.2197000,0
2026-08-17 23:00:00,352.55000,352.74000,350.08000,352.24000,1535.95,2026-08-17 23:59:59,540198.7670000,3538,453.23,159486.9182000,0
2026-08-18 00:00:00,352.25000,355.59000,350.87000,352.53000,2257.97,2026-08-18 00:59:59,797397.0163000,6424,1030.54,364041.4174000,0
2026-08-18 01:00:00,352.53000,352.75000,342.91000,345.28000,2785.96,2026-08-18 01:59:59,965578.7218000,8613,1223.00,423141.9371000,0
2026-08-18 02:00:00,345.39000,345.62000,336.08000,340.08000,7979.79,2026-08-18 02:59:59,2708104.4610000,23990,3921.51,1330991.1726000,0
2026-08-18 03:00:00,340.12000,341.92000,335.85000,341.25000,4084.24,2026-08-18 03:59:59,1384065.5567000,13852,1903.25,645494.9718000,0
2026-08-18 04:00:00,341.24000,345.16000,339.77000,342.68000,2468.87,2026-08-18 04:59:59,846054.0528000,8904,1107.71,379734.2116000,0
2026-08-18 05:00:00,342.68000,342.68000,338.19000,338.27000,1680.90,2026-08-18 05:59:59,571257.0553000,5107,698.82,237548.2987000,0
2026-08-18 06:00:00,338.18000,343.76000,337.55000,343.45000,2199.10,2026-08-18 06:59:59,750269.4035000,6615,1232.15,420189.4423000,0
2026-08-18 07:00:00,343.45000,343.93000,339.79000,339.79000,1676.13,2026-08-18 07:59:59,573053.9758000,6214,623.91,213554.3399000,0
2026-08-18 08:00:00,339.79000,340.33000,331.36000,332.43000,5480.51,2026-08-18 08:59:59,1834425.7037000,13533,1982.63,663666.6624000,0
2026-08-18 09:00:00,332.43000,332.57000,326.87000,329.63000,3986.38,2026-08-18 09:59:59,1315269.5487000,12001,1805.35,595801.3503000,0
2026-08-18 10:00:00,329.54000,331.71000,327.79000,331.37000,2012.64,2026-08-18 10:59:59,662520.8902000,6352,1230.65,405112.1302000,0
2026-08-18 11:00:00,331.34000,334.57000,331.17000,331.56000,1662.19,2026-08-18 11:59:59,553112.2679000,7133,890.71,296436.0892000,0
2026-08-18 12:00:00,331.60000,332.75000,328.13000,328.46000,1501.37,2026-08-18 12:59:59,495598.3502000,4894,721.43,238120.4088000,0
2026-08-18 13:00:00,328.39000,329.85000,312.75000,315.52000,20539.52,2026-08-18 13:59:59,6603679.3949000,39441,7647.49,2463726.9328000,0
2026-08-18 14:00:00,315.74000,318.62000,308.28000,309.24000,13462.11,2026-08-18 14:59:59,4214133.7303000,32207,6267.83,1964700.3276000,0
2026-08-18 15:00:00,309.22000,312.22000,307.86000,310.64000,5033.76,2026-08-18 15:59:59,1559433.1199000,17356,2855.58,884780.6815000,0
2026-08-18 16:00:00,310.73000,311.87000,308.55000,310.14000,1641.41,2026-08-18 16:59:59,509054.6995000,7046,749.87,232610.0567000,0
2026-08-18 17:00:00,310.13000,311.64000,308.37000,308.37000,1809.67,2026-08-18 17:59:59,560778.9247000,5569,729.70,226309.0853000,0
2026-08-18 18:00:00,308.37000,310.79000,306.44000,309.43000,4036.54,2026-08-18 18:59:59,1243310.4102000,7545,2550.23,785022.8387000,0
2026-08-18 19:00:00,309.38000,312.04000,306.14000,306.74000,2682.02,2026-08-18 19:59:59,828515.5838000,10649,1050.40,324822.4110000,0
2026-08-18 20:00:00,306.76000,307.81000,306.15000,307.28000,723.40,2026-08-18 20:59:59,222100.6586000,2677,313.90,96374.2774000,0
2026-08-18 21:00:00,307.29000,307.70000,306.40000,306.54000,251.24,2026-08-18 21:59:59,77159.4703000,1350,141.32,43413.9089000,0
2026-08-18 22:00:00,306.57000,307.68000,301.75000,302.63000,1756.54,2026-08-18 22:59:59,535397.5508000,6000,622.29,189914.6750000,0
2026-08-18 23:00:00,302.67000,303.97000,301.83000,302.02000,4381.65,2026-08-18 23:59:59,1325038.2700000,13637,3067.75,927776.8675000,0
2026-08-19 00:00:00,302.04000,303.37000,297.21000,300.94000,6999.13,2026-08-19 00:59:59,2102624.9053000,15555,3542.56,1065222.7528000,0
2026-08-19 01:00:00,300.87000,306.40000,300.75000,305.20000,1120.67,2026-08-19 01:59:59,341205.0232000,3270,699.42,213042.9513000,0
