Open Time,Open,High,Low,Close,Volume,Close Time,Quote Asset Volume,Number of Trades,Taker Buy Base Asset Volume,Taker Buy Quote Asset Volume,Ignore
2026-07-16 09:00:00,29.30000,30.30000,29.30000,29.37000,28333.43,2026-07-16 09:59:59,846737.2152000,6908,10741.47,321212.7643000,0
2026-07-16 10:00:00,29.35000,29.56000,28.68000,29.25000,14105.73,2026-07-16 10:59:59,411949.7719000,4333,7175.64,209631.1584000,0
2026-07-16 11:00:00,29.25000,29.25000,28.00000,28.22000,20463.94,2026-07-16 11:59:59,580627.5480000,5178,9111.49,258931.9967000,0
2026-07-16 12:00:00,28.22000,28.43000,27.54000,27.75000,41622.67,2026-07-16 12:59:59,1164268.0467000,7017,14785.12,414333.5622000,0
2026-07-16 13:00:00,27.77000,30.46000,27.60000,28.64000,101656.63,2026-07-16 13:59:59,2927905.7221000,16155,61119.77,1760462.8248000,0
2026-07-16 14:00:00,28.60000,29.48000,27.91000,28.42000,23721.60,2026-07-16 14:59:59,684039.3772000,4720,11936.34,345383.1241000,0
2026-07-16 15:00:00,28.44000,28.74000,27.21000,27.65000,34222.13,2026-07-16 15:59:59,953808.4108000,6840,16802.39,469664.3523000,0
2026-07-16 16:00:00,27.64000,27.78000,27.05000,27.55000,17174.74,2026-07-16 16:59:59,470586.8169000,3462,9831.11,270145.8495000,0
2026-07-16 17:00:00,27.56000,28.16000,26.81000,27.18000,32503.93,2026-07-16 17:59:59,888234.2171000,4469,14669.60,402327.4595000,0
2026-07-16 18:00:00,27.23000,28.33000,26.90000,27.11000,22774.63,2026-07-16 18:59:59,629818.3823000,3323,10161.89,280003.6145000,0
2026-07-16 19:00:00,27.10000,27.77000,26.87000,27.73000,8042.97,2026-07-16 19:59:59,220195.2424000,2718,5066.92,138870.6497000,0
2026-07-16 20:00:00,27.64000,27.84000,27.20000,27.81000,3785.90,2026-07-16 20:59:59,103875.0283000,2284,1758.04,48207.0850000,0
2026-07-16 21:00:00,27.80000,28.08000,27.68000,27.79000,2963.89,2026-07-16 21:59:59,82543.5026000,1271,1235.00,34448.8387000,0
2026-07-16 22:00:00,27.80000,27.87000,26.21000,26.74000,26222.45,2026-07-16 22:59:59,703951.0209000,6853,11031.64,296505.4091000,0
2026-07-16 23:00:00,26.75000,26.77000,25.90000,26.22000,10322.42,2026-07-16 23:59:59,271172.8640000,2954,5575.38,146643.3101000,0
2026-07-17 00:00:00,26.22000,26.89000,25.15000,26.00000,27619.46,2026-07-17 00:59:59,718273.3247000,6364,14133.26,368477.0557000,0
2026-07-17 01:00:00,25.98000,26.59000,25.50000,25.82000,14737.68,2026-07-17 01:59:59,383748.8869000,5089,7312.33,190549.9397000,0
2026-07-17 02:00:00,25.86000,26.05000,25.37000,25.79000,7394.14,2026-07-17 02:59:59,189913.9868000,3117,3557.34,91487.5377000,0
2026-07-17 03:00:00,25.78000,27.00000,25.73000,26.42000,13761.27,2026-07-17 03:59:59,365048.8582000,4033,7032.04,186072.0727000,0
2026-07-17 04:00:00,26.38000,26.42000,25.73000,25.88000,11310.59,2026-07-17 04:59:59,294735.2796000,3820,5015.77,130905.1394000,0
2026-07-17 05:00:00,25.87000,25.98000,24.81000,24.93000,26304.89,2026-07-17 05:59:59,669387.9730000,8422,11188.85,285222.1727000,0
2026-07-17 06:00:00,24.95000,25.59000,24.90000,25.05000,13168.48,2026-07-17 06:59:59,331811.2844000,4402,5203.98,131378.9926000,0
2026-07-17 07:00:00,25.04000,25.27000,24.55000,24.72000,10906.51,2026-07-17 07:59:59,271117.8225000,3361,4876.04,121230.7211000,0
2026-07-17 08:00:00,24.73000,25.36000,24.72000,25.13000,31953.48,2026-07-17 08:59:59,799825.8106000,8296,14522.24,363694.0408000,0
2026-07-17 09:00:00,25.11000,26.41000,25.10000,26.39000,60622.49,2026-07-17 09:59:59,1561424.1260000,11200,22522.87,579197.1701000,0
2026-07-17 10:00:00,26.40000,28.11000,26.36000,27.11000,104786.70,2026-07-17 10:59:59,2864932.8547000,21175,45448.12,1243477.6240000,0
2026-07-17 11:00:00,27.13000,27.33000,26.06000,26.41000,47853.78,2026-07-17 11:59:59,1277103.9315000,9486,22202.78,593335.5201000,0
2026-07-17 12:00:00,26.38000,26.54000,25.63000,26.07000,29630.00,2026-07-17 12:59:59,769773.9537000,7011,16083.45,417916.7841000,0
2026-07-17 13:00:00,26.06000,27.03000,24.30000,26.89000,107899.67,2026-07-17 13:59:59,2755169.2250000,21471,54875.41,1400864.0861000,0
2026-07-17 14:00:00,26.88000,29.31000,26.84000,27.59000,165291.92,2026-07-17 14:59:59,4665244.9426000,25055,89292.72,2524432.2244000,0
2026-07-17 15:00:00,27.61000,29.63000,27.11000,29.52000,85580.32,2026-07-17 15:59:59,2391819.7207000,20516,44339.86,1240526.7801000,0
2026-07-17 16:00:00,29.54000,30.40000,29.13000,30.13000,79511.59,2026-07-17 16:59:59,2358842.0285000,12437,39924.49,1185889.5850000,0
2026-07-17 17:00:00,30.11000,30.76000,29.43000,29.54000,53184.75,2026-07-17 17:59:59,1600313.8135000,9668,27325.86,822808.4194000,0
2026-07-17 18:00:00,29.52000,29.62000,28.53000,28.70000,51912.07,2026-07-17 18:59:59,1504857.7458000,7387,26408.20,765547.3507000,0
2026-07-17 19:00:00,28.72000,28.73000,27.25000,27.32000,64883.45,2026-07-17 19:59:59,1818149.4999000,9101,34793.39,974568.7619000,0
2026-07-17 20:00:00,27.31000,27.44000,26.84000,26.99000,32055.80,2026-07-17 20:59:59,867422.5300000,4814,16989.37,459753.9564000,0
2026-07-17 21:00:00,27.01000,27.05000,26.64000,26.65000,12335.40,2026-07-17 21:59:59,332099.7502000,3013,6319.12,170290.4008000,0
2026-07-17 22:00:00,26.64000,26.82000,26.52000,26.64000,9031.77,2026-07-17 22:59:59,240709.1298000,2147,4310.73,114929.2340000,0
2026-07-17 23:00:00,26.63000,27.05000,26.61000,26.93000,9419.05,2026-07-17 23:59:59,253358.9473000,1993,5232.39,140793.3980000,0
2026-07-18 00:00:00,26.90000,27.09000,26.79000,27.01000,6978.80,2026-07-18 00:59:59,188030.7798000,2241,3485.02,93876.7159000,0
2026-07-18 01:00:00,27.03000,27.17000,26.98000,27.12000,4984.36,2026-07-18 01:59:59,135031.7114000,1747,2736.46,74160.0205000,0
2026-07-18 02:00:00,27.09000,27.16000,26.99000,27.03000,4537.67,2026-07-18 02:59:59,122774.4702000,857,1722.74,46625.7571000,0
2026-07-18 03:00:00,27.01000,27.26000,27.01000,27.12000,3774.17,2026-07-18 03:59:59,102370.1670000,913,2654.72,72029.5563000,0
2026-07-18 04:00:00,27.13000,27.14000,26.99000,27.09000,2915.03,2026-07-18 04:59:59,78874.5434000,672,1223.76,33124.0464000,0
2026-07-18 05:00:00,27.10000,27.33000,27.00000,27.06000,5415.06,2026-07-18 05:59:59,146974.4522000,1223,3146.96,85496.8708000,0
2026-07-18 06:00:00,27.05000,27.10000,26.91000,26.94000,2350.04,2026-07-18 06:59:59,63463.3794000,754,790.61,21362.8974000,0
2026-07-18 07:00:00,26.93000,27.09000,26.87000,27.03000,1535.55,2026-07-18 07:59:59,41465.8127000,647,801.01,21642.4810000,0
2026-07-18 08:00:00,27.05000,27.08000,26.93000,27.02000,1351.33,2026-07-18 08:59:59,36517.3126000,410,657.81,17776.6057000,0
2026-07-18 09:00:00,27.03000,27.08000,26.83000,26.87000,2190.07,2026-07-18 09:59:59,58928.5520000,612,760.49,20474.2963000,0
2026-07-18 10:00:00,26.87000,26.94000,26.83000,26.86000,1697.65,2026-07-18 10:59:59,45614.9867000,337,950.73,25548.4361000,0
2026-07-18 11:00:00,26.86000,26.93000,26.79000,26.87000,4498.91,2026-07-18 11:59:59,120643.2404000,636,787.71,21143.5464000,0
2026-07-18 12:00:00,26.87000,26.89000,26.72000,26.81000,3474.84,2026-07-18 12:59:59,93108.8845000,784,1828.12,49005.7895000,0
2026-07-18 13:00:00,26.80000,26.98000,26.75000,26.89000,3639.94,2026-07-18 13:59:59,97825.1669000,820,1641.04,44120.4438000,0
2026-07-18 14:00:00,26.90000,26.91000,26.73000,26.79000,1528.31,2026-07-18 14:59:59,40933.8766000,386,759.62,20350.6833000,0
2026-07-18 15:00:00,26.79000,26.83000,26.71000,26.74000,3362.94,2026-07-18 15:59:59,89933.9162000,545,1708.40,45685.2168000,0
2026-07-18 16:00:00,26.74000,26.74000,26.52000,26.66000,3480.11,2026-07-18 16:59:59,92690.3190000,534,1543.34,41143.2439000,0
2026-07-18 17:00:00,26.66000,26.68000,26.55000,26.65000,1080.16,2026-07-18 17:59:59,28765.1700000,450,575.62,15328.3042000,0
2026-07-18 18:00:00,26.64000,26.76000,26.57000,26.59000,1123.27,2026-07-18 18:59:59,29946.0088000,291,461.41,12297.3055000,0
2026-07-18 19:00:00,26.60000,26.64000,26.57000,26.60000,969.59,2026-07-18 19:59:59,25799.5522000,313,450.91,11997.6643000,0
2026-07-18 20:00:00,26.58000,26.76000,26.52000,26.71000,2847.37,2026-07-18 20:59:59,75748.7470000,356,746.42,19869.2614000,0
2026-07-18 21:00:00,26.73000,26.80000,26.62000,26.77000,1217.19,2026-07-18 21:59:59,32526.8552000,310,549.71,14691.5242000,0
2026-07-18 22:00:00,26.78000,26.82000,26.62000,26.68000,1318.17,2026-07-18 22:59:59,35229.1681000,358,670.05,17911.3887000,0
2026-07-18 23:00:00,26.68000,26.74000,26.61000,26.68000,1510.33,2026-07-18 23:59:59,40304.8996000,314,813.55,21716.5124000,0
2026-07-19 00:00:00,26.68000,26.87000,26.65000,26.85000,1543.55,2026-07-19 00:59:59,41343.7441000,331,771.66,20677.4818000,0
2026-07-19 01:00:00,26.86000,26.92000,26.77000,26.92000,4394.78,2026-07-19 01:59:59,118210.9913000,537,3687.64,99224.8637000,0
2026-07-19 02:00:00,26.93000,27.02000,26.84000,26.95000,4329.92,2026-07-19 02:59:59,116695.5324000,769,2718.81,73283.7546000,0
2026-07-19 03:00:00,26.93000,27.03000,26.90000,27.03000,1732.29,2026-07-19 03:59:59,46713.1607000,343,889.94,23996.8599000,0
2026-07-19 04:00:00,27.04000,27.09000,26.96000,27.00000,1943.38,2026-07-19 04:59:59,52516.9754000,416,984.00,26594.4000000,0
2026-07-19 05:00:00,27.03000,27.07000,26.98000,27.04000,708.42,2026-07-19 05:59:59,19156.0520000,169,300.37,8121.2058000,0
2026-07-19 06:00:00,27.03000,27.09000,26.98000,27.03000,749.54,2026-07-19 06:59:59,20254.9929000,161,248.61,6718.6349000,0
2026-07-19 07:00:00,27.04000,27.16000,27.01000,27.08000,1896.89,2026-07-19 07:59:59,51386.0630000,318,1035.49,28054.9662000,0
2026-07-19 08:00:00,27.07000,27.48000,27.07000,27.43000,5634.64,2026-07-19 08:59:59,153939.1542000,939,3134.59,85628.8252000,0
2026-07-19 09:00:00,27.39000,27.43000,27.15000,27.38000,3980.47,2026-07-19 09:59:59,108608.9907000,693,2088.58,56975.0977000,0
2026-07-19 10:00:00,27.39000,27.39000,27.17000,27.32000,3617.92,2026-07-19 10:59:59,98804.1954000,514,1805.34,49292.5961000,0
2026-07-19 11:00:00,27.34000,27.39000,27.12000,27.18000,6886.04,2026-07-19 11:59:59,187930.3419000,695,3497.60,95515.2332000,0
2026-07-19 12:00:00,27.17000,27.38000,27.12000,27.36000,2407.36,2026-07-19 12:59:59,65687.8871000,510,1146.70,31280.2905000,0
2026-07-19 13:00:00,27.36000,27.47000,27.32000,27.47000,1962.00,2026-07-19 13:59:59,53805.2739000,416,997.33,27352.8554000,0
2026-07-19 14:00:00,27.45000,27.45000,27.28000,27.32000,3610.21,2026-07-19 14:59:59,98741.4321000,445,2143.24,58621.7904000,0
2026-07-19 15:00:00,27.32000,27.36000,27.25000,27.29000,843.04,2026-07-19 15:59:59,23019.6226000,166,385.10,10516.3344000,0
2026-07-19 16:00:00,27.28000,27.33000,27.10000,27.16000,2972.31,2026-07-19 16:59:59,80807.2283000,496,1440.18,39154.4877000,0
2026-07-19 17:00:00,27.16000,27.56000,27.08000,27.47000,2419.33,2026-07-19 17:59:59,66232.3861000,537,1453.80,39804.3018000,0
2026-07-19 18:00:00,27.47000,27.53000,27.28000,27.49000,1740.40,2026-07-19 18:59:59,47679.8556000,397,867.13,23760.2345000,0
2026-07-19 19:00:00,27.50000,27.62000,27.42000,27.57000,1120.70,2026-07-19 19:59:59,30865.1611000,279,523.27,14412.3677000,0
2026-07-19 20:00:00,27.60000,27.63000,27.50000,27.53000,1354.55,2026-07-19 20:59:59,37317.6252000,265,660.44,18193.2476000,0
2026-07-19 21:00:00,27.53000,27.59000,27.43000,27.54000,1390.63,2026-07-19 21:59:59,38254.1959000,278,783.77,21571.7928000,0
2026-07-19 22:00:00,27.54000,28.43000,27.31000,28.32000,18486.88,2026-07-19 22:59:59,514403.3780000,3494,8920.78,248439.1916000,0
2026-07-19 23:00:00,28.35000,28.38000,27.74000,28.00000,17805.46,2026-07-19 23:59:59,499369.8497000,3324,9157.58,256854.0954000,0
2026-07-20 00:00:00,28.00000,29.38000,27.55000,28.10000,93087.12,2026-07-20 00:59:59,2663213.1081000,14103,48080.29,1376697.5521000,0
2026-07-20 01:00:00,28.09000,28.66000,27.15000,27.44000,27468.60,2026-07-20 01:59:59,769579.0340000,6835,13449.02,377438.4869000,0
2026-07-20 02:00:00,27.43000,28.17000,27.30000,27.99000,24181.37,2026-07-20 02:59:59,671411.7949000,5230,14065.51,390431.7189000,0
2026-07-20 03:00:00,28.04000,28.47000,27.79000,28.25000,7862.17,2026-07-20 03:59:59,220873.3193000,2105,4160.61,116884.7690000,0
2026-07-20 04:00:00,28.22000,28.76000,28.01000,28.49000,6873.17,2026-07-20 04:59:59,195256.2338000,2231,3912.95,111169.8914000,0
2026-07-20 05:00:00,28.51000,28.52000,27.82000,27.98000,8521.54,2026-07-20 05:59:59,239463.1874000,2368,3923.65,110199.0333000,0
2026-07-20 06:00:00,28.00000,28.16000,27.36000,27.79000,17452.93,2026-07-20 06:59:59,483755.7713000,3079,8542.18,237031.6524000,0
2026-07-20 07:00:00,27.81000,28.62000,27.76000,28.51000,14470.29,2026-07-20 07:59:59,409677.8857000,2544,7091.11,200712.6386000,0
2026-07-20 08:00:00,28.49000,29.02000,28.29000,28.63000,41036.07,2026-07-20 08:59:59,1174163.8317000,6310,20781.80,595847.2169000,0
2026-07-20 09:00:00,28.64000,29.54000,28.59000,29.27000,24312.79,2026-07-20 09:59:59,705127.0797000,3702,12351.31,358420.9055000,0
2026-07-20 10:00:00,29.29000,29.84000,29.12000,29.47000,16043.49,2026-07-20 10:59:59,473052.7194000,3924,8676.60,255776.3694000,0
2026-07-20 11:00:00,29.49000,30.31000,29.49000,30.24000,16843.92,2026-07-20 11:59:59,503817.5554000,5438,8673.57,259539.2427000,0
2026-07-20 12:00:00,30.25000,30.29000,29.19000,29.37000,27584.30,2026-07-20 12:59:59,818789.9208000,4675,13496.48,401196.5468000,0
2026-07-20 13:00:00,29.37000,30.46000,29.06000,29.38000,141230.80,2026-07-20 13:59:59,4208230.5149000,22633,66812.75,1991346.4840000,0
2026-07-20 14:00:00,29.38000,29.80000,28.37000,28.68000,79019.16,2026-07-20 14:59:59,2298041.3006000,14684,39508.92,1148548.6812000,0
2026-07-20 15:00:00,28.62000,30.13000,28.53000,30.04000,42590.20,2026-07-20 15:59:59,1250484.0108000,7979,23607.37,693696.9504000,0
2026-07-20 16:00:00,30.02000,30.57000,29.61000,29.81000,38101.28,2026-07-20 16:59:59,1150120.6661000,4362,20242.62,612151.3906000,0
2026-07-20 17:00:00,29.80000,30.02000,29.44000,29.61000,11408.31,2026-07-20 17:59:59,339555.9125000,2513,5959.35,177540.9189000,0
2026-07-20 18:00:00,29.64000,29.77000,28.67000,28.75000,15264.40,2026-07-20 18:59:59,445231.1678000,2579,7210.52,210492.0275000,0
2026-07-20 19:00:00,28.75000,28.84000,27.95000,28.34000,27384.47,2026-07-20 19:59:59,774989.1921000,3721,13153.52,371260.1341000,0
2026-07-20 20:00:00,28.31000,28.80000,28.30000,28.76000,5366.58,2026-07-20 20:59:59,152998.9959000,892,1768.28,50422.9422000,0
2026-07-20 21:00:00,28.75000,28.87000,28.61000,28.81000,1795.28,2026-07-20 21:59:59,51637.5283000,498,814.02,23440.1599000,0
2026-07-20 22:00:00,28.79000,28.80000,28.48000,28.75000,1822.46,2026-07-20 22:59:59,52206.9049000,612,942.45,27006.6344000,0
2026-07-20 23:00:00,28.69000,29.03000,28.69000,28.80000,9271.08,2026-07-20 23:59:59,267263.4693000,1373,7297.02,210288.3334000,0
2026-07-21 00:00:00,28.79000,29.51000,28.43000,29.10000,16797.03,2026-07-21 00:59:59,484966.7498000,6857,8271.75,238983.8172000,0
2026-07-21 01:00:00,29.09000,29.86000,29.07000,29.52000,9163.98,2026-07-21 01:59:59,270694.5875000,3022,4858.65,143501.8438000,0
2026-07-21 02:00:00,29.55000,29.83000,29.26000,29.83000,8358.84,2026-07-21 02:59:59,247639.0496000,2004,3999.99,118560.7311000,0
2026-07-21 03:00:00,29.82000,30.92000,29.82000,30.89000,16686.79,2026-07-21 03:59:59,508079.8305000,4554,9385.48,285580.0910000,0
2026-07-21 04:00:00,30.89000,31.26000,30.26000,30.49000,35429.12,2026-07-21 04:59:59,1085593.8101000,6073,15291.98,469835.2585000,0
2026-07-21 05:00:00,30.50000,30.84000,30.22000,30.69000,15491.15,2026-07-21 05:59:59,472991.9981000,3142,7486.45,228660.7141000,0
2026-07-21 06:00:00,30.68000,31.31000,30.67000,31.29000,10873.52,2026-07-21 06:59:59,337124.9931000,2133,5751.79,178516.7479000,0
2026-07-21 07:00:00,31.30000,31.44000,31.02000,31.28000,12674.03,2026-07-21 07:59:59,396067.6828000,2264,5187.12,162137.8263000,0
2026-07-21 08:00:00,31.28000,32.04000,31.19000,31.69000,30002.95,2026-07-21 08:59:59,951223.8780000,4247,14961.30,474665.6724000,0
2026-07-21 09:00:00,31.68000,31.88000,31.54000,31.60000,16162.81,2026-07-21 09:59:59,511967.2024000,2799,6438.92,204040.8058000,0
2026-07-21 10:00:00,31.61000,32.27000,31.60000,31.80000,36369.90,2026-07-21 10:59:59,1161960.2346000,4718,14789.74,473069.5851000,0
2026-07-21 11:00:00,31.81000,32.00000,31.54000,31.74000,11365.87,2026-07-21 11:59:59,361430.7791000,2357,6614.70,210420.2059000,0
2026-07-21 12:00:00,31.72000,31.88000,31.40000,31.77000,11203.57,2026-07-21 12:59:59,354226.4970000,2863,5798.69,183289.3748000,0
2026-07-21 13:00:00,31.79000,33.49000,31.67000,32.70000,112138.80,2026-07-21 13:59:59,3663688.8563000,18770,53566.30,1749518.9019000,0
2026-07-21 14:00:00,32.68000,33.66000,31.63000,33.49000,103305.77,2026-07-21 14:59:59,3344183.8985000,14010,48032.12,1555092.5462000,0
2026-07-21 15:00:00,33.48000,34.33000,33.44000,33.92000,72026.64,2026-07-21 15:59:59,2445906.0505000,9470,32643.58,1109064.8449000,0
2026-07-21 16:00:00,33.94000,35.82000,33.87000,35.60000,125921.17,2026-07-21 16:59:59,4427954.2392000,15455,63163.55,2220648.7600000,0
2026-07-21 17:00:00,35.60000,35.92000,35.15000,35.27000,88624.92,2026-07-21 17:59:59,3144025.9568000,11929,39641.70,1406985.2506000,0
2026-07-21 18:00:00,35.29000,35.72000,35.03000,35.39000,64724.41,2026-07-21 18:59:59,2287084.1765000,7038,34662.37,1224947.3588000,0
2026-07-21 19:00:00,35.39000,35.49000,34.54000,35.13000,79285.27,2026-07-21 19:59:59,2774295.0676000,10171,37410.41,1309313.8791000,0
2026-07-21 20:00:00,35.13000,35.88000,35.05000,35.76000,29476.05,2026-07-21 20:59:59,1046393.3004000,4059,16784.51,595645.9876000,0
2026-07-21 21:00:00,35.77000,36.47000,35.74000,35.81000,30474.52,2026-07-21 21:59:59,1101463.8025000,5160,14616.11,528551.8320000,0
2026-07-21 22:00:00,35.78000,36.27000,35.66000,36.10000,23378.56,2026-07-21 22:59:59,840304.9679000,4311,12364.68,445072.0646000,0
2026-07-21 23:00:00,36.10000,36.43000,35.95000,36.35000,16456.11,2026-07-21 23:59:59,596429.8667000,2684,8689.23,315225.8565000,0
2026-07-22 00:00:00,36.37000,37.06000,35.47000,35.80000,60512.18,2026-07-22 00:59:59,2206822.0029000,12444,31066.95,1133961.8167000,0
2026-07-22 01:00:00,35.82000,36.23000,35.29000,35.61000,34653.76,2026-07-22 01:59:59,1237811.5555000,7180,17680.43,631933.4086000,0
2026-07-22 02:00:00,35.61000,35.82000,34.90000,34.99000,30418.93,2026-07-22 02:59:59,1076617.5450000,5834,15747.57,557763.5516000,0
2026-07-22 03:00:00,34.99000,35.25000,34.40000,34.76000,49698.49,2026-07-22 03:59:59,1730953.4225000,9166,24469.88,852179.5263000,0
2026-07-22 04:00:00,34.72000,35.22000,34.46000,34.69000,18248.85,2026-07-22 04:59:59,635771.1513000,3738,9868.91,343976.0107000,0
2026-07-22 05:00:00,34.70000,34.71000,33.46000,33.76000,67392.62,2026-07-22 05:59:59,2283697.7352000,9729,32995.35,1118212.7869000,0
2026-07-22 06:00:00,33.79000,34.02000,32.71000,33.76000,114915.12,2026-07-22 06:59:59,3835445.5173000,12564,62618.76,2091703.8822000,0
2026-07-22 07:00:00,33.75000,33.80000,33.10000,33.42000,58363.81,2026-07-22 07:59:59,1949876.3973000,6161,30888.53,1031803.7301000,0
2026-07-22 08:00:00,33.42000,33.83000,32.97000,33.29000,55994.83,2026-07-22 08:59:59,1866961.3677000,6486,28290.17,943359.5629000,0
2026-07-22 09:00:00,33.27000,33.74000,33.09000,33.29000,35744.25,2026-07-22 09:59:59,1195892.1604000,3419,19146.10,640458.0407000,0
2026-07-22 10:00:00,33.29000,33.65000,33.01000,33.30000,31452.21,2026-07-22 10:59:59,1048258.5325000,3131,15587.02,519520.4842000,0
2026-07-22 11:00:00,33.30000,33.46000,32.07000,32.50000,45879.08,2026-07-22 11:59:59,1499253.9987000,6876,21889.69,715392.6930000,0
2026-07-22 12:00:00,32.50000,32.58000,31.80000,32.14000,48322.29,2026-07-22 12:59:59,1554459.6565000,7064,25686.64,826339.5195000,0
2026-07-22 13:00:00,32.15000,35.37000,32.15000,35.28000,252713.34,2026-07-22 13:59:59,8613635.3320000,31642,117943.90,4014817.9527000,0
2026-07-22 14:00:00,35.26000,35.75000,34.62000,34.93000,200914.05,2026-07-22 14:59:59,7039613.2157000,27346,90995.05,3188035.6005000,0
2026-07-22 15:00:00,34.93000,35.55000,34.93000,35.34000,66532.73,2026-07-22 15:59:59,2345731.2036000,10743,31500.15,1110783.0125000,0
2026-07-22 16:00:00,35.37000,35.71000,35.07000,35.34000,40009.53,2026-07-22 16:59:59,1417696.7488000,7216,18179.30,644300.8465000,0
2026-07-22 17:00:00,35.34000,35.97000,35.14000,35.29000,31037.20,2026-07-22 17:59:59,1103291.3905000,5537,14582.45,518403.7384000,0
2026-07-22 18:00:00,35.30000,35.43000,34.67000,34.99000,29176.07,2026-07-22 18:59:59,1021141.1041000,4707,13476.28,471660.5011000,0
2026-07-22 19:00:00,34.97000,35.73000,34.19000,34.28000,50375.61,2026-07-22 19:59:59,1756973.4532000,10004,23899.63,834323.1153000,0
2026-07-22 20:00:00,34.30000,35.73000,33.62000,35.42000,92558.40,2026-07-22 20:59:59,3228195.1542000,16779,46632.74,1626465.2746000,0
2026-07-22 21:00:00,35.42000,36.29000,35.39000,35.67000,51633.51,2026-07-22 21:59:59,1844500.6615000,8429,26423.63,944212.9650000,0
2026-07-22 22:00:00,35.68000,35.78000,35.09000,35.31000,15070.88,2026-07-22 22:59:59,534878.5229000,4002,7182.16,255022.0757000,0
2026-07-22 23:00:00,35.31000,36.00000,34.97000,35.98000,13863.83,2026-07-22 23:59:59,490643.5111000,3220,7641.85,270643.7358000,0
2026-07-23 00:00:00,35.99000,36.77000,35.79000,36.33000,83576.11,2026-07-23 00:59:59,3032454.6243000,11623,44763.72,1623262.8810000,0
2026-07-23 01:00:00,36.35000,36.68000,35.30000,35.32000,81789.03,2026-07-23 01:59:59,2931855.6695000,7909,40916.43,1467934.6647000,0
2026-07-23 02:00:00,35.32000,35.55000,34.59000,35.17000,69066.38,2026-07-23 02:59:59,2421472.1997000,11357,34263.46,1201515.9829000,0
2026-07-23 03:00:00,35.17000,35.64000,34.72000,35.36000,44324.19,2026-07-23 03:59:59,1556909.0786000,6570,21394.81,752041.5690000,0
2026-07-23 04:00:00,35.36000,35.84000,35.05000,35.51000,33379.48,2026-07-23 04:59:59,1185512.3504000,4882,16489.90,585920.7998000,0
2026-07-23 05:00:00,35.52000,36.02000,35.12000,35.27000,36729.39,2026-07-23 05:59:59,1309192.6861000,4880,18552.28,661386.1122000,0
2026-07-23 06:00:00,35.28000,35.70000,35.13000,35.44000,23633.86,2026-07-23 06:59:59,837234.2970000,3192,12484.74,442552.2058000,0
2026-07-23 07:00:00,35.44000,35.44000,34.89000,35.27000,32385.06,2026-07-23 07:59:59,1137863.6347000,4529,16050.50,564018.0114000,0
2026-07-23 08:00:00,35.29000,36.53000,34.76000,36.48000,61771.33,2026-07-23 08:59:59,2213317.2149000,9148,33430.71,1199297.9574000,0
2026-07-23 09:00:00,36.48000,37.10000,36.20000,36.51000,67174.90,2026-07-23 09:59:59,2459367.8630000,8078,33424.00,1224398.0582000,0
2026-07-23 10:00:00,36.52000,36.69000,36.27000,36.51000,39973.06,2026-07-23 10:59:59,1459727.7953000,5014,21313.77,778502.9837000,0
2026-07-23 11:00:00,36.51000,36.72000,35.15000,35.68000,62596.67,2026-07-23 11:59:59,2236960.2461000,8987,32289.20,1154015.6001000,0
2026-07-23 12:00:00,35.68000,35.71000,34.38000,34.87000,82536.23,2026-07-23 12:59:59,2881142.0213000,12122,41626.34,1452914.3007000,0
2026-07-23 13:00:00,34.85000,37.35000,34.17000,35.69000,275228.96,2026-07-23 13:59:59,9856048.1212000,35579,139508.49,4995684.7714000,0
2026-07-23 14:00:00,35.68000,37.20000,35.68000,36.50000,236570.10,2026-07-23 14:59:59,8670158.2158000,28061,115320.89,4232460.8214000,0
2026-07-23 15:00:00,36.50000,36.72000,35.66000,36.50000,249040.32,2026-07-23 15:59:59,9017661.6155000,19760,131549.61,4769230.2170000,0
2026-07-23 16:00:00,36.51000,38.00000,36.30000,36.81000,106671.83,2026-07-23 16:59:59,3961185.2727000,13238,65590.83,2437857.6933000,0
2026-07-23 17:00:00,36.79000,37.32000,36.47000,36.68000,29888.80,2026-07-23 17:59:59,1103387.8161000,7265,15239.02,562658.1760000,0
2026-07-23 18:00:00,36.65000,36.84000,35.86000,36.06000,28395.53,2026-07-23 18:59:59,1033991.6947000,5118,13477.23,490301.8267000,0
2026-07-23 19:00:00,36.12000,36.80000,35.53000,36.47000,51074.16,2026-07-23 19:59:59,1839248.9313000,8730,28785.52,1036812.2302000,0
2026-07-23 20:00:00,36.47000,37.40000,36.32000,36.84000,48935.88,2026-07-23 20:59:59,1804538.4162000,6624,22778.33,840975.3926000,0
2026-07-23 21:00:00,36.81000,37.03000,36.20000,36.44000,21719.90,2026-07-23 21:59:59,796473.6574000,3863,11504.59,422448.0788000,0
2026-07-23 22:00:00,36.46000,36.50000,35.85000,36.36000,13401.51,2026-07-23 22:59:59,484417.3409000,2863,6462.57,233558.1790000,0
2026-07-23 23:00:00,36.38000,36.41000,36.07000,36.28000,11731.47,2026-07-23 23:59:59,424973.5987000,1842,5879.43,212991.8357000,0
2026-07-24 00:00:00,36.30000,36.75000,35.46000,35.78000,82846.44,2026-07-24 00:59:59,2975910.3036000,11162,44592.68,1601870.0211000,0
2026-07-24 01:00:00,35.76000,36.33000,35.72000,35.72000,59622.38,2026-07-24 01:59:59,2148379.8048000,4908,30414.58,1096629.7145000,0
2026-07-24 02:00:00,35.73000,35.92000,34.50000,34.55000,80752.80,2026-07-24 02:59:59,2832033.8827000,8438,39100.02,1372017.4129000,0
2026-07-24 03:00:00,34.56000,35.31000,34.39000,34.49000,81791.82,2026-07-24 03:59:59,2860351.7132000,7501,46561.74,1629799.5765000,0
2026-07-24 04:00:00,34.50000,35.22000,34.25000,35.21000,49931.08,2026-07-24 04:59:59,1730120.8822000,7069,27592.36,956771.5961000,0
2026-07-24 05:00:00,35.21000,35.65000,35.03000,35.12000,37366.02,2026-07-24 05:59:59,1323490.9629000,5676,19792.61,701244.0493000,0
2026-07-24 06:00:00,35.11000,35.17000,34.65000,35.12000,34829.86,2026-07-24 06:59:59,1215124.5909000,5649,17941.04,626272.6465000,0
2026-07-24 07:00:00,35.11000,35.79000,35.11000,35.56000,40785.54,2026-07-24 07:59:59,1447909.1430000,6011,23439.22,832262.4878000,0
2026-07-24 08:00:00,35.55000,35.57000,34.79000,35.06000,37842.22,2026-07-24 08:59:59,1330154.3022000,7376,17104.23,601371.8707000,0
2026-07-24 09:00:00,35.06000,35.58000,34.92000,35.57000,22604.71,2026-07-24 09:59:59,796677.1331000,4212,10681.06,376794.7760000,0
2026-07-24 10:00:00,35.58000,35.59000,34.88000,35.05000,21407.03,2026-07-24 10:59:59,752870.5814000,3575,8919.54,313754.9711000,0
2026-07-24 11:00:00,35.06000,35.49000,34.85000,35.34000,23453.37,2026-07-24 11:59:59,823068.1835000,4261,12342.36,433330.6249000,0
2026-07-24 12:00:00,35.37000,36.15000,35.12000,35.15000,65341.98,2026-07-24 12:59:59,2325019.0873000,8337,32472.81,1155399.1139000,0
2026-07-24 13:00:00,35.13000,35.43000,32.03000,32.23000,257275.90,2026-07-24 13:59:59,8654127.5249000,32858,128003.63,4298148.8570000,0
2026-07-24 14:00:00,32.21000,32.81000,31.24000,32.39000,212982.80,2026-07-24 14:59:59,6812864.9332000,27521,103520.73,3312515.2391000,0
2026-07-24 15:00:00,32.39000,33.33000,31.82000,33.23000,123915.27,2026-07-24 15:59:59,4042669.1759000,18073,59673.00,1945737.8591000,0
2026-07-24 16:00:00,33.24000,33.61000,32.17000,32.40000,63529.49,2026-07-24 16:59:59,2084682.5148000,10757,28887.62,948847.3199000,0
2026-07-24 17:00:00,32.40000,32.70000,31.87000,31.96000,40783.71,2026-07-24 17:59:59,1313297.8384000,8142,21590.37,695313.3666000,0
2026-07-24 18:00:00,31.95000,32.08000,30.51000,30.92000,55909.21,2026-07-24 18:59:59,1742798.6555000,11438,28761.95,895457.9161000,0
2026-07-24 19:00:00,30.92000,31.44000,30.12000,31.30000,91843.07,2026-07-24 19:59:59,2820013.4597000,16336,47123.95,1447396.2582000,0
2026-07-24 20:00:00,31.31000,31.66000,31.02000,31.31000,38483.29,2026-07-24 20:59:59,1208745.3261000,7015,19382.89,608886.6768000,0
2026-07-24 21:00:00,31.31000,31.32000,30.58000,30.62000,15362.50,2026-07-24 21:59:59,475970.3727000,3272,7257.63,225095.9542000,0
2026-07-24 22:00:00,30.64000,30.93000,30.62000,30.74000,8462.25,2026-07-24 22:59:59,260502.7715000,1949,4084.29,125727.2382000,0
2026-07-24 23:00:00,30.73000,30.88000,30.37000,30.58000,21684.00,2026-07-24 23:59:59,663173.2075000,4034,8369.08,256078.5725000,0
2026-07-25 00:00:00,30.60000,31.37000,30.60000,31.01000,24455.66,2026-07-25 00:59:59,758673.8283000,7196,13383.25,415363.1194000,0
2026-07-25 01:00:00,31.02000,31.07000,30.85000,30.99000,3603.94,2026-07-25 01:59:59,111622.2653000,1147,1820.56,56400.7637000,0
2026-07-25 02:00:00,31.00000,31.65000,30.89000,31.41000,14977.39,2026-07-25 02:59:59,468369.7599000,3451,9791.42,306191.1071000,0
2026-07-25 03:00:00,31.41000,31.67000,31.33000,31.43000,18330.61,2026-07-25 03:59:59,577617.2904000,3632,11144.65,351256.9688000,0
2026-07-25 04:00:00,31.43000,31.65000,31.40000,31.44000,7486.52,2026-07-25 04:59:59,235847.7610000,2132,3630.69,114408.2381000,0
2026-07-25 05:00:00,31.44000,31.48000,31.34000,31.38000,4316.60,2026-07-25 05:59:59,135591.8929000,1254,2171.64,68234.7858000,0
2026-07-25 06:00:00,31.38000,31.53000,31.36000,31.47000,2826.27,2026-07-25 06:59:59,88844.2379000,715,1478.73,46476.1854000,0
2026-07-25 07:00:00,31.47000,31.52000,31.36000,31.39000,4767.91,2026-07-25 07:59:59,149840.4710000,1041,2059.26,64710.0263000,0
2026-07-25 08:00:00,31.38000,31.50000,31.37000,31.48000,3788.30,2026-07-25 08:59:59,119084.6002000,742,1692.52,53213.0008000,0
2026-07-25 09:00:00,31.48000,31.54000,31.21000,31.33000,10335.62,2026-07-25 09:59:59,323965.8467000,2038,4941.36,154885.8630000,0
2026-07-25 10:00:00,31.35000,31.51000,31.33000,31.49000,3763.10,2026-07-25 10:59:59,118246.9868000,905,2230.52,70089.2479000,0
2026-07-25 11:00:00,31.48000,31.52000,31.33000,31.49000,4737.49,2026-07-25 11:59:59,148960.2373000,1135,2958.93,93045.3705000,0
2026-07-25 12:00:00,31.50000,31.64000,31.46000,31.54000,6493.82,2026-07-25 12:59:59,204919.1784000,1656,3041.14,95966.9173000,0
2026-07-25 13:00:00,31.53000,31.62000,31.42000,31.43000,3513.14,2026-07-25 13:59:59,110710.9621000,1153,1431.26,45101.4989000,0
2026-07-25 14:00:00,31.42000,31.51000,31.36000,31.48000,2392.33,2026-07-25 14:59:59,75165.6756000,631,1414.73,44452.5310000,0
2026-07-25 15:00:00,31.49000,31.51000,31.38000,31.38000,1402.35,2026-07-25 15:59:59,44086.5761000,547,762.03,23954.4873000,0
2026-07-25 16:00:00,31.38000,31.65000,31.37000,31.52000,3291.54,2026-07-25 16:59:59,103792.2095000,882,1646.55,51926.5292000,0
2026-07-25 17:00:00,31.51000,31.83000,31.50000,31.75000,11087.78,2026-07-25 17:59:59,351573.0998000,1147,3142.47,99660.6630000,0
2026-07-25 18:00:00,31.77000,31.84000,31.73000,31.75000,4188.32,2026-07-25 18:59:59,133054.2186000,774,1794.82,57029.9823000,0
2026-07-25 19:00:00,31.74000,31.90000,31.73000,31.85000,3071.84,2026-07-25 19:59:59,97705.4497000,715,1525.47,48542.9265000,0
2026-07-25 20:00:00,31.84000,32.00000,31.69000,31.83000,13672.87,2026-07-25 20:59:59,435565.6223000,1484,5385.65,171672.2821000,0
2026-07-25 21:00:00,31.83000,31.92000,31.77000,31.78000,3720.98,2026-07-25 21:59:59,118469.9960000,741,1497.42,47700.3423000,0
2026-07-25 22:00:00,31.78000,31.95000,31.76000,31.93000,3598.26,2026-07-25 22:59:59,114693.9208000,867,1992.78,63516.5561000,0
2026-07-25 23:00:00,31.92000,32.06000,31.91000,31.97000,3396.11,2026-07-25 23:59:59,108575.9809000,651,1677.18,53632.3907000,0
2026-07-26 00:00:00,31.97000,32.04000,31.86000,31.95000,3584.31,2026-07-26 00:59:59,114547.2119000,870,2123.92,67900.4958000,0
2026-07-26 01:00:00,31.93000,32.28000,31.92000,32.09000,8532.23,2026-07-26 01:59:59,273998.0004000,1835,3849.13,123634.5705000,0
2026-07-26 02:00:00,32.09000,32.18000,31.99000,32.17000,6002.43,2026-07-26 02:59:59,192601.5529000,1129,3320.03,106563.6167000,0
2026-07-26 03:00:00,32.18000,32.28000,32.08000,32.15000,5662.65,2026-07-26 03:59:59,182311.3928000,1328,2579.98,83081.5337000,0
2026-07-26 04:00:00,32.15000,32.34000,32.13000,32.24000,4454.08,2026-07-26 04:59:59,143652.4966000,1149,2251.95,72631.5293000,0
2026-07-26 05:00:00,32.23000,32.24000,32.04000,32.14000,3395.60,2026-07-26 05:59:59,109079.0958000,894,1757.03,56429.7023000,0
2026-07-26 06:00:00,32.12000,32.34000,32.12000,32.29000,2367.63,2026-07-26 06:59:59,76286.6658000,796,1125.66,36270.6725000,0
2026-07-26 07:00:00,32.29000,32.35000,32.18000,32.33000,4694.15,2026-07-26 07:59:59,151515.7637000,1435,2317.45,74816.1526000,0
2026-07-26 08:00:00,32.31000,32.38000,32.15000,32.34000,2500.69,2026-07-26 08:59:59,80677.9295000,821,1071.64,34593.1097000,0
2026-07-26 09:00:00,32.34000,32.38000,32.22000,32.36000,3533.53,2026-07-26 09:59:59,114216.3490000,1080,1586.50,51286.3662000,0
2026-07-26 10:00:00,32.36000,32.78000,32.35000,32.68000,8028.77,2026-07-26 10:59:59,261709.5453000,2111,4622.40,150641.7447000,0
2026-07-26 11:00:00,32.69000,32.86000,32.57000,32.77000,7775.66,2026-07-26 11:59:59,254697.4839000,2113,3794.14,124299.0172000,0
2026-07-26 12:00:00,32.76000,32.77000,32.54000,32.59000,6024.50,2026-07-26 12:59:59,196806.0148000,1974,2105.07,68738.4498000,0
2026-07-26 13:00:00,32.59000,32.78000,32.51000,32.74000,6673.29,2026-07-26 13:59:59,217961.6481000,3036,4378.18,142995.1762000,0
2026-07-26 14:00:00,32.74000,32.96000,32.66000,32.69000,7929.35,2026-07-26 14:59:59,260339.8950000,3210,3898.22,128048.0131000,0
2026-07-26 15:00:00,32.69000,32.83000,32.63000,32.70000,6282.42,2026-07-26 15:59:59,205538.0624000,2022,2784.25,91085.5271000,0
2026-07-26 16:00:00,32.70000,32.83000,32.63000,32.68000,7171.84,2026-07-26 16:59:59,234671.9172000,2417,3026.16,98998.1359000,0
2026-07-26 17:00:00,32.68000,32.72000,32.58000,32.69000,3601.91,2026-07-26 17:59:59,117559.5307000,691,918.85,29986.8185000,0
2026-07-26 18:00:00,32.70000,32.73000,32.64000,32.69000,2079.20,2026-07-26 18:59:59,67960.3641000,581,1216.41,39750.8885000,0
2026-07-26 19:00:00,32.69000,32.69000,32.37000,32.37000,3281.04,2026-07-26 19:59:59,106679.0079000,1022,1205.04,39187.2032000,0
2026-07-26 20:00:00,32.37000,32.38000,32.26000,32.35000,2002.54,2026-07-26 20:59:59,64729.1167000,1013,818.37,26454.9958000,0
2026-07-26 21:00:00,32.36000,32.56000,32.32000,32.52000,3408.89,2026-07-26 21:59:59,110706.7722000,1257,1765.91,57363.8381000,0
2026-07-26 22:00:00,32.52000,33.19000,32.52000,32.99000,38461.60,2026-07-26 22:59:59,1265435.9540000,9244,20108.05,661519.7006000,0
2026-07-26 23:00:00,33.00000,33.32000,32.89000,33.31000,25098.12,2026-07-26 23:59:59,830923.0772000,5277,12852.44,425655.1844000,0
2026-07-27 00:00:00,33.31000,33.54000,32.42000,32.72000,177491.79,2026-07-27 00:59:59,5843573.8744000,25745,93707.11,3085915.0418000,0
2026-07-27 01:00:00,32.73000,32.92000,32.09000,32.74000,64410.07,2026-07-27 01:59:59,2092249.4979000,10363,30767.32,999909.7441000,0
2026-07-27 02:00:00,32.75000,33.14000,32.65000,32.83000,58795.15,2026-07-27 02:59:59,1934202.1591000,7378,32005.88,1053328.7792000,0
2026-07-27 03:00:00,32.84000,33.16000,32.70000,32.89000,32930.91,2026-07-27 03:59:59,1083560.3320000,5214,16344.52,537873.9741000,0
2026-07-27 04:00:00,32.90000,33.28000,32.79000,33.20000,34426.91,2026-07-27 04:59:59,1136107.5288000,4567,18028.65,595072.5445000,0
2026-07-27 05:00:00,33.20000,33.80000,33.18000,33.52000,42877.56,2026-07-27 05:59:59,1439537.3907000,5217,21395.78,718167.1728000,0
2026-07-27 06:00:00,33.53000,34.07000,33.51000,33.98000,50092.07,2026-07-27 06:59:59,1697499.5139000,5295,25835.93,875618.2217000,0
2026-07-27 07:00:00,33.97000,34.13000,33.60000,33.61000,37357.17,2026-07-27 07:59:59,1263070.9970000,6070,18918.01,639733.7459000,0
2026-07-27 08:00:00,33.62000,33.85000,33.09000,33.48000,62901.89,2026-07-27 08:59:59,2104008.3843000,9404,30307.90,1013995.4913000,0
2026-07-27 09:00:00,33.47000,33.70000,33.32000,33.49000,23580.69,2026-07-27 09:59:59,789582.0087000,4018,11801.61,395209.1495000,0
2026-07-27 10:00:00,33.48000,33.51000,33.12000,33.24000,18807.89,2026-07-27 10:59:59,626103.8774000,4060,8873.98,295454.5008000,0
2026-07-27 11:00:00,33.23000,33.24000,32.28000,32.59000,60762.05,2026-07-27 11:59:59,1989247.2381000,7902,26201.55,857266.5808000,0
2026-07-27 12:00:00,32.61000,32.88000,32.04000,32.75000,46154.48,2026-07-27 12:59:59,1496598.2734000,7635,24245.83,786355.0399000,0
2026-07-27 13:00:00,32.76000,32.87000,30.30000,30.46000,289799.35,2026-07-27 13:59:59,9144214.2513000,46488,140906.59,4446760.6188000,0
2026-07-27 14:00:00,30.47000,30.54000,26.85000,28.37000,596585.84,2026-07-27 14:59:59,16885832.5383000,63652,295837.94,8373298.6318000,0
2026-07-27 15:00:00,28.39000,28.58000,27.43000,28.29000,228291.55,2026-07-27 15:59:59,6387892.7508000,23025,117957.44,3301514.7884000,0
2026-07-27 16:00:00,28.31000,29.00000,27.65000,27.70000,171922.07,2026-07-27 16:59:59,4894411.0049000,20209,79373.16,2258568.6594000,0
2026-07-27 17:00:00,27.72000,28.63000,27.55000,28.61000,85609.42,2026-07-27 17:59:59,2394723.3892000,9991,41370.02,1156633.6030000,0
2026-07-27 18:00:00,28.62000,29.39000,28.36000,29.37000,102653.23,2026-07-27 18:59:59,2958521.7595000,12937,59388.91,1712311.0148000,0
2026-07-27 19:00:00,29.34000,29.94000,28.86000,29.89000,187685.48,2026-07-27 19:59:59,5496851.6576000,19037,110378.94,3230010.7628000,0
2026-07-27 20:00:00,29.90000,29.96000,29.49000,29.55000,71109.56,2026-07-27 20:59:59,2111004.7400000,6814,39660.78,1176511.9121000,0
2026-07-27 21:00:00,29.53000,29.71000,29.20000,29.21000,30307.44,2026-07-27 21:59:59,892680.2180000,3421,12788.10,376882.9573000,0
2026-07-27 22:00:00,29.22000,29.27000,28.53000,28.63000,31130.19,2026-07-27 22:59:59,895389.1134000,4965,14497.83,416903.0976000,0
2026-07-27 23:00:00,28.63000,28.84000,28.25000,28.77000,50079.76,2026-07-27 23:59:59,1429529.1332000,6101,25681.80,732937.8850000,0
2026-07-28 00:00:00,28.77000,29.28000,27.77000,27.86000,153658.19,2026-07-28 00:59:59,4380781.8577000,17957,76704.18,2189689.9499000,0
2026-07-28 01:00:00,27.87000,28.29000,27.43000,27.85000,94533.36,2026-07-28 01:59:59,2634407.6158000,10000,47191.54,1315447.8167000,0
2026-07-28 02:00:00,27.85000,28.11000,27.48000,27.70000,66339.73,2026-07-28 02:59:59,1840284.4433000,7802,33341.13,925301.1562000,0
2026-07-28 03:00:00,27.71000,27.99000,27.16000,27.82000,88639.63,2026-07-28 03:59:59,2447000.8006000,8705,43879.34,1211868.3952000,0
2026-07-28 04:00:00,27.82000,27.84000,27.32000,27.39000,41068.17,2026-07-28 04:59:59,1129557.7590000,5068,20391.79,560920.1194000,0
2026-07-28 05:00:00,27.39000,27.59000,26.62000,26.67000,124714.11,2026-07-28 05:59:59,3363598.9100000,9204,49210.58,1329453.6736000,0
2026-07-28 06:00:00,26.67000,27.05000,26.32000,26.97000,118274.04,2026-07-28 06:59:59,3155447.8727000,9475,69743.50,1862019.6667000,0
2026-07-28 07:00:00,26.97000,27.32000,26.71000,26.90000,79300.11,2026-07-28 07:59:59,2145441.4043000,6974,44934.54,1217606.9273000,0
2026-07-28 08:00:00,26.91000,27.66000,26.52000,27.15000,151032.28,2026-07-28 08:59:59,4086815.8517000,18205,76801.34,2080809.4120000,0
2026-07-28 09:00:00,27.17000,27.40000,26.61000,26.83000,67542.13,2026-07-28 09:59:59,1829748.1765000,8126,29282.93,793638.1481000,0
2026-07-28 10:00:00,26.83000,26.97000,26.30000,26.57000,43992.44,2026-07-28 10:59:59,1172910.1180000,6536,20351.55,542743.4905000,0
2026-07-28 11:00:00,26.58000,26.60000,25.19000,25.88000,143321.33,2026-07-28 11:59:59,3679853.5512000,18973,69825.72,1793690.2781000,0
2026-07-28 12:00:00,25.86000,26.28000,25.54000,25.84000,145250.45,2026-07-28 12:59:59,3763052.3693000,17206,69154.46,1791630.5990000,0
2026-07-28 13:00:00,25.85000,26.51000,23.62000,23.84000,616056.55,2026-07-28 13:59:59,15414813.3165000,61183,300980.42,7536111.6148000,0
2026-07-28 14:00:00,23.84000,24.90000,22.57000,24.11000,682788.88,2026-07-28 14:59:59,16187934.7499000,63722,334968.72,7940887.1721000,0
2026-07-28 15:00:00,24.12000,25.28000,23.90000,25.12000,365861.04,2026-07-28 15:59:59,8948511.8279000,32944,186429.09,4560503.5055000,0
2026-07-28 16:00:00,25.11000,25.38000,24.40000,24.89000,191667.36,2026-07-28 16:59:59,4755894.2266000,20515,95512.02,2370708.8791000,0
2026-07-28 17:00:00,24.88000,25.04000,24.01000,24.43000,158277.35,2026-07-28 17:59:59,3877449.3882000,15140,79436.32,1946167.8568000,0
2026-07-28 18:00:00,24.44000,24.77000,24.15000,24.76000,145063.14,2026-07-28 18:59:59,3547086.5546000,14258,71616.64,1751305.4937000,0
2026-07-28 19:00:00,24.75000,25.31000,24.49000,24.60000,235290.52,2026-07-28 19:59:59,5851372.7184000,24488,112926.38,2808961.8378000,0
2026-07-28 20:00:00,24.61000,25.64000,24.12000,24.98000,241680.82,2026-07-28 20:59:59,6008451.0549000,26120,123333.41,3068739.1838000,0
2026-07-28 21:00:00,24.99000,25.34000,24.96000,25.25000,67630.93,2026-07-28 21:59:59,1700723.6081000,7667,35218.22,885719.2906000,0
2026-07-28 22:00:00,25.24000,25.42000,21.61000,21.75000,270151.72,2026-07-28 22:59:59,6311797.8819000,33772,119217.36,2787471.1871000,0
2026-07-28 23:00:00,21.75000,25.35000,21.70000,25.27000,530855.87,2026-07-28 23:59:59,12486738.5642000,50401,274506.78,6456538.4746000,0
2026-07-29 00:00:00,25.25000,26.71000,24.34000,25.10000,583371.04,2026-07-29 00:59:59,14969295.9169000,57111,291250.81,7478368.5400000,0
2026-07-29 01:00:00,25.10000,25.35000,22.70000,22.81000,350383.23,2026-07-29 01:59:59,8441303.5667000,41538,160396.78,3869853.6125000,0
2026-07-29 02:00:00,22.81000,23.69000,22.52000,22.95000,390480.25,2026-07-29 02:59:59,9058359.6692000,39692,196766.69,4566939.2856000,0
2026-07-29 03:00:00,22.95000,23.24000,21.92000,22.12000,260982.06,2026-07-29 03:59:59,5897708.8554000,23968,131806.40,2981873.5142000,0
2026-07-29 04:00:00,22.13000,22.52000,20.70000,22.45000,493363.41,2026-07-29 04:59:59,10628198.0823000,44977,245605.64,5295314.2360000,0
2026-07-29 05:00:00,22.46000,24.01000,22.26000,23.24000,507759.08,2026-07-29 05:59:59,11783326.2571000,42606,246898.19,5735323.2133000,0
2026-07-29 06:00:00,23.25000,23.97000,22.67000,23.81000,293621.61,2026-07-29 06:59:59,6843385.7162000,25914,151266.98,3525480.4987000,0
2026-07-29 07:00:00,23.81000,24.10000,23.50000,23.91000,215323.18,2026-07-29 07:59:59,5144015.9456000,16070,86281.99,2061613.8430000,0
2026-07-29 08:00:00,23.90000,24.27000,23.24000,23.88000,277731.56,2026-07-29 08:59:59,6621947.7522000,25992,153633.25,3664656.5282000,0
2026-07-29 09:00:00,23.88000,25.86000,23.88000,25.43000,463149.73,2026-07-29 09:59:59,11585921.3883000,39060,263428.95,6590467.4247000,0
2026-07-29 10:00:00,25.43000,25.67000,24.09000,24.16000,426552.97,2026-07-29 10:59:59,10636228.7318000,32219,205128.94,5120210.0533000,0
2026-07-29 11:00:00,24.16000,25.07000,24.02000,25.04000,360349.45,2026-07-29 11:59:59,8857118.5442000,29690,202716.07,4984122.3023000,0
2026-07-29 12:00:00,25.02000,25.09000,24.10000,24.63000,294715.77,2026-07-29 12:59:59,7232557.3613000,21964,155024.23,3806501.4058000,0
2026-07-29 13:00:00,24.63000,25.86000,22.86000,23.46000,1414626.21,2026-07-29 13:59:59,34626377.3939000,81901,713606.63,17501344.7510000,0
2026-07-29 14:00:00,23.46000,24.05000,21.94000,22.56000,1081433.23,2026-07-29 14:59:59,24901324.8262000,65092,536292.09,12343978.7270000,0
2026-07-29 15:00:00,22.56000,22.93000,21.45000,21.83000,714972.92,2026-07-29 15:59:59,15958496.0320000,39154,345245.07,7710184.3761000,0
2026-07-29 16:00:00,21.83000,22.03000,20.88000,21.70000,573956.69,2026-07-29 16:59:59,12357272.5550000,35991,294225.73,6338513.7275000,0
2026-07-29 17:00:00,21.70000,22.40000,21.44000,21.68000,451743.97,2026-07-29 17:59:59,9885241.9024000,28197,220796.05,4833523.3267000,0
2026-07-29 18:00:00,21.69000,23.06000,21.05000,22.88000,1059610.39,2026-07-29 18:59:59,23356782.4776000,72554,540483.51,11920278.9603000,0
2026-07-29 19:00:00,22.88000,23.03000,19.68000,19.71000,1109821.29,2026-07-29 19:59:59,23419258.5266000,79762,513190.64,10823833.9846000,0
2026-07-29 20:00:00,19.70000,19.77000,18.42000,18.49000,887217.95,2026-07-29 20:59:59,16982738.6195000,53691,418180.32,8010811.7800000,0
2026-07-29 21:00:00,18.47000,18.84000,17.84000,18.75000,388208.61,2026-07-29 21:59:59,7101075.4751000,26410,189207.70,3463292.9321000,0
2026-07-29 22:00:00,18.75000,19.72000,18.75000,19.20000,340768.27,2026-07-29 22:59:59,6572352.7946000,27750,178587.65,3445289.4576000,0
2026-07-29 23:00:00,19.21000,19.55000,19.01000,19.40000,225270.54,2026-07-29 23:59:59,4337380.4639000,17745,112037.53,2157379.8470000,0
2026-07-30 00:00:00,19.40000,19.94000,18.90000,19.40000,563423.95,2026-07-30 00:59:59,10956162.5277000,43202,284125.26,5526609.3976000,0
2026-07-30 01:00:00,19.40000,21.21000,19.35000,20.62000,520604.67,2026-07-30 01:59:59,10608164.2907000,37951,260157.19,5300852.1465000,0
2026-07-30 02:00:00,20.63000,20.80000,19.18000,19.21000,438646.71,2026-07-30 02:59:59,8773019.8338000,31665,201924.39,4039622.3578000,0
2026-07-30 03:00:00,19.22000,19.55000,18.96000,19.28000,421066.49,2026-07-30 03:59:59,8118300.6845000,25344,220482.05,4253075.5384000,0
2026-07-30 04:00:00,19.29000,19.35000,18.71000,18.72000,266417.91,2026-07-30 04:59:59,5068265.5588000,17856,128230.42,2437541.1494000,0
2026-07-30 05:00:00,18.73000,19.39000,18.55000,19.22000,236642.16,2026-07-30 05:59:59,4488813.2951000,14771,122545.00,2325529.9032000,0
2026-07-30 06:00:00,19.21000,19.32000,18.74000,18.83000,168031.79,2026-07-30 06:59:59,3206857.4750000,9303,83045.32,1585601.7616000,0
2026-07-30 07:00:00,18.82000,19.15000,18.56000,18.63000,204074.09,2026-07-30 07:59:59,3842770.2256000,11332,99375.12,1872067.8470000,0
2026-07-30 08:00:00,18.63000,19.32000,18.39000,19.01000,381477.77,2026-07-30 08:59:59,7204215.0684000,19232,185986.16,3514105.8946000,0
2026-07-30 09:00:00,19.01000,19.52000,18.98000,19.33000,246475.35,2026-07-30 09:59:59,4757875.2295000,11003,114860.26,2217544.5742000,0
2026-07-30 10:00:00,19.33000,20.46000,19.24000,20.04000,376391.42,2026-07-30 10:59:59,7496998.2860000,20418,196399.20,3909630.1105000,0
2026-07-30 11:00:00,20.02000,21.18000,19.97000,21.09000,432405.43,2026-07-30 11:59:59,8937203.5663000,23639,234510.62,4850203.8894000,0
2026-07-30 12:00:00,21.10000,22.36000,20.90000,22.24000,660578.82,2026-07-30 12:59:59,14259608.6419000,34569,347944.39,7520650.8681000,0
2026-07-30 13:00:00,22.25000,25.06000,21.84000,24.77000,1756510.49,2026-07-30 13:59:59,40999110.8436000,89814,913632.73,21379964.4968000,0
2026-07-30 14:00:00,24.76000,26.53000,24.11000,25.09000,1341071.62,2026-07-30 14:59:59,34020106.5413000,74188,654679.19,16614845.9583000,0
2026-07-30 15:00:00,25.10000,26.03000,24.88000,25.78000,626469.46,2026-07-30 15:59:59,15975576.2440000,36715,318609.44,8127004.6659000,0
2026-07-30 16:00:00,25.78000,26.42000,25.60000,26.04000,329622.12,2026-07-30 16:59:59,8562968.1819000,23834,165514.12,4303248.3491000,0
2026-07-30 17:00:00,26.04000,26.99000,26.04000,26.72000,278228.93,2026-07-30 17:59:59,7411985.0085000,21529,141572.87,3771098.9680000,0
2026-07-30 18:00:00,26.73000,26.94000,26.22000,26.44000,184632.60,2026-07-30 18:59:59,4909583.2393000,13834,82609.80,2196380.5490000,0
2026-07-30 19:00:00,26.45000,27.29000,26.45000,26.90000,396806.16,2026-07-30 19:59:59,10677298.8087000,20499,178381.04,4798282.9983000,0
2026-07-30 20:00:00,26.90000,28.14000,26.70000,27.85000,740950.63,2026-07-30 20:59:59,20416007.0238000,34737,357310.70,9858325.1667000,0
2026-07-30 21:00:00,27.85000,28.80000,27.64000,28.39000,239785.55,2026-07-30 21:59:59,6767996.1313000,20419,119469.88,3374044.2242000,0
2026-07-30 22:00:00,28.39000,29.21000,28.23000,28.84000,300740.37,2026-07-30 22:59:59,8693610.3917000,23945,153970.14,4451301.0754000,0
2026-07-30 23:00:00,28.83000,29.02000,27.72000,28.68000,363804.77,2026-07-30 23:59:59,10355907.3435000,35372,179107.70,5101103.4373000,0
2026-07-31 00:00:00,28.69000,30.31000,28.03000,29.57000,825075.64,2026-07-31 00:59:59,24117950.2209000,72723,456925.88,13359640.3038000,0
2026-07-31 01:00:00,29.56000,30.29000,28.02000,28.62000,629825.99,2026-07-31 01:59:59,18469767.0935000,45734,309409.38,9068017.7194000,0
2026-07-31 02:00:00,28.61000,28.88000,27.67000,28.24000,369911.01,2026-07-31 02:59:59,10388371.8848000,37301,191503.35,5378262.7299000,0
2026-07-31 03:00:00,28.23000,28.49000,27.79000,28.23000,123725.13,2026-07-31 03:59:59,3484626.5854000,17511,64105.87,1806033.1908000,0
2026-07-31 04:00:00,28.23000,29.13000,27.99000,28.90000,164148.99,2026-07-31 04:59:59,4711937.0040000,15150,82702.07,2372908.8197000,0
2026-07-31 05:00:00,28.88000,29.66000,28.74000,29.47000,257891.66,2026-07-31 05:59:59,7544203.2881000,20863,126727.19,3706478.1825000,0
2026-07-31 06:00:00,29.48000,29.83000,27.28000,28.18000,698378.05,2026-07-31 06:59:59,19816062.6592000,55118,338269.60,9595839.2129000,0
2026-07-31 07:00:00,28.17000,29.02000,27.82000,28.69000,346251.02,2026-07-31 07:59:59,9839697.5220000,28661,153880.47,4369015.5425000,0
2026-07-31 08:00:00,28.68000,28.87000,27.88000,28.75000,736328.39,2026-07-31 08:59:59,20943504.8838000,46155,384576.70,10947180.3160000,0
2026-07-31 09:00:00,28.76000,29.45000,28.42000,28.49000,261957.47,2026-07-31 09:59:59,7598850.2915000,23545,132138.67,3834682.1368000,0
2026-07-31 10:00:00,28.48000,29.20000,28.41000,28.99000,125217.81,2026-07-31 10:59:59,3618158.2267000,13972,72568.34,2096742.1172000,0
2026-07-31 11:00:00,28.99000,29.74000,28.99000,29.42000,203232.17,2026-07-31 11:59:59,5976867.2899000,19528,102884.60,3026726.0261000,0
2026-07-31 12:00:00,29.42000,29.44000,28.40000,28.71000,258416.60,2026-07-31 12:59:59,7461781.2734000,24777,120510.62,3480511.2269000,0
2026-07-31 13:00:00,28.70000,30.35000,25.95000,26.25000,1699380.06,2026-07-31 13:59:59,48147052.7473000,125180,825307.03,23422725.6524000,0
2026-07-31 14:00:00,26.24000,26.41000,24.05000,25.10000,1555624.47,2026-07-31 14:59:59,39102507.6061000,103824,791670.00,19924680.8905000,0
2026-07-31 15:00:00,25.12000,25.44000,23.41000,23.95000,794201.01,2026-07-31 15:59:59,19204450.4432000,51535,383305.95,9272701.7077000,0
2026-07-31 16:00:00,23.96000,24.73000,23.74000,24.55000,553819.93,2026-07-31 16:59:59,13425983.5951000,24646,312017.06,7561551.6917000,0
2026-07-31 17:00:00,24.55000,25.67000,24.42000,25.14000,290344.50,2026-07-31 17:59:59,7287444.2338000,17623,145750.45,3661933.3640000,0
2026-07-31 18:00:00,25.15000,25.32000,24.18000,24.52000,335050.22,2026-07-31 18:59:59,8216686.4720000,18731,138662.21,3403085.2384000,0
2026-07-31 19:00:00,24.51000,24.91000,23.68000,23.70000,237347.10,2026-07-31 19:59:59,5791249.2051000,19777,113104.25,2766938.3452000,0
2026-07-31 20:00:00,23.72000,23.87000,23.36000,23.45000,176684.91,2026-07-31 20:59:59,4164054.4970000,13086,85059.02,2004780.1174000,0
2026-07-31 21:00:00,23.44000,23.61000,23.25000,23.33000,47985.64,2026-07-31 21:59:59,1127093.4684000,4482,21128.45,496514.8202000,0
2026-07-31 22:00:00,23.33000,23.37000,23.08000,23.26000,81381.41,2026-07-31 22:59:59,1894093.0839000,4940,16032.00,372803.8321000,0
2026-07-31 23:00:00,23.26000,23.32000,23.05000,23.08000,75373.77,2026-07-31 23:59:59,1750124.5861000,5731,29177.16,677156.9556000,0
2026-08-01 00:00:00,23.09000,23.69000,23.09000,23.23000,72420.04,2026-08-01 00:59:59,1690822.0362000,8820,36041.10,841463.9651000,0
2026-08-01 01:00:00,23.24000,23.40000,23.17000,23.35000,37399.05,2026-08-01 01:59:59,870974.3428000,4569,22349.92,520595.8220000,0
2026-08-01 02:00:00,23.35000,23.50000,23.34000,23.40000,24139.68,2026-08-01 02:59:59,565313.8399000,3296,14313.50,335197.2492000,0
2026-08-01 03:00:00,23.40000,23.42000,23.29000,23.32000,8351.88,2026-08-01 03:59:59,195055.1941000,1714,3761.41,87841.4986000,0
2026-08-01 04:00:00,23.32000,23.41000,23.31000,23.36000,13341.21,2026-08-01 04:59:59,311890.3726000,1741,7323.67,171249.8458000,0
2026-08-01 05:00:00,23.35000,23.44000,23.25000,23.34000,26111.74,2026-08-01 05:59:59,609527.3494000,3583,12469.20,291076.1759000,0
2026-08-01 06:00:00,23.34000,23.57000,23.29000,23.34000,30919.52,2026-08-01 06:59:59,724713.7685000,3342,14398.10,337607.5104000,0
2026-08-01 07:00:00,23.33000,23.62000,23.33000,23.57000,24152.45,2026-08-01 07:59:59,567094.9340000,2662,14452.23,339403.3047000,0
2026-08-01 08:00:00,23.58000,23.66000,23.41000,23.41000,15349.98,2026-08-01 08:59:59,361575.7906000,2170,6926.09,163209.1648000,0
2026-08-01 09:00:00,23.41000,23.52000,23.37000,23.48000,56839.13,2026-08-01 09:59:59,1331971.2806000,2924,37351.82,875242.6024000,0
2026-08-01 10:00:00,23.49000,23.57000,23.44000,23.56000,10098.25,2026-08-01 10:59:59,237354.5596000,1255,6094.76,143345.3024000,0
2026-08-01 11:00:00,23.56000,23.74000,23.54000,23.65000,18151.35,2026-08-01 11:59:59,429302.9346000,2413,9639.83,228120.9496000,0
2026-08-01 12:00:00,23.65000,23.74000,23.52000,23.52000,26969.31,2026-08-01 12:59:59,637595.4184000,2365,14805.84,350363.8082000,0
2026-08-01 13:00:00,23.51000,23.53000,23.29000,23.40000,24449.20,2026-08-01 13:59:59,572013.5156000,4225,9593.81,224399.1584000,0
2026-08-01 14:00:00,23.40000,23.43000,23.32000,23.40000,5911.38,2026-08-01 14:59:59,138172.7727000,3465,2798.42,65425.8071000,0
2026-08-01 15:00:00,23.40000,23.40000,23.22000,23.25000,15083.29,2026-08-01 15:59:59,351689.1108000,3234,8026.69,187197.7888000,0
2026-08-01 16:00:00,23.25000,23.29000,23.11000,23.19000,21133.24,2026-08-01 16:59:59,490124.3673000,1883,7697.05,178634.0168000,0
2026-08-01 17:00:00,23.19000,23.35000,23.10000,23.14000,19553.06,2026-08-01 17:59:59,453728.6654000,1967,9128.32,211844.0810000,0
2026-08-01 18:00:00,23.14000,23.32000,22.73000,23.19000,60373.25,2026-08-01 18:59:59,1392704.6259000,5193,30562.60,705461.3625000,0
2026-08-01 19:00:00,23.18000,23.28000,23.06000,23.12000,49492.37,2026-08-01 19:59:59,1147391.2027000,2347,13323.64,308772.9688000,0
2026-08-01 20:00:00,23.12000,23.27000,23.04000,23.23000,12265.87,2026-08-01 20:59:59,283970.7138000,1289,5992.45,138794.6858000,0
2026-08-01 21:00:00,23.24000,23.65000,23.05000,23.64000,23376.85,2026-08-01 21:59:59,546251.5995000,2774,11821.80,276431.5261000,0
2026-08-01 22:00:00,23.64000,23.70000,23.41000,23.57000,19605.08,2026-08-01 22:59:59,462495.8545000,3023,10912.27,257466.6801000,0
2026-08-01 23:00:00,23.57000,23.63000,23.48000,23.60000,7160.81,2026-08-01 23:59:59,168726.5537000,1449,3517.77,82875.7198000,0
2026-08-02 00:00:00,23.61000,23.93000,23.61000,23.76000,30693.53,2026-08-02 00:59:59,729709.6591000,3661,17126.68,406985.1527000,0
2026-08-02 01:00:00,23.76000,23.77000,23.60000,23.66000,15301.84,2026-08-02 01:59:59,362464.9900000,2814,7012.45,166141.9383000,0
2026-08-02 02:00:00,23.66000,25.22000,23.62000,24.72000,196142.85,2026-08-02 02:59:59,4864763.3146000,23962,100948.06,2504382.2357000,0
2026-08-02 03:00:00,24.72000,24.90000,24.43000,24.47000,51246.24,2026-08-02 03:59:59,1260796.4926000,6459,29202.52,718406.5312000,0
2026-08-02 04:00:00,24.47000,24.67000,24.45000,24.53000,33809.02,2026-08-02 04:59:59,830231.1098000,4555,17068.18,419206.4063000,0
2026-08-02 05:00:00,24.52000,24.67000,24.44000,24.60000,21663.90,2026-08-02 05:59:59,531076.6853000,2759,12136.15,297468.1869000,0
2026-08-02 06:00:00,24.61000,24.75000,24.53000,24.55000,17428.65,2026-08-02 06:59:59,429192.8321000,2742,8678.92,213697.9904000,0
2026-08-02 07:00:00,24.55000,24.91000,24.49000,24.85000,23555.01,2026-08-02 07:59:59,582100.0012000,3121,13506.27,333528.2942000,0
2026-08-02 08:00:00,24.85000,25.38000,24.85000,25.10000,103272.49,2026-08-02 08:59:59,2596227.2701000,7985,59346.56,1490792.6401000,0
2026-08-02 09:00:00,25.10000,25.18000,24.83000,25.14000,47205.22,2026-08-02 09:59:59,1179461.3891000,4799,16902.57,422830.9182000,0
2026-08-02 10:00:00,25.14000,25.23000,24.93000,24.95000,36508.29,2026-08-02 10:59:59,915751.8683000,4223,17720.10,444641.7591000,0
2026-08-02 11:00:00,24.95000,24.97000,24.42000,24.54000,74467.89,2026-08-02 11:59:59,1834391.8027000,10128,37068.62,913402.1068000,0
2026-08-02 12:00:00,24.53000,24.87000,24.50000,24.69000,57562.38,2026-08-02 12:59:59,1422206.6339000,4338,32609.06,805509.0070000,0
2026-08-02 13:00:00,24.68000,24.71000,24.55000,24.69000,23057.68,2026-08-02 13:59:59,568031.0567000,2260,8532.24,210296.1348000,0
2026-08-02 14:00:00,24.69000,24.73000,24.60000,24.68000,19602.00,2026-08-02 14:59:59,483619.5550000,2069,10281.83,253722.2943000,0
2026-08-02 15:00:00,24.68000,24.85000,24.60000,24.84000,27186.67,2026-08-02 15:59:59,672994.7619000,2598,17900.70,443107.9614000,0
2026-08-02 16:00:00,24.83000,25.12000,24.74000,25.07000,31013.37,2026-08-02 16:59:59,773336.0617000,2772,15882.31,396232.2246000,0
2026-08-02 17:00:00,25.06000,25.37000,25.06000,25.17000,40053.52,2026-08-02 17:59:59,1010045.8941000,4536,19963.15,503429.1777000,0
2026-08-02 18:00:00,25.18000,25.26000,25.10000,25.20000,21405.94,2026-08-02 18:59:59,539287.1572000,2819,10746.49,270745.5164000,0
2026-08-02 19:00:00,25.20000,25.39000,25.17000,25.36000,29469.95,2026-08-02 19:59:59,745452.8533000,3346,14071.55,355888.0963000,0
2026-08-02 20:00:00,25.37000,25.53000,25.30000,25.35000,33485.56,2026-08-02 20:59:59,850955.3366000,3520,16907.74,429786.6147000,0
2026-08-02 21:00:00,25.35000,25.79000,25.21000,25.50000,73443.15,2026-08-02 21:59:59,1872552.6948000,7352,38088.52,972573.4899000,0
2026-08-02 22:00:00,25.51000,25.76000,25.20000,25.54000,126801.03,2026-08-02 22:59:59,3233574.2879000,17394,64447.88,1643585.5716000,0
2026-08-02 23:00:00,25.55000,26.03000,25.30000,25.53000,109523.47,2026-08-02 23:59:59,2808617.1914000,13988,52394.66,1343460.6237000,0
2026-08-03 00:00:00,25.52000,25.52000,24.34000,24.95000,517918.01,2026-08-03 00:59:59,12816096.9370000,32497,268297.89,6637839.2687000,0
2026-08-03 01:00:00,24.97000,25.03000,24.46000,24.86000,104119.86,2026-08-03 01:59:59,2575303.3314000,9149,51420.41,1271785.6034000,0
2026-08-03 02:00:00,24.86000,24.98000,24.64000,24.80000,66857.09,2026-08-03 02:59:59,1659081.1757000,6372,31790.84,788774.2714000,0
2026-08-03 03:00:00,24.81000,24.94000,24.64000,24.84000,39949.70,2026-08-03 03:59:59,990712.8555000,3751,20734.31,514223.0350000,0
2026-08-03 04:00:00,24.82000,24.92000,24.54000,24.56000,41928.29,2026-08-03 04:59:59,1038143.4624000,3961,20254.87,501233.5191000,0
2026-08-03 05:00:00,24.56000,24.79000,24.45000,24.66000,31808.48,2026-08-03 05:59:59,784224.7820000,3457,15173.56,373935.7881000,0
2026-08-03 06:00:00,24.67000,24.70000,24.18000,24.26000,37994.20,2026-08-03 06:59:59,929413.3385000,4111,17856.61,436875.3375000,0
2026-08-03 07:00:00,24.28000,24.54000,24.04000,24.22000,50007.68,2026-08-03 07:59:59,1215443.6842000,4654,24730.97,601417.8038000,0
2026-08-03 08:00:00,24.21000,24.32000,22.63000,23.59000,475690.64,2026-08-03 08:59:59,11110233.1557000,25560,231629.84,5408559.5733000,0
2026-08-03 09:00:00,23.58000,23.65000,22.76000,23.07000,245753.10,2026-08-03 09:59:59,5681910.4318000,12946,129132.90,2985169.9534000,0
2026-08-03 10:00:00,23.08000,23.08000,21.89000,22.61000,418847.34,2026-08-03 10:59:59,9355044.9522000,23335,207569.91,4637379.8275000,0
2026-08-03 11:00:00,22.61000,22.68000,21.32000,21.48000,261571.82,2026-08-03 11:59:59,5723641.8185000,16513,127965.25,2800609.3212000,0
2026-08-03 12:00:00,21.49000,21.99000,21.24000,21.61000,368699.54,2026-08-03 12:59:59,7982082.2421000,16883,180086.54,3901202.1460000,0
2026-08-03 13:00:00,21.62000,22.32000,20.62000,22.23000,1898066.17,2026-08-03 13:59:59,40783469.5529000,85925,985144.27,21166518.3370000,0
2026-08-03 14:00:00,22.24000,24.04000,21.45000,23.96000,1168126.92,2026-08-03 14:59:59,26554616.8754000,62800,581093.63,13225295.4535000,0
2026-08-03 15:00:00,23.95000,23.95000,22.57000,23.18000,536335.43,2026-08-03 15:59:59,12422911.1938000,34556,252817.30,5856977.7562000,0
2026-08-03 16:00:00,23.18000,23.82000,23.18000,23.39000,261527.33,2026-08-03 16:59:59,6152884.6471000,19452,115799.49,2724431.8641000,0
2026-08-03 17:00:00,23.40000,24.39000,23.36000,24.29000,170617.42,2026-08-03 17:59:59,4067743.7800000,11880,100924.42,2407371.1780000,0
2026-08-03 18:00:00,24.30000,24.45000,23.66000,23.70000,171052.18,2026-08-03 18:59:59,4110463.5123000,12551,78419.61,1885966.6566000,0
2026-08-03 19:00:00,23.70000,24.44000,23.53000,24.00000,240608.40,2026-08-03 19:59:59,5762235.6103000,17240,119434.35,2860061.8694000,0
2026-08-03 20:00:00,24.00000,24.13000,23.80000,23.99000,106349.84,2026-08-03 20:59:59,2544847.8530000,7318,54000.46,1292172.2290000,0
2026-08-03 21:00:00,23.98000,24.35000,23.94000,24.24000,49450.58,2026-08-03 21:59:59,1191961.0632000,4320,23104.30,556789.3639000,0
2026-08-03 22:00:00,24.24000,24.62000,24.24000,24.48000,85838.54,2026-08-03 22:59:59,2102282.7326000,7584,48620.00,1190776.4124000,0
2026-08-03 23:00:00,24.47000,24.76000,24.38000,24.73000,105284.25,2026-08-03 23:59:59,2584454.1517000,10663,54302.63,1333037.8947000,0
2026-08-04 00:00:00,24.72000,25.04000,23.12000,23.29000,408973.49,2026-08-04 00:59:59,9787948.2088000,39438,205158.64,4910380.2254000,0
2026-08-04 01:00:00,23.29000,24.64000,23.03000,24.50000,246275.11,2026-08-04 01:59:59,5855753.4295000,21272,136782.84,3253480.4635000,0
2026-08-04 02:00:00,24.49000,24.53000,23.67000,23.85000,150082.19,2026-08-04 02:59:59,3601787.9131000,13003,78130.62,1874688.3550000,0
2026-08-04 03:00:00,23.84000,24.01000,23.53000,23.92000,77912.82,2026-08-04 03:59:59,1853535.3747000,7701,39550.24,940798.1027000,0
2026-08-04 04:00:00,23.93000,24.18000,23.58000,24.05000,88571.72,2026-08-04 04:59:59,2114276.0652000,6840,48668.85,1162909.5343000,0
2026-08-04 05:00:00,24.06000,24.65000,23.68000,24.62000,148368.67,2026-08-04 05:59:59,3602008.7204000,8954,75224.21,1826391.6775000,0
2026-08-04 06:00:00,24.62000,25.22000,24.57000,25.22000,157116.71,2026-08-04 06:59:59,3915538.9411000,8715,83106.03,2071089.9240000,0
2026-08-04 07:00:00,25.22000,25.46000,24.91000,25.12000,225181.24,2026-08-04 07:59:59,5688419.3001000,10083,104042.40,2627848.0167000,0
2026-08-04 08:00:00,25.11000,26.13000,25.08000,25.53000,326048.98,2026-08-04 08:59:59,8382460.4058000,19700,175962.47,4528273.0007000,0
2026-08-04 09:00:00,25.52000,25.62000,24.89000,25.38000,240708.46,2026-08-04 09:59:59,6075062.6252000,12423,122144.05,3083544.6850000,0
2026-08-04 10:00:00,25.39000,26.00000,25.32000,25.80000,181942.79,2026-08-04 10:59:59,4676231.0865000,10412,96943.75,2492573.5629000,0
2026-08-04 11:00:00,25.79000,26.47000,25.75000,26.42000,329952.19,2026-08-04 11:59:59,8624205.1165000,18983,179272.88,4684950.8517000,0
2026-08-04 12:00:00,26.42000,26.43000,25.99000,26.24000,265358.84,2026-08-04 12:59:59,6945366.3899000,12601,144427.90,3780830.1177000,0
2026-08-04 13:00:00,26.25000,27.44000,25.71000,26.71000,1648610.24,2026-08-04 13:59:59,43821248.7945000,72414,791075.26,21026979.6578000,0
2026-08-04 14:00:00,26.70000,27.25000,26.24000,27.19000,598789.29,2026-08-04 14:59:59,16048642.5885000,37987,304814.73,8174243.9425000,0
2026-08-04 15:00:00,27.19000,28.03000,27.08000,27.70000,467802.24,2026-08-04 15:59:59,12936549.4989000,23619,249428.07,6897484.0373000,0
2026-08-04 16:00:00,27.70000,28.08000,27.55000,27.85000,169754.93,2026-08-04 16:59:59,4719037.7976000,12113,86261.38,2399115.9019000,0
2026-08-04 17:00:00,27.84000,28.18000,27.69000,27.85000,152690.20,2026-08-04 17:59:59,4262704.7439000,11208,68846.59,1922603.0663000,0
2026-08-04 18:00:00,27.84000,27.96000,27.48000,27.82000,180555.15,2026-08-04 18:59:59,5010942.6424000,10570,82476.72,2289321.2719000,0
2026-08-04 19:00:00,27.81000,28.11000,27.43000,27.62000,262962.21,2026-08-04 19:59:59,7295135.2680000,15659,128279.84,3559120.7071000,0
2026-08-04 20:00:00,27.63000,27.98000,26.47000,26.87000,807283.16,2026-08-04 20:59:59,21799836.8511000,51363,415402.39,11220714.7363000,0
2026-08-04 21:00:00,26.86000,27.32000,26.80000,27.07000,159899.32,2026-08-04 21:59:59,4329921.5937000,11463,86305.79,2337102.6416000,0
2026-08-04 22:00:00,27.08000,27.29000,26.88000,27.17000,120832.89,2026-08-04 22:59:59,3278176.0103000,7680,56294.96,1527529.3257000,0
2026-08-04 23:00:00,27.17000,27.79000,27.05000,27.57000,121835.22,2026-08-04 23:59:59,3344926.4422000,9399,65973.63,1811434.7901000,0
2026-08-05 00:00:00,27.56000,28.03000,27.22000,27.55000,263662.24,2026-08-05 00:59:59,7278645.5589000,24379,129736.09,3581676.4487000,0
2026-08-05 01:00:00,27.54000,27.55000,26.60000,27.31000,206067.97,2026-08-05 01:59:59,5588565.4850000,18786,103225.33,2800354.6442000,0
2026-08-05 02:00:00,27.31000,27.45000,26.98000,27.15000,78321.15,2026-08-05 02:59:59,2127514.5008000,8143,38825.15,1054418.2401000,0
2026-08-05 03:00:00,27.15000,27.57000,27.14000,27.52000,91173.50,2026-08-05 03:59:59,2504692.3811000,6388,48473.54,1331481.7985000,0
2026-08-05 04:00:00,27.53000,28.08000,27.48000,28.05000,83232.92,2026-08-05 04:59:59,2313087.5598000,6741,46795.58,1299990.4565000,0
2026-08-05 05:00:00,28.05000,28.76000,28.00000,28.69000,314111.58,2026-08-05 05:59:59,8942548.5250000,20701,164003.89,4669432.1121000,0
2026-08-05 06:00:00,28.68000,28.89000,27.99000,28.29000,167223.97,2026-08-05 06:59:59,4765051.4592000,11852,89555.15,2552177.2160000,0
2026-08-05 07:00:00,28.29000,28.47000,27.40000,27.80000,202741.18,2026-08-05 07:59:59,5661909.2823000,12285,82810.14,2310180.6753000,0
2026-08-05 08:00:00,27.79000,28.16000,26.08000,26.68000,701786.50,2026-08-05 08:59:59,18961979.4413000,37688,352312.68,9517221.1139000,0
2026-08-05 09:00:00,26.68000,27.07000,26.42000,26.82000,260057.57,2026-08-05 09:59:59,6961821.8069000,15050,132661.32,3551093.1806000,0
2026-08-05 10:00:00,26.83000,26.93000,26.27000,26.57000,237695.82,2026-08-05 10:59:59,6332493.2701000,13580,107722.71,2870599.2425000,0
2026-08-05 11:00:00,26.58000,27.25000,26.52000,26.75000,281529.13,2026-08-05 11:59:59,7578346.0793000,17832,136987.70,3686948.3265000,0
2026-08-05 12:00:00,26.74000,26.97000,26.39000,26.69000,307976.42,2026-08-05 12:59:59,8217519.4591000,15419,146697.02,3916253.8666000,0
2026-08-05 13:00:00,26.69000,29.68000,26.22000,29.23000,1828670.45,2026-08-05 13:59:59,51334772.9261000,90712,899749.95,25262098.3240000,0
2026-08-05 14:00:00,29.22000,29.58000,27.87000,28.75000,1834454.77,2026-08-05 14:59:59,52993244.6134000,86743,874626.01,25293148.8237000,0
2026-08-05 15:00:00,28.76000,29.53000,28.61000,28.99000,696203.62,2026-08-05 15:59:59,20254574.7637000,40421,356828.21,10383689.3685000,0
2026-08-05 16:00:00,28.99000,29.88000,28.97000,29.60000,409836.20,2026-08-05 16:59:59,12057439.6164000,24558,200774.62,5908642.2841000,0
2026-08-05 17:00:00,29.61000,29.68000,29.12000,29.36000,346149.88,2026-08-05 17:59:59,10150788.4347000,17415,180060.05,5280297.9681000,0
2026-08-05 18:00:00,29.36000,29.46000,29.05000,29.13000,154462.71,2026-08-05 18:59:59,4519351.0918000,11475,79582.71,2329040.0235000,0
2026-08-05 19:00:00,29.14000,29.50000,27.60000,27.66000,332781.12,2026-08-05 19:59:59,9557676.2985000,20354,137109.57,3949766.3470000,0
2026-08-05 20:00:00,27.67000,28.54000,26.22000,27.86000,2391578.21,2026-08-05 20:59:59,65744392.4569000,95135,1199919.88,32974487.4896000,0
2026-08-05 21:00:00,27.86000,28.30000,26.93000,27.11000,289468.98,2026-08-05 21:59:59,7990526.1499000,19556,148709.42,4103049.7010000,0
2026-08-05 22:00:00,27.10000,27.66000,26.79000,27.19000,189103.28,2026-08-05 22:59:59,5165074.2097000,12147,90762.91,2480470.5011000,0
2026-08-05 23:00:00,27.19000,27.41000,26.55000,26.59000,155031.74,2026-08-05 23:59:59,4175288.2951000,12184,72075.54,1942507.8722000,0
2026-08-06 00:00:00,26.59000,27.23000,26.37000,26.52000,318967.81,2026-08-06 00:59:59,8532434.6094000,24607,158698.29,4247739.5026000,0
2026-08-06 01:00:00,26.53000,26.61000,25.67000,26.23000,295876.49,2026-08-06 01:59:59,7743617.9895000,19115,156050.50,4081977.3941000,0
2026-08-06 02:00:00,26.22000,26.80000,26.04000,26.51000,176733.70,2026-08-06 02:59:59,4683252.9787000,10177,76569.09,2027449.0064000,0
2026-08-06 03:00:00,26.52000,26.67000,26.10000,26.47000,70695.97,2026-08-06 03:59:59,1862007.7961000,6378,36244.72,955241.6242000,0
2026-08-06 04:00:00,26.47000,26.63000,26.18000,26.42000,98910.09,2026-08-06 04:59:59,2610085.9141000,7018,48436.42,1278949.8510000,0
2026-08-06 05:00:00,26.43000,26.69000,26.24000,26.41000,72618.15,2026-08-06 05:59:59,1921225.7404000,6415,36165.13,956832.7643000,0
2026-08-06 06:00:00,26.41000,26.41000,25.89000,26.16000,75067.17,2026-08-06 06:59:59,1962337.0201000,6358,38705.55,1012064.3192000,0
2026-08-06 07:00:00,26.15000,26.43000,26.03000,26.08000,53280.47,2026-08-06 07:59:59,1398481.6136000,4403,29441.44,772922.2799000,0
2026-08-06 08:00:00,26.08000,26.23000,25.23000,25.98000,534268.10,2026-08-06 08:59:59,13740749.0663000,21831,274485.26,7057963.5875000,0
2026-08-06 09:00:00,25.98000,25.98000,25.47000,25.84000,164645.00,2026-08-06 09:59:59,4228891.7235000,7724,86248.86,2215659.6074000,0
2026-08-06 10:00:00,25.85000,25.97000,24.95000,25.12000,126724.27,2026-08-06 10:59:59,3221010.8279000,9043,61264.74,1558630.4488000,0
2026-08-06 11:00:00,25.13000,25.51000,24.24000,25.38000,370777.99,2026-08-06 11:59:59,9214152.0369000,21683,186766.88,4643843.5790000,0
2026-08-06 12:00:00,25.37000,25.42000,24.71000,25.14000,150469.59,2026-08-06 12:59:59,3775125.7233000,10142,78355.91,1966500.7790000,0
2026-08-06 13:00:00,25.14000,26.75000,23.59000,26.67000,1796793.42,2026-08-06 13:59:59,45013092.8640000,79551,956104.18,23965738.8378000,0
2026-08-06 14:00:00,26.67000,28.43000,26.32000,28.18000,1158999.80,2026-08-06 14:59:59,32031189.5647000,62775,614342.56,16969943.8974000,0
2026-08-06 15:00:00,28.18000,28.90000,27.93000,28.02000,616685.49,2026-08-06 15:59:59,17575359.6251000,37652,323586.79,9227540.6033000,0
2026-08-06 16:00:00,28.02000,28.14000,27.09000,27.90000,571635.77,2026-08-06 16:59:59,15798555.9592000,31782,283178.00,7825749.9515000,0
2026-08-06 17:00:00,27.91000,28.01000,27.26000,27.43000,194786.21,2026-08-06 17:59:59,5374899.9989000,13321,97903.62,2701946.2985000,0
2026-08-06 18:00:00,27.44000,27.99000,27.27000,27.54000,229376.97,2026-08-06 18:59:59,6330273.1604000,15098,119647.62,3303351.0559000,0
2026-08-06 19:00:00,27.55000,28.01000,26.84000,26.88000,321667.32,2026-08-06 19:59:59,8810301.8983000,19750,154805.11,4242434.7601000,0
2026-08-06 20:00:00,26.89000,27.18000,26.68000,27.17000,257400.80,2026-08-06 20:59:59,6921887.8462000,12571,132957.30,3576424.5245000,0
2026-08-06 21:00:00,27.17000,27.37000,27.09000,27.15000,57009.64,2026-08-06 21:59:59,1552075.5840000,4257,25940.84,706182.9964000,0
2026-08-06 22:00:00,27.15000,27.50000,27.03000,27.47000,56989.23,2026-08-06 22:59:59,1556020.9638000,5257,31696.14,865420.6042000,0
2026-08-06 23:00:00,27.47000,27.48000,27.20000,27.44000,57356.97,2026-08-06 23:59:59,1568527.7456000,6586,27565.21,753956.6904000,0
2026-08-07 00:00:00,27.44000,27.90000,27.03000,27.48000,249479.92,2026-08-07 00:59:59,6843454.3692000,24372,129344.41,3547527.6643000,0
2026-08-07 01:00:00,27.49000,27.52000,26.59000,26.77000,137244.42,2026-08-07 01:59:59,3693627.4092000,13896,68469.87,1842342.6185000,0
2026-08-07 02:00:00,26.76000,27.47000,26.68000,27.38000,113998.87,2026-08-07 02:59:59,3080409.0310000,8391,51725.31,1398862.9674000,0
2026-08-07 03:00:00,27.39000,27.54000,27.03000,27.04000,47551.06,2026-08-07 03:59:59,1296040.4980000,4767,23456.67,639279.4460000,0
2026-08-07 04:00:00,27.04000,27.28000,26.92000,27.11000,57508.39,2026-08-07 04:59:59,1560051.3117000,4601,24225.08,656622.2277000,0
2026-08-07 05:00:00,27.12000,27.45000,27.10000,27.41000,49877.50,2026-08-07 05:59:59,1362904.2762000,4291,23960.44,654855.3225000,0
2026-08-07 06:00:00,27.40000,27.63000,26.84000,26.85000,122440.49,2026-08-07 06:59:59,3334223.7505000,7422,65550.73,1784785.9718000,0
2026-08-07 07:00:00,26.85000,27.50000,26.84000,27.49000,80659.22,2026-08-07 07:59:59,2199842.4618000,6390,41445.85,1130040.6821000,0
2026-08-07 08:00:00,27.49000,28.30000,27.46000,28.05000,279221.20,2026-08-07 08:59:59,7787339.1368000,17083,150647.97,4202504.2313000,0
2026-08-07 09:00:00,28.06000,28.14000,27.87000,27.90000,73315.77,2026-08-07 09:59:59,2053931.3865000,6219,35194.08,986061.3090000,0
2026-08-07 10:00:00,27.89000,27.93000,27.31000,27.37000,178072.47,2026-08-07 10:59:59,4914231.4708000,9259,82914.48,2289816.3785000,0
2026-08-07 11:00:00,27.37000,28.06000,27.35000,27.80000,155851.53,2026-08-07 11:59:59,4327484.6406000,8962,87187.19,2420077.1813000,0
2026-08-07 12:00:00,27.80000,29.09000,27.75000,28.77000,538668.85,2026-08-07 12:59:59,15320236.9937000,27573,301107.24,8565559.8769000,0
2026-08-07 13:00:00,28.78000,28.84000,25.79000,25.98000,1408976.88,2026-08-07 13:59:59,38239179.8708000,102280,662515.00,17990041.2318000,0
2026-08-07 14:00:00,25.98000,26.04000,24.80000,25.43000,935837.96,2026-08-07 14:59:59,23807134.5725000,71601,446096.13,11350208.4356000,0
2026-08-07 15:00:00,25.43000,26.76000,25.40000,26.52000,302841.79,2026-08-07 15:59:59,7917017.6863000,21397,160792.53,4202797.0538000,0
2026-08-07 16:00:00,26.53000,26.76000,25.60000,26.21000,201115.75,2026-08-07 16:59:59,5262271.8844000,16081,97409.89,2548910.1507000,0
2026-08-07 17:00:00,26.22000,26.44000,26.02000,26.27000,83950.89,2026-08-07 17:59:59,2205709.8992000,7648,44125.56,1159680.3122000,0
2026-08-07 18:00:00,26.28000,26.40000,26.02000,26.36000,152482.96,2026-08-07 18:59:59,4009175.9820000,7134,108035.50,2842511.1166000,0
2026-08-07 19:00:00,26.36000,26.86000,26.29000,26.63000,197998.38,2026-08-07 19:59:59,5246063.7901000,13071,117688.67,3119540.8019000,0
2026-08-07 20:00:00,26.63000,26.68000,26.38000,26.51000,85679.62,2026-08-07 20:59:59,2270395.8863000,6805,47444.87,1256755.6582000,0
2026-08-07 21:00:00,26.51000,26.54000,26.39000,26.49000,32585.45,2026-08-07 21:59:59,862412.9630000,5107,18631.79,493140.4564000,0
2026-08-07 22:00:00,26.49000,26.56000,26.46000,26.47000,12252.24,2026-08-07 22:59:59,324637.3893000,2239,7272.13,192710.9755000,0
2026-08-07 23:00:00,26.48000,26.75000,26.42000,26.73000,11991.58,2026-08-07 23:59:59,318677.7792000,1927,6477.99,172204.4982000,0
2026-08-08 00:00:00,26.75000,26.81000,26.65000,26.73000,15839.43,2026-08-08 00:59:59,423512.3262000,2519,8808.33,235497.6681000,0
2026-08-08 01:00:00,26.74000,26.86000,26.68000,26.84000,11090.69,2026-08-08 01:59:59,296821.2750000,1842,4812.25,128761.5848000,0
2026-08-08 02:00:00,26.83000,26.88000,26.72000,26.73000,5224.47,2026-08-08 02:59:59,140043.0945000,1167,1893.81,50769.6909000,0
2026-08-08 03:00:00,26.73000,26.78000,26.63000,26.73000,8405.11,2026-08-08 03:59:59,224624.9735000,1488,4140.22,110664.5714000,0
2026-08-08 04:00:00,26.73000,26.77000,26.61000,26.65000,10898.46,2026-08-08 04:59:59,290787.7470000,1356,6489.09,173150.5035000,0
2026-08-08 05:00:00,26.65000,26.66000,26.59000,26.60000,7379.53,2026-08-08 05:59:59,196416.4492000,1486,2418.04,64363.8517000,0
2026-08-08 06:00:00,26.61000,26.65000,26.58000,26.62000,8568.79,2026-08-08 06:59:59,228074.4381000,1155,4138.55,110160.7006000,0
2026-08-08 07:00:00,26.62000,26.66000,26.56000,26.65000,4676.77,2026-08-08 07:59:59,124391.7596000,924,2318.15,61664.0666000,0
2026-08-08 08:00:00,26.64000,26.67000,26.58000,26.66000,3688.95,2026-08-08 08:59:59,98216.8744000,714,1973.10,52545.9748000,0
2026-08-08 09:00:00,26.66000,26.70000,26.64000,26.68000,6667.41,2026-08-08 09:59:59,177870.8194000,837,4336.97,115705.2717000,0
2026-08-08 10:00:00,26.68000,26.79000,26.67000,26.74000,20425.14,2026-08-08 10:59:59,545954.1315000,1075,14449.31,386168.5682000,0
2026-08-08 11:00:00,26.74000,26.84000,26.73000,26.79000,10191.46,2026-08-08 11:59:59,273118.4762000,920,2411.79,64607.5967000,0
2026-08-08 12:00:00,26.78000,26.80000,26.73000,26.74000,7212.08,2026-08-08 12:59:59,192982.8341000,723,3563.70,95386.2856000,0
2026-08-08 13:00:00,26.75000,27.14000,26.75000,26.88000,57436.57,2026-08-08 13:59:59,1550642.4281000,5321,32065.97,865558.1310000,0
2026-08-08 14:00:00,26.88000,27.00000,26.87000,26.97000,30346.36,2026-08-08 14:59:59,817675.2899000,2129,18356.56,494805.6993000,0
2026-08-08 15:00:00,26.98000,27.10000,26.94000,27.02000,15618.96,2026-08-08 15:59:59,421854.3827000,1214,10614.34,286741.5400000,0
2026-08-08 16:00:00,27.02000,27.02000,26.95000,27.00000,6103.48,2026-08-08 16:59:59,164720.6541000,808,3195.21,86246.7458000,0
2026-08-08 17:00:00,26.99000,27.07000,26.94000,26.94000,10086.51,2026-08-08 17:59:59,272176.0821000,1249,4927.93,132966.4407000,0
2026-08-08 18:00:00,26.94000,26.97000,26.92000,26.93000,4465.03,2026-08-08 18:59:59,120283.4538000,788,3088.32,83202.9124000,0
2026-08-08 19:00:00,26.93000,27.07000,26.90000,26.97000,18451.76,2026-08-08 19:59:59,497791.5432000,1469,11407.76,307839.3151000,0
2026-08-08 20:00:00,26.96000,27.04000,26.96000,27.03000,3865.97,2026-08-08 20:59:59,104395.9817000,843,2270.54,61311.0362000,0
2026-08-08 21:00:00,27.04000,27.06000,26.91000,26.92000,4985.24,2026-08-08 21:59:59,134545.2115000,929,2776.83,74960.5254000,0
2026-08-08 22:00:00,26.93000,27.01000,26.93000,26.99000,5241.22,2026-08-08 22:59:59,141367.1962000,664,2885.04,77814.7623000,0
2026-08-08 23:00:00,26.99000,27.01000,26.94000,27.00000,3693.47,2026-08-08 23:59:59,99658.3775000,652,2130.34,57489.1772000,0
2026-08-09 00:00:00,27.01000,27.09000,26.95000,27.06000,10849.93,2026-08-09 00:59:59,293233.5264000,1018,6073.33,164150.3699000,0
2026-08-09 01:00:00,27.06000,27.09000,26.93000,26.95000,4391.16,2026-08-09 01:59:59,118525.6496000,831,2281.87,61561.1972000,0
2026-08-09 02:00:00,26.96000,27.03000,26.94000,27.00000,5275.47,2026-08-09 02:59:59,142439.4653000,822,3124.11,84354.4871000,0
2026-08-09 03:00:00,27.00000,27.04000,26.98000,27.02000,4278.62,2026-08-09 03:59:59,115546.8651000,640,2107.76,56921.9039000,0
2026-08-09 04:00:00,27.04000,27.04000,26.98000,26.99000,4432.44,2026-08-09 04:59:59,119724.8136000,492,1285.88,34743.5164000,0
2026-08-09 05:00:00,26.98000,27.08000,26.97000,27.05000,6239.42,2026-08-09 05:59:59,168599.9940000,663,3452.86,93305.4881000,0
2026-08-09 06:00:00,27.05000,27.11000,27.02000,27.05000,5654.61,2026-08-09 06:59:59,153048.2739000,687,2313.62,62621.1661000,0
2026-08-09 07:00:00,27.04000,27.07000,26.98000,26.98000,8052.97,2026-08-09 07:59:59,217688.1468000,1003,4380.65,118437.8822000,0
2026-08-09 08:00:00,26.98000,27.00000,26.73000,26.78000,17884.21,2026-08-09 08:59:59,480281.3722000,1787,6197.19,166384.6349000,0
2026-08-09 09:00:00,26.78000,26.80000,26.75000,26.79000,5136.03,2026-08-09 09:59:59,137543.6572000,857,1943.50,52043.5489000,0
2026-08-09 10:00:00,26.80000,26.87000,26.78000,26.85000,7222.01,2026-08-09 10:59:59,193666.9636000,672,4246.54,113891.1217000,0
2026-08-09 11:00:00,26.86000,26.88000,26.81000,26.83000,4332.56,2026-08-09 11:59:59,116333.8849000,683,1395.38,37472.8939000,0
2026-08-09 12:00:00,26.83000,26.89000,26.80000,26.85000,10147.32,2026-08-09 12:59:59,272477.7684000,1100,4328.93,116223.5593000,0
2026-08-09 13:00:00,26.85000,26.89000,26.82000,26.83000,4728.27,2026-08-09 13:59:59,126975.0993000,831,2286.29,61396.7790000,0
2026-08-09 14:00:00,26.84000,26.89000,26.82000,26.87000,11922.02,2026-08-09 14:59:59,320097.0156000,1784,7042.18,189094.7775000,0
2026-08-09 15:00:00,26.87000,26.92000,26.85000,26.85000,5875.04,2026-08-09 15:59:59,158003.9727000,846,3049.67,82027.4903000,0
2026-08-09 16:00:00,26.85000,26.86000,26.78000,26.85000,9061.90,2026-08-09 16:59:59,242989.9740000,953,2386.24,63989.1114000,0
2026-08-09 17:00:00,26.86000,26.95000,26.84000,26.91000,2333.12,2026-08-09 17:59:59,62751.9166000,390,924.32,24864.5789000,0
2026-08-09 18:00:00,26.91000,26.97000,26.88000,26.89000,5086.67,2026-08-09 18:59:59,136991.0202000,682,3064.38,82554.0441000,0
2026-08-09 19:00:00,26.89000,26.95000,26.87000,26.94000,3057.60,2026-08-09 19:59:59,82257.7635000,575,1789.76,48151.4223000,0
2026-08-09 20:00:00,26.93000,26.94000,26.90000,26.90000,3376.50,2026-08-09 20:59:59,90907.5600000,490,1814.96,48870.1302000,0
2026-08-09 21:00:00,26.90000,26.91000,26.67000,26.83000,22323.76,2026-08-09 21:59:59,597363.6383000,1817,5061.23,135696.3285000,0
2026-08-09 22:00:00,26.84000,26.93000,26.59000,26.73000,57965.03,2026-08-09 22:59:59,1552868.3284000,6158,30776.63,824613.6572000,0
2026-08-09 23:00:00,26.73000,26.90000,26.66000,26.81000,67221.33,2026-08-09 23:59:59,1799595.3623000,5870,23343.76,625238.0994000,0
2026-08-10 00:00:00,26.80000,27.41000,26.29000,26.48000,384457.97,2026-08-10 00:59:59,10294380.6712000,27278,183606.01,4926001.5311000,0
2026-08-10 01:00:00,26.48000,26.91000,26.32000,26.75000,80381.14,2026-08-10 01:59:59,2143603.9877000,8075,41396.70,1104468.0273000,0
2026-08-10 02:00:00,26.75000,26.83000,26.42000,26.66000,60817.75,2026-08-10 02:59:59,1620950.9526000,5362,31594.35,842389.1236000,0
2026-08-10 03:00:00,26.66000,26.79000,26.57000,26.69000,23700.72,2026-08-10 03:59:59,632054.6844000,2919,10865.73,289762.9619000,0
2026-08-10 04:00:00,26.69000,26.82000,26.44000,26.48000,46495.41,2026-08-10 04:59:59,1238816.6857000,3914,22480.01,599273.0173000,0
2026-08-10 05:00:00,26.47000,26.76000,26.47000,26.71000,37627.61,2026-08-10 05:59:59,1002501.6663000,3659,16597.79,442338.3066000,0
2026-08-10 06:00:00,26.71000,26.92000,26.66000,26.78000,36483.49,2026-08-10 06:59:59,977112.5074000,3197,18476.27,494912.1999000,0
2026-08-10 07:00:00,26.77000,27.16000,26.76000,27.12000,96059.39,2026-08-10 07:59:59,2597170.2346000,3527,67748.07,1831674.5326000,0
2026-08-10 08:00:00,27.12000,27.43000,26.90000,27.08000,134961.24,2026-08-10 08:59:59,3659554.5574000,9835,57862.99,1569468.7986000,0
2026-08-10 09:00:00,27.08000,27.08000,26.51000,26.64000,99881.26,2026-08-10 09:59:59,2669879.7952000,5827,39994.77,1069135.3806000,0
2026-08-10 10:00:00,26.64000,26.76000,26.50000,26.57000,78812.13,2026-08-10 10:59:59,2098915.3922000,5811,36892.39,982680.1137000,0
2026-08-10 11:00:00,26.57000,26.68000,25.70000,26.23000,306125.56,2026-08-10 11:59:59,7973950.4891000,17130,124478.73,3243288.0997000,0
2026-08-10 12:00:00,26.22000,26.25000,25.57000,25.62000,213587.56,2026-08-10 12:59:59,5521133.5459000,11177,84924.25,2198498.3025000,0
2026-08-10 13:00:00,25.62000,26.91000,25.21000,26.80000,2140357.26,2026-08-10 13:59:59,55717501.2321000,88309,1030737.27,26836617.5922000,0
2026-08-10 14:00:00,26.80000,27.69000,26.03000,26.12000,1182088.28,2026-08-10 14:59:59,31583017.7095000,60382,565411.63,15115051.6585000,0
2026-08-10 15:00:00,26.13000,26.78000,25.99000,26.61000,299710.23,2026-08-10 15:59:59,7901228.0397000,22336,170652.70,4505032.5016000,0
2026-08-10 16:00:00,26.62000,26.90000,26.42000,26.65000,222400.52,2026-08-10 16:59:59,5933105.8585000,16502,105068.78,2803647.8970000,0
2026-08-10 17:00:00,26.65000,27.05000,26.60000,26.79000,170899.42,2026-08-10 17:59:59,4583642.9407000,8479,82033.17,2203742.4894000,0
2026-08-10 18:00:00,26.79000,26.89000,26.65000,26.79000,39983.72,2026-08-10 18:59:59,1070122.6408000,4544,17029.84,455839.7719000,0
2026-08-10 19:00:00,26.78000,26.85000,25.58000,25.66000,165037.24,2026-08-10 19:59:59,4318249.1776000,9480,56637.85,1478635.0654000,0
2026-08-10 20:00:00,25.68000,26.02000,25.56000,26.00000,68434.04,2026-08-10 20:59:59,1762708.5215000,5683,31395.60,809076.5086000,0
2026-08-10 21:00:00,26.00000,26.00000,25.80000,25.87000,16340.97,2026-08-10 21:59:59,423161.6278000,2287,8290.67,214701.5289000,0
2026-08-10 22:00:00,25.88000,26.02000,25.86000,25.91000,40361.28,2026-08-10 22:59:59,1046673.9151000,3285,21251.77,551157.2237000,0
2026-08-10 23:00:00,25.90000,25.91000,25.66000,25.70000,87264.48,2026-08-10 23:59:59,2248412.0548000,4959,40926.94,1054389.5788000,0
2026-08-11 00:00:00,25.71000,26.04000,25.60000,25.94000,107035.31,2026-08-11 00:59:59,2760020.3999000,10885,50221.17,1295078.4840000,0
2026-08-11 01:00:00,25.93000,26.43000,25.79000,26.18000,76958.27,2026-08-11 01:59:59,2014875.0319000,8233,36938.59,966889.6315000,0
2026-08-11 02:00:00,26.17000,26.28000,26.01000,26.17000,34436.87,2026-08-11 02:59:59,900577.6442000,3507,14397.17,376514.4543000,0
2026-08-11 03:00:00,26.18000,26.52000,26.16000,26.41000,24111.02,2026-08-11 03:59:59,635270.3293000,2881,14149.89,373048.3317000,0
2026-08-11 04:00:00,26.42000,26.70000,26.42000,26.47000,27535.35,2026-08-11 04:59:59,731844.5977000,3282,15122.47,401994.4974000,0
2026-08-11 05:00:00,26.47000,26.55000,26.20000,26.23000,35515.77,2026-08-11 05:59:59,934980.5466000,3387,19701.50,518687.7027000,0
2026-08-11 06:00:00,26.23000,26.40000,25.90000,26.00000,32306.65,2026-08-11 06:59:59,843742.1644000,2930,14197.40,370738.1272000,0
2026-08-11 07:00:00,26.01000,26.20000,25.94000,26.15000,24894.57,2026-08-11 07:59:59,649405.9697000,2524,10837.40,282798.0176000,0
2026-08-11 08:00:00,26.17000,26.43000,25.64000,25.79000,188538.82,2026-08-11 08:59:59,4900644.9034000,9728,90459.58,2351618.9017000,0
2026-08-11 09:00:00,25.79000,25.88000,25.44000,25.82000,84192.41,2026-08-11 09:59:59,2165482.0183000,5399,41739.90,1073868.4856000,0
2026-08-11 10:00:00,25.82000,26.04000,25.67000,25.89000,105387.43,2026-08-11 10:59:59,2726666.7708000,5671,48672.03,1259422.4815000,0
2026-08-11 11:00:00,25.90000,26.22000,25.85000,26.02000,195679.57,2026-08-11 11:59:59,5095876.5445000,8787,112216.85,2921844.4572000,0
2026-08-11 12:00:00,26.03000,26.60000,25.94000,26.31000,193143.12,2026-08-11 12:59:59,5096031.5047000,11455,108313.65,2858138.3848000,0
2026-08-11 13:00:00,26.32000,26.56000,25.14000,25.48000,1372145.06,2026-08-11 13:59:59,35650592.3652000,71311,643998.95,16740985.0004000,0
2026-08-11 14:00:00,25.49000,26.12000,24.70000,25.68000,1161849.53,2026-08-11 14:59:59,29539358.6724000,53749,539848.92,13714739.8089000,0
2026-08-11 15:00:00,25.68000,25.92000,25.23000,25.28000,325665.13,2026-08-11 15:59:59,8309411.4116000,20244,158500.10,4047290.7428000,0
2026-08-11 16:00:00,25.28000,25.42000,25.02000,25.08000,117688.25,2026-08-11 16:59:59,2969615.4459000,10385,49612.97,1252168.4478000,0
2026-08-11 17:00:00,25.07000,25.27000,24.76000,25.21000,128641.84,2026-08-11 17:59:59,3222110.6945000,10477,57594.92,1443290.7369000,0
2026-08-11 18:00:00,25.21000,25.56000,25.18000,25.39000,83748.85,2026-08-11 18:59:59,2122894.9466000,8254,43931.66,1113149.8817000,0
2026-08-11 19:00:00,25.39000,26.07000,25.39000,26.04000,187131.63,2026-08-11 19:59:59,4833248.4938000,12206,100544.32,2599025.1300000,0
2026-08-11 20:00:00,26.03000,26.14000,25.87000,25.89000,114702.75,2026-08-11 20:59:59,2981122.4184000,7700,53280.95,1385194.4926000,0
2026-08-11 21:00:00,25.89000,25.99000,25.81000,25.91000,26726.68,2026-08-11 21:59:59,692756.4803000,2942,11953.13,309792.8349000,0
2026-08-11 22:00:00,25.91000,26.04000,25.84000,25.97000,34593.08,2026-08-11 22:59:59,897776.0903000,3276,16230.28,421255.8087000,0
2026-08-11 23:00:00,25.97000,25.99000,25.87000,25.89000,212085.36,2026-08-11 23:59:59,5493720.7135000,7708,154622.42,4004915.4240000,0
2026-08-12 00:00:00,25.89000,26.22000,25.73000,25.88000,90827.30,2026-08-12 00:59:59,2357635.2675000,10073,40751.68,1058186.9718000,0
2026-08-12 01:00:00,25.87000,26.23000,25.83000,26.21000,59890.98,2026-08-12 01:59:59,1560950.8920000,5001,24088.91,627247.5392000,0
2026-08-12 02:00:00,26.22000,26.92000,26.17000,26.81000,106883.18,2026-08-12 02:59:59,2845746.6312000,8302,50603.71,1347447.8167000,0
2026-08-12 03:00:00,26.81000,27.22000,26.81000,26.91000,135754.74,2026-08-12 03:59:59,3671741.3152000,12274,72288.40,1955807.1276000,0
2026-08-12 04:00:00,26.91000,27.06000,26.62000,26.78000,146168.83,2026-08-12 04:59:59,3919422.2599000,8221,49927.82,1340933.9146000,0
2026-08-12 05:00:00,26.79000,26.82000,26.44000,26.76000,70411.70,2026-08-12 05:59:59,1876254.4783000,6450,37774.12,1006590.5537000,0
2026-08-12 06:00:00,26.75000,26.85000,26.59000,26.81000,20345.80,2026-08-12 06:59:59,543342.9169000,2707,10057.30,268677.2160000,0
2026-08-12 07:00:00,26.81000,26.99000,26.79000,26.98000,30153.58,2026-08-12 07:59:59,810503.9438000,3021,14398.93,386960.7463000,0
2026-08-12 08:00:00,26.98000,27.81000,26.83000,27.65000,193661.65,2026-08-12 08:59:59,5320873.4199000,11205,93773.32,2575070.0823000,0
2026-08-12 09:00:00,27.65000,27.94000,27.44000,27.55000,83705.50,2026-08-12 09:59:59,2315616.4459000,6143,31302.72,866472.2332000,0
2026-08-12 10:00:00,27.55000,27.62000,27.28000,27.35000,77725.41,2026-08-12 10:59:59,2132233.0405000,5475,33007.39,905715.4966000,0
2026-08-12 11:00:00,27.34000,27.58000,27.08000,27.55000,77946.06,2026-08-12 11:59:59,2129368.8621000,6572,36450.01,996381.0726000,0
2026-08-12 12:00:00,27.53000,28.18000,27.24000,28.15000,536949.31,2026-08-12 12:59:59,14933190.6241000,27306,249822.03,6944457.4604000,0
2026-08-12 13:00:00,28.15000,29.77000,27.91000,29.18000,855729.85,2026-08-12 13:59:59,24593253.4570000,72722,445690.53,12808520.8212000,0
2026-08-12 14:00:00,29.18000,29.73000,28.82000,29.18000,502620.07,2026-08-12 14:59:59,14731997.5711000,44905,282612.80,8288475.7880000,0
2026-08-12 15:00:00,29.18000,29.59000,29.01000,29.31000,150255.88,2026-08-12 15:59:59,4406068.2860000,17631,75645.92,2217843.4550000,0
2026-08-12 16:00:00,29.30000,29.55000,29.14000,29.50000,140869.33,2026-08-12 16:59:59,4136781.7265000,11108,79954.82,2348044.9436000,0
2026-08-12 17:00:00,29.50000,30.06000,29.48000,30.00000,140942.60,2026-08-12 17:59:59,4200450.5747000,10831,86076.84,2567636.1889000,0
2026-08-12 18:00:00,30.01000,30.02000,29.18000,29.32000,111913.26,2026-08-12 18:59:59,3300029.6137000,10346,43747.44,1292620.9195000,0
2026-08-12 19:00:00,29.31000,29.36000,28.47000,28.59000,187602.57,2026-08-12 19:59:59,5421961.7792000,16705,86324.25,2492339.2409000,0
2026-08-12 20:00:00,28.59000,28.83000,28.57000,28.74000,93752.79,2026-08-12 20:59:59,2690348.9514000,7797,44649.01,1281289.5448000,0
2026-08-12 21:00:00,28.74000,29.01000,28.66000,28.91000,34906.81,2026-08-12 21:59:59,1007697.2654000,4218,21136.31,609951.6659000,0
2026-08-12 22:00:00,28.90000,28.92000,28.74000,28.84000,32568.39,2026-08-12 22:59:59,938552.2756000,3481,14338.77,413315.9210000,0
2026-08-12 23:00:00,28.83000,29.21000,28.81000,29.16000,41134.61,2026-08-12 23:59:59,1194856.1106000,4146,26455.91,768247.6553000,0
2026-08-13 00:00:00,29.16000,29.59000,29.01000,29.32000,76210.18,2026-08-13 00:59:59,2233384.5887000,9237,31003.65,908156.6278000,0
2026-08-13 01:00:00,29.32000,29.50000,29.20000,29.47000,40281.03,2026-08-13 01:59:59,1182360.3441000,4805,18574.86,545025.3683000,0
2026-08-13 02:00:00,29.47000,29.52000,29.19000,29.35000,44192.84,2026-08-13 02:59:59,1298198.7800000,3282,26412.94,776408.8538000,0
2026-08-13 03:00:00,29.35000,29.38000,29.20000,29.36000,13796.36,2026-08-13 03:59:59,404383.0529000,1959,6492.90,190362.6952000,0
2026-08-13 04:00:00,29.36000,29.50000,29.24000,29.36000,37716.91,2026-08-13 04:59:59,1107684.4999000,2802,16564.12,486345.2915000,0
2026-08-13 05:00:00,29.36000,29.55000,29.05000,29.05000,60282.79,2026-08-13 05:59:59,1767982.7564000,4181,23931.88,701589.0443000,0
2026-08-13 06:00:00,29.05000,29.19000,28.78000,28.93000,48315.43,2026-08-13 06:59:59,1399239.8719000,3877,21189.84,613582.2147000,0
2026-08-13 07:00:00,28.93000,28.96000,28.37000,28.66000,65133.61,2026-08-13 07:59:59,1864142.6904000,5431,31239.66,894224.3965000,0
2026-08-13 08:00:00,28.66000,28.75000,27.91000,28.36000,177539.36,2026-08-13 08:59:59,5013195.1369000,14240,92076.14,2601881.5053000,0
2026-08-13 09:00:00,28.36000,28.51000,28.03000,28.51000,91358.95,2026-08-13 09:59:59,2577265.8956000,6501,33255.64,938893.4240000,0
2026-08-13 10:00:00,28.50000,28.67000,28.29000,28.61000,61118.42,2026-08-13 10:59:59,1741093.2181000,5609,33096.07,943175.5752000,0
2026-08-13 11:00:00,28.61000,28.82000,28.55000,28.58000,70784.16,2026-08-13 11:59:59,2030900.6086000,6711,39831.23,1142979.7461000,0
2026-08-13 12:00:00,28.57000,28.69000,28.09000,28.52000,138948.27,2026-08-13 12:59:59,3949933.7823000,12605,64831.95,1843857.1473000,0
2026-08-13 13:00:00,28.52000,30.46000,28.29000,30.32000,789757.79,2026-08-13 13:59:59,23084124.8492000,64649,439912.30,12874183.4010000,0
2026-08-13 14:00:00,30.32000,31.68000,29.89000,31.30000,565838.71,2026-08-13 14:59:59,17388827.9906000,42827,271902.72,8363927.6990000,0
2026-08-13 15:00:00,31.30000,32.74000,31.09000,31.56000,582503.85,2026-08-13 15:59:59,18603294.4803000,47257,311610.41,9950645.3944000,0
2026-08-13 16:00:00,31.56000,32.27000,31.55000,32.17000,295510.72,2026-08-13 16:59:59,9459330.3677000,16245,166586.61,5334897.0611000,0
2026-08-13 17:00:00,32.17000,32.56000,32.11000,32.28000,102856.02,2026-08-13 17:59:59,3326778.5403000,8616,54177.42,1753237.2001000,0
2026-08-13 18:00:00,32.27000,32.35000,31.73000,31.83000,88016.46,2026-08-13 18:59:59,2817239.5041000,7923,40054.80,1281990.6840000,0
2026-08-13 19:00:00,31.82000,31.96000,30.76000,30.98000,210974.27,2026-08-13 19:59:59,6611745.3246000,17781,92753.70,2903517.2639000,0
2026-08-13 20:00:00,30.97000,31.84000,30.86000,31.70000,147336.39,2026-08-13 20:59:59,4634592.4612000,14296,77838.39,2448669.6404000,0
2026-08-13 21:00:00,31.69000,31.81000,31.50000,31.73000,18143.09,2026-08-13 21:59:59,573955.6909000,3920,7462.08,235998.6134000,0
2026-08-13 22:00:00,31.73000,31.87000,31.67000,31.76000,35363.33,2026-08-13 22:59:59,1123988.8568000,4250,15721.01,499792.0609000,0
2026-08-13 23:00:00,31.76000,32.00000,31.64000,32.00000,26799.30,2026-08-13 23:59:59,853171.2529000,4253,14973.19,476724.6230000,0
2026-08-14 00:00:00,32.00000,32.10000,31.27000,31.27000,50488.10,2026-08-14 00:59:59,1600960.8632000,9515,19792.66,627770.6736000,0
2026-08-14 01:00:00,31.27000,31.43000,31.05000,31.27000,135112.06,2026-08-14 01:59:59,4223663.7406000,11344,51894.09,1621601.5996000,0
2026-08-14 02:00:00,31.28000,31.59000,31.20000,31.22000,17057.03,2026-08-14 02:59:59,535194.5611000,3283,7358.65,230906.6601000,0
2026-08-14 03:00:00,31.22000,31.39000,31.14000,31.31000,11831.07,2026-08-14 03:59:59,370142.2663000,2821,6735.15,210714.5567000,0
2026-08-14 04:00:00,31.32000,31.54000,31.18000,31.35000,12946.01,2026-08-14 04:59:59,406327.6870000,3228,6961.44,218480.7806000,0
2026-08-14 05:00:00,31.35000,31.66000,31.14000,31.61000,22398.49,2026-08-14 05:59:59,702748.0500000,3561,11349.46,356128.2522000,0
2026-08-14 06:00:00,31.62000,31.67000,31.38000,31.63000,14523.31,2026-08-14 06:59:59,457212.8321000,2431,5207.51,164102.1257000,0
2026-08-14 07:00:00,31.63000,31.72000,31.52000,31.67000,15218.94,2026-08-14 07:59:59,481607.4816000,3008,7956.56,251765.1516000,0
2026-08-14 08:00:00,31.66000,32.18000,31.41000,31.97000,165259.84,2026-08-14 08:59:59,5278944.2366000,18502,85295.08,2725668.2121000,0
2026-08-14 09:00:00,31.97000,32.60000,31.85000,32.51000,53824.70,2026-08-14 09:59:59,1734224.1657000,6734,30353.93,978414.3410000,0
2026-08-14 10:00:00,32.50000,32.82000,32.41000,32.73000,78219.41,2026-08-14 10:59:59,2552367.5288000,8383,41598.40,1358098.3264000,0
2026-08-14 11:00:00,32.72000,33.06000,32.70000,32.85000,109798.03,2026-08-14 11:59:59,3612211.8105000,9513,54369.01,1789277.1854000,0
2026-08-14 12:00:00,32.84000,33.02000,32.55000,33.01000,175173.62,2026-08-14 12:59:59,5743942.5870000,13840,98346.62,3226815.0616000,0
2026-08-14 13:00:00,33.01000,33.38000,31.37000,32.19000,713643.95,2026-08-14 13:59:59,23012935.3803000,66572,331993.38,10704854.2379000,0
2026-08-14 14:00:00,32.20000,33.15000,31.89000,32.18000,487321.76,2026-08-14 14:59:59,15832067.3578000,38574,245770.21,7992581.3285000,0
2026-08-14 15:00:00,32.19000,32.41000,31.39000,31.68000,268437.89,2026-08-14 15:59:59,8570391.7776000,19666,121737.50,3885657.4344000,0
2026-08-14 16:00:00,31.68000,32.08000,31.62000,31.86000,186233.65,2026-08-14 16:59:59,5921348.8345000,11219,70363.86,2237380.4984000,0
2026-08-14 17:00:00,31.87000,32.01000,31.68000,31.85000,63129.93,2026-08-14 17:59:59,2009781.6526000,6595,25567.97,814117.5558000,0
2026-08-14 18:00:00,31.85000,31.96000,31.60000,31.92000,30917.14,2026-08-14 18:59:59,983539.3207000,4473,16877.45,537057.0509000,0
2026-08-14 19:00:00,31.92000,32.52000,31.85000,32.39000,95409.29,2026-08-14 19:59:59,3070313.3150000,9794,46447.84,1494085.1079000,0
2026-08-14 20:00:00,32.40000,32.46000,32.22000,32.28000,37231.49,2026-08-14 20:59:59,1203575.0231000,4125,17319.10,559956.7570000,0
2026-08-14 21:00:00,32.29000,32.58000,32.28000,32.51000,17515.82,2026-08-14 21:59:59,568641.3592000,2852,9397.23,305088.5663000,0
2026-08-14 22:00:00,32.51000,32.59000,32.38000,32.41000,16922.86,2026-08-14 22:59:59,550274.3134000,3035,8636.67,280925.4269000,0
2026-08-14 23:00:00,32.41000,32.50000,32.39000,32.42000,10138.25,2026-08-14 23:59:59,328875.4109000,2210,4662.90,151252.8671000,0
2026-08-15 00:00:00,32.42000,32.54000,32.34000,32.46000,19036.85,2026-08-15 00:59:59,617144.5503000,3297,12297.84,398825.0734000,0
2026-08-15 01:00:00,32.46000,32.48000,32.41000,32.46000,7851.60,2026-08-15 01:59:59,254764.0216000,880,3350.84,108725.8680000,0
2026-08-15 02:00:00,32.46000,32.46000,32.38000,32.43000,7010.13,2026-08-15 02:59:59,227194.3397000,808,4754.06,154058.0291000,0
2026-08-15 03:00:00,32.43000,32.51000,32.42000,32.48000,2549.34,2026-08-15 03:59:59,82760.8754000,474,1135.31,36852.1725000,0
2026-08-15 04:00:00,32.48000,32.51000,32.41000,32.43000,6410.67,2026-08-15 04:59:59,208172.0361000,822,4563.07,148212.0660000,0
2026-08-15 05:00:00,32.43000,32.44000,32.38000,32.39000,2009.26,2026-08-15 05:59:59,65134.2883000,363,581.93,18869.1939000,0
2026-08-15 06:00:00,32.39000,32.53000,32.37000,32.49000,7605.74,2026-08-15 06:59:59,246568.4724000,797,5143.10,166646.4002000,0
2026-08-15 07:00:00,32.50000,32.68000,32.50000,32.68000,6846.29,2026-08-15 07:59:59,223065.2275000,1195,3802.99,123914.3044000,0
2026-08-15 08:00:00,32.68000,32.72000,32.57000,32.60000,11154.09,2026-08-15 08:59:59,364004.1525000,1517,4547.82,148401.9784000,0
2026-08-15 09:00:00,32.60000,32.60000,32.49000,32.51000,5354.96,2026-08-15 09:59:59,174265.4920000,796,2475.46,80575.0264000,0
2026-08-15 10:00:00,32.51000,32.53000,32.47000,32.51000,3943.66,2026-08-15 10:59:59,128171.8928000,505,1522.14,49465.5282000,0
2026-08-15 11:00:00,32.51000,32.52000,32.46000,32.46000,8741.64,2026-08-15 11:59:59,283868.6090000,607,6213.04,201755.9287000,0
2026-08-15 12:00:00,32.46000,32.52000,32.46000,32.51000,2388.22,2026-08-15 12:59:59,77592.2914000,538,1569.11,50981.0542000,0
2026-08-15 13:00:00,32.51000,32.68000,32.50000,32.64000,3924.84,2026-08-15 13:59:59,127953.1405000,766,2117.43,69033.3091000,0
2026-08-15 14:00:00,32.64000,32.68000,32.57000,32.57000,3066.55,2026-08-15 14:59:59,100011.6778000,609,1162.80,37920.4258000,0
2026-08-15 15:00:00,32.57000,32.65000,32.57000,32.62000,5067.51,2026-08-15 15:59:59,165235.2023000,481,1691.46,55162.8670000,0
2026-08-15 16:00:00,32.62000,32.62000,32.54000,32.54000,2158.85,2026-08-15 16:59:59,70341.2085000,373,1004.28,32727.6147000,0
2026-08-15 17:00:00,32.54000,32.63000,32.53000,32.62000,1969.18,2026-08-15 17:59:59,64166.2142000,464,940.57,30656.5362000,0
2026-08-15 18:00:00,32.61000,32.65000,32.60000,32.63000,2346.57,2026-08-15 18:59:59,76563.4478000,468,1876.93,61242.8279000,0
2026-08-15 19:00:00,32.64000,32.67000,32.61000,32.64000,2078.75,2026-08-15 19:59:59,67848.6618000,436,893.45,29163.5407000,0
2026-08-15 20:00:00,32.63000,32.69000,32.58000,32.69000,6411.53,2026-08-15 20:59:59,209257.9551000,1071,3419.16,111595.9035000,0
2026-08-15 21:00:00,32.68000,32.76000,32.68000,32.73000,2218.09,2026-08-15 21:59:59,72577.4788000,605,1229.02,40213.2913000,0
2026-08-15 22:00:00,32.74000,32.76000,32.65000,32.65000,2717.00,2026-08-15 22:59:59,88822.4679000,647,1448.45,47351.5994000,0
2026-08-15 23:00:00,32.66000,32.72000,32.62000,32.64000,2374.35,2026-08-15 23:59:59,77537.8753000,655,1121.54,36624.6869000,0
2026-08-16 00:00:00,32.65000,32.71000,32.63000,32.68000,1872.99,2026-08-16 00:59:59,61179.1545000,367,936.70,30600.3251000,0
2026-08-16 01:00:00,32.69000,32.73000,32.67000,32.71000,1921.23,2026-08-16 01:59:59,62828.5030000,437,778.10,25447.2158000,0
2026-08-16 02:00:00,32.72000,32.99000,32.71000,32.91000,16258.59,2026-08-16 02:59:59,535183.4903000,2110,11703.05,385344.8271000,0
2026-08-16 03:00:00,32.92000,33.31000,32.91000,33.16000,25083.69,2026-08-16 03:59:59,831591.5971000,4218,11709.32,388222.3424000,0
2026-08-16 04:00:00,33.17000,33.19000,33.05000,33.09000,12453.88,2026-08-16 04:59:59,412436.4339000,1295,5937.19,196639.0056000,0
2026-08-16 05:00:00,33.08000,33.17000,33.03000,33.07000,13595.78,2026-08-16 05:59:59,449946.9530000,1280,7715.23,255364.6422000,0
2026-08-16 06:00:00,33.07000,33.15000,33.05000,33.12000,3585.79,2026-08-16 06:59:59,118684.1107000,702,1763.37,58369.3240000,0
2026-08-16 07:00:00,33.13000,33.14000,32.97000,33.04000,5974.75,2026-08-16 07:59:59,197321.3162000,960,2636.12,87031.4754000,0
2026-08-16 08:00:00,33.04000,33.09000,33.00000,33.06000,2766.78,2026-08-16 08:59:59,91424.2887000,559,1354.05,44755.4170000,0
2026-08-16 09:00:00,33.06000,33.06000,32.88000,32.95000,4914.22,2026-08-16 09:59:59,161860.4620000,689,2662.86,87695.9929000,0
2026-08-16 10:00:00,32.94000,32.98000,32.86000,32.98000,3233.20,2026-08-16 10:59:59,106403.0647000,520,1503.25,49482.5370000,0
2026-08-16 11:00:00,32.98000,32.99000,32.90000,32.95000,2612.91,2026-08-16 11:59:59,86072.4443000,434,757.42,24958.1928000,0
2026-08-16 12:00:00,32.95000,32.96000,32.58000,32.62000,24335.79,2026-08-16 12:59:59,796503.6333000,3062,11066.54,361893.5464000,0
2026-08-16 13:00:00,32.61000,32.70000,32.52000,32.65000,10116.94,2026-08-16 13:59:59,330020.9759000,1666,5911.13,192847.2216000,0
2026-08-16 14:00:00,32.64000,32.71000,32.58000,32.64000,3782.48,2026-08-16 14:59:59,123444.4921000,624,1853.45,60492.2773000,0
2026-08-16 15:00:00,32.64000,32.84000,32.63000,32.81000,15654.33,2026-08-16 15:59:59,513362.3314000,1607,11190.01,366975.2219000,0
2026-08-16 16:00:00,32.82000,32.93000,32.77000,32.90000,13397.81,2026-08-16 16:59:59,440284.7769000,1598,6121.19,201158.3544000,0
2026-08-16 17:00:00,32.90000,32.92000,32.83000,32.90000,4818.65,2026-08-16 17:59:59,158448.7765000,732,2460.51,80911.6353000,0
2026-08-16 18:00:00,32.91000,32.93000,32.81000,32.82000,4115.54,2026-08-16 18:59:59,135329.7623000,596,1521.99,50042.3357000,0
2026-08-16 19:00:00,32.83000,32.84000,32.73000,32.74000,2571.11,2026-08-16 19:59:59,84278.1861000,367,1600.83,52469.5038000,0
2026-08-16 20:00:00,32.74000,32.76000,32.64000,32.66000,2039.65,2026-08-16 20:59:59,66656.9486000,404,979.47,32002.9481000,0
2026-08-16 21:00:00,32.65000,32.73000,32.63000,32.64000,4838.72,2026-08-16 21:59:59,158098.4274000,616,2977.41,97292.8995000,0
2026-08-16 22:00:00,32.64000,32.72000,32.53000,32.54000,18879.91,2026-08-16 22:59:59,615849.0566000,1453,5392.88,175976.4467000,0
2026-08-16 23:00:00,32.53000,32.60000,32.39000,32.53000,12515.91,2026-08-16 23:59:59,406833.5022000,1325,5162.35,167919.2291000,0
2026-08-17 00:00:00,32.52000,33.27000,32.50000,33.14000,99451.06,2026-08-17 00:59:59,3283811.3192000,9882,50760.68,1676127.1997000,0
2026-08-17 01:00:00,33.13000,33.26000,33.03000,33.03000,26799.84,2026-08-17 01:59:59,888319.6495000,3127,12614.94,418161.7040000,0
2026-08-17 02:00:00,33.03000,33.86000,33.01000,33.65000,85445.68,2026-08-17 02:59:59,2857689.4693000,6983,35131.40,1176045.7806000,0
2026-08-17 03:00:00,33.66000,33.81000,33.56000,33.70000,51300.45,2026-08-17 03:59:59,1728880.9153000,4259,28217.47,950822.2228000,0
2026-08-17 04:00:00,33.71000,34.02000,33.56000,33.79000,59258.99,2026-08-17 04:59:59,2001758.2838000,4979,30187.79,1020102.5139000,0
2026-08-17 05:00:00,33.79000,34.64000,33.79000,34.61000,90169.52,2026-08-17 05:59:59,3091422.9980000,8454,52730.19,1807066.5864000,0
2026-08-17 06:00:00,34.61000,34.73000,34.36000,34.62000,63764.54,2026-08-17 06:59:59,2203176.6473000,5783,29171.35,1008039.2348000,0
2026-08-17 07:00:00,34.62000,34.71000,34.25000,34.69000,43576.90,2026-08-17 07:59:59,1502879.2206000,5267,22640.57,780946.0525000,0
2026-08-17 08:00:00,34.70000,34.98000,34.33000,34.54000,154967.63,2026-08-17 08:59:59,5371006.0162000,13388,77011.32,2669932.0719000,0
2026-08-17 09:00:00,34.53000,34.71000,34.13000,34.48000,96464.01,2026-08-17 09:59:59,3319411.1900000,9164,50689.96,1744673.1132000,0
2026-08-17 10:00:00,34.48000,34.82000,34.46000,34.64000,74816.96,2026-08-17 10:59:59,2592496.0716000,7123,44399.14,1538523.7343000,0
2026-08-17 11:00:00,34.63000,34.72000,34.19000,34.33000,75584.30,2026-08-17 11:59:59,2599587.5177000,6487,31907.70,1097674.0454000,0
2026-08-17 12:00:00,34.33000,34.45000,33.75000,34.10000,155216.73,2026-08-17 12:59:59,5293955.4682000,12034,76064.77,2595526.6699000,0
2026-08-17 13:00:00,34.09000,35.81000,33.79000,35.71000,871483.07,2026-08-17 13:59:59,30399904.4454000,61872,446593.96,15587109.9609000,0
2026-08-17 14:00:00,35.72000,36.10000,34.91000,35.96000,412968.99,2026-08-17 14:59:59,14666186.7873000,33999,197292.18,7016595.5466000,0
2026-08-17 15:00:00,35.97000,36.61000,35.91000,36.03000,263718.70,2026-08-17 15:59:59,9566771.1874000,24386,134217.00,4870904.4955000,0
2026-08-17 16:00:00,36.03000,36.31000,35.93000,36.27000,106402.31,2026-08-17 16:59:59,3847889.6501000,10062,59212.00,2141893.4957000,0
2026-08-17 17:00:00,36.27000,36.37000,35.31000,35.56000,144907.15,2026-08-17 17:59:59,5173247.4104000,11852,68832.75,2456204.9892000,0
2026-08-17 18:00:00,35.55000,35.61000,35.24000,35.33000,57563.38,2026-08-17 18:59:59,2038929.4796000,7328,27608.50,977868.3642000,0
2026-08-17 19:00:00,35.33000,35.43000,34.75000,35.02000,104099.90,2026-08-17 19:59:59,3655990.4828000,12021,55334.83,1944502.9415000,0
2026-08-17 20:00:00,35.02000,35.10000,34.78000,34.88000,40462.52,2026-08-17 20:59:59,1414291.4665000,5194,16889.41,589960.3500000,0
2026-08-17 21:00:00,34.89000,35.15000,34.88000,35.15000,9517.38,2026-08-17 21:59:59,332802.6982000,1672,5080.26,177637.8164000,0
2026-08-17 22:00:00,35.16000,35.65000,35.13000,35.58000,90032.65,2026-08-17 22:59:59,3196409.4024000,6470,52753.64,1873567.6259000,0
2026-08-17 23:00:00,35.57000,35.57000,35.31000,35.43000,80103.98,2026-08-17 23:59:59,2838182.4924000,5654,43756.24,1550663.3603000,0
2026-08-18 00:00:00,35.43000,35.99000,35.26000,35.42000,103347.85,2026-08-18 00:59:59,3682642.5436000,10118,47901.97,1708009.7083000,0
2026-08-18 01:00:00,35.42000,35.46000,33.82000,34.17000,207438.76,2026-08-18 01:59:59,7157393.3125000,16700,93607.40,3221650.4846000,0
2026-08-18 02:00:00,34.18000,34.30000,32.85000,33.10000,230309.25,2026-08-18 02:59:59,7708223.6463000,26466,111652.08,3740549.4323000,0
2026-08-18 03:00:00,33.09000,33.50000,32.84000,33.28000,144840.57,2026-08-18 03:59:59,4805024.4126000,16100,69021.88,2289563.4054000,0
2026-08-18 04:00:00,33.27000,33.88000,33.02000,33.79000,92961.71,2026-08-18 04:59:59,3105395.3103000,10536,49988.80,1669640.6369000,0
2026-08-18 05:00:00,33.79000,33.80000,32.88000,32.90000,76128.70,2026-08-18 05:59:59,2528197.6083000,8637,29408.29,977644.6949000,0
2026-08-18 06:00:00,32.90000,33.60000,32.75000,33.60000,131547.94,2026-08-18 06:59:59,4363289.1780000,8993,66658.45,2211123.4575000,0
2026-08-18 07:00:00,33.59000,33.67000,33.07000,33.08000,32811.09,2026-08-18 07:59:59,1093673.6320000,4350,14846.59,494677.2694000,0
2026-08-18 08:00:00,33.09000,33.17000,31.82000,31.85000,368873.64,2026-08-18 08:59:59,11911364.5017000,24016,167872.48,5418610.2740000,0
2026-08-18 09:00:00,31.85000,31.92000,31.14000,31.50000,255117.18,2026-08-18 09:59:59,8037419.5442000,13921,102147.36,3218798.3839000,0
2026-08-18 10:00:00,31.51000,31.72000,31.17000,31.70000,234956.15,2026-08-18 10:59:59,7400636.6380000,12784,127669.10,4023255.0798000,0
2026-08-18 11:00:00,31.70000,32.25000,31.61000,32.14000,237512.22,2026-08-18 11:59:59,7597079.2652000,13686,116336.37,3722018.7764000,0
2026-08-18 12:00:00,32.13000,32.42000,31.57000,31.71000,228554.19,2026-08-18 12:59:59,7292074.8891000,12043,94420.99,3014541.8321000,0
2026-08-18 13:00:00,31.71000,32.71000,30.91000,31.46000,1058136.61,2026-08-18 13:59:59,33698465.7129000,66338,499962.28,15942084.6643000,0
2026-08-18 14:00:00,31.45000,31.73000,29.72000,29.80000,688138.69,2026-08-18 14:59:59,21240265.3448000,51946,291532.47,9024611.2308000,0
2026-08-18 15:00:00,29.79000,30.58000,29.53000,30.45000,411441.82,2026-08-18 15:59:59,12360021.1917000,29315,213567.83,6415864.4631000,0
2026-08-18 16:00:00,30.46000,30.53000,29.86000,29.98000,153795.06,2026-08-18 16:59:59,4642889.8769000,12546,67974.59,2052139.5082000,0
2026-08-18 17:00:00,30.00000,30.10000,29.53000,29.57000,153853.99,2026-08-18 17:59:59,4590915.4603000,9802,70385.69,2102469.7838000,0
2026-08-18 18:00:00,29.57000,29.84000,29.14000,29.69000,142241.53,2026-08-18 18:59:59,4194647.8746000,11283,70805.13,2088121.1219000,0
2026-08-18 19:00:00,29.68000,30.28000,29.58000,30.14000,219985.28,2026-08-18 19:59:59,6585571.2176000,20792,114183.23,3419012.1730000,0
2026-08-18 20:00:00,30.13000,30.15000,29.84000,29.96000,82702.26,2026-08-18 20:59:59,2479451.9418000,7226,42235.67,1266474.3794000,0
2026-08-18 21:00:00,29.97000,29.98000,29.79000,29.82000,18031.68,2026-08-18 21:59:59,538915.3764000,2599,7859.34,234866.6984000,0
2026-08-18 22:00:00,29.83000,30.11000,29.36000,29.36000,52025.49,2026-08-18 22:59:59,1551797.7065000,5468,26983.52,805455.7203000,0
2026-08-18 23:00:00,29.35000,29.76000,29.29000,29.52000,62438.46,2026-08-18 23:59:59,1842576.6206000,6912,30287.57,894024.3306000,0
2026-08-19 00:00:00,29.53000,29.98000,28.77000,29.76000,205071.77,2026-08-19 00:59:59,5986221.0828000,20093,97306.71,2843259.5319000,0
