Open Time,Open,High,Low,Close,Volume,Close Time,Quote Asset Volume,Number of Trades,Taker Buy Base Asset Volume,Taker Buy Quote Asset Volume,Ignore
2026-07-10 15:00:00,172.00000,172.60000,168.00000,171.68000,46789.54,2026-07-10 15:59:59,7980918.3450000,13029,23519.56,4012701.7749000,0
2026-07-10 16:00:00,171.68000,177.48000,171.29000,173.36000,255413.87,2026-07-10 16:59:59,44435853.8140000,93818,128458.54,22357488.8880000,0
2026-07-10 17:00:00,173.36000,173.63000,170.23000,170.88000,145731.67,2026-07-10 17:59:59,25008392.5738000,68055,74375.68,12764599.7244000,0
2026-07-10 18:00:00,170.88000,171.92000,167.03000,169.50000,154311.33,2026-07-10 18:59:59,26110239.4546000,62926,68856.72,11649560.9560000,0
2026-07-10 19:00:00,169.47000,170.80000,167.88000,168.36000,82849.57,2026-07-10 19:59:59,14005918.6160000,42795,39868.86,6739871.4955000,0
2026-07-10 20:00:00,168.35000,169.56000,167.92000,169.32000,17843.04,2026-07-10 20:59:59,3010848.4345000,9842,8256.08,1394009.8573000,0
2026-07-10 21:00:00,169.31000,170.23000,169.21000,170.00000,9045.32,2026-07-10 21:59:59,1535199.6647000,5882,4885.33,829268.5099000,0
2026-07-10 22:00:00,170.00000,171.02000,169.52000,170.83000,13773.20,2026-07-10 22:59:59,2343013.0632000,9333,10207.93,1736831.9265000,0
2026-07-10 23:00:00,170.83000,173.08000,170.82000,171.49000,26536.24,2026-07-10 23:59:59,4568322.5665000,15170,13303.20,2291332.7701000,0
2026-07-11 00:00:00,171.50000,172.67000,170.65000,171.47000,24963.43,2026-07-11 00:59:59,4283625.1223000,11028,13928.93,2390071.3376000,0
2026-07-11 01:00:00,171.45000,172.58000,170.63000,171.11000,19924.22,2026-07-11 01:59:59,3420613.8088000,11211,9662.72,1659136.7992000,0
2026-07-11 02:00:00,171.11000,172.36000,170.94000,171.80000,19144.19,2026-07-11 02:59:59,3288520.8607000,8507,9834.32,1688961.1510000,0
2026-07-11 03:00:00,171.79000,172.04000,170.80000,171.03000,24376.48,2026-07-11 03:59:59,4174097.1132000,9124,10417.45,1784558.8615000,0
2026-07-11 04:00:00,171.03000,171.06000,170.43000,170.86000,10125.23,2026-07-11 04:59:59,1729166.0969000,6798,3447.82,588991.9328000,0
2026-07-11 05:00:00,170.86000,170.88000,170.62000,170.67000,5180.30,2026-07-11 05:59:59,884860.2563000,3043,2871.13,490471.1739000,0
2026-07-11 06:00:00,170.68000,170.87000,170.37000,170.51000,5801.80,2026-07-11 06:59:59,990241.6039000,4072,2819.97,481359.3736000,0
2026-07-11 07:00:00,170.51000,170.75000,170.46000,170.55000,6037.38,2026-07-11 07:59:59,1030188.5873000,3315,2582.52,440716.5708000,0
2026-07-11 08:00:00,170.56000,170.88000,170.11000,170.73000,9376.09,2026-07-11 08:59:59,1600093.4527000,5157,4753.07,811400.5306000,0
2026-07-11 09:00:00,170.70000,170.88000,170.31000,170.82000,3877.01,2026-07-11 09:59:59,661962.8175000,3119,1963.14,335265.6226000,0
2026-07-11 10:00:00,170.82000,170.88000,170.77000,170.81000,1988.17,2026-07-11 10:59:59,339624.2445000,1561,1004.51,171605.8527000,0
2026-07-11 11:00:00,170.81000,170.88000,170.45000,170.49000,3483.41,2026-07-11 11:59:59,594568.2596000,1856,1034.56,176639.8568000,0
2026-07-11 12:00:00,170.50000,170.88000,170.10000,170.27000,11328.06,2026-07-11 12:59:59,1932884.1888000,3998,7100.09,1212336.1811000,0
2026-07-11 13:00:00,170.26000,170.36000,169.41000,169.83000,9388.06,2026-07-11 13:59:59,1594505.3639000,4516,3429.26,582303.8163000,0
2026-07-11 14:00:00,169.85000,170.11000,169.59000,169.95000,6720.89,2026-07-11 14:59:59,1141606.5463000,3720,3322.75,564420.3084000,0
2026-07-11 15:00:00,169.94000,170.16000,169.63000,169.79000,6141.34,2026-07-11 15:59:59,1043364.7913000,5963,3094.89,525782.2440000,0
2026-07-11 16:00:00,169.79000,169.94000,169.60000,169.74000,3509.61,2026-07-11 16:59:59,595786.2449000,4260,1333.16,226375.2686000,0
2026-07-11 17:00:00,169.74000,170.15000,169.71000,169.97000,2356.11,2026-07-11 17:59:59,400460.6581000,2333,1261.73,214440.4759000,0
2026-07-11 18:00:00,169.98000,170.87000,169.50000,170.83000,7976.94,2026-07-11 18:59:59,1359430.6287000,7127,3904.52,665801.4586000,0
2026-07-11 19:00:00,170.83000,171.11000,170.60000,171.00000,7137.12,2026-07-11 19:59:59,1219414.6710000,3290,4874.37,832872.1442000,0
2026-07-11 20:00:00,170.97000,171.50000,169.64000,171.37000,6428.44,2026-07-11 20:59:59,1099404.8267000,5886,3352.19,574251.1150000,0
2026-07-11 21:00:00,171.37000,171.50000,170.78000,171.43000,2690.80,2026-07-11 21:59:59,460804.4178000,2635,1667.11,285573.3576000,0
2026-07-11 22:00:00,171.46000,171.72000,170.93000,171.08000,7100.76,2026-07-11 22:59:59,1217233.2221000,4729,3994.15,684750.2154000,0
2026-07-11 23:00:00,171.06000,171.43000,170.18000,170.66000,5253.34,2026-07-11 23:59:59,897784.6862000,6736,2841.66,485944.2888000,0
2026-07-12 00:00:00,170.65000,172.00000,170.57000,171.59000,10214.27,2026-07-12 00:59:59,1752922.4403000,7769,6972.56,1196825.7775000,0
2026-07-12 01:00:00,171.58000,171.69000,170.86000,171.44000,6716.41,2026-07-12 01:59:59,1151007.7574000,6718,2385.04,408813.8043000,0
2026-07-12 02:00:00,171.44000,171.61000,171.20000,171.35000,3696.14,2026-07-12 02:59:59,633504.9728000,3483,1689.18,289552.5885000,0
2026-07-12 03:00:00,171.35000,171.88000,170.58000,171.12000,9239.54,2026-07-12 03:59:59,1581808.3587000,8667,4233.26,724686.3476000,0
2026-07-12 04:00:00,171.13000,171.88000,170.82000,171.75000,4624.06,2026-07-12 04:59:59,792918.8801000,4866,2456.81,421425.1153000,0
2026-07-12 05:00:00,171.74000,171.90000,171.21000,171.47000,5953.37,2026-07-12 05:59:59,1021994.3282000,6129,3072.43,527542.0200000,0
2026-07-12 06:00:00,171.47000,171.94000,171.16000,171.90000,8307.40,2026-07-12 06:59:59,1424640.8188000,7972,4996.92,856980.3143000,0
2026-07-12 07:00:00,171.90000,171.94000,171.40000,171.64000,4827.00,2026-07-12 07:59:59,828807.2023000,4646,2506.75,430430.2247000,0
2026-07-12 08:00:00,171.65000,171.73000,171.35000,171.65000,3363.16,2026-07-12 08:59:59,577061.8565000,3262,1679.75,288242.7409000,0
2026-07-12 09:00:00,171.65000,171.68000,170.62000,171.07000,8383.56,2026-07-12 09:59:59,1434505.5972000,4756,4214.87,721148.6160000,0
2026-07-12 10:00:00,171.07000,171.29000,170.84000,171.04000,2575.01,2026-07-12 10:59:59,440422.3500000,2627,1458.65,249484.8769000,0
2026-07-12 11:00:00,171.03000,171.40000,170.92000,171.14000,1938.52,2026-07-12 11:59:59,331869.9668000,2422,1206.68,206602.7293000,0
2026-07-12 12:00:00,171.13000,171.35000,170.99000,171.15000,3373.81,2026-07-12 12:59:59,577423.6394000,3000,1610.11,275620.0283000,0
2026-07-12 13:00:00,171.12000,171.33000,170.91000,171.16000,3360.09,2026-07-12 13:59:59,574816.2535000,2532,1957.27,334833.5959000,0
2026-07-12 14:00:00,171.15000,171.21000,170.89000,170.93000,3207.87,2026-07-12 14:59:59,548676.8169000,2630,1153.36,197290.8067000,0
2026-07-12 15:00:00,170.93000,170.98000,170.57000,170.79000,7764.65,2026-07-12 15:59:59,1326065.8238000,4109,2461.46,420408.9153000,0
2026-07-12 16:00:00,170.79000,170.94000,170.40000,170.57000,4643.14,2026-07-12 16:59:59,792230.7438000,3110,2586.54,441356.0588000,0
2026-07-12 17:00:00,170.58000,170.77000,170.16000,170.52000,6443.76,2026-07-12 17:59:59,1098647.8912000,4230,2833.62,483183.8064000,0
2026-07-12 18:00:00,170.52000,170.95000,169.75000,170.40000,11109.07,2026-07-12 18:59:59,1890844.1714000,5402,5118.59,871471.1861000,0
2026-07-12 19:00:00,170.43000,170.76000,170.22000,170.52000,4094.07,2026-07-12 19:59:59,698183.5312000,4274,2290.79,390737.5941000,0
2026-07-12 20:00:00,170.53000,170.58000,170.18000,170.27000,2296.15,2026-07-12 20:59:59,391115.8019000,2025,1326.26,225918.4435000,0
2026-07-12 21:00:00,170.27000,170.59000,170.16000,170.54000,3924.69,2026-07-12 21:59:59,668730.5235000,2459,1867.19,318240.9833000,0
2026-07-12 22:00:00,170.53000,170.90000,169.31000,170.39000,8527.76,2026-07-12 22:59:59,1448772.8398000,6687,3799.21,645634.2895000,0
2026-07-12 23:00:00,170.38000,170.50000,166.28000,166.83000,56906.09,2026-07-12 23:59:59,9561757.2898000,40157,26288.40,4418501.4214000,0
2026-07-13 00:00:00,166.84000,170.52000,162.00000,163.14000,152781.20,2026-07-13 00:59:59,25391439.0216000,84936,82279.42,13676381.3256000,0
2026-07-13 01:00:00,163.14000,164.00000,160.18000,160.72000,109325.77,2026-07-13 01:59:59,17677333.4968000,73083,48203.88,7795757.9484000,0
2026-07-13 02:00:00,160.73000,164.30000,158.24000,160.58000,127109.30,2026-07-13 02:59:59,20563611.3047000,71982,64390.65,10429472.4786000,0
2026-07-13 03:00:00,160.59000,160.86000,158.47000,159.09000,82312.09,2026-07-13 03:59:59,13137910.3924000,42947,37520.68,5989210.6824000,0
2026-07-13 04:00:00,159.08000,160.18000,157.65000,158.46000,75165.64,2026-07-13 04:59:59,11937763.8417000,35289,36080.60,5731806.6853000,0
2026-07-13 05:00:00,158.44000,160.20000,156.87000,158.31000,79747.39,2026-07-13 05:59:59,12642016.5170000,52046,34301.64,5438887.9791000,0
2026-07-13 06:00:00,158.31000,159.44000,156.68000,158.08000,99988.60,2026-07-13 06:59:59,15790649.2894000,68003,41376.46,6536941.2357000,0
2026-07-13 07:00:00,158.09000,158.53000,152.34000,153.92000,142884.78,2026-07-13 07:59:59,22241746.0691000,76265,52361.66,8142398.6158000,0
2026-07-13 08:00:00,153.93000,155.19000,150.84000,152.17000,259038.06,2026-07-13 08:59:59,39536651.8875000,115545,127210.93,19406430.4980000,0
2026-07-13 09:00:00,152.18000,155.58000,152.09000,154.84000,130048.47,2026-07-13 09:59:59,19975186.0227000,56133,75022.62,11525888.4986000,0
2026-07-13 10:00:00,154.84000,155.05000,153.55000,154.80000,77495.26,2026-07-13 10:59:59,11954033.4052000,43511,33976.24,5242605.9222000,0
2026-07-13 11:00:00,154.80000,155.23000,152.84000,153.82000,73592.81,2026-07-13 11:59:59,11356114.8977000,36931,34407.81,5312317.6330000,0
2026-07-13 12:00:00,153.82000,153.88000,150.89000,153.03000,128259.12,2026-07-13 12:59:59,19531545.3676000,49049,62344.70,9496510.5303000,0
2026-07-13 13:00:00,153.03000,159.34000,152.25000,156.94000,537677.30,2026-07-13 13:59:59,83687346.3646000,201433,274625.96,42772477.6724000,0
2026-07-13 14:00:00,156.93000,161.99000,155.00000,157.21000,487762.94,2026-07-13 14:59:59,77248318.3268000,172031,238708.52,37803001.8946000,0
2026-07-13 15:00:00,157.22000,159.00000,151.44000,153.29000,244831.19,2026-07-13 15:59:59,37859332.4712000,89407,120062.94,18566627.0119000,0
2026-07-13 16:00:00,153.29000,155.44000,152.20000,155.23000,166542.81,2026-07-13 16:59:59,25612635.9419000,57499,91857.06,14129171.1696000,0
2026-07-13 17:00:00,155.23000,157.59000,155.10000,156.99000,100067.42,2026-07-13 17:59:59,15680590.8675000,35973,53723.66,8419577.2993000,0
2026-07-13 18:00:00,157.00000,158.37000,152.97000,153.50000,104949.37,2026-07-13 18:59:59,16344220.8885000,39978,49273.24,7674170.5994000,0
2026-07-13 19:00:00,153.51000,155.11000,151.49000,153.49000,100416.53,2026-07-13 19:59:59,15384039.7246000,38744,49977.72,7658431.7133000,0
2026-07-13 20:00:00,153.51000,153.52000,152.15000,152.67000,25842.19,2026-07-13 20:59:59,3945022.2737000,9859,10172.78,1553102.3453000,0
2026-07-13 21:00:00,152.64000,152.94000,151.64000,152.40000,21354.70,2026-07-13 21:59:59,3256683.9077000,9688,9386.94,1432155.9443000,0
2026-07-13 22:00:00,152.41000,153.57000,152.24000,152.72000,16392.67,2026-07-13 22:59:59,2505432.3947000,6911,8966.80,1371026.0924000,0
2026-07-13 23:00:00,152.72000,153.07000,149.51000,152.83000,137989.55,2026-07-13 23:59:59,20840364.1430000,61142,65298.62,9866665.2692000,0
2026-07-14 00:00:00,152.84000,158.74000,150.35000,158.69000,180303.26,2026-07-14 00:59:59,27860598.6563000,129475,93322.92,14426312.5145000,0
2026-07-14 01:00:00,158.69000,160.62000,155.37000,155.60000,193104.73,2026-07-14 01:59:59,30613187.3105000,92947,97136.34,15414786.1263000,0
2026-07-14 02:00:00,155.62000,156.12000,151.06000,153.04000,213652.24,2026-07-14 02:59:59,32745961.5342000,87833,112810.54,17290503.5680000,0
2026-07-14 03:00:00,153.01000,155.64000,149.95000,154.06000,222716.85,2026-07-14 03:59:59,33892428.5582000,90790,98726.05,15027666.8330000,0
2026-07-14 04:00:00,154.09000,159.95000,152.04000,159.55000,185007.48,2026-07-14 04:59:59,28876826.8690000,95115,94232.68,14730428.5312000,0
2026-07-14 05:00:00,159.54000,164.97000,158.19000,161.53000,244444.98,2026-07-14 05:59:59,39551571.4203000,104949,114310.86,18497798.8635000,0
2026-07-14 06:00:00,161.54000,163.73000,161.40000,163.26000,74160.15,2026-07-14 06:59:59,12051236.3711000,42332,37263.40,6055283.1951000,0
2026-07-14 07:00:00,163.26000,165.23000,162.14000,162.57000,129884.92,2026-07-14 07:59:59,21247918.2242000,44615,64966.76,10626611.3264000,0
2026-07-14 08:00:00,162.55000,163.35000,160.74000,162.35000,138185.04,2026-07-14 08:59:59,22412373.4725000,50817,71539.06,11599532.7541000,0
2026-07-14 09:00:00,162.32000,162.80000,162.01000,162.47000,43805.07,2026-07-14 09:59:59,7116826.6313000,16735,21704.21,3526194.4349000,0
2026-07-14 10:00:00,162.46000,163.27000,162.27000,163.09000,49508.61,2026-07-14 10:59:59,8061244.3038000,17386,29390.51,4785907.8125000,0
2026-07-14 11:00:00,163.08000,163.24000,161.56000,162.41000,66968.90,2026-07-14 11:59:59,10881015.0278000,25267,35546.59,5777297.8282000,0
2026-07-14 12:00:00,162.41000,166.19000,160.67000,164.41000,189196.05,2026-07-14 12:59:59,31017258.7757000,69776,88640.78,14550484.2395000,0
2026-07-14 13:00:00,164.46000,172.92000,164.44000,170.26000,938583.08,2026-07-14 13:59:59,158664322.0413000,336004,450443.17,76202567.8406000,0
2026-07-14 14:00:00,170.24000,175.41000,165.29000,174.50000,844330.10,2026-07-14 14:59:59,143282058.4703000,229360,463272.68,78593298.8111000,0
2026-07-14 15:00:00,174.50000,182.21000,174.01000,178.14000,940157.06,2026-07-14 15:59:59,167993319.5809000,238960,483516.97,86395933.6433000,0
2026-07-14 16:00:00,178.16000,187.20000,177.48000,182.18000,852016.14,2026-07-14 16:59:59,156132153.1898000,182663,440930.24,80830450.0454000,0
2026-07-14 17:00:00,182.19000,186.21000,181.75000,183.47000,427009.70,2026-07-14 17:59:59,78517458.9232000,97438,213216.55,39207878.9882000,0
2026-07-14 18:00:00,183.47000,189.59000,183.03000,186.09000,530353.65,2026-07-14 18:59:59,99206087.3650000,119724,276333.40,51700438.1711000,0
2026-07-14 19:00:00,186.10000,193.99000,184.22000,193.56000,493895.71,2026-07-14 19:59:59,93542530.7850000,152314,263473.58,49917613.4071000,0
2026-07-14 20:00:00,193.56000,195.40000,189.20000,189.45000,335770.83,2026-07-14 20:59:59,64111084.3038000,84828,149930.47,28652585.3986000,0
2026-07-14 21:00:00,189.47000,189.69000,181.76000,182.66000,258164.87,2026-07-14 21:59:59,48087739.8469000,83538,111423.66,20765166.7129000,0
2026-07-14 22:00:00,182.64000,186.63000,181.61000,186.38000,148641.78,2026-07-14 22:59:59,27298062.0564000,60152,74933.27,13764587.0081000,0
2026-07-14 23:00:00,186.37000,187.71000,185.03000,185.83000,152298.73,2026-07-14 23:59:59,28365742.5583000,57018,69171.72,12882970.0124000,0
2026-07-15 00:00:00,185.82000,195.21000,185.34000,191.82000,535500.00,2026-07-15 00:59:59,101929336.0971000,266598,274842.34,52337973.1986000,0
2026-07-15 01:00:00,191.81000,191.81000,186.28000,188.70000,292471.84,2026-07-15 01:59:59,55032656.8551000,112268,134267.79,25267851.0886000,0
2026-07-15 02:00:00,188.70000,190.43000,187.48000,187.57000,143886.16,2026-07-15 02:59:59,27215672.8521000,53765,68045.17,12871873.7954000,0
2026-07-15 03:00:00,187.54000,191.40000,187.20000,190.73000,131560.28,2026-07-15 03:59:59,24943137.2845000,49088,68267.65,12945244.7749000,0
2026-07-15 04:00:00,190.76000,192.07000,188.32000,189.62000,126878.29,2026-07-15 04:59:59,24101151.9131000,45663,63887.84,12138830.1771000,0
2026-07-15 05:00:00,189.62000,190.46000,185.64000,187.88000,181584.43,2026-07-15 05:59:59,34058568.1625000,85113,84571.50,15871593.9702000,0
2026-07-15 06:00:00,187.88000,188.88000,186.70000,187.41000,113340.97,2026-07-15 06:59:59,21262222.2937000,43993,58319.55,10941250.2661000,0
2026-07-15 07:00:00,187.42000,188.42000,183.10000,184.92000,192521.29,2026-07-15 07:59:59,35736351.0416000,61839,94135.96,17482005.6844000,0
2026-07-15 08:00:00,184.91000,185.57000,181.39000,182.55000,271119.39,2026-07-15 08:59:59,49566760.1302000,98540,141121.18,25803590.4184000,0
2026-07-15 09:00:00,182.55000,183.55000,180.50000,181.20000,145436.46,2026-07-15 09:59:59,26483605.5537000,44727,74341.53,13540848.5167000,0
2026-07-15 10:00:00,181.20000,183.30000,179.94000,182.20000,172783.95,2026-07-15 10:59:59,31361559.8967000,56368,95719.28,17377133.5478000,0
2026-07-15 11:00:00,182.21000,183.34000,181.47000,182.12000,106236.58,2026-07-15 11:59:59,19394871.4228000,38127,54766.21,9999499.1476000,0
2026-07-15 12:00:00,182.13000,182.36000,178.53000,179.11000,251356.70,2026-07-15 12:59:59,45409693.3809000,87260,116700.58,21095714.5352000,0
2026-07-15 13:00:00,179.13000,185.20000,176.06000,183.83000,883125.85,2026-07-15 13:59:59,159355624.0593000,312782,434910.91,78526869.6910000,0
2026-07-15 14:00:00,183.86000,187.50000,171.48000,174.85000,1276201.80,2026-07-15 14:59:59,227495004.1729000,360005,611929.69,109249186.2584000,0
2026-07-15 15:00:00,174.86000,176.50000,170.45000,171.12000,554151.07,2026-07-15 15:59:59,96090941.5654000,154485,255454.98,44328108.2877000,0
2026-07-15 16:00:00,171.11000,173.18000,166.51000,172.83000,715018.06,2026-07-15 16:59:59,120983739.5500000,160606,363765.64,61594155.1859000,0
2026-07-15 17:00:00,172.87000,176.00000,172.47000,175.84000,347088.31,2026-07-15 17:59:59,60456774.3521000,85659,186204.86,32432977.1791000,0
2026-07-15 18:00:00,175.84000,180.61000,174.19000,175.38000,558713.64,2026-07-15 18:59:59,99441256.6059000,131440,287289.33,51166261.5709000,0
2026-07-15 19:00:00,175.40000,176.95000,172.80000,176.32000,351761.03,2026-07-15 19:59:59,61597785.5519000,118727,176710.22,30944686.8346000,0
2026-07-15 20:00:00,176.32000,176.58000,173.29000,173.91000,77341.63,2026-07-15 20:59:59,13488800.3093000,32742,39157.24,6827173.3646000,0
2026-07-15 21:00:00,173.92000,174.15000,172.53000,173.08000,34869.28,2026-07-15 21:59:59,6044558.3023000,19647,16832.52,2918373.0907000,0
2026-07-15 22:00:00,173.07000,173.51000,170.30000,171.51000,58762.09,2026-07-15 22:59:59,10078612.1489000,26758,28127.15,4826735.1876000,0
2026-07-15 23:00:00,171.51000,171.81000,169.66000,170.04000,68023.36,2026-07-15 23:59:59,11609574.1985000,23246,37010.10,6316655.4067000,0
2026-07-16 00:00:00,170.04000,172.50000,166.57000,167.09000,289234.32,2026-07-16 00:59:59,49057360.4522000,119847,125036.23,21214608.9342000,0
2026-07-16 01:00:00,167.10000,170.72000,165.40000,169.06000,267984.44,2026-07-16 01:59:59,45030678.1906000,108334,124349.96,20900950.7843000,0
2026-07-16 02:00:00,169.06000,171.37000,167.65000,170.85000,147728.14,2026-07-16 02:59:59,25058894.3512000,72601,72578.58,12313484.2036000,0
2026-07-16 03:00:00,170.81000,171.96000,168.84000,170.22000,111651.29,2026-07-16 03:59:59,19003153.0327000,46781,53196.80,9054793.2585000,0
2026-07-16 04:00:00,170.22000,170.27000,166.65000,168.55000,130574.01,2026-07-16 04:59:59,21957679.0387000,45874,53297.65,8962268.3559000,0
2026-07-16 05:00:00,168.55000,172.74000,168.00000,171.15000,190005.84,2026-07-16 05:59:59,32478817.2785000,75855,100658.80,17214815.9685000,0
2026-07-16 06:00:00,171.19000,172.29000,168.20000,168.90000,136169.47,2026-07-16 06:59:59,23080189.0356000,57723,66214.84,11226278.3546000,0
2026-07-16 07:00:00,168.89000,169.12000,165.67000,166.54000,131819.16,2026-07-16 07:59:59,22050460.9156000,43514,57597.71,9634611.9976000,0
2026-07-16 08:00:00,166.55000,167.21000,162.82000,166.39000,280820.87,2026-07-16 08:59:59,46318122.9445000,90228,142350.12,23480610.1599000,0
2026-07-16 09:00:00,166.40000,167.20000,165.07000,165.34000,75239.83,2026-07-16 09:59:59,12496380.3824000,30883,35570.22,5907878.5496000,0
2026-07-16 10:00:00,165.36000,166.25000,164.83000,165.82000,61297.16,2026-07-16 10:59:59,10144445.5844000,32053,33790.44,5592375.8230000,0
2026-07-16 11:00:00,165.82000,166.18000,163.31000,163.76000,106332.12,2026-07-16 11:59:59,17492552.8719000,55986,51916.79,8540670.4547000,0
2026-07-16 12:00:00,163.76000,164.41000,162.15000,163.33000,133794.59,2026-07-16 12:59:59,21830908.0715000,54269,66199.74,10805080.6639000,0
2026-07-16 13:00:00,163.33000,168.10000,161.00000,163.94000,693852.27,2026-07-16 13:59:59,114231422.3065000,296687,346494.44,57076307.8071000,0
2026-07-16 14:00:00,163.93000,166.22000,160.59000,162.04000,411455.13,2026-07-16 14:59:59,67227835.0426000,191307,204328.59,33402820.1694000,0
2026-07-16 15:00:00,162.04000,163.73000,159.54000,161.61000,291019.14,2026-07-16 15:59:59,46985985.7361000,119597,137359.02,22189416.9277000,0
2026-07-16 16:00:00,161.62000,163.93000,159.45000,160.67000,264898.52,2026-07-16 16:59:59,42724253.4906000,93259,126066.84,20364113.3432000,0
2026-07-16 17:00:00,160.67000,160.76000,154.42000,156.83000,333977.84,2026-07-16 17:59:59,52390958.8793000,99432,152220.87,23874921.1984000,0
2026-07-16 18:00:00,156.84000,157.89000,155.80000,156.57000,188460.10,2026-07-16 18:59:59,29565057.8136000,70843,94691.97,14854549.9857000,0
2026-07-16 19:00:00,156.58000,157.24000,151.68000,153.08000,289053.68,2026-07-16 19:59:59,44733391.1853000,119658,147777.95,22879529.8094000,0
2026-07-16 20:00:00,153.09000,155.06000,152.66000,154.68000,137997.94,2026-07-16 20:59:59,21206130.2839000,44165,70029.02,10766246.4544000,0
2026-07-16 21:00:00,154.70000,157.16000,154.13000,156.48000,51246.49,2026-07-16 21:59:59,7988543.8718000,20496,23855.59,3716291.0964000,0
2026-07-16 22:00:00,156.49000,156.96000,152.79000,154.17000,63524.57,2026-07-16 22:59:59,9818975.1227000,36170,31142.28,4812934.2763000,0
2026-07-16 23:00:00,154.15000,154.36000,151.64000,153.13000,101250.35,2026-07-16 23:59:59,15483341.5719000,40465,52280.13,7997526.5343000,0
2026-07-17 00:00:00,153.12000,155.82000,151.74000,154.44000,129650.23,2026-07-17 00:59:59,19955298.5193000,67225,64730.81,9964313.5215000,0
2026-07-17 01:00:00,154.43000,156.34000,152.54000,153.64000,172229.54,2026-07-17 01:59:59,26589484.7871000,76005,76721.74,11849122.9061000,0
2026-07-17 02:00:00,153.64000,154.14000,151.15000,151.82000,123798.17,2026-07-17 02:59:59,18899575.2698000,52883,56270.40,8596016.4701000,0
2026-07-17 03:00:00,151.83000,155.77000,151.60000,154.53000,165125.86,2026-07-17 03:59:59,25464912.2453000,74132,80431.76,12398859.7706000,0
2026-07-17 04:00:00,154.51000,154.67000,152.54000,153.39000,116510.75,2026-07-17 04:59:59,17880995.8229000,52982,64419.35,9886113.4572000,0
2026-07-17 05:00:00,153.41000,153.54000,148.36000,148.52000,241942.09,2026-07-17 05:59:59,36549616.4555000,93096,92966.42,14037687.8927000,0
2026-07-17 06:00:00,148.51000,153.90000,148.50000,150.40000,346718.83,2026-07-17 06:59:59,52507314.1865000,113017,154092.32,23322311.6964000,0
2026-07-17 07:00:00,150.39000,151.19000,146.60000,148.39000,410855.94,2026-07-17 07:59:59,61341628.9152000,150232,180880.73,27018993.9822000,0
2026-07-17 08:00:00,148.40000,150.25000,146.35000,147.17000,342650.82,2026-07-17 08:59:59,50664294.8186000,132380,165910.21,24538505.0187000,0
2026-07-17 09:00:00,147.18000,153.64000,147.05000,153.56000,347873.66,2026-07-17 09:59:59,52165187.7104000,112209,191107.14,28664144.9088000,0
2026-07-17 10:00:00,153.58000,160.99000,153.43000,156.22000,944710.65,2026-07-17 10:59:59,148847702.9766000,292098,502919.07,79276469.6010000,0
2026-07-17 11:00:00,156.21000,156.92000,152.84000,154.81000,395391.02,2026-07-17 11:59:59,61202764.1228000,128857,180617.48,27958485.5332000,0
2026-07-17 12:00:00,154.80000,155.11000,151.55000,152.43000,325167.93,2026-07-17 12:59:59,49592724.9952000,107198,149066.60,22737843.0357000,0
2026-07-17 13:00:00,152.44000,157.37000,145.60000,157.23000,1314701.72,2026-07-17 13:59:59,197962443.3708000,398978,665493.96,100342304.7737000,0
2026-07-17 14:00:00,157.20000,162.12000,154.36000,154.64000,1387866.22,2026-07-17 14:59:59,219023852.6342000,389544,663538.39,104868365.6844000,0
2026-07-17 15:00:00,154.63000,164.53000,152.44000,164.05000,1113434.23,2026-07-17 15:59:59,177171447.9176000,303902,604828.15,96343257.7424000,0
2026-07-17 16:00:00,164.05000,167.29000,161.61000,164.57000,897810.06,2026-07-17 16:59:59,147473360.3693000,220008,421476.98,69286245.1150000,0
2026-07-17 17:00:00,164.57000,165.88000,158.31000,159.13000,672515.33,2026-07-17 17:59:59,108767278.7389000,135051,332958.50,53812308.9790000,0
2026-07-17 18:00:00,159.11000,162.36000,158.66000,159.28000,596358.83,2026-07-17 18:59:59,95548325.7200000,144960,324593.61,52007556.5289000,0
2026-07-17 19:00:00,159.28000,159.78000,152.71000,154.16000,838821.28,2026-07-17 19:59:59,130298223.0446000,246888,390636.01,60695711.2648000,0
2026-07-17 20:00:00,154.17000,154.29000,152.55000,153.93000,103208.25,2026-07-17 20:59:59,15827536.3024000,41549,51820.63,7946576.8945000,0
2026-07-17 21:00:00,153.94000,154.79000,153.47000,153.71000,43180.81,2026-07-17 21:59:59,6659550.3928000,24475,20504.28,3162957.2747000,0
2026-07-17 22:00:00,153.71000,154.30000,153.14000,153.52000,38000.05,2026-07-17 22:59:59,5841112.3164000,22940,18699.52,2875109.2825000,0
2026-07-17 23:00:00,153.51000,154.02000,153.33000,153.75000,28843.10,2026-07-17 23:59:59,4432095.5476000,15370,14234.82,2187738.4196000,0
2026-07-18 00:00:00,153.74000,154.80000,152.97000,154.69000,44317.87,2026-07-18 00:59:59,6826909.8901000,21121,22839.67,3518986.2758000,0
2026-07-18 01:00:00,154.70000,154.95000,154.01000,154.37000,38633.98,2026-07-18 01:59:59,5970397.4915000,17590,17173.01,2654188.4127000,0
2026-07-18 02:00:00,154.37000,154.67000,154.07000,154.22000,22378.78,2026-07-18 02:59:59,3454243.8103000,12193,11818.79,1824687.2057000,0
2026-07-18 03:00:00,154.22000,154.91000,154.02000,154.49000,19797.04,2026-07-18 03:59:59,3055212.4891000,10366,11361.49,1753854.1805000,0
2026-07-18 04:00:00,154.49000,154.95000,154.18000,154.29000,14497.62,2026-07-18 04:59:59,2240132.4783000,8283,6053.09,935386.4426000,0
2026-07-18 05:00:00,154.28000,154.50000,153.83000,153.83000,20618.48,2026-07-18 05:59:59,3177164.1111000,9735,5854.83,902398.5995000,0
2026-07-18 06:00:00,153.83000,154.06000,153.21000,153.62000,20858.79,2026-07-18 06:59:59,3203111.0587000,10289,11546.31,1773350.6700000,0
2026-07-18 07:00:00,153.62000,153.82000,153.17000,153.82000,14998.50,2026-07-18 07:59:59,2302558.5205000,9600,8417.12,1292378.5765000,0
2026-07-18 08:00:00,153.81000,154.16000,153.66000,154.03000,9416.91,2026-07-18 08:59:59,1448880.2247000,10482,5125.66,788645.4234000,0
2026-07-18 09:00:00,154.04000,154.15000,153.33000,153.51000,18778.43,2026-07-18 09:59:59,2885966.7423000,12580,6645.77,1021584.6024000,0
2026-07-18 10:00:00,153.50000,153.99000,153.46000,153.68000,6478.81,2026-07-18 10:59:59,995927.4448000,5610,3442.91,529350.3481000,0
2026-07-18 11:00:00,153.69000,153.95000,153.48000,153.75000,7954.36,2026-07-18 11:59:59,1223039.4646000,4975,4901.41,753698.7813000,0
2026-07-18 12:00:00,153.74000,153.78000,152.75000,152.97000,17818.94,2026-07-18 12:59:59,2729216.9608000,9900,8526.08,1306070.8662000,0
2026-07-18 13:00:00,152.97000,153.46000,152.64000,152.80000,33041.27,2026-07-18 13:59:59,5055401.8783000,23277,10318.03,1579040.1351000,0
2026-07-18 14:00:00,152.79000,153.38000,151.25000,151.94000,100750.96,2026-07-18 14:59:59,15351101.3522000,60247,46613.63,7106590.7501000,0
2026-07-18 15:00:00,151.94000,152.58000,151.75000,152.15000,24877.39,2026-07-18 15:59:59,3786094.1841000,15332,15072.58,2294112.7364000,0
2026-07-18 16:00:00,152.14000,152.29000,151.83000,152.16000,11629.66,2026-07-18 16:59:59,1768507.2011000,7428,6400.93,973338.1138000,0
2026-07-18 17:00:00,152.18000,152.21000,151.75000,151.83000,8680.17,2026-07-18 17:59:59,1318279.9148000,10776,4190.94,636520.6400000,0
2026-07-18 18:00:00,151.82000,152.49000,151.77000,152.26000,10852.48,2026-07-18 18:59:59,1651394.0265000,12307,6250.89,951233.8067000,0
2026-07-18 19:00:00,152.23000,152.82000,152.19000,152.70000,15136.98,2026-07-18 19:59:59,2308817.2195000,10149,8979.83,1369771.1756000,0
2026-07-18 20:00:00,152.70000,152.86000,152.53000,152.74000,4952.99,2026-07-18 20:59:59,756451.3208000,5555,2718.91,415265.1657000,0
2026-07-18 21:00:00,152.74000,153.09000,152.48000,152.90000,10382.74,2026-07-18 21:59:59,1587019.3938000,6236,7575.03,1157987.2921000,0
2026-07-18 22:00:00,152.90000,153.05000,152.08000,152.34000,10001.02,2026-07-18 22:59:59,1525253.6211000,7634,5210.38,794577.5132000,0
2026-07-18 23:00:00,152.34000,152.91000,152.25000,152.57000,9091.11,2026-07-18 23:59:59,1387159.5276000,5973,3794.95,579048.6490000,0
2026-07-19 00:00:00,152.57000,153.29000,152.53000,153.08000,22104.66,2026-07-19 00:59:59,3381696.8050000,10418,10624.99,1626105.4596000,0
2026-07-19 01:00:00,153.10000,153.38000,152.90000,153.30000,9897.86,2026-07-19 01:59:59,1516126.1758000,5583,5504.29,843292.8430000,0
2026-07-19 02:00:00,153.29000,153.60000,152.93000,153.42000,22810.03,2026-07-19 02:59:59,3498798.4076000,12402,14820.76,2273524.8201000,0
2026-07-19 03:00:00,153.45000,153.87000,153.15000,153.80000,28911.39,2026-07-19 03:59:59,4441604.5928000,16874,19358.21,2974175.4778000,0
2026-07-19 04:00:00,153.81000,155.49000,153.81000,155.00000,71835.84,2026-07-19 04:59:59,11120049.6978000,39617,38878.67,6013978.3493000,0
2026-07-19 05:00:00,154.98000,155.06000,154.01000,154.70000,14871.06,2026-07-19 05:59:59,2298433.6519000,9777,7608.02,1175893.9852000,0
2026-07-19 06:00:00,154.69000,155.18000,154.55000,155.04000,12780.00,2026-07-19 06:59:59,1979435.8050000,8791,6300.06,975701.6404000,0
2026-07-19 07:00:00,155.03000,155.55000,154.74000,155.20000,18829.87,2026-07-19 07:59:59,2921014.7260000,9561,8706.44,1350793.9881000,0
2026-07-19 08:00:00,155.20000,157.29000,155.15000,157.18000,59836.90,2026-07-19 08:59:59,9362694.9466000,28613,35557.81,5563260.4176000,0
2026-07-19 09:00:00,157.17000,157.21000,155.37000,155.59000,56836.93,2026-07-19 09:59:59,8875543.7391000,32407,26722.14,4170505.1081000,0
2026-07-19 10:00:00,155.60000,155.62000,154.28000,154.62000,39812.25,2026-07-19 10:59:59,6164277.4039000,23757,19116.22,2959469.3862000,0
2026-07-19 11:00:00,154.66000,154.95000,153.66000,153.91000,22272.81,2026-07-19 11:59:59,3433512.1375000,13898,10861.94,1673934.3031000,0
2026-07-19 12:00:00,153.92000,154.59000,153.56000,154.44000,31298.83,2026-07-19 12:59:59,4820185.7172000,16610,12502.09,1926576.7299000,0
2026-07-19 13:00:00,154.44000,155.46000,154.27000,154.94000,18304.94,2026-07-19 13:59:59,2836824.4497000,15283,7864.25,1218731.6531000,0
2026-07-19 14:00:00,154.93000,154.93000,153.71000,153.89000,20169.92,2026-07-19 14:59:59,3110171.3656000,15644,8925.47,1376407.4656000,0
2026-07-19 15:00:00,153.90000,154.31000,153.74000,154.12000,10739.12,2026-07-19 15:59:59,1654184.0167000,6719,5553.04,855386.3201000,0
2026-07-19 16:00:00,154.11000,154.53000,152.11000,152.93000,36349.00,2026-07-19 16:59:59,5565708.6293000,19470,15144.15,2319289.6298000,0
2026-07-19 17:00:00,152.93000,153.89000,152.45000,153.70000,16298.49,2026-07-19 17:59:59,2499218.0773000,13336,8307.25,1273698.8854000,0
2026-07-19 18:00:00,153.67000,153.69000,152.73000,153.45000,9343.83,2026-07-19 18:59:59,1431849.9722000,10812,4277.93,655564.8812000,0
2026-07-19 19:00:00,153.44000,155.29000,153.37000,154.21000,13511.09,2026-07-19 19:59:59,2085245.0374000,14891,8112.21,1252625.4030000,0
2026-07-19 20:00:00,154.21000,155.04000,154.04000,154.96000,12170.45,2026-07-19 20:59:59,1883035.6448000,9342,5418.33,838355.8096000,0
2026-07-19 21:00:00,154.96000,155.20000,154.67000,154.85000,14488.83,2026-07-19 21:59:59,2244835.7065000,9079,6563.48,1017001.5966000,0
2026-07-19 22:00:00,154.86000,158.24000,154.42000,157.57000,111312.97,2026-07-19 22:59:59,17395077.6286000,53516,52695.03,8235440.2151000,0
2026-07-19 23:00:00,157.58000,157.73000,153.01000,153.36000,160675.96,2026-07-19 23:59:59,24888124.1871000,84285,69863.33,10829501.7764000,0
2026-07-20 00:00:00,153.37000,163.63000,153.03000,157.14000,598956.38,2026-07-20 00:59:59,95727710.4171000,328117,301519.37,48195445.4302000,0
2026-07-20 01:00:00,157.15000,159.31000,153.43000,154.87000,304438.20,2026-07-20 01:59:59,47691135.0386000,179150,146847.75,23015166.3919000,0
2026-07-20 02:00:00,154.87000,157.76000,154.37000,156.19000,224364.25,2026-07-20 02:59:59,34977448.9564000,122450,111078.03,17320843.1499000,0
2026-07-20 03:00:00,156.18000,158.95000,155.25000,157.43000,134509.49,2026-07-20 03:59:59,21075439.4803000,63836,69753.07,10929442.3523000,0
2026-07-20 04:00:00,157.43000,159.17000,155.99000,158.11000,176566.18,2026-07-20 04:59:59,27853612.5507000,91116,84962.67,13406661.6762000,0
2026-07-20 05:00:00,158.10000,158.38000,156.19000,156.77000,121971.34,2026-07-20 05:59:59,19175848.4843000,67432,61563.89,9679122.8711000,0
2026-07-20 06:00:00,156.77000,158.18000,155.92000,156.41000,106559.74,2026-07-20 06:59:59,16714374.7625000,57666,53024.27,8317566.2916000,0
2026-07-20 07:00:00,156.42000,158.35000,155.84000,158.20000,78345.12,2026-07-20 07:59:59,12325643.8430000,33268,37877.60,5958456.1219000,0
2026-07-20 08:00:00,158.22000,161.00000,157.98000,159.19000,199035.22,2026-07-20 08:59:59,31698932.2783000,94994,96634.67,15392947.1608000,0
2026-07-20 09:00:00,159.20000,162.25000,158.98000,161.00000,163636.33,2026-07-20 09:59:59,26297136.0019000,71263,81345.45,13069647.8253000,0
2026-07-20 10:00:00,161.01000,162.81000,160.50000,161.68000,142440.08,2026-07-20 10:59:59,23037030.5576000,57730,68243.80,11038845.0746000,0
2026-07-20 11:00:00,161.68000,164.12000,161.64000,163.45000,275398.91,2026-07-20 11:59:59,44935092.4853000,95244,136502.04,22270819.1203000,0
2026-07-20 12:00:00,163.45000,163.53000,161.07000,162.49000,216504.69,2026-07-20 12:59:59,35068295.1388000,95565,94919.31,15373707.5496000,0
2026-07-20 13:00:00,162.45000,164.25000,156.94000,158.53000,945759.94,2026-07-20 13:59:59,152080737.3764000,342966,449253.17,72268704.6035000,0
2026-07-20 14:00:00,158.56000,159.92000,154.00000,154.37000,675834.71,2026-07-20 14:59:59,106012753.7025000,206706,329215.63,51652877.9836000,0
2026-07-20 15:00:00,154.37000,158.79000,153.92000,158.24000,430326.60,2026-07-20 15:59:59,67467137.0879000,147719,223763.58,35078388.6386000,0
2026-07-20 16:00:00,158.22000,159.24000,156.30000,157.08000,272466.40,2026-07-20 16:59:59,42921735.5158000,101680,135636.97,21367944.2535000,0
2026-07-20 17:00:00,157.09000,157.59000,155.92000,156.82000,193417.21,2026-07-20 17:59:59,30328150.2720000,76694,93226.30,14621032.5069000,0
2026-07-20 18:00:00,156.82000,157.24000,154.12000,154.42000,166873.32,2026-07-20 18:59:59,25982628.6273000,59002,79865.90,12438181.7783000,0
2026-07-20 19:00:00,154.42000,154.47000,149.90000,151.37000,314005.23,2026-07-20 19:59:59,47865490.6301000,118791,148580.91,22665033.2093000,0
2026-07-20 20:00:00,151.38000,152.58000,151.16000,151.97000,101748.55,2026-07-20 20:59:59,15447066.6414000,48536,50264.66,7632333.9606000,0
2026-07-20 21:00:00,151.97000,152.91000,151.80000,152.74000,47442.31,2026-07-20 21:59:59,7223225.8294000,22915,26948.40,4103997.3054000,0
2026-07-20 22:00:00,152.75000,153.31000,152.07000,153.30000,62643.27,2026-07-20 22:59:59,9559361.2275000,32026,35222.83,5375550.9435000,0
2026-07-20 23:00:00,153.28000,154.92000,152.89000,153.79000,80606.91,2026-07-20 23:59:59,12415524.0445000,41983,38403.26,5915303.5359000,0
2026-07-21 00:00:00,153.77000,156.37000,150.80000,154.35000,331351.93,2026-07-21 00:59:59,50995367.7730000,233981,158332.22,24378027.7893000,0
2026-07-21 01:00:00,154.37000,157.16000,154.07000,155.46000,183131.48,2026-07-21 01:59:59,28582992.8125000,100696,85087.88,13280146.6053000,0
2026-07-21 02:00:00,155.46000,156.30000,153.99000,156.12000,93295.08,2026-07-21 02:59:59,14488920.6139000,48579,48568.18,7545385.4943000,0
2026-07-21 03:00:00,156.13000,160.40000,155.99000,159.43000,206064.81,2026-07-21 03:59:59,32646093.7790000,87676,109218.76,17301197.9746000,0
2026-07-21 04:00:00,159.39000,160.45000,158.33000,158.57000,174974.24,2026-07-21 04:59:59,27880807.4388000,73796,71816.80,11441109.7305000,0
2026-07-21 05:00:00,158.59000,159.11000,157.47000,158.56000,119641.89,2026-07-21 05:59:59,18952872.2254000,57772,54769.58,8676727.4735000,0
2026-07-21 06:00:00,158.57000,160.25000,158.44000,160.11000,88486.72,2026-07-21 06:59:59,14088937.7483000,44670,43640.47,6948100.2684000,0
2026-07-21 07:00:00,160.11000,160.36000,159.41000,160.18000,49063.33,2026-07-21 07:59:59,7844328.8787000,23818,24264.33,3880013.6787000,0
2026-07-21 08:00:00,160.19000,162.99000,159.82000,161.94000,263004.91,2026-07-21 08:59:59,42559961.1352000,102207,134958.54,21840436.5179000,0
2026-07-21 09:00:00,161.95000,162.54000,161.01000,161.08000,107887.31,2026-07-21 09:59:59,17461166.9535000,37663,54301.94,8793294.9744000,0
2026-07-21 10:00:00,161.08000,162.60000,161.07000,161.79000,71734.26,2026-07-21 10:59:59,11607183.0060000,38385,35997.05,5824369.8854000,0
2026-07-21 11:00:00,161.82000,161.87000,159.93000,160.27000,138960.10,2026-07-21 11:59:59,22334802.5475000,60876,59367.06,9542319.1150000,0
2026-07-21 12:00:00,160.28000,161.06000,159.15000,160.63000,144214.45,2026-07-21 12:59:59,23096422.2598000,47530,67411.75,10802406.6409000,0
2026-07-21 13:00:00,160.64000,166.21000,159.95000,163.99000,742745.93,2026-07-21 13:59:59,121401327.9194000,249298,381991.15,62430200.3948000,0
2026-07-21 14:00:00,163.98000,166.60000,161.67000,166.53000,494391.28,2026-07-21 14:59:59,81173550.2027000,145720,248765.68,40878015.9315000,0
2026-07-21 15:00:00,166.54000,168.65000,164.49000,164.83000,553281.92,2026-07-21 15:59:59,92326635.9972000,108471,264753.41,44212212.6183000,0
2026-07-21 16:00:00,164.83000,168.37000,164.66000,167.77000,274609.29,2026-07-21 16:59:59,45785981.6668000,63581,146702.28,24459399.4678000,0
2026-07-21 17:00:00,167.77000,171.39000,167.33000,171.23000,366289.05,2026-07-21 17:59:59,62027517.9937000,80206,188597.42,31969135.9672000,0
2026-07-21 18:00:00,171.23000,172.87000,169.54000,170.54000,304283.07,2026-07-21 18:59:59,52023465.3200000,72164,163263.78,27912318.1086000,0
2026-07-21 19:00:00,170.54000,172.42000,169.26000,171.82000,306214.31,2026-07-21 19:59:59,52263707.6092000,82077,160515.42,27408230.0082000,0
2026-07-21 20:00:00,171.81000,173.31000,171.04000,173.24000,100530.21,2026-07-21 20:59:59,17291167.1210000,36110,57045.88,9815006.3632000,0
2026-07-21 21:00:00,173.25000,174.88000,172.92000,172.92000,124455.40,2026-07-21 21:59:59,21654315.0315000,50952,71235.22,12398253.4111000,0
2026-07-21 22:00:00,172.92000,173.61000,172.12000,172.88000,102475.74,2026-07-21 22:59:59,17710398.5269000,39788,54071.65,9345304.6875000,0
2026-07-21 23:00:00,172.90000,173.35000,171.97000,173.06000,91002.73,2026-07-21 23:59:59,15703748.1079000,47151,44307.77,7646742.5808000,0
2026-07-22 00:00:00,173.06000,175.74000,171.21000,173.53000,267963.93,2026-07-22 00:59:59,46661486.0601000,117640,126963.21,22117311.0484000,0
2026-07-22 01:00:00,173.55000,174.33000,171.89000,172.43000,114973.85,2026-07-22 01:59:59,19899176.6711000,52713,57296.62,9917595.4553000,0
2026-07-22 02:00:00,172.44000,172.66000,169.24000,169.56000,160067.59,2026-07-22 02:59:59,27352706.7516000,63115,72600.17,12413259.7393000,0
2026-07-22 03:00:00,169.56000,169.86000,167.31000,168.88000,203230.19,2026-07-22 03:59:59,34273876.7410000,77262,101678.51,17151213.2577000,0
2026-07-22 04:00:00,168.88000,170.12000,167.34000,167.99000,91789.27,2026-07-22 04:59:59,15484978.0143000,40078,46174.82,7796582.8768000,0
2026-07-22 05:00:00,167.99000,168.17000,162.78000,163.96000,393521.30,2026-07-22 05:59:59,64815414.3507000,140652,187638.14,30893134.6971000,0
2026-07-22 06:00:00,163.96000,164.05000,161.40000,163.68000,175983.38,2026-07-22 06:59:59,28628931.9660000,68759,95856.36,15598934.1055000,0
2026-07-22 07:00:00,163.68000,163.72000,161.92000,162.60000,71268.64,2026-07-22 07:59:59,11605911.6626000,35091,37912.01,6175945.3995000,0
2026-07-22 08:00:00,162.62000,163.13000,161.41000,161.73000,108642.13,2026-07-22 08:59:59,17628736.9268000,52654,56847.75,9225297.2689000,0
2026-07-22 09:00:00,161.75000,163.01000,161.12000,162.33000,70111.72,2026-07-22 09:59:59,11380200.1980000,32780,34421.69,5588311.9140000,0
2026-07-22 10:00:00,162.33000,162.77000,161.71000,162.16000,41323.01,2026-07-22 10:59:59,6710108.2681000,21177,20958.33,3403328.8070000,0
2026-07-22 11:00:00,162.16000,162.84000,160.14000,160.91000,132015.90,2026-07-22 11:59:59,21305892.2365000,55451,55342.58,8930682.8297000,0
2026-07-22 12:00:00,160.91000,161.22000,158.89000,160.17000,181926.73,2026-07-22 12:59:59,29120325.0306000,85086,79531.52,12732076.8565000,0
2026-07-22 13:00:00,160.18000,168.78000,159.87000,168.62000,708044.85,2026-07-22 13:59:59,116711050.9928000,233079,383425.57,63195340.8820000,0
2026-07-22 14:00:00,168.63000,169.05000,165.36000,167.11000,498041.20,2026-07-22 14:59:59,83343087.0576000,164301,253813.54,42483841.0996000,0
2026-07-22 15:00:00,167.11000,169.54000,166.95000,169.08000,315565.33,2026-07-22 15:59:59,53143020.4762000,87241,160574.64,27045219.6029000,0
2026-07-22 16:00:00,169.08000,170.06000,167.13000,167.95000,146887.91,2026-07-22 16:59:59,24735565.6398000,52197,72464.11,12206503.1193000,0
2026-07-22 17:00:00,167.95000,168.99000,166.11000,166.22000,154507.74,2026-07-22 17:59:59,25875989.5809000,44850,73860.29,12379152.2137000,0
2026-07-22 18:00:00,166.24000,167.08000,165.50000,166.73000,122151.52,2026-07-22 18:59:59,20317766.5122000,40385,59682.51,9930086.3707000,0
2026-07-22 19:00:00,166.73000,167.39000,164.90000,165.28000,180475.02,2026-07-22 19:59:59,29991063.0411000,54582,100403.22,16689283.1256000,0
2026-07-22 20:00:00,165.30000,169.96000,164.43000,168.12000,246503.73,2026-07-22 20:59:59,41317359.9510000,101556,124632.32,20887616.6884000,0
2026-07-22 21:00:00,168.09000,172.88000,167.99000,170.03000,238944.51,2026-07-22 21:59:59,40868870.4239000,98959,124844.65,21346278.8617000,0
2026-07-22 22:00:00,170.04000,170.92000,167.10000,168.21000,120449.34,2026-07-22 22:59:59,20345390.0309000,48046,53189.99,8987044.1815000,0
2026-07-22 23:00:00,168.20000,170.08000,167.24000,169.64000,88444.65,2026-07-22 23:59:59,14910053.3497000,40212,47972.87,8089763.9028000,0
2026-07-23 00:00:00,169.65000,172.67000,169.53000,171.83000,208123.85,2026-07-23 00:59:59,35634548.1042000,83474,99220.11,16988848.9656000,0
2026-07-23 01:00:00,171.82000,173.48000,167.35000,167.44000,252605.62,2026-07-23 01:59:59,42969861.5718000,92219,131033.57,22294593.5850000,0
2026-07-23 02:00:00,167.46000,168.68000,165.86000,167.78000,181201.45,2026-07-23 02:59:59,30326524.0893000,71634,90635.68,15172384.4077000,0
2026-07-23 03:00:00,167.79000,170.63000,166.45000,169.20000,143262.61,2026-07-23 03:59:59,24137450.2111000,55859,76813.90,12949839.8247000,0
2026-07-23 04:00:00,169.20000,170.90000,168.48000,170.28000,97432.13,2026-07-23 04:59:59,16552219.1601000,41927,46684.30,7932933.8866000,0
2026-07-23 05:00:00,170.28000,171.68000,168.63000,169.63000,122756.35,2026-07-23 05:59:59,20891922.2868000,51412,60867.76,10360974.7459000,0
2026-07-23 06:00:00,169.64000,171.23000,169.18000,170.61000,70530.86,2026-07-23 06:59:59,11995985.4654000,32480,36724.41,6246962.7660000,0
2026-07-23 07:00:00,170.62000,173.03000,169.15000,172.81000,197327.61,2026-07-23 07:59:59,33800695.2986000,59503,96573.50,16536357.9079000,0
2026-07-23 08:00:00,172.80000,177.62000,172.25000,176.85000,380429.89,2026-07-23 08:59:59,66521293.5962000,104278,199915.86,34943678.5724000,0
2026-07-23 09:00:00,176.85000,177.34000,175.68000,176.21000,136772.80,2026-07-23 09:59:59,24124675.8258000,41570,71327.09,12580908.7976000,0
2026-07-23 10:00:00,176.21000,177.46000,175.97000,176.55000,106930.86,2026-07-23 10:59:59,18903884.2765000,33037,51026.45,9021496.0033000,0
2026-07-23 11:00:00,176.54000,176.64000,172.28000,173.50000,317779.74,2026-07-23 11:59:59,55263217.2593000,86869,143182.71,24886269.5554000,0
2026-07-23 12:00:00,173.50000,173.51000,169.20000,170.75000,361983.51,2026-07-23 12:59:59,61870072.2382000,93150,191619.21,32744586.4720000,0
2026-07-23 13:00:00,170.75000,177.99000,168.17000,173.21000,998233.00,2026-07-23 13:59:59,172569520.3712000,315938,500768.90,86507063.7164000,0
2026-07-23 14:00:00,173.22000,176.89000,171.78000,172.97000,713900.72,2026-07-23 14:59:59,124805428.5629000,210207,348191.72,60905192.3460000,0
2026-07-23 15:00:00,172.97000,173.03000,167.80000,172.63000,498636.18,2026-07-23 15:59:59,85138113.3505000,153451,254814.97,43515711.5298000,0
2026-07-23 16:00:00,172.64000,175.14000,172.01000,173.19000,337063.68,2026-07-23 16:59:59,58472173.4362000,102438,178560.15,30994104.4444000,0
2026-07-23 17:00:00,173.19000,174.64000,172.38000,172.96000,168907.75,2026-07-23 17:59:59,29309741.4063000,63803,81447.59,14134821.7946000,0
2026-07-23 18:00:00,172.93000,173.24000,169.01000,169.29000,170008.67,2026-07-23 18:59:59,29174048.3679000,63336,85494.06,14672888.9954000,0
2026-07-23 19:00:00,169.29000,170.35000,167.21000,169.48000,269609.61,2026-07-23 19:59:59,45507982.7873000,87417,154261.39,26035515.6210000,0
2026-07-23 20:00:00,169.48000,172.55000,169.45000,171.16000,101135.92,2026-07-23 20:59:59,17327556.0089000,34921,47875.53,8199764.9032000,0
2026-07-23 21:00:00,171.15000,172.11000,170.00000,170.34000,50516.10,2026-07-23 21:59:59,8623354.5126000,19954,23153.62,3952975.1357000,0
2026-07-23 22:00:00,170.35000,170.75000,168.14000,170.68000,80965.01,2026-07-23 22:59:59,13725329.4217000,35588,39009.39,6613053.7463000,0
2026-07-23 23:00:00,170.68000,171.23000,168.97000,169.91000,83207.75,2026-07-23 23:59:59,14154509.3615000,51809,39435.24,6706976.6717000,0
2026-07-24 00:00:00,169.92000,170.64000,165.13000,167.73000,255871.28,2026-07-24 00:59:59,42760024.3211000,116969,121447.85,20304398.0137000,0
2026-07-24 01:00:00,167.72000,169.67000,166.69000,166.70000,141647.06,2026-07-24 01:59:59,23863238.3056000,60913,70381.48,11857625.2672000,0
2026-07-24 02:00:00,166.71000,166.83000,162.65000,163.39000,315345.52,2026-07-24 02:59:59,51825305.5467000,89288,158016.64,25970683.0865000,0
2026-07-24 03:00:00,163.45000,164.76000,162.08000,162.53000,136717.37,2026-07-24 03:59:59,22376914.5664000,53060,68122.23,11149281.2744000,0
2026-07-24 04:00:00,162.54000,164.95000,161.83000,164.39000,160052.88,2026-07-24 04:59:59,26175027.1329000,61533,80444.76,13158743.7153000,0
2026-07-24 05:00:00,164.38000,166.50000,164.09000,164.76000,168577.51,2026-07-24 05:59:59,27891970.3458000,72023,92345.75,15278787.8331000,0
2026-07-24 06:00:00,164.76000,164.78000,163.03000,164.10000,108306.76,2026-07-24 06:59:59,17743932.3435000,40651,49957.67,8183175.5838000,0
2026-07-24 07:00:00,164.11000,166.09000,164.03000,165.24000,68920.46,2026-07-24 07:59:59,11392288.4261000,30677,33054.92,5464131.4162000,0
2026-07-24 08:00:00,165.22000,165.89000,163.87000,165.19000,115122.77,2026-07-24 08:59:59,18959010.1089000,43191,56782.56,9352816.2927000,0
2026-07-24 09:00:00,165.21000,167.18000,165.13000,167.08000,106191.68,2026-07-24 09:59:59,17646952.5811000,55051,58570.18,9734492.2702000,0
2026-07-24 10:00:00,167.09000,167.13000,164.18000,164.78000,110966.37,2026-07-24 10:59:59,18367046.7797000,50504,51961.37,8602238.7929000,0
2026-07-24 11:00:00,164.77000,166.04000,164.36000,165.75000,103728.44,2026-07-24 11:59:59,17130103.4127000,48398,51047.98,8431932.1794000,0
2026-07-24 12:00:00,165.74000,166.91000,164.07000,164.59000,125222.35,2026-07-24 12:59:59,20747658.4931000,55026,57889.83,9594714.0006000,0
2026-07-24 13:00:00,164.59000,165.17000,157.35000,158.00000,667003.63,2026-07-24 13:59:59,107659848.0131000,317727,301277.57,48676542.4926000,0
2026-07-24 14:00:00,158.00000,160.40000,156.53000,159.56000,629532.86,2026-07-24 14:59:59,99742179.3235000,287348,309905.66,49122828.4750000,0
2026-07-24 15:00:00,159.57000,159.97000,157.86000,158.95000,293105.00,2026-07-24 15:59:59,46576597.2974000,152500,162631.84,25850663.3859000,0
2026-07-24 16:00:00,158.96000,159.88000,156.86000,157.54000,151664.09,2026-07-24 16:59:59,23983689.2479000,76634,75884.71,12002865.8213000,0
2026-07-24 17:00:00,157.55000,157.65000,155.86000,156.22000,149755.64,2026-07-24 17:59:59,23430176.0447000,70488,75910.36,11876888.4535000,0
2026-07-24 18:00:00,156.20000,156.40000,153.56000,154.54000,154970.22,2026-07-24 18:59:59,23969112.5518000,62943,71504.77,11059694.4617000,0
2026-07-24 19:00:00,154.55000,155.27000,153.28000,154.72000,175920.03,2026-07-24 19:59:59,27139556.9771000,83073,87908.41,13562656.6398000,0
2026-07-24 20:00:00,154.71000,155.77000,154.71000,155.55000,61515.41,2026-07-24 20:59:59,9551132.9647000,32397,30675.86,4763452.2008000,0
2026-07-24 21:00:00,155.54000,155.55000,154.75000,155.03000,23289.54,2026-07-24 21:59:59,3611517.7480000,17998,11244.43,1743690.5107000,0
2026-07-24 22:00:00,155.03000,155.68000,155.00000,155.42000,11942.07,2026-07-24 22:59:59,1854826.1587000,12143,6082.87,944865.4246000,0
2026-07-24 23:00:00,155.40000,155.70000,153.02000,154.49000,73549.63,2026-07-24 23:59:59,11321837.6919000,45618,36336.89,5593020.0276000,0
2026-07-25 00:00:00,154.49000,155.28000,154.16000,155.21000,35037.74,2026-07-25 00:59:59,5424910.2231000,28909,17085.07,2645271.3134000,0
2026-07-25 01:00:00,155.23000,155.44000,154.87000,155.17000,13189.66,2026-07-25 01:59:59,2046833.8232000,13266,6207.04,963378.6265000,0
2026-07-25 02:00:00,155.17000,157.56000,154.81000,156.35000,40275.65,2026-07-25 02:59:59,6294687.4892000,28646,20122.03,3144781.5772000,0
2026-07-25 03:00:00,156.34000,156.99000,156.17000,156.65000,30038.67,2026-07-25 03:59:59,4702885.1322000,20179,13866.30,2171043.3478000,0
2026-07-25 04:00:00,156.65000,157.64000,156.59000,157.26000,41826.21,2026-07-25 04:59:59,6579470.9093000,21126,22369.22,3518852.9377000,0
2026-07-25 05:00:00,157.26000,157.39000,156.69000,157.13000,20674.30,2026-07-25 05:59:59,3246476.5506000,13753,10115.45,1588435.9005000,0
2026-07-25 06:00:00,157.13000,157.63000,157.09000,157.50000,15896.92,2026-07-25 06:59:59,2500918.4353000,9380,7935.28,1248472.5661000,0
2026-07-25 07:00:00,157.50000,157.75000,157.04000,157.38000,30235.86,2026-07-25 07:59:59,4758501.5611000,16172,16151.39,2542565.8887000,0
2026-07-25 08:00:00,157.39000,157.66000,157.28000,157.39000,13264.34,2026-07-25 08:59:59,2088531.2932000,7807,6641.19,1045779.5831000,0
2026-07-25 09:00:00,157.38000,157.70000,157.05000,157.48000,15353.34,2026-07-25 09:59:59,2416246.6854000,7961,7319.27,1151923.6463000,0
2026-07-25 10:00:00,157.49000,157.93000,157.49000,157.73000,17659.48,2026-07-25 10:59:59,2785531.3592000,8901,10853.30,1711992.9838000,0
2026-07-25 11:00:00,157.74000,158.00000,157.67000,157.90000,9242.22,2026-07-25 11:59:59,1458713.0297000,6128,4572.68,721776.5685000,0
2026-07-25 12:00:00,157.90000,158.48000,157.43000,158.22000,44125.91,2026-07-25 12:59:59,6977485.7847000,17581,26713.94,4224095.1595000,0
2026-07-25 13:00:00,158.22000,158.47000,158.02000,158.16000,14724.50,2026-07-25 13:59:59,2330045.6837000,8580,7818.59,1237323.8401000,0
2026-07-25 14:00:00,158.15000,158.15000,157.44000,157.93000,25043.58,2026-07-25 14:59:59,3952047.0058000,10886,9821.04,1549449.5628000,0
2026-07-25 15:00:00,157.94000,158.03000,157.80000,157.90000,12450.56,2026-07-25 15:59:59,1965638.0420000,6753,4537.81,716524.9728000,0
2026-07-25 16:00:00,157.90000,158.80000,157.88000,158.69000,22425.62,2026-07-25 16:59:59,3552044.2850000,10557,13222.66,2094488.5331000,0
2026-07-25 17:00:00,158.69000,159.12000,158.59000,158.95000,21843.05,2026-07-25 17:59:59,3471160.1225000,9886,11850.62,1883566.7629000,0
2026-07-25 18:00:00,158.95000,159.22000,158.87000,158.93000,25499.83,2026-07-25 18:59:59,4056650.3874000,9397,16244.44,2584485.4236000,0
2026-07-25 19:00:00,158.92000,159.35000,158.82000,159.29000,8885.85,2026-07-25 19:59:59,1414252.2928000,5703,3983.32,633960.2313000,0
2026-07-25 20:00:00,159.28000,159.56000,159.18000,159.27000,14817.95,2026-07-25 20:59:59,2362463.3831000,7646,9102.82,1451474.1625000,0
2026-07-25 21:00:00,159.27000,159.54000,159.03000,159.32000,7260.75,2026-07-25 21:59:59,1156719.3331000,4819,2836.99,451948.6933000,0
2026-07-25 22:00:00,159.32000,159.73000,159.24000,159.60000,8761.74,2026-07-25 22:59:59,1397949.6710000,4995,4443.96,709094.7529000,0
2026-07-25 23:00:00,159.61000,160.08000,159.54000,159.97000,12555.76,2026-07-25 23:59:59,2007767.3901000,5267,5076.31,811718.2476000,0
2026-07-26 00:00:00,159.96000,160.05000,158.84000,159.19000,20155.15,2026-07-26 00:59:59,3214324.2417000,8982,8480.96,1352542.9258000,0
2026-07-26 01:00:00,159.20000,160.70000,159.20000,160.16000,25314.60,2026-07-26 01:59:59,4053241.0443000,15101,12883.55,2062310.6879000,0
2026-07-26 02:00:00,160.16000,160.77000,160.02000,160.76000,13797.80,2026-07-26 02:59:59,2213358.8722000,8458,6013.77,964859.9465000,0
2026-07-26 03:00:00,160.76000,161.75000,160.69000,161.36000,38260.96,2026-07-26 03:59:59,6170123.7092000,15158,21746.20,3506448.6566000,0
2026-07-26 04:00:00,161.36000,162.41000,161.22000,162.03000,32762.65,2026-07-26 04:59:59,5305970.2129000,18033,14779.27,2393660.4920000,0
2026-07-26 05:00:00,162.02000,162.03000,160.34000,161.27000,62427.32,2026-07-26 05:59:59,10047927.8350000,24901,29508.25,4748522.8876000,0
2026-07-26 06:00:00,161.27000,161.76000,161.19000,161.53000,13623.83,2026-07-26 06:59:59,2199077.6243000,8255,6989.07,1128186.5078000,0
2026-07-26 07:00:00,161.52000,161.88000,160.65000,160.80000,25351.89,2026-07-26 07:59:59,4087060.2397000,14631,11559.45,1863760.2796000,0
2026-07-26 08:00:00,160.80000,161.28000,160.20000,161.00000,30473.50,2026-07-26 08:59:59,4891935.9572000,16265,12536.17,2013005.0918000,0
2026-07-26 09:00:00,161.00000,161.26000,160.14000,161.04000,23137.10,2026-07-26 09:59:59,3717114.3099000,16778,12335.03,1982216.5532000,0
2026-07-26 10:00:00,161.04000,161.94000,161.01000,161.85000,17466.39,2026-07-26 10:59:59,2820866.2265000,11685,9723.25,1570399.4274000,0
2026-07-26 11:00:00,161.86000,161.99000,161.41000,161.68000,13313.26,2026-07-26 11:59:59,2153002.0175000,7541,4941.87,799242.0993000,0
2026-07-26 12:00:00,161.67000,161.73000,160.89000,161.23000,16429.21,2026-07-26 12:59:59,2649585.0718000,9279,7959.56,1283867.0793000,0
2026-07-26 13:00:00,161.24000,161.56000,161.13000,161.51000,6342.61,2026-07-26 13:59:59,1023529.2787000,5824,3510.02,566454.4453000,0
2026-07-26 14:00:00,161.51000,162.00000,161.28000,161.33000,16714.63,2026-07-26 14:59:59,2701522.5583000,9829,6489.57,1049041.1688000,0
2026-07-26 15:00:00,161.33000,161.76000,161.21000,161.45000,7847.20,2026-07-26 15:59:59,1266888.9006000,5955,3665.43,591789.4778000,0
2026-07-26 16:00:00,161.46000,161.86000,161.26000,161.58000,7654.52,2026-07-26 16:59:59,1236370.0787000,5594,4010.84,647825.7086000,0
2026-07-26 17:00:00,161.57000,161.71000,161.45000,161.63000,7272.67,2026-07-26 17:59:59,1175129.7796000,4606,2897.01,468171.7104000,0
2026-07-26 18:00:00,161.63000,161.78000,161.49000,161.56000,4685.26,2026-07-26 18:59:59,757277.5986000,3398,2388.38,386027.8364000,0
2026-07-26 19:00:00,161.56000,161.56000,161.19000,161.20000,3472.31,2026-07-26 19:59:59,560280.8765000,3029,1439.75,232323.3193000,0
2026-07-26 20:00:00,161.20000,161.22000,160.60000,160.84000,19245.07,2026-07-26 20:59:59,3096120.7204000,6759,6911.34,1111341.1361000,0
2026-07-26 21:00:00,160.84000,161.17000,160.81000,161.03000,5448.39,2026-07-26 21:59:59,877238.8637000,5792,1903.60,306479.4947000,0
2026-07-26 22:00:00,161.03000,163.91000,161.00000,163.17000,128088.43,2026-07-26 22:59:59,20881557.5801000,54164,65991.46,10755605.5960000,0
2026-07-26 23:00:00,163.18000,164.86000,162.81000,163.79000,89272.36,2026-07-26 23:59:59,14632983.3870000,43415,44578.97,7308448.4875000,0
2026-07-27 00:00:00,163.78000,164.02000,159.70000,161.16000,344075.64,2026-07-27 00:59:59,55550458.3483000,182284,163965.93,26479967.5524000,0
2026-07-27 01:00:00,161.17000,161.40000,156.75000,159.26000,265151.05,2026-07-27 01:59:59,42044743.4065000,114668,125472.30,19886720.7172000,0
2026-07-27 02:00:00,159.26000,160.72000,158.35000,159.35000,112226.86,2026-07-27 02:59:59,17912330.8099000,60572,60778.44,9702003.4849000,0
2026-07-27 03:00:00,159.35000,161.05000,159.26000,159.86000,83755.43,2026-07-27 03:59:59,13415374.2864000,55995,40960.26,6561637.3262000,0
2026-07-27 04:00:00,159.87000,161.49000,159.40000,160.97000,71299.04,2026-07-27 04:59:59,11443681.6347000,53733,37661.84,6044444.3328000,0
2026-07-27 05:00:00,160.97000,163.42000,160.76000,162.10000,117663.16,2026-07-27 05:59:59,19103661.1636000,69092,58686.62,9525461.1282000,0
2026-07-27 06:00:00,162.11000,164.26000,161.96000,164.21000,76167.08,2026-07-27 06:59:59,12441892.4273000,41154,37594.91,6141023.0263000,0
2026-07-27 07:00:00,164.20000,164.71000,163.29000,163.99000,70839.09,2026-07-27 07:59:59,11630245.4549000,31587,32034.53,5259280.3295000,0
2026-07-27 08:00:00,164.00000,164.50000,162.61000,163.34000,121518.69,2026-07-27 08:59:59,19859715.9256000,67828,55994.98,9151743.4510000,0
2026-07-27 09:00:00,163.35000,164.45000,162.94000,164.03000,56352.64,2026-07-27 09:59:59,9224172.3945000,26676,26681.31,4367682.4851000,0
2026-07-27 10:00:00,164.02000,164.14000,163.03000,163.39000,48188.49,2026-07-27 10:59:59,7881628.1853000,23845,22452.12,3673007.8349000,0
2026-07-27 11:00:00,163.39000,163.39000,160.84000,161.72000,139358.50,2026-07-27 11:59:59,22548465.4076000,69561,66193.48,10710252.6791000,0
2026-07-27 12:00:00,161.72000,162.34000,160.25000,162.17000,110692.57,2026-07-27 12:59:59,17882584.7213000,52570,63685.82,10294391.3407000,0
2026-07-27 13:00:00,162.17000,162.33000,149.95000,150.14000,824083.88,2026-07-27 13:59:59,128454783.1897000,320779,372926.07,58190568.5605000,0
2026-07-27 14:00:00,150.16000,150.39000,139.52000,145.74000,1698631.33,2026-07-27 14:59:59,245680555.2793000,393983,795479.89,115035927.0682000,0
2026-07-27 15:00:00,145.77000,146.33000,140.64000,141.77000,690524.90,2026-07-27 15:59:59,98637274.4189000,189935,338512.59,48397510.9432000,0
2026-07-27 16:00:00,141.78000,142.82000,139.10000,140.27000,539521.67,2026-07-27 16:59:59,76012169.7944000,133503,260059.79,36676803.0709000,0
2026-07-27 17:00:00,140.28000,142.95000,139.36000,142.86000,425156.78,2026-07-27 17:59:59,59817933.0016000,88254,213192.86,30008657.3982000,0
2026-07-27 18:00:00,142.87000,144.37000,141.64000,144.28000,276549.96,2026-07-27 18:59:59,39493097.8485000,66971,162049.73,23144681.9972000,0
2026-07-27 19:00:00,144.29000,146.38000,142.83000,143.37000,328717.80,2026-07-27 19:59:59,47615582.4103000,85295,166655.38,24158210.7324000,0
2026-07-27 20:00:00,143.40000,144.62000,143.04000,143.77000,78897.99,2026-07-27 20:59:59,11336555.9525000,25671,35536.94,5106053.4605000,0
2026-07-27 21:00:00,143.76000,144.04000,142.75000,142.76000,35451.61,2026-07-27 21:59:59,5083779.0614000,14046,18845.37,2701332.5039000,0
2026-07-27 22:00:00,142.76000,142.78000,141.24000,141.36000,121328.49,2026-07-27 22:59:59,17215221.5489000,32990,63254.04,8974947.5962000,0
2026-07-27 23:00:00,141.36000,142.58000,139.50000,142.46000,257759.72,2026-07-27 23:59:59,36350118.7550000,96238,124568.21,17573483.8935000,0
2026-07-28 00:00:00,142.45000,143.62000,139.03000,140.04000,253034.14,2026-07-28 00:59:59,35722108.4118000,122970,121599.96,17171132.3623000,0
2026-07-28 01:00:00,140.03000,140.97000,138.16000,138.67000,139188.73,2026-07-28 01:59:59,19442128.1116000,66994,56512.28,7895244.8213000,0
2026-07-28 02:00:00,138.67000,140.45000,137.80000,138.24000,203577.15,2026-07-28 02:59:59,28235244.2744000,82393,79629.35,11050070.0749000,0
2026-07-28 03:00:00,138.24000,139.93000,136.36000,139.21000,260413.14,2026-07-28 03:59:59,35940260.0300000,100021,117036.98,16159965.6663000,0
2026-07-28 04:00:00,139.22000,139.34000,136.64000,138.18000,135676.05,2026-07-28 04:59:59,18717524.2891000,64415,68129.72,9397450.9624000,0
2026-07-28 05:00:00,138.17000,139.42000,137.00000,137.35000,128586.36,2026-07-28 05:59:59,17745047.4761000,61570,62360.61,8607070.9659000,0
2026-07-28 06:00:00,137.35000,138.09000,136.53000,138.00000,145178.45,2026-07-28 06:59:59,19937347.1418000,78718,66890.43,9187215.1641000,0
2026-07-28 07:00:00,138.01000,138.48000,137.09000,137.32000,95634.46,2026-07-28 07:59:59,13178211.2846000,42503,41280.75,5688271.5173000,0
2026-07-28 08:00:00,137.33000,139.09000,135.40000,138.40000,311155.00,2026-07-28 08:59:59,42713508.8090000,110648,139730.61,19189986.0755000,0
2026-07-28 09:00:00,138.40000,139.07000,136.39000,136.79000,130137.55,2026-07-28 09:59:59,17932294.4153000,48822,60269.33,8305831.9982000,0
2026-07-28 10:00:00,136.78000,137.14000,135.25000,136.37000,172509.71,2026-07-28 10:59:59,23512852.3470000,54289,88578.31,12071870.0830000,0
2026-07-28 11:00:00,136.37000,137.51000,133.72000,137.14000,383653.59,2026-07-28 11:59:59,52043599.1930000,122312,181758.28,24661398.3960000,0
2026-07-28 12:00:00,137.14000,137.84000,135.82000,136.82000,309809.76,2026-07-28 12:59:59,42422322.2853000,102345,144059.29,19737938.5472000,0
2026-07-28 13:00:00,136.82000,137.69000,129.13000,129.56000,1301121.60,2026-07-28 13:59:59,173294447.7643000,399181,588698.05,78501419.9720000,0
2026-07-28 14:00:00,129.56000,134.87000,128.74000,131.68000,1150425.92,2026-07-28 14:59:59,150976053.3310000,376987,536791.17,70459347.1118000,0
2026-07-28 15:00:00,131.68000,134.29000,129.19000,133.42000,852917.32,2026-07-28 15:59:59,112601697.8034000,214889,385929.58,50897694.9481000,0
2026-07-28 16:00:00,133.43000,134.42000,131.37000,133.52000,345903.21,2026-07-28 16:59:59,46007609.0670000,103451,167018.68,22221503.9249000,0
2026-07-28 17:00:00,133.51000,134.01000,131.07000,131.84000,192016.47,2026-07-28 17:59:59,25428847.9935000,62361,93442.74,12377782.9757000,0
2026-07-28 18:00:00,131.85000,132.11000,129.67000,131.00000,268287.77,2026-07-28 18:59:59,35005265.6249000,68584,147715.09,19263220.7718000,0
2026-07-28 19:00:00,130.99000,133.68000,129.53000,130.33000,391785.39,2026-07-28 19:59:59,51582369.9975000,109479,188791.09,24843604.1304000,0
2026-07-28 20:00:00,130.33000,135.42000,129.91000,134.29000,401235.12,2026-07-28 20:59:59,53231295.3998000,129634,213631.28,28318114.6943000,0
2026-07-28 21:00:00,134.29000,135.85000,133.92000,135.50000,85117.92,2026-07-28 21:59:59,11475936.7793000,37810,43617.07,5881709.2244000,0
2026-07-28 22:00:00,135.49000,136.21000,116.40000,119.95000,1104265.85,2026-07-28 22:59:59,139909350.1929000,338778,461502.93,58636160.6125000,0
2026-07-28 23:00:00,119.94000,133.51000,119.94000,132.56000,1096566.30,2026-07-28 23:59:59,138913006.5594000,410373,540466.47,68493853.9428000,0
2026-07-29 00:00:00,132.55000,138.71000,129.85000,132.13000,1034528.79,2026-07-29 00:59:59,138972562.4037000,378753,509546.60,68466830.2294000,0
2026-07-29 01:00:00,132.16000,133.17000,122.62000,123.03000,760976.15,2026-07-29 01:59:59,96983371.8726000,259505,370153.49,47200493.0339000,0
2026-07-29 02:00:00,123.03000,125.82000,120.60000,121.89000,790594.64,2026-07-29 02:59:59,97342045.0143000,268800,414688.22,51073698.8540000,0
2026-07-29 03:00:00,121.91000,124.58000,118.71000,118.99000,486986.29,2026-07-29 03:59:59,59032473.5095000,168791,240003.51,29113650.1425000,0
2026-07-29 04:00:00,118.99000,120.60000,114.06000,120.24000,1016562.84,2026-07-29 04:59:59,119296622.3050000,317175,509233.06,59808899.6756000,0
2026-07-29 05:00:00,120.24000,126.51000,119.48000,124.71000,952432.63,2026-07-29 05:59:59,117416341.5407000,256085,497699.15,61365423.0875000,0
2026-07-29 06:00:00,124.72000,128.24000,122.28000,127.06000,720432.86,2026-07-29 06:59:59,90244261.2238000,154869,343716.44,43061713.3509000,0
2026-07-29 07:00:00,127.06000,128.43000,126.26000,128.00000,421217.23,2026-07-29 07:59:59,53683953.3438000,93147,209505.40,26702627.8578000,0
2026-07-29 08:00:00,127.99000,128.29000,125.12000,127.23000,474058.11,2026-07-29 08:59:59,60160091.5308000,120264,226751.95,28775684.4383000,0
2026-07-29 09:00:00,127.23000,132.07000,127.22000,131.13000,785612.03,2026-07-29 09:59:59,102486372.3416000,186149,377388.42,49224570.7966000,0
2026-07-29 10:00:00,131.13000,132.17000,126.70000,127.15000,533692.84,2026-07-29 10:59:59,69005120.6404000,120574,266454.64,34460806.5195000,0
2026-07-29 11:00:00,127.16000,129.56000,126.96000,129.51000,383910.83,2026-07-29 11:59:59,49276477.6820000,104651,190098.82,24403549.6260000,0
2026-07-29 12:00:00,129.50000,129.84000,126.71000,128.60000,336847.18,2026-07-29 12:59:59,43200912.9889000,102021,155425.34,19939253.7323000,0
2026-07-29 13:00:00,128.62000,133.59000,127.12000,131.91000,1533990.43,2026-07-29 13:59:59,200214962.9721000,534711,736115.06,96090725.0155000,0
2026-07-29 14:00:00,131.92000,136.23000,128.40000,129.73000,1440822.55,2026-07-29 14:59:59,189825426.1067000,467324,667006.07,87985872.0259000,0
2026-07-29 15:00:00,129.73000,131.31000,126.66000,128.41000,511998.36,2026-07-29 15:59:59,66067400.8482000,176022,224995.88,29037241.3693000,0
2026-07-29 16:00:00,128.42000,129.04000,125.02000,127.57000,389822.55,2026-07-29 16:59:59,49443409.1722000,126483,184474.38,23412571.0533000,0
2026-07-29 17:00:00,127.59000,129.24000,126.93000,128.81000,301464.05,2026-07-29 17:59:59,38618254.1593000,98130,150941.44,19346380.4596000,0
2026-07-29 18:00:00,128.82000,135.48000,127.33000,135.45000,685694.50,2026-07-29 18:59:59,89645398.3495000,260964,377658.25,49403416.5910000,0
2026-07-29 19:00:00,135.45000,137.29000,125.94000,127.01000,814175.76,2026-07-29 19:59:59,107460783.3036000,263852,363010.14,47833189.4468000,0
2026-07-29 20:00:00,127.02000,127.09000,123.30000,124.27000,423840.50,2026-07-29 20:59:59,53126079.0389000,168816,222619.33,27914734.8152000,0
2026-07-29 21:00:00,124.28000,124.57000,121.68000,123.63000,230046.48,2026-07-29 21:59:59,28288937.9189000,89224,107019.16,13166565.3498000,0
2026-07-29 22:00:00,123.63000,127.98000,123.63000,126.56000,325996.97,2026-07-29 22:59:59,41063550.7068000,95618,168675.42,21233629.8490000,0
2026-07-29 23:00:00,126.57000,127.29000,124.77000,125.91000,297812.14,2026-07-29 23:59:59,37493997.7520000,112293,143071.62,18020089.1105000,0
2026-07-30 00:00:00,125.92000,127.67000,122.38000,125.34000,621641.18,2026-07-30 00:59:59,77681286.2468000,305107,304146.93,38014332.0826000,0
2026-07-30 01:00:00,125.35000,132.06000,125.34000,130.22000,706250.15,2026-07-30 01:59:59,91118028.0206000,319322,360433.42,46524908.7684000,0
2026-07-30 02:00:00,130.22000,131.06000,125.75000,126.05000,473749.11,2026-07-30 02:59:59,60696523.0686000,218514,229958.76,29448183.8269000,0
2026-07-30 03:00:00,126.05000,126.48000,123.01000,125.64000,578614.97,2026-07-30 03:59:59,72273010.1062000,227017,325734.22,40691836.8198000,0
2026-07-30 04:00:00,125.65000,125.92000,122.94000,123.43000,413271.66,2026-07-30 04:59:59,51365668.3641000,160797,191234.61,23779508.6623000,0
2026-07-30 05:00:00,123.44000,125.86000,123.24000,125.31000,269019.59,2026-07-30 05:59:59,33465201.4213000,111687,141142.22,17557719.2439000,0
2026-07-30 06:00:00,125.32000,125.70000,123.06000,123.19000,193910.16,2026-07-30 06:59:59,24129712.5922000,69891,95983.93,11946998.0388000,0
2026-07-30 07:00:00,123.18000,124.33000,121.93000,122.22000,163600.78,2026-07-30 07:59:59,20103372.8230000,55779,73854.66,9077805.9937000,0
2026-07-30 08:00:00,122.22000,123.68000,120.52000,122.23000,416020.91,2026-07-30 08:59:59,50774170.2928000,136424,191542.00,23382628.0488000,0
2026-07-30 09:00:00,122.23000,124.27000,122.16000,123.71000,185693.10,2026-07-30 09:59:59,22949617.2468000,56671,96471.23,11923649.5177000,0
2026-07-30 10:00:00,123.71000,128.30000,123.43000,127.28000,396789.67,2026-07-30 10:59:59,50176591.0161000,115326,199341.75,25202309.4273000,0
2026-07-30 11:00:00,127.27000,131.53000,127.18000,130.71000,513141.73,2026-07-30 11:59:59,66568861.3345000,151356,271970.14,35303573.8756000,0
2026-07-30 12:00:00,130.71000,134.85000,130.61000,134.58000,568748.94,2026-07-30 12:59:59,75419047.1414000,179803,275269.40,36502128.7122000,0
2026-07-30 13:00:00,134.57000,142.31000,133.71000,142.12000,1700573.82,2026-07-30 13:59:59,234972827.1211000,498077,917660.29,126873345.0057000,0
2026-07-30 14:00:00,142.10000,148.88000,139.84000,144.14000,1781179.55,2026-07-30 14:59:59,258163161.5039000,542983,949464.77,137647986.2969000,0
2026-07-30 15:00:00,144.13000,147.48000,143.24000,146.86000,717160.38,2026-07-30 15:59:59,104002192.8100000,229714,368269.89,53454146.8648000,0
2026-07-30 16:00:00,146.85000,148.15000,145.61000,147.27000,580451.35,2026-07-30 16:59:59,85216208.7958000,132135,283064.31,41570744.2465000,0
2026-07-30 17:00:00,147.28000,149.57000,147.27000,148.06000,379912.71,2026-07-30 17:59:59,56413432.4733000,88717,215047.25,31941615.8896000,0
2026-07-30 18:00:00,148.07000,148.89000,147.46000,148.71000,188017.05,2026-07-30 18:59:59,27891481.1035000,63587,93497.73,13870522.8190000,0
2026-07-30 19:00:00,148.71000,150.39000,147.89000,148.91000,308739.13,2026-07-30 19:59:59,46063011.0845000,95987,151366.07,22589281.1887000,0
2026-07-30 20:00:00,148.93000,151.98000,148.41000,150.11000,362990.69,2026-07-30 20:59:59,54667944.9820000,115714,170389.48,25659422.0979000,0
2026-07-30 21:00:00,150.11000,154.57000,149.16000,151.54000,299958.02,2026-07-30 21:59:59,45581773.0804000,102536,161523.99,24542788.4550000,0
2026-07-30 22:00:00,151.53000,155.19000,150.91000,153.36000,215422.26,2026-07-30 22:59:59,33093883.5710000,74330,112544.72,17279425.2439000,0
2026-07-30 23:00:00,153.36000,154.84000,150.29000,153.70000,387264.36,2026-07-30 23:59:59,58997120.4424000,155402,178268.12,27174250.5728000,0
2026-07-31 00:00:00,153.71000,161.11000,152.49000,160.90000,945835.01,2026-07-31 00:59:59,149266015.6135000,353419,500178.63,78944386.0205000,0
2026-07-31 01:00:00,160.92000,161.89000,154.41000,155.92000,715600.29,2026-07-31 01:59:59,113384387.6589000,228096,348860.56,55336570.9769000,0
2026-07-31 02:00:00,155.90000,156.99000,152.71000,155.62000,393793.12,2026-07-31 02:59:59,60972394.2841000,142641,185072.16,28673383.7535000,0
2026-07-31 03:00:00,155.61000,156.62000,154.25000,156.09000,248284.40,2026-07-31 03:59:59,38664761.9768000,100769,116379.79,18124179.4410000,0
2026-07-31 04:00:00,156.09000,158.85000,155.40000,158.58000,213221.01,2026-07-31 04:59:59,33555032.0062000,75631,116401.69,18323964.4568000,0
2026-07-31 05:00:00,158.58000,161.77000,157.98000,160.62000,381210.56,2026-07-31 05:59:59,60972940.8056000,121556,189033.45,30234624.9272000,0
2026-07-31 06:00:00,160.60000,162.18000,154.75000,157.59000,858473.09,2026-07-31 06:59:59,135799952.6582000,270038,422859.06,66916111.2900000,0
2026-07-31 07:00:00,157.59000,159.76000,156.46000,158.57000,302170.02,2026-07-31 07:59:59,47754196.9464000,138443,160245.10,25322561.8769000,0
2026-07-31 08:00:00,158.56000,159.99000,156.81000,159.86000,369975.01,2026-07-31 08:59:59,58677416.7813000,162211,182244.16,28910072.8258000,0
2026-07-31 09:00:00,159.87000,161.16000,157.34000,157.36000,308165.15,2026-07-31 09:59:59,49021783.8482000,122708,148673.88,23647905.9256000,0
2026-07-31 10:00:00,157.36000,160.32000,157.07000,158.64000,232506.04,2026-07-31 10:59:59,36971244.3046000,89079,108194.68,17205748.2280000,0
2026-07-31 11:00:00,158.65000,160.14000,158.47000,159.57000,240124.79,2026-07-31 11:59:59,38249049.9119000,105067,115991.25,18478816.5495000,0
2026-07-31 12:00:00,159.59000,159.60000,155.98000,156.60000,352801.36,2026-07-31 12:59:59,55607791.7400000,141656,161341.93,25425354.7941000,0
2026-07-31 13:00:00,156.60000,162.86000,149.56000,150.80000,1925934.71,2026-07-31 13:59:59,299429333.4077000,635226,962804.22,149708673.6376000,0
2026-07-31 14:00:00,150.81000,151.53000,145.04000,147.80000,1715207.83,2026-07-31 14:59:59,253495350.8942000,552470,871831.77,128872856.9643000,0
2026-07-31 15:00:00,147.81000,149.55000,145.32000,146.80000,646925.49,2026-07-31 15:59:59,95261778.7534000,219560,326987.45,48161619.6652000,0
2026-07-31 16:00:00,146.82000,148.78000,144.89000,148.23000,362334.23,2026-07-31 16:59:59,53182334.7371000,111075,200155.46,29377569.6649000,0
2026-07-31 17:00:00,148.23000,149.64000,147.39000,148.26000,188540.20,2026-07-31 17:59:59,28032661.4752000,65466,88707.73,13189999.9245000,0
2026-07-31 18:00:00,148.26000,148.43000,146.40000,147.54000,137557.29,2026-07-31 18:59:59,20268558.8687000,50392,72879.63,10737189.0529000,0
2026-07-31 19:00:00,147.52000,147.91000,143.74000,143.98000,178021.57,2026-07-31 19:59:59,25937685.5956000,71967,74612.19,10879912.5951000,0
2026-07-31 20:00:00,143.97000,144.40000,142.40000,142.66000,161224.47,2026-07-31 20:59:59,23099173.8344000,58973,65464.74,9377132.5893000,0
2026-07-31 21:00:00,142.66000,143.69000,142.37000,142.69000,53926.63,2026-07-31 21:59:59,7711322.7845000,23349,28729.74,4108385.8870000,0
2026-07-31 22:00:00,142.69000,143.33000,142.13000,143.03000,39001.17,2026-07-31 22:59:59,5574090.6700000,14698,18021.66,2574875.5767000,0
2026-07-31 23:00:00,143.03000,143.38000,142.64000,142.90000,38337.98,2026-07-31 23:59:59,5483092.1643000,19762,23552.00,3369075.3949000,0
2026-08-01 00:00:00,142.91000,147.52000,142.91000,144.13000,124709.07,2026-08-01 00:59:59,18140302.1966000,69935,62113.10,9028486.7176000,0
2026-08-01 01:00:00,144.13000,145.11000,143.96000,144.47000,26770.07,2026-08-01 01:59:59,3869431.2685000,19050,12219.37,1766372.2952000,0
2026-08-01 02:00:00,144.48000,145.00000,144.48000,144.66000,15125.23,2026-08-01 02:59:59,2189904.1799000,11734,7610.54,1101861.8962000,0
2026-08-01 03:00:00,144.67000,144.79000,144.29000,144.66000,14558.24,2026-08-01 03:59:59,2104774.4303000,13585,8120.94,1174119.4508000,0
2026-08-01 04:00:00,144.65000,145.07000,144.61000,144.79000,12901.09,2026-08-01 04:59:59,1868917.0266000,9453,8555.47,1239420.8007000,0
2026-08-01 05:00:00,144.78000,145.18000,144.49000,144.79000,12320.29,2026-08-01 05:59:59,1783865.1862000,13303,6366.84,921847.8856000,0
2026-08-01 06:00:00,144.80000,146.25000,144.65000,145.44000,36066.47,2026-08-01 06:59:59,5250279.0368000,20030,17977.88,2617135.3936000,0
2026-08-01 07:00:00,145.45000,146.33000,145.38000,146.17000,16838.35,2026-08-01 07:59:59,2455040.8906000,9659,9679.91,1411612.4690000,0
2026-08-01 08:00:00,146.17000,146.30000,145.53000,145.56000,14818.73,2026-08-01 08:59:59,2161516.4319000,12501,7100.65,1035739.8631000,0
2026-08-01 09:00:00,145.56000,146.00000,145.49000,145.68000,15770.67,2026-08-01 09:59:59,2297521.0973000,9447,8520.52,1241054.5324000,0
2026-08-01 10:00:00,145.68000,146.12000,145.57000,145.85000,9737.59,2026-08-01 10:59:59,1419797.5477000,6375,4351.48,634558.8015000,0
2026-08-01 11:00:00,145.84000,146.30000,145.76000,146.00000,9751.14,2026-08-01 11:59:59,1423741.3706000,6861,5808.79,848067.1150000,0
2026-08-01 12:00:00,146.00000,146.17000,145.45000,145.52000,12758.37,2026-08-01 12:59:59,1859413.8936000,8125,4424.33,644868.7975000,0
2026-08-01 13:00:00,145.52000,145.59000,144.65000,144.75000,32645.29,2026-08-01 13:59:59,4732780.4034000,22282,14887.27,2158597.3641000,0
2026-08-01 14:00:00,144.75000,145.41000,144.51000,144.81000,20007.68,2026-08-01 14:59:59,2900658.7618000,11807,12023.53,1743381.9569000,0
2026-08-01 15:00:00,144.80000,145.10000,144.49000,144.64000,12084.46,2026-08-01 15:59:59,1748975.0600000,7126,7479.37,1082582.2362000,0
2026-08-01 16:00:00,144.64000,144.72000,143.68000,144.35000,15974.65,2026-08-01 16:59:59,2304459.8355000,11281,7323.41,1056518.0219000,0
2026-08-01 17:00:00,144.35000,145.06000,143.72000,143.83000,17671.61,2026-08-01 17:59:59,2549982.7453000,13758,8478.25,1223041.2958000,0
2026-08-01 18:00:00,143.82000,144.20000,141.30000,142.83000,69189.39,2026-08-01 18:59:59,9875837.2245000,50873,31242.74,4455487.2414000,0
2026-08-01 19:00:00,142.82000,142.95000,141.96000,142.35000,16064.00,2026-08-01 19:59:59,2290447.4606000,13037,7281.42,1038234.4716000,0
2026-08-01 20:00:00,142.36000,143.06000,141.99000,142.86000,14477.59,2026-08-01 20:59:59,2064684.6443000,16181,6803.27,970090.3670000,0
2026-08-01 21:00:00,142.87000,145.38000,142.08000,145.30000,39791.05,2026-08-01 21:59:59,5733661.2009000,32482,18251.92,2630458.9944000,0
2026-08-01 22:00:00,145.30000,145.44000,144.27000,144.94000,21884.46,2026-08-01 22:59:59,3169173.9602000,18405,10767.09,1559192.9852000,0
2026-08-01 23:00:00,144.94000,145.45000,144.61000,145.14000,12804.13,2026-08-01 23:59:59,1856803.7671000,7692,6766.26,981664.8860000,0
2026-08-02 00:00:00,145.14000,146.11000,145.14000,145.48000,18407.27,2026-08-02 00:59:59,2680973.3078000,12845,9123.67,1328904.1076000,0
2026-08-02 01:00:00,145.48000,145.60000,145.00000,145.31000,11547.97,2026-08-02 01:59:59,1678382.1756000,12610,6009.61,873470.6956000,0
2026-08-02 02:00:00,145.31000,149.70000,145.14000,148.03000,159511.46,2026-08-02 02:59:59,23643231.9277000,69584,84333.19,12496007.1932000,0
2026-08-02 03:00:00,148.03000,148.62000,147.52000,148.04000,54484.39,2026-08-02 03:59:59,8065007.6540000,41809,30265.51,4479996.3851000,0
2026-08-02 04:00:00,148.04000,149.17000,148.03000,148.18000,34771.05,2026-08-02 04:59:59,5162957.5498000,15337,18531.53,2752513.9706000,0
2026-08-02 05:00:00,148.17000,148.40000,147.63000,148.28000,19689.19,2026-08-02 05:59:59,2913358.8591000,12436,11077.91,1639074.8411000,0
2026-08-02 06:00:00,148.29000,148.57000,148.00000,148.10000,17133.81,2026-08-02 06:59:59,2540345.6323000,9057,8765.12,1299418.5778000,0
2026-08-02 07:00:00,148.09000,149.18000,147.96000,148.92000,40380.89,2026-08-02 07:59:59,6007352.2383000,15698,21085.70,3136584.0815000,0
2026-08-02 08:00:00,148.92000,149.55000,148.84000,148.93000,48825.72,2026-08-02 08:59:59,7283634.6326000,20249,23826.62,3554479.1407000,0
2026-08-02 09:00:00,148.93000,149.32000,148.28000,149.14000,25251.93,2026-08-02 09:59:59,3758382.4025000,14367,14252.16,2121189.5008000,0
2026-08-02 10:00:00,149.14000,149.25000,148.26000,148.26000,23656.91,2026-08-02 10:59:59,3519804.3399000,12200,8803.44,1310183.9129000,0
2026-08-02 11:00:00,148.26000,148.31000,145.37000,146.01000,73371.17,2026-08-02 11:59:59,10760318.5578000,37938,32109.02,4708633.7178000,0
2026-08-02 12:00:00,146.01000,147.17000,145.86000,146.49000,27720.40,2026-08-02 12:59:59,4063699.5903000,15677,14406.05,2111364.1688000,0
2026-08-02 13:00:00,146.48000,146.87000,146.18000,146.59000,13192.94,2026-08-02 13:59:59,1933495.6503000,12410,6087.28,892251.4289000,0
2026-08-02 14:00:00,146.59000,146.94000,146.34000,146.65000,18313.10,2026-08-02 14:59:59,2685788.5289000,11246,10698.64,1569102.9347000,0
2026-08-02 15:00:00,146.65000,146.98000,146.50000,146.92000,8986.23,2026-08-02 15:59:59,1318573.0383000,6597,4683.60,687254.9840000,0
2026-08-02 16:00:00,146.93000,147.90000,146.62000,147.63000,23418.90,2026-08-02 16:59:59,3449767.2427000,13429,13696.21,2017701.8111000,0
2026-08-02 17:00:00,147.63000,149.53000,147.56000,148.27000,50154.12,2026-08-02 17:59:59,7459524.8509000,38296,27719.92,4124846.8112000,0
2026-08-02 18:00:00,148.28000,149.40000,148.16000,148.61000,17209.18,2026-08-02 18:59:59,2560037.8744000,12604,9256.50,1377453.2497000,0
2026-08-02 19:00:00,148.62000,150.00000,148.62000,149.51000,15856.41,2026-08-02 19:59:59,2367826.5352000,10409,8936.89,1335068.6821000,0
2026-08-02 20:00:00,149.51000,149.89000,148.64000,148.80000,21282.87,2026-08-02 20:59:59,3177653.4439000,11592,9668.56,1443267.7524000,0
2026-08-02 21:00:00,148.81000,150.25000,148.23000,149.30000,44870.99,2026-08-02 21:59:59,6694009.4970000,22420,24324.37,3629015.9660000,0
2026-08-02 22:00:00,149.30000,150.05000,148.05000,149.43000,92345.92,2026-08-02 22:59:59,13775234.8967000,45425,47824.77,7134111.0926000,0
2026-08-02 23:00:00,149.43000,152.15000,148.78000,150.37000,227889.10,2026-08-02 23:59:59,34327611.3242000,77671,111433.02,16793808.0013000,0
2026-08-03 00:00:00,150.35000,150.47000,145.39000,148.74000,438291.01,2026-08-03 00:59:59,64530918.4405000,222424,217852.50,32074989.3787000,0
2026-08-03 01:00:00,148.74000,149.00000,144.16000,146.77000,288872.71,2026-08-03 01:59:59,42240054.9520000,116633,148052.50,21640726.9023000,0
2026-08-03 02:00:00,146.76000,147.75000,145.60000,146.31000,182570.70,2026-08-03 02:59:59,26799630.3543000,75585,96871.42,14224208.0873000,0
2026-08-03 03:00:00,146.30000,146.66000,145.13000,145.76000,102156.44,2026-08-03 03:59:59,14905151.4608000,44689,49524.11,7227606.7942000,0
2026-08-03 04:00:00,145.77000,146.73000,144.83000,144.93000,97374.35,2026-08-03 04:59:59,14198179.7696000,43455,51599.44,7523956.8331000,0
2026-08-03 05:00:00,144.93000,146.15000,144.60000,145.37000,103104.60,2026-08-03 05:59:59,14997692.6397000,53080,52527.64,7641461.4231000,0
2026-08-03 06:00:00,145.37000,145.77000,144.22000,144.48000,90491.18,2026-08-03 06:59:59,13104568.6697000,42479,45045.33,6522822.1214000,0
2026-08-03 07:00:00,144.49000,144.84000,143.29000,143.77000,98865.43,2026-08-03 07:59:59,14232216.5473000,34350,46239.35,6657734.0989000,0
2026-08-03 08:00:00,143.76000,144.02000,140.45000,142.87000,384092.60,2026-08-03 08:59:59,54579408.6626000,121379,185355.12,26338211.0816000,0
2026-08-03 09:00:00,142.87000,144.08000,141.03000,141.85000,228978.86,2026-08-03 09:59:59,32593156.5955000,85653,112716.20,16047591.8106000,0
2026-08-03 10:00:00,141.85000,141.89000,138.78000,140.16000,272406.74,2026-08-03 10:59:59,38128010.8005000,107785,128730.94,18017337.0012000,0
2026-08-03 11:00:00,140.14000,140.41000,137.45000,137.82000,273285.11,2026-08-03 11:59:59,37933117.8876000,99022,127421.89,17690621.5553000,0
2026-08-03 12:00:00,137.81000,139.75000,137.31000,138.83000,212713.71,2026-08-03 12:59:59,29475480.9866000,77732,101079.30,14009031.7486000,0
2026-08-03 13:00:00,138.84000,141.52000,134.85000,138.62000,1275835.88,2026-08-03 13:59:59,175422060.0707000,410432,625527.49,86083175.8172000,0
2026-08-03 14:00:00,138.63000,141.93000,135.57000,141.50000,707839.00,2026-08-03 14:59:59,98248267.1033000,254170,353095.42,49042745.2619000,0
2026-08-03 15:00:00,141.51000,141.53000,137.93000,139.44000,341053.33,2026-08-03 15:59:59,47507631.6598000,113484,162951.66,22704020.0250000,0
2026-08-03 16:00:00,139.44000,141.46000,139.39000,140.02000,214182.53,2026-08-03 16:59:59,30062352.1901000,70682,106414.37,14934897.8664000,0
2026-08-03 17:00:00,140.03000,143.63000,139.87000,143.45000,186729.40,2026-08-03 17:59:59,26512447.5755000,74477,103522.05,14701851.3250000,0
2026-08-03 18:00:00,143.46000,144.31000,142.21000,142.53000,189943.69,2026-08-03 18:59:59,27213071.2258000,66401,90151.86,12915151.2348000,0
2026-08-03 19:00:00,142.53000,143.56000,141.32000,142.86000,150440.31,2026-08-03 19:59:59,21435968.1276000,62545,73711.99,10505759.7581000,0
2026-08-03 20:00:00,142.86000,143.84000,142.43000,143.82000,96756.02,2026-08-03 20:59:59,13845600.7440000,31398,47709.92,6827810.7853000,0
2026-08-03 21:00:00,143.81000,144.58000,143.50000,144.07000,51226.80,2026-08-03 21:59:59,7383557.6655000,26209,23357.36,3366367.8050000,0
2026-08-03 22:00:00,144.07000,146.02000,144.00000,145.63000,124011.50,2026-08-03 22:59:59,17984827.4285000,45440,54234.04,7865004.0268000,0
2026-08-03 23:00:00,145.62000,147.17000,145.50000,146.97000,223559.56,2026-08-03 23:59:59,32709524.4226000,73554,111754.24,16350433.4400000,0
2026-08-04 00:00:00,146.97000,147.76000,139.54000,139.87000,492774.13,2026-08-04 00:59:59,70781549.3953000,185918,227970.03,32743314.4873000,0
2026-08-04 01:00:00,139.87000,144.98000,139.35000,144.64000,312952.36,2026-08-04 01:59:59,44406408.4690000,123029,160796.42,22817143.9205000,0
2026-08-04 02:00:00,144.64000,144.87000,141.74000,141.95000,169091.36,2026-08-04 02:59:59,24176191.7408000,83159,76614.62,10954227.4363000,0
2026-08-04 03:00:00,141.95000,142.45000,140.41000,141.48000,100505.97,2026-08-04 03:59:59,14204054.6391000,74760,48008.22,6784663.8493000,0
2026-08-04 04:00:00,141.48000,141.67000,139.86000,140.99000,118673.23,2026-08-04 04:59:59,16702139.5929000,63801,58423.24,8223226.4843000,0
2026-08-04 05:00:00,141.00000,144.32000,140.59000,144.22000,227696.30,2026-08-04 05:59:59,32477944.5158000,101107,115016.27,16407145.5106000,0
2026-08-04 06:00:00,144.22000,145.90000,143.38000,145.89000,216596.32,2026-08-04 06:59:59,31357731.2817000,78791,98641.23,14283261.0954000,0
2026-08-04 07:00:00,145.90000,146.29000,145.03000,145.79000,97458.56,2026-08-04 07:59:59,14206400.4361000,41775,47280.98,6892734.9660000,0
2026-08-04 08:00:00,145.78000,147.80000,145.50000,146.21000,207735.13,2026-08-04 08:59:59,30459371.2452000,68753,102939.36,15096692.9961000,0
2026-08-04 09:00:00,146.19000,146.28000,143.91000,145.54000,167538.05,2026-08-04 09:59:59,24323504.5809000,54561,80321.50,11660186.1159000,0
2026-08-04 10:00:00,145.55000,147.85000,145.36000,146.85000,152892.83,2026-08-04 10:59:59,22439518.0397000,56120,85762.19,12586594.9165000,0
2026-08-04 11:00:00,146.85000,150.05000,146.81000,149.93000,264250.18,2026-08-04 11:59:59,39293598.0156000,84395,140082.68,20831474.4151000,0
2026-08-04 12:00:00,149.93000,149.97000,147.99000,149.70000,221905.13,2026-08-04 12:59:59,33089542.9123000,62546,105677.02,15757925.5460000,0
2026-08-04 13:00:00,149.71000,152.74000,147.59000,148.39000,1154884.96,2026-08-04 13:59:59,173646322.6019000,366581,604400.34,90935632.3528000,0
2026-08-04 14:00:00,148.38000,149.83000,146.89000,148.51000,508650.14,2026-08-04 14:59:59,75471019.0645000,186711,237234.56,35214313.7792000,0
2026-08-04 15:00:00,148.51000,151.47000,148.34000,150.51000,265581.14,2026-08-04 15:59:59,39867988.5909000,82024,138235.55,20752332.6009000,0
2026-08-04 16:00:00,150.52000,152.20000,150.27000,152.11000,228263.54,2026-08-04 16:59:59,34539939.4894000,58275,110923.80,16791376.2352000,0
2026-08-04 17:00:00,152.11000,154.90000,151.45000,154.29000,189640.19,2026-08-04 17:59:59,29090914.8272000,65684,98277.03,15087438.5658000,0
2026-08-04 18:00:00,154.27000,155.56000,153.00000,153.28000,168369.78,2026-08-04 18:59:59,26006583.4610000,53582,81130.16,12538469.5076000,0
2026-08-04 19:00:00,153.28000,154.96000,153.10000,154.49000,155267.71,2026-08-04 19:59:59,23936284.6754000,52235,71165.94,10972885.3140000,0
2026-08-04 20:00:00,154.51000,155.56000,150.34000,151.71000,251549.67,2026-08-04 20:59:59,38275706.8773000,106777,123309.10,18764611.1736000,0
2026-08-04 21:00:00,151.70000,153.12000,150.95000,152.21000,110816.71,2026-08-04 21:59:59,16837522.5237000,47124,61119.74,9287490.0008000,0
2026-08-04 22:00:00,152.20000,153.61000,151.94000,153.41000,81907.48,2026-08-04 22:59:59,12514803.9145000,30648,43893.23,6706637.9491000,0
2026-08-04 23:00:00,153.41000,155.55000,152.88000,155.33000,138246.32,2026-08-04 23:59:59,21346388.8978000,46312,67480.93,10413481.6957000,0
2026-08-05 00:00:00,155.32000,156.48000,153.41000,154.72000,432536.38,2026-08-05 00:59:59,67103632.6567000,158800,194136.12,30108149.7977000,0
2026-08-05 01:00:00,154.73000,155.11000,152.08000,154.74000,247122.90,2026-08-05 01:59:59,37977752.5917000,88295,125395.04,19271696.7750000,0
2026-08-05 02:00:00,154.75000,155.65000,152.89000,153.68000,88930.66,2026-08-05 02:59:59,13696200.6099000,45396,44384.99,6837174.2549000,0
2026-08-05 03:00:00,153.67000,155.20000,153.62000,155.10000,62192.38,2026-08-05 03:59:59,9615040.7194000,35568,32182.94,4975605.1263000,0
2026-08-05 04:00:00,155.10000,155.80000,154.20000,155.53000,65783.13,2026-08-05 04:59:59,10204295.8968000,29884,31532.45,4891966.1637000,0
2026-08-05 05:00:00,155.54000,156.45000,155.18000,155.82000,106971.04,2026-08-05 05:59:59,16680474.6131000,38050,52071.28,8121092.3167000,0
2026-08-05 06:00:00,155.82000,156.76000,153.62000,153.85000,130107.85,2026-08-05 06:59:59,20153286.2116000,42757,64309.44,9966645.8938000,0
2026-08-05 07:00:00,153.86000,154.27000,152.48000,153.00000,117525.03,2026-08-05 07:59:59,18014313.0236000,32682,47813.21,7326488.8586000,0
2026-08-05 08:00:00,152.99000,153.65000,148.64000,150.05000,453535.69,2026-08-05 08:59:59,68330459.5351000,130849,179275.88,27006878.7896000,0
2026-08-05 09:00:00,150.05000,150.93000,149.71000,150.15000,153576.99,2026-08-05 09:59:59,23066337.3795000,57021,72528.06,10897020.7757000,0
2026-08-05 10:00:00,150.16000,150.40000,148.69000,149.35000,105237.04,2026-08-05 10:59:59,15742285.2230000,39492,46504.30,6959296.3617000,0
2026-08-05 11:00:00,149.37000,151.32000,149.27000,150.25000,206637.87,2026-08-05 11:59:59,31089582.3901000,71458,110744.06,16662947.3023000,0
2026-08-05 12:00:00,150.24000,151.34000,149.82000,150.32000,144973.08,2026-08-05 12:59:59,21828459.0459000,52282,75182.52,11323569.4131000,0
2026-08-05 13:00:00,150.32000,155.66000,149.45000,154.54000,701797.45,2026-08-05 13:59:59,106862491.8663000,268911,365076.24,55619177.2244000,0
2026-08-05 14:00:00,154.51000,155.29000,150.53000,152.94000,533340.86,2026-08-05 14:59:59,81499897.7346000,235661,257387.41,39347560.4673000,0
2026-08-05 15:00:00,152.93000,155.49000,152.56000,153.91000,360268.87,2026-08-05 15:59:59,55488271.4039000,131071,173016.21,26649094.5661000,0
2026-08-05 16:00:00,153.91000,156.26000,153.68000,154.09000,257268.21,2026-08-05 16:59:59,39805366.8897000,97610,134655.52,20846013.0646000,0
2026-08-05 17:00:00,154.10000,154.26000,151.84000,152.62000,134162.27,2026-08-05 17:59:59,20495799.1629000,55649,70212.83,10726750.9006000,0
2026-08-05 18:00:00,152.62000,153.07000,152.03000,152.22000,98254.11,2026-08-05 18:59:59,14998341.7369000,36850,40733.09,6215361.9516000,0
2026-08-05 19:00:00,152.22000,153.10000,150.69000,150.96000,495139.83,2026-08-05 19:59:59,74913420.5012000,92920,314297.06,47547214.2858000,0
2026-08-05 20:00:00,150.96000,151.81000,147.46000,149.96000,556154.60,2026-08-05 20:59:59,83127652.3390000,251334,253420.67,37887237.1076000,0
2026-08-05 21:00:00,149.96000,150.20000,146.72000,147.89000,148712.22,2026-08-05 21:59:59,22059859.6831000,72087,67767.64,10061619.8118000,0
2026-08-05 22:00:00,147.88000,149.34000,147.52000,148.47000,95228.38,2026-08-05 22:59:59,14157441.7294000,38455,44604.88,6630775.2543000,0
2026-08-05 23:00:00,148.47000,149.08000,147.00000,148.00000,110969.68,2026-08-05 23:59:59,16414686.3718000,45593,52653.85,7788948.7883000,0
2026-08-06 00:00:00,147.99000,148.96000,144.61000,145.12000,330043.88,2026-08-06 00:59:59,48429219.2765000,147397,150714.99,22119441.5745000,0
2026-08-06 01:00:00,145.11000,145.45000,143.18000,145.03000,216124.34,2026-08-06 01:59:59,31219724.6793000,97453,105389.95,15228440.4446000,0
2026-08-06 02:00:00,145.04000,145.99000,144.38000,144.84000,166510.39,2026-08-06 02:59:59,24165046.2513000,60845,79809.51,11585691.3780000,0
2026-08-06 03:00:00,144.83000,144.97000,143.70000,144.20000,114560.05,2026-08-06 03:59:59,16530151.3365000,40852,58440.14,8434967.6995000,0
2026-08-06 04:00:00,144.21000,144.57000,142.95000,143.63000,141302.01,2026-08-06 04:59:59,20292280.2858000,53893,72145.73,10360525.0997000,0
2026-08-06 05:00:00,143.63000,144.67000,142.57000,143.49000,114862.97,2026-08-06 05:59:59,16507186.6308000,41644,58869.27,8462221.2851000,0
2026-08-06 06:00:00,143.50000,143.50000,141.23000,142.26000,159878.84,2026-08-06 06:59:59,22709598.0644000,52295,75973.99,10790337.8721000,0
2026-08-06 07:00:00,142.25000,143.31000,141.83000,141.99000,81708.62,2026-08-06 07:59:59,11652998.1950000,25159,36348.47,5182055.1589000,0
2026-08-06 08:00:00,141.98000,143.00000,140.94000,142.48000,194676.54,2026-08-06 08:59:59,27639964.8131000,67442,94034.28,13355539.9985000,0
2026-08-06 09:00:00,142.48000,142.48000,141.09000,142.19000,119818.23,2026-08-06 09:59:59,16975642.3319000,40980,55376.44,7846130.5120000,0
2026-08-06 10:00:00,142.19000,142.50000,140.83000,141.31000,86176.65,2026-08-06 10:59:59,12195792.7002000,37988,37664.33,5331653.8149000,0
2026-08-06 11:00:00,141.31000,142.19000,139.92000,141.61000,203767.81,2026-08-06 11:59:59,28734438.4748000,64217,85808.31,12102974.9519000,0
2026-08-06 12:00:00,141.61000,141.78000,140.28000,141.05000,152000.61,2026-08-06 12:59:59,21419960.1577000,50996,60620.80,8544331.1074000,0
2026-08-06 13:00:00,141.05000,144.25000,137.81000,144.03000,908173.85,2026-08-06 13:59:59,128046002.4393000,277663,466668.01,65884409.5054000,0
2026-08-06 14:00:00,144.00000,147.05000,143.26000,145.96000,783196.06,2026-08-06 14:59:59,113744892.4823000,250575,427975.54,62168497.5210000,0
2026-08-06 15:00:00,145.96000,147.19000,144.46000,144.58000,427751.18,2026-08-06 15:59:59,62437491.9185000,141114,223858.20,32694173.0260000,0
2026-08-06 16:00:00,144.59000,144.66000,142.31000,143.49000,397355.56,2026-08-06 16:59:59,56960203.4928000,114117,182420.70,26150959.8412000,0
2026-08-06 17:00:00,143.49000,143.99000,142.55000,143.23000,96518.58,2026-08-06 17:59:59,13837238.6080000,47782,47522.03,6813946.7287000,0
2026-08-06 18:00:00,143.26000,144.16000,142.39000,142.86000,163093.23,2026-08-06 18:59:59,23377029.9127000,66223,85941.22,12322123.3118000,0
2026-08-06 19:00:00,142.85000,144.22000,142.85000,143.60000,173738.09,2026-08-06 19:59:59,24954710.2942000,67548,96665.87,13884635.8670000,0
2026-08-06 20:00:00,143.60000,144.05000,142.72000,144.02000,69561.64,2026-08-06 20:59:59,9970141.0577000,41304,38309.68,5490865.1052000,0
2026-08-06 21:00:00,144.02000,144.91000,143.97000,144.18000,50838.70,2026-08-06 21:59:59,7345429.5335000,22461,29513.48,4264634.9642000,0
2026-08-06 22:00:00,144.17000,145.06000,144.02000,145.02000,40823.28,2026-08-06 22:59:59,5907571.4742000,23528,25034.55,3623025.1336000,0
2026-08-06 23:00:00,145.03000,145.03000,143.21000,144.33000,96381.87,2026-08-06 23:59:59,13874991.1922000,50157,47260.95,6804343.8533000,0
2026-08-07 00:00:00,144.33000,146.10000,140.88000,142.98000,396969.02,2026-08-07 00:59:59,56743238.7188000,169368,193236.97,27633895.5315000,0
2026-08-07 01:00:00,143.00000,143.29000,138.44000,139.55000,480799.19,2026-08-07 01:59:59,67328167.3885000,188009,222746.87,31184435.1968000,0
2026-08-07 02:00:00,139.55000,140.82000,139.11000,140.41000,217847.50,2026-08-07 02:59:59,30512368.0378000,80205,107147.88,15007249.7623000,0
2026-08-07 03:00:00,140.41000,141.10000,139.06000,139.09000,171221.55,2026-08-07 03:59:59,23954994.7248000,46229,84887.84,11873757.5032000,0
2026-08-07 04:00:00,139.09000,140.03000,138.36000,139.02000,140880.18,2026-08-07 04:59:59,19615414.7934000,40439,60811.49,8468995.4684000,0
2026-08-07 05:00:00,139.01000,139.53000,138.65000,138.72000,127458.21,2026-08-07 05:59:59,17728498.9380000,38706,57054.03,7935625.5646000,0
2026-08-07 06:00:00,138.73000,139.78000,138.41000,138.78000,135175.87,2026-08-07 06:59:59,18784802.2439000,44714,68746.45,9552321.4957000,0
2026-08-07 07:00:00,138.79000,143.02000,138.65000,142.92000,252360.21,2026-08-07 07:59:59,35759724.4188000,64327,136782.26,19382999.1892000,0
2026-08-07 08:00:00,142.92000,144.82000,142.85000,143.37000,311681.02,2026-08-07 08:59:59,44879170.4688000,82330,135754.40,19547809.1824000,0
2026-08-07 09:00:00,143.38000,143.82000,142.70000,142.76000,111361.35,2026-08-07 09:59:59,15965212.5089000,45742,50987.77,7310846.1752000,0
2026-08-07 10:00:00,142.75000,142.85000,141.47000,141.60000,153683.00,2026-08-07 10:59:59,21842168.0475000,48225,69912.05,9937981.0159000,0
2026-08-07 11:00:00,141.61000,142.70000,141.60000,142.00000,101644.02,2026-08-07 11:59:59,14458858.0187000,29440,48595.46,6912918.4165000,0
2026-08-07 12:00:00,142.00000,145.43000,141.88000,144.82000,400156.65,2026-08-07 12:59:59,57552314.3050000,121363,210525.08,30279093.4354000,0
2026-08-07 13:00:00,144.84000,144.92000,136.38000,137.07000,994611.44,2026-08-07 13:59:59,139752280.9393000,268174,460832.52,64797184.9415000,0
2026-08-07 14:00:00,137.07000,137.19000,134.05000,134.97000,769871.15,2026-08-07 14:59:59,104357939.7198000,215610,379306.21,51423381.0986000,0
2026-08-07 15:00:00,134.97000,138.65000,134.87000,138.01000,344403.38,2026-08-07 15:59:59,47199033.6731000,102359,188573.70,25838725.3377000,0
2026-08-07 16:00:00,138.02000,138.92000,135.53000,136.63000,184858.12,2026-08-07 16:59:59,25328036.6431000,62977,87506.38,11996486.1645000,0
2026-08-07 17:00:00,136.65000,137.17000,135.92000,136.56000,61641.24,2026-08-07 17:59:59,8424447.4318000,27420,31492.94,4304857.7361000,0
2026-08-07 18:00:00,136.56000,137.37000,136.15000,137.17000,59018.86,2026-08-07 18:59:59,8060555.8889000,29087,30572.22,4176290.4925000,0
2026-08-07 19:00:00,137.16000,138.48000,137.14000,138.12000,139179.62,2026-08-07 19:59:59,19200714.7149000,48449,64152.67,8850019.5880000,0
2026-08-07 20:00:00,138.11000,138.37000,137.77000,138.12000,43768.26,2026-08-07 20:59:59,6040300.2379000,17264,23316.11,3217823.9826000,0
2026-08-07 21:00:00,138.11000,138.25000,137.62000,137.90000,15804.63,2026-08-07 21:59:59,2180290.4978000,7157,6393.90,882219.9010000,0
2026-08-07 22:00:00,137.89000,137.99000,137.68000,137.88000,10424.19,2026-08-07 22:59:59,1437001.4903000,3816,6049.11,834004.0822000,0
2026-08-07 23:00:00,137.88000,138.22000,137.40000,138.20000,24147.91,2026-08-07 23:59:59,3327073.9811000,11550,10970.51,1512168.6827000,0
2026-08-08 00:00:00,138.21000,138.48000,137.87000,137.93000,13767.94,2026-08-08 00:59:59,1902316.9486000,7172,6099.48,842495.0853000,0
2026-08-08 01:00:00,137.93000,138.39000,137.81000,138.34000,7512.71,2026-08-08 01:59:59,1037240.8301000,5363,4322.99,596862.3926000,0
2026-08-08 02:00:00,138.34000,138.51000,137.90000,137.99000,8948.31,2026-08-08 02:59:59,1236286.9178000,5952,3090.23,427134.2825000,0
2026-08-08 03:00:00,137.98000,138.00000,137.43000,137.59000,15761.26,2026-08-08 03:59:59,2169652.8201000,6450,6288.13,865580.2775000,0
2026-08-08 04:00:00,137.58000,137.73000,137.41000,137.49000,6687.51,2026-08-08 04:59:59,919944.0043000,4739,3863.26,531395.0428000,0
2026-08-08 05:00:00,137.49000,137.61000,137.40000,137.46000,4222.81,2026-08-08 05:59:59,580647.4896000,3551,2081.93,286274.7652000,0
2026-08-08 06:00:00,137.47000,137.53000,137.31000,137.42000,6619.86,2026-08-08 06:59:59,909737.6315000,4735,2783.99,382621.2590000,0
2026-08-08 07:00:00,137.43000,137.65000,137.37000,137.57000,5992.28,2026-08-08 07:59:59,823691.6497000,3167,2848.48,391598.3013000,0
2026-08-08 08:00:00,137.57000,138.00000,137.45000,137.67000,14985.93,2026-08-08 08:59:59,2063854.3536000,4489,11445.72,1576508.0914000,0
2026-08-08 09:00:00,137.68000,137.88000,137.64000,137.74000,6217.87,2026-08-08 09:59:59,856528.0741000,3279,4317.45,594774.3203000,0
2026-08-08 10:00:00,137.74000,138.09000,137.70000,137.80000,6738.51,2026-08-08 10:59:59,929138.4951000,4293,3275.15,451610.3754000,0
2026-08-08 11:00:00,137.79000,138.03000,137.78000,137.85000,3152.96,2026-08-08 11:59:59,434851.4685000,2296,1127.79,155544.8379000,0
2026-08-08 12:00:00,137.85000,138.10000,137.76000,138.03000,7590.83,2026-08-08 12:59:59,1047019.3011000,4069,4737.54,653483.0335000,0
2026-08-08 13:00:00,138.03000,140.10000,138.02000,138.90000,85307.64,2026-08-08 13:59:59,11881102.6550000,38730,44374.44,6177603.6298000,0
2026-08-08 14:00:00,138.89000,139.40000,138.61000,139.13000,23881.52,2026-08-08 14:59:59,3316820.9331000,14056,13196.89,1833167.6375000,0
2026-08-08 15:00:00,139.12000,139.65000,138.94000,139.33000,17209.81,2026-08-08 15:59:59,2397982.2078000,13713,8472.85,1180597.9837000,0
2026-08-08 16:00:00,139.34000,139.70000,139.23000,139.60000,10203.79,2026-08-08 16:59:59,1423638.5764000,8822,5023.64,700910.1168000,0
2026-08-08 17:00:00,139.61000,139.76000,139.34000,139.43000,7740.44,2026-08-08 17:59:59,1080173.3065000,5685,3598.03,502034.7330000,0
2026-08-08 18:00:00,139.42000,139.43000,139.03000,139.06000,4058.34,2026-08-08 18:59:59,564972.9270000,3378,1736.03,241666.9423000,0
2026-08-08 19:00:00,139.07000,139.64000,139.06000,139.37000,5353.72,2026-08-08 19:59:59,746009.4215000,4443,2978.18,414946.0647000,0
2026-08-08 20:00:00,139.37000,139.43000,139.17000,139.24000,3748.79,2026-08-08 20:59:59,522117.9050000,3826,1394.21,194189.0224000,0
2026-08-08 21:00:00,139.23000,139.27000,138.80000,139.01000,5697.18,2026-08-08 21:59:59,791957.9153000,4104,1434.27,199427.8909000,0
2026-08-08 22:00:00,139.02000,139.30000,138.99000,139.17000,2844.19,2026-08-08 22:59:59,395766.3027000,2217,1524.69,212140.2062000,0
2026-08-08 23:00:00,139.18000,139.34000,139.02000,139.17000,3011.18,2026-08-08 23:59:59,419101.7340000,2162,1374.76,191364.2937000,0
2026-08-09 00:00:00,139.17000,139.44000,138.96000,139.29000,5836.56,2026-08-09 00:59:59,812563.0054000,4079,3245.11,451792.1458000,0
2026-08-09 01:00:00,139.29000,139.44000,138.25000,138.34000,24422.16,2026-08-09 01:59:59,3388965.5837000,10035,7370.18,1022179.0903000,0
2026-08-09 02:00:00,138.34000,138.79000,138.31000,138.52000,13253.36,2026-08-09 02:59:59,1835512.2530000,6740,7295.59,1010135.1568000,0
2026-08-09 03:00:00,138.51000,138.98000,138.47000,138.86000,4363.41,2026-08-09 03:59:59,605276.9842000,3578,2666.10,369851.8186000,0
2026-08-09 04:00:00,138.85000,139.08000,138.64000,138.91000,9347.54,2026-08-09 04:59:59,1298337.6465000,5046,4880.23,677923.9628000,0
2026-08-09 05:00:00,138.91000,139.09000,138.80000,139.04000,11587.13,2026-08-09 05:59:59,1610085.3974000,6329,5550.40,771395.8414000,0
2026-08-09 06:00:00,139.04000,139.43000,138.87000,139.16000,7997.39,2026-08-09 06:59:59,1112802.2049000,5678,4041.09,562390.4009000,0
2026-08-09 07:00:00,139.16000,139.16000,138.71000,138.89000,12399.32,2026-08-09 07:59:59,1722184.3798000,10581,6476.85,899630.0083000,0
2026-08-09 08:00:00,138.89000,138.92000,138.50000,138.59000,10310.51,2026-08-09 08:59:59,1430086.5336000,5301,4358.92,604493.3294000,0
2026-08-09 09:00:00,138.58000,138.97000,138.53000,138.92000,6148.86,2026-08-09 09:59:59,853423.5289000,4416,4278.12,593820.6914000,0
2026-08-09 10:00:00,138.92000,139.08000,138.88000,139.00000,3328.65,2026-08-09 10:59:59,462582.5053000,2774,1847.00,256678.7970000,0
2026-08-09 11:00:00,138.99000,139.30000,138.93000,139.14000,6946.98,2026-08-09 11:59:59,966589.3703000,3936,2525.55,351416.9686000,0
2026-08-09 12:00:00,139.15000,139.15000,138.89000,139.10000,8025.84,2026-08-09 12:59:59,1115822.7421000,4632,3586.37,498591.8037000,0
2026-08-09 13:00:00,139.10000,139.35000,139.08000,139.16000,11712.29,2026-08-09 13:59:59,1630754.9606000,4548,3202.27,445816.3235000,0
2026-08-09 14:00:00,139.16000,139.23000,138.95000,139.16000,17494.41,2026-08-09 14:59:59,2432996.7905000,6267,10121.40,1407609.6062000,0
2026-08-09 15:00:00,139.16000,139.33000,138.91000,139.17000,7576.78,2026-08-09 15:59:59,1054000.7345000,4473,4074.84,566918.6274000,0
2026-08-09 16:00:00,139.17000,139.65000,139.05000,139.55000,7039.74,2026-08-09 16:59:59,980743.6254000,4283,4626.99,644869.9627000,0
2026-08-09 17:00:00,139.56000,139.94000,139.35000,139.79000,6560.19,2026-08-09 17:59:59,915928.9450000,5465,3694.04,515908.0908000,0
2026-08-09 18:00:00,139.79000,140.29000,139.66000,139.92000,11343.89,2026-08-09 18:59:59,1587773.1574000,6614,7237.95,1013214.6928000,0
2026-08-09 19:00:00,139.93000,140.32000,139.75000,140.14000,6656.92,2026-08-09 19:59:59,932419.3194000,4906,3958.61,554470.0145000,0
2026-08-09 20:00:00,140.13000,140.50000,140.08000,140.26000,6690.03,2026-08-09 20:59:59,938293.2025000,4949,3930.20,551274.1418000,0
2026-08-09 21:00:00,140.27000,140.36000,139.72000,140.25000,12880.60,2026-08-09 21:59:59,1804465.2059000,8275,6116.28,856917.7074000,0
2026-08-09 22:00:00,140.26000,140.49000,139.32000,139.94000,26561.77,2026-08-09 22:59:59,3714976.9872000,12163,12585.12,1760350.5515000,0
2026-08-09 23:00:00,139.95000,141.17000,139.80000,140.24000,97235.28,2026-08-09 23:59:59,13656420.5287000,33640,50397.00,7078242.1784000,0
2026-08-10 00:00:00,140.23000,142.54000,137.88000,138.82000,481756.26,2026-08-10 00:59:59,67551099.9401000,186623,237783.41,33355359.6954000,0
2026-08-10 01:00:00,138.83000,139.95000,138.23000,139.17000,175546.47,2026-08-10 01:59:59,24428639.3272000,68626,90388.99,12579479.9782000,0
2026-08-10 02:00:00,139.18000,139.66000,138.26000,138.94000,114067.98,2026-08-10 02:59:59,15848941.0302000,37019,52115.44,7241955.6273000,0
2026-08-10 03:00:00,138.94000,139.18000,138.57000,139.05000,79644.38,2026-08-10 03:59:59,11059726.9825000,25841,41216.73,5723729.1095000,0
2026-08-10 04:00:00,139.06000,139.32000,136.88000,137.24000,117548.23,2026-08-10 04:59:59,16219118.8227000,37762,50408.81,6956275.4554000,0
2026-08-10 05:00:00,137.23000,138.37000,137.12000,137.52000,114625.93,2026-08-10 05:59:59,15784878.0149000,41000,52244.77,7193746.7081000,0
2026-08-10 06:00:00,137.51000,138.29000,137.30000,138.07000,86802.85,2026-08-10 06:59:59,11960224.8752000,28338,37777.43,5205715.8927000,0
2026-08-10 07:00:00,138.08000,138.49000,138.03000,138.31000,31269.01,2026-08-10 07:59:59,4322947.3142000,15367,14838.14,2051623.3173000,0
2026-08-10 08:00:00,138.32000,138.94000,137.50000,138.12000,82859.47,2026-08-10 08:59:59,11445801.1761000,27171,34831.85,4812756.7084000,0
2026-08-10 09:00:00,138.13000,138.15000,136.44000,136.65000,68819.08,2026-08-10 09:59:59,9437159.1249000,22698,29614.08,4063056.4104000,0
2026-08-10 10:00:00,136.66000,136.95000,136.02000,136.50000,56111.70,2026-08-10 10:59:59,7660650.3537000,18501,25326.09,3458158.2597000,0
2026-08-10 11:00:00,136.49000,136.93000,134.83000,135.74000,159502.04,2026-08-10 11:59:59,21610501.6455000,49975,71050.46,9627022.6984000,0
2026-08-10 12:00:00,135.74000,135.76000,134.41000,134.65000,113302.89,2026-08-10 12:59:59,15292198.6886000,32194,42972.46,5800046.1536000,0
2026-08-10 13:00:00,134.66000,137.48000,134.42000,136.64000,588045.89,2026-08-10 13:59:59,79963118.3567000,199629,299787.67,40773803.6545000,0
2026-08-10 14:00:00,136.64000,139.11000,135.25000,135.45000,452268.52,2026-08-10 14:59:59,62033273.6608000,146131,237961.91,32648225.7090000,0
2026-08-10 15:00:00,135.45000,137.06000,135.10000,136.69000,208770.40,2026-08-10 15:59:59,28393017.4279000,68270,109396.18,14878409.1363000,0
2026-08-10 16:00:00,136.70000,137.03000,135.66000,136.15000,128520.99,2026-08-10 16:59:59,17539317.0860000,43441,69563.22,9494560.3995000,0
2026-08-10 17:00:00,136.14000,137.08000,136.03000,136.39000,73261.54,2026-08-10 17:59:59,9995579.6627000,28228,41444.19,5654722.2676000,0
2026-08-10 18:00:00,136.40000,136.65000,135.81000,135.89000,36648.88,2026-08-10 18:59:59,4989353.6645000,16627,16482.54,2244575.7099000,0
2026-08-10 19:00:00,135.88000,136.43000,135.26000,135.44000,124532.41,2026-08-10 19:59:59,16912901.1328000,34102,49881.03,6772688.4403000,0
2026-08-10 20:00:00,135.43000,135.87000,135.27000,135.77000,47649.81,2026-08-10 20:59:59,6458835.8113000,15854,26837.73,3637875.3009000,0
2026-08-10 21:00:00,135.77000,135.89000,135.46000,135.72000,32293.53,2026-08-10 21:59:59,4381335.9255000,10902,16560.14,2246996.9419000,0
2026-08-10 22:00:00,135.71000,135.87000,135.47000,135.59000,20680.82,2026-08-10 22:59:59,2805400.7020000,7937,8483.74,1150811.9719000,0
2026-08-10 23:00:00,135.59000,135.66000,134.70000,135.41000,86323.88,2026-08-10 23:59:59,11656772.2861000,26974,43746.78,5906716.9910000,0
2026-08-11 00:00:00,135.42000,136.22000,134.01000,135.13000,331022.61,2026-08-11 00:59:59,44702881.4608000,111783,164288.35,22181012.2025000,0
2026-08-11 01:00:00,135.12000,137.88000,134.44000,136.72000,359795.28,2026-08-11 01:59:59,49142741.4906000,114686,172260.30,23524530.5938000,0
2026-08-11 02:00:00,136.71000,137.31000,136.18000,137.06000,145046.86,2026-08-11 02:59:59,19832641.0604000,51796,74909.69,10241910.9889000,0
2026-08-11 03:00:00,137.06000,138.59000,136.98000,138.08000,237712.76,2026-08-11 03:59:59,32768333.2019000,89807,123565.16,17034614.8710000,0
2026-08-11 04:00:00,138.08000,139.09000,138.08000,138.47000,182938.88,2026-08-11 04:59:59,25374595.0406000,78461,107957.91,14975734.2493000,0
2026-08-11 05:00:00,138.47000,138.86000,137.35000,137.71000,106782.45,2026-08-11 05:59:59,14743101.7251000,42353,55531.59,7671497.5448000,0
2026-08-11 06:00:00,137.71000,138.22000,136.84000,137.05000,74423.93,2026-08-11 06:59:59,10231380.6277000,23866,36679.89,5043000.4923000,0
2026-08-11 07:00:00,137.05000,137.63000,136.96000,137.49000,33639.10,2026-08-11 07:59:59,4617610.5917000,14387,19135.00,2626417.6816000,0
2026-08-11 08:00:00,137.50000,137.78000,136.36000,136.54000,111126.43,2026-08-11 08:59:59,15229164.0811000,34717,53229.90,7296284.8644000,0
2026-08-11 09:00:00,136.53000,136.82000,135.59000,136.65000,86970.56,2026-08-11 09:59:59,11850026.0017000,26028,47826.28,6517725.1987000,0
2026-08-11 10:00:00,136.65000,137.69000,136.42000,137.29000,68257.56,2026-08-11 10:59:59,9365433.5712000,23140,37599.53,5159183.7180000,0
2026-08-11 11:00:00,137.30000,138.22000,137.26000,137.60000,102697.72,2026-08-11 11:59:59,14147916.0156000,25922,54600.79,7520503.2162000,0
2026-08-11 12:00:00,137.61000,138.54000,137.45000,137.91000,117528.27,2026-08-11 12:59:59,16229832.5706000,28840,64249.03,8873180.3947000,0
2026-08-11 13:00:00,137.91000,140.55000,137.46000,139.16000,727437.42,2026-08-11 13:59:59,101023035.1765000,212426,366649.63,50931818.8631000,0
2026-08-11 14:00:00,139.16000,140.32000,138.30000,139.65000,460460.59,2026-08-11 14:59:59,64196428.1352000,131676,228220.92,31810193.8809000,0
2026-08-11 15:00:00,139.66000,140.39000,138.79000,138.88000,185929.11,2026-08-11 15:59:59,25937593.7901000,63551,94799.72,13226608.9716000,0
2026-08-11 16:00:00,138.89000,140.15000,138.45000,139.73000,88300.17,2026-08-11 16:59:59,12313170.8233000,29917,48735.91,6797063.2986000,0
2026-08-11 17:00:00,139.73000,139.76000,138.63000,139.66000,83157.74,2026-08-11 17:59:59,11583318.5063000,28059,34594.52,4817888.2952000,0
2026-08-11 18:00:00,139.66000,139.98000,139.01000,139.55000,68579.00,2026-08-11 18:59:59,9567787.5174000,26742,34171.90,4768119.8348000,0
2026-08-11 19:00:00,139.55000,141.83000,139.46000,141.62000,132327.32,2026-08-11 19:59:59,18639294.7316000,45696,73625.21,10369235.8194000,0
2026-08-11 20:00:00,141.63000,141.96000,141.12000,141.16000,94713.42,2026-08-11 20:59:59,13404546.6832000,28442,46699.09,6609103.0945000,0
2026-08-11 21:00:00,141.17000,141.38000,140.70000,140.99000,27360.72,2026-08-11 21:59:59,3860088.4007000,15749,11312.27,1596210.1046000,0
2026-08-11 22:00:00,140.98000,141.79000,140.90000,141.72000,42423.68,2026-08-11 22:59:59,6000253.1086000,16573,22972.37,3248923.8246000,0
2026-08-11 23:00:00,141.73000,141.95000,141.36000,141.82000,46648.00,2026-08-11 23:59:59,6607118.1299000,16346,23730.49,3361384.0412000,0
2026-08-12 00:00:00,141.82000,142.95000,140.79000,141.15000,240328.55,2026-08-12 00:59:59,34064482.8090000,69249,115440.47,16371633.4462000,0
2026-08-12 01:00:00,141.13000,143.16000,140.90000,142.96000,156818.54,2026-08-12 01:59:59,22319614.0266000,46700,81697.18,11633371.8487000,0
2026-08-12 02:00:00,142.98000,145.88000,142.27000,145.37000,331814.53,2026-08-12 02:59:59,47846634.5894000,73304,189567.61,27331543.6769000,0
2026-08-12 03:00:00,145.38000,147.27000,145.34000,145.87000,285550.45,2026-08-12 03:59:59,41812139.0357000,71679,151872.77,22239435.7356000,0
2026-08-12 04:00:00,145.86000,146.42000,145.02000,145.16000,105163.22,2026-08-12 04:59:59,15326183.3911000,30983,50936.53,7424601.4677000,0
2026-08-12 05:00:00,145.16000,145.39000,143.90000,144.90000,163274.49,2026-08-12 05:59:59,23632836.4572000,49587,77097.05,11161813.3074000,0
2026-08-12 06:00:00,144.89000,145.37000,144.49000,145.12000,61840.04,2026-08-12 06:59:59,8961846.3503000,23650,33413.29,4842622.3598000,0
2026-08-12 07:00:00,145.13000,145.72000,145.02000,145.68000,48289.44,2026-08-12 07:59:59,7020797.5971000,13573,23094.41,3358002.3926000,0
2026-08-12 08:00:00,145.69000,146.92000,145.16000,146.59000,124019.65,2026-08-12 08:59:59,18140552.7375000,26081,60245.74,8810382.0564000,0
2026-08-12 09:00:00,146.60000,147.35000,146.21000,146.45000,92659.47,2026-08-12 09:59:59,13601665.6759000,20534,46153.40,6775829.3530000,0
2026-08-12 10:00:00,146.45000,147.58000,146.35000,146.84000,104712.72,2026-08-12 10:59:59,15375802.6663000,31338,54909.70,8064413.2432000,0
2026-08-12 11:00:00,146.83000,147.89000,146.44000,147.85000,101154.83,2026-08-12 11:59:59,14888652.6305000,28702,49095.50,7226862.5464000,0
2026-08-12 12:00:00,147.85000,148.80000,146.70000,148.57000,415009.48,2026-08-12 12:59:59,61386532.8769000,91271,196781.41,29113112.2051000,0
2026-08-12 13:00:00,148.58000,153.14000,147.34000,152.91000,1130836.07,2026-08-12 13:59:59,169846065.1815000,259644,573078.07,86079728.9940000,0
2026-08-12 14:00:00,152.90000,154.68000,152.07000,152.76000,763283.83,2026-08-12 14:59:59,117051352.5371000,167003,384166.22,58909410.5185000,0
2026-08-12 15:00:00,152.76000,153.57000,151.87000,152.80000,178864.72,2026-08-12 15:59:59,27341463.6639000,52209,85814.15,13121224.1158000,0
2026-08-12 16:00:00,152.79000,153.13000,151.41000,152.25000,171226.36,2026-08-12 16:59:59,26044998.3498000,44916,77909.37,11853860.8810000,0
2026-08-12 17:00:00,152.26000,153.80000,151.81000,153.65000,175847.39,2026-08-12 17:59:59,26869964.0396000,34631,91591.57,13992871.9823000,0
2026-08-12 18:00:00,153.66000,154.77000,153.15000,154.10000,146011.01,2026-08-12 18:59:59,22470928.8493000,37103,68464.74,10541450.2072000,0
2026-08-12 19:00:00,154.09000,155.18000,153.97000,154.48000,142087.90,2026-08-12 19:59:59,21953694.8834000,47635,73463.10,11350741.1179000,0
2026-08-12 20:00:00,154.47000,155.09000,153.11000,153.16000,108014.49,2026-08-12 20:59:59,16618774.4010000,33527,46846.97,7206362.3036000,0
2026-08-12 21:00:00,153.16000,154.15000,152.97000,153.93000,37360.92,2026-08-12 21:59:59,5740170.9826000,15397,20644.73,3172029.2841000,0
2026-08-12 22:00:00,153.92000,153.94000,153.25000,153.56000,49969.21,2026-08-12 22:59:59,7674310.9761000,17378,23500.69,3609256.9086000,0
2026-08-12 23:00:00,153.55000,155.07000,153.24000,154.77000,132177.01,2026-08-12 23:59:59,20387241.0783000,40055,57907.45,8932942.5184000,0
2026-08-13 00:00:00,154.77000,157.97000,154.06000,155.77000,378220.66,2026-08-13 00:59:59,59107507.3091000,122494,191015.04,29850442.2483000,0
2026-08-13 01:00:00,155.76000,156.97000,155.37000,156.41000,185756.69,2026-08-13 01:59:59,29020231.6876000,60458,105009.87,16408493.3698000,0
2026-08-13 02:00:00,156.43000,156.71000,155.30000,156.39000,81122.97,2026-08-13 02:59:59,12660378.4601000,32833,40932.13,6388052.1906000,0
2026-08-13 03:00:00,156.39000,156.65000,155.52000,156.47000,62048.85,2026-08-13 03:59:59,9687541.6398000,24112,31222.85,4875821.8318000,0
2026-08-13 04:00:00,156.47000,157.06000,155.52000,156.20000,99830.27,2026-08-13 04:59:59,15586967.9235000,33187,52124.45,8138791.5591000,0
2026-08-13 05:00:00,156.21000,156.52000,154.47000,154.52000,130997.67,2026-08-13 05:59:59,20353612.4584000,35475,62045.45,9639794.1974000,0
2026-08-13 06:00:00,154.53000,155.23000,153.88000,154.04000,218683.53,2026-08-13 06:59:59,33806880.7621000,52814,101890.19,15756727.2474000,0
2026-08-13 07:00:00,154.05000,154.10000,152.95000,153.30000,101319.17,2026-08-13 07:59:59,15541580.8563000,24212,42062.96,6452312.9330000,0
2026-08-13 08:00:00,153.31000,153.51000,151.22000,152.34000,242245.07,2026-08-13 08:59:59,36855666.1588000,49608,105276.54,16015660.0557000,0
2026-08-13 09:00:00,152.33000,152.47000,151.16000,152.44000,105211.04,2026-08-13 09:59:59,15963424.3703000,22505,49451.88,7504681.8189000,0
2026-08-13 10:00:00,152.44000,152.67000,151.75000,152.54000,70924.02,2026-08-13 10:59:59,10797616.4027000,24993,34463.13,5247814.1068000,0
2026-08-13 11:00:00,152.54000,153.03000,152.37000,152.41000,81916.35,2026-08-13 11:59:59,12507191.3548000,21992,41162.22,6286101.0223000,0
2026-08-13 12:00:00,152.40000,153.16000,151.18000,152.78000,192153.21,2026-08-13 12:59:59,29258011.4567000,43099,91233.84,13897239.5164000,0
2026-08-13 13:00:00,152.78000,159.52000,152.55000,159.14000,1058393.32,2026-08-13 13:59:59,165426381.5900000,218207,572088.91,89378977.3958000,0
2026-08-13 14:00:00,159.14000,164.19000,158.39000,162.49000,942770.81,2026-08-13 14:59:59,152236985.9159000,184670,545630.86,88062364.6470000,0
2026-08-13 15:00:00,162.50000,168.24000,161.86000,166.44000,1094987.87,2026-08-13 15:59:59,181824517.4877000,213166,525781.70,87269750.4801000,0
2026-08-13 16:00:00,166.46000,168.13000,165.93000,166.91000,425929.64,2026-08-13 16:59:59,71109648.6153000,96712,188101.84,31406054.1659000,0
2026-08-13 17:00:00,166.92000,168.42000,166.88000,167.13000,171108.50,2026-08-13 17:59:59,28669750.9453000,44421,84427.38,14147813.7630000,0
2026-08-13 18:00:00,167.13000,168.15000,166.41000,167.61000,177949.14,2026-08-13 18:59:59,29765590.9217000,42653,90694.03,15172472.0463000,0
2026-08-13 19:00:00,167.60000,168.31000,164.58000,165.70000,328129.96,2026-08-13 19:59:59,54526913.3313000,73710,151309.02,25146644.1380000,0
2026-08-13 20:00:00,165.70000,166.97000,164.88000,166.60000,115141.62,2026-08-13 20:59:59,19122236.1782000,37229,56862.69,9446464.4985000,0
2026-08-13 21:00:00,166.59000,167.73000,166.01000,167.44000,67931.99,2026-08-13 21:59:59,11333144.8909000,23379,35299.66,5890700.6255000,0
2026-08-13 22:00:00,167.44000,168.65000,167.24000,167.87000,128484.30,2026-08-13 22:59:59,21593417.3600000,33798,73718.83,12390530.5484000,0
2026-08-13 23:00:00,167.88000,167.88000,166.66000,167.03000,113985.95,2026-08-13 23:59:59,19056177.8732000,32930,51577.41,8621876.6593000,0
2026-08-14 00:00:00,167.02000,167.68000,164.52000,164.74000,308179.01,2026-08-14 00:59:59,51140078.2187000,86909,149494.75,24814518.0199000,0
2026-08-14 01:00:00,164.75000,165.17000,162.78000,163.18000,269656.45,2026-08-14 01:59:59,44158744.6099000,74914,122165.95,20009479.5646000,0
2026-08-14 02:00:00,163.23000,164.74000,163.17000,163.56000,108917.48,2026-08-14 02:59:59,17853928.5391000,32765,60722.39,9952691.2936000,0
2026-08-14 03:00:00,163.56000,164.18000,163.20000,163.66000,94518.21,2026-08-14 03:59:59,15473464.2063000,28361,46380.74,7592977.9080000,0
2026-08-14 04:00:00,163.67000,164.73000,163.20000,163.95000,97897.27,2026-08-14 04:59:59,16065463.3032000,32978,50689.55,8319917.8161000,0
2026-08-14 05:00:00,163.94000,165.09000,163.02000,164.91000,128826.40,2026-08-14 05:59:59,21132641.7986000,39329,56051.47,9195882.7352000,0
2026-08-14 06:00:00,164.90000,164.92000,163.78000,164.74000,88815.60,2026-08-14 06:59:59,14598862.8665000,27424,41528.94,6827359.2836000,0
2026-08-14 07:00:00,164.74000,165.23000,164.11000,164.40000,47175.31,2026-08-14 07:59:59,7769043.7111000,14793,22623.10,3727172.6835000,0
2026-08-14 08:00:00,164.39000,166.65000,164.26000,165.01000,246935.70,2026-08-14 08:59:59,40918934.7762000,61699,118806.02,19683691.5780000,0
2026-08-14 09:00:00,165.01000,166.43000,164.54000,166.27000,126648.47,2026-08-14 09:59:59,20921840.3336000,39082,67083.95,11083710.8105000,0
2026-08-14 10:00:00,166.28000,167.97000,166.16000,167.93000,223720.92,2026-08-14 10:59:59,37455013.8396000,41583,108350.76,18139598.4775000,0
2026-08-14 11:00:00,167.93000,170.96000,167.90000,169.48000,420312.11,2026-08-14 11:59:59,71346144.8179000,73079,210426.37,35711654.9934000,0
2026-08-14 12:00:00,169.49000,169.84000,167.51000,168.96000,256040.28,2026-08-14 12:59:59,43141812.9552000,60508,129979.59,21896370.4950000,0
2026-08-14 13:00:00,168.97000,171.59000,166.65000,168.70000,984047.44,2026-08-14 13:59:59,166214362.3139000,239474,491148.54,83017881.4112000,0
2026-08-14 14:00:00,168.75000,171.52000,166.53000,167.01000,624195.55,2026-08-14 14:59:59,105202998.4341000,166006,303806.52,51213546.9172000,0
2026-08-14 15:00:00,167.02000,167.61000,163.89000,165.12000,418993.27,2026-08-14 15:59:59,69378975.4023000,89624,188165.44,31153953.4453000,0
2026-08-14 16:00:00,165.12000,165.53000,164.54000,164.95000,125899.29,2026-08-14 16:59:59,20783770.7378000,33137,70149.72,11583012.1702000,0
2026-08-14 17:00:00,164.97000,165.82000,164.64000,165.34000,93792.25,2026-08-14 17:59:59,15497056.8553000,31576,46697.55,7716640.8716000,0
2026-08-14 18:00:00,165.35000,166.05000,165.05000,165.48000,89498.33,2026-08-14 18:59:59,14817193.7117000,26727,47404.35,7849145.8393000,0
2026-08-14 19:00:00,165.46000,166.81000,164.57000,166.31000,119656.92,2026-08-14 19:59:59,19808289.5324000,31540,70359.35,11651996.0958000,0
2026-08-14 20:00:00,166.33000,166.72000,165.79000,166.05000,49405.76,2026-08-14 20:59:59,8206900.0948000,16649,23958.36,3980161.1709000,0
2026-08-14 21:00:00,166.06000,166.56000,165.73000,166.51000,30855.64,2026-08-14 21:59:59,5127319.8161000,11234,15505.12,2576472.1446000,0
2026-08-14 22:00:00,166.51000,166.66000,166.15000,166.24000,12527.59,2026-08-14 22:59:59,2085255.3933000,7644,6406.20,1066457.9204000,0
2026-08-14 23:00:00,166.23000,166.62000,166.16000,166.53000,12803.65,2026-08-14 23:59:59,2130993.9357000,7428,6723.77,1119223.8887000,0
2026-08-15 00:00:00,166.53000,166.57000,165.80000,166.42000,14231.56,2026-08-15 00:59:59,2365459.4821000,6274,5906.13,981807.2263000,0
2026-08-15 01:00:00,166.43000,166.55000,166.24000,166.33000,7183.84,2026-08-15 01:59:59,1195166.6207000,4186,3345.71,556581.4624000,0
2026-08-15 02:00:00,166.32000,166.38000,166.18000,166.31000,4535.01,2026-08-15 02:59:59,754111.2727000,3369,2082.56,346321.3079000,0
2026-08-15 03:00:00,166.31000,166.77000,166.27000,166.70000,28344.88,2026-08-15 03:59:59,4718792.6470000,6968,11265.56,1875510.6542000,0
2026-08-15 04:00:00,166.69000,166.72000,166.29000,166.49000,22689.04,2026-08-15 04:59:59,3776878.6420000,7942,11069.44,1842437.6973000,0
2026-08-15 05:00:00,166.49000,166.61000,166.10000,166.12000,11845.38,2026-08-15 05:59:59,1971319.8341000,4819,5763.00,959211.9388000,0
2026-08-15 06:00:00,166.12000,166.47000,166.06000,166.35000,10914.68,2026-08-15 06:59:59,1814291.6832000,4189,5998.13,997158.4059000,0
2026-08-15 07:00:00,166.36000,166.66000,166.36000,166.53000,7553.71,2026-08-15 07:59:59,1257577.5611000,3719,4042.91,673173.2481000,0
2026-08-15 08:00:00,166.53000,166.55000,166.39000,166.42000,4213.48,2026-08-15 08:59:59,701351.0299000,1402,1832.00,304917.7385000,0
2026-08-15 09:00:00,166.43000,166.47000,166.27000,166.36000,3722.30,2026-08-15 09:59:59,619224.4655000,1944,1074.17,178704.3757000,0
2026-08-15 10:00:00,166.36000,166.50000,166.27000,166.50000,4541.45,2026-08-15 10:59:59,755556.6141000,2257,2032.93,338254.6766000,0
2026-08-15 11:00:00,166.50000,166.57000,166.38000,166.48000,4307.02,2026-08-15 11:59:59,716943.6146000,2213,1803.43,300222.2197000,0
2026-08-15 12:00:00,166.47000,166.58000,166.39000,166.50000,3838.69,2026-08-15 12:59:59,639093.6805000,2061,2047.24,340861.5466000,0
2026-08-15 13:00:00,166.50000,166.68000,166.47000,166.63000,2467.34,2026-08-15 13:59:59,411029.9199000,1519,1413.61,235490.2944000,0
2026-08-15 14:00:00,166.64000,166.83000,166.61000,166.69000,4208.35,2026-08-15 14:59:59,701581.9783000,2359,2277.35,379662.7624000,0
2026-08-15 15:00:00,166.68000,167.15000,166.64000,166.84000,11845.59,2026-08-15 15:59:59,1976857.8514000,4721,7610.24,1270131.4604000,0
2026-08-15 16:00:00,166.85000,166.85000,166.70000,166.72000,2141.90,2026-08-15 16:59:59,357216.6730000,1741,889.16,148304.4433000,0
2026-08-15 17:00:00,166.72000,166.88000,166.70000,166.87000,1002.65,2026-08-15 17:59:59,167243.0089000,1401,654.59,109191.3493000,0
2026-08-15 18:00:00,166.87000,166.98000,166.87000,166.94000,967.35,2026-08-15 18:59:59,161479.9960000,928,616.75,102952.9320000,0
2026-08-15 19:00:00,166.94000,167.94000,166.94000,167.48000,17772.53,2026-08-15 19:59:59,2976375.9762000,6239,13366.02,2238291.4808000,0
2026-08-15 20:00:00,167.48000,167.52000,167.36000,167.46000,2957.67,2026-08-15 20:59:59,495264.4620000,1831,1363.40,228298.0205000,0
2026-08-15 21:00:00,167.46000,167.67000,167.45000,167.59000,1930.78,2026-08-15 21:59:59,323499.5940000,1288,1204.58,201810.6794000,0
2026-08-15 22:00:00,167.60000,167.61000,167.23000,167.34000,3466.10,2026-08-15 22:59:59,580114.3214000,2566,1154.43,193195.8721000,0
2026-08-15 23:00:00,167.34000,167.59000,167.30000,167.38000,5957.33,2026-08-15 23:59:59,997383.8577000,3204,2738.24,458456.7998000,0
2026-08-16 00:00:00,167.38000,167.50000,167.32000,167.42000,4784.10,2026-08-16 00:59:59,800935.1194000,3051,2011.46,336751.9943000,0
2026-08-16 01:00:00,167.41000,167.86000,167.38000,167.76000,8392.06,2026-08-16 01:59:59,1406694.9543000,4348,4663.76,781788.7476000,0
2026-08-16 02:00:00,167.77000,168.30000,167.77000,168.10000,16355.72,2026-08-16 02:59:59,2748814.4684000,7226,8599.96,1445351.2661000,0
2026-08-16 03:00:00,168.10000,169.03000,168.06000,168.70000,24211.61,2026-08-16 03:59:59,4082327.2142000,10734,13012.75,2193664.3041000,0
2026-08-16 04:00:00,168.71000,168.78000,168.41000,168.60000,7201.25,2026-08-16 04:59:59,1214103.6399000,4031,3412.37,575323.4527000,0
2026-08-16 05:00:00,168.60000,168.73000,168.26000,168.32000,9883.16,2026-08-16 05:59:59,1665096.2611000,5386,3574.47,602215.6441000,0
2026-08-16 06:00:00,168.32000,168.59000,168.29000,168.51000,5719.90,2026-08-16 06:59:59,963582.6644000,3306,3243.98,546498.7003000,0
2026-08-16 07:00:00,168.51000,168.51000,168.07000,168.21000,10193.99,2026-08-16 07:59:59,1714969.1368000,4243,4142.00,696703.4215000,0
2026-08-16 08:00:00,168.21000,168.37000,168.05000,168.27000,4755.45,2026-08-16 08:59:59,799992.0575000,2954,2169.42,365005.5080000,0
2026-08-16 09:00:00,168.27000,168.32000,167.80000,167.90000,8713.58,2026-08-16 09:59:59,1463998.6485000,3673,2935.24,493181.8194000,0
2026-08-16 10:00:00,167.90000,168.15000,167.79000,168.15000,5398.30,2026-08-16 10:59:59,906592.3465000,2877,2166.27,363850.1331000,0
2026-08-16 11:00:00,168.15000,168.16000,167.21000,167.64000,17104.20,2026-08-16 11:59:59,2865642.6520000,7066,5905.01,989077.1176000,0
2026-08-16 12:00:00,167.65000,167.76000,166.73000,166.89000,25909.82,2026-08-16 12:59:59,4329838.8298000,9020,9231.11,1542891.8515000,0
2026-08-16 13:00:00,166.89000,167.29000,166.79000,167.14000,8568.03,2026-08-16 13:59:59,1431213.4481000,6172,3320.13,554632.9040000,0
2026-08-16 14:00:00,167.14000,167.43000,166.97000,167.19000,7257.74,2026-08-16 14:59:59,1213565.9177000,4892,3560.93,595497.6003000,0
2026-08-16 15:00:00,167.19000,167.62000,167.14000,167.53000,6458.36,2026-08-16 15:59:59,1081247.9695000,3734,3493.58,584939.6523000,0
2026-08-16 16:00:00,167.54000,168.11000,167.35000,167.86000,15702.17,2026-08-16 16:59:59,2635586.4191000,7366,7234.31,1213975.8140000,0
2026-08-16 17:00:00,167.86000,168.15000,167.79000,168.06000,11916.14,2026-08-16 17:59:59,2001481.7045000,4495,8224.11,1381440.1578000,0
2026-08-16 18:00:00,168.05000,168.18000,167.92000,168.09000,5543.08,2026-08-16 18:59:59,931577.3824000,3446,2341.50,393538.4351000,0
2026-08-16 19:00:00,168.10000,168.10000,167.74000,167.82000,4295.34,2026-08-16 19:59:59,721103.9048000,2910,2003.55,336333.5403000,0
2026-08-16 20:00:00,167.82000,167.84000,167.61000,167.69000,3017.95,2026-08-16 20:59:59,506183.2968000,2440,1074.88,180286.7823000,0
2026-08-16 21:00:00,167.70000,167.74000,167.44000,167.44000,4164.48,2026-08-16 21:59:59,697986.6953000,2657,2192.63,367531.6123000,0
2026-08-16 22:00:00,167.43000,167.83000,167.17000,167.23000,20304.20,2026-08-16 22:59:59,3399798.4083000,8908,9831.38,1646227.4011000,0
2026-08-16 23:00:00,167.22000,167.22000,166.67000,167.01000,23200.04,2026-08-16 23:59:59,3873178.8993000,8056,10940.74,1826367.2371000,0
2026-08-17 00:00:00,167.00000,168.60000,166.90000,167.85000,105480.68,2026-08-17 00:59:59,17704928.8560000,34600,57172.77,9597753.7899000,0
2026-08-17 01:00:00,167.84000,168.63000,167.65000,167.80000,71090.60,2026-08-17 01:59:59,11958941.3671000,20767,27284.64,4589509.3511000,0
2026-08-17 02:00:00,167.80000,169.91000,167.71000,169.49000,97007.92,2026-08-17 02:59:59,16392085.2927000,32687,52589.80,8885788.8758000,0
2026-08-17 03:00:00,169.50000,171.12000,169.24000,170.88000,122047.99,2026-08-17 03:59:59,20786930.7398000,27671,70298.91,11974077.7810000,0
2026-08-17 04:00:00,170.88000,172.44000,170.36000,171.79000,100220.38,2026-08-17 04:59:59,17194184.8148000,22992,58949.98,10115934.8098000,0
2026-08-17 05:00:00,171.79000,173.59000,171.47000,173.49000,122021.94,2026-08-17 05:59:59,21051993.3346000,33508,62689.66,10818967.8690000,0
2026-08-17 06:00:00,173.50000,173.77000,172.66000,173.34000,71758.13,2026-08-17 06:59:59,12432279.4947000,21460,36680.74,6356079.5427000,0
2026-08-17 07:00:00,173.34000,173.62000,172.40000,173.05000,67691.21,2026-08-17 07:59:59,11707870.4166000,23632,29034.79,5021703.8647000,0
2026-08-17 08:00:00,173.04000,173.96000,172.45000,173.59000,183741.37,2026-08-17 08:59:59,31827686.5999000,43906,98683.52,17095537.4683000,0
2026-08-17 09:00:00,173.58000,173.67000,172.77000,172.77000,104791.42,2026-08-17 09:59:59,18146222.7264000,24673,52071.86,9017653.0646000,0
2026-08-17 10:00:00,172.77000,173.81000,172.75000,173.37000,58526.40,2026-08-17 10:59:59,10144676.6079000,18160,32978.14,5716244.8310000,0
2026-08-17 11:00:00,173.36000,173.55000,172.27000,172.54000,92574.29,2026-08-17 11:59:59,15987579.1351000,21591,47027.66,8122233.0003000,0
2026-08-17 12:00:00,172.55000,172.87000,171.50000,172.15000,194661.39,2026-08-17 12:59:59,33506541.6235000,46972,91044.46,15672853.2813000,0
2026-08-17 13:00:00,172.15000,174.42000,171.32000,173.72000,654595.11,2026-08-17 13:59:59,113187247.0380000,171641,347056.88,60026670.9520000,0
2026-08-17 14:00:00,173.73000,177.26000,171.67000,176.26000,467218.50,2026-08-17 14:59:59,81494252.0504000,114551,258679.59,45131008.4197000,0
2026-08-17 15:00:00,176.26000,177.97000,174.94000,175.50000,352668.66,2026-08-17 15:59:59,62273450.5373000,95791,176477.65,31162353.2681000,0
2026-08-17 16:00:00,175.50000,178.33000,175.27000,177.53000,187287.84,2026-08-17 16:59:59,33148222.7480000,63674,105803.35,18726817.2320000,0
2026-08-17 17:00:00,177.54000,177.98000,174.94000,175.27000,137941.97,2026-08-17 17:59:59,24308281.8680000,46236,66205.67,11668018.1383000,0
2026-08-17 18:00:00,175.27000,175.44000,172.38000,172.46000,164075.08,2026-08-17 18:59:59,28433352.7853000,47681,77694.33,13460471.3638000,0
2026-08-17 19:00:00,172.46000,172.65000,169.77000,171.43000,216869.37,2026-08-17 19:59:59,37103389.4952000,60216,95947.43,16414931.3415000,0
2026-08-17 20:00:00,171.44000,171.99000,171.15000,171.42000,45482.99,2026-08-17 20:59:59,7802741.0896000,20747,21184.33,3634776.6867000,0
2026-08-17 21:00:00,171.43000,172.35000,171.35000,172.28000,27710.90,2026-08-17 21:59:59,4764203.8277000,11922,17901.88,3078292.0933000,0
2026-08-17 22:00:00,172.28000,173.72000,172.21000,173.46000,86520.51,2026-08-17 22:59:59,14979122.6201000,27504,46761.85,8095490.3526000,0
2026-08-17 23:00:00,173.48000,173.51000,171.08000,172.21000,161834.00,2026-08-17 23:59:59,27818747.1217000,51716,85259.44,14655403.3523000,0
2026-08-18 00:00:00,172.22000,176.91000,171.88000,174.66000,453095.33,2026-08-18 00:59:59,78953230.1100000,128781,248949.66,43368287.7627000,0
2026-08-18 01:00:00,174.66000,175.60000,171.06000,171.94000,308286.12,2026-08-18 01:59:59,53441414.5300000,85524,156669.46,27166008.5216000,0
2026-08-18 02:00:00,171.95000,172.44000,167.46000,168.17000,387177.19,2026-08-18 02:59:59,65566651.8540000,108257,186678.06,31620971.3391000,0
2026-08-18 03:00:00,168.16000,168.62000,166.21000,168.06000,302054.63,2026-08-18 03:59:59,50593930.4661000,79707,130810.82,21915730.4901000,0
2026-08-18 04:00:00,168.04000,169.39000,167.26000,169.30000,152539.48,2026-08-18 04:59:59,25712824.0649000,46404,77844.03,13128106.8041000,0
2026-08-18 05:00:00,169.29000,169.40000,166.09000,166.12000,141532.49,2026-08-18 05:59:59,23643226.8906000,43023,64709.34,10810725.0328000,0
2026-08-18 06:00:00,166.13000,167.47000,165.40000,167.33000,119676.11,2026-08-18 06:59:59,19915789.1437000,35540,60149.58,10012792.1445000,0
2026-08-18 07:00:00,167.33000,168.02000,166.18000,166.32000,81547.45,2026-08-18 07:59:59,13609838.8452000,19723,44528.17,7430478.7874000,0
2026-08-18 08:00:00,166.32000,166.52000,162.57000,162.89000,374306.52,2026-08-18 08:59:59,61398092.1610000,63464,171110.26,28071299.0826000,0
2026-08-18 09:00:00,162.89000,162.92000,161.69000,162.42000,185183.63,2026-08-18 09:59:59,30026929.4845000,33370,81496.80,13213586.3047000,0
2026-08-18 10:00:00,162.42000,163.10000,161.48000,162.98000,124468.96,2026-08-18 10:59:59,20198671.1154000,27043,58752.45,9536737.2810000,0
2026-08-18 11:00:00,162.99000,164.05000,162.77000,163.44000,175522.24,2026-08-18 11:59:59,28713050.9975000,36638,86111.27,14089253.6846000,0
2026-08-18 12:00:00,163.43000,163.97000,161.80000,162.00000,107164.99,2026-08-18 12:59:59,17415307.1739000,29747,45526.17,7400640.9793000,0
2026-08-18 13:00:00,162.00000,163.98000,159.39000,161.52000,770507.14,2026-08-18 13:59:59,124770451.9977000,164580,368890.60,59778370.3597000,0
2026-08-18 14:00:00,161.52000,162.34000,157.30000,157.58000,450587.05,2026-08-18 14:59:59,72071232.0701000,100376,201232.79,32203516.1662000,0
2026-08-18 15:00:00,157.59000,158.07000,156.23000,157.95000,344738.62,2026-08-18 15:59:59,54238504.1627000,57697,166488.31,26201373.5726000,0
2026-08-18 16:00:00,157.97000,158.36000,156.69000,157.44000,150583.58,2026-08-18 16:59:59,23711187.5951000,35413,69421.90,10932921.0470000,0
2026-08-18 17:00:00,157.43000,157.65000,155.78000,155.79000,95575.44,2026-08-18 17:59:59,14978997.1814000,23224,41228.93,6463789.9787000,0
2026-08-18 18:00:00,155.80000,156.07000,154.94000,155.58000,124540.25,2026-08-18 18:59:59,19376881.6980000,29700,57668.97,8974884.1551000,0
2026-08-18 19:00:00,155.57000,156.53000,154.62000,155.61000,151783.34,2026-08-18 19:59:59,23618726.1714000,42851,75107.96,11689420.2059000,0
2026-08-18 20:00:00,155.60000,156.01000,155.28000,155.64000,58107.75,2026-08-18 20:59:59,9045925.1155000,15221,30267.33,4712034.9984000,0
2026-08-18 21:00:00,155.65000,155.67000,154.86000,155.00000,26660.10,2026-08-18 21:59:59,4138977.3403000,10830,12265.04,1904153.4154000,0
2026-08-18 22:00:00,155.01000,156.16000,153.98000,153.99000,66012.96,2026-08-18 22:59:59,10238790.6664000,21431,31918.46,4951896.4392000,0
2026-08-18 23:00:00,153.99000,155.21000,153.42000,153.66000,173082.85,2026-08-18 23:59:59,26701423.7334000,38970,86844.55,13401674.7191000,0
2026-08-19 00:00:00,153.65000,153.73000,150.18000,152.09000,280227.24,2026-08-19 00:59:59,42470476.7591000,69427,136756.45,20723180.5473000,0
