date,dxy,sp500,nasdaq,gold,us10y,vix
2021-08-17,93.12999725,4448.08007812,14656.17968750,1785.00000000,1.25800002,17.90999985
2021-08-18,93.13999939,4400.27001953,14525.91015625,1781.59997559,1.27300000,21.56999969
2021-08-19,93.56999969,4405.79980469,14541.79003906,1780.19995117,1.24199998,21.67000008
2021-08-20,93.50000000,4441.66992188,14714.66015625,1781.00000000,1.25999999,18.55999947
2021-08-23,92.95999908,4479.52978516,14942.65039062,1803.19995117,1.25500000,17.14999962
2021-08-24,92.88999939,4486.22998047,15019.79980469,1805.59997559,1.28999996,17.21999931
2021-08-25,92.83000183,4496.18994141,15041.86035156,1788.19995117,1.34200001,16.79000092
2021-08-26,93.05999756,4470.00000000,14945.80957031,1792.19995117,1.34200001,18.84000015
2021-08-27,92.69000244,4509.37011719,15129.50000000,1816.59997559,1.31200004,16.38999939
2021-08-30,92.65000153,4528.79003906,15265.88964844,1809.00000000,1.28499997,16.19000053
2021-08-31,92.62999725,4522.68017578,15259.24023438,1815.00000000,1.30400002,16.47999954
2021-09-01,92.44999695,4524.08984375,15309.37988281,1813.09997559,1.30200005,16.11000061
2021-09-02,92.23000336,4536.95019531,15331.17968750,1808.69995117,1.29400003,16.40999985
2021-09-03,92.04000092,4535.43017578,15363.51953125,1830.90002441,1.32200003,16.40999985
2021-09-07,92.51999664,4520.02978516,15374.33007812,1795.90002441,1.37000000,18.13999939
2021-09-08,92.65000153,4514.06982422,15286.63964844,1790.69995117,1.33399999,17.95999908
2021-09-09,92.48000336,4493.27978516,15248.25000000,1797.40002441,1.29900002,18.79999924
2021-09-10,92.58000183,4458.58007812,15115.49023438,1789.59997559,1.34099996,20.95000076
2021-09-13,92.62000275,4468.72998047,15105.58007812,1792.00000000,1.32400000,19.37000084
2021-09-14,92.65000153,4443.04980469,15037.75976562,1804.69995117,1.27699995,19.45999908
2021-09-15,92.48999786,4480.70019531,15161.53027344,1792.40002441,1.30400002,18.18000031
2021-09-16,92.86000061,4473.75000000,15181.91992188,1754.59997559,1.33099997,18.69000053
2021-09-17,93.19999695,4432.99023438,15043.96972656,1749.40002441,1.37000000,20.80999947
2021-09-20,93.23999786,4357.72998047,14713.90039062,1761.80004883,1.30900002,25.70999908
2021-09-21,93.19999695,4354.18994141,14746.40039062,1776.00000000,1.32400000,24.36000061
2021-09-22,93.45999908,4395.64013672,14896.84960938,1776.69995117,1.33599997,20.87000084
2021-09-23,93.09999847,4448.97998047,15052.24023438,1747.69995117,1.40999997,18.62999916
2021-09-24,93.33000183,4455.47998047,15047.70019531,1749.69995117,1.46000004,17.75000000
2021-09-27,93.37999725,4443.10986328,14969.96972656,1750.00000000,1.48399997,18.76000023
2021-09-28,93.76999664,4352.62988281,14546.67968750,1735.80004883,1.53400004,23.25000000
2021-09-29,94.33999634,4359.45996094,14512.44042969,1721.50000000,1.54100001,22.55999947
2021-09-30,94.25000000,4307.54003906,14448.58007812,1755.30004883,1.52900004,23.13999939
2021-10-01,94.04000092,4357.04003906,14566.70019531,1757.00000000,1.47899997,21.10000038
2021-10-04,93.80999756,4300.45996094,14255.48046875,1766.19995117,1.48099995,22.95999908
2021-10-05,93.98000336,4345.72021484,14433.83007812,1759.59997559,1.52900004,21.29999924
2021-10-06,94.26999664,4363.54980469,14501.91015625,1760.50000000,1.52400005,21.00000000
2021-10-07,94.22000122,4399.75976562,14654.01953125,1757.90002441,1.57099998,19.54000092
2021-10-08,94.06999969,4391.33984375,14579.54003906,1756.30004883,1.60500002,18.77000046
2021-10-11,94.31999969,4361.18994141,14486.20019531,1754.59997559,1.61399996,20.00000000
2021-10-12,94.51999664,4350.64990234,14465.91992188,1758.30004883,1.58000004,19.85000038
2021-10-13,94.08000183,4363.79980469,14571.63964844,1793.69995117,1.54900002,18.63999939
2021-10-14,93.95999908,4438.25976562,14823.42968750,1796.69995117,1.51900005,16.86000061
2021-10-15,93.94000244,4471.37011719,14897.33984375,1767.19995117,1.57599998,16.29999924
2021-10-18,93.94999695,4486.45996094,15021.80957031,1764.80004883,1.58399999,16.30999947
2021-10-19,93.79000092,4519.62988281,15129.08984375,1769.69995117,1.63499999,15.69999981
2021-10-20,93.55999756,4536.18994141,15121.67968750,1784.09997559,1.63600004,15.48999977
2021-10-21,93.76999664,4549.77978516,15215.70019531,1781.19995117,1.67600000,15.01000023
2021-10-22,93.61000061,4544.89990234,15090.20019531,1795.50000000,1.65499997,15.43000031
2021-10-25,93.80999756,4566.47998047,15226.70996094,1806.00000000,1.63499999,15.23999977
2021-10-26,93.94999695,4574.79003906,15235.70996094,1792.69995117,1.61899996,15.97999954
2021-10-27,93.86000061,4551.68017578,15235.83984375,1797.90002441,1.52900004,16.97999954
2021-10-28,93.34999847,4596.41992188,15448.12011719,1801.59997559,1.56799996,16.53000069
2021-10-29,94.12000275,4605.37988281,15498.38964844,1783.00000000,1.55700004,16.26000023
2021-11-01,93.87999725,4613.66992188,15595.91992188,1795.09997559,1.57500005,16.40999985
2021-11-02,94.08999634,4630.64990234,15649.59960938,1788.69995117,1.54900002,16.03000069
2021-11-03,93.86000061,4660.56982422,15811.58007812,1763.59997559,1.57900000,15.10000038
2021-11-04,94.34999847,4680.06005859,15940.30957031,1793.00000000,1.52400005,15.43999958
2021-11-05,94.31999969,4697.52978516,15971.58984375,1816.40002441,1.45299995,16.47999954
2021-11-08,94.05000305,4701.70019531,15982.36035156,1827.40002441,1.49699998,17.21999931
2021-11-09,93.95999908,4685.25000000,15886.54003906,1830.19995117,1.43200004,17.78000069
2021-11-10,94.84999847,4646.70996094,15622.70996094,1847.59997559,1.55999994,18.72999954
2021-11-11,95.18000031,4649.27001953,15704.28027344,1863.19995117,1.55999994,17.65999985
2021-11-12,95.12999725,4682.85009766,15860.95996094,1867.90002441,1.58200002,16.29000092
2021-11-15,95.41000366,4682.79980469,15853.84960938,1866.09997559,1.62300003,16.48999977
2021-11-16,95.91999817,4700.89990234,15973.86035156,1853.59997559,1.63399994,16.37000084
2021-11-17,95.83000183,4688.66992188,15921.57031250,1869.69995117,1.60399997,17.11000061
2021-11-18,95.54000092,4704.54003906,15993.70996094,1861.00000000,1.58899999,17.59000015
2021-11-19,96.06999969,4697.95996094,16057.44042969,1851.19995117,1.53600001,17.90999985
2021-11-22,96.50000000,4682.93994141,15854.75976562,1806.00000000,1.62500000,19.17000008
2021-11-23,96.48999786,4690.70019531,15775.13964844,1783.50000000,1.66700006,19.37999916
2021-11-24,96.83999634,4701.45996094,15845.23046875,1784.09997559,1.64499998,18.57999992
2021-11-26,96.08999634,4594.62011719,15491.66015625,1785.30004883,1.48199999,28.62000084
2021-11-29,96.33999634,4655.27001953,15782.83007812,1782.30004883,1.52999997,22.95999908
2021-11-30,95.98999786,4567.00000000,15537.69042969,1773.59997559,1.44299996,27.19000053
2021-12-01,96.05000305,4513.04003906,15254.04980469,1781.59997559,1.43400002,31.12000084
2021-12-02,96.12999725,4577.10009766,15381.32031250,1760.69995117,1.44799995,27.95000076
2021-12-03,96.12000275,4538.43017578,15085.46972656,1782.00000000,1.34300005,30.67000008
2021-12-06,96.29000092,4591.66992188,15225.15039062,1777.50000000,1.43400002,27.18000031
2021-12-07,96.37000275,4686.75000000,15686.91992188,1782.59997559,1.48000002,21.88999939
2021-12-08,95.88999939,4701.20996094,15786.99023438,1783.40002441,1.50899994,19.89999962
2021-12-09,96.26999664,4667.45019531,15517.37011719,1774.59997559,1.48699999,21.57999992
2021-12-10,96.05000305,4712.02001953,15630.59960938,1782.90002441,1.48899996,18.69000053
2021-12-13,96.31999969,4668.97021484,15413.28027344,1786.30004883,1.42400002,20.30999947
2021-12-14,96.56999969,4634.08984375,15237.63964844,1770.40002441,1.43799996,21.88999939
2021-12-15,96.51000214,4709.85009766,15565.58007812,1762.59997559,1.46300006,19.29000092
2021-12-16,96.04000092,4668.66992188,15180.42968750,1796.59997559,1.42200005,20.56999969
2021-12-17,96.56999969,4620.64013672,15169.67968750,1803.80004883,1.40199995,21.56999969
2021-12-20,96.55000305,4568.02001953,14980.94042969,1793.69995117,1.41900003,22.87000084
2021-12-21,96.48999786,4649.22998047,15341.08984375,1787.90002441,1.48699999,21.01000023
2021-12-22,96.08000183,4696.56005859,15521.88964844,1801.59997559,1.45700002,18.62999916
2021-12-23,96.01999664,4725.79003906,15653.37011719,1811.19995117,1.49300003,17.95999908
2021-12-27,96.08999634,4791.18994141,15871.25976562,1808.09997559,1.48099995,17.68000031
2021-12-28,96.19999695,4786.35009766,15781.71972656,1810.19995117,1.48099995,17.54000092
2021-12-29,95.93000031,4793.06005859,15766.21972656,1805.09997559,1.54299998,16.95000076
2021-12-30,95.97000122,4778.72998047,15741.55957031,1812.69995117,1.51499999,17.32999992
2021-12-31,95.66999817,4766.18017578,15644.96972656,1827.50000000,1.51199996,17.21999931
2022-01-03,96.23999786,4796.56005859,15832.79980469,1799.40002441,1.62800002,16.60000038
2022-01-04,96.29000092,4793.54003906,15622.71972656,1814.00000000,1.66799998,16.90999985
2022-01-05,96.19000244,4700.58007812,15100.16992188,1824.59997559,1.70500004,19.72999954
2022-01-06,96.25000000,4696.04980469,15080.86035156,1788.69995117,1.73300004,19.61000061
2022-01-07,95.73999786,4677.02978516,14935.90039062,1797.00000000,1.77100003,18.76000023
2022-01-10,95.98999786,4670.29003906,14942.83007812,1798.40002441,1.77999997,19.39999962
2022-01-11,95.62000275,4713.06982422,15153.45019531,1818.59997559,1.74600005,18.40999985
2022-01-12,95.00000000,4726.35009766,15188.38964844,1827.19995117,1.72500002,17.62000084
2022-01-13,94.79000092,4659.02978516,14806.80957031,1821.19995117,1.71099997,20.30999947
2022-01-14,95.16999817,4662.85009766,14893.75000000,1816.50000000,1.77199996,19.19000053
2022-01-18,95.73000336,4577.10986328,14506.90039062,1812.30004883,1.86500001,22.79000092
2022-01-19,95.51000214,4532.75976562,14340.25976562,1843.09997559,1.82700002,23.85000038
2022-01-20,95.73999786,4482.72998047,14154.01953125,1842.50000000,1.83299994,25.59000015
2022-01-21,95.63999939,4397.93994141,13768.91992188,1831.80004883,1.74699998,28.85000038
2022-01-24,95.91999817,4410.12988281,13855.12988281,1841.69995117,1.73500001,29.89999962
2022-01-25,95.94999695,4356.45019531,13539.29003906,1852.69995117,1.78299999,31.15999985
2022-01-26,96.48999786,4349.93017578,13542.12011719,1829.90002441,1.84800005,31.95999908
2022-01-27,97.26000214,4326.50976562,13352.78027344,1793.30004883,1.80700004,30.48999977
2022-01-28,97.26999664,4431.85009766,13770.57031250,1784.90002441,1.78199995,27.65999985
2022-01-31,96.54000092,4515.54980469,14239.87988281,1795.00000000,1.78199995,24.82999992
2022-02-01,96.38999939,4546.54003906,14346.00000000,1800.30004883,1.79999995,21.95999908
2022-02-02,95.94000244,4589.37988281,14417.54980469,1809.19995117,1.76600003,22.09000015
2022-02-03,95.37999725,4477.43994141,13878.82031250,1803.00000000,1.82700002,24.35000038
2022-02-04,95.48000336,4500.52978516,14098.00976562,1806.59997559,1.92999995,23.21999931
2022-02-07,95.40000153,4483.87011719,14015.66992188,1820.59997559,1.91600001,22.86000061
2022-02-08,95.63999939,4521.54003906,14194.45019531,1826.59997559,1.95400000,21.44000053
2022-02-09,95.48999786,4587.18017578,14490.37011719,1835.19995117,1.92900002,19.95999908
2022-02-10,95.55000305,4504.08007812,14185.63964844,1836.19995117,2.03099990,23.90999985
2022-02-11,96.08000183,4418.64013672,13791.15039062,1840.80004883,1.95500004,27.36000061
2022-02-14,96.37000275,4401.66992188,13790.91992188,1868.00000000,1.99600005,28.32999992
2022-02-15,95.98999786,4471.06982422,14139.75976562,1854.80004883,2.04500008,25.70000076
2022-02-16,95.69999695,4475.00976562,14124.08984375,1870.19995117,2.04699993,24.29000092
2022-02-17,95.80000305,4380.25976562,13716.71972656,1900.69995117,1.97200000,28.11000061
2022-02-18,96.04000092,4348.87011719,13548.07031250,1898.59997559,1.93200004,27.75000000
2022-02-22,96.02999878,4304.75976562,13381.51953125,1906.09997559,1.94799995,28.80999947
2022-02-23,96.19000244,4225.50000000,13037.49023438,1909.19995117,1.97700000,31.02000046
2022-02-24,97.13999939,4288.70019531,13473.58984375,1925.09997559,1.96899998,30.31999969
2022-02-25,96.62000275,4384.64990234,13694.62011719,1886.50000000,1.98599994,27.59000015
2022-02-28,96.70999908,4373.93994141,13751.40039062,1899.40002441,1.83899999,30.14999962
2022-03-01,97.41000366,4306.25976562,13532.45996094,1942.40002441,1.70700002,33.31999969
2022-03-02,97.38999939,4386.54003906,13752.01953125,1920.90002441,1.86500001,30.73999977
2022-03-03,97.79000092,4363.49023438,13537.94042969,1934.40002441,1.84399998,30.47999954
2022-03-04,98.65000153,4328.87011719,13313.44042969,1965.09997559,1.72399998,31.97999954
2022-03-07,99.29000092,4201.08984375,12830.95996094,1993.90002441,1.75100005,36.45000076
2022-03-08,99.05999756,4170.70019531,12795.54980469,2040.09997559,1.87199998,35.13000107
2022-03-09,97.97000122,4277.87988281,13255.54980469,1985.90002441,1.94799995,32.45000076
2022-03-10,98.51000214,4259.52001953,13129.95996094,1998.09997559,2.01099992,30.22999954
2022-03-11,99.12000275,4204.31005859,12843.80957031,1982.69995117,2.00399995,30.75000000
2022-03-14,99.05999756,4173.10986328,12581.21972656,1959.59997559,2.14000010,31.77000046
2022-03-15,99.06999969,4262.45019531,12948.62011719,1928.50000000,2.16000009,29.82999992
2022-03-16,98.37999725,4357.85986328,13436.54980469,1908.00000000,2.18799996,26.67000008
2022-03-17,98.01000214,4411.66992188,13614.78027344,1942.09997559,2.19199991,25.67000008
2022-03-18,98.23000336,4463.12011719,13893.83984375,1928.19995117,2.14800000,23.87000084
2022-03-21,98.50000000,4461.18017578,13838.45996094,1928.59997559,2.31500006,23.53000069
2022-03-22,98.48999786,4511.60986328,14108.82031250,1920.69995117,2.37299991,22.94000053
2022-03-23,98.62000275,4456.24023438,13922.59960938,1936.59997559,2.32100010,23.56999969
2022-03-24,98.79000092,4520.16015625,14191.83984375,1961.59997559,2.34100008,21.67000008
2022-03-25,98.80999756,4543.06005859,14169.29980469,1953.80004883,2.49200010,20.80999947
2022-03-28,99.08999634,4575.52001953,14354.90039062,1939.59997559,2.47700000,19.62999916
2022-03-29,98.40000153,4631.60009766,14619.63964844,1912.00000000,2.40000010,18.89999962
2022-03-30,97.79000092,4602.45019531,14442.26953125,1933.50000000,2.35800004,19.32999992
2022-03-31,98.30999756,4530.41015625,14220.51953125,1949.19995117,2.32699990,20.55999947
2022-04-01,98.62999725,4545.85986328,14261.50000000,1919.09997559,2.37700009,19.62999916
2022-04-04,98.98999786,4582.64013672,14532.54980469,1929.19995117,2.41199994,18.56999969
2022-04-05,99.47000122,4525.12011719,14204.16992188,1922.90002441,2.55599999,21.03000069
2022-04-06,99.59999847,4481.14990234,13888.82031250,1918.40002441,2.60899997,22.10000038
2022-04-07,99.75000000,4500.20996094,13897.29980469,1933.80004883,2.65199995,21.54999924
2022-04-08,99.80000305,4488.27978516,13711.00000000,1941.59997559,2.71300006,21.15999985
2022-04-11,99.93000031,4412.52978516,13411.95996094,1944.30004883,2.77999997,24.37000084
2022-04-12,100.29000092,4397.45019531,13371.57031250,1972.09997559,2.72499990,24.26000023
2022-04-13,99.87999725,4446.58984375,13643.58984375,1981.00000000,2.68700004,21.81999969
2022-04-14,100.31999969,4392.58984375,13351.08007812,1970.90002441,2.82800007,22.70000076
2022-04-18,100.77999878,4391.68994141,13332.36035156,1982.90002441,2.86199999,22.17000008
2022-04-19,100.95999908,4462.20996094,13619.66015625,1955.69995117,2.91300011,21.37000084
2022-04-20,100.38999939,4459.45019531,13453.07031250,1952.30004883,2.83999991,20.31999969
2022-04-21,100.58000183,4393.66015625,13174.65039062,1944.90002441,2.91700006,22.68000031
2022-04-22,101.22000122,4271.77978516,12839.29003906,1931.00000000,2.90599990,28.20999908
2022-04-25,101.75000000,4296.12011719,13004.84960938,1893.19995117,2.82599998,27.02000046
2022-04-26,102.30000305,4175.20019531,12490.74023438,1901.40002441,2.77200007,33.52000046
2022-04-27,102.94999695,4183.95996094,12488.92968750,1885.90002441,2.81800008,31.60000038
2022-04-28,103.62000275,4287.50000000,12871.53027344,1888.69995117,2.86299992,29.98999977
2022-04-29,102.95999908,4131.93017578,12334.63964844,1909.30004883,2.88700008,33.40000153
2022-05-02,103.73999786,4155.37988281,12536.01953125,1861.80004883,2.99600005,32.34000015
2022-05-03,103.47000122,4175.47998047,12563.75976562,1868.80004883,2.96000004,29.25000000
2022-05-04,102.58999634,4300.16992188,12964.86035156,1867.00000000,2.91700006,25.42000008
2022-05-05,103.75000000,4146.87011719,12317.69042969,1874.00000000,3.06599998,31.20000076
2022-05-06,103.66000366,4123.33984375,12144.66015625,1881.19995117,3.12299991,30.19000053
2022-05-09,103.65000153,3991.23999023,11623.25000000,1857.09997559,3.07900000,34.75000000
2022-05-10,103.91999817,4001.05004883,11737.66992188,1839.90002441,2.99300003,32.99000168
2022-05-11,103.84999847,3935.17993164,11364.24023438,1852.59997559,2.92100000,32.56000137
2022-05-12,104.84999847,3930.08007812,11370.95996094,1823.80004883,2.81699991,31.77000046
2022-05-13,104.55999756,4023.88989258,11805.00000000,1807.40002441,2.93499994,28.87000084
2022-05-16,104.19000244,4008.01000977,11662.79003906,1813.50000000,2.87700009,27.46999931
2022-05-17,103.36000061,4088.85009766,11984.51953125,1818.19995117,2.96799994,26.10000038
2022-05-18,103.80999756,3923.67993164,11418.15039062,1815.90002441,2.88599992,30.95999908
2022-05-19,102.72000122,3900.79003906,11388.50000000,1841.19995117,2.85500002,29.35000038
2022-05-20,103.15000153,3901.36010742,11354.62011719,1841.80004883,2.78699994,29.43000031
2022-05-23,102.08000183,3973.75000000,11535.26953125,1847.80004883,2.85899997,28.47999954
2022-05-24,101.86000061,3941.47998047,11264.45019531,1865.09997559,2.75999999,29.45000076
2022-05-25,102.05999756,3978.72998047,11434.74023438,1846.19995117,2.74900007,28.37000084
2022-05-26,101.83000183,4057.84008789,11740.65039062,1847.40002441,2.75600004,27.50000000
2022-05-27,101.66999817,4158.24023438,12131.12988281,1851.30004883,2.74300003,25.71999931
2022-05-31,101.75000000,4132.14990234,12081.38964844,1842.69995117,2.84400010,26.19000053
2022-06-01,102.55000305,4101.22998047,11994.45996094,1843.30004883,2.93099999,25.69000053
2022-06-02,101.76999664,4176.81982422,12316.90039062,1866.50000000,2.91300011,24.71999931
2022-06-03,102.13999939,4108.54003906,12012.73046875,1845.40002441,2.95700002,24.79000092
2022-06-06,102.44000244,4121.43017578,12061.37011719,1839.19995117,3.03800011,25.06999969
2022-06-07,102.31999969,4160.68017578,12175.23046875,1847.50000000,2.97199988,24.02000046
2022-06-08,102.54000092,4115.77001953,12086.26953125,1851.90002441,3.02900004,23.95999908
2022-06-09,103.22000122,4017.82006836,11754.23046875,1848.80004883,3.04399991,26.09000015
2022-06-10,104.15000153,3900.86010742,11340.01953125,1871.50000000,3.15599990,27.75000000
2022-06-13,105.08000183,3749.62988281,10809.23046875,1828.00000000,3.36599994,34.02000046
2022-06-14,105.51999664,3735.47998047,10828.34960938,1809.50000000,3.48300004,32.68999863
2022-06-15,105.16000366,3789.98999023,11099.15039062,1815.30004883,3.39499998,29.62000084
2022-06-16,103.62999725,3666.77001953,10646.09960938,1845.69995117,3.30699992,32.95000076
2022-06-17,104.69999695,3674.84008789,10798.34960938,1835.59997559,3.23900008,31.12999916
2022-06-21,104.44000244,3764.79003906,11069.29980469,1834.59997559,3.30699992,30.19000053
2022-06-22,104.19999695,3759.88989258,11053.08007812,1834.30004883,3.15599990,28.95000076
2022-06-23,104.43000031,3795.72998047,11232.19042969,1825.69995117,3.06800008,29.04999924
2022-06-24,104.19000244,3911.73999023,11607.62011719,1826.50000000,3.12500000,27.22999954
2022-06-27,103.94000244,3900.11010742,11524.54980469,1820.90002441,3.19400001,26.95000076
2022-06-28,104.51000214,3821.55004883,11181.54003906,1817.50000000,3.20600009,28.36000061
2022-06-29,105.11000061,3818.83007812,11177.88964844,1813.69995117,3.09299994,28.15999985
2022-06-30,104.69000244,3785.37988281,11028.74023438,1804.09997559,2.97199988,28.70999908
2022-07-01,105.13999939,3825.33007812,11127.84960938,1798.90002441,2.88899994,26.70000076
2022-07-05,106.50000000,3831.38989258,11322.24023438,1761.80004883,2.80900002,27.54000092
2022-07-06,107.09999847,3845.08007812,11361.84960938,1734.90002441,2.91300011,26.72999954
2022-07-07,107.12999725,3902.62011719,11621.34960938,1737.90002441,3.00799990,26.07999992
2022-07-08,107.01000214,3899.37988281,11635.30957031,1740.59997559,3.10100007,24.63999939
2022-07-11,108.01999664,3854.42993164,11372.59960938,1730.00000000,2.99099994,26.17000008
2022-07-12,108.06999969,3818.80004883,11264.73046875,1723.30004883,2.95799994,27.29000092
2022-07-13,107.95999908,3801.78002930,11247.58007812,1734.19995117,2.90400004,26.81999969
2022-07-14,108.54000092,3790.37988281,11251.19042969,1704.50000000,2.96000004,26.39999962
2022-07-15,108.05999756,3863.15991211,11452.41992188,1702.40002441,2.93000007,24.22999954
2022-07-18,107.37000275,3830.85009766,11360.04980469,1709.19995117,2.96000004,25.29999924
2022-07-19,106.68000031,3936.68994141,11713.15039062,1710.00000000,3.01900005,24.50000000
2022-07-20,107.08000183,3959.89990234,11897.65039062,1699.50000000,3.03600001,23.87999916
2022-07-21,106.91000366,3998.94995117,12059.61035156,1712.69995117,2.91000009,23.11000061
2022-07-22,106.73000336,3961.62988281,11834.11035156,1727.09997559,2.78299999,23.03000069
2022-07-25,106.48000336,3966.84008789,11782.66992188,1719.00000000,2.81999993,23.36000061
2022-07-26,107.19000244,3921.05004883,11562.57031250,1717.69995117,2.78699994,24.69000053
2022-07-27,106.44999695,4023.61010742,12032.41992188,1719.09997559,2.73399997,23.23999977
2022-07-28,106.34999847,4072.42993164,12162.58984375,1750.30004883,2.68099999,22.32999992
2022-07-29,105.90000153,4130.29003906,12390.69042969,1762.90002441,2.64199996,21.32999992
2022-08-01,105.44999695,4118.62988281,12368.98046875,1769.00000000,2.60599995,22.84000015
2022-08-02,106.23999786,4091.18994141,12348.75976562,1771.09997559,2.74099994,23.93000031
2022-08-03,106.51000214,4155.16992188,12668.16015625,1758.00000000,2.74799991,21.95000076
2022-08-04,105.69000244,4151.93994141,12720.58007812,1788.50000000,2.67600012,21.44000053
2022-08-05,106.62000275,4145.18994141,12657.54980469,1772.90002441,2.83999991,21.14999962
2022-08-08,106.44000244,4140.06005859,12644.45996094,1786.80004883,2.76500010,21.29000092
2022-08-09,106.37000275,4122.47021484,12493.92968750,1794.00000000,2.79699993,21.77000046
2022-08-10,105.19999695,4210.24023438,12854.79980469,1795.59997559,2.78600001,19.73999977
2022-08-11,105.08999634,4207.27001953,12779.91015625,1789.69995117,2.88800001,20.20000076
2022-08-12,105.62999725,4280.14990234,13047.19042969,1798.59997559,2.84899998,19.53000069
2022-08-15,106.55000305,4297.14013672,13128.04980469,1781.40002441,2.79099989,19.95000076
2022-08-16,106.50000000,4305.20019531,13102.54980469,1773.19995117,2.82399988,19.69000053
2022-08-17,106.56999969,4274.04003906,12938.12011719,1760.30004883,2.89299989,19.89999962
2022-08-18,107.48000336,4283.74023438,12965.33984375,1755.30004883,2.88000011,19.55999947
2022-08-19,108.16999817,4228.47998047,12705.21972656,1747.59997559,2.98900008,20.60000038
2022-08-22,109.05000305,4137.99023438,12381.57031250,1734.00000000,3.03699994,23.79999924
2022-08-23,108.62000275,4128.72998047,12381.29980469,1746.80004883,3.05399990,24.11000061
2022-08-24,108.68000031,4140.77001953,12431.53027344,1747.80004883,3.10599995,22.81999969
2022-08-25,108.47000122,4199.12011719,12639.26953125,1757.69995117,3.02600002,21.78000069
2022-08-26,108.80000305,4057.65991211,12141.70996094,1736.09997559,3.03500009,25.55999947
2022-08-29,108.83999634,4030.61010742,12017.66992188,1736.59997559,3.10999990,26.20999908
2022-08-30,108.76999664,3986.15991211,11883.13964844,1723.19995117,3.10999990,26.20999908
2022-08-31,108.69999695,3955.00000000,11816.20019531,1712.80004883,3.13299990,25.87000084
2022-09-01,109.69000244,3966.85009766,11785.12988281,1696.59997559,3.26500010,25.55999947
2022-09-02,109.52999878,3924.26000977,11630.86035156,1709.80004883,3.19300008,25.46999931
2022-09-06,110.20999908,3908.18994141,11544.91015625,1700.40002441,3.33999991,26.90999985
2022-09-07,109.83999634,3979.87011719,11791.90039062,1715.30004883,3.26500010,24.63999939
2022-09-08,109.70999908,4006.17993164,11862.12988281,1708.00000000,3.29200006,23.61000061
2022-09-09,109.00000000,4067.36010742,12112.30957031,1716.19995117,3.32100010,22.79000092
2022-09-12,108.33000183,4110.41015625,12266.41015625,1728.09997559,3.36199999,23.87000084
2022-09-13,109.81999969,3932.68994141,11633.57031250,1705.00000000,3.42199993,27.27000046
2022-09-14,109.66000366,3946.01000977,11719.67968750,1696.50000000,3.41199994,26.15999985
2022-09-15,109.73999786,3901.35009766,11552.36035156,1665.40002441,3.45900011,26.27000046
2022-09-16,109.76000214,3873.33007812,11448.40039062,1671.69995117,3.44799995,26.29999924
2022-09-19,109.73999786,3899.88989258,11535.01953125,1666.19995117,3.49000001,25.76000023
2022-09-20,110.22000122,3855.92993164,11425.04980469,1659.69995117,3.57100010,27.15999985
2022-09-21,110.63999939,3789.92993164,11220.19042969,1664.59997559,3.50999999,27.98999977
2022-09-22,111.34999847,3757.98999023,11066.80957031,1670.80004883,3.70799994,27.35000038
2022-09-23,113.19000244,3693.22998047,10867.92968750,1645.30004883,3.69700003,29.92000008
2022-09-26,114.09999847,3655.04003906,10802.91992188,1623.30004883,3.87800002,32.25999832
2022-09-27,114.11000061,3647.29003906,10829.50000000,1626.69995117,3.96399999,32.59999847
2022-09-28,112.59999847,3719.04003906,11051.63964844,1660.40002441,3.70499992,30.18000031
2022-09-29,112.25000000,3640.46997070,10737.50976562,1658.50000000,3.74699998,31.84000015
2022-09-30,112.12000275,3585.62011719,10575.62011719,1662.40002441,3.80399990,31.62000084
2022-10-03,111.75000000,3678.42993164,10815.42968750,1692.90002441,3.65100002,30.10000038
2022-10-04,110.06999969,3790.92993164,11176.41015625,1721.09997559,3.61700010,29.06999969
2022-10-05,111.06999969,3783.28002930,11148.63964844,1711.40002441,3.75900006,28.54999924
2022-10-06,112.26000214,3744.52001953,11073.30957031,1711.69995117,3.82599998,30.52000046
2022-10-07,112.80000305,3639.65991211,10652.40039062,1700.50000000,3.88299990,31.36000061
2022-10-10,113.13999939,3612.38989258,10542.09960938,1667.30004883,3.88800001,32.45000076
2022-10-11,113.22000122,3588.84008789,10426.19042969,1678.69995117,3.93899989,33.63000107
2022-10-12,113.31999969,3577.03002930,10417.09960938,1670.30004883,3.90199995,33.56999969
2022-10-13,112.36000061,3669.90991211,10649.15039062,1670.00000000,3.95199990,31.94000053
2022-10-14,113.30999756,3583.07006836,10321.38964844,1641.69995117,4.01000023,32.02000046
2022-10-17,112.04000092,3677.94995117,10675.79980469,1657.00000000,4.01499987,31.37000084
2022-10-18,112.12999725,3719.97998047,10772.40039062,1649.00000000,3.99799991,30.50000000
2022-10-19,112.98000336,3695.15991211,10680.50976562,1627.50000000,4.12699986,30.76000023
2022-10-20,112.87999725,3665.78002930,10614.83984375,1630.80004883,4.22599983,29.97999954
2022-10-21,112.01000214,3752.75000000,10859.71972656,1651.00000000,4.21299982,29.69000053
2022-10-24,111.98999786,3797.34008789,10952.61035156,1648.69995117,4.23400021,29.85000038
2022-10-25,110.94999695,3859.11010742,11199.12011719,1652.80004883,4.10799980,28.45999908
2022-10-26,109.69999695,3830.60009766,10970.99023438,1664.00000000,4.01499987,27.28000069
2022-10-27,110.58999634,3807.30004883,10792.66992188,1660.69995117,3.93700004,27.38999939
2022-10-28,110.66999817,3901.06005859,11102.45019531,1639.59997559,4.01000023,25.75000000
2022-10-31,111.52999878,3871.97998047,10988.15039062,1635.90002441,4.07700014,25.87999916
2022-11-01,111.48000336,3856.10009766,10890.84960938,1645.00000000,4.05200005,25.80999947
2022-11-02,111.34999847,3759.68994141,10524.79980469,1645.69995117,4.05900002,25.86000061
2022-11-03,112.93000031,3719.88989258,10342.94042969,1627.30004883,4.12400007,25.29999924
2022-11-04,110.87999725,3770.55004883,10475.25000000,1672.50000000,4.15600014,24.54999924
2022-11-07,110.12000275,3806.80004883,10564.51953125,1676.50000000,4.21400023,24.35000038
2022-11-08,109.62000275,3828.11010742,10616.20019531,1712.09997559,4.12599993,25.54000092
2022-11-09,110.55000305,3748.57006836,10353.16992188,1710.09997559,4.15100002,26.09000015
2022-11-10,108.20999908,3956.37011719,11114.15039062,1750.30004883,3.82900000,23.53000069
2022-11-11,106.29000092,3992.92993164,11323.33007812,1766.00000000,3.81299996,22.52000046
2022-11-14,106.66000366,3957.25000000,11196.21972656,1773.59997559,3.86500001,23.72999954
2022-11-15,106.40000153,3991.72998047,11358.41015625,1773.80004883,3.79900002,24.54000092
2022-11-16,106.27999878,3958.79003906,11183.66015625,1773.00000000,3.69199991,24.11000061
2022-11-17,106.69000244,3946.56005859,11144.95996094,1760.80004883,3.77500010,23.93000031
2022-11-18,106.93000031,3965.34008789,11146.05957031,1751.90002441,3.81800008,23.12000084
2022-11-21,107.83999634,3949.93994141,11024.50976562,1737.40002441,3.82500005,22.36000061
2022-11-22,107.22000122,4003.58007812,11174.41015625,1738.30004883,3.75799990,21.29000092
2022-11-23,106.08000183,4027.26000977,11285.32031250,1744.90002441,3.70600009,20.35000038
2022-11-25,105.95999908,4026.12011719,11226.36035156,1753.30004883,3.69099998,20.50000000
2022-11-28,106.68000031,3963.93994141,11049.50000000,1740.09997559,3.70300007,22.20999908
2022-11-29,106.81999969,3957.62988281,10983.78027344,1748.40002441,3.74799991,21.88999939
2022-11-30,105.94999695,4080.11010742,11468.00000000,1746.00000000,3.70300007,20.57999992
2022-12-01,104.73000336,4076.57006836,11482.45019531,1801.09997559,3.52900004,19.84000015
2022-12-02,104.55000305,4071.69995117,11461.50000000,1795.90002441,3.50600004,19.05999947
2022-12-05,105.29000092,3998.84008789,11239.94042969,1767.40002441,3.59899998,20.75000000
2022-12-06,105.58000183,3941.26000977,11014.88964844,1769.30004883,3.51300001,22.17000008
2022-12-07,105.09999847,3933.91992188,10958.54980469,1785.50000000,3.40799999,22.68000031
2022-12-08,104.76999664,3963.51000977,11082.00000000,1788.69995117,3.49099994,22.29000092
2022-12-09,104.80999756,3934.37988281,11004.62011719,1798.09997559,3.56699991,22.82999992
2022-12-12,105.12999725,3990.56005859,11143.74023438,1780.50000000,3.61100006,25.00000000
2022-12-13,103.98000336,4019.64990234,11256.80957031,1813.90002441,3.50099993,22.54999924
2022-12-14,103.76999664,3995.32006836,11170.88964844,1807.50000000,3.50300002,21.13999939
2022-12-15,104.55999756,3895.75000000,10810.53027344,1777.19995117,3.45000005,22.82999992
2022-12-16,104.69999695,3852.36010742,10705.41015625,1790.00000000,3.48200011,22.62000084
2022-12-19,104.72000122,3817.65991211,10546.03027344,1787.69995117,3.58100009,22.42000008
2022-12-20,103.97000122,3821.62011719,10547.11035156,1815.90002441,3.68400002,21.47999954
2022-12-21,104.16000366,3878.43994141,10709.37011719,1815.90002441,3.68400002,20.06999969
2022-12-22,104.43000031,3822.38989258,10476.12011719,1787.00000000,3.66899991,21.96999931
2022-12-23,104.30999756,3844.82006836,10497.86035156,1795.90002441,3.75099993,20.87000084
2022-12-27,104.18000031,3829.25000000,10353.23046875,1814.80004883,3.85999990,21.64999962
2022-12-28,104.45999908,3783.21997070,10213.29003906,1807.90002441,3.88700008,22.13999939
2022-12-29,103.83999634,3849.28002930,10478.08984375,1819.50000000,3.83500004,21.44000053
2022-12-30,103.51999664,3839.50000000,10466.48046875,1819.69995117,3.87899995,21.67000008
2023-01-03,104.51999664,3824.13989258,10386.98046875,1839.69995117,3.79299998,22.89999962
2023-01-04,104.25000000,3852.96997070,10458.75976562,1852.80004883,3.70900011,22.01000023
2023-01-05,105.04000092,3808.10009766,10305.24023438,1834.80004883,3.72000003,22.45999908
2023-01-06,103.87999725,3895.08007812,10569.29003906,1864.19995117,3.56900001,21.12999916
2023-01-09,103.00000000,3892.09008789,10635.65039062,1872.69995117,3.51699996,21.96999931
2023-01-10,103.23999786,3919.25000000,10742.62988281,1871.59997559,3.62100005,20.57999992
2023-01-11,103.19000244,3969.61010742,10931.66992188,1874.59997559,3.55399990,21.09000015
2023-01-12,102.25000000,3983.16992188,11001.09960938,1895.50000000,3.44899988,18.82999992
2023-01-13,102.19999695,3999.09008789,11079.16015625,1918.40002441,3.51099992,18.35000038
2023-01-17,102.38999939,3990.96997070,11095.11035156,1907.19995117,3.53500009,19.36000061
2023-01-18,102.36000061,3928.86010742,10957.00976562,1904.40002441,3.37500000,20.34000015
2023-01-19,102.05999756,3898.85009766,10852.26953125,1922.09997559,3.39700007,20.52000046
2023-01-20,102.01000214,3972.61010742,11140.42968750,1926.40002441,3.48399997,19.85000038
2023-01-23,102.13999939,4019.81005859,11364.41015625,1927.09997559,3.52500010,19.80999947
2023-01-24,101.91999817,4016.94995117,11334.26953125,1933.90002441,3.46900010,19.20000076
2023-01-25,101.63999939,4016.21997070,11313.36035156,1941.19995117,3.46199989,19.07999992
2023-01-26,101.83999634,4060.42993164,11512.41015625,1929.09997559,3.49300003,18.72999954
2023-01-27,101.93000031,4070.56005859,11621.70996094,1928.59997559,3.51799989,18.51000023
2023-01-30,102.27999878,4017.77001953,11393.80957031,1922.90002441,3.55100012,19.94000053
2023-01-31,102.09999847,4076.60009766,11584.54980469,1929.50000000,3.52900004,19.39999962
2023-02-01,101.22000122,4119.20996094,11816.32031250,1927.80004883,3.39700007,17.87000084
2023-02-02,101.75000000,4179.75976562,12200.82031250,1916.30004883,3.39599991,18.72999954
2023-02-03,102.91999817,4136.47998047,12006.95019531,1862.90002441,3.53200006,18.32999992
2023-02-06,103.62000275,4111.08007812,11887.45019531,1866.19995117,3.63400006,19.43000031
2023-02-07,103.43000031,4164.00000000,12113.79003906,1871.69995117,3.67400002,18.65999985
2023-02-08,103.41000366,4117.85986328,11910.51953125,1877.40002441,3.65300012,19.62999916
2023-02-09,103.22000122,4081.50000000,11789.58007812,1866.19995117,3.68300009,20.70999908
2023-02-10,103.62999725,4090.45996094,11718.12011719,1862.80004883,3.74399996,20.53000069
2023-02-13,103.34999847,4137.29003906,11891.79003906,1851.90002441,3.71700001,20.34000015
2023-02-14,103.23000336,4136.12988281,11960.15039062,1854.00000000,3.76099992,18.90999985
2023-02-15,103.91999817,4147.60009766,12070.58984375,1834.19995117,3.80900002,18.22999954
2023-02-16,103.86000061,4090.40991211,11855.83007812,1842.00000000,3.84299994,20.17000008
2023-02-17,103.86000061,4079.09008789,11787.26953125,1840.40002441,3.82800007,20.02000046
2023-02-21,104.18000031,3997.34008789,11492.29980469,1833.00000000,3.95499992,22.87000084
2023-02-22,104.58999634,3991.05004883,11507.07031250,1832.00000000,3.92300010,22.29000092
2023-02-23,104.59999847,4012.32006836,11590.40039062,1818.00000000,3.87899995,21.13999939
2023-02-24,105.20999908,3970.04003906,11394.94042969,1808.80004883,3.94899988,21.67000008
2023-02-27,104.66999817,3982.23999023,11466.98046875,1817.00000000,3.92199993,20.95000076
2023-02-28,104.87000275,3970.14990234,11455.54003906,1828.90002441,3.91599989,20.70000076
2023-03-01,104.48000336,3951.38989258,11379.48046875,1837.69995117,3.99399996,20.57999992
2023-03-02,105.02999878,3981.35009766,11462.98046875,1833.50000000,4.07299995,19.59000015
2023-03-03,104.51999664,4045.63989258,11689.00976562,1847.69995117,3.96399999,18.48999977
2023-03-06,104.34999847,4048.41992188,11675.74023438,1847.90002441,3.98300004,18.61000061
2023-03-07,105.62000275,3986.37011719,11530.33007812,1813.90002441,3.97499990,19.59000015
2023-03-08,105.66000366,3992.01000977,11576.00000000,1812.69995117,3.97600007,19.11000061
2023-03-09,105.30999756,3918.32006836,11338.34960938,1829.30004883,3.92499995,22.61000061
2023-03-10,104.58000183,3861.59008789,11138.88964844,1862.00000000,3.69499993,24.79999924
2023-03-13,103.59999847,3855.76000977,11188.83984375,1911.69995117,3.51500010,26.52000046
2023-03-14,103.59999847,3919.29003906,11428.15039062,1906.19995117,3.63800001,23.72999954
2023-03-15,104.65000153,3891.92993164,11434.04980469,1926.59997559,3.49200010,26.13999939
2023-03-16,104.41999817,3960.28002930,11717.28027344,1919.00000000,3.58500004,22.98999977
2023-03-17,103.70999908,3916.63989258,11630.50976562,1969.80004883,3.39499998,25.51000023
2023-03-20,103.27999878,3951.57006836,11675.54003906,1979.19995117,3.48099995,24.14999962
2023-03-21,103.26000214,4002.87011719,11860.11035156,1938.00000000,3.60599995,21.37999916
2023-03-22,102.34999847,3936.96997070,11669.95996094,1946.80004883,3.50000000,22.26000023
2023-03-23,102.52999878,3948.71997070,11787.40039062,1993.80004883,3.40599990,22.61000061
2023-03-24,103.12000275,3970.98999023,11823.95996094,1982.09997559,3.38000011,21.73999977
2023-03-27,102.86000061,3977.53002930,11768.83984375,1952.40002441,3.52800012,20.60000038
2023-03-28,102.43000031,3971.27001953,11716.08007812,1972.40002441,3.56399989,19.96999931
2023-03-29,102.63999939,4027.81005859,11926.24023438,1966.09997559,3.56599998,19.12000084
2023-03-30,102.13999939,4050.83007812,12013.46972656,1980.30004883,3.55100012,19.02000046
2023-03-31,102.51000214,4109.31005859,12221.91015625,1969.00000000,3.49399996,18.70000076
2023-04-03,102.08999634,4124.50976562,12189.45019531,1983.90002441,3.43000007,18.54999924
2023-04-04,101.58999634,4100.60009766,12126.33007812,2022.19995117,3.33699989,19.00000000
2023-04-05,101.84999847,4090.37988281,11996.86035156,2020.90002441,3.28699994,19.07999992
2023-04-06,101.81999969,4105.02001953,12087.95996094,2011.90002441,3.28800011,18.39999962
2023-04-10,102.58000183,4109.10986328,12084.36035156,1989.09997559,3.41499996,18.96999931
2023-04-11,102.19999695,4108.93994141,12031.87988281,2004.80004883,3.43400002,19.10000038
2023-04-12,101.50000000,4091.94995117,11929.33984375,2010.90002441,3.42100000,19.09000015
2023-04-13,101.01000214,4146.22021484,12166.26953125,2041.30004883,3.45199990,17.79999924
2023-04-14,101.55000305,4137.64013672,12123.46972656,2002.19995117,3.52200007,17.06999969
2023-04-17,102.09999847,4151.31982422,12157.71972656,1994.19995117,3.59100008,16.95000076
2023-04-18,101.75000000,4154.87011719,12153.41015625,2007.40002441,3.57200003,16.82999992
2023-04-19,101.97000122,4154.52001953,12157.23046875,1995.19995117,3.60200000,16.45999908
2023-04-20,101.83999634,4129.79003906,12059.55957031,2007.59997559,3.54500008,17.17000008
2023-04-21,101.81999969,4133.52001953,12072.45996094,1979.50000000,3.56999993,16.77000046
2023-04-24,101.34999847,4137.04003906,12037.20019531,1989.09997559,3.51500010,16.88999939
2023-04-25,101.86000061,4071.62988281,11799.16015625,1994.00000000,3.39599991,18.76000023
2023-04-26,101.47000122,4055.98999023,11854.34960938,1985.69995117,3.43199992,18.84000015
2023-04-27,101.50000000,4135.35009766,12142.24023438,1989.90002441,3.52800012,17.03000069
2023-04-28,101.66999817,4169.47998047,12226.58007812,1990.09997559,3.45199990,15.77999973
2023-05-01,102.15000153,4167.87011719,12212.59960938,1983.40002441,3.57399988,16.07999992
2023-05-02,101.95999908,4119.58007812,12080.50976562,2014.30004883,3.43899989,17.78000069
2023-05-03,101.33999634,4090.75000000,12025.33007812,2028.59997559,3.40300012,18.34000015
2023-05-04,101.40000153,4061.21997070,11966.40039062,2048.00000000,3.35100007,20.09000015
2023-05-05,101.20999908,4136.25000000,12235.41015625,2017.40002441,3.44600010,17.19000053
2023-05-08,101.37000275,4138.12011719,12256.91992188,2026.30004883,3.52099991,16.97999954
2023-05-09,101.63999939,4119.16992188,12179.54980469,2036.19995117,3.52099991,17.70999908
2023-05-10,101.48000336,4137.64013672,12306.44042969,2030.50000000,3.43899989,16.94000053
2023-05-11,102.05999756,4130.62011719,12328.50976562,2014.69995117,3.39700007,16.93000031
2023-05-12,102.68000031,4124.08007812,12284.74023438,2014.50000000,3.46300006,17.03000069
2023-05-15,102.43000031,4136.27978516,12365.20996094,2018.00000000,3.50799990,17.12000084
2023-05-16,102.55999756,4109.89990234,12343.04980469,1988.40002441,3.54900002,17.98999977
2023-05-17,102.87999725,4158.77001953,12500.57031250,1980.69995117,3.58100009,16.87000084
2023-05-18,103.58000183,4198.04980469,12688.83984375,1956.50000000,3.64800000,16.04999924
2023-05-19,103.19999695,4191.97998047,12657.90039062,1978.69995117,3.69199991,16.80999947
2023-05-22,103.19999695,4192.62988281,12720.78027344,1974.80004883,3.71900010,17.20999908
2023-05-23,103.48999786,4145.58007812,12560.25000000,1972.40002441,3.69799995,18.53000069
2023-05-24,103.88999939,4115.24023438,12484.16015625,1962.80004883,3.71900010,20.03000069
2023-05-25,104.20999908,4151.27978516,12698.08984375,1943.09997559,3.81399989,19.13999939
2023-05-26,104.20999908,4205.45019531,12975.69042969,1944.09997559,3.80999994,17.95000076
2023-05-30,104.16999817,4205.52001953,13017.42968750,1958.00000000,3.70000005,17.45999908
2023-05-31,104.31999969,4179.83007812,12935.29003906,1963.90002441,3.63700008,17.94000053
2023-06-01,103.55999756,4221.02001953,13100.98046875,1978.00000000,3.60800004,15.64999962
2023-06-02,104.01999664,4282.37011719,13240.76953125,1952.40002441,3.69099998,14.60000038
2023-06-05,104.00000000,4273.79003906,13229.42968750,1958.00000000,3.69300008,14.72999954
2023-06-06,104.12999725,4283.85009766,13276.41992188,1965.50000000,3.69899988,13.96000004
2023-06-07,104.09999847,4267.52001953,13104.90039062,1942.69995117,3.78399992,13.93999958
2023-06-08,103.33999634,4293.93017578,13238.51953125,1963.59997559,3.71399999,13.64999962
2023-06-09,103.55999756,4298.85986328,13259.13964844,1962.19995117,3.74499989,13.82999992
2023-06-12,103.62999725,4338.93017578,13461.91992188,1955.30004883,3.76500010,15.01000023
2023-06-13,103.33999634,4369.00976562,13573.32031250,1944.59997559,3.83899999,14.60999966
2023-06-14,103.01000214,4372.58984375,13626.48046875,1955.30004883,3.79600000,13.88000011
2023-06-15,102.12000275,4425.83984375,13782.82031250,1957.80004883,3.72799993,14.50000000
2023-06-16,102.30000305,4409.58984375,13689.57031250,1958.40002441,3.76900005,13.53999996
2023-06-20,102.54000092,4388.70996094,13667.29003906,1935.50000000,3.72900009,13.88000011
2023-06-21,102.06999969,4365.68994141,13502.20019531,1933.30004883,3.72300005,13.19999981
2023-06-22,102.38999939,4381.89013672,13630.61035156,1912.69995117,3.79900002,12.90999985
2023-06-23,102.90000153,4348.33007812,13492.51953125,1919.09997559,3.73900008,13.43999958
2023-06-26,102.69000244,4328.81982422,13335.78027344,1923.69995117,3.71900010,14.25000000
2023-06-27,102.48999786,4378.41015625,13555.66992188,1914.00000000,3.76799989,13.73999977
2023-06-28,102.91000366,4376.85986328,13591.75000000,1912.30004883,3.71000004,13.43000031
2023-06-29,103.33999634,4396.43994141,13591.33007812,1909.19995117,3.85400009,13.53999996
2023-06-30,102.91000366,4450.37988281,13787.91992188,1921.09997559,3.81900001,13.59000015
2023-07-03,102.98999786,4455.58984375,13816.76953125,1921.69995117,3.85800004,13.56999969
2023-07-05,103.37000275,4446.81982422,13791.65039062,1919.59997559,3.94499993,14.18000031
2023-07-06,103.16999817,4411.58984375,13679.04003906,1908.69995117,4.04099989,15.43999958
2023-07-07,102.26999664,4398.95019531,13660.71972656,1926.19995117,4.05000019,14.82999992
2023-07-10,101.97000122,4409.52978516,13685.48046875,1925.00000000,4.00600004,15.06999969
2023-07-11,101.73000336,4439.25976562,13760.70019531,1931.30004883,3.98000002,14.84000015
2023-07-12,100.51999664,4472.16015625,13918.95996094,1956.19995117,3.86100006,13.53999996
2023-07-13,99.76999664,4510.04003906,14138.57031250,1959.19995117,3.76099992,13.60999966
2023-07-14,99.91000366,4505.41992188,14113.70019531,1960.09997559,3.81900001,13.34000015
2023-07-17,99.83999634,4522.79003906,14244.95019531,1952.40002441,3.79699993,13.47999954
2023-07-18,99.94000244,4554.97998047,14353.63964844,1977.19995117,3.78900003,13.30000019
2023-07-19,100.27999878,4565.72021484,14358.01953125,1977.50000000,3.74200010,13.76000023
2023-07-20,100.87999725,4534.87011719,14063.30957031,1968.30004883,3.85400009,13.98999977
2023-07-21,101.06999969,4536.33984375,14032.80957031,1964.30004883,3.83699989,13.60000038
2023-07-24,101.34999847,4554.64013672,14058.87011719,1960.30004883,3.85700011,13.90999985
2023-07-25,101.34999847,4567.45996094,14144.55957031,1962.09997559,3.91199994,13.85999966
2023-07-26,100.88999939,4566.75000000,14127.28027344,1968.90002441,3.85100007,13.18999958
2023-07-27,101.76999664,4537.41015625,14050.11035156,1945.40002441,4.01200008,14.40999985
2023-07-28,101.62000275,4582.22998047,14316.66015625,1960.40002441,3.96900010,13.32999992
2023-07-31,101.86000061,4588.95996094,14346.01953125,1970.50000000,3.95900011,13.63000011
2023-08-01,102.30000305,4576.72998047,14283.91015625,1940.69995117,4.05100012,13.93000031
2023-08-02,102.58999634,4513.39013672,13973.45019531,1937.40002441,4.07800007,16.09000015
2023-08-03,102.54000092,4501.89013672,13959.71972656,1932.00000000,4.18900013,15.92000008
2023-08-04,102.01999664,4478.02978516,13909.24023438,1939.59997559,4.05999994,17.10000038
2023-08-07,102.05000305,4518.43994141,13994.40039062,1933.50000000,4.07800007,15.77000046
2023-08-08,102.52999878,4499.37988281,13884.32031250,1924.09997559,4.02600002,15.98999977
2023-08-09,102.48999786,4467.70996094,13722.01953125,1915.40002441,4.01200008,15.96000004
2023-08-10,102.51999664,4468.83007812,13737.99023438,1914.40002441,4.07999992,15.85000038
2023-08-11,102.83999634,4464.04980469,13644.84960938,1912.90002441,4.16800022,14.84000015
2023-08-14,103.19000244,4489.72021484,13788.33007812,1910.59997559,4.18400002,14.81999969
2023-08-15,103.20999908,4437.85986328,13631.04980469,1902.50000000,4.22100019,16.45999908
2023-08-16,103.41999817,4404.33007812,13474.62988281,1896.09997559,4.25799990,16.78000069
2023-08-17,103.44000244,4370.35986328,13316.92968750,1884.09997559,4.30800009,17.88999939
2023-08-18,103.37999725,4369.70996094,13290.78027344,1886.09997559,4.25099993,17.29999924
2023-08-21,103.33000183,4399.77001953,13497.58984375,1893.30004883,4.34200001,17.12999916
2023-08-22,103.55999756,4387.54980469,13505.87011719,1896.40002441,4.32800007,16.96999931
2023-08-23,103.36000061,4436.00976562,13721.03027344,1918.50000000,4.19799995,15.97999954
2023-08-24,103.98000336,4376.31005859,13463.96972656,1918.19995117,4.23500013,17.20000076
2023-08-25,104.08000183,4405.70996094,13590.65039062,1911.09997559,4.23899984,15.68000031
2023-08-28,104.05999756,4433.31005859,13705.12988281,1917.90002441,4.21199989,15.07999992
2023-08-29,103.55000305,4497.62988281,13943.75976562,1936.50000000,4.12200022,14.44999981
2023-08-30,103.16000366,4514.87011719,14019.30957031,1944.30004883,4.11800003,13.88000011
2023-08-31,103.62000275,4507.66015625,14034.96972656,1938.19995117,4.09299994,13.56999969
2023-09-01,104.23999786,4515.77001953,14031.80957031,1939.80004883,4.17299986,13.09000015
2023-09-05,104.80999756,4496.83007812,14020.95019531,1926.19995117,4.26800013,14.01000023
2023-09-06,104.86000061,4465.47998047,13872.46972656,1918.09997559,4.28999996,14.44999981
2023-09-07,105.05999756,4451.14013672,13748.83007812,1917.50000000,4.26000023,14.39999962
2023-09-08,105.08999634,4457.49023438,13761.53027344,1918.40002441,4.25799990,13.84000015
2023-09-11,104.56999969,4487.45996094,13917.88964844,1923.30004883,4.28800011,13.80000019
2023-09-12,104.70999908,4461.89990234,13773.61035156,1911.30004883,4.26399994,14.22999954
2023-09-13,104.76999664,4467.43994141,13813.58984375,1909.09997559,4.24900007,13.47999954
2023-09-14,105.41000366,4505.10009766,13926.04980469,1910.00000000,4.28800011,12.81999969
2023-09-15,105.31999969,4450.31982422,13708.33007812,1923.69995117,4.32200003,13.78999996
2023-09-18,105.19999695,4453.52978516,13710.24023438,1931.50000000,4.31899977,14.00000000
2023-09-19,105.19999695,4443.95019531,13678.19042969,1932.00000000,4.36499977,14.10999966
2023-09-20,105.16000366,4402.20019531,13469.12988281,1945.59997559,4.34899998,15.14000034
2023-09-21,105.36000061,4330.00000000,13223.98046875,1919.19995117,4.48000002,17.54000092
2023-09-22,105.58000183,4320.06005859,13211.80957031,1925.40002441,4.43800020,17.20000076
2023-09-25,106.00000000,4337.43994141,13271.32031250,1916.59997559,4.54199982,16.89999962
2023-09-26,106.23000336,4273.52978516,13063.61035156,1900.40002441,4.55800009,18.94000053
2023-09-27,106.66999817,4274.50976562,13092.84960938,1871.59997559,4.62599993,18.21999931
2023-09-28,106.22000122,4299.70019531,13201.28027344,1860.40002441,4.59700012,17.34000015
2023-09-29,106.16999817,4288.04980469,13219.32031250,1848.09997559,4.57299995,17.52000046
2023-10-02,106.90000153,4288.39013672,13307.76953125,1830.00000000,4.68300009,17.61000061
2023-10-03,107.00000000,4229.45019531,13059.46972656,1824.59997559,4.80200005,19.78000069
2023-10-04,106.80000305,4263.75000000,13236.00976562,1818.50000000,4.73500013,18.57999992
2023-10-05,106.33000183,4258.18994141,13219.83007812,1816.59997559,4.71700001,18.48999977
2023-10-06,106.04000092,4308.50000000,13431.33984375,1830.19995117,4.78399992,17.45000076
2023-10-09,106.08000183,4335.66015625,13484.24023438,1849.50000000,4.79699993,17.70000076
2023-10-10,105.83000183,4358.24023438,13562.83984375,1861.00000000,4.65500021,17.03000069
2023-10-11,105.81999969,4376.95019531,13659.67968750,1872.80004883,4.59499979,16.09000015
2023-10-12,106.56999969,4349.60986328,13574.21972656,1869.30004883,4.71199989,16.69000053
2023-10-13,106.65000153,4327.77978516,13407.23046875,1927.40002441,4.62900019,19.31999969
2023-10-16,106.23999786,4373.62988281,13567.98046875,1921.09997559,4.71199989,17.20999908
2023-10-17,106.25000000,4373.20019531,13533.75000000,1922.69995117,4.84700012,17.87999916
2023-10-18,106.56999969,4314.60009766,13314.29980469,1955.30004883,4.90399981,19.21999931
2023-10-19,106.25000000,4278.00000000,13186.17968750,1968.40002441,4.98799992,21.39999962
2023-10-20,106.16000366,4224.16015625,12983.80957031,1982.50000000,4.92399979,21.70999908
2023-10-23,105.54000092,4217.04003906,13018.33007812,1976.30004883,4.83799982,20.37000084
2023-10-24,106.26999664,4247.68017578,13139.87011719,1975.00000000,4.84000015,18.96999931
2023-10-25,106.52999878,4186.77001953,12821.21972656,1984.09997559,4.95300007,20.19000053
2023-10-26,106.59999847,4137.22998047,12595.61035156,1987.19995117,4.84499979,20.68000031
2023-10-27,106.55999756,4117.37011719,12643.00976562,1988.59997559,4.84499979,21.27000046
2023-10-30,106.12000275,4166.81982422,12789.48046875,1996.19995117,4.87500000,19.75000000
2023-10-31,106.66000366,4193.79980469,12851.24023438,1985.19995117,4.87500000,18.13999939
2023-11-01,106.87999725,4237.85986328,13061.46972656,1978.80004883,4.78900003,16.87000084
2023-11-02,106.12000275,4317.77978516,13294.19042969,1985.59997559,4.66900015,15.65999985
2023-11-03,105.01999664,4358.33984375,13478.28027344,1991.50000000,4.55800009,14.90999985
2023-11-06,105.22000122,4365.97998047,13518.78027344,1981.59997559,4.66200018,14.89000034
2023-11-07,105.54000092,4378.37988281,13639.86035156,1966.80004883,4.57100010,14.81000042
2023-11-08,105.58999634,4382.77978516,13650.41015625,1951.50000000,4.52299976,14.44999981
2023-11-09,105.91000366,4347.35009766,13521.45019531,1964.19995117,4.63000011,15.28999996
2023-11-10,105.86000061,4415.24023438,13798.11035156,1932.59997559,4.62799978,14.17000008
2023-11-13,105.66000366,4411.54980469,13767.74023438,1945.50000000,4.63199997,14.76000023
2023-11-14,104.11000061,4495.70019531,14094.37988281,1961.80004883,4.44099998,14.15999985
2023-11-15,104.38999939,4502.87988281,14103.83984375,1960.09997559,4.53499985,14.18000031
2023-11-16,104.37000275,4508.24023438,14113.66992188,1983.90002441,4.44500017,14.31999969
2023-11-17,103.81999969,4514.02001953,14125.48046875,1981.59997559,4.44099998,13.80000019
2023-11-20,103.47000122,4547.37988281,14284.53027344,1977.69995117,4.42199993,13.40999985
2023-11-21,103.58999634,4538.18994141,14199.98046875,1999.30004883,4.41800022,13.35000038
2023-11-22,103.91999817,4556.62011719,14265.86035156,1991.40002441,4.41599989,12.85000038
2023-11-24,103.40000153,4559.33984375,14250.84960938,2002.19995117,4.47200012,12.46000004
2023-11-27,103.19999695,4550.43017578,14241.01953125,2011.80004883,4.38899994,12.68999958
2023-11-28,102.75000000,4554.89013672,14281.75976562,2039.69995117,4.33599997,12.68999958
2023-11-29,102.76999664,4550.58007812,14258.49023438,2047.09997559,4.27099991,12.97999954
2023-11-30,103.50000000,4567.79980469,14226.21972656,2038.09997559,4.35200024,12.92000008
2023-12-01,103.26999664,4594.62988281,14305.03027344,2071.00000000,4.22599983,12.63000011
2023-12-04,103.63999939,4569.77978516,14185.49023438,2024.09997559,4.28800011,13.07999992
2023-12-05,104.05000305,4567.18017578,14229.91015625,2018.50000000,4.17100000,12.85000038
2023-12-06,104.15000153,4549.33984375,14146.70996094,2030.50000000,4.12099981,12.97000027
2023-12-07,103.54000092,4585.58984375,14339.99023438,2029.90002441,4.12900019,13.06000042
2023-12-08,104.01000214,4604.37011719,14403.96972656,1998.30004883,4.24499989,12.35000038
2023-12-11,104.09999847,4622.43994141,14432.49023438,1978.00000000,4.23899984,12.63000011
2023-12-12,103.87000275,4643.70019531,14533.40039062,1977.80004883,4.20599985,12.06999969
2023-12-13,102.87000275,4707.08984375,14733.95996094,1982.30004883,4.03299999,12.18999958
2023-12-14,101.95999908,4719.54980469,14761.55957031,2030.19995117,3.93000007,12.47999954
2023-12-15,102.55000305,4719.18994141,14813.91992188,2021.09997559,3.92799997,12.27999973
2023-12-18,102.51000214,4740.56005859,14904.80957031,2026.30004883,3.95400000,12.56000042
2023-12-19,102.16999817,4768.37011719,15003.21972656,2038.40002441,3.92199993,12.52999973
2023-12-20,102.41000366,4698.35009766,14777.94042969,2034.50000000,3.87700009,13.67000008
2023-12-21,101.83999634,4746.75000000,14963.87011719,2039.09997559,3.89400005,13.64999962
2023-12-22,101.69999695,4754.62988281,14992.96972656,2057.10009766,3.90100002,13.02999973
2023-12-26,101.47000122,4774.75000000,15074.57031250,2058.19995117,3.88599992,12.98999977
2023-12-27,100.98999786,4781.58007812,15099.17968750,2081.89990234,3.78900003,12.43000031
2023-12-28,101.23000336,4783.35009766,15095.13964844,2073.89990234,3.84999990,12.47000027
2023-12-29,101.33000183,4769.83007812,15011.34960938,2062.39990234,3.86599994,12.44999981
2024-01-02,102.19999695,4742.83007812,14765.94042969,2064.39990234,3.94600010,13.19999981
2024-01-03,102.45999908,4704.81005859,14592.20996094,2034.19995117,3.90700006,14.03999996
2024-01-04,102.41999817,4688.68017578,14510.29980469,2042.30004883,3.99099994,14.13000011
2024-01-05,102.41000366,4697.24023438,14524.07031250,2042.40002441,4.04199982,13.35000038
2024-01-08,102.20999908,4763.54003906,14843.76953125,2026.59997559,4.00199986,13.07999992
2024-01-09,102.56999969,4756.50000000,14857.70996094,2026.40002441,4.01900005,12.76000023
2024-01-10,102.36000061,4783.45019531,14969.65039062,2021.69995117,4.03000021,12.68999958
2024-01-11,102.29000092,4780.24023438,14970.19042969,2014.30004883,3.97700000,12.43999958
2024-01-12,102.40000153,4783.83007812,14972.75976562,2046.69995117,3.95000005,12.69999981
2024-01-16,103.36000061,4765.97998047,14944.34960938,2026.00000000,4.06599998,13.84000015
2024-01-17,103.44999695,4739.20996094,14855.62011719,2002.59997559,4.10599995,14.78999996
2024-01-18,103.54000092,4780.93994141,15055.65039062,2018.59997559,4.14400005,14.13000011
2024-01-19,103.29000092,4839.81005859,15310.96972656,2026.50000000,4.14599991,13.30000019
2024-01-22,103.33000183,4850.43017578,15360.29003906,2019.80004883,4.09399986,13.18999958
2024-01-23,103.62000275,4864.60009766,15425.94042969,2023.69995117,4.14200020,12.55000019
2024-01-24,103.23999786,4868.54980469,15481.91992188,2013.90002441,4.17799997,13.14000034
2024-01-25,103.56999969,4894.16015625,15510.50000000,2016.90002441,4.13199997,13.44999981
2024-01-26,103.47000122,4890.97021484,15455.36035156,2016.80004883,4.15999985,13.26000023
2024-01-29,103.61000061,4927.93017578,15628.04003906,2025.19995117,4.09100008,13.60000038
2024-01-30,103.40000153,4924.97021484,15509.90039062,2031.50000000,4.05900002,13.31000042
2024-01-31,103.26999664,4845.64990234,15164.00976562,2048.39990234,3.96700001,14.35000038
2024-02-01,103.05000305,4906.18994141,15361.63964844,2053.00000000,3.86299992,13.88000011
2024-02-02,103.91999817,4958.60986328,15628.95019531,2036.09997559,4.03299999,13.85000038
2024-02-05,104.44999695,4942.81005859,15597.67968750,2025.69995117,4.16400003,13.67000008
2024-02-06,104.18000031,4954.22998047,15609.00000000,2034.50000000,4.09000015,13.06000042
2024-02-07,104.04000092,4995.06005859,15756.63964844,2035.19995117,4.11000013,12.82999992
2024-02-08,104.15000153,4997.91015625,15793.70996094,2032.19995117,4.17000008,12.78999996
2024-02-09,104.08000183,5026.60986328,15990.66015625,2023.30004883,4.18699980,12.93000031
2024-02-12,104.16999817,5021.83984375,15942.54980469,2018.19995117,4.17199993,13.93000031
2024-02-13,104.95999908,4953.16992188,15655.59960938,1992.90002441,4.31599998,15.85000038
2024-02-14,104.72000122,5000.62011719,15859.15039062,1990.30004883,4.26700020,14.38000011
2024-02-15,104.30000305,5029.72998047,15906.16992188,2002.09997559,4.23999977,14.01000023
2024-02-16,104.27999878,5005.56982422,15775.65039062,2011.50000000,4.29500008,14.23999977
2024-02-20,104.08000183,4975.50976562,15630.78027344,2027.50000000,4.27500010,15.42000008
2024-02-21,104.01000214,4981.79980469,15580.87011719,2022.30004883,4.32499981,15.34000015
2024-02-22,103.95999908,5087.02978516,16041.62011719,2019.69995117,4.32700014,14.53999996
2024-02-23,103.94000244,5088.79980469,15996.82031250,2038.59997559,4.26000023,13.75000000
2024-02-26,103.83000183,5069.52978516,15976.25000000,2028.50000000,4.29899979,13.73999977
2024-02-27,103.83000183,5078.18017578,16035.29980469,2034.00000000,4.31500006,13.43000031
2024-02-28,103.98000336,5069.75976562,15947.74023438,2033.00000000,4.27400017,13.84000015
2024-02-29,104.16000366,5096.27001953,16091.91992188,2045.69995117,4.25199986,13.39999962
2024-03-01,103.86000061,5137.08007812,16274.94042969,2086.89990234,4.17999983,13.10999966
2024-03-04,103.83000183,5130.95019531,16207.50976562,2117.69995117,4.21899986,13.48999977
2024-03-05,103.80000305,5078.64990234,15939.58984375,2133.50000000,4.13700008,14.46000004
2024-03-06,103.37000275,5104.75976562,16031.54003906,2150.30004883,4.10400009,14.50000000
2024-03-07,102.81999969,5157.35986328,16273.37988281,2158.00000000,4.09200001,14.43999958
2024-03-08,102.73999786,5123.68994141,16085.11035156,2178.60009766,4.08900023,14.73999977
2024-03-11,102.87000275,5117.93994141,16019.26953125,2182.50000000,4.10400009,15.22000027
2024-03-12,102.95999908,5175.27001953,16265.63964844,2160.39990234,4.15500021,13.84000015
2024-03-13,102.79000092,5165.31005859,16177.76953125,2175.39990234,4.19199991,13.75000000
2024-03-14,103.36000061,5150.47998047,16128.53027344,2163.00000000,4.29799986,14.39999962
2024-03-15,103.43000031,5117.08984375,15973.16992188,2157.30004883,4.30399990,14.40999985
2024-03-18,103.58000183,5149.41992188,16103.45019531,2160.69995117,4.34000015,14.32999992
2024-03-19,103.80999756,5178.50976562,16166.79003906,2156.30004883,4.29699993,13.81999969
2024-03-20,103.41000366,5224.62011719,16369.41015625,2157.89990234,4.27299976,13.03999996
2024-03-21,104.00000000,5241.52978516,16401.83984375,2182.39990234,4.27099991,12.92000008
2024-03-22,104.43000031,5234.18017578,16428.82031250,2158.10009766,4.21799994,13.06000042
2024-03-25,104.23000336,5218.18994141,16384.47070312,2174.80004883,4.25299978,13.18999958
2024-03-26,104.29000092,5203.58007812,16315.70019531,2175.60009766,4.23400021,13.23999977
2024-03-27,104.34999847,5248.49023438,16399.51953125,2190.60009766,4.19600010,12.77999973
2024-03-28,104.55000305,5254.35009766,16379.45996094,2217.39990234,4.20599985,13.01000023
2024-04-01,105.01999664,5243.77001953,16396.83007812,2236.50000000,4.32900000,13.64999962
2024-04-02,104.81999969,5205.81005859,16240.45019531,2261.00000000,4.36499977,14.60999966
2024-04-03,104.25000000,5211.49023438,16277.45996094,2294.39990234,4.35500002,14.32999992
2024-04-04,104.12000275,5147.20996094,16049.08007812,2288.80004883,4.30900002,16.35000038
2024-04-05,104.30000305,5204.33984375,16248.51953125,2325.69995117,4.37799978,16.03000069
2024-04-08,104.13999939,5202.39013672,16253.95996094,2331.69995117,4.42399979,15.18999958
2024-04-09,104.15000153,5209.91015625,16306.63964844,2343.50000000,4.36600018,14.97999954
2024-04-10,105.25000000,5160.64013672,16170.36035156,2329.60009766,4.55999994,15.80000019
2024-04-11,105.27999878,5199.06005859,16442.19921875,2354.80004883,4.57600021,14.90999985
2024-04-12,106.04000092,5123.41015625,16175.08984375,2356.19995117,4.49900007,17.30999947
2024-04-15,106.20999908,5061.81982422,15885.01953125,2365.80004883,4.62799978,19.22999954
2024-04-16,106.26000214,5051.41015625,15865.25000000,2390.80004883,4.65899992,18.39999962
2024-04-17,105.94999695,5022.20996094,15683.37011719,2371.69995117,4.58500004,18.20999908
2024-04-18,106.15000153,5011.12011719,15601.50000000,2382.30004883,4.64699984,18.00000000
2024-04-19,106.15000153,4967.22998047,15282.00976562,2398.39990234,4.61499977,18.70999908
2024-04-22,106.08000183,5010.60009766,15451.30957031,2332.19995117,4.62300014,16.94000053
2024-04-23,105.69000244,5070.54980469,15696.63964844,2327.69995117,4.59800005,15.68999958
2024-04-24,105.86000061,5071.62988281,15712.75000000,2324.50000000,4.65199995,15.97000027
2024-04-25,105.59999847,5048.41992188,15611.75976562,2329.80004883,4.70599985,15.36999989
2024-04-26,105.94000244,5099.95996094,15927.90039062,2334.80004883,4.66900015,15.02999973
2024-04-29,105.58000183,5116.16992188,15983.08007812,2345.39990234,4.61399984,14.67000008
2024-04-30,106.22000122,5035.68994141,15657.82031250,2291.39990234,4.68599987,15.64999962
2024-05-01,105.76000214,5018.39013672,15605.48046875,2299.89990234,4.59499979,15.39000034
2024-05-02,105.30000305,5064.20019531,15840.95996094,2299.19995117,4.57100010,14.68000031
2024-05-03,105.02999878,5127.79003906,16156.33007812,2299.00000000,4.50000000,13.48999977
2024-05-06,105.05000305,5180.74023438,16349.25000000,2321.60009766,4.48899984,13.48999977
2024-05-07,105.41000366,5187.70019531,16332.55957031,2315.19995117,4.46299982,13.22999954
2024-05-08,105.55000305,5187.66992188,16302.75976562,2313.60009766,4.49200010,13.00000000
2024-05-09,105.23000336,5214.08007812,16346.25976562,2332.10009766,4.44899988,12.68999958
2024-05-10,105.30999756,5222.68017578,16340.87011719,2367.30004883,4.50400019,12.55000019
2024-05-13,105.22000122,5221.41992188,16388.24023438,2336.10009766,4.48099995,13.60000038
2024-05-14,105.01000214,5246.68017578,16511.17968750,2353.39990234,4.44500017,13.42000008
2024-05-15,104.34999847,5308.14990234,16742.39062500,2388.69995117,4.35599995,12.44999981
2024-05-16,104.45999908,5297.10009766,16698.32031250,2380.00000000,4.37699986,12.42000008
2024-05-17,104.44999695,5303.27001953,16685.97070312,2412.19995117,4.42000008,11.98999977
2024-05-20,104.56999969,5308.12988281,16794.86914062,2433.89990234,4.43699980,12.14999962
2024-05-21,104.66000366,5321.41015625,16832.61914062,2421.69995117,4.41400003,11.85999966
2024-05-22,104.94000244,5307.00976562,16801.53906250,2389.19995117,4.43400002,12.28999996
2024-05-23,105.11000061,5267.83984375,16736.02929688,2335.00000000,4.47499990,12.77000046
2024-05-24,104.72000122,5304.72021484,16920.78906250,2332.50000000,4.46700001,11.93000031
2024-05-28,104.61000061,5306.04003906,17019.88085938,2355.19995117,4.54199982,12.92000008
2024-05-29,105.09999847,5266.95019531,16920.58007812,2340.30004883,4.62400007,14.27999973
2024-05-30,104.72000122,5235.47998047,16737.08007812,2342.89990234,4.55399990,14.47000027
2024-05-31,104.66999817,5277.50976562,16735.01953125,2322.89990234,4.51399994,12.92000008
2024-06-03,104.13999939,5283.39990234,16828.66992188,2346.60009766,4.40199995,13.10999966
2024-06-04,104.11000061,5291.33984375,16857.05078125,2325.50000000,4.33599997,13.15999985
2024-06-05,104.26999664,5354.02978516,17187.90039062,2354.10009766,4.28900003,12.63000011
2024-06-06,104.09999847,5352.95996094,17173.11914062,2370.30004883,4.28100014,12.57999992
2024-06-07,104.88999939,5346.99023438,17133.13085938,2305.19995117,4.42999983,12.22000027
2024-06-10,105.15000153,5360.79003906,17192.52929688,2307.69995117,4.46899986,12.73999977
2024-06-11,105.23000336,5375.31982422,17343.55078125,2307.50000000,4.40399981,12.85000038
2024-06-12,104.65000153,5421.02978516,17608.43945312,2336.00000000,4.29500008,12.03999996
2024-06-13,105.19999695,5433.74023438,17667.56054688,2300.19995117,4.23799992,11.93999958
2024-06-14,105.55000305,5431.60009766,17688.88085938,2331.39990234,4.21299982,12.65999985
2024-06-17,105.31999969,5473.22998047,17857.01953125,2312.39990234,4.27899981,12.75000000
2024-06-18,105.26000214,5487.02978516,17862.23046875,2330.39990234,4.21700001,12.30000019
2024-06-20,105.58999634,5473.16992188,17721.58984375,2353.80004883,4.25400019,13.27999973
2024-06-21,105.80000305,5464.62011719,17689.35937500,2316.39990234,4.25699997,13.19999981
2024-06-24,105.47000122,5447.87011719,17496.82031250,2330.00000000,4.24800014,13.32999992
2024-06-25,105.61000061,5469.29980469,17717.65039062,2316.60009766,4.23799992,12.84000015
2024-06-26,106.05000305,5477.89990234,17805.16015625,2299.19995117,4.31599998,12.55000019
2024-06-27,105.91000366,5482.87011719,17858.67968750,2324.50000000,4.28800011,12.23999977
2024-06-28,105.87000275,5460.47998047,17732.59960938,2327.69995117,4.34299994,12.43999958
2024-07-01,105.90000153,5475.08984375,17879.30078125,2327.60009766,4.47900009,12.22000027
2024-07-02,105.72000122,5509.00976562,18028.75976562,2323.00000000,4.43599987,12.02999973
2024-07-03,105.40000153,5537.02001953,18188.30078125,2359.80004883,4.35500002,12.09000015
2024-07-05,104.87999725,5567.18994141,18352.75976562,2388.50000000,4.27199984,12.47999954
2024-07-08,105.01000214,5572.85009766,18403.74023438,2355.19995117,4.26900005,12.36999989
2024-07-09,105.12000275,5576.97998047,18429.28906250,2360.10009766,4.30000019,12.51000023
2024-07-10,105.05000305,5633.91015625,18647.44921875,2372.19995117,4.28000021,12.85000038
2024-07-11,104.44000244,5584.54003906,18283.41015625,2415.00000000,4.19299984,12.92000008
2024-07-12,104.08999634,5615.35009766,18398.44921875,2414.00000000,4.18900013,12.46000004
2024-07-15,104.19000244,5631.22021484,18472.57031250,2422.89990234,4.22900009,13.11999989
2024-07-16,104.26999664,5667.20019531,18509.33984375,2462.39990234,4.16699982,13.18999958
2024-07-17,103.75000000,5588.27001953,17996.91992188,2454.80004883,4.14599991,14.47999954
2024-07-18,104.16999817,5544.58984375,17871.22070312,2451.80004883,4.18900013,15.93000031
2024-07-19,104.40000153,5505.00000000,17726.93945312,2395.50000000,4.23899984,16.52000046
2024-07-22,104.30999756,5564.41015625,18007.57031250,2392.00000000,4.26000023,14.90999985
2024-07-23,104.44999695,5555.74023438,17997.34960938,2404.60009766,4.23899984,14.72000027
2024-07-24,104.38999939,5427.12988281,17342.41015625,2413.30004883,4.28599977,18.04000092
2024-07-25,104.36000061,5399.22021484,17181.72070312,2351.89990234,4.25600004,18.45999908
2024-07-26,104.31999969,5459.10009766,17357.88085938,2380.00000000,4.19999981,16.38999939
2024-07-29,104.55999756,5463.54003906,17370.19921875,2377.30004883,4.17799997,16.60000038
2024-07-30,104.55000305,5436.43994141,17147.41992188,2405.00000000,4.14300013,17.69000053
2024-07-31,104.09999847,5522.29980469,17599.40039062,2426.50000000,4.10900021,16.36000061
2024-08-01,104.41999817,5446.68017578,17194.15039062,2435.00000000,3.97600007,18.59000015
2024-08-02,103.20999908,5346.56005859,16776.16015625,2425.69995117,3.79200006,23.38999939
2024-08-05,102.69000244,5186.33007812,16200.08007812,2401.69995117,3.78500009,38.56999969
2024-08-06,102.97000122,5240.02978516,16366.84960938,2389.10009766,3.88800001,27.70999908
2024-08-07,103.19999695,5199.50000000,16195.80957031,2390.50000000,3.96799994,27.85000038
2024-08-08,103.20999908,5319.31005859,16660.01953125,2422.19995117,3.99699998,23.79000092
2024-08-09,103.13999939,5344.16015625,16745.30078125,2432.10009766,3.94199991,20.37000084
2024-08-12,103.13999939,5344.39013672,16780.60937500,2462.39990234,3.90899992,20.70999908
2024-08-13,102.55999756,5434.43017578,17187.60937500,2466.69995117,3.85200000,18.12000084
2024-08-14,102.56999969,5455.20996094,17192.59960938,2439.39990234,3.81999993,16.19000053
2024-08-15,102.98000336,5543.22021484,17594.50000000,2453.10009766,3.92600012,15.22999954
2024-08-16,102.45999908,5554.25000000,17631.72070312,2498.60009766,3.89199996,14.80000019
2024-08-19,101.88999939,5608.25000000,17876.76953125,2501.80004883,3.86700010,14.64999962
2024-08-20,101.44000244,5597.12011719,17816.93945312,2511.30004883,3.81800008,15.88000011
2024-08-21,101.04000092,5620.85009766,17918.99023438,2508.39990234,3.77800012,16.27000046
2024-08-22,101.51000214,5570.64013672,17619.34960938,2478.89990234,3.86199999,17.54999924
2024-08-23,100.72000122,5634.60986328,17877.78906250,2508.39990234,3.80699992,15.85999966
2024-08-26,100.84999847,5616.83984375,17725.76953125,2517.69995117,3.81800008,16.14999962
2024-08-27,100.55000305,5625.79980469,17754.82031250,2516.00000000,3.83299994,15.43000031
2024-08-28,101.08999634,5592.18017578,17556.02929688,2501.00000000,3.84100008,17.11000061
2024-08-29,101.33999634,5591.95996094,17516.42968750,2525.69995117,3.86700010,15.64999962
2024-08-30,101.69999695,5648.39990234,17713.61914062,2493.80004883,3.91100001,15.00000000
2024-09-03,101.83000183,5528.93017578,17136.30078125,2489.89990234,3.84400010,20.71999931
2024-09-04,101.36000061,5520.06982422,17084.30078125,2493.39990234,3.76799989,21.31999969
2024-09-05,101.11000061,5503.41015625,17127.66015625,2511.39990234,3.73099995,19.89999962
2024-09-06,101.18000031,5408.41992188,16690.83007812,2493.50000000,3.71000004,22.37999916
2024-09-09,101.55000305,5471.04980469,16884.59960938,2501.80004883,3.69700003,19.45000076
2024-09-10,101.62999725,5495.52001953,17025.88085938,2512.30004883,3.64599991,19.07999992
2024-09-11,101.68000031,5554.12988281,17395.52929688,2512.10009766,3.65300012,17.69000053
2024-09-12,101.37000275,5595.75976562,17569.67968750,2551.19995117,3.68000007,17.06999969
2024-09-13,101.11000061,5626.02001953,17683.98046875,2581.30004883,3.65000010,16.55999947
2024-09-16,100.76000214,5633.08984375,17592.13085938,2580.39990234,3.62100005,17.13999939
2024-09-17,100.88999939,5634.58007812,17628.06054688,2564.30004883,3.64199996,17.61000061
2024-09-18,100.59999847,5618.25976562,17573.30078125,2570.69995117,3.68499994,18.22999954
2024-09-19,100.61000061,5713.64013672,18013.98046875,2588.00000000,3.74000001,16.32999992
2024-09-20,100.72000122,5702.54980469,17948.32031250,2619.89990234,3.72799993,16.14999962
2024-09-23,100.91999817,5718.56982422,17974.26953125,2626.50000000,3.73900008,15.89000034
2024-09-24,100.37000275,5732.93017578,18074.51953125,2651.19995117,3.73600006,15.39000034
2024-09-25,100.91999817,5722.25976562,18082.21093750,2659.19995117,3.78099990,15.40999985
2024-09-26,100.55999756,5745.37011719,18190.28906250,2669.89990234,3.79099989,15.36999989
2024-09-27,100.41999817,5738.16992188,18119.58984375,2644.30004883,3.74900007,16.95999908
2024-09-30,100.77999878,5762.47998047,18189.16992188,2636.10009766,3.80200005,16.72999954
2024-10-01,101.19000244,5708.75000000,17910.35937500,2667.30004883,3.74300003,19.26000023
2024-10-02,101.68000031,5709.54003906,17925.11914062,2647.10009766,3.78500009,18.89999962
2024-10-03,101.98999786,5699.93994141,17918.48046875,2657.10009766,3.84999990,20.48999977
2024-10-04,102.51999664,5751.06982422,18137.84960938,2645.80004883,3.98099995,19.20999908
2024-10-07,102.54000092,5695.93994141,17923.90039062,2644.80004883,4.02600002,22.63999939
2024-10-08,102.55000305,5751.12988281,18182.91992188,2615.00000000,4.03299999,21.42000008
2024-10-09,102.93000031,5792.04003906,18291.61914062,2606.00000000,4.06699991,20.86000061
2024-10-10,102.98999786,5780.04980469,18282.05078125,2620.60009766,4.09600019,20.93000031
2024-10-11,102.88999939,5815.02978516,18342.93945312,2657.60009766,4.07299995,20.45999908
2024-10-14,103.30000305,5859.85009766,18502.68945312,2647.80004883,4.09800005,19.70000076
2024-10-15,103.26000214,5815.25976562,18315.58984375,2661.39990234,4.03800011,20.63999939
2024-10-16,103.58999634,5842.47021484,18367.08007812,2674.00000000,4.01599979,19.57999992
2024-10-17,103.83000183,5841.47021484,18373.60937500,2691.00000000,4.09600019,19.11000061
2024-10-18,103.48999786,5864.66992188,18489.55078125,2713.69995117,4.07299995,18.03000069
2024-10-21,104.01000214,5853.97998047,18540.00976562,2723.10009766,4.18200016,18.37000084
2024-10-22,104.08000183,5851.20019531,18579.76953125,2744.19995117,4.20400000,18.20000076
2024-10-23,104.43000031,5797.41992188,18276.65039062,2714.39990234,4.24200010,19.23999977
2024-10-24,104.05999756,5809.85986328,18415.49023438,2734.89990234,4.19999981,19.07999992
2024-10-25,104.26000214,5808.12011719,18518.60937500,2740.89990234,4.23199987,20.32999992
2024-10-28,104.31999969,5823.52001953,18567.18945312,2742.89990234,4.27799988,19.79999924
2024-10-29,104.27999878,5832.91992188,18712.75000000,2768.39990234,4.27400017,19.34000015
2024-10-30,103.98999786,5813.66992188,18607.92968750,2788.50000000,4.26599979,20.35000038
2024-10-31,103.98000336,5705.45019531,18095.15039062,2738.30004883,4.28399992,23.15999985
2024-11-01,104.27999878,5728.79980469,18239.91992188,2738.60009766,4.36100006,21.87999916
2024-11-04,103.88999939,5712.68994141,18179.98046875,2736.10009766,4.30900002,21.97999954
2024-11-05,103.41999817,5782.75976562,18439.16992188,2740.30004883,4.28900003,20.48999977
2024-11-06,105.08999634,5929.04003906,18983.47070312,2667.60009766,4.42600012,16.27000046
2024-11-07,104.51000214,5973.10009766,19269.46093750,2698.39990234,4.34100008,15.19999981
2024-11-08,105.00000000,5995.54003906,19286.77929688,2687.50000000,4.30600023,14.93999958
2024-11-11,105.54000092,6001.35009766,19298.75976562,2611.19995117,4.30800009,14.97000027
2024-11-12,106.01999664,5983.99023438,19281.40039062,2600.00000000,4.43200016,14.71000004
2024-11-13,106.48000336,5985.37988281,19230.72070312,2580.80004883,4.45100021,14.02000046
2024-11-14,106.66999817,5949.16992188,19107.65039062,2568.19995117,4.41800022,14.31000042
2024-11-15,106.69000244,5870.62011719,18680.11914062,2565.69995117,4.42799997,16.13999939
2024-11-18,106.27999878,5893.62011719,18791.81054688,2610.60009766,4.41400003,15.57999992
2024-11-19,106.20999908,5916.97998047,18987.47070312,2627.10009766,4.37900019,16.35000038
2024-11-20,106.68000031,5917.10986328,18966.14062500,2648.19995117,4.40600014,17.15999985
2024-11-21,106.97000122,5948.70996094,18972.41992188,2672.10009766,4.43200016,16.87000084
2024-11-22,107.48999786,5969.33984375,19003.65039062,2709.89990234,4.40999985,15.23999977
2024-11-25,106.81999969,5987.37011719,19054.83984375,2616.80004883,4.26499987,14.60000038
2024-11-26,107.01000214,6021.62988281,19174.30078125,2620.30004883,4.30200005,14.10000038
2024-11-27,106.08000183,5998.74023438,19060.48046875,2639.89990234,4.24200010,14.10000038
2024-11-29,105.73999786,6032.37988281,19218.16992188,2657.00000000,4.17799997,13.51000023
2024-12-02,106.44999695,6047.14990234,19403.94921875,2634.89990234,4.19600010,13.34000015
2024-12-03,106.37000275,6049.87988281,19480.91015625,2644.69995117,4.22300005,13.30000019
2024-12-04,106.33999634,6086.49023438,19735.11914062,2653.80004883,4.17999983,13.44999981
2024-12-05,105.70999908,6075.10986328,19700.25976562,2626.60009766,4.17999983,13.53999996
2024-12-06,105.97000122,6090.27001953,19859.76953125,2638.60009766,4.15100002,12.77000046
2024-12-09,106.15000153,6052.85009766,19736.68945312,2664.89990234,4.19899988,14.18999958
2024-12-10,106.40000153,6034.91015625,19687.24023438,2697.60009766,4.22100019,14.18000031
2024-12-11,106.70999908,6084.18994141,20034.89062500,2733.80004883,4.27099991,13.57999992
2024-12-12,106.95999908,6051.25000000,19902.83984375,2687.50000000,4.32399988,13.92000008
2024-12-13,107.00000000,6051.08984375,19926.72070312,2656.00000000,4.39900017,13.81000042
2024-12-16,106.86000061,6074.08007812,20173.89062500,2651.39990234,4.39699984,14.68999958
2024-12-17,106.95999908,6050.60986328,20109.06054688,2644.39990234,4.38500023,15.86999989
2024-12-18,108.02999878,5872.16015625,19392.68945312,2636.50000000,4.49399996,27.62000084
2024-12-19,108.41000366,5867.08007812,19372.76953125,2592.19995117,4.57000017,24.09000015
2024-12-20,107.62000275,5930.85009766,19572.59960938,2628.69995117,4.52400017,18.36000061
2024-12-23,108.04000092,5974.06982422,19764.88085938,2612.30004883,4.59899998,16.78000069
2024-12-24,108.26000214,6040.04003906,20031.13085938,2620.00000000,4.59100008,14.27000046
2024-12-26,108.12999725,6037.58984375,20020.35937500,2638.80004883,4.57900000,14.72999954
2024-12-27,108.00000000,5970.83984375,19722.02929688,2617.19995117,4.61899996,15.94999981
2024-12-30,108.12999725,5906.93994141,19486.78906250,2606.10009766,4.54500008,17.39999962
2024-12-31,108.48999786,5881.62988281,19310.78906250,2629.19995117,4.57299995,17.35000038
2025-01-02,109.38999939,5868.54980469,19280.78906250,2658.89990234,4.57499981,17.93000031
2025-01-03,108.94999695,5942.47021484,19621.67968750,2645.00000000,4.59600019,16.12999916
2025-01-06,108.26000214,5975.37988281,19864.98046875,2638.39990234,4.61800003,16.04000092
2025-01-07,108.54000092,5909.02978516,19489.67968750,2656.69995117,4.68300009,17.81999969
2025-01-08,109.08999634,5918.25000000,19478.88085938,2664.50000000,4.69299984,17.70000076
2025-01-09,109.18000031,,,2683.80004883,,
2025-01-10,109.65000153,5827.04003906,19161.63085938,2708.50000000,4.77600002,19.54000092
2025-01-13,109.95999908,5836.22021484,19088.09960938,2673.50000000,4.80299997,19.19000053
2025-01-14,109.26999664,5842.91015625,19044.39062500,2677.50000000,4.78800011,18.70999908
2025-01-15,109.08999634,5949.91015625,19511.23046875,2712.50000000,4.65299988,16.12000084
2025-01-16,108.95999908,5937.33984375,19338.28906250,2746.39990234,4.60599995,16.60000038
2025-01-17,109.34999847,5996.66015625,19630.19921875,2744.30004883,4.60900021,15.97000027
2025-01-21,108.05999756,6049.24023438,19756.77929688,2755.00000000,4.57399988,15.06000042
2025-01-22,108.16999817,6086.37011719,20009.33984375,2767.60009766,4.59899998,15.10000038
2025-01-23,108.05000305,6118.70996094,20053.67968750,2763.10009766,4.63800001,15.02000046
2025-01-24,107.44000244,6101.24023438,19954.30078125,2777.30004883,4.62599993,14.85000038
2025-01-27,107.33999634,6012.27978516,19341.83007812,2737.50000000,4.52799988,17.89999962
2025-01-28,107.87000275,6067.70019531,19733.58984375,2766.80004883,4.55100012,16.40999985
2025-01-29,108.00000000,6039.31005859,19632.32031250,2769.10009766,4.55499983,16.55999947
2025-01-30,107.80000305,6071.16992188,19681.75000000,2823.00000000,4.51200008,15.84000015
2025-01-31,108.37000275,6040.52978516,19627.43945312,2812.50000000,4.56899977,16.43000031
2025-02-03,108.98999786,5994.56982422,19391.96093750,2833.89990234,4.54300022,18.62000084
2025-02-04,107.95999908,6037.87988281,19654.01953125,2853.30004883,4.51300001,17.20999908
2025-02-05,107.58000183,6061.47998047,19692.33007812,2871.60009766,4.42199993,15.77000046
2025-02-06,107.69000244,6083.56982422,19791.99023438,2856.00000000,4.44000006,15.50000000
2025-02-07,108.04000092,6025.99023438,19523.40039062,2867.30004883,4.48699999,16.54000092
2025-02-10,108.31999969,6066.43994141,19714.26953125,2914.30004883,4.49300003,15.81000042
2025-02-11,107.95999908,6068.50000000,19643.85937500,2912.50000000,4.53700018,16.02000046
2025-02-12,107.94000244,6051.97021484,19649.94921875,2909.00000000,4.63700008,15.89000034
2025-02-13,107.30999756,6115.06982422,19945.64062500,2925.89990234,4.52500010,15.10000038
2025-02-14,106.56999969,6114.62988281,20026.76953125,2883.60009766,4.47200012,14.77000046
2025-02-18,107.05000305,6129.58007812,20041.25976562,2931.60009766,4.54400015,15.35000038
2025-02-19,107.16999817,6144.14990234,20056.25000000,2919.39990234,4.53499985,15.27000046
2025-02-20,106.33999634,6117.52001953,19962.35937500,2940.00000000,4.50000000,15.65999985
2025-02-21,106.61000061,6013.12988281,19524.00976562,2937.60009766,4.42000008,18.20999908
2025-02-24,106.59999847,5983.25000000,19286.92968750,2947.89990234,4.39300013,18.97999954
2025-02-25,106.30999756,5955.25000000,19026.39062500,2904.50000000,4.29799986,19.43000031
2025-02-26,106.41999817,5956.06005859,19075.25976562,2916.80004883,4.24900007,19.10000038
2025-02-27,107.23999786,5861.56982422,18544.41992188,2883.19995117,4.28499985,21.12999916
2025-02-28,107.61000061,5954.50000000,18847.27929688,2836.80004883,4.23099995,19.62999916
2025-03-03,106.75000000,5849.72021484,18350.18945312,2890.19995117,4.17999983,22.78000069
2025-03-04,105.73999786,5778.14990234,18285.16015625,2909.60009766,4.21000004,23.51000023
2025-03-05,105.73999786,5842.62988281,18552.73046875,2915.30004883,4.26499987,21.93000031
2025-03-06,104.05999756,5738.52001953,18069.25976562,2916.60009766,4.28599977,24.87000084
2025-03-07,103.83999634,5770.20019531,18196.22070312,2904.69995117,4.31699991,23.37000084
2025-03-10,103.91000366,5614.56005859,17468.32031250,2891.00000000,4.21299982,27.86000061
2025-03-11,103.44000244,5572.06982422,17436.09960938,2912.89990234,4.28800011,26.92000008
2025-03-12,103.61000061,5599.29980469,17648.44921875,2939.10009766,4.31799984,24.22999954
2025-03-13,103.83000183,5521.52001953,17303.00976562,2984.30004883,4.27400017,24.65999985
2025-03-14,103.72000122,5638.93994141,17754.08984375,2994.50000000,4.30800009,21.77000046
2025-03-17,103.37000275,5675.12011719,17808.66015625,3000.00000000,4.30600023,20.51000023
2025-03-18,103.23999786,5614.66015625,17504.11914062,3035.10009766,4.28100014,21.70000076
2025-03-19,103.43000031,5675.29003906,17750.78906250,3035.89990234,4.25600004,19.89999962
2025-03-20,103.84999847,5662.89013672,17691.63085938,3040.00000000,4.23299980,19.79999924
2025-03-21,104.08999634,5667.56005859,17784.05078125,3018.19995117,4.25199986,19.28000069
2025-03-24,104.26000214,5767.56982422,18188.58984375,3013.10009766,4.33099985,17.47999954
2025-03-25,104.18000031,5776.64990234,18271.85937500,3023.69995117,4.30700016,17.14999962
2025-03-26,104.55000305,5712.20019531,17899.01953125,3020.89990234,4.33799982,18.32999992
2025-03-27,104.06999969,5693.31005859,17804.02929688,3060.19995117,4.36899996,18.69000053
2025-03-28,104.04000092,5580.93994141,17322.99023438,3086.50000000,4.25500011,21.64999962
2025-03-31,104.20999908,5611.85009766,17299.28906250,3122.80004883,4.24599981,22.28000069
2025-04-01,104.26000214,5633.06982422,17449.89062500,3118.89990234,4.15600014,21.77000046
2025-04-02,103.80999756,5670.97021484,17601.05078125,3139.89990234,4.19600010,21.51000023
2025-04-03,102.06999969,5396.52001953,16550.60937500,3097.00000000,4.05499983,30.02000046
2025-04-04,103.01999664,5074.08007812,15587.79003906,3012.00000000,3.98499990,45.31000137
2025-04-07,103.26000214,5062.25000000,15603.25976562,2951.30004883,4.15500021,46.97999954
2025-04-08,102.95999908,4982.77001953,15267.91015625,2968.39990234,4.26200008,52.33000183
2025-04-09,102.90000153,5456.89990234,17124.97070312,3056.50000000,4.40000010,33.61999893
2025-04-10,100.87000275,5268.04980469,16387.31054688,3155.19995117,4.39400005,40.72000122
2025-04-11,99.77999878,5363.35986328,16724.46093750,3222.19995117,4.49300003,37.56000137
2025-04-14,99.63999939,5405.97021484,16831.48046875,3204.80004883,4.36399984,30.88999939
2025-04-15,100.22000122,5396.62988281,16823.16992188,3218.69995117,4.32299995,30.12000084
2025-04-16,99.37999725,5275.70019531,16307.16015625,3326.60009766,4.27899981,32.63999939
2025-04-17,99.37999725,5282.70019531,16286.45019531,3308.69995117,4.33300018,29.64999962
2025-04-21,98.27999878,5158.20019531,15870.90039062,3406.19995117,4.40500021,33.81999969
2025-04-22,98.91999817,5287.75976562,16300.41992188,3400.80004883,4.38899994,30.56999969
2025-04-23,99.83999634,5375.85986328,16708.05078125,3276.30004883,4.38700008,28.45000076
2025-04-24,99.29000092,5484.77001953,17166.03906250,3332.00000000,4.30499983,26.46999931
2025-04-25,99.47000122,5525.20996094,17382.93945312,3282.39990234,4.26599979,24.84000015
2025-04-28,99.01000214,5528.75000000,17366.13085938,3332.50000000,4.21600008,25.14999962
2025-04-29,99.23999786,5560.83007812,17461.32031250,3318.80004883,4.17299986,24.17000008
2025-04-30,99.47000122,5569.06005859,17446.33984375,3305.00000000,4.17700005,24.70000076
2025-05-01,100.25000000,5604.14013672,17710.74023438,3210.00000000,4.23099995,24.60000038
2025-05-02,100.00000000,5686.66992188,17977.73046875,3231.89990234,4.32200003,22.68000031
2025-05-05,99.83000183,5650.37988281,17844.24023438,3311.30004883,4.34299994,23.63999939
2025-05-06,99.23999786,5606.91015625,17689.66015625,3411.39990234,4.30800009,24.76000023
2025-05-07,99.61000061,5631.27978516,17738.16015625,3381.39990234,4.27500010,23.54999924
2025-05-08,100.63999939,5663.93994141,17928.14062500,3296.60009766,4.37300014,22.47999954
2025-05-09,100.33999634,5659.91015625,17928.91992188,3335.39990234,4.37500000,21.89999962
2025-05-12,101.79000092,5844.18994141,18708.33984375,3220.00000000,4.45699978,18.38999939
2025-05-13,101.00000000,5886.54980469,19010.08984375,3240.30004883,4.49900007,18.21999931
2025-05-14,101.04000092,5892.58007812,19146.81054688,3181.39990234,4.52799988,18.62000084
2025-05-15,100.87999725,5916.93017578,19112.32031250,3220.69995117,4.45499992,17.82999992
2025-05-16,101.08999634,5958.37988281,19211.09960938,3182.00000000,4.44099998,17.23999977
2025-05-19,100.43000031,5963.60009766,19215.46093750,3228.89990234,4.47499990,18.13999939
2025-05-20,100.12000275,5940.45996094,19142.71093750,3280.30004883,4.48099995,18.09000015
2025-05-21,99.55999756,5844.60986328,18872.64062500,3309.30004883,4.59600019,20.87000084
2025-05-22,99.95999908,5842.00976562,18925.74023438,3292.30004883,4.55299997,20.28000069
2025-05-23,99.11000061,5802.81982422,18737.21093750,3363.60009766,4.50899982,22.29000092
2025-05-26,98.93000031,,,,,
2025-05-27,99.51999664,5921.54003906,19199.16015625,3299.10009766,4.43400002,18.95999908
2025-05-28,99.87999725,5888.54980469,19100.93945312,3293.60009766,4.47700024,19.30999947
2025-05-29,99.27999878,5912.16992188,19175.86914062,3317.10009766,4.42399979,19.18000031
2025-05-30,99.33000183,5911.68994141,19113.76953125,3288.89990234,4.41599989,18.56999969
2025-06-02,98.69999695,5935.93994141,19242.60937500,3370.60009766,4.46199989,18.36000061
2025-06-03,99.25000000,5970.37011719,19398.96093750,3350.19995117,4.46000004,17.69000053
2025-06-04,98.79000092,5970.81005859,19460.49023438,3373.50000000,4.36499977,17.61000061
2025-06-05,98.73999786,5939.29980469,19298.44921875,3350.69995117,4.39400005,18.47999954
2025-06-06,99.19000244,6000.35986328,19529.94921875,3322.69995117,4.51000023,16.77000046
2025-06-09,98.94000244,6005.87988281,19591.24023438,3332.10009766,4.48199987,17.15999985
2025-06-10,99.05000305,6038.81005859,19714.99023438,3320.89990234,4.47399998,16.95000076
2025-06-11,98.62999725,6022.24023438,19615.88085938,3321.30004883,4.41200018,17.26000023
2025-06-12,97.91999817,6045.25976562,19662.49023438,3380.89990234,4.35699987,18.02000046
2025-06-13,98.18000031,5976.97021484,19406.83007812,3431.19995117,4.42399979,20.81999969
2025-06-16,98.00000000,6033.10986328,19701.21093750,3396.39990234,4.45200014,19.11000061
2025-06-17,98.81999969,5982.72021484,19521.08984375,3386.60009766,4.39300013,21.60000038
2025-06-18,98.91000366,5980.87011719,19546.26953125,3389.80004883,4.39699984,20.13999939
2025-06-20,98.70999908,5967.83984375,19447.41015625,3368.10009766,4.37500000,20.62000084
2025-06-23,98.41999817,6025.16992188,19630.97070312,3377.69995117,4.32000017,19.82999992
2025-06-24,97.86000061,6092.18017578,19912.52929688,3317.39990234,4.29300022,17.47999954
2025-06-25,97.68000031,6092.16015625,19973.55078125,3327.10009766,4.29300022,16.76000023
2025-06-26,97.15000153,6141.02001953,20167.91015625,3333.50000000,4.25299978,16.59000015
2025-06-27,97.40000153,6173.06982422,20273.46093750,3273.69995117,4.28299999,16.31999969
2025-06-30,96.87999725,6204.95019531,20369.73046875,3294.39990234,4.23000002,16.72999954
2025-07-01,96.81999969,6198.00976562,20202.89062500,3336.69995117,4.25099993,16.82999992
2025-07-02,96.77999878,6227.41992188,20393.13085938,3348.00000000,4.29300022,16.63999939
2025-07-03,97.18000031,6279.35009766,20601.09960938,3331.60009766,4.34800005,16.37999916
2025-07-04,,,,3332.50000000,,
2025-07-07,97.48000336,6229.97998047,20412.51953125,3332.19995117,4.39499998,17.79000092
2025-07-08,97.51000214,6225.52001953,20418.46093750,3307.00000000,4.41499996,16.80999947
2025-07-09,97.47000122,6263.25976562,20611.33984375,3311.60009766,4.34200001,15.93999958
2025-07-10,97.65000153,6280.45996094,20630.66015625,3317.39990234,4.34600019,15.77999973
2025-07-11,97.84999847,6259.75000000,20585.52929688,3356.00000000,4.42299986,16.39999962
2025-07-14,98.08000183,6268.56005859,20640.33007812,3351.50000000,4.42700005,17.20000076
2025-07-15,98.62000275,6243.75976562,20677.80078125,3329.80004883,4.48899984,17.37999916
2025-07-16,98.38999939,6263.70019531,20730.49023438,3352.50000000,4.45499992,17.15999985
2025-07-17,98.73000336,6297.35986328,20885.65039062,3340.10009766,4.46299982,16.52000046
2025-07-18,98.48000336,6296.79003906,20895.65039062,3353.00000000,4.43200016,16.40999985
2025-07-21,97.84999847,6305.60009766,20974.17968750,3401.89990234,4.37200022,16.64999962
2025-07-22,97.38999939,6309.62011719,20892.68945312,3439.19995117,4.33599997,16.50000000
2025-07-23,97.20999908,6358.91015625,21020.01953125,3394.10009766,4.38800001,15.36999989
2025-07-24,97.37999725,6363.35009766,21057.96093750,3371.00000000,4.40799999,15.39000034
2025-07-25,97.65000153,6388.64013672,21108.32031250,3334.00000000,4.38600016,14.93000031
2025-07-28,98.66000366,6389.77001953,21178.58007812,3309.10009766,4.42000008,15.02999973
2025-07-29,98.91000366,6370.85986328,21098.28906250,3323.39990234,4.32999992,15.97999954
2025-07-30,99.94000244,6362.89990234,21129.66992188,3295.80004883,4.37599993,15.47999954
2025-07-31,100.02999878,6339.39013672,21122.44921875,3293.19995117,4.36000013,16.71999931
2025-08-01,98.69000244,6238.00976562,20650.13085938,3347.69995117,4.21999979,20.37999916
2025-08-04,98.77999878,6329.93994141,21053.58007812,3374.39990234,4.19999981,17.52000046
2025-08-05,98.77999878,6299.18994141,20916.55078125,3381.89990234,4.19600010,17.85000038
2025-08-06,98.18000031,6345.06005859,21169.41992188,3380.00000000,4.21999979,16.77000046
2025-08-07,98.40000153,6340.00000000,21242.69921875,3400.30004883,4.24399996,16.56999969
2025-08-08,98.18000031,6389.45019531,21450.01953125,3439.10009766,4.28499985,15.14999962
2025-08-11,98.51999664,6373.45019531,21385.40039062,3353.10009766,4.27299976,16.25000000
2025-08-12,98.09999847,6445.75976562,21681.90039062,3348.89990234,4.29300022,14.72999954
2025-08-13,97.83999634,6466.58007812,21713.14062500,3358.69995117,4.23799992,14.48999977
2025-08-14,98.25000000,6468.54003906,21710.66992188,3335.19995117,4.29300022,14.82999992
2025-08-15,97.84999847,6449.79980469,21622.98046875,3336.00000000,4.32800007,15.09000015
2025-08-18,98.16999817,6449.14990234,21629.76953125,3331.69995117,4.34100008,14.98999977
2025-08-19,98.26999664,6411.37011719,21314.94921875,3313.39990234,4.30200005,15.56999969
2025-08-20,98.22000122,6395.77978516,21172.85937500,3343.39990234,4.29600000,15.68999958
2025-08-21,98.62000275,6370.16992188,21100.31054688,3336.89990234,4.32999992,16.60000038
2025-08-22,97.72000122,6466.91015625,21496.53906250,3374.39990234,4.26000023,14.22000027
2025-08-25,98.43000031,6439.31982422,21449.28906250,3373.80004883,4.27500010,14.78999996
2025-08-26,98.23000336,6465.93994141,21544.26953125,3388.60009766,4.25799990,14.61999989
2025-08-27,98.23000336,6481.39990234,21590.14062500,3404.60009766,4.23799992,14.85000038
2025-08-28,97.80999756,6501.85986328,21705.16015625,3431.80004883,4.20699978,14.43000031
2025-08-29,97.76999664,6460.25976562,21455.55078125,3473.69995117,4.22700024,15.35999966
2025-09-02,98.40000153,6415.54003906,21279.63085938,3549.39990234,4.27699995,17.17000008
2025-09-03,98.13999939,6448.25976562,21497.73046875,3593.19995117,4.21099997,16.35000038
2025-09-04,98.34999847,6502.08007812,21707.68945312,3565.80004883,4.17600012,15.30000019
2025-09-05,97.76999664,6481.50000000,21700.39062500,3613.19995117,4.08599997,15.18000031
2025-09-08,97.44999695,6495.14990234,21798.69921875,3638.10009766,4.04600000,15.10999966
2025-09-09,97.79000092,6512.60986328,21879.49023438,3643.30004883,4.07399988,15.03999996
2025-09-10,97.77999878,6532.04003906,21886.06054688,3643.60009766,4.03200006,15.35000038
2025-09-11,97.54000092,6587.47021484,22043.07031250,3636.89990234,4.01100016,14.71000004
2025-09-12,97.55000305,6584.29003906,22141.09960938,3649.39990234,4.06099987,14.76000023
2025-09-15,97.30000305,6615.27978516,22348.75000000,3682.19995117,4.03399992,15.68999958
2025-09-16,96.62999725,6606.75976562,22333.96093750,3688.89990234,4.02600002,16.36000061
2025-09-17,96.87000275,6600.35009766,22261.33007812,3681.80004883,4.07600021,15.72000027
2025-09-18,97.34999847,6631.95996094,22470.72070312,3643.69995117,4.10400009,15.69999981
2025-09-19,97.63999939,6664.35986328,22631.48046875,3671.50000000,4.13899994,15.44999981
2025-09-22,97.33000183,6693.75000000,22788.98046875,3740.69995117,4.14300013,16.10000038
2025-09-23,97.26000214,6656.91992188,22573.47070312,3780.60009766,4.11999989,16.63999939
2025-09-24,97.87000275,6637.97021484,22497.85937500,3732.10009766,4.14699984,16.18000031
2025-09-25,98.55000305,6604.72021484,22384.69921875,3736.89990234,4.17199993,16.73999977
2025-09-26,98.15000153,6643.70019531,22484.07031250,3775.30004883,4.18699980,15.28999996
2025-09-29,97.91000366,6661.20996094,22591.15039062,3820.89990234,4.14099979,16.12000084
2025-09-30,97.76999664,6688.45996094,22660.00976562,3840.80004883,4.14799976,16.28000069
2025-10-01,97.70999908,6711.20019531,22755.16015625,3867.50000000,4.10599995,16.29000092
2025-10-02,97.84999847,6715.35009766,22844.05078125,3839.69995117,4.08799982,16.62999916
2025-10-03,97.72000122,6715.79003906,22780.50976562,3880.80004883,4.11899996,16.64999962
2025-10-06,98.11000061,6740.27978516,22941.66992188,3948.50000000,4.16200018,16.37000084
2025-10-07,98.58000183,6714.58984375,22788.35937500,3976.60009766,4.12699986,17.23999977
2025-10-08,98.84999847,6753.72021484,23043.38085938,4043.30004883,4.12900019,16.29999924
2025-10-09,99.54000092,6735.10986328,23024.63085938,3946.30004883,4.14799976,16.43000031
2025-10-10,98.98000336,6552.50976562,22204.42968750,3975.89990234,4.05100012,21.65999985
2025-10-13,99.26999664,6654.72021484,22694.60937500,4108.60009766,4.05100012,19.03000069
2025-10-14,99.05000305,6644.31005859,22521.69921875,4138.70019531,4.02199984,20.80999947
2025-10-15,98.79000092,6671.06005859,22670.08007812,4176.89990234,4.04600000,20.63999939
2025-10-16,98.38999939,6629.06982422,22562.53906250,4280.20019531,3.97600007,25.30999947
2025-10-17,98.43000031,6664.00976562,22679.97070312,4189.89990234,4.00699997,20.78000069
2025-10-20,98.58999634,6735.12988281,22990.53906250,4336.39990234,3.98600006,18.22999954
2025-10-21,98.93000031,6735.35009766,22953.66992188,4087.69995117,3.96300006,17.87000084
2025-10-22,98.90000153,6699.39990234,22740.40039062,4044.39990234,3.95300007,18.60000038
2025-10-23,98.94000244,6738.43994141,22941.80078125,4125.50000000,3.99099994,17.29999924
2025-10-24,98.94999695,6791.68994141,23204.86914062,4118.39990234,3.99699998,16.37000084
2025-10-27,98.77999878,6875.16015625,23637.46093750,4001.89990234,3.99699998,15.78999996
2025-10-28,98.69000244,6890.89013672,23827.49023438,3966.19995117,3.98300004,16.42000008
2025-10-29,99.22000122,6890.58984375,23958.47070312,3983.69995117,4.05800009,16.92000008
2025-10-30,99.52999878,6822.33984375,23581.14062500,4001.30004883,4.09299994,16.90999985
2025-10-31,99.80000305,6840.20019531,23724.96093750,3982.19995117,4.10099983,17.44000053
2025-11-03,99.87000275,6851.97021484,23834.72070312,4000.30004883,4.10599995,17.17000008
2025-11-04,100.22000122,6771.54980469,23348.64062500,3947.69995117,4.08900023,19.00000000
2025-11-05,100.19999695,6796.29003906,23499.80078125,3980.30004883,4.15700006,18.01000023
2025-11-06,99.73000336,6720.31982422,23053.99023438,3979.89990234,4.09299994,19.50000000
2025-11-07,99.59999847,6728.79980469,23004.53906250,3999.39990234,4.09299994,19.07999992
2025-11-10,99.62000275,6832.43017578,23527.16992188,4111.79980469,4.11000013,17.60000038
2025-11-11,99.45999908,6846.60986328,23468.30078125,4106.79980469,4.11999989,17.28000069
2025-11-12,99.48000336,6850.91992188,23406.46093750,4204.39990234,4.06500006,17.51000023
2025-11-13,99.18000031,6737.49023438,22870.35937500,4186.89990234,4.11199999,20.00000000
2025-11-14,99.26999664,6734.10986328,22900.58984375,4087.60009766,4.14799976,19.82999992
2025-11-17,99.58999634,6672.41015625,22708.07031250,4068.30004883,4.13299990,22.37999916
2025-11-18,99.55000305,6617.31982422,22432.84960938,4061.30004883,4.12300014,24.69000053
2025-11-19,100.23000336,6642.16015625,22564.23046875,4077.69995117,4.13299990,23.65999985
2025-11-20,100.16000366,6538.75976562,22078.05078125,4056.50000000,4.10599995,26.42000008
2025-11-21,100.18000031,6602.99023438,22273.08007812,4076.69995117,4.06300020,23.43000031
2025-11-24,100.13999939,6705.12011719,22872.00976562,4091.89990234,4.03800011,20.52000046
2025-11-25,99.66000366,6765.87988281,23025.58984375,4139.20019531,4.00199986,18.55999947
2025-11-26,99.59999847,6812.60986328,23214.68945312,4165.20019531,3.99799991,17.19000053
2025-11-28,99.45999908,6849.08984375,23365.68945312,4218.29980469,4.01700020,16.35000038
2025-12-01,99.41000366,6812.62988281,23275.91992188,4239.29980469,4.09600019,17.23999977
2025-12-02,99.36000061,6829.37011719,23413.66992188,4186.60009766,4.08599997,16.59000015
2025-12-03,98.84999847,6849.72021484,23454.08984375,4199.29980469,4.05700016,16.07999992
2025-12-04,98.98999786,6857.12011719,23505.14062500,4211.79980469,4.10799980,15.77999973
2025-12-05,98.98999786,6870.39990234,23578.13085938,4212.89990234,4.13899994,15.40999985
2025-12-08,99.08999634,6846.50976562,23545.90039062,4187.20019531,4.17199993,16.65999985
2025-12-09,99.22000122,6840.50976562,23576.49023438,4206.70019531,4.18599987,16.93000031
2025-12-10,98.79000092,6886.68017578,23654.15039062,4196.39990234,4.16400003,15.77000046
2025-12-11,98.34999847,6901.00000000,23593.85937500,4285.50000000,4.14099979,14.85000038
2025-12-12,98.40000153,6827.41015625,23195.16992188,4300.10009766,4.19399977,15.73999977
2025-12-15,98.15000153,6816.50976562,23057.41015625,4306.70019531,4.18200016,16.50000000
2025-12-16,98.15000153,6800.25976562,23111.46093750,4304.50000000,4.14900017,16.47999954
2025-12-17,98.37000275,6721.43017578,22693.32031250,4347.50000000,4.15100002,17.62000084
2025-12-18,98.43000031,6774.75976562,23006.35937500,4339.50000000,4.11600018,16.87000084
2025-12-19,98.59999847,6834.50000000,23307.61914062,4361.39990234,4.15100002,14.90999985
2025-12-22,98.29000092,6878.49023438,23428.83007812,4444.60009766,4.16900015,14.07999992
2025-12-23,97.94000244,6909.79003906,23561.83984375,4482.79980469,4.16900015,14.00000000
2025-12-24,97.98000336,6932.04980469,23613.31054688,4480.60009766,4.13600016,13.47000027
2025-12-26,98.01999664,6929.93994141,23593.09960938,4529.10009766,4.13600016,13.60000038
2025-12-29,98.04000092,6905.74023438,23474.34960938,4325.10009766,4.11600018,14.19999981
2025-12-30,98.23999786,6896.24023438,23419.08007812,4370.10009766,4.13000011,14.32999992
2025-12-31,98.27999878,6845.50000000,23241.99023438,4325.60009766,4.16300011,14.94999981
2026-01-02,98.41999817,6858.47021484,23235.63085938,4314.39990234,4.18699980,14.51000023
2026-01-05,98.26999664,6902.04980469,23395.82031250,4436.89990234,4.16499996,14.89999962
2026-01-06,98.58000183,6944.81982422,23547.16992188,4482.20019531,4.17899990,14.75000000
2026-01-07,98.68000031,6920.93017578,23584.27929688,4449.29980469,4.13800001,15.38000011
2026-01-08,98.93000031,6921.45996094,23480.01953125,4449.70019531,4.18300009,15.44999981
2026-01-09,99.12999725,6966.27978516,23671.34960938,4490.29980469,4.17100000,14.48999977
2026-01-12,98.86000061,6977.27001953,23733.90039062,4604.29980469,4.18699980,15.11999989
2026-01-13,99.12999725,6963.74023438,23709.86914062,4589.20019531,4.17100000,15.97999954
2026-01-14,99.12999725,6926.60009766,23471.75000000,4626.29980469,4.13999987,16.75000000
2026-01-15,99.31999969,6944.47021484,23530.01953125,4616.29980469,4.15999985,15.84000015
2026-01-16,99.38999939,6940.00976562,23515.39062500,4588.39990234,4.23099995,15.85999966
2026-01-20,98.63999939,6796.85986328,22954.32031250,4759.60009766,4.29500008,20.09000015
2026-01-21,98.76000214,6875.62011719,23224.82031250,4831.79980469,4.25299978,16.89999962
2026-01-22,98.36000061,6913.35009766,23436.01953125,4908.79980469,4.24900007,15.64000034
2026-01-23,97.59999847,6915.60986328,23501.24023438,4976.20019531,4.23899984,16.09000015
2026-01-26,97.04000092,6950.22998047,23601.35937500,5079.70019531,4.21299982,16.14999962
2026-01-27,96.22000122,6978.60009766,23817.09960938,5079.89990234,4.22300005,16.35000038
2026-01-28,96.44999695,6978.02978516,23857.44921875,5301.60009766,4.25099993,16.35000038
2026-01-29,96.27999878,6969.00976562,23685.11914062,5318.39990234,4.22700024,16.87999916
2026-01-30,96.98999786,6939.02978516,23461.82031250,4713.89990234,4.24100018,17.44000053
2026-02-02,97.61000061,6976.43994141,23592.10937500,4622.50000000,4.27500010,16.34000015
2026-02-03,97.44000244,6917.81005859,23255.18945312,4903.70019531,4.27400017,18.00000000
2026-02-04,97.62000275,6882.72021484,22904.58007812,4920.39990234,4.27500010,18.63999939
2026-02-05,97.81999969,6798.39990234,22540.58984375,4861.39990234,4.21000004,21.77000046
2026-02-06,97.62999725,6932.29980469,23031.21093750,4951.20019531,4.20599985,20.37000084
2026-02-09,96.81999969,6964.81982422,23238.66992188,5050.89990234,4.19799995,17.36000061
2026-02-10,96.80000305,6941.81005859,23102.47070312,5003.79980469,4.14699984,17.79000092
2026-02-11,96.83000183,6941.47021484,23066.47070312,5071.60009766,4.17199993,17.64999962
2026-02-12,96.93000031,6832.75976562,22597.15039062,4923.70019531,4.10400009,20.81999969
2026-02-13,96.87999725,6836.16992188,22546.66992188,5022.00000000,4.05600023,20.60000038
2026-02-17,97.16000366,6843.22021484,22578.38085938,4882.89990234,4.05200005,20.29000092
2026-02-18,97.69999695,6881.31005859,22753.63085938,4986.50000000,4.07900000,19.62000084
2026-02-19,97.93000031,6861.89013672,22682.73046875,4975.89990234,4.07499981,20.22999954
2026-02-20,97.80000305,6909.50976562,22886.07031250,5059.29980469,4.08599997,19.09000015
2026-02-23,97.69999695,6837.75000000,22627.26953125,5204.70019531,4.02899981,21.01000023
2026-02-24,97.87999725,6890.06982422,22863.67968750,5155.79980469,4.03299999,19.54999924
2026-02-25,97.69999695,6946.12988281,23152.08007812,5206.39990234,4.04799986,17.93000031
2026-02-26,97.79000092,6908.85986328,22878.38085938,5176.50000000,4.01700020,18.62999916
2026-02-27,97.61000061,6878.87988281,22668.21093750,5230.50000000,3.96199989,19.86000061
2026-03-02,98.37999725,6881.62011719,22748.85937500,5294.39990234,4.04799986,21.44000053
2026-03-03,99.05000305,6816.62988281,22516.68945312,5107.39990234,4.05600023,23.56999969
2026-03-04,98.76999664,6869.50000000,22807.48046875,5120.20019531,4.07999992,21.14999962
2026-03-05,99.31999969,6830.70996094,22748.99023438,5065.29980469,4.14599991,23.75000000
2026-03-06,98.98999786,6740.02001953,22387.67968750,5146.10009766,4.13299990,29.48999977
2026-03-09,99.18000031,6795.99023438,22695.94921875,5091.50000000,4.13600016,25.50000000
2026-03-10,98.83000183,6781.47998047,22697.09960938,5229.70019531,4.13600016,24.93000031
2026-03-11,99.23000336,6775.79980469,22716.13085938,5167.39990234,4.20800018,24.22999954
2026-03-12,99.73999786,6672.62011719,22311.98046875,5115.79980469,4.27299976,27.29000092
2026-03-13,100.36000061,6632.18994141,22105.35937500,5052.50000000,4.28499985,27.19000053
2026-03-16,99.70999908,6699.37988281,22374.17968750,4994.00000000,4.21999979,23.51000023
2026-03-17,99.58000183,6716.08984375,22479.52929688,5001.00000000,4.20200014,22.37000084
2026-03-18,100.08999634,6624.70019531,22152.41992188,4889.89990234,4.25899982,25.09000015
2026-03-19,99.23000336,6606.49023438,22090.68945312,4600.70019531,4.28100014,24.05999947
2026-03-20,99.65000153,6506.47998047,21647.60937500,4570.39990234,4.39099979,26.78000069
2026-03-23,98.94999695,6581.00000000,21946.75976562,4404.10009766,4.33400011,26.14999962
2026-03-24,99.43000031,6556.37011719,21761.89062500,4399.29980469,4.39200020,26.95000076
2026-03-25,99.59999847,6591.89990234,21929.82031250,4549.79980469,4.32800007,25.32999992
2026-03-26,99.90000153,6477.16015625,21408.08007812,4375.50000000,4.41599989,27.44000053
2026-03-27,100.15000153,6368.85009766,20948.35937500,4492.00000000,4.44000006,31.04999924
2026-03-30,100.51000214,6343.72021484,20794.64062500,4526.00000000,4.34200001,30.61000061
2026-03-31,99.95999908,6528.52001953,21590.63085938,4647.60009766,4.31099987,25.25000000
2026-04-01,99.65000153,6575.31982422,21840.94921875,4783.20019531,4.31899977,24.54000092
2026-04-02,100.02999878,6582.68994141,21879.17968750,4651.50000000,4.31300020,23.87000084
2026-04-06,99.98000336,6611.83007812,21996.33984375,4656.79980469,4.33500004,24.17000008
2026-04-07,99.63999939,6616.85009766,22017.84960938,4657.10009766,4.34299994,25.78000069
2026-04-08,99.12999725,6782.81005859,22634.99023438,4749.50000000,4.29099989,21.04000092
2026-04-09,98.81999969,6824.66015625,22822.41992188,4792.20019531,4.29300022,19.48999977
2026-04-10,98.65000153,6816.89013672,22902.89062500,4761.89990234,4.31699991,19.22999954
2026-04-13,98.37000275,6886.24023438,23183.74023438,4742.39990234,4.29699993,19.12000084
2026-04-14,98.12000275,6967.37988281,23639.08007812,4825.00000000,4.25600004,18.36000061
2026-04-15,98.05999756,7022.95019531,24016.01953125,4800.00000000,4.28200006,18.17000008
2026-04-16,98.22000122,7041.27978516,24102.69921875,4785.39990234,4.30900002,17.94000053
2026-04-17,98.09999847,7126.06005859,24468.48046875,4857.60009766,4.24599981,17.47999954
2026-04-20,98.05000305,7109.14013672,24404.39062500,4806.60009766,4.25000000,18.87000084
2026-04-21,98.41000366,7064.00976562,24259.96093750,4698.39990234,4.29199982,19.50000000
2026-04-22,98.58999634,7137.89990234,24657.57031250,4732.50000000,4.29400015,18.92000008
2026-04-23,98.80000305,7108.39990234,24438.50000000,4705.10009766,4.32299995,19.30999947
2026-04-24,98.51000214,7165.08007812,24836.59960938,4722.29980469,4.30999994,18.70999908
2026-04-27,98.48000336,7173.91015625,24887.09960938,4675.39990234,4.33599997,18.02000046
2026-04-28,98.62000275,7138.79980469,24663.80078125,4591.50000000,4.35400009,17.82999992
2026-04-29,98.91999817,7135.95019531,24673.24023438,4545.20019531,4.41800022,18.80999947
2026-04-30,98.08000183,7209.00976562,24892.31054688,4614.70019531,4.38999987,16.88999939
2026-05-01,98.20999908,7230.12011719,25114.43945312,4629.89990234,4.37799978,16.98999977
2026-05-04,98.47000122,7200.75000000,25067.80078125,4519.50000000,4.44600010,18.29000092
2026-05-05,98.48000336,7259.22021484,25326.13085938,4555.79980469,4.41599989,17.37999916
2026-05-06,98.01999664,7365.12011719,25838.93945312,4681.89990234,4.35599995,17.38999939
2026-05-07,98.25000000,7337.10986328,25806.19921875,4699.79980469,4.39200020,17.07999992
2026-05-08,97.83999634,7398.93017578,26247.08007812,4720.39990234,4.36399984,17.19000053
2026-05-11,97.94000244,7412.83984375,26274.13085938,4718.70019531,4.40999985,18.37999916
2026-05-12,98.29000092,7400.95996094,26088.19921875,4677.60009766,4.46299982,17.98999977
2026-05-13,98.48000336,7444.25000000,26402.33984375,4697.70019531,4.48099995,17.87000084
2026-05-14,98.87999725,7501.24023438,26635.22070312,4678.10009766,4.46099997,17.26000023
2026-05-15,99.26999664,7408.50000000,26225.14062500,4555.79980469,4.59499979,18.43000031
2026-05-18,98.97000122,7403.04980469,26090.73046875,4552.50000000,4.62300014,17.81999969
2026-05-19,99.30000305,7353.60986328,25870.71093750,4506.29980469,4.66699982,18.05999947
2026-05-20,99.11000061,7432.97021484,26270.35937500,4531.29980469,4.57200003,17.44000053
2026-05-21,99.19000244,7445.72021484,26293.09960938,4539.79980469,4.58599997,16.76000023
2026-05-22,99.31999969,7473.47021484,26343.97070312,4521.00000000,4.55800009,16.70000076
2026-05-25,,,,,,16.59000015
2026-05-26,99.16999817,7519.12011719,26656.17968750,4500.39990234,4.49300003,17.01000023
2026-05-27,99.20999908,7520.35986328,26674.73046875,4447.50000000,4.48099995,16.29000092
2026-05-28,99.01999664,7563.62988281,26917.47070312,4499.29980469,4.45499992,15.73999977
2026-05-29,98.91000366,7580.06005859,26972.61914062,4560.50000000,4.45300007,15.31999969
2026-06-01,99.19999695,7599.95996094,27086.81054688,4475.20019531,4.47499990,16.04999924
2026-06-02,99.22000122,7609.77978516,27093.90039062,4489.10009766,4.45499992,15.77000046
2026-06-03,99.52999878,7553.68017578,26853.98046875,4436.70019531,4.49100018,16.05999947
2026-06-04,99.41000366,7584.31005859,26830.96093750,4475.79980469,4.47700024,15.39999962
2026-06-05,100.06999969,7383.74023438,25709.42968750,4337.10009766,4.53599977,21.51000023
2026-06-08,100.05000305,7405.72998047,25929.66015625,4335.89990234,4.55200005,18.92000008
2026-06-09,99.91000366,7386.64990234,25678.82031250,4260.00000000,4.52799988,19.87000084
2026-06-10,99.94999695,7266.99023438,25169.50000000,4108.20019531,4.54199982,22.21999931
2026-06-11,99.86000061,7394.29980469,25809.66015625,4090.30004883,4.46299982,19.44000053
2026-06-12,99.75000000,7431.45996094,25888.83984375,4215.00000000,4.48699999,17.68000031
2026-06-15,99.62999725,7554.29003906,26683.93945312,4328.00000000,4.46899986,16.20000076
2026-06-16,99.54000092,7511.35009766,26376.33984375,4330.89990234,4.42799997,16.40999985
2026-06-17,100.08999634,7420.10009766,26021.66015625,4358.89990234,4.46299982,18.44000053
2026-06-18,100.84999847,7500.58007812,26517.92968750,4224.10009766,4.45100021,16.39999962
2026-06-22,101.01999664,7472.79003906,26166.59960938,4181.89990234,4.50899982,17.28000069
2026-06-23,101.41000366,7365.45996094,25587.03906250,4129.89990234,4.49300003,19.48999977
2026-06-24,101.61000061,7358.22021484,25476.64062500,3990.30004883,4.40199995,18.62999916
2026-06-25,101.43000031,7357.49023438,25358.59960938,4030.50000000,4.39200020,18.88999939
2026-06-26,101.36000061,7354.02001953,25297.61914062,4078.69995117,4.37200022,18.40999985
2026-06-29,101.11000061,7440.43017578,25820.14062500,4022.30004883,4.37400007,17.64999962
2026-06-30,101.19000244,7499.35986328,26213.72070312,4022.89990234,4.41800022,16.45000076
2026-07-01,101.38999939,7483.22998047,26040.02929688,4068.30004883,4.47499990,16.59000015
2026-07-02,100.86000061,7483.24023438,25832.66992188,4112.70019531,4.48500013,16.14999962
2026-07-06,100.84999847,7537.43017578,26121.16015625,4155.10009766,4.47900009,15.56999969
2026-07-07,101.13999939,7503.85009766,25818.68945312,4145.29980469,4.52899981,16.12999916
2026-07-08,101.05000305,7482.70996094,25870.65039062,4070.89990234,4.56899977,16.89999962
2026-07-09,100.94000244,7543.64013672,26206.89062500,4130.60009766,4.53900003,15.84000015
2026-07-10,100.97000122,7575.39013672,26281.60937500,4104.10009766,4.56899977,15.02999973
2026-07-13,101.27999878,7515.33984375,25873.17968750,3997.00000000,4.60900021,17.15999985
2026-07-14,100.94000244,7543.58984375,26107.00976562,4061.10009766,4.58500004,16.50000000
2026-07-15,100.50000000,7572.39990234,26269.23046875,4044.00000000,4.54500008,15.67000008
2026-07-16,100.73000336,7533.77001953,25881.94921875,3985.60009766,4.56899977,16.72999954
2026-07-17,100.75000000,7457.68994141,25520.24023438,4012.69995117,4.54099989,18.77000046
2026-07-20,100.98999786,7443.27978516,25508.07031250,4010.30004883,4.59800005,18.64999962
2026-07-21,101.18000031,7509.20019531,25837.21093750,4071.10009766,4.62799978,17.04999924
2026-07-22,101.13999939,7498.95996094,25690.90039062,4146.89990234,4.65700006,16.63999939
2026-07-23,101.43000031,7408.29980469,25137.68945312,4046.60009766,4.70300007,18.70000076
2026-07-24,101.47000122,7411.97998047,24975.82031250,4067.60009766,4.67899990,18.57999992
2026-07-27,101.51000214,7413.18017578,24932.08007812,4074.50000000,4.64099979,18.67000008
2026-07-28,101.37999725,7428.77978516,24876.91015625,4036.30004883,4.60400009,18.20999908
2026-07-29,100.80000305,7316.14990234,24442.93945312,4034.69995117,4.62200022,20.65999985
2026-07-30,100.01000214,7437.62988281,25122.17968750,4100.10009766,4.66300011,17.09000015
2026-07-31,99.80000305,7489.72021484,25373.84960938,4049.10009766,4.74499989,15.98999977
2026-08-03,99.95999908,7600.50000000,25913.90039062,4033.69995117,4.68599987,15.85999966
2026-08-04,99.88999939,7736.52001953,26584.99023438,4095.39990234,4.62699986,16.50000000
2026-08-05,99.69000244,7723.54980469,26363.43945312,4245.79980469,4.61700010,15.81000042
2026-08-06,99.97000122,7709.95996094,26348.34960938,4242.00000000,4.67000008,15.14999962
2026-08-07,99.59999847,7757.64013672,26690.61914062,4340.70019531,4.65999985,14.89999962
2026-08-10,99.80999756,7753.10986328,26605.35937500,4361.79980469,4.69899988,15.46000004
2026-08-11,99.81999969,7728.20019531,26445.44921875,4383.00000000,4.68400002,15.27999973
2026-08-12,100.01000214,7748.50000000,26588.49023438,4408.89990234,4.68200016,14.55000019
2026-08-13,99.95999908,7798.99023438,26803.02929688,4363.60009766,4.64099979,14.63000011
2026-08-14,99.66999817,7785.75976562,26729.16015625,4380.39990234,4.69600010,14.25000000
2026-08-17,99.40000153,7774.87011719,26724.82617188,4476.60009766,4.69999981,14.96000004
