funding_time,funding_rate,mark_price
2025-03-20 12:00:00.000,0.00005000,0.04561890
2025-03-20 16:00:00.000,0.00005000,0.03751000
2025-03-20 20:00:00.000,0.00005000,0.03647674
2025-03-21 00:00:00.000,0.00005000,0.03566930
2025-03-21 04:00:00.000,0.00005000,0.03537114
2025-03-21 08:00:00.000,0.00005000,0.03400000
2025-03-21 12:00:00.000,0.00040635,0.02946398
2025-03-21 16:00:00.000,0.00026686,0.02820000
2025-03-21 20:00:00.000,0.00005000,0.03003829
2025-03-22 00:00:00.000,0.00005000,0.02922254
2025-03-22 04:00:00.001,0.00005000,0.02662067
2025-03-22 08:00:00.004,0.00005000,0.02548171
2025-03-22 12:00:00.013,0.00005000,0.02629000
2025-03-22 16:00:00.000,0.00005000,0.02399471
2025-03-22 20:00:00.001,0.00005000,0.02442616
2025-03-23 00:00:00.000,0.00005000,0.02380000
2025-03-23 04:00:00.000,0.00005000,0.02192643
2025-03-23 08:00:00.000,0.00005000,0.02150000
2025-03-23 12:00:00.000,0.00005000,0.02193286
2025-03-23 16:00:00.000,0.00005000,0.02310000
2025-03-23 20:00:00.000,0.00005000,0.02521610
2025-03-24 00:00:00.000,0.00005000,0.02357864
2025-03-24 04:00:00.000,0.00005000,0.02350057
2025-03-24 08:00:00.000,0.00005000,0.02469000
2025-03-24 12:00:00.000,0.00005000,0.02458118
2025-03-24 16:00:00.000,0.00005000,0.02097000
2025-03-24 20:00:00.004,0.00005000,0.02114000
2025-03-25 00:00:00.001,0.00005000,0.02206707
2025-03-25 04:00:00.000,0.00005000,0.01838700
2025-03-25 08:00:00.000,0.00005000,0.01873000
2025-03-25 12:00:00.000,0.00005000,0.01802000
2025-03-25 16:00:00.000,0.00005000,0.01794674
2025-03-25 20:00:00.000,0.00005000,0.01816799
2025-03-26 00:00:00.000,0.00005000,0.01754804
2025-03-26 04:00:00.001,0.00005000,0.01757557
2025-03-26 08:00:00.000,0.00005000,0.01756286
2025-03-26 12:00:00.000,0.00005000,0.01770155
2025-03-26 16:00:00.001,0.00005000,0.01625681
2025-03-26 20:00:00.000,0.00005000,0.01684000
2025-03-27 00:00:00.001,0.00005000,0.01564579
2025-03-27 04:00:00.000,0.00005000,0.01653964
2025-03-27 08:00:00.001,0.00005000,0.01653782
2025-03-27 12:00:00.000,0.00005000,0.01643606
2025-03-27 16:00:00.002,0.00005000,0.01593902
2025-03-27 20:00:00.000,-0.02000000,0.05060393
2025-03-28 00:00:00.001,-0.02000000,0.04663198
2025-03-28 04:00:00.000,-0.01210724,0.04429000
2025-03-28 08:00:00.001,-0.00133257,0.03792810
2025-03-28 12:00:00.000,-0.00180451,0.03821015
2025-03-28 16:00:00.000,-0.00148223,0.04171000
2025-03-28 20:00:00.000,-0.00002773,0.04019000
2025-03-29 00:00:00.000,0.00005000,0.04167502
2025-03-29 04:00:00.001,0.00005000,0.04300037
2025-03-29 08:00:00.000,-0.00162904,0.04337960
2025-03-29 12:00:00.000,-0.01230719,0.04942304
2025-03-29 16:00:00.000,-0.00021080,0.04565859
2025-03-29 20:00:00.000,0.00005000,0.04005837
2025-03-30 00:00:00.000,-0.00003052,0.03985834
2025-03-30 04:00:00.000,-0.00003707,0.04016570
2025-03-30 08:00:00.000,-0.00016828,0.04021227
2025-03-30 12:00:00.000,-0.00000918,0.03865344
2025-03-30 16:00:00.000,-0.00005906,0.03772452
2025-03-30 20:00:00.000,0.00005000,0.03938715
2025-03-31 00:00:00.000,0.00005000,0.03997000
2025-03-31 04:00:00.000,0.00005000,0.03921350
2025-03-31 08:00:00.000,0.00004742,0.04084530
2025-03-31 12:00:00.000,0.00005000,0.04189296
2025-03-31 16:00:00.000,0.00005000,0.04254878
2025-03-31 20:00:00.000,0.00005000,0.04124000
2025-04-01 00:00:00.000,-0.00004773,0.04030000
2025-04-01 04:00:00.001,-0.00003927,0.04019689
2025-04-01 08:00:00.001,0.00005000,0.03895872
2025-04-01 12:00:00.000,0.00005000,0.03692000
2025-04-01 16:00:00.000,0.00005000,0.03720000
2025-04-01 20:00:00.003,0.00005000,0.03653000
2025-04-02 00:00:00.001,0.00005000,0.03442130
2025-04-02 04:00:00.001,0.00005000,0.03126184
2025-04-02 08:00:00.000,0.00005000,0.02897696
2025-04-02 12:00:00.002,0.00004873,0.02829224
2025-04-02 16:00:00.000,-0.00001466,0.02833000
2025-04-02 20:00:00.000,0.00005000,0.02817038
2025-04-03 00:00:00.000,0.00005000,0.02846000
2025-04-03 04:00:00.000,0.00005000,0.02920101
2025-04-03 08:00:00.000,0.00005000,0.02588000
2025-04-03 12:00:00.000,0.00003953,0.02347089
2025-04-03 16:00:00.000,0.00005000,0.02335657
2025-04-03 20:00:00.000,0.00005000,0.02340233
2025-04-04 00:00:00.000,0.00005000,0.02220000
2025-04-04 04:00:00.000,0.00005000,0.02257216
2025-04-04 08:00:00.000,-0.00002747,0.02224000
2025-04-04 12:00:00.000,0.00005000,0.02178207
2025-04-04 16:00:00.000,0.00005000,0.02195068
2025-04-04 20:00:00.001,0.00005000,0.02224495
2025-04-05 00:00:00.000,0.00005000,0.02257000
2025-04-05 04:00:00.000,0.00005000,0.02278000
2025-04-05 08:00:00.000,-0.00031921,0.02438000
2025-04-05 12:00:00.000,-0.00012782,0.02256290
2025-04-05 16:00:00.000,0.00005000,0.02544084
2025-04-05 20:00:00.000,0.00005000,0.02380000
2025-04-06 00:00:00.000,0.00005000,0.02391148
2025-04-06 04:00:00.000,0.00005000,0.02412000
2025-04-06 08:00:00.000,0.00005000,0.02483439
2025-04-06 12:00:00.001,0.00005000,0.02504587
2025-04-06 16:00:00.002,0.00005000,0.02488124
2025-04-06 20:00:00.001,0.00005000,0.02481000
2025-04-07 00:00:00.000,0.00005000,0.02477862
2025-04-07 04:00:00.000,0.00005000,0.02475370
2025-04-07 08:00:00.000,0.00005000,0.02449000
2025-04-07 12:00:00.000,0.00005000,0.02463000
2025-04-07 16:00:00.000,0.00005000,0.02897575
2025-04-07 20:00:00.000,0.00005000,0.02769453
2025-04-08 00:00:00.000,0.00005000,0.02658240
2025-04-08 04:00:00.000,0.00005000,0.02941000
2025-04-08 08:00:00.000,0.00005000,0.02874015
2025-04-08 12:00:00.000,0.00003168,0.02654000
2025-04-08 16:00:00.000,0.00005000,0.02610793
2025-04-08 20:00:00.000,0.00005000,0.02811120
2025-04-09 00:00:00.000,0.00005000,0.02711000
2025-04-09 04:00:00.000,0.00002532,0.02884602
2025-04-09 08:00:00.001,0.00005000,0.03084000
2025-04-09 12:00:00.000,0.00005000,0.02897167
2025-04-09 16:00:00.000,0.00005000,0.02998685
2025-04-09 20:00:00.000,0.00005000,0.03200825
2025-04-10 00:00:00.000,0.00005000,0.03182531
2025-04-10 04:00:00.000,-0.00006111,0.02788437
2025-04-10 08:00:00.000,-0.00000573,0.02634000
2025-04-10 12:00:00.000,-0.00002556,0.02467239
2025-04-10 16:00:00.000,0.00005000,0.02629000
2025-04-10 20:00:00.000,0.00005000,0.02469941
2025-04-11 00:00:00.001,0.00005000,0.02358000
2025-04-11 04:00:00.001,0.00005000,0.02492122
2025-04-11 08:00:00.000,0.00005000,0.02485241
2025-04-11 12:00:00.000,0.00005000,0.02420000
2025-04-11 16:00:00.000,0.00004628,0.02460704
2025-04-11 20:00:00.001,0.00005000,0.02580819
2025-04-12 00:00:00.000,-0.00011891,0.02506000
2025-04-12 04:00:00.000,0.00005000,0.02582000
2025-04-12 08:00:00.001,0.00005000,0.02616559
2025-04-12 12:00:00.001,0.00005000,0.02573024
2025-04-12 16:00:00.000,0.00005000,0.02620405
2025-04-12 20:00:00.000,0.00005000,0.02659159
2025-04-13 00:00:00.000,0.00005000,0.02635000
2025-04-13 04:00:00.000,0.00005000,0.02654175
2025-04-13 08:00:00.000,0.00005000,0.02615482
2025-04-13 12:00:00.000,0.00005000,0.02564000
2025-04-13 16:00:00.000,0.00005000,0.02615951
2025-04-13 20:00:00.000,0.00005000,0.02531526
2025-04-14 00:00:00.000,-0.00016766,0.02289281
2025-04-14 04:00:00.000,0.00005000,0.02495740
2025-04-14 08:00:00.000,0.00005000,0.02487489
2025-04-14 12:00:00.002,0.00005000,0.02467331
2025-04-14 16:00:00.000,0.00005000,0.02440000
2025-04-14 20:00:00.000,0.00005000,0.02363000
2025-04-15 00:00:00.000,0.00005000,0.02345453
2025-04-15 04:00:00.001,0.00005000,0.02322000
2025-04-15 08:00:00.000,0.00005000,0.02334958
2025-04-15 12:00:00.000,0.00005000,0.02297604
2025-04-15 16:00:00.001,0.00005000,0.02240074
2025-04-15 20:00:00.000,0.00005000,0.02187000
2025-04-16 00:00:00.000,0.00005000,0.02121682
2025-04-16 04:00:00.000,0.00005000,0.02360000
2025-04-16 08:00:00.000,0.00005000,0.02418967
2025-04-16 12:00:00.000,0.00005000,0.02446654
2025-04-16 16:00:00.000,0.00005000,0.02474144
2025-04-16 20:00:00.000,0.00005000,0.02544000
2025-04-17 00:00:00.001,0.00005000,0.02494479
2025-04-17 04:00:00.000,0.00005000,0.02491000
2025-04-17 08:00:00.000,0.00005000,0.02632000
2025-04-17 12:00:00.000,0.00005000,0.02661158
2025-04-17 16:00:00.001,0.00005000,0.02784000
2025-04-17 20:00:00.001,0.00005000,0.02693000
2025-04-18 00:00:00.000,0.00005000,0.02633519
2025-04-18 04:00:00.000,0.00005000,0.02687915
2025-04-18 08:00:00.000,0.00005000,0.02685000
2025-04-18 12:00:00.000,0.00002229,0.02671534
2025-04-18 16:00:00.000,0.00005000,0.02687000
2025-04-18 20:00:00.000,0.00005000,0.02666000
2025-04-19 00:00:00.000,0.00005000,0.02588000
2025-04-19 04:00:00.000,0.00005000,0.02582227
2025-04-19 08:00:00.000,0.00005000,0.02492215
2025-04-19 12:00:00.000,0.00005000,0.02532150
2025-04-19 16:00:00.000,0.00005000,0.02499068
2025-04-19 20:00:00.000,0.00005000,0.02498302
2025-04-20 00:00:00.000,0.00005000,0.02519195
2025-04-20 04:00:00.000,0.00005000,0.02583000
2025-04-20 08:00:00.000,0.00005000,0.02685859
2025-04-20 12:00:00.001,0.00005000,0.02742213
2025-04-20 16:00:00.000,0.00005000,0.02682000
2025-04-20 20:00:00.000,0.00005000,0.02738190
2025-04-21 00:00:00.000,0.00005000,0.02736000
2025-04-21 04:00:00.000,0.00005000,0.02778339
2025-04-21 08:00:00.005,0.00005000,0.02689000
2025-04-21 12:00:00.002,0.00005000,0.02659000
2025-04-21 16:00:00.003,0.00005000,0.02713000
2025-04-21 20:00:00.006,0.00005000,0.02584000
2025-04-22 00:00:00.008,0.00005000,0.02555578
2025-04-22 04:00:00.000,0.00005000,0.02645000
2025-04-22 08:00:00.000,0.00005000,0.02536000
2025-04-22 12:00:00.001,0.00005000,0.02517305
2025-04-22 16:00:00.000,0.00005000,0.02584770
2025-04-22 20:00:00.004,0.00005000,0.02614176
2025-04-23 00:00:00.000,0.00005000,0.02687248
2025-04-23 04:00:00.000,0.00005000,0.02984000
2025-04-23 08:00:00.002,0.00005000,0.02915753
2025-04-23 12:00:00.005,0.00005000,0.02944000
2025-04-23 16:00:00.000,0.00005000,0.02766000
2025-04-23 20:00:00.001,0.00005000,0.02798332
2025-04-24 00:00:00.000,0.00005000,0.02813000
2025-04-24 04:00:00.003,0.00005000,0.02647866
2025-04-24 08:00:00.001,0.00005000,0.02706361
2025-04-24 12:00:00.001,0.00005000,0.02666083
2025-04-24 16:00:00.001,0.00005000,0.02644536
2025-04-24 20:00:00.006,0.00005000,0.02648547
2025-04-25 00:00:00.007,0.00005000,0.02735000
2025-04-25 04:00:00.001,0.00005000,0.02694000
2025-04-25 08:00:00.002,0.00005000,0.02709502
2025-04-25 12:00:00.000,0.00005000,0.02809000
2025-04-25 16:00:00.003,0.00005000,0.02715113
2025-04-25 20:00:00.001,0.00005000,0.02685528
2025-04-26 00:00:00.002,0.00005000,0.02694060
2025-04-26 04:00:00.001,0.00005000,0.02787023
2025-04-26 08:00:00.000,0.00005000,0.02802000
2025-04-26 12:00:00.000,0.00005000,0.02730560
2025-04-26 16:00:00.002,0.00005000,0.02742834
2025-04-26 20:00:00.000,0.00005000,0.02751000
2025-04-27 00:00:00.001,0.00005000,0.02807000
2025-04-27 04:00:00.001,0.00005000,0.02735000
2025-04-27 08:00:00.000,0.00005000,0.02708000
2025-04-27 12:00:00.000,0.00005000,0.02884194
2025-04-27 16:00:00.000,0.00005000,0.02732000
2025-04-27 20:00:00.003,0.00005000,0.02738000
2025-04-28 00:00:00.001,0.00005000,0.02737514
2025-04-28 04:00:00.001,0.00005000,0.02801247
2025-04-28 08:00:00.003,0.00005000,0.02882293
2025-04-28 12:00:00.000,0.00005000,0.02829854
2025-04-28 16:00:00.005,0.00005000,0.02799000
2025-04-28 20:00:00.002,0.00005000,0.02880278
2025-04-29 00:00:00.000,0.00005000,0.02863380
2025-04-29 04:00:00.000,0.00005000,0.02871000
2025-04-29 08:00:00.000,0.00005000,0.02807577
2025-04-29 12:00:00.001,0.00005000,0.02714000
2025-04-29 16:00:00.010,0.00005000,0.02733810
2025-04-29 20:00:00.002,0.00005000,0.02739000
2025-04-30 00:00:00.001,0.00005000,0.02716000
2025-04-30 04:00:00.001,0.00005000,0.02742000
2025-04-30 08:00:00.000,0.00005000,0.02740000
2025-04-30 12:00:00.001,0.00005000,0.02813148
2025-04-30 16:00:00.003,0.00005000,0.02783958
2025-04-30 20:00:00.002,0.00005000,0.02775000
2025-05-01 00:00:00.000,0.00005000,0.02813705
2025-05-01 04:00:00.008,0.00005000,0.02822327
2025-05-01 08:00:00.000,0.00005000,0.02874000
2025-05-01 12:00:00.001,0.00005000,0.02918000
2025-05-01 16:00:00.001,0.00005000,0.02912721
2025-05-01 20:00:00.000,0.00005000,0.02905421
2025-05-02 00:00:00.000,0.00005000,0.02949993
2025-05-02 04:00:00.000,0.00005000,0.02936000
2025-05-02 08:00:00.000,0.00005000,0.02837453
2025-05-02 12:00:00.005,0.00005000,0.02879000
2025-05-02 16:00:00.003,0.00005000,0.02887000
2025-05-02 20:00:00.003,0.00005000,0.02914000
2025-05-03 00:00:00.000,0.00005000,0.02909064
2025-05-03 04:00:00.001,0.00005000,0.02937682
2025-05-03 08:00:00.000,0.00005000,0.02969000
2025-05-03 12:00:00.006,0.00005000,0.02857538
2025-05-03 16:00:00.000,0.00005000,0.02844000
2025-05-03 20:00:00.000,0.00005000,0.02721000
2025-05-04 00:00:00.001,0.00005000,0.02731447
2025-05-04 04:00:00.004,0.00005000,0.02676000
2025-05-04 08:00:00.001,0.00005000,0.02648634
2025-05-04 12:00:00.006,0.00005000,0.02681000
2025-05-04 16:00:00.002,0.00005000,0.02668184
2025-05-04 20:00:00.000,0.00005000,0.02623000
2025-05-05 00:00:00.000,0.00005000,0.02646102
2025-05-05 04:00:00.000,0.00005000,0.02704000
2025-05-05 08:00:00.000,0.00005000,0.02707687
2025-05-05 12:00:00.000,0.00005000,0.02639000
2025-05-05 16:00:00.006,0.00005000,0.02631000
2025-05-05 20:00:00.000,0.00005000,0.02664000
2025-05-06 00:00:00.002,0.00005000,0.02585000
2025-05-06 04:00:00.000,0.00005000,0.02595842
2025-05-06 08:00:00.005,-0.00000387,0.02573000
2025-05-06 12:00:00.000,0.00005000,0.02439000
2025-05-06 16:00:00.000,0.00005000,0.02406959
2025-05-06 20:00:00.000,0.00005000,0.02397000
2025-05-07 00:00:00.002,0.00005000,0.02393634
2025-05-07 04:00:00.004,0.00000963,0.02426038
2025-05-07 08:00:00.000,0.00005000,0.02424078
2025-05-07 12:00:00.000,0.00002650,0.02492000
2025-05-07 16:00:00.006,0.00005000,0.02454000
2025-05-07 20:00:00.000,0.00005000,0.02590401
2025-05-08 00:00:00.000,0.00005000,0.02597227
2025-05-08 04:00:00.005,0.00005000,0.02618018
2025-05-08 08:00:00.001,0.00005000,0.02600796
2025-05-08 12:00:00.000,0.00005000,0.02608000
2025-05-08 16:00:00.002,0.00005000,0.02665960
2025-05-08 20:00:00.006,0.00005000,0.02688274
2025-05-09 00:00:00.001,0.00005000,0.02684596
2025-05-09 04:00:00.000,0.00005000,0.02744003
2025-05-09 08:00:00.006,0.00005000,0.02789154
2025-05-09 12:00:00.000,0.00005000,0.02663518
2025-05-09 16:00:00.000,0.00005000,0.02752370
2025-05-09 20:00:00.000,0.00005000,0.02813097
2025-05-10 00:00:00.001,0.00005000,0.03492296
2025-05-10 04:00:00.003,0.00005000,0.02963429
2025-05-10 08:00:00.000,0.00005000,0.03061585
2025-05-10 12:00:00.000,0.00005000,0.02807000
2025-05-10 16:00:00.001,0.00005000,0.02817000
2025-05-10 20:00:00.000,0.00005000,0.02919999
2025-05-11 00:00:00.000,0.00005000,0.02976000
2025-05-11 04:00:00.000,0.00005000,0.02892318
2025-05-11 08:00:00.001,0.00005000,0.02770720
2025-05-11 12:00:00.001,0.00005000,0.02918000
2025-05-11 16:00:00.001,0.00005000,0.03100608
2025-05-11 20:00:00.000,0.00005000,0.03116013
2025-05-12 00:00:00.004,0.00005000,0.03113636
2025-05-12 04:00:00.003,0.00005000,0.03260550
2025-05-12 08:00:00.000,0.00005000,0.03215549
2025-05-12 12:00:00.000,0.00005000,0.03222911
2025-05-12 16:00:00.000,0.00005000,0.03172344
2025-05-12 20:00:00.004,0.00005000,0.03130000
2025-05-13 00:00:00.000,0.00005000,0.03233882
2025-05-13 04:00:00.000,0.00005000,0.03073000
2025-05-13 08:00:00.008,0.00005000,0.03211375
2025-05-13 12:00:00.000,0.00005000,0.03346650
2025-05-13 16:00:00.001,0.00005000,0.03321612
2025-05-13 20:00:00.006,0.00005000,0.03467000
2025-05-14 00:00:00.007,0.00005000,0.03435110
2025-05-14 04:00:00.000,0.00005000,0.03405834
2025-05-14 08:00:00.000,0.00005000,0.03390671
2025-05-14 12:00:00.000,0.00005000,0.03427000
2025-05-14 16:00:00.002,0.00005000,0.03287723
2025-05-14 20:00:00.007,0.00005000,0.03254489
2025-05-15 00:00:00.000,0.00005000,0.03194456
2025-05-15 04:00:00.000,0.00005000,0.02975098
2025-05-15 08:00:00.003,0.00005000,0.02847572
2025-05-15 12:00:00.000,0.00005000,0.02862382
2025-05-15 16:00:00.000,0.00005000,0.02861620
2025-05-15 20:00:00.001,0.00005000,0.02855942
2025-05-16 00:00:00.001,0.00005000,0.02782192
2025-05-16 04:00:00.001,0.00005000,0.02819108
2025-05-16 08:00:00.000,0.00005000,0.02845000
2025-05-16 12:00:00.006,0.00005000,0.03021000
2025-05-16 16:00:00.000,0.00005000,0.02956357
2025-05-16 20:00:00.002,0.00005000,0.02899000
2025-05-17 00:00:00.000,0.00005000,0.02827493
2025-05-17 04:00:00.000,0.00005000,0.02764000
2025-05-17 08:00:00.001,0.00005000,0.02711411
2025-05-17 12:00:00.002,0.00005000,0.02712000
2025-05-17 16:00:00.004,0.00005000,0.02737507
2025-05-17 20:00:00.003,0.00005000,0.02715000
2025-05-18 00:00:00.000,0.00005000,0.02746301
2025-05-18 04:00:00.003,0.00005000,0.02757648
2025-05-18 08:00:00.000,0.00005000,0.02836926
2025-05-18 12:00:00.010,0.00005000,0.02893424
2025-05-18 16:00:00.000,0.00005000,0.02940000
2025-05-18 20:00:00.001,0.00005000,0.02737236
2025-05-19 00:00:00.000,0.00005000,0.02865513
2025-05-19 04:00:00.004,0.00005000,0.02712580
2025-05-19 08:00:00.006,0.00005000,0.02680000
2025-05-19 12:00:00.000,0.00005000,0.02650045
2025-05-19 16:00:00.010,0.00005000,0.02717243
2025-05-19 20:00:00.000,0.00005000,0.02745000
2025-05-20 00:00:00.000,0.00005000,0.02755000
2025-05-20 04:00:00.000,0.00005000,0.02770330
2025-05-20 08:00:00.002,0.00005000,0.02724093
2025-05-20 12:00:00.003,0.00005000,0.02735000
2025-05-20 16:00:00.000,0.00005000,0.02718000
2025-05-20 20:00:00.000,0.00005000,0.02754677
2025-05-21 00:00:00.000,0.00005000,0.02803266
2025-05-21 04:00:00.000,0.00005000,0.02810000
2025-05-21 08:00:00.001,0.00005000,0.02741000
2025-05-21 12:00:00.007,0.00005000,0.02784000
2025-05-21 16:00:00.004,0.00005000,0.02793917
2025-05-21 20:00:00.001,0.00005000,0.02702000
2025-05-22 00:00:00.001,0.00005000,0.02699114
2025-05-22 04:00:00.000,0.00005000,0.02800516
2025-05-22 08:00:00.000,0.00005000,0.02796686
2025-05-22 12:00:00.000,0.00005000,0.02796932
2025-05-22 16:00:00.002,0.00005000,0.02818000
2025-05-22 20:00:00.001,0.00005000,0.02841748
2025-05-23 00:00:00.006,0.00005000,0.02886000
2025-05-23 04:00:00.000,0.00005000,0.02955000
2025-05-23 08:00:00.000,0.00005000,0.02832000
2025-05-23 12:00:00.003,0.00005000,0.02710468
2025-05-23 16:00:00.007,0.00005000,0.02711793
2025-05-23 20:00:00.006,0.00005000,0.02700510
2025-05-24 00:00:00.010,0.00005000,0.02670076
2025-05-24 04:00:00.000,0.00005000,0.02723941
2025-05-24 08:00:00.000,0.00005000,0.02722000
2025-05-24 12:00:00.007,0.00005000,0.02731053
2025-05-24 16:00:00.003,0.00005000,0.02806832
2025-05-24 20:00:00.000,0.00005000,0.02806434
2025-05-25 00:00:00.004,0.00005000,0.02755000
2025-05-25 04:00:00.001,0.00005000,0.02677000
2025-05-25 08:00:00.000,0.00005000,0.02670586
2025-05-25 12:00:00.000,0.00005000,0.02624502
2025-05-25 16:00:00.000,0.00005000,0.02596046
2025-05-25 20:00:00.010,0.00005000,0.02597806
2025-05-26 00:00:00.000,0.00005000,0.02666000
2025-05-26 04:00:00.000,0.00005000,0.02701405
2025-05-26 08:00:00.000,0.00005000,0.02751644
2025-05-26 12:00:00.000,0.00005000,0.02716418
2025-05-26 16:00:00.002,0.00005000,0.02789000
2025-05-26 20:00:00.000,0.00005000,0.02785251
2025-05-27 00:00:00.003,0.00005000,0.02812000
2025-05-27 04:00:00.000,0.00005000,0.02822361
2025-05-27 08:00:00.001,0.00005000,0.02837056
2025-05-27 12:00:00.005,0.00005000,0.02850995
2025-05-27 16:00:00.005,0.00005000,0.02936000
2025-05-27 20:00:00.005,0.00005000,0.02904000
2025-05-28 00:00:00.002,0.00005000,0.02888000
2025-05-28 04:00:00.010,0.00005000,0.02915000
2025-05-28 08:00:00.003,0.00005000,0.02837000
2025-05-28 12:00:00.000,0.00005000,0.02867000
2025-05-28 16:00:00.002,0.00005000,0.02791472
2025-05-28 20:00:00.000,0.00005000,0.02737057
2025-05-29 00:00:00.000,0.00005000,0.02831097
2025-05-29 04:00:00.000,0.00005000,0.02889005
2025-05-29 08:00:00.006,0.00005000,0.02882000
2025-05-29 12:00:00.001,0.00005000,0.02931735
2025-05-29 16:00:00.000,0.00005000,0.02965165
2025-05-29 20:00:00.010,0.00005000,0.02962233
2025-05-30 00:00:00.003,0.00005000,0.02884000
2025-05-30 04:00:00.000,0.00005000,0.02751132
2025-05-30 08:00:00.003,0.00005000,0.02633000
2025-05-30 12:00:00.006,0.00005000,0.02680000
2025-05-30 16:00:00.000,0.00005000,0.02677000
2025-05-30 20:00:00.005,0.00005000,0.02557298
2025-05-31 00:00:00.000,-0.00000967,0.02288651
2025-05-31 04:00:00.004,0.00005000,0.02278000
2025-05-31 08:00:00.000,0.00005000,0.02340125
2025-05-31 12:00:00.000,0.00002933,0.02255302
2025-05-31 16:00:00.000,0.00005000,0.02267000
2025-05-31 20:00:00.004,0.00005000,0.02430454
2025-06-01 00:00:00.001,0.00005000,0.02644395
2025-06-01 04:00:00.001,0.00005000,0.02785775
2025-06-01 08:00:00.002,0.00005000,0.02720420
2025-06-01 12:00:00.008,0.00001403,0.02701158
2025-06-01 16:00:00.000,0.00005000,0.02709126
2025-06-01 20:00:00.003,0.00005000,0.02777387
2025-06-02 00:00:00.001,0.00005000,0.02942314
2025-06-02 04:00:00.004,0.00005000,0.02876530
2025-06-02 08:00:00.000,0.00005000,0.02867430
2025-06-02 12:00:00.002,0.00003957,0.02854000
2025-06-02 16:00:00.000,0.00005000,0.02813000
2025-06-02 20:00:00.002,0.00005000,0.02869482
2025-06-03 00:00:00.000,0.00005000,0.02878000
2025-06-03 04:00:00.001,0.00005000,0.02934000
2025-06-03 08:00:00.000,0.00005000,0.02921000
2025-06-03 12:00:00.000,0.00005000,0.02904641
2025-06-03 16:00:00.001,0.00005000,0.02926000
2025-06-03 20:00:00.000,0.00005000,0.02882989
2025-06-04 00:00:00.000,0.00005000,0.02896277
2025-06-04 04:00:00.001,0.00005000,0.02882000
2025-06-04 08:00:00.000,0.00000558,0.02860009
2025-06-04 12:00:00.000,0.00005000,0.02836000
2025-06-04 16:00:00.000,0.00005000,0.02889000
2025-06-04 20:00:00.001,0.00005000,0.02884000
2025-06-05 00:00:00.016,0.00005000,0.02835002
2025-06-05 04:00:00.001,0.00005000,0.02878000
2025-06-05 08:00:00.000,0.00005000,0.02840000
2025-06-05 12:00:00.003,0.00005000,0.02845368
2025-06-05 16:00:00.000,0.00005000,0.02852000
2025-06-05 20:00:00.002,0.00005000,0.02721000
2025-06-06 00:00:00.002,0.00005000,0.02729683
2025-06-06 04:00:00.000,0.00003551,0.02729000
2025-06-06 08:00:00.000,0.00001922,0.02773474
2025-06-06 12:00:00.002,0.00005000,0.02773000
2025-06-06 16:00:00.006,0.00005000,0.02810228
2025-06-06 20:00:00.000,0.00005000,0.02750731
2025-06-07 00:00:00.000,0.00005000,0.02724000
2025-06-07 04:00:00.000,0.00005000,0.02776000
2025-06-07 08:00:00.000,0.00005000,0.02806000
2025-06-07 12:00:00.000,0.00005000,0.02794000
2025-06-07 16:00:00.002,0.00005000,0.02767042
2025-06-07 20:00:00.002,0.00005000,0.02777000
2025-06-08 00:00:00.000,0.00005000,0.02823518
2025-06-08 04:00:00.000,0.00005000,0.02844000
2025-06-08 08:00:00.000,0.00005000,0.02920000
2025-06-08 12:00:00.020,0.00005000,0.03021992
2025-06-08 16:00:00.000,0.00003064,0.03033493
2025-06-08 20:00:00.001,0.00005000,0.03105000
2025-06-09 00:00:00.000,0.00005000,0.03164000
2025-06-09 04:00:00.003,0.00005000,0.03125280
2025-06-09 08:00:00.001,0.00004088,0.03127417
2025-06-09 12:00:00.000,0.00005000,0.03134000
2025-06-09 16:00:00.001,0.00005000,0.02888918
2025-06-09 20:00:00.012,0.00005000,0.03088000
2025-06-10 00:00:00.000,0.00005000,0.03162615
2025-06-10 04:00:00.000,0.00005000,0.03132344
2025-06-10 08:00:00.001,0.00005000,0.03042512
2025-06-10 12:00:00.005,0.00005000,0.03073000
2025-06-10 16:00:00.003,0.00005000,0.03099000
2025-06-10 20:00:00.010,0.00005000,0.03167884
2025-06-11 00:00:00.000,0.00005000,0.03144032
2025-06-11 04:00:00.006,0.00005000,0.03247415
2025-06-11 08:00:00.000,0.00005000,0.03286000
2025-06-11 12:00:00.007,0.00005000,0.03212585
2025-06-11 16:00:00.010,0.00005000,0.03259711
2025-06-11 20:00:00.012,0.00005000,0.03216039
2025-06-12 00:00:00.002,0.00005000,0.03148499
2025-06-12 04:00:00.000,0.00005000,0.03074000
2025-06-12 08:00:00.003,0.00005000,0.03123745
2025-06-12 12:00:00.001,0.00005000,0.03090000
2025-06-12 16:00:00.001,0.00005000,0.03051003
2025-06-12 20:00:00.003,0.00005000,0.02962000
2025-06-13 00:00:00.000,0.00005000,0.03034000
2025-06-13 04:00:00.002,0.00005000,0.02900000
2025-06-13 08:00:00.001,0.00005000,0.02866000
2025-06-13 12:00:00.000,0.00005000,0.02855000
2025-06-13 16:00:00.004,0.00005000,0.02869000
2025-06-13 20:00:00.001,0.00005000,0.02860531
2025-06-14 00:00:00.000,0.00005000,0.02902732
2025-06-14 04:00:00.000,0.00005000,0.02957631
2025-06-14 08:00:00.000,0.00005000,0.02975128
2025-06-14 12:00:00.007,0.00005000,0.02990304
2025-06-14 16:00:00.000,0.00005000,0.02980004
2025-06-14 20:00:00.005,0.00005000,0.02914401
2025-06-15 00:00:00.005,0.00005000,0.02958463
2025-06-15 04:00:00.004,0.00005000,0.02909646
2025-06-15 08:00:00.009,0.00005000,0.02899860
2025-06-15 12:00:00.000,0.00005000,0.02880492
2025-06-15 16:00:00.000,0.00005000,0.02927088
2025-06-15 20:00:00.000,0.00005000,0.03005745
2025-06-16 00:00:00.000,0.00005000,0.03175000
2025-06-16 04:00:00.009,0.00005000,0.03153000
2025-06-16 08:00:00.000,0.00005000,0.03310000
2025-06-16 12:00:00.000,0.00005000,0.03221066
2025-06-16 16:00:00.003,0.00005000,0.03277784
2025-06-16 20:00:00.000,0.00005000,0.03305000
2025-06-17 00:00:00.000,0.00005000,0.03422335
2025-06-17 04:00:00.000,0.00005000,0.03394000
2025-06-17 08:00:00.006,0.00005000,0.03377757
2025-06-17 12:00:00.001,0.00005000,0.03333568
2025-06-17 16:00:00.001,0.00005000,0.03302000
2025-06-17 20:00:00.000,0.00003590,0.03395750
2025-06-18 00:00:00.001,0.00005000,0.03502016
2025-06-18 04:00:00.001,0.00005000,0.03386000
2025-06-18 08:00:00.001,0.00005000,0.03369000
2025-06-18 12:00:00.003,0.00005000,0.03431576
2025-06-18 16:00:00.001,0.00005000,0.03485000
2025-06-18 20:00:00.000,0.00005000,0.03507749
2025-06-19 00:00:00.005,0.00005000,0.03561000
2025-06-19 04:00:00.005,0.00005000,0.03527504
2025-06-19 08:00:00.003,0.00005000,0.03561676
2025-06-19 12:00:00.000,0.00005000,0.03573000
2025-06-19 16:00:00.000,0.00005000,0.03565000
2025-06-19 20:00:00.000,0.00005000,0.03774000
2025-06-20 00:00:00.000,0.00005000,0.03703000
2025-06-20 04:00:00.017,0.00004888,0.03739711
2025-06-20 08:00:00.002,0.00005000,0.03853660
2025-06-20 12:00:00.002,0.00005000,0.03848000
2025-06-20 16:00:00.001,0.00000987,0.03831736
2025-06-20 20:00:00.000,0.00005000,0.03878000
2025-06-21 00:00:00.002,-0.00008488,0.03890000
2025-06-21 04:00:00.003,0.00005000,0.03815536
2025-06-21 08:00:00.005,0.00005000,0.03913150
2025-06-21 12:00:00.000,0.00005000,0.03844463
2025-06-21 16:00:00.000,0.00005000,0.03818426
2025-06-21 20:00:00.002,0.00005000,0.03787376
2025-06-22 00:00:00.005,0.00005000,0.03824000
2025-06-22 04:00:00.000,0.00005000,0.03714280
2025-06-22 08:00:00.000,0.00005000,0.03668007
2025-06-22 12:00:00.003,0.00005000,0.03667000
2025-06-22 16:00:00.003,0.00004631,0.03620643
2025-06-22 20:00:00.005,0.00003121,0.03642886
2025-06-23 00:00:00.000,0.00003568,0.03927060
2025-06-23 04:00:00.007,0.00002227,0.04365000
2025-06-23 08:00:00.004,0.00003769,0.04217000
2025-06-23 12:00:00.001,0.00005000,0.04257439
2025-06-23 16:00:00.013,0.00005000,0.04322000
2025-06-23 20:00:00.000,0.00005000,0.04446003
2025-06-24 00:00:00.003,0.00005000,0.04923472
2025-06-24 04:00:00.001,-0.00000280,0.05147676
2025-06-24 08:00:00.000,0.00005000,0.05149000
2025-06-24 12:00:00.001,0.00005000,0.05260675
2025-06-24 16:00:00.000,0.00005000,0.05435903
2025-06-24 20:00:00.000,0.00005000,0.05318000
2025-06-25 00:00:00.005,0.00005000,0.05264675
2025-06-25 04:00:00.000,0.00001615,0.05971689
2025-06-25 08:00:00.000,-0.00000890,0.05975000
2025-06-25 12:00:00.003,-0.00002217,0.05951332
2025-06-25 16:00:00.005,0.00005000,0.05915000
2025-06-25 20:00:00.002,0.00005000,0.05937209
2025-06-26 00:00:00.000,-0.00001548,0.05989356
2025-06-26 04:00:00.000,0.00002119,0.05682000
2025-06-26 08:00:00.006,0.00000062,0.05574000
2025-06-26 12:00:00.005,-0.00001252,0.05872000
2025-06-26 16:00:00.007,-0.00000761,0.05716000
2025-06-26 20:00:00.000,0.00005000,0.05528000
2025-06-27 00:00:00.000,-0.00001974,0.05501025
2025-06-27 04:00:00.001,-0.00012579,0.05717668
2025-06-27 08:00:00.000,0.00005000,0.05712716
2025-06-27 12:00:00.003,0.00004897,0.05688000
2025-06-27 16:00:00.009,-0.00004247,0.05702000
2025-06-27 20:00:00.002,0.00004156,0.05819575
2025-06-28 00:00:00.001,-0.00001395,0.05991000
2025-06-28 04:00:00.000,0.00005000,0.05988000
2025-06-28 08:00:00.002,0.00005000,0.05845150
2025-06-28 12:00:00.000,0.00005000,0.05781420
2025-06-28 16:00:00.000,0.00005000,0.05973439
2025-06-28 20:00:00.007,0.00005000,0.05993000
2025-06-29 00:00:00.004,0.00005000,0.05952000
2025-06-29 04:00:00.003,0.00005000,0.05884321
2025-06-29 08:00:00.001,0.00005000,0.05839000
2025-06-29 12:00:00.003,0.00005000,0.05917000
2025-06-29 16:00:00.001,0.00005000,0.05974000
2025-06-29 20:00:00.003,0.00002456,0.06215226
2025-06-30 00:00:00.000,-0.00001735,0.06161072
2025-06-30 04:00:00.003,0.00005000,0.06223000
2025-06-30 08:00:00.005,-0.00004236,0.06177000
2025-06-30 12:00:00.000,0.00000273,0.06187265
2025-06-30 16:00:00.002,0.00001477,0.06123000
2025-06-30 20:00:00.000,-0.00009517,0.06104000
2025-07-01 00:00:00.007,0.00005000,0.06168000
2025-07-01 04:00:00.000,0.00005000,0.06033373
2025-07-01 08:00:00.002,0.00005000,0.05965532
2025-07-01 12:00:00.000,0.00002337,0.05931913
2025-07-01 16:00:00.000,0.00005000,0.06180081
2025-07-01 20:00:00.000,0.00005000,0.06245000
2025-07-02 00:00:00.001,0.00005000,0.06147442
2025-07-02 04:00:00.001,0.00005000,0.06238806
2025-07-02 08:00:00.000,0.00005000,0.06104939
2025-07-02 12:00:00.001,0.00005000,0.06152000
2025-07-02 16:00:00.003,0.00005000,0.06245000
2025-07-02 20:00:00.000,0.00005000,0.06070436
2025-07-03 00:00:00.006,0.00005000,0.05988000
2025-07-03 04:00:00.002,0.00005000,0.05500658
2025-07-03 08:00:00.003,0.00005000,0.06092641
2025-07-03 12:00:00.001,0.00005000,0.06151589
2025-07-03 16:00:00.003,0.00005000,0.06144000
2025-07-03 20:00:00.000,0.00005000,0.06205000
2025-07-04 00:00:00.005,0.00005000,0.06160052
2025-07-04 04:00:00.002,0.00005000,0.06113310
2025-07-04 08:00:00.003,0.00005000,0.06124479
2025-07-04 12:00:00.000,0.00005000,0.06193824
2025-07-04 16:00:00.001,0.00005000,0.06100007
2025-07-04 20:00:00.000,0.00005000,0.06003020
2025-07-05 00:00:00.004,0.00003457,0.05776000
2025-07-05 04:00:00.005,0.00005000,0.05939223
2025-07-05 08:00:00.009,0.00005000,0.05935000
2025-07-05 12:00:00.000,0.00005000,0.05970196
2025-07-05 16:00:00.006,0.00005000,0.05859080
2025-07-05 20:00:00.000,-0.00005329,0.06002363
2025-07-06 00:00:00.001,0.00005000,0.05958043
2025-07-06 04:00:00.000,0.00005000,0.05911000
2025-07-06 08:00:00.002,0.00005000,0.05912000
2025-07-06 12:00:00.001,-0.00004794,0.06091467
2025-07-06 16:00:00.004,0.00005000,0.06071000
2025-07-06 20:00:00.006,0.00005000,0.06201000
2025-07-07 00:00:00.000,-0.00001090,0.06191542
2025-07-07 04:00:00.000,0.00005000,0.06197000
2025-07-07 08:00:00.007,0.00005000,0.06216000
2025-07-07 12:00:00.000,0.00005000,0.06191000
2025-07-07 16:00:00.000,0.00005000,0.06212011
2025-07-07 20:00:00.013,0.00005000,0.06212000
2025-07-08 00:00:00.010,0.00005000,0.06167000
2025-07-08 04:00:00.000,0.00005000,0.06195222
2025-07-08 08:00:00.003,0.00005000,0.06202000
2025-07-08 12:00:00.004,0.00000745,0.06199000
2025-07-08 16:00:00.000,0.00000808,0.06048000
2025-07-08 20:00:00.002,-0.00003064,0.06180000
2025-07-09 00:00:00.002,-0.00004336,0.06191000
2025-07-09 04:00:00.010,0.00005000,0.06332000
2025-07-09 08:00:00.006,0.00005000,0.06190514
2025-07-09 12:00:00.000,0.00004394,0.06199798
2025-07-09 16:00:00.001,0.00005000,0.06213238
2025-07-09 20:00:00.007,0.00005000,0.06335000
2025-07-10 00:00:00.003,0.00005000,0.06259091
2025-07-10 04:00:00.001,0.00005000,0.06407885
2025-07-10 08:00:00.000,0.00005000,0.06291000
2025-07-10 12:00:00.001,0.00005000,0.06053771
2025-07-10 16:00:00.004,0.00005000,0.05877000
2025-07-10 20:00:00.000,0.00005000,0.05852000
2025-07-11 00:00:00.004,0.00005000,0.06177614
2025-07-11 04:00:00.001,0.00005000,0.06360929
2025-07-11 08:00:00.007,0.00005000,0.06316856
2025-07-11 12:00:00.000,0.00005000,0.06382886
2025-07-11 16:00:00.001,0.00005000,0.06229697
2025-07-11 20:00:00.006,0.00005000,0.05899631
2025-07-12 00:00:00.000,0.00005000,0.05530732
2025-07-12 04:00:00.005,0.00005000,0.05547983
2025-07-12 08:00:00.001,0.00005000,0.05395475
2025-07-12 12:00:00.007,0.00005000,0.05642461
2025-07-12 16:00:00.002,0.00005000,0.05499000
2025-07-12 20:00:00.003,0.00005000,0.05905827
2025-07-13 00:00:00.006,0.00005000,0.06143882
2025-07-13 04:00:00.001,0.00005000,0.05809000
2025-07-13 08:00:00.001,0.00005000,0.05870261
2025-07-13 12:00:00.003,0.00005000,0.05898071
2025-07-13 16:00:00.003,0.00005000,0.05748991
2025-07-13 20:00:00.008,0.00005000,0.05677129
2025-07-14 00:00:00.000,0.00005000,0.05500350
2025-07-14 04:00:00.000,0.00005000,0.05654000
2025-07-14 08:00:00.000,0.00005000,0.05568523
2025-07-14 12:00:00.001,0.00005000,0.05526000
2025-07-14 16:00:00.000,0.00005000,0.05563007
2025-07-14 20:00:00.003,0.00005000,0.05842782
2025-07-15 00:00:00.002,0.00005000,0.05841047
2025-07-15 04:00:00.008,0.00005000,0.05945450
2025-07-15 08:00:00.000,0.00005000,0.05936022
2025-07-15 12:00:00.000,0.00005000,0.05788915
2025-07-15 16:00:00.000,0.00005000,0.05978000
2025-07-15 20:00:00.005,0.00005000,0.05899014
2025-07-16 00:00:00.000,0.00005000,0.05995429
2025-07-16 04:00:00.000,0.00005000,0.06010000
2025-07-16 08:00:00.000,0.00005000,0.06090366
2025-07-16 12:00:00.005,0.00005000,0.06160015
2025-07-16 16:00:00.008,0.00005000,0.06201682
2025-07-16 20:00:00.000,0.00005000,0.06215000
2025-07-17 00:00:00.003,0.00005000,0.06146000
2025-07-17 04:00:00.000,0.00005000,0.06202000
2025-07-17 08:00:00.000,0.00005000,0.06181120
2025-07-17 12:00:00.000,0.00005000,0.06088609
2025-07-17 16:00:00.000,0.00005000,0.06168000
2025-07-17 20:00:00.000,0.00005000,0.06120928
2025-07-18 00:00:00.004,0.00005000,0.06178881
2025-07-18 04:00:00.000,0.00005000,0.06148503
2025-07-18 08:00:00.000,0.00012310,0.06241674
2025-07-18 12:00:00.000,0.00008345,0.06270474
2025-07-18 16:00:00.000,0.00005000,0.06158000
2025-07-18 20:00:00.010,0.00005000,0.06107964
2025-07-19 00:00:00.009,0.00005000,0.06041000
2025-07-19 04:00:00.000,0.00005000,0.06084371
2025-07-19 08:00:00.000,0.00005000,0.06077000
2025-07-19 12:00:00.000,0.00005000,0.06065334
2025-07-19 16:00:00.002,0.00005000,0.06101000
2025-07-19 20:00:00.002,0.00005000,0.06186617
2025-07-20 00:00:00.000,0.00005000,0.06209000
2025-07-20 04:00:00.007,0.00005000,0.06132000
2025-07-20 08:00:00.000,0.00005000,0.06216000
2025-07-20 12:00:00.003,0.00005000,0.06199000
2025-07-20 16:00:00.000,0.00005000,0.06201000
2025-07-20 20:00:00.013,0.00005000,0.06157000
2025-07-21 00:00:00.001,0.00005000,0.06155177
2025-07-21 04:00:00.001,0.00005000,0.06204000
2025-07-21 08:00:00.000,0.00005000,0.06068560
2025-07-21 12:00:00.001,0.00005000,0.06043762
2025-07-21 16:00:00.001,0.00005000,0.06146000
2025-07-21 20:00:00.003,0.00005000,0.06212000
2025-07-22 00:00:00.000,0.00005000,0.06244000
2025-07-22 04:00:00.001,0.00005000,0.06278000
2025-07-22 08:00:00.010,0.00005000,0.06292000
2025-07-22 12:00:00.001,0.00005000,0.06263371
2025-07-22 16:00:00.007,0.00005000,0.06071716
2025-07-22 20:00:00.001,0.00005000,0.06056992
2025-07-23 00:00:00.000,0.00005000,0.06031603
2025-07-23 04:00:00.010,0.00005664,0.05874254
2025-07-23 08:00:00.004,0.00005000,0.05998000
2025-07-23 12:00:00.002,0.00005000,0.06034000
2025-07-23 16:00:00.002,0.00005000,0.06150000
2025-07-23 20:00:00.005,0.00005000,0.06151826
2025-07-24 00:00:00.000,0.00005000,0.06270161
2025-07-24 04:00:00.001,0.00005000,0.06136000
2025-07-24 08:00:00.001,0.00005000,0.06106938
2025-07-24 12:00:00.000,0.00005000,0.06090000
2025-07-24 16:00:00.000,0.00005000,0.06130000
2025-07-24 20:00:00.001,0.00005000,0.06193768
2025-07-25 00:00:00.000,0.00005000,0.06115655
2025-07-25 04:00:00.001,0.00005000,0.06034417
2025-07-25 08:00:00.000,0.00005000,0.06117236
2025-07-25 12:00:00.000,0.00005000,0.06102100
2025-07-25 16:00:00.000,0.00005000,0.06277238
2025-07-25 20:00:00.000,0.00005000,0.06298000
2025-07-26 00:00:00.001,0.00005000,0.06468000
2025-07-26 04:00:00.001,0.00005000,0.06764000
2025-07-26 08:00:00.005,0.00005000,0.06958000
2025-07-26 12:00:00.004,0.00005000,0.07225711
2025-07-26 16:00:00.001,0.00005000,0.07450000
2025-07-26 20:00:00.000,0.00005000,0.07493789
2025-07-27 00:00:00.001,0.00005000,0.07735490
2025-07-27 04:00:00.000,0.00005000,0.07533000
2025-07-27 08:00:00.000,0.00005000,0.07734093
2025-07-27 12:00:00.000,0.00005000,0.07965611
2025-07-27 16:00:00.008,0.00005000,0.07925450
2025-07-27 20:00:00.002,0.00005000,0.07814000
2025-07-28 00:00:00.005,0.00005000,0.07826751
2025-07-28 04:00:00.001,0.00005000,0.07874000
2025-07-28 08:00:00.000,0.00005000,0.07867936
2025-07-28 12:00:00.000,0.00005000,0.08037262
2025-07-28 16:00:00.000,0.00005000,0.08024683
2025-07-28 20:00:00.005,0.00005000,0.07180000
2025-07-29 00:00:00.001,0.00005000,0.06757184
2025-07-29 04:00:00.001,0.00005000,0.06447777
2025-07-29 08:00:00.000,0.00005000,0.06516000
2025-07-29 12:00:00.001,0.00005000,0.06322126
2025-07-29 16:00:00.000,0.00005000,0.05963646
2025-07-29 20:00:00.000,0.00005000,0.05966854
2025-07-30 00:00:00.011,0.00005000,0.05982000
2025-07-30 04:00:00.000,0.00005000,0.05819000
2025-07-30 08:00:00.000,0.00005000,0.06009589
2025-07-30 12:00:00.003,0.00005000,0.06103250
2025-07-30 16:00:00.008,0.00005000,0.06022010
2025-07-30 20:00:00.000,0.00005000,0.05998587
2025-07-31 00:00:00.000,0.00005000,0.06000000
2025-07-31 04:00:00.010,0.00005000,0.06002000
2025-07-31 08:00:00.009,0.00005000,0.06012000
2025-07-31 12:00:00.003,0.00005000,0.06003000
2025-07-31 16:00:00.000,0.00005000,0.06014000
2025-07-31 20:00:00.000,0.00005000,0.05992345
2025-08-01 00:00:00.001,0.00005000,0.05989460
2025-08-01 04:00:00.000,0.00005000,0.05895270
2025-08-01 08:00:00.003,0.00005000,0.05848275
2025-08-01 12:00:00.001,0.00005000,0.05827000
2025-08-01 16:00:00.000,0.00005000,0.05806617
2025-08-01 20:00:00.004,0.00005000,0.05991000
2025-08-02 00:00:00.004,0.00005000,0.06007876
2025-08-02 04:00:00.000,0.00005000,0.06009092
2025-08-02 08:00:00.000,0.00005000,0.05891843
2025-08-02 12:00:00.005,0.00005000,0.06001000
2025-08-02 16:00:00.000,0.00005000,0.06005000
2025-08-02 20:00:00.001,0.00005000,0.06000068
2025-08-03 00:00:00.000,0.00005000,0.05867000
2025-08-03 04:00:00.000,0.00005000,0.05959687
2025-08-03 08:00:00.000,0.00005000,0.05983079
2025-08-03 12:00:00.001,0.00005000,0.06009000
2025-08-03 16:00:00.003,0.00005000,0.06000000
2025-08-03 20:00:00.002,0.00005000,0.06011519
2025-08-04 00:00:00.004,0.00005000,0.05993000
2025-08-04 04:00:00.000,0.00005574,0.05992000
2025-08-04 08:00:00.000,0.00005000,0.05991791
2025-08-04 12:00:00.006,0.00005000,0.05982215
2025-08-04 16:00:00.002,0.00005000,0.06006000
2025-08-04 20:00:00.007,0.00005000,0.05991000
2025-08-05 00:00:00.000,0.00005000,0.06109925
2025-08-05 04:00:00.000,0.00005000,0.06023000
2025-08-05 08:00:00.000,0.00005000,0.06034000
2025-08-05 12:00:00.004,0.00005000,0.06051000
2025-08-05 16:00:00.000,0.00005000,0.06016168
2025-08-05 20:00:00.003,0.00005000,0.05958268
2025-08-06 00:00:00.005,0.00005000,0.06001361
2025-08-06 04:00:00.000,0.00005000,0.05982888
2025-08-06 08:00:00.000,0.00005000,0.05979045
2025-08-06 12:00:00.000,0.00005000,0.06031000
2025-08-06 16:00:00.000,0.00005000,0.06002777
2025-08-06 20:00:00.000,0.00005000,0.05974641
2025-08-07 00:00:00.003,0.00005000,0.05990000
2025-08-07 04:00:00.004,0.00005000,0.05962000
2025-08-07 08:00:00.002,0.00005000,0.05994765
2025-08-07 12:00:00.001,0.00005000,0.05953000
2025-08-07 16:00:00.002,0.00005000,0.05940682
2025-08-07 20:00:00.001,0.00005000,0.05950000
2025-08-08 00:00:00.002,0.00005000,0.05876882
2025-08-08 04:00:00.010,0.00079595,0.05647553
2025-08-08 08:00:00.004,0.00009566,0.05992538
2025-08-08 12:00:00.003,0.00005000,0.05980000
2025-08-08 16:00:00.000,0.00035507,0.06002927
2025-08-08 20:00:00.004,0.00030882,0.06084762
2025-08-09 00:00:00.005,0.00008878,0.06021802
2025-08-09 04:00:00.015,0.00006602,0.06016000
2025-08-09 08:00:00.000,0.00005000,0.06028974
2025-08-09 12:00:00.003,0.00005000,0.06031951
2025-08-09 16:00:00.007,0.00005000,0.06017000
2025-08-09 20:00:00.000,0.00008580,0.05977000
2025-08-10 00:00:00.003,0.00005000,0.05998000
2025-08-10 04:00:00.006,0.00012315,0.05982000
2025-08-10 08:00:00.005,0.00005000,0.05971413
2025-08-10 12:00:00.006,0.00005000,0.05955000
2025-08-10 16:00:00.002,0.00005000,0.05954000
2025-08-10 20:00:00.000,0.00005000,0.05979000
2025-08-11 00:00:00.000,0.00005000,0.06024000
2025-08-11 04:00:00.000,0.00005000,0.06057140
2025-08-11 08:00:00.000,0.00006255,0.06060000
2025-08-11 12:00:00.000,0.00005000,0.05966000
2025-08-11 16:00:00.000,0.00005000,0.05978000
2025-08-11 20:00:00.000,0.00005000,0.05998480
2025-08-12 00:00:00.000,0.00005000,0.05972940
2025-08-12 04:00:00.001,0.00005000,0.05988000
2025-08-12 08:00:00.001,0.00005000,0.05981124
2025-08-12 12:00:00.000,0.00008452,0.05984272
2025-08-12 16:00:00.005,0.00005000,0.06064313
2025-08-12 20:00:00.000,0.00005000,0.05949649
2025-08-13 00:00:00.000,0.00024118,0.05946061
2025-08-13 04:00:00.000,0.00009290,0.05956720
2025-08-13 08:00:00.002,0.00011345,0.05970891
2025-08-13 12:00:00.000,0.00023627,0.05975000
2025-08-13 16:00:00.006,0.00015472,0.05945108
2025-08-13 20:00:00.001,0.00005000,0.05962984
2025-08-14 00:00:00.002,0.00005000,0.05931000
2025-08-14 04:00:00.009,0.00026583,0.05981000
2025-08-14 08:00:00.003,0.00018183,0.05987195
2025-08-14 12:00:00.001,0.00016175,0.05986000
2025-08-14 16:00:00.000,0.00005000,0.05931379
2025-08-14 20:00:00.002,0.00005000,0.05929846
2025-08-15 00:00:00.000,0.00005000,0.05963943
2025-08-15 04:00:00.000,0.00005000,0.05986000
2025-08-15 08:00:00.000,0.00005000,0.05994270
2025-08-15 12:00:00.001,0.00005000,0.05975925
2025-08-15 16:00:00.000,0.00005000,0.05952000
2025-08-15 20:00:00.007,0.00005000,0.05980000
2025-08-16 00:00:00.004,0.00005000,0.05950468
2025-08-16 04:00:00.000,0.00005000,0.05977000
2025-08-16 08:00:00.000,0.00015671,0.05977000
2025-08-16 12:00:00.004,0.00009199,0.05998000
2025-08-16 16:00:00.002,0.00005000,0.05998718
2025-08-16 20:00:00.006,0.00005000,0.05997000
2025-08-17 00:00:00.000,0.00005000,0.05993000
2025-08-17 04:00:00.000,0.00007698,0.06002453
2025-08-17 08:00:00.001,0.00005000,0.05993435
2025-08-17 12:00:00.002,0.00005000,0.05999357
2025-08-17 16:00:00.007,0.00005914,0.05995652
2025-08-17 20:00:00.001,0.00009922,0.05988000
2025-08-18 00:00:00.000,0.00005000,0.05994000
2025-08-18 04:00:00.010,0.00005000,0.05928000
2025-08-18 08:00:00.001,0.00005000,0.05862000
2025-08-18 12:00:00.002,0.00005000,0.05873103
2025-08-18 16:00:00.002,0.00005000,0.05956000
2025-08-18 20:00:00.007,0.00005000,0.06001000
2025-08-19 00:00:00.000,0.00005000,0.05993891
2025-08-19 04:00:00.000,0.00005000,0.06004686
2025-08-19 08:00:00.001,0.00005000,0.05983000
2025-08-19 12:00:00.001,0.00005000,0.05952000
2025-08-19 16:00:00.000,0.00005000,0.05961000
2025-08-19 20:00:00.000,0.00005000,0.05988000
2025-08-20 00:00:00.000,0.00005000,0.05955850
2025-08-20 04:00:00.000,0.00005000,0.05961793
2025-08-20 08:00:00.000,0.00005000,0.05971566
2025-08-20 12:00:00.002,0.00005000,0.05964000
2025-08-20 16:00:00.000,0.00005000,0.06178340
2025-08-20 20:00:00.001,0.00005000,0.06502232
2025-08-21 00:00:00.006,0.00005000,0.06500789
2025-08-21 04:00:00.003,0.00005000,0.05897607
2025-08-21 08:00:00.000,0.00005156,0.05975000
2025-08-21 12:00:00.009,0.00005000,0.06291000
2025-08-21 16:00:00.003,0.00005000,0.05945549
2025-08-21 20:00:00.000,0.00005000,0.05958050
2025-08-22 00:00:00.010,0.00005000,0.05948000
2025-08-22 04:00:00.003,0.00005000,0.06000203
2025-08-22 08:00:00.007,0.00005000,0.06006531
2025-08-22 12:00:00.001,0.00005000,0.05972488
2025-08-22 16:00:00.001,0.00005000,0.05989328
2025-08-22 20:00:00.004,0.00005000,0.05954000
2025-08-23 00:00:00.004,0.00005000,0.05885000
2025-08-23 04:00:00.000,0.00005000,0.06102842
2025-08-23 08:00:00.006,0.00005000,0.06129339
2025-08-23 12:00:00.000,0.00005000,0.06082000
2025-08-23 16:00:00.000,0.00005000,0.06202000
2025-08-23 20:00:00.005,0.00005000,0.06359970
2025-08-24 00:00:00.001,0.00005000,0.06404000
2025-08-24 04:00:00.000,0.00007508,0.06639000
2025-08-24 08:00:00.002,0.00005000,0.06732000
2025-08-24 12:00:00.003,0.00005000,0.06766000
2025-08-24 16:00:00.001,0.00005000,0.06067696
2025-08-24 20:00:00.008,0.00005000,0.06015717
2025-08-25 00:00:00.000,0.00005000,0.05974000
2025-08-25 04:00:00.001,0.00005000,0.06019000
2025-08-25 08:00:00.002,0.00005000,0.06020758
2025-08-25 12:00:00.000,0.00019797,0.06015000
2025-08-25 16:00:00.002,0.00005000,0.05981000
2025-08-25 20:00:00.003,0.00005000,0.05970987
2025-08-26 00:00:00.000,0.00005000,0.05910806
2025-08-26 04:00:00.007,0.00005000,0.06195893
2025-08-26 08:00:00.000,0.00005000,0.06145821
2025-08-26 12:00:00.001,0.00005000,0.06170000
2025-08-26 16:00:00.000,0.00005000,0.06194863
2025-08-26 20:00:00.000,0.00005000,0.06142000
2025-08-27 00:00:00.003,0.00005000,0.06196582
2025-08-27 04:00:00.000,0.00005000,0.06453017
2025-08-27 08:00:00.000,0.00005000,0.06442232
2025-08-27 12:00:00.003,0.00005000,0.06660267
2025-08-27 16:00:00.009,0.00005000,0.07022334
2025-08-27 20:00:00.001,0.00005000,0.07013000
2025-08-28 00:00:00.000,0.00005000,0.06751552
2025-08-28 04:00:00.000,0.00005000,0.06056679
2025-08-28 08:00:00.005,0.00005000,0.06038797
2025-08-28 12:00:00.000,0.00005000,0.06046519
2025-08-28 16:00:00.004,0.00005000,0.06035000
2025-08-28 20:00:00.003,0.00005000,0.05972907
2025-08-29 00:00:00.000,0.00005000,0.05952000
2025-08-29 04:00:00.008,0.00005000,0.05930000
2025-08-29 08:00:00.000,0.00005000,0.05954139
2025-08-29 12:00:00.010,0.00005000,0.05972651
2025-08-29 16:00:00.005,0.00006074,0.06026120
2025-08-29 20:00:00.000,0.00005000,0.05977869
2025-08-30 00:00:00.000,0.00005000,0.05976086
2025-08-30 04:00:00.000,0.00005000,0.05985513
2025-08-30 08:00:00.002,0.00005000,0.05931606
2025-08-30 12:00:00.006,0.00005000,0.05923546
2025-08-30 16:00:00.003,0.00005000,0.05931000
2025-08-30 20:00:00.000,0.00005000,0.05899647
2025-08-31 00:00:00.016,0.00014157,0.06005555
2025-08-31 04:00:00.000,0.00005000,0.05996128
2025-08-31 08:00:00.000,0.00005000,0.06037784
2025-08-31 12:00:00.003,0.00005000,0.06030345
2025-08-31 16:00:00.001,0.00005000,0.05980963
2025-08-31 20:00:00.000,0.00005000,0.06011000
2025-09-01 00:00:00.000,0.00005000,0.05982214
2025-09-01 04:00:00.005,0.00005000,0.05968757
2025-09-01 08:00:00.000,0.00005000,0.05905928
2025-09-01 12:00:00.014,0.00005000,0.05842978
2025-09-01 16:00:00.001,0.00005000,0.06007000
2025-09-01 20:00:00.008,0.00005000,0.05982323
2025-09-02 00:00:00.000,0.00005000,0.06133000
2025-09-02 04:00:00.009,0.00005000,0.06271000
2025-09-02 08:00:00.005,0.00005000,0.06164412
2025-09-02 12:00:00.003,0.00005000,0.06111000
2025-09-02 16:00:00.007,0.00005000,0.06168067
2025-09-02 20:00:00.001,0.00005000,0.06387469
2025-09-03 00:00:00.006,0.00005000,0.06393000
2025-09-03 04:00:00.003,0.00005000,0.06781186
2025-09-03 08:00:00.002,0.00005000,0.06780000
2025-09-03 12:00:00.000,0.00005000,0.07361749
2025-09-03 16:00:00.002,0.00005000,0.07421278
2025-09-03 20:00:00.006,0.00005000,0.07146263
2025-09-04 00:00:00.002,0.00005000,0.06893000
2025-09-04 04:00:00.000,0.00006438,0.06802423
2025-09-04 08:00:00.000,0.00005000,0.06851000
2025-09-04 12:00:00.002,0.00005000,0.06798862
2025-09-04 16:00:00.000,0.00005000,0.06767197
2025-09-04 20:00:00.000,0.00005000,0.06758000
2025-09-05 00:00:00.001,0.00005000,0.06750223
2025-09-05 04:00:00.000,0.00005000,0.06828952
2025-09-05 08:00:00.006,0.00005000,0.06842000
2025-09-05 12:00:00.001,0.00005000,0.06895620
2025-09-05 16:00:00.000,0.00005000,0.06762000
2025-09-05 20:00:00.000,0.00005000,0.06773000
2025-09-06 00:00:00.000,0.00005000,0.06758035
2025-09-06 04:00:00.000,0.00005000,0.06823580
2025-09-06 08:00:00.005,0.00005000,0.06883674
2025-09-06 12:00:00.000,0.00005000,0.06894000
2025-09-06 16:00:00.000,0.00005000,0.06846000
2025-09-06 20:00:00.001,0.00005000,0.06810000
2025-09-07 00:00:00.000,0.00005000,0.06854625
2025-09-07 04:00:00.008,0.00005000,0.06822000
2025-09-07 08:00:00.000,0.00005000,0.06847955
2025-09-07 12:00:00.000,0.00005000,0.06820137
2025-09-07 16:00:00.000,0.00005000,0.06883973
2025-09-07 20:00:00.003,0.00005000,0.06903000
2025-09-08 00:00:00.007,0.00005000,0.06747000
2025-09-08 04:00:00.008,0.00005000,0.06786000
2025-09-08 08:00:00.000,0.00005000,0.06707764
2025-09-08 12:00:00.005,0.00005000,0.06787000
2025-09-08 16:00:00.000,0.00005000,0.06811756
2025-09-08 20:00:00.001,0.00005000,0.06802465
2025-09-09 00:00:00.000,0.00005000,0.06788048
2025-09-09 04:00:00.000,0.00005000,0.06748379
2025-09-09 08:00:00.000,0.00005000,0.06675143
2025-09-09 12:00:00.004,0.00005000,0.06685000
2025-09-09 16:00:00.000,0.00005000,0.06809914
2025-09-09 20:00:00.000,0.00005000,0.06785000
2025-09-10 00:00:00.000,0.00005000,0.06692000
2025-09-10 04:00:00.001,0.00005000,0.06744000
2025-09-10 08:00:00.002,0.00005000,0.06801921
2025-09-10 12:00:00.004,0.00005000,0.06791794
2025-09-10 16:00:00.000,0.00005000,0.06696945
2025-09-10 20:00:00.007,0.00005000,0.06713000
2025-09-11 00:00:00.000,0.00005000,0.06687000
2025-09-11 04:00:00.003,0.00005000,0.06620783
2025-09-11 08:00:00.000,0.00005000,0.06628417
2025-09-11 12:00:00.005,0.00005000,0.06741533
2025-09-11 16:00:00.001,0.00005000,0.06795488
2025-09-11 20:00:00.001,0.00005000,0.06625482
2025-09-12 00:00:00.002,0.00005000,0.06768242
2025-09-12 04:00:00.004,0.00005000,0.06777646
2025-09-12 08:00:00.001,0.00005000,0.06776881
2025-09-12 12:00:00.001,0.00005000,0.06758304
2025-09-12 16:00:00.005,0.00005000,0.06723354
2025-09-12 20:00:00.000,0.00005000,0.06792252
2025-09-13 00:00:00.005,0.00005565,0.06826065
2025-09-13 04:00:00.002,0.00007638,0.06830914
2025-09-13 08:00:00.002,0.00005000,0.06850275
2025-09-13 12:00:00.005,0.00028593,0.06873708
2025-09-13 16:00:00.000,0.00006123,0.06807000
2025-09-13 20:00:00.001,0.00022937,0.06828000
2025-09-14 00:00:00.006,0.00006275,0.06856568
2025-09-14 04:00:00.001,0.00020128,0.06875000
2025-09-14 08:00:00.000,0.00006553,0.06855000
2025-09-14 12:00:00.004,0.00005000,0.06830000
2025-09-14 16:00:00.001,0.00005000,0.06905462
2025-09-14 20:00:00.000,0.00005000,0.06894714
2025-09-15 00:00:00.006,0.00018150,0.06905000
2025-09-15 04:00:00.000,0.00005000,0.06806785
2025-09-15 08:00:00.002,0.00005000,0.06816000
2025-09-15 12:00:00.003,0.00005000,0.06833000
2025-09-15 16:00:00.001,0.00005000,0.06814000
2025-09-15 20:00:00.001,0.00005000,0.06830000
2025-09-16 00:00:00.001,0.00005000,0.06814000
2025-09-16 04:00:00.000,0.00005000,0.06834798
2025-09-16 08:00:00.000,0.00005000,0.06859000
2025-09-16 12:00:00.002,0.00005000,0.06825000
2025-09-16 16:00:00.000,0.00005000,0.06808789
2025-09-16 20:00:00.004,0.00005000,0.06888000
2025-09-17 00:00:00.001,0.00005000,0.06834616
2025-09-17 04:00:00.004,0.00005000,0.06748668
2025-09-17 08:00:00.000,0.00005000,0.06771000
2025-09-17 12:00:00.000,0.00005000,0.06794288
2025-09-17 16:00:00.003,0.00005000,0.06737068
2025-09-17 20:00:00.000,0.00005000,0.06820000
2025-09-18 00:00:00.006,0.00005000,0.06907472
2025-09-18 04:00:00.001,0.00006589,0.06899221
2025-09-18 08:00:00.002,0.00005000,0.06758605
2025-09-18 12:00:00.000,0.00005000,0.06828000
2025-09-18 16:00:00.000,0.00005000,0.06748459
2025-09-18 20:00:00.008,0.00005000,0.06681226
2025-09-19 00:00:00.000,0.00005000,0.06791355
2025-09-19 04:00:00.003,0.00005000,0.07076806
2025-09-19 08:00:00.005,0.00005000,0.07081000
2025-09-19 12:00:00.000,0.00005000,0.07152693
2025-09-19 16:00:00.000,0.00005000,0.07584182
2025-09-19 20:00:00.004,0.00005000,0.09018269
2025-09-20 00:00:00.000,0.00022542,0.11959000
2025-09-20 04:00:00.000,0.00028395,0.12829991
2025-09-20 08:00:00.000,0.00038589,0.12917203
2025-09-20 12:00:00.008,0.00005000,0.10361174
2025-09-20 16:00:00.002,0.00005000,0.08947929
2025-09-20 20:00:00.000,0.00005000,0.08480640
2025-09-21 00:00:00.000,0.00005000,0.07830946
2025-09-21 04:00:00.002,0.00005000,0.08100366
2025-09-21 08:00:00.000,0.00005000,0.07659000
2025-09-21 12:00:00.002,0.00005000,0.07885000
2025-09-21 16:00:00.000,0.00005000,0.07830214
2025-09-21 20:00:00.000,0.00005000,0.08027003
2025-09-22 00:00:00.005,0.00005000,0.07937126
2025-09-22 04:00:00.000,0.00005000,0.08299165
2025-09-22 08:00:00.003,0.00005000,0.08458180
2025-09-22 12:00:00.005,0.00005000,0.08001659
2025-09-22 16:00:00.000,0.00005000,0.08449000
2025-09-22 20:00:00.001,0.00005000,0.08288645
2025-09-23 00:00:00.000,0.00005000,0.08547000
2025-09-23 04:00:00.012,0.00005000,0.08473720
2025-09-23 08:00:00.001,0.00005000,0.08184628
2025-09-23 12:00:00.000,0.00005000,0.08499245
2025-09-23 16:00:00.000,0.00005000,0.08501295
2025-09-23 20:00:00.001,0.00005000,0.08528881
2025-09-24 00:00:00.003,0.00005000,0.08342000
2025-09-24 04:00:00.000,0.00005000,0.08525562
2025-09-24 08:00:00.001,0.00005000,0.08510000
2025-09-24 12:00:00.001,0.00005408,0.08753000
2025-09-24 16:00:00.002,0.00007839,0.08681491
2025-09-24 20:00:00.001,0.00005000,0.08588183
2025-09-25 00:00:00.000,0.00005000,0.08628826
2025-09-25 04:00:00.000,0.00005879,0.08713369
2025-09-25 08:00:00.001,0.00005000,0.10425000
2025-09-25 12:00:00.000,0.00005000,0.08776226
2025-09-25 16:00:00.000,0.00005000,0.08381640
2025-09-25 20:00:00.000,0.00005000,0.08603465
2025-09-26 00:00:00.000,0.00005000,0.08713000
2025-09-26 04:00:00.002,0.00005000,0.08599797
2025-09-26 08:00:00.000,0.00005000,0.08908924
2025-09-26 12:00:00.000,0.00005000,0.08712000
2025-09-26 16:00:00.008,0.00005000,0.08682581
2025-09-26 20:00:00.005,0.00005000,0.08729000
2025-09-27 00:00:00.000,0.00005000,0.08599307
2025-09-27 04:00:00.000,0.00005000,0.08890663
2025-09-27 08:00:00.010,0.00010024,0.09304000
2025-09-27 12:00:00.003,0.00013269,0.08873726
2025-09-27 16:00:00.003,0.00005000,0.09116149
2025-09-27 20:00:00.002,0.00009916,0.09228000
2025-09-28 00:00:00.000,0.00005000,0.09061000
2025-09-28 04:00:00.002,0.00005000,0.08942852
2025-09-28 08:00:00.000,0.00006183,0.08820000
2025-09-28 12:00:00.000,0.00006780,0.08731000
2025-09-28 16:00:00.000,0.00018344,0.08658000
2025-09-28 20:00:00.004,0.00015022,0.08508172
2025-09-29 00:00:00.000,0.00012737,0.08542583
2025-09-29 04:00:00.000,0.00005013,0.08419621
2025-09-29 08:00:00.002,0.00005000,0.08494000
2025-09-29 12:00:00.000,0.00005000,0.08468000
2025-09-29 16:00:00.001,0.00005000,0.08298617
2025-09-29 20:00:00.000,0.00005000,0.09047000
2025-09-30 00:00:00.002,0.00005041,0.08735000
2025-09-30 04:00:00.000,0.00005000,0.08555000
2025-09-30 08:00:00.005,0.00005000,0.08497000
2025-09-30 12:00:00.000,0.00005000,0.08337573
2025-09-30 16:00:00.000,0.00005000,0.08341000
2025-09-30 20:00:00.000,0.00005000,0.08598000
2025-10-01 00:00:00.000,0.00005000,0.08464582
2025-10-01 04:00:00.008,0.00005000,0.08282353
2025-10-01 08:00:00.000,0.00005000,0.08296131
2025-10-01 12:00:00.007,0.00005000,0.08293000
2025-10-01 16:00:00.000,0.00005000,0.08372605
2025-10-01 20:00:00.001,0.00005166,0.08373487
2025-10-02 00:00:00.000,0.00005000,0.08371334
2025-10-02 04:00:00.001,0.00006192,0.08409000
2025-10-02 08:00:00.013,0.00005000,0.08409000
2025-10-02 12:00:00.000,0.00005000,0.08402105
2025-10-02 16:00:00.000,0.00005996,0.08397000
2025-10-02 20:00:00.000,0.00005000,0.08294282
2025-10-03 00:00:00.006,0.00005000,0.08292000
2025-10-03 04:00:00.000,0.00005000,0.08392000
2025-10-03 08:00:00.006,0.00006255,0.08407000
2025-10-03 12:00:00.000,0.00011501,0.08388920
2025-10-03 16:00:00.000,0.00005000,0.08414000
2025-10-03 20:00:00.002,0.00005000,0.08390000
2025-10-04 00:00:00.001,0.00011565,0.08393000
2025-10-04 04:00:00.006,0.00017911,0.08395000
2025-10-04 08:00:00.000,0.00024257,0.08398967
2025-10-04 12:00:00.000,0.00005000,0.08107643
2025-10-04 16:00:00.000,0.00006773,0.08584873
2025-10-04 20:00:00.003,0.00014346,0.09166000
2025-10-05 00:00:00.000,0.00024902,0.10206000
2025-10-05 04:00:00.000,0.00016528,0.10617584
2025-10-05 08:00:00.003,0.00044328,0.10578463
2025-10-05 12:00:00.000,0.00021333,0.10173851
2025-10-05 16:00:00.009,0.00044455,0.10965000
2025-10-05 20:00:00.004,0.00018231,0.12040000
2025-10-06 00:00:00.004,0.00069670,0.10384773
2025-10-06 04:00:00.003,0.00005000,0.08695000
2025-10-06 08:00:00.002,0.00005000,0.08595000
2025-10-06 12:00:00.000,0.00008140,0.08891000
2025-10-06 16:00:00.004,0.00059730,0.10060000
2025-10-06 20:00:00.002,0.00005000,0.08508000
2025-10-07 00:00:00.000,0.00005000,0.08490000
2025-10-07 04:00:00.001,0.00005000,0.08392410
2025-10-07 08:00:00.003,0.00005000,0.08388000
2025-10-07 12:00:00.005,0.00005000,0.08408471
2025-10-07 16:00:00.000,0.00005000,0.08259689
2025-10-07 20:00:00.002,0.00005000,0.08501000
2025-10-08 00:00:00.000,0.00005000,0.08489819
2025-10-08 04:00:00.002,0.00005000,0.08503385
2025-10-08 08:00:00.006,0.00005000,0.08491933
2025-10-08 12:00:00.003,0.00005000,0.08633000
2025-10-08 16:00:00.002,0.00010409,0.08639859
2025-10-08 20:00:00.000,0.00025157,0.08851000
2025-10-09 00:00:00.001,0.00029327,0.08906059
2025-10-09 04:00:00.003,0.00022321,0.08903000
2025-10-09 08:00:00.000,0.00012147,0.08892000
2025-10-09 12:00:00.002,0.00015117,0.08845918
2025-10-09 16:00:00.000,0.00011645,0.08874000
2025-10-09 20:00:00.010,0.00021880,0.08881000
2025-10-10 00:00:00.005,0.00015596,0.08744230
2025-10-10 04:00:00.001,0.00005000,0.08771365
2025-10-10 08:00:00.002,0.00015605,0.08900000
2025-10-10 12:00:00.004,0.00005000,0.08901007
2025-10-10 16:00:00.014,0.00006413,0.08861614
2025-10-10 20:00:00.003,0.00015334,0.08959000
2025-10-11 00:00:00.000,-0.00044082,0.03697084
2025-10-11 04:00:00.000,0.00005000,0.03310915
2025-10-11 08:00:00.003,0.00005000,0.03390590
2025-10-11 12:00:00.003,0.00001277,0.03675000
2025-10-11 16:00:00.000,0.00002655,0.04150000
2025-10-11 20:00:00.001,0.00005000,0.03761471
2025-10-12 00:00:00.004,0.00005000,0.03347066
2025-10-12 04:00:00.001,-0.00005385,0.02672900
2025-10-12 08:00:00.002,-0.00024429,0.02646316
2025-10-12 12:00:00.001,-0.00058181,0.02703000
2025-10-12 16:00:00.000,-0.00020534,0.03081837
2025-10-12 20:00:00.000,-0.00001955,0.03297000
2025-10-13 00:00:00.003,0.00001293,0.03156000
2025-10-13 04:00:00.000,-0.00019899,0.03164967
2025-10-13 08:00:00.002,-0.00007806,0.03246000
2025-10-13 12:00:00.001,0.00002597,0.03091833
2025-10-13 16:00:00.003,-0.00006841,0.03004000
2025-10-13 20:00:00.002,0.00003916,0.03127000
2025-10-14 00:00:00.000,0.00005000,0.03146000
2025-10-14 04:00:00.000,0.00001857,0.03030707
2025-10-14 08:00:00.000,-0.00023170,0.02719956
2025-10-14 12:00:00.000,-0.00029902,0.02737440
2025-10-14 16:00:00.000,0.00005000,0.02738567
2025-10-14 20:00:00.000,0.00000081,0.02786778
2025-10-15 00:00:00.006,0.00003269,0.02834000
2025-10-15 04:00:00.001,0.00001217,0.02804000
2025-10-15 08:00:00.002,-0.00001198,0.02942137
2025-10-15 12:00:00.005,-0.00000788,0.02765105
2025-10-15 16:00:00.000,-0.00007598,0.02758511
2025-10-15 20:00:00.004,0.00003356,0.02872178
2025-10-16 00:00:00.000,0.00005000,0.02869000
2025-10-16 04:00:00.000,0.00005000,0.02769829
2025-10-16 08:00:00.003,0.00005000,0.02764983
2025-10-16 12:00:00.000,-0.00003831,0.02674123
2025-10-16 16:00:00.002,0.00005000,0.02602238
2025-10-16 20:00:00.003,0.00005000,0.02615009
2025-10-17 00:00:00.001,0.00005000,0.02653000
2025-10-17 04:00:00.001,0.00005000,0.02640239
2025-10-17 08:00:00.005,0.00005000,0.02377000
2025-10-17 12:00:00.000,0.00005000,0.02429000
2025-10-17 16:00:00.003,0.00005000,0.02509000
2025-10-17 20:00:00.004,0.00005000,0.02501228
2025-10-18 00:00:00.000,0.00005000,0.02504979
2025-10-18 04:00:00.000,0.00005000,0.02560613
2025-10-18 08:00:00.002,0.00005000,0.02647000
2025-10-18 12:00:00.007,0.00005000,0.02651000
2025-10-18 16:00:00.001,0.00005000,0.02516279
2025-10-18 20:00:00.000,0.00005000,0.02563000
2025-10-19 00:00:00.001,0.00005000,0.02602000
2025-10-19 04:00:00.000,0.00005000,0.02591000
2025-10-19 08:00:00.001,0.00005000,0.02560082
2025-10-19 12:00:00.000,0.00005000,0.02583000
2025-10-19 16:00:00.001,0.00005000,0.02648000
2025-10-19 20:00:00.000,0.00005000,0.02660366
2025-10-20 00:00:00.004,0.00005000,0.02613000
2025-10-20 04:00:00.000,0.00005000,0.02680000
2025-10-20 08:00:00.001,0.00005000,0.02666991
2025-10-20 12:00:00.000,0.00005000,0.02622626
2025-10-20 16:00:00.000,0.00005000,0.02599000
2025-10-20 20:00:00.000,0.00005000,0.02552000
2025-10-21 00:00:00.009,0.00005000,0.02554783
2025-10-21 04:00:00.003,0.00005000,0.02503155
2025-10-21 08:00:00.000,0.00005000,0.02448000
2025-10-21 12:00:00.000,0.00005000,0.02438000
2025-10-21 16:00:00.000,0.00005000,0.02558434
2025-10-21 20:00:00.001,0.00005000,0.02495000
2025-10-22 00:00:00.004,0.00005000,0.02335343
2025-10-22 04:00:00.000,0.00005000,0.02327781
2025-10-22 08:00:00.000,0.00005000,0.02350000
2025-10-22 12:00:00.000,0.00005000,0.02309014
2025-10-22 16:00:00.000,0.00005000,0.02325323
2025-10-22 20:00:00.004,0.00005000,0.02302571
2025-10-23 00:00:00.000,0.00005000,0.02231000
2025-10-23 04:00:00.000,0.00005000,0.02269000
2025-10-23 08:00:00.001,0.00005000,0.02280000
2025-10-23 12:00:00.000,0.00005000,0.02264000
2025-10-23 16:00:00.004,0.00005000,0.02347000
2025-10-23 20:00:00.000,0.00005000,0.02395295
2025-10-24 00:00:00.000,0.00005000,0.02400947
2025-10-24 04:00:00.002,0.00005000,0.02394103
2025-10-24 08:00:00.000,0.00005000,0.02408510
2025-10-24 12:00:00.002,0.00005000,0.02379350
2025-10-24 16:00:00.009,0.00005000,0.02333000
2025-10-24 20:00:00.000,0.00005000,0.02344611
2025-10-25 00:00:00.000,0.00005000,0.02369000
2025-10-25 04:00:00.000,0.00005000,0.02337338
2025-10-25 08:00:00.001,0.00005000,0.02348048
2025-10-25 12:00:00.000,0.00005000,0.02330000
2025-10-25 16:00:00.001,0.00005000,0.02342231
2025-10-25 20:00:00.002,0.00005000,0.02375603
2025-10-26 00:00:00.001,0.00005000,0.02375777
2025-10-26 04:00:00.000,0.00005000,0.02351000
2025-10-26 08:00:00.001,0.00005000,0.02363490
2025-10-26 12:00:00.002,0.00005000,0.02435163
2025-10-26 16:00:00.000,0.00005000,0.02398987
2025-10-26 20:00:00.000,0.00005000,0.02368000
2025-10-27 00:00:00.000,0.00005000,0.02402308
2025-10-27 04:00:00.000,0.00005000,0.02403954
2025-10-27 08:00:00.005,0.00005000,0.02344919
2025-10-27 12:00:00.003,0.00005000,0.02316000
2025-10-27 16:00:00.000,0.00005000,0.02270000
2025-10-27 20:00:00.001,0.00005000,0.02258142
2025-10-28 00:00:00.000,0.00004947,0.02221000
2025-10-28 04:00:00.004,0.00005000,0.02201000
2025-10-28 08:00:00.000,0.00005000,0.02231076
2025-10-28 12:00:00.000,0.00005000,0.02282615
2025-10-28 16:00:00.004,0.00005000,0.02303175
2025-10-28 20:00:00.004,0.00005000,0.02272776
2025-10-29 00:00:00.004,0.00005000,0.02247214
2025-10-29 04:00:00.005,0.00005000,0.02255000
2025-10-29 08:00:00.005,0.00005000,0.02243000
2025-10-29 12:00:00.011,0.00005000,0.02221000
2025-10-29 16:00:00.000,0.00005000,0.02118000
2025-10-29 20:00:00.008,0.00005000,0.02181000
2025-10-30 00:00:00.004,0.00005000,0.02150000
2025-10-30 04:00:00.001,0.00005000,0.02141000
2025-10-30 08:00:00.008,0.00000735,0.02082000
2025-10-30 12:00:00.006,0.00000352,0.02019534
2025-10-30 16:00:00.001,0.00002687,0.01954310
2025-10-30 20:00:00.000,0.00005000,0.01917156
2025-10-31 00:00:00.000,-0.00001411,0.01946333
2025-10-31 04:00:00.000,0.00005000,0.01954158
2025-10-31 08:00:00.008,0.00005000,0.01933051
2025-10-31 12:00:00.008,0.00005000,0.01955704
2025-10-31 16:00:00.007,0.00005000,0.01953000
2025-10-31 20:00:00.001,0.00005000,0.01936036
2025-11-01 00:00:00.001,0.00005000,0.01925440
2025-11-01 04:00:00.000,0.00005000,0.01956000
2025-11-01 08:00:00.000,0.00005000,0.01969000
2025-11-01 12:00:00.000,0.00005000,0.01966857
2025-11-01 16:00:00.000,0.00005000,0.01945219
2025-11-01 20:00:00.003,0.00005000,0.01942783
2025-11-02 00:00:00.007,0.00005000,0.01969169
2025-11-02 04:00:00.002,0.00005000,0.01926266
2025-11-02 08:00:00.000,0.00005000,0.01972736
2025-11-02 12:00:00.001,0.00005000,0.01929080
2025-11-02 16:00:00.001,0.00005000,0.01913000
2025-11-02 20:00:00.001,0.00005000,0.01895091
2025-11-03 00:00:00.000,0.00005000,0.01933534
2025-11-03 04:00:00.003,0.00005000,0.01826000
2025-11-03 08:00:00.010,0.00005000,0.01824362
2025-11-03 12:00:00.002,0.00005000,0.01792286
2025-11-03 16:00:00.000,0.00005000,0.01603000
2025-11-03 20:00:00.008,0.00005000,0.01672906
2025-11-04 00:00:00.002,0.00005000,0.01685000
2025-11-04 04:00:00.000,0.00005000,0.01702140
2025-11-04 08:00:00.004,0.00005000,0.01672000
2025-11-04 12:00:00.000,0.00005000,0.01733000
2025-11-04 16:00:00.000,0.00005000,0.01717440
2025-11-04 20:00:00.001,0.00005000,0.01722871
2025-11-05 00:00:00.000,0.00005000,0.01729439
2025-11-05 04:00:00.005,0.00005000,0.01751000
2025-11-05 08:00:00.000,0.00005000,0.01764000
2025-11-05 12:00:00.000,0.00005000,0.01732943
2025-11-05 16:00:00.004,0.00005000,0.01773397
2025-11-05 20:00:00.001,0.00005000,0.01812000
2025-11-06 00:00:00.001,0.00005000,0.01838638
2025-11-06 04:00:00.009,0.00005000,0.01833489
2025-11-06 08:00:00.000,0.00005000,0.01764441
2025-11-06 12:00:00.001,0.00005000,0.01787000
2025-11-06 16:00:00.001,0.00005000,0.01760329
2025-11-06 20:00:00.006,0.00005000,0.01782000
2025-11-07 00:00:00.005,0.00005000,0.01817104
2025-11-07 04:00:00.000,0.00005000,0.01911000
2025-11-07 08:00:00.003,0.00005000,0.01895181
2025-11-07 12:00:00.005,0.00005000,0.01858000
2025-11-07 16:00:00.005,0.00005000,0.01898000
2025-11-07 20:00:00.000,0.00005000,0.02073000
2025-11-08 00:00:00.011,0.00005000,0.01996334
2025-11-08 04:00:00.001,0.00005000,0.01981000
2025-11-08 08:00:00.015,0.00005000,0.01922777
2025-11-08 12:00:00.000,0.00005000,0.01928000
2025-11-08 16:00:00.001,0.00005000,0.01868000
2025-11-08 20:00:00.006,0.00005000,0.01895000
2025-11-09 00:00:00.004,0.00005000,0.01915000
2025-11-09 04:00:00.000,0.00005000,0.01820000
2025-11-09 08:00:00.000,0.00005000,0.01917757
2025-11-09 12:00:00.000,0.00005000,0.01936836
2025-11-09 16:00:00.005,0.00005000,0.01955000
2025-11-09 20:00:00.010,0.00005000,0.01975000
2025-11-10 00:00:00.000,0.00005000,0.01947315
2025-11-10 04:00:00.005,0.00005000,0.01975000
2025-11-10 08:00:00.000,0.00005000,0.01945374
2025-11-10 12:00:00.003,0.00005000,0.02092166
2025-11-10 16:00:00.003,0.00005000,0.01991840
2025-11-10 20:00:00.000,0.00005000,0.01992000
2025-11-11 00:00:00.007,0.00005000,0.01982903
2025-11-11 04:00:00.003,0.00005000,0.01990000
2025-11-11 08:00:00.000,0.00005000,0.01885000
2025-11-11 12:00:00.002,0.00005000,0.01907471
2025-11-11 16:00:00.009,0.00005000,0.01921449
2025-11-11 20:00:00.000,0.00005000,0.01881000
2025-11-12 00:00:00.000,0.00005000,0.01825000
2025-11-12 04:00:00.000,0.00005000,0.01862000
2025-11-12 08:00:00.002,0.00005000,0.01909000
2025-11-12 12:00:00.000,0.00005000,0.01916000
2025-11-12 16:00:00.000,0.00005000,0.01832198
2025-11-12 20:00:00.001,0.00005000,0.01787034
2025-11-13 00:00:00.002,0.00005000,0.01816167
2025-11-13 04:00:00.000,0.00005000,0.01832579
2025-11-13 08:00:00.000,0.00005000,0.01834545
2025-11-13 12:00:00.001,0.00005000,0.01820594
2025-11-13 16:00:00.001,0.00005000,0.01798000
2025-11-13 20:00:00.004,0.00005000,0.01673271
2025-11-14 00:00:00.000,0.00005000,0.01737048
2025-11-14 04:00:00.000,0.00005000,0.01689000
2025-11-14 08:00:00.000,0.00005000,0.01694383
2025-11-14 12:00:00.001,0.00005000,0.01670000
2025-11-14 16:00:00.001,0.00005000,0.01707200
2025-11-14 20:00:00.000,0.00005000,0.01690000
2025-11-15 00:00:00.005,0.00005000,0.01642040
2025-11-15 04:00:00.015,0.00005000,0.01692213
2025-11-15 08:00:00.000,0.00005000,0.01677000
2025-11-15 12:00:00.008,0.00005000,0.01654000
2025-11-15 16:00:00.001,0.00005000,0.01682000
2025-11-15 20:00:00.003,0.00005000,0.01758710
2025-11-16 00:00:00.001,0.00005000,0.01790000
2025-11-16 04:00:00.003,0.00005000,0.01732000
2025-11-16 08:00:00.000,0.00005000,0.01736000
2025-11-16 12:00:00.003,0.00005000,0.01698451
2025-11-16 16:00:00.000,0.00005000,0.01668735
2025-11-16 20:00:00.000,0.00005000,0.01678434
2025-11-17 00:00:00.003,0.00005000,0.01734382
2025-11-17 04:00:00.001,0.00005000,0.01882775
2025-11-17 08:00:00.003,0.00005000,0.01869000
2025-11-17 12:00:00.000,0.00005000,0.01808000
2025-11-17 16:00:00.000,0.00005000,0.01778483
2025-11-17 20:00:00.003,0.00005000,0.01719000
2025-11-18 00:00:00.002,0.00005000,0.01703760
2025-11-18 04:00:00.000,0.00005000,0.01715692
2025-11-18 08:00:00.004,0.00005000,0.01698000
2025-11-18 12:00:00.000,0.00005000,0.01682104
2025-11-18 16:00:00.000,0.00005000,0.01699345
2025-11-18 20:00:00.002,0.00005000,0.01703672
2025-11-19 00:00:00.000,0.00005000,0.01676217
2025-11-19 04:00:00.000,0.00005000,0.01660333
2025-11-19 08:00:00.000,0.00005000,0.01673849
2025-11-19 12:00:00.000,0.00005000,0.01666060
2025-11-19 16:00:00.008,0.00005000,0.01677011
2025-11-19 20:00:00.000,0.00005000,0.01588067
2025-11-20 00:00:00.000,0.00005000,0.01665000
2025-11-20 04:00:00.006,0.00005000,0.01652444
2025-11-20 08:00:00.000,0.00005000,0.01677000
2025-11-20 12:00:00.003,0.00005000,0.01654407
2025-11-20 16:00:00.000,0.00005000,0.01659000
2025-11-20 20:00:00.002,0.00005000,0.01605748
2025-11-21 00:00:00.001,0.00005000,0.01603000
2025-11-21 04:00:00.000,0.00005000,0.01604000
2025-11-21 08:00:00.000,0.00005000,0.01499463
2025-11-21 12:00:00.001,0.00005000,0.01456256
2025-11-21 16:00:00.001,0.00005000,0.01451871
2025-11-21 20:00:00.000,0.00005000,0.01461352
2025-11-22 00:00:00.004,0.00005000,0.01454814
2025-11-22 04:00:00.000,0.00005000,0.01471000
2025-11-22 08:00:00.000,0.00005000,0.01445198
2025-11-22 12:00:00.000,0.00005000,0.01444474
2025-11-22 16:00:00.000,0.00005000,0.01461774
2025-11-22 20:00:00.001,0.00005000,0.01462000
2025-11-23 00:00:00.000,0.00005000,0.01476149
2025-11-23 04:00:00.000,0.00005000,0.01487491
2025-11-23 08:00:00.008,0.00005000,0.01487627
2025-11-23 12:00:00.000,0.00005000,0.01479143
2025-11-23 16:00:00.003,0.00005000,0.01465000
2025-11-23 20:00:00.003,0.00005000,0.01490069
2025-11-24 00:00:00.004,0.00005000,0.01462254
2025-11-24 04:00:00.000,0.00005000,0.01481506
2025-11-24 08:00:00.000,0.00005000,0.01514627
2025-11-24 12:00:00.000,0.00005000,0.01489777
2025-11-24 16:00:00.006,0.00005000,0.01504000
2025-11-24 20:00:00.003,0.00005000,0.01548703
2025-11-25 00:00:00.000,0.00005000,0.01554532
2025-11-25 04:00:00.000,0.00005000,0.01545000
2025-11-25 08:00:00.009,0.00005000,0.01544977
2025-11-25 12:00:00.002,0.00005000,0.01546391
2025-11-25 16:00:00.007,0.00005000,0.01530481
2025-11-25 20:00:00.009,0.00005000,0.01515000
2025-11-26 00:00:00.001,0.00005000,0.01535000
2025-11-26 04:00:00.006,0.00005000,0.01517000
2025-11-26 08:00:00.001,0.00005000,0.01535000
2025-11-26 12:00:00.001,0.00005000,0.01509983
2025-11-26 16:00:00.000,0.00005000,0.01523847
2025-11-26 20:00:00.001,0.00005000,0.01587154
2025-11-27 00:00:00.013,0.00005000,0.01589491
2025-11-27 04:00:00.007,0.00005000,0.01615000
2025-11-27 08:00:00.000,0.00005000,0.01605145
2025-11-27 12:00:00.002,0.00005000,0.01587000
2025-11-27 16:00:00.004,0.00005000,0.01598432
2025-11-27 20:00:00.004,0.00005000,0.01617000
2025-11-28 00:00:00.008,0.00005000,0.01588490
2025-11-28 04:00:00.000,0.00005000,0.01584653
2025-11-28 08:00:00.000,0.00005000,0.01571000
2025-11-28 12:00:00.004,0.00005000,0.01597394
2025-11-28 16:00:00.008,0.00005000,0.01616689
2025-11-28 20:00:00.010,0.00005000,0.01639590
2025-11-29 00:00:00.000,0.00005000,0.01626250
2025-11-29 04:00:00.002,0.00005000,0.01603000
2025-11-29 08:00:00.005,0.00005000,0.01587000
2025-11-29 12:00:00.003,0.00005000,0.01584000
2025-11-29 16:00:00.001,0.00005000,0.01598277
2025-11-29 20:00:00.000,0.00005000,0.01577000
2025-11-30 00:00:00.003,0.00005000,0.01582000
2025-11-30 04:00:00.004,0.00005000,0.01559000
2025-11-30 08:00:00.000,0.00005000,0.01551000
2025-11-30 12:00:00.000,0.00005000,0.01566557
2025-11-30 16:00:00.004,0.00005000,0.01571000
2025-11-30 20:00:00.006,0.00005000,0.01579000
2025-12-01 00:00:00.000,0.00005000,0.01555669
2025-12-01 04:00:00.000,0.00005000,0.01438000
2025-12-01 08:00:00.004,0.00005000,0.01458000
2025-12-01 12:00:00.000,0.00005000,0.01460573
2025-12-01 16:00:00.000,0.00005000,0.01447179
2025-12-01 20:00:00.000,0.00005000,0.01438339
2025-12-02 00:00:00.004,0.00005000,0.01503000
2025-12-02 04:00:00.000,0.00005000,0.01486000
2025-12-02 08:00:00.000,0.00005000,0.01462724
2025-12-02 12:00:00.004,0.00005000,0.01483000
2025-12-02 16:00:00.000,0.00005000,0.01538539
2025-12-02 20:00:00.000,0.00005000,0.01539000
2025-12-03 00:00:00.000,0.00005000,0.01558000
2025-12-03 04:00:00.004,0.00005000,0.01576489
2025-12-03 08:00:00.000,0.00005000,0.01565000
2025-12-03 12:00:00.001,0.00005000,0.01564000
2025-12-03 16:00:00.005,0.00005000,0.01555000
2025-12-03 20:00:00.002,0.00005000,0.01559000
2025-12-04 00:00:00.012,0.00005000,0.01556289
2025-12-04 04:00:00.000,0.00005000,0.01548433
2025-12-04 08:00:00.000,0.00005000,0.01546979
2025-12-04 12:00:00.005,0.00005000,0.01545000
2025-12-04 16:00:00.011,0.00005000,0.01543000
2025-12-04 20:00:00.000,0.00005000,0.01516507
2025-12-05 00:00:00.000,0.00005000,0.01496500
2025-12-05 04:00:00.000,0.00005000,0.01507000
2025-12-05 08:00:00.000,0.00005000,0.01508000
2025-12-05 12:00:00.001,0.00005000,0.01457000
2025-12-05 16:00:00.010,0.00005000,0.01439000
2025-12-05 20:00:00.001,0.00005000,0.01402000
2025-12-06 00:00:00.001,0.00005000,0.01415926
2025-12-06 04:00:00.000,0.00005000,0.01459204
2025-12-06 08:00:00.001,0.00005000,0.01448434
2025-12-06 12:00:00.000,0.00005000,0.01444757
2025-12-06 16:00:00.008,0.00005000,0.01462000
2025-12-06 20:00:00.000,0.00005000,0.01468014
2025-12-07 00:00:00.000,0.00005000,0.01506000
2025-12-07 04:00:00.000,0.00005000,0.01486000
2025-12-07 08:00:00.004,0.00005000,0.01467534
2025-12-07 12:00:00.004,0.00005000,0.01470000
2025-12-07 16:00:00.000,0.00005000,0.01475867
2025-12-07 20:00:00.000,0.00005000,0.01482000
2025-12-08 00:00:00.000,0.00005000,0.01439000
2025-12-08 04:00:00.000,0.00005000,0.01463000
2025-12-08 08:00:00.000,0.00005000,0.01477933
2025-12-08 12:00:00.001,0.00005000,0.01475526
2025-12-08 16:00:00.001,0.00005000,0.01460000
2025-12-08 20:00:00.000,0.00005000,0.01445573
2025-12-09 00:00:00.001,0.00005000,0.01460000
2025-12-09 04:00:00.004,0.00005000,0.01459273
2025-12-09 08:00:00.001,0.00005000,0.01450361
2025-12-09 12:00:00.000,0.00005000,0.01442000
2025-12-09 16:00:00.007,0.00005000,0.01480133
2025-12-09 20:00:00.001,0.00005000,0.01498000
2025-12-10 00:00:00.007,0.00005000,0.01488275
2025-12-10 04:00:00.012,0.00005000,0.01476479
2025-12-10 08:00:00.002,0.00005000,0.01463000
2025-12-10 12:00:00.000,0.00005000,0.01432472
2025-12-10 16:00:00.012,0.00005000,0.01433151
2025-12-10 20:00:00.000,0.00005000,0.01452000
2025-12-11 00:00:00.001,0.00005000,0.01403737
2025-12-11 04:00:00.000,0.00005000,0.01339153
2025-12-11 08:00:00.000,0.00005000,0.01362000
2025-12-11 12:00:00.000,0.00005000,0.01339000
2025-12-11 16:00:00.000,0.00005000,0.01320000
2025-12-11 20:00:00.001,0.00005000,0.01358222
2025-12-12 00:00:00.005,0.00005000,0.01376000
2025-12-12 04:00:00.000,0.00005000,0.01387000
2025-12-12 08:00:00.007,0.00005000,0.01386300
2025-12-12 12:00:00.000,0.00005000,0.01369000
2025-12-12 16:00:00.002,0.00005000,0.01339131
2025-12-12 20:00:00.004,0.00005000,0.01356531
2025-12-13 00:00:00.001,0.00005000,0.01370000
2025-12-13 04:00:00.006,0.00005000,0.01370436
2025-12-13 08:00:00.006,0.00005000,0.01375442
2025-12-13 12:00:00.002,0.00005000,0.01364829
2025-12-13 16:00:00.000,0.00005000,0.01376709
2025-12-13 20:00:00.000,0.00005000,0.01384285
2025-12-14 00:00:00.000,0.00005000,0.01385673
2025-12-14 04:00:00.001,0.00005000,0.01399000
2025-12-14 08:00:00.003,0.00005000,0.01367485
2025-12-14 12:00:00.000,0.00005000,0.01349000
2025-12-14 16:00:00.005,0.00005000,0.01337000
2025-12-14 20:00:00.000,0.00005000,0.01324000
2025-12-15 00:00:00.000,0.00005000,0.01300173
2025-12-15 04:00:00.001,0.00005000,0.01316000
2025-12-15 08:00:00.000,0.00005000,0.01320766
2025-12-15 12:00:00.000,0.00005000,0.01323000
2025-12-15 16:00:00.000,0.00005000,0.01288000
2025-12-15 20:00:00.000,0.00005000,0.01255273
2025-12-16 00:00:00.002,0.00005000,0.01264326
2025-12-16 04:00:00.000,0.00005000,0.01253627
2025-12-16 08:00:00.000,0.00005000,0.01252186
2025-12-16 12:00:00.008,0.00005000,0.01274994
2025-12-16 16:00:00.002,0.00005000,0.01289000
2025-12-16 20:00:00.000,0.00005000,0.01284000
2025-12-17 00:00:00.004,0.00005000,0.01280408
2025-12-17 04:00:00.002,0.00005000,0.01265949
2025-12-17 08:00:00.000,0.00005000,0.01259440
2025-12-17 12:00:00.000,0.00005000,0.01254519
2025-12-17 16:00:00.000,0.00005000,0.01235137
2025-12-17 20:00:00.001,0.00005000,0.01168474
2025-12-18 00:00:00.005,0.00005000,0.01164317
2025-12-18 04:00:00.000,0.00005000,0.01147447
2025-12-18 08:00:00.007,0.00005000,0.01146212
2025-12-18 12:00:00.000,0.00005000,0.01169697
2025-12-18 16:00:00.001,0.00005000,0.01188100
2025-12-18 20:00:00.000,0.00005000,0.01121000
2025-12-19 00:00:00.000,0.00005000,0.01138320
2025-12-19 04:00:00.000,0.00005000,0.01147548
2025-12-19 08:00:00.001,0.00005000,0.01171344
2025-12-19 12:00:00.000,0.00005000,0.01169357
2025-12-19 16:00:00.000,0.00005000,0.01180481
2025-12-19 20:00:00.000,0.00005000,0.01270854
2025-12-20 00:00:00.005,0.00005000,0.01236005
2025-12-20 04:00:00.001,0.00005000,0.01255327
2025-12-20 08:00:00.000,0.00005000,0.01276000
2025-12-20 12:00:00.000,0.00005000,0.01280404
2025-12-20 16:00:00.002,0.00005000,0.01274000
2025-12-20 20:00:00.009,0.00005000,0.01294303
2025-12-21 00:00:00.000,0.00005000,0.01283000
2025-12-21 04:00:00.003,0.00005000,0.01266542
2025-12-21 08:00:00.009,0.00005000,0.01274000
2025-12-21 12:00:00.000,0.00005000,0.01254583
2025-12-21 16:00:00.000,0.00005000,0.01228379
2025-12-21 20:00:00.009,0.00005000,0.01236506
2025-12-22 00:00:00.000,0.00005000,0.01237000
2025-12-22 04:00:00.000,0.00005000,0.01261000
2025-12-22 08:00:00.005,0.00005000,0.01271977
2025-12-22 12:00:00.002,0.00005000,0.01267000
2025-12-22 16:00:00.009,0.00005000,0.01262761
2025-12-22 20:00:00.001,0.00005000,0.01272000
2025-12-23 00:00:00.000,0.00005000,0.01289752
2025-12-23 04:00:00.000,0.00005000,0.01270389
2025-12-23 08:00:00.000,0.00005000,0.01259000
2025-12-23 12:00:00.000,0.00005000,0.01268000
2025-12-23 16:00:00.001,0.00005000,0.01254500
2025-12-23 20:00:00.005,0.00005000,0.01287971
2025-12-24 00:00:00.001,0.00005000,0.01283160
2025-12-24 04:00:00.000,0.00005000,0.01287000
2025-12-24 08:00:00.001,0.00005000,0.01267679
2025-12-24 12:00:00.002,0.00005000,0.01301000
2025-12-24 16:00:00.000,0.00005000,0.01316176
2025-12-24 20:00:00.003,0.00005000,0.01310000
2025-12-25 00:00:00.000,0.00005000,0.01328977
2025-12-25 04:00:00.000,0.00005000,0.01338000
2025-12-25 08:00:00.001,0.00005000,0.01350473
2025-12-25 12:00:00.008,0.00005000,0.01312363
2025-12-25 16:00:00.005,0.00005000,0.01329000
2025-12-25 20:00:00.001,0.00005000,0.01346248
2025-12-26 00:00:00.004,0.00005000,0.01310000
2025-12-26 04:00:00.005,0.00005000,0.01333000
2025-12-26 08:00:00.001,0.00005000,0.01332000
2025-12-26 12:00:00.000,0.00005000,0.01386500
2025-12-26 16:00:00.007,0.00005000,0.01418620
2025-12-26 20:00:00.000,0.00005000,0.01421000
2025-12-27 00:00:00.000,0.00005000,0.01423747
2025-12-27 04:00:00.000,0.00005000,0.01415511
2025-12-27 08:00:00.000,0.00005000,0.01399500
2025-12-27 12:00:00.000,0.00005000,0.01393000
2025-12-27 16:00:00.011,0.00005000,0.01397569
2025-12-27 20:00:00.003,0.00005000,0.01410484
2025-12-28 00:00:00.008,0.00005000,0.01424000
2025-12-28 04:00:00.000,0.00005000,0.01411501
2025-12-28 08:00:00.000,0.00005000,0.01409534
2025-12-28 12:00:00.010,0.00005000,0.01400943
2025-12-28 16:00:00.000,0.00005000,0.01400281
2025-12-28 20:00:00.002,0.00005000,0.01362359
2025-12-29 00:00:00.016,0.00005000,0.01377000
2025-12-29 04:00:00.000,0.00005000,0.01401000
2025-12-29 08:00:00.001,0.00005000,0.01404000
2025-12-29 12:00:00.001,0.00005000,0.01377000
2025-12-29 16:00:00.000,0.00005000,0.01353061
2025-12-29 20:00:00.000,0.00005000,0.01347967
2025-12-30 00:00:00.005,0.00005000,0.01349000
2025-12-30 04:00:00.012,0.00005000,0.01343412
2025-12-30 08:00:00.001,0.00005000,0.01334454
2025-12-30 12:00:00.000,0.00005000,0.01356633
2025-12-30 16:00:00.003,0.00005000,0.01374000
2025-12-30 20:00:00.001,0.00005000,0.01443000
2025-12-31 00:00:00.004,0.00005000,0.01476000
2025-12-31 04:00:00.008,0.00005000,0.01486447
2025-12-31 08:00:00.001,0.00005000,0.01462509
2025-12-31 12:00:00.007,0.00005000,0.01451450
2025-12-31 16:00:00.001,0.00005000,0.01434943
2025-12-31 20:00:00.009,0.00005000,0.01626633
2026-01-01 00:00:00.008,0.00005000,0.01497000
2026-01-01 04:00:00.000,0.00005000,0.01559043
2026-01-01 08:00:00.002,0.00005000,0.01568000
2026-01-01 12:00:00.007,0.00005000,0.01672000
2026-01-01 16:00:00.001,0.00005000,0.01615136
2026-01-01 20:00:00.005,0.00005000,0.01640000
2026-01-02 00:00:00.006,0.00005000,0.01661289
2026-01-02 04:00:00.000,0.00005000,0.01614421
2026-01-02 08:00:00.007,0.00005000,0.01652316
2026-01-02 12:00:00.000,0.00005000,0.01664000
2026-01-02 16:00:00.000,0.00005000,0.01626711
2026-01-02 20:00:00.000,0.00005000,0.01663694
2026-01-03 00:00:00.001,0.00005000,0.01653734
2026-01-03 04:00:00.000,0.00005000,0.01663051
2026-01-03 08:00:00.000,0.00005000,0.01618191
2026-01-03 12:00:00.008,0.00005000,0.01593472
2026-01-03 16:00:00.000,0.00005000,0.01607465
2026-01-03 20:00:00.001,0.00005000,0.01618000
2026-01-04 00:00:00.000,0.00005000,0.01637516
2026-01-04 04:00:00.000,0.00005000,0.01657546
2026-01-04 08:00:00.000,0.00005000,0.01622000
2026-01-04 12:00:00.001,0.00005000,0.01665293
2026-01-04 16:00:00.001,0.00005000,0.01735831
2026-01-04 20:00:00.002,0.00005000,0.01898776
2026-01-05 00:00:00.000,0.00005000,0.01834244
2026-01-05 04:00:00.001,0.00005000,0.01815000
2026-01-05 08:00:00.000,0.00005000,0.01819000
2026-01-05 12:00:00.000,0.00005000,0.01807000
2026-01-05 16:00:00.000,0.00005000,0.01802117
2026-01-05 20:00:00.000,0.00005000,0.01799835
2026-01-06 00:00:00.010,0.00005000,0.01786780
2026-01-06 04:00:00.000,0.00005000,0.01778826
2026-01-06 08:00:00.000,0.00005000,0.01786497
2026-01-06 12:00:00.000,0.00005000,0.01895331
2026-01-06 16:00:00.000,0.00005000,0.01790000
2026-01-06 20:00:00.002,0.00005000,0.01786294
2026-01-07 00:00:00.001,0.00005000,0.01813000
2026-01-07 04:00:00.003,0.00005000,0.01799633
2026-01-07 08:00:00.001,0.00005000,0.01809447
2026-01-07 12:00:00.000,0.00005000,0.01790718
2026-01-07 16:00:00.001,0.00005000,0.01688253
2026-01-07 20:00:00.001,0.00005000,0.01696930
2026-01-08 00:00:00.001,0.00005000,0.01675006
2026-01-08 04:00:00.000,0.00005000,0.01658000
2026-01-08 08:00:00.000,0.00005000,0.01647488
2026-01-08 12:00:00.002,0.00005000,0.01628500
2026-01-08 16:00:00.000,0.00005000,0.01652635
2026-01-08 20:00:00.000,0.00005000,0.01666163
2026-01-09 00:00:00.003,0.00005000,0.01663000
2026-01-09 04:00:00.000,0.00005000,0.01681651
2026-01-09 08:00:00.000,0.00005000,0.01685000
2026-01-09 12:00:00.000,0.00005000,0.01737017
2026-01-09 16:00:00.001,0.00005000,0.01700040
2026-01-09 20:00:00.005,0.00005000,0.01677000
2026-01-10 00:00:00.000,0.00005000,0.01685506
2026-01-10 04:00:00.000,0.00005000,0.01697000
2026-01-10 08:00:00.002,0.00005000,0.01692951
2026-01-10 12:00:00.000,0.00005000,0.01699178
2026-01-10 16:00:00.001,0.00005000,0.01688377
2026-01-10 20:00:00.014,0.00005000,0.01736586
2026-01-11 00:00:00.003,0.00005000,0.01707000
2026-01-11 04:00:00.000,0.00005000,0.01725083
2026-01-11 08:00:00.006,0.00005000,0.01753977
2026-01-11 12:00:00.000,0.00005000,0.01755000
2026-01-11 16:00:00.000,0.00005000,0.01738000
2026-01-11 20:00:00.002,0.00005000,0.01715917
2026-01-12 00:00:00.005,0.00005000,0.01718000
2026-01-12 04:00:00.008,0.00005000,0.01723000
2026-01-12 08:00:00.000,0.00005000,0.01716437
2026-01-12 12:00:00.000,0.00005000,0.01718000
2026-01-12 16:00:00.000,0.00005000,0.01732000
2026-01-12 20:00:00.000,0.00005000,0.01694509
2026-01-13 00:00:00.007,0.00005000,0.01671504
2026-01-13 04:00:00.000,0.00005000,0.01663000
2026-01-13 08:00:00.009,0.00005000,0.01662509
2026-01-13 12:00:00.000,0.00005000,0.01659500
2026-01-13 16:00:00.002,0.00005000,0.01678000
2026-01-13 20:00:00.003,0.00005000,0.01678814
2026-01-14 00:00:00.000,0.00005000,0.01711726
2026-01-14 04:00:00.001,0.00005000,0.01770307
2026-01-14 08:00:00.001,0.00005000,0.01741809
2026-01-14 12:00:00.000,0.00005000,0.01780000
2026-01-14 16:00:00.004,0.00005000,0.01784396
2026-01-14 20:00:00.007,0.00005000,0.01753000
2026-01-15 00:00:00.000,0.00005000,0.01742000
2026-01-15 04:00:00.008,0.00005000,0.01667134
2026-01-15 08:00:00.004,0.00005000,0.01692877
2026-01-15 12:00:00.000,0.00005000,0.01662380
2026-01-15 16:00:00.002,0.00005000,0.01645000
2026-01-15 20:00:00.000,0.00005000,0.01605305
2026-01-16 00:00:00.000,0.00005000,0.01632000
2026-01-16 04:00:00.000,0.00005000,0.01629000
2026-01-16 08:00:00.000,0.00005000,0.01680285
2026-01-16 12:00:00.001,0.00005000,0.01683000
2026-01-16 16:00:00.001,0.00005000,0.01635145
2026-01-16 20:00:00.003,0.00005000,0.01659081
2026-01-17 00:00:00.000,0.00005000,0.01698457
2026-01-17 04:00:00.000,0.00005000,0.01675240
2026-01-17 08:00:00.000,0.00005000,0.01672204
2026-01-17 12:00:00.000,0.00005000,0.01666000
2026-01-17 16:00:00.002,0.00005000,0.01690000
2026-01-17 20:00:00.002,0.00005000,0.01678000
2026-01-18 00:00:00.001,0.00005000,0.01660000
2026-01-18 04:00:00.002,0.00005000,0.01644490
2026-01-18 08:00:00.000,0.00005000,0.01632000
2026-01-18 12:00:00.000,0.00005000,0.01686151
2026-01-18 16:00:00.000,0.00005000,0.01684531
2026-01-18 20:00:00.011,0.00005000,0.01733942
2026-01-19 00:00:00.007,0.00005000,0.01719000
2026-01-19 04:00:00.002,0.00005000,0.01605405
2026-01-19 08:00:00.007,0.00005000,0.01603158
2026-01-19 12:00:00.000,0.00005000,0.01607326
2026-01-19 16:00:00.007,0.00005000,0.01619029
2026-01-19 20:00:00.000,0.00005000,0.01607000
2026-01-20 00:00:00.005,0.00005000,0.01607529
2026-01-20 04:00:00.008,0.00005000,0.01620000
2026-01-20 08:00:00.001,0.00005000,0.01616000
2026-01-20 12:00:00.007,0.00005000,0.01567000
2026-01-20 16:00:00.009,0.00005000,0.01561000
2026-01-20 20:00:00.002,0.00005000,0.01531000
2026-01-21 00:00:00.001,0.00005000,0.01516437
2026-01-21 04:00:00.009,0.00005000,0.01578303
2026-01-21 08:00:00.011,0.00005000,0.01591926
2026-01-21 12:00:00.000,0.00005000,0.01598149
2026-01-21 16:00:00.011,0.00005000,0.01632510
2026-01-21 20:00:00.000,0.00005000,0.01642786
2026-01-22 00:00:00.010,0.00005000,0.01605603
2026-01-22 04:00:00.011,0.00005000,0.01619000
2026-01-22 08:00:00.003,0.00005000,0.01616379
2026-01-22 12:00:00.000,0.00005000,0.01603416
2026-01-22 16:00:00.005,0.00005000,0.01596283
2026-01-22 20:00:00.000,0.00005000,0.01604410
2026-01-23 00:00:00.005,0.00005000,0.01582487
2026-01-23 04:00:00.000,0.00005000,0.01587227
2026-01-23 08:00:00.000,0.00005000,0.01587500
2026-01-23 12:00:00.002,0.00005000,0.01569000
2026-01-23 16:00:00.011,0.00005000,0.01574000
2026-01-23 20:00:00.000,0.00005000,0.01549000
2026-01-24 00:00:00.011,0.00005000,0.01535000
2026-01-24 04:00:00.008,0.00005000,0.01557000
2026-01-24 08:00:00.002,0.00005000,0.01540659
2026-01-24 12:00:00.000,0.00005000,0.01555369
2026-01-24 16:00:00.001,0.00005000,0.01531406
2026-01-24 20:00:00.008,0.00005000,0.01508541
2026-01-25 00:00:00.002,0.00005000,0.01524570
2026-01-25 04:00:00.000,0.00005000,0.01520800
2026-01-25 08:00:00.011,0.00005000,0.01509000
2026-01-25 12:00:00.000,0.00005000,0.01505000
2026-01-25 16:00:00.005,0.00005000,0.01499533
2026-01-25 20:00:00.001,0.00005000,0.01419222
2026-01-26 00:00:00.000,0.00005000,0.01396665
2026-01-26 04:00:00.000,0.00005000,0.01419913
2026-01-26 08:00:00.003,0.00005000,0.01435295
2026-01-26 12:00:00.000,0.00005000,0.01426000
2026-01-26 16:00:00.000,0.00005000,0.01420000
2026-01-26 20:00:00.000,0.00005000,0.01432500
2026-01-27 00:00:00.002,0.00005000,0.01437000
2026-01-27 04:00:00.002,0.00005000,0.01430000
2026-01-27 08:00:00.000,0.00005000,0.01428000
2026-01-27 12:00:00.006,0.00005000,0.01420434
2026-01-27 16:00:00.000,0.00005000,0.01416498
2026-01-27 20:00:00.000,0.00005000,0.01419506
2026-01-28 00:00:00.000,0.00005000,0.01430000
2026-01-28 04:00:00.008,0.00005000,0.01414480
2026-01-28 08:00:00.000,0.00005000,0.01425500
2026-01-28 12:00:00.005,0.00005000,0.01443642
2026-01-28 16:00:00.000,0.00005000,0.01405000
2026-01-28 20:00:00.004,0.00005000,0.01393000
2026-01-29 00:00:00.000,0.00005000,0.01385000
2026-01-29 04:00:00.000,0.00005000,0.01349000
2026-01-29 08:00:00.009,0.00005000,0.01360000
2026-01-29 12:00:00.000,0.00005000,0.01342464
2026-01-29 16:00:00.000,0.00005000,0.01327141
2026-01-29 20:00:00.004,0.00005000,0.01327002
2026-01-30 00:00:00.008,0.00005000,0.01337000
2026-01-30 04:00:00.005,0.00005000,0.01315754
2026-01-30 08:00:00.000,0.00005000,0.01325543
2026-01-30 12:00:00.005,0.00005000,0.01339197
2026-01-30 16:00:00.001,0.00005000,0.01338974
2026-01-30 20:00:00.004,0.00005000,0.01332000
2026-01-31 00:00:00.000,0.00005000,0.01330000
2026-01-31 04:00:00.002,0.00005000,0.01318367
2026-01-31 08:00:00.001,0.00005000,0.01314000
2026-01-31 12:00:00.010,0.00005000,0.01272000
2026-01-31 16:00:00.009,0.00005000,0.01234000
2026-01-31 20:00:00.012,0.00005000,0.01129548
2026-02-01 00:00:00.001,0.00005000,0.01152317
2026-02-01 04:00:00.000,0.00005000,0.01174500
2026-02-01 08:00:00.004,0.00005000,0.01181533
2026-02-01 12:00:00.004,0.00005000,0.01167000
2026-02-01 16:00:00.000,0.00005000,0.01142511
2026-02-01 20:00:00.004,0.00005000,0.01147111
2026-02-02 00:00:00.000,0.00005000,0.01143473
2026-02-02 04:00:00.000,0.00005000,0.01157021
2026-02-02 08:00:00.014,0.00005000,0.01141000
2026-02-02 12:00:00.009,0.00005000,0.01148467
2026-02-02 16:00:00.000,0.00005000,0.01178771
2026-02-02 20:00:00.000,0.00005000,0.01159000
2026-02-03 00:00:00.000,0.00005000,0.01162061
2026-02-03 04:00:00.001,0.00005000,0.01163000
2026-02-03 08:00:00.007,0.00005000,0.01162000
2026-02-03 12:00:00.006,0.00005000,0.01162000
2026-02-03 16:00:00.000,0.00005000,0.01175000
2026-02-03 20:00:00.009,0.00005000,0.01146097
2026-02-04 00:00:00.002,0.00005000,0.01144000
2026-02-04 04:00:00.004,0.00005000,0.01163072
2026-02-04 08:00:00.007,0.00005000,0.01158077
2026-02-04 12:00:00.010,0.00005000,0.01147368
2026-02-04 16:00:00.000,0.00005000,0.01116000
2026-02-04 20:00:00.001,0.00005000,0.01135137
2026-02-05 00:00:00.011,0.00005000,0.01121000
2026-02-05 04:00:00.001,0.00005000,0.01106000
2026-02-05 08:00:00.000,0.00005000,0.01100000
2026-02-05 12:00:00.006,0.00005000,0.01102518
2026-02-05 16:00:00.007,0.00005000,0.01073000
2026-02-05 20:00:00.000,0.00005000,0.01030000
2026-02-06 00:00:00.000,0.00005000,0.00993000
2026-02-06 04:00:00.001,0.00005000,0.00995586
2026-02-06 08:00:00.001,0.00005000,0.01016969
2026-02-06 12:00:00.003,0.00005000,0.01050000
2026-02-06 16:00:00.000,0.00005000,0.01084023
2026-02-06 20:00:00.005,0.00005000,0.01104000
2026-02-07 00:00:00.003,0.00005000,0.01107603
2026-02-07 04:00:00.024,0.00005000,0.01107000
2026-02-07 08:00:00.000,0.00005000,0.01083433
2026-02-07 12:00:00.007,0.00005000,0.01071205
2026-02-07 16:00:00.010,0.00005000,0.01078384
2026-02-07 20:00:00.000,0.00005000,0.01104698
2026-02-08 00:00:00.003,0.00005000,0.01100481
2026-02-08 04:00:00.002,0.00005000,0.01099000
2026-02-08 08:00:00.000,0.00005000,0.01085146
2026-02-08 12:00:00.005,0.00005000,0.01099000
2026-02-08 16:00:00.000,0.00005000,0.01080229
2026-02-08 20:00:00.000,0.00005000,0.01080589
2026-02-09 00:00:00.002,0.00005000,0.01069000
2026-02-09 04:00:00.012,0.00005000,0.01091531
2026-02-09 08:00:00.001,0.00005000,0.01070683
2026-02-09 12:00:00.003,0.00005000,0.01048495
2026-02-09 16:00:00.007,0.00005000,0.01063602
2026-02-09 20:00:00.006,0.00005000,0.01083897
2026-02-10 00:00:00.000,0.00005000,0.01064157
2026-02-10 04:00:00.000,0.00005000,0.01040491
2026-02-10 08:00:00.007,0.00005000,0.01022506
2026-02-10 12:00:00.000,0.00005000,0.01025494
2026-02-10 16:00:00.000,0.00005000,0.01032000
2026-02-10 20:00:00.007,0.00005000,0.01027421
2026-02-11 00:00:00.000,0.00005000,0.01026946
2026-02-11 04:00:00.000,0.00005000,0.01020874
2026-02-11 08:00:00.006,0.00005000,0.00991150
2026-02-11 12:00:00.000,0.00005000,0.00992492
2026-02-11 16:00:00.000,0.00005000,0.01001000
2026-02-11 20:00:00.003,0.00005000,0.01016000
2026-02-12 00:00:00.000,0.00005000,0.01042000
2026-02-12 04:00:00.000,0.00005000,0.01082169
2026-02-12 08:00:00.001,0.00005000,0.01091500
2026-02-12 12:00:00.002,0.00005000,0.01095000
2026-02-12 16:00:00.001,0.00005000,0.01063000
2026-02-12 20:00:00.006,0.00005000,0.01077454
2026-02-13 00:00:00.007,0.00005000,0.01091000
2026-02-13 04:00:00.000,0.00005000,0.01072983
2026-02-13 08:00:00.003,0.00005000,0.01067000
2026-02-13 12:00:00.000,0.00005000,0.01076000
2026-02-13 16:00:00.005,0.00005000,0.01084000
2026-02-13 20:00:00.006,0.00005000,0.01103000
2026-02-14 00:00:00.002,0.00005000,0.01134010
2026-02-14 04:00:00.007,0.00005000,0.01167000
2026-02-14 08:00:00.004,0.00005000,0.01151731
2026-02-14 12:00:00.000,0.00005000,0.01190102
2026-02-14 16:00:00.002,0.00005000,0.01218483
2026-02-14 20:00:00.000,0.00005000,0.01230818
2026-02-15 00:00:00.000,0.00005000,0.01194236
2026-02-15 04:00:00.000,0.00005000,0.01188000
2026-02-15 08:00:00.002,0.00005000,0.01203419
2026-02-15 12:00:00.005,0.00005000,0.01183000
2026-02-15 16:00:00.000,0.00005000,0.01158000
2026-02-15 20:00:00.009,0.00005000,0.01151000
2026-02-16 00:00:00.001,0.00005000,0.01175000
2026-02-16 04:00:00.004,0.00005000,0.01180561
2026-02-16 08:00:00.003,0.00005000,0.01173649
2026-02-16 12:00:00.000,0.00005000,0.01199205
2026-02-16 16:00:00.000,0.00005000,0.01199000
2026-02-16 20:00:00.009,0.00005000,0.01200000
2026-02-17 00:00:00.008,0.00005000,0.01222067
2026-02-17 04:00:00.003,0.00005000,0.01205264
2026-02-17 08:00:00.001,0.00005000,0.01190000
2026-02-17 12:00:00.000,0.00005000,0.01187000
2026-02-17 16:00:00.002,0.00005000,0.01186489
2026-02-17 20:00:00.002,0.00005000,0.01186148
2026-02-18 00:00:00.000,0.00005000,0.01189000
2026-02-18 04:00:00.000,0.00005000,0.01180378
2026-02-18 08:00:00.000,0.00005000,0.01171000
2026-02-18 12:00:00.007,0.00005000,0.01159000
2026-02-18 16:00:00.011,0.00005000,0.01147000
2026-02-18 20:00:00.004,0.00005000,0.01107997
2026-02-19 00:00:00.013,0.00005000,0.01109849
2026-02-19 04:00:00.003,0.00005000,0.01112000
2026-02-19 08:00:00.000,0.00005000,0.01113000
2026-02-19 12:00:00.011,0.00005000,0.01111523
2026-02-19 16:00:00.003,0.00005000,0.01102815
2026-02-19 20:00:00.000,0.00005000,0.01100877
2026-02-20 00:00:00.000,0.00005000,0.01105000
2026-02-20 04:00:00.003,0.00005000,0.01103500
2026-02-20 08:00:00.000,0.00005000,0.01109857
2026-02-20 12:00:00.000,0.00005000,0.01108000
2026-02-20 16:00:00.000,0.00005000,0.01102160
2026-02-20 20:00:00.000,0.00005000,0.01106030
2026-02-21 00:00:00.004,0.00005000,0.01117000
2026-02-21 04:00:00.000,0.00005000,0.01125501
2026-02-21 08:00:00.000,0.00005000,0.01113484
2026-02-21 12:00:00.013,0.00005000,0.01129000
2026-02-21 16:00:00.005,0.00005000,0.01119597
2026-02-21 20:00:00.000,0.00005000,0.01113643
2026-02-22 00:00:00.001,0.00005000,0.01102000
2026-02-22 04:00:00.008,0.00005000,0.01085500
2026-02-22 08:00:00.004,0.00005000,0.01085517
2026-02-22 12:00:00.008,0.00005000,0.01087791
2026-02-22 16:00:00.000,0.00005000,0.01067517
2026-02-22 20:00:00.000,0.00005000,0.01065000
2026-02-23 00:00:00.001,0.00005000,0.01060917
2026-02-23 04:00:00.000,0.00005000,0.01003428
2026-02-23 08:00:00.000,0.00005000,0.01027905
2026-02-23 12:00:00.003,0.00005000,0.01031980
2026-02-23 16:00:00.000,0.00005000,0.01009325
2026-02-23 20:00:00.000,0.00005000,0.00969000
2026-02-24 00:00:00.007,0.00005000,0.00969448
2026-02-24 04:00:00.000,0.00005000,0.00976000
2026-02-24 08:00:00.000,0.00005000,0.00983000
2026-02-24 12:00:00.000,0.00005000,0.00967000
2026-02-24 16:00:00.001,0.00005000,0.00978233
2026-02-24 20:00:00.002,0.00005000,0.00970333
2026-02-25 00:00:00.001,0.00005000,0.00960301
2026-02-25 04:00:00.000,0.00005000,0.00974000
2026-02-25 08:00:00.007,0.00005000,0.00974300
2026-02-25 12:00:00.000,0.00005000,0.00998381
2026-02-25 16:00:00.000,0.00005000,0.01028944
2026-02-25 20:00:00.006,0.00005000,0.01067507
2026-02-26 00:00:00.000,0.00005000,0.01066807
2026-02-26 04:00:00.000,0.00005000,0.01051365
2026-02-26 08:00:00.006,0.00005000,0.01031389
2026-02-26 12:00:00.004,0.00005000,0.01023616
2026-02-26 16:00:00.002,0.00005000,0.01018000
2026-02-26 20:00:00.001,0.00005000,0.01013000
2026-02-27 00:00:00.007,0.00005000,0.01013160
2026-02-27 04:00:00.000,0.00005000,0.01032634
2026-02-27 08:00:00.000,0.00005000,0.01039666
2026-02-27 12:00:00.000,0.00005000,0.01023695
2026-02-27 16:00:00.001,0.00005000,0.01016000
2026-02-27 20:00:00.007,0.00005000,0.01005000
2026-02-28 00:00:00.000,0.00005000,0.01006000
2026-02-28 04:00:00.002,0.00005000,0.00998500
2026-02-28 08:00:00.000,0.00005000,0.00944495
2026-02-28 12:00:00.001,0.00005000,0.00927805
2026-02-28 16:00:00.004,0.00005000,0.00938000
2026-02-28 20:00:00.000,0.00005000,0.00986610
2026-03-01 00:00:00.005,0.00005000,0.01009917
2026-03-01 04:00:00.000,0.00005000,0.01035000
2026-03-01 08:00:00.000,0.00005000,0.01030716
2026-03-01 12:00:00.000,0.00005000,0.01012552
2026-03-01 16:00:00.002,0.00005000,0.00994213
2026-03-01 20:00:00.001,0.00005000,0.00971487
2026-03-02 00:00:00.001,0.00005000,0.00969300
2026-03-02 04:00:00.001,0.00005000,0.00987000
2026-03-02 08:00:00.007,0.00005000,0.00964309
2026-03-02 12:00:00.002,0.00005000,0.00977000
2026-03-02 16:00:00.000,0.00005000,0.01021000
2026-03-02 20:00:00.000,0.00005000,0.01034000
2026-03-03 00:00:00.000,0.00005000,0.01028520
2026-03-03 04:00:00.009,0.00005000,0.01045130
2026-03-03 08:00:00.000,0.00005000,0.01051386
2026-03-03 12:00:00.017,0.00005000,0.01018369
2026-03-03 16:00:00.007,0.00005000,0.01027000
2026-03-03 20:00:00.000,0.00005000,0.01075113
2026-03-04 00:00:00.001,0.00005000,0.01079000
2026-03-04 04:00:00.000,0.00005000,0.01071601
2026-03-04 08:00:00.005,0.00005000,0.01065312
2026-03-04 12:00:00.008,0.00005000,0.01062492
2026-03-04 16:00:00.000,0.00005000,0.01077250
2026-03-04 20:00:00.000,0.00005000,0.01082182
2026-03-05 00:00:00.000,0.00005000,0.01066011
2026-03-05 04:00:00.000,0.00005000,0.01054600
2026-03-05 08:00:00.000,0.00005000,0.01043000
2026-03-05 12:00:00.000,0.00005000,0.01059583
2026-03-05 16:00:00.004,0.00005000,0.01043044
2026-03-05 20:00:00.000,0.00005000,0.01024000
2026-03-06 00:00:00.001,0.00005000,0.01022517
2026-03-06 04:00:00.003,0.00005000,0.01019897
2026-03-06 08:00:00.001,0.00005000,0.01020000
2026-03-06 12:00:00.005,0.00005000,0.01016505
2026-03-06 16:00:00.004,0.00005000,0.01000000
2026-03-06 20:00:00.010,0.00005000,0.01010000
2026-03-07 00:00:00.001,0.00005000,0.01004454
2026-03-07 04:00:00.006,0.00005000,0.01002856
2026-03-07 08:00:00.012,0.00005000,0.01032607
2026-03-07 12:00:00.000,0.00005000,0.01033000
2026-03-07 16:00:00.001,0.00005000,0.01018909
2026-03-07 20:00:00.000,0.00005000,0.01022449
2026-03-08 00:00:00.001,0.00005000,0.01006052
2026-03-08 04:00:00.010,0.00005000,0.00986000
2026-03-08 08:00:00.000,0.00005000,0.00987484
2026-03-08 12:00:00.002,0.00005000,0.01001000
2026-03-08 16:00:00.002,0.00005000,0.00992666
2026-03-08 20:00:00.000,0.00005000,0.01000500
2026-03-09 00:00:00.000,0.00005000,0.00988000
2026-03-09 04:00:00.006,0.00005000,0.00998743
2026-03-09 08:00:00.004,0.00005000,0.01019044
2026-03-09 12:00:00.001,0.00005000,0.01019143
2026-03-09 16:00:00.003,0.00005000,0.01098189
2026-03-09 20:00:00.000,0.00005000,0.01121000
2026-03-10 00:00:00.012,0.00005000,0.01091958
2026-03-10 04:00:00.000,0.00005000,0.01137000
2026-03-10 08:00:00.002,0.00005000,0.01135427
2026-03-10 12:00:00.004,0.00005000,0.01142000
2026-03-10 16:00:00.001,0.00005000,0.01132932
2026-03-10 20:00:00.004,0.00005000,0.01118000
2026-03-11 00:00:00.000,0.00005000,0.01103354
2026-03-11 04:00:00.000,0.00005000,0.01070000
2026-03-11 08:00:00.007,0.00005000,0.01075293
2026-03-11 12:00:00.003,0.00005000,0.01073706
2026-03-11 16:00:00.010,0.00005000,0.01096368
2026-03-11 20:00:00.004,0.00005000,0.01108000
2026-03-12 00:00:00.000,0.00005000,0.01134640
2026-03-12 04:00:00.001,0.00005000,0.01121000
2026-03-12 08:00:00.000,0.00005000,0.01123470
2026-03-12 12:00:00.006,0.00005000,0.01118500
2026-03-12 16:00:00.000,0.00005000,0.01131000
2026-03-12 20:00:00.006,0.00005000,0.01140852
2026-03-13 00:00:00.006,0.00005000,0.01127344
2026-03-13 04:00:00.005,0.00005000,0.01131740
2026-03-13 08:00:00.001,0.00005000,0.01125217
2026-03-13 12:00:00.003,0.00005000,0.01124000
2026-03-13 16:00:00.000,0.00005000,0.01127000
2026-03-13 20:00:00.000,0.00005000,0.01089000
2026-03-14 00:00:00.001,0.00005000,0.01057719
2026-03-14 04:00:00.002,0.00005000,0.01051000
2026-03-14 08:00:00.000,0.00005000,0.01048000
2026-03-14 12:00:00.000,0.00005000,0.01048545
2026-03-14 16:00:00.007,0.00005000,0.01046584
2026-03-14 20:00:00.000,0.00005000,0.01035000
2026-03-15 00:00:00.000,0.00005000,0.01029500
2026-03-15 04:00:00.000,0.00005000,0.01033000
2026-03-15 08:00:00.000,0.00005000,0.01024264
2026-03-15 12:00:00.002,0.00005000,0.01037000
2026-03-15 16:00:00.000,0.00005000,0.01025000
2026-03-15 20:00:00.000,0.00005000,0.01040000
2026-03-16 00:00:00.000,0.00005000,0.01050000
2026-03-16 04:00:00.006,0.00005000,0.01104000
2026-03-16 08:00:00.010,0.00005000,0.01099000
2026-03-16 12:00:00.002,0.00005000,0.01133000
2026-03-16 16:00:00.000,0.00005000,0.01092402
2026-03-16 20:00:00.001,0.00005000,0.01105000
2026-03-17 00:00:00.000,0.00005000,0.01098067
2026-03-17 04:00:00.008,0.00005000,0.01097913
2026-03-17 08:00:00.002,0.00005000,0.01096000
2026-03-17 12:00:00.012,0.00005000,0.01103829
2026-03-17 16:00:00.011,0.00005000,0.01099549
2026-03-17 20:00:00.000,0.00005000,0.01112000
2026-03-18 00:00:00.002,0.00005000,0.01107499
2026-03-18 04:00:00.000,0.00005000,0.01099367
2026-03-18 08:00:00.002,0.00005000,0.01113547
2026-03-18 12:00:00.001,0.00005000,0.01059000
2026-03-18 16:00:00.005,0.00005000,0.01008000
2026-03-18 20:00:00.008,0.00005000,0.00996897
2026-03-19 00:00:00.000,0.00005000,0.01007000
2026-03-19 04:00:00.000,0.00005000,0.00992000
2026-03-19 08:00:00.003,0.00005000,0.00962000
2026-03-19 12:00:00.002,0.00005000,0.00959000
2026-03-19 16:00:00.003,0.00005000,0.00958000
2026-03-19 20:00:00.000,0.00005000,0.00955153
2026-03-20 00:00:00.002,0.00005000,0.00958499
2026-03-20 04:00:00.008,0.00005000,0.00957388
2026-03-20 08:00:00.000,0.00005000,0.00939310
2026-03-20 12:00:00.000,0.00005000,0.00933464
2026-03-20 16:00:00.000,0.00005000,0.00922330
2026-03-20 20:00:00.007,0.00005000,0.00887389
2026-03-21 00:00:00.000,0.00005000,0.00905577
2026-03-21 04:00:00.002,0.00005000,0.00907972
2026-03-21 08:00:00.000,0.00005000,0.00907000
2026-03-21 12:00:00.003,0.00005000,0.00898461
2026-03-21 16:00:00.014,0.00005000,0.00895901
2026-03-21 20:00:00.000,0.00005000,0.00902300
2026-03-22 00:00:00.012,0.00005000,0.00868937
2026-03-22 04:00:00.003,0.00005000,0.00882000
2026-03-22 08:00:00.007,0.00005000,0.00903000
2026-03-22 12:00:00.000,0.00005000,0.00902000
2026-03-22 16:00:00.002,0.00005000,0.00945000
2026-03-22 20:00:00.000,0.00005000,0.00935469
2026-03-23 00:00:00.000,0.00005000,0.00949634
2026-03-23 04:00:00.000,0.00005000,0.01016994
2026-03-23 08:00:00.003,0.00005000,0.00991814
2026-03-23 12:00:00.000,0.00005000,0.01017270
2026-03-23 16:00:00.002,0.00005000,0.00998609
2026-03-23 20:00:00.000,0.00005000,0.00966474
2026-03-24 00:00:00.000,0.00005000,0.00986738
2026-03-24 04:00:00.001,0.00005000,0.00958351
2026-03-24 08:00:00.000,0.00005000,0.00958911
2026-03-24 12:00:00.000,0.00005000,0.00950628
2026-03-24 16:00:00.003,0.00005000,0.00929404
2026-03-24 20:00:00.000,0.00005000,0.00922317
2026-03-25 00:00:00.000,0.00005000,0.00940000
2026-03-25 04:00:00.000,0.00005000,0.00944620
2026-03-25 08:00:00.000,0.00005000,0.00935866
2026-03-25 12:00:00.005,0.00005000,0.00922000
2026-03-25 16:00:00.013,0.00005000,0.00916131
2026-03-25 20:00:00.001,0.00005000,0.00902000
2026-03-26 00:00:00.001,0.00005000,0.00897490
2026-03-26 04:00:00.002,0.00005000,0.00895510
2026-03-26 08:00:00.001,0.00005000,0.00894000
2026-03-26 12:00:00.000,0.00005000,0.00861071
2026-03-26 16:00:00.000,0.00005000,0.00860000
2026-03-26 20:00:00.003,0.00005000,0.00840940
2026-03-27 00:00:00.006,0.00005000,0.00856031
2026-03-27 04:00:00.001,0.00005000,0.00853505
2026-03-27 08:00:00.000,0.00005000,0.00861783
2026-03-27 12:00:00.002,0.00005000,0.00851680
2026-03-27 16:00:00.000,0.00005000,0.00878737
2026-03-27 20:00:00.000,0.00005000,0.00875507
2026-03-28 00:00:00.005,0.00005000,0.00858499
2026-03-28 04:00:00.003,0.00005000,0.00867123
2026-03-28 08:00:00.005,0.00005000,0.00867487
2026-03-28 12:00:00.006,0.00005000,0.00855699
2026-03-28 16:00:00.000,0.00005000,0.00863000
2026-03-28 20:00:00.003,0.00005000,0.00886000
2026-03-29 00:00:00.003,0.00005000,0.00889625
2026-03-29 04:00:00.000,0.00005000,0.00881000
2026-03-29 08:00:00.001,0.00005000,0.00881468
2026-03-29 12:00:00.000,0.00005000,0.00873523
2026-03-29 16:00:00.000,0.00005000,0.00849817
2026-03-29 20:00:00.000,0.00005000,0.00834472
2026-03-30 00:00:00.000,0.00005000,0.00825376
2026-03-30 04:00:00.012,0.00005000,0.00840453
2026-03-30 08:00:00.005,0.00005000,0.00850000
2026-03-30 12:00:00.005,0.00005000,0.00858000
2026-03-30 16:00:00.000,0.00005000,0.00851954
2026-03-30 20:00:00.000,0.00005000,0.00838700
2026-03-31 00:00:00.000,0.00005000,0.00836000
2026-03-31 04:00:00.000,0.00005000,0.00839500
2026-03-31 08:00:00.000,0.00005000,0.00844997
2026-03-31 12:00:00.001,0.00005000,0.00837000
2026-03-31 16:00:00.000,0.00005000,0.00831000
2026-03-31 20:00:00.002,0.00005000,0.00851000
2026-04-01 00:00:00.000,0.00005000,0.00864000
2026-04-01 04:00:00.004,0.00005000,0.00864000
2026-04-01 08:00:00.000,0.00005000,0.00871000
2026-04-01 12:00:00.000,0.00005000,0.00860000
2026-04-01 16:00:00.000,0.00005000,0.00865709
2026-04-01 20:00:00.000,0.00005000,0.00873000
2026-04-02 00:00:00.003,0.00005000,0.00886903
2026-04-02 04:00:00.003,0.00005000,0.00859823
2026-04-02 08:00:00.001,0.00005000,0.00869516
2026-04-02 12:00:00.003,0.00005000,0.00865537
2026-04-02 16:00:00.001,0.00005000,0.00898260
2026-04-02 20:00:00.003,0.00005000,0.00911307
2026-04-03 00:00:00.000,0.00005000,0.00915147
2026-04-03 04:00:00.000,0.00005000,0.00924845
2026-04-03 08:00:00.008,0.00005000,0.00924903
2026-04-03 12:00:00.006,0.00005000,0.00941449
2026-04-03 16:00:00.008,0.00005000,0.00923729
2026-04-03 20:00:00.001,0.00005000,0.00934569
2026-04-04 00:00:00.000,0.00005000,0.00925640
2026-04-04 04:00:00.001,0.00005000,0.00917502
2026-04-04 08:00:00.003,0.00005000,0.00914000
2026-04-04 12:00:00.000,0.00005000,0.00910000
2026-04-04 16:00:00.000,0.00005000,0.00894889
2026-04-04 20:00:00.000,0.00005000,0.00883000
2026-04-05 00:00:00.008,0.00005000,0.00881413
2026-04-05 04:00:00.002,0.00005000,0.00870488
2026-04-05 08:00:00.000,0.00005000,0.00850000
2026-04-05 12:00:00.003,0.00005000,0.00898000
2026-04-05 16:00:00.001,0.00005000,0.00873564
2026-04-05 20:00:00.003,0.00005000,0.00904000
2026-04-06 00:00:00.004,0.00005000,0.00893507
2026-04-06 04:00:00.005,0.00005000,0.00893487
2026-04-06 08:00:00.001,0.00005000,0.00915000
2026-04-06 12:00:00.002,0.00005000,0.00932891
2026-04-06 16:00:00.003,0.00005000,0.00932262
2026-04-06 20:00:00.000,0.00005000,0.00936697
2026-04-07 00:00:00.000,0.00005000,0.00950546
2026-04-07 04:00:00.003,0.00005000,0.00911400
2026-04-07 08:00:00.000,0.00005000,0.00906765
2026-04-07 12:00:00.008,0.00005000,0.00894000
2026-04-07 16:00:00.000,0.00005000,0.00873228
2026-04-07 20:00:00.000,0.00005000,0.00911617
2026-04-08 00:00:00.000,0.00005000,0.00956517
2026-04-08 04:00:00.002,0.00005000,0.00966441
2026-04-08 08:00:00.000,0.00005000,0.00981000
2026-04-08 12:00:00.013,0.00005000,0.00966373
2026-04-08 16:00:00.006,0.00005000,0.00957000
2026-04-08 20:00:00.005,0.00005000,0.00952000
2026-04-09 00:00:00.000,0.00005000,0.00932331
2026-04-09 04:00:00.005,0.00005000,0.00934453
2026-04-09 08:00:00.010,0.00005000,0.00920388
2026-04-09 12:00:00.001,0.00005000,0.00924000
2026-04-09 16:00:00.001,0.00005000,0.00923406
2026-04-09 20:00:00.001,0.00005000,0.00912460
2026-04-10 00:00:00.000,0.00005000,0.00891051
2026-04-10 04:00:00.000,0.00005000,0.00895338
2026-04-10 08:00:00.005,0.00005000,0.00900000
2026-04-10 12:00:00.000,0.00005000,0.00899505
2026-04-10 16:00:00.000,0.00005000,0.00905634
2026-04-10 20:00:00.002,0.00005000,0.00911737
2026-04-11 00:00:00.000,0.00005000,0.00909000
2026-04-11 04:00:00.009,0.00005000,0.00893960
2026-04-11 08:00:00.000,0.00005000,0.00922436
2026-04-11 12:00:00.002,0.00005000,0.00930140
2026-04-11 16:00:00.003,0.00005000,0.00926000
2026-04-11 20:00:00.001,0.00005000,0.00932520
2026-04-12 00:00:00.000,0.00005000,0.00918000
2026-04-12 04:00:00.000,0.00005000,0.00933673
2026-04-12 08:00:00.000,0.00005000,0.00914060
2026-04-12 12:00:00.000,0.00005000,0.00928000
2026-04-12 16:00:00.000,0.00005000,0.00936386
2026-04-12 20:00:00.013,0.00005000,0.00951501
2026-04-13 00:00:00.011,0.00005000,0.00922751
2026-04-13 04:00:00.003,0.00005000,0.00937000
2026-04-13 08:00:00.006,0.00005000,0.00945171
2026-04-13 12:00:00.010,0.00005000,0.00942459
2026-04-13 16:00:00.000,0.00005000,0.01005000
2026-04-13 20:00:00.000,0.00005000,0.01056000
2026-04-14 00:00:00.005,0.00005000,0.01054000
2026-04-14 04:00:00.000,0.00005000,0.01016454
2026-04-14 08:00:00.003,0.00005000,0.01014000
2026-04-14 12:00:00.000,0.00005000,0.01092191
2026-04-14 16:00:00.001,0.00005000,0.01071169
2026-04-14 20:00:00.009,0.00005000,0.01097073
2026-04-15 00:00:00.000,0.00005000,0.01071000
2026-04-15 04:00:00.000,0.00005000,0.01087353
2026-04-15 08:00:00.000,0.00005000,0.01048415
2026-04-15 12:00:00.000,0.00005000,0.01047966
2026-04-15 16:00:00.000,0.00005000,0.01003000
2026-04-15 20:00:00.009,0.00005000,0.01010367
2026-04-16 00:00:00.013,0.00005000,0.01024000
2026-04-16 04:00:00.008,0.00005000,0.01061000
2026-04-16 08:00:00.000,0.00005000,0.01090294
2026-04-16 12:00:00.004,0.00005000,0.01082000
2026-04-16 16:00:00.000,0.00005000,0.01102979
2026-04-16 20:00:00.000,0.00005000,0.01157000
2026-04-17 00:00:00.001,0.00005000,0.01237038
2026-04-17 04:00:00.003,0.00005000,0.01235406
2026-04-17 08:00:00.011,0.00005000,0.01194000
2026-04-17 12:00:00.003,0.00005000,0.01256732
2026-04-17 16:00:00.001,0.00005000,0.01223000
2026-04-17 20:00:00.005,0.00005000,0.01258926
2026-04-18 00:00:00.001,0.00005000,0.01284203
2026-04-18 04:00:00.003,0.00005000,0.01269072
2026-04-18 08:00:00.006,0.00005000,0.01251000
2026-04-18 12:00:00.000,0.00005000,0.01153000
2026-04-18 16:00:00.000,0.00005000,0.01147113
2026-04-18 20:00:00.002,0.00005000,0.01091373
2026-04-19 00:00:00.002,0.00005000,0.01110000
2026-04-19 04:00:00.000,0.00005000,0.01088000
2026-04-19 08:00:00.010,0.00005000,0.01071000
2026-04-19 12:00:00.003,0.00005000,0.01073000
2026-04-19 16:00:00.001,0.00005000,0.01113171
2026-04-19 20:00:00.005,0.00005000,0.01101000
2026-04-20 00:00:00.000,0.00005000,0.01051000
2026-04-20 04:00:00.001,0.00005000,0.01065771
2026-04-20 08:00:00.000,0.00005000,0.01060857
2026-04-20 12:00:00.009,0.00005000,0.01082000
2026-04-20 16:00:00.001,0.00005000,0.01089472
2026-04-20 20:00:00.000,0.00005000,0.01105000
2026-04-21 00:00:00.000,0.00005000,0.01107510
2026-04-21 04:00:00.000,0.00005000,0.01094000
2026-04-21 08:00:00.004,0.00005000,0.01080120
2026-04-21 12:00:00.000,0.00005000,0.01093851
2026-04-21 16:00:00.004,0.00005000,0.01084000
2026-04-21 20:00:00.003,0.00005000,0.01083700
2026-04-22 00:00:00.004,0.00005000,0.01103351
2026-04-22 04:00:00.003,0.00005000,0.01103497
2026-04-22 08:00:00.000,0.00005000,0.01102183
2026-04-22 12:00:00.000,0.00005000,0.01096600
2026-04-22 16:00:00.000,0.00005000,0.01096484
2026-04-22 20:00:00.003,0.00005000,0.01099000
2026-04-23 00:00:00.000,0.00005000,0.01071247
2026-04-23 04:00:00.000,0.00005000,0.01050391
2026-04-23 08:00:00.000,0.00005000,0.01057777
2026-04-23 12:00:00.000,0.00005000,0.01059000
2026-04-23 16:00:00.004,0.00005000,0.01086500
2026-04-23 20:00:00.006,0.00005000,0.01096897
2026-04-24 00:00:00.006,0.00005000,0.01103000
2026-04-24 04:00:00.000,0.00005000,0.01098000
2026-04-24 08:00:00.000,0.00005000,0.01150688
2026-04-24 12:00:00.002,0.00005000,0.01129000
2026-04-24 16:00:00.000,0.00005000,0.01118235
2026-04-24 20:00:00.003,0.00005000,0.01128544
2026-04-25 00:00:00.000,0.00005000,0.01126083
2026-04-25 04:00:00.005,0.00005000,0.01145110
2026-04-25 08:00:00.002,0.00005000,0.01147086
2026-04-25 12:00:00.001,0.00005000,0.01123311
2026-04-25 16:00:00.002,0.00005000,0.01112000
2026-04-25 20:00:00.001,0.00005000,0.01117000
2026-04-26 00:00:00.003,0.00005000,0.01120508
2026-04-26 04:00:00.001,0.00005000,0.01106515
2026-04-26 08:00:00.007,0.00005000,0.01129897
2026-04-26 12:00:00.001,0.00005000,0.01124000
2026-04-26 16:00:00.004,0.00005000,0.01129200
2026-04-26 20:00:00.014,0.00005000,0.01128000
2026-04-27 00:00:00.004,0.00005000,0.01105163
2026-04-27 04:00:00.000,0.00005000,0.01108591
2026-04-27 08:00:00.000,0.00005000,0.01069000
2026-04-27 12:00:00.004,0.00005000,0.01074000
2026-04-27 16:00:00.002,0.00005000,0.01051000
2026-04-27 20:00:00.000,0.00005000,0.01047000
2026-04-28 00:00:00.001,0.00005000,0.01058572
2026-04-28 04:00:00.006,0.00005000,0.01071517
2026-04-28 08:00:00.000,0.00005000,0.01062000
2026-04-28 12:00:00.000,0.00005000,0.01078604
2026-04-28 16:00:00.004,0.00005000,0.01103000
2026-04-28 20:00:00.001,0.00005000,0.01170078
2026-04-29 00:00:00.006,0.00005000,0.01165059
2026-04-29 04:00:00.003,0.00005000,0.01100217
2026-04-29 08:00:00.011,0.00005000,0.01091462
2026-04-29 12:00:00.000,0.00005000,0.01100357
2026-04-29 16:00:00.003,0.00005000,0.01067386
2026-04-29 20:00:00.004,0.00005000,0.01053000
2026-04-30 00:00:00.002,0.00005000,0.01074000
2026-04-30 04:00:00.000,0.00005000,0.01070260
2026-04-30 08:00:00.000,0.00005000,0.01078503
2026-04-30 12:00:00.000,0.00005000,0.01072000
2026-04-30 16:00:00.000,0.00005000,0.01084709
2026-04-30 20:00:00.002,0.00005000,0.01070691
2026-05-01 00:00:00.000,0.00005000,0.01062720
2026-05-01 04:00:00.003,0.00005000,0.01068000
2026-05-01 08:00:00.005,0.00005000,0.01063989
2026-05-01 12:00:00.000,0.00005000,0.01056000
2026-05-01 16:00:00.000,0.00005000,0.01072583
2026-05-01 20:00:00.009,0.00005000,0.01067669
2026-05-02 00:00:00.006,0.00005000,0.01062073
2026-05-02 04:00:00.000,0.00005000,0.01063057
2026-05-02 08:00:00.000,0.00005000,0.01062057
2026-05-02 12:00:00.009,0.00005000,0.01057103
2026-05-02 16:00:00.010,0.00005000,0.01079338
2026-05-02 20:00:00.000,0.00005000,0.01104780
2026-05-03 00:00:00.005,0.00005000,0.01091000
2026-05-03 04:00:00.014,0.00005000,0.01083467
2026-05-03 08:00:00.003,0.00005000,0.01074475
2026-05-03 12:00:00.004,0.00005000,0.01145656
2026-05-03 16:00:00.000,0.00005000,0.01155460
2026-05-03 20:00:00.000,0.00005000,0.01173042
2026-05-04 00:00:00.000,0.00005000,0.01162000
2026-05-04 04:00:00.003,0.00005000,0.01244499
2026-05-04 08:00:00.000,0.00005000,0.01235875
2026-05-04 12:00:00.000,-0.00001653,0.01332562
2026-05-04 16:00:00.003,0.00005000,0.01358751
2026-05-04 20:00:00.007,0.00005000,0.01395883
2026-05-05 00:00:00.000,0.00004631,0.01386886
2026-05-05 04:00:00.000,0.00005000,0.01334786
2026-05-05 08:00:00.011,0.00005000,0.01316842
2026-05-05 12:00:00.006,0.00005000,0.01279279
2026-05-05 16:00:00.000,0.00005000,0.01275000
2026-05-05 20:00:00.000,0.00005000,0.01293681
2026-05-06 00:00:00.010,0.00005000,0.01306000
2026-05-06 04:00:00.000,0.00005000,0.01257000
2026-05-06 08:00:00.000,0.00005000,0.01235000
2026-05-06 12:00:00.000,0.00005000,0.01273714
2026-05-06 16:00:00.002,0.00005000,0.01248000
2026-05-06 20:00:00.000,0.00005000,0.01245671
2026-05-07 00:00:00.000,0.00005000,0.01280000
2026-05-07 04:00:00.001,0.00005000,0.01321000
2026-05-07 08:00:00.000,0.00005000,0.01306000
2026-05-07 12:00:00.000,0.00005000,0.01311601
2026-05-07 16:00:00.004,0.00005000,0.01330627
2026-05-07 20:00:00.005,0.00004533,0.01379407
2026-05-08 00:00:00.003,0.00005000,0.01334424
2026-05-08 04:00:00.000,0.00005000,0.01324558
2026-05-08 08:00:00.002,0.00005000,0.01338448
2026-05-08 12:00:00.000,0.00005000,0.01315348
2026-05-08 16:00:00.003,0.00005000,0.01320414
2026-05-08 20:00:00.000,0.00005000,0.01353667
2026-05-09 00:00:00.000,0.00005000,0.01379527
2026-05-09 04:00:00.000,0.00005000,0.01358233
2026-05-09 08:00:00.001,0.00005000,0.01346000
2026-05-09 12:00:00.000,0.00005000,0.01450000
2026-05-09 16:00:00.002,0.00005000,0.01404000
2026-05-09 20:00:00.000,0.00005000,0.01413000
2026-05-10 00:00:00.003,0.00005000,0.01367000
2026-05-10 04:00:00.005,0.00005000,0.01342315
2026-05-10 08:00:00.000,0.00005000,0.01325649
2026-05-10 12:00:00.007,0.00001138,0.01345469
2026-05-10 16:00:00.000,0.00005000,0.01373000
2026-05-10 20:00:00.002,0.00005000,0.01388000
2026-05-11 00:00:00.000,0.00005000,0.01385000
2026-05-11 04:00:00.000,0.00004731,0.01363000
2026-05-11 08:00:00.000,0.00005000,0.01359226
2026-05-11 12:00:00.001,0.00005000,0.01378000
2026-05-11 16:00:00.000,0.00005000,0.01374000
2026-05-11 20:00:00.014,0.00003186,0.01408000
2026-05-12 00:00:00.002,0.00005000,0.01411000
2026-05-12 04:00:00.000,0.00005000,0.01385531
2026-05-12 08:00:00.008,0.00005000,0.01389195
2026-05-12 12:00:00.003,0.00005000,0.01355000
2026-05-12 16:00:00.000,0.00005000,0.01341040
2026-05-12 20:00:00.000,0.00005000,0.01344488
2026-05-13 00:00:00.010,0.00005000,0.01320507
2026-05-13 04:00:00.003,0.00005000,0.01361302
2026-05-13 08:00:00.003,0.00005000,0.01351627
2026-05-13 12:00:00.004,0.00005000,0.01335000
2026-05-13 16:00:00.001,0.00005000,0.01245000
2026-05-13 20:00:00.004,0.00005000,0.01258000
2026-05-14 00:00:00.005,0.00005000,0.01253000
2026-05-14 04:00:00.005,-0.00000794,0.01223000
2026-05-14 08:00:00.000,0.00005000,0.01237422
2026-05-14 12:00:00.001,0.00005000,0.01257616
2026-05-14 16:00:00.000,0.00005000,0.01298000
2026-05-14 20:00:00.000,0.00005000,0.01284393
2026-05-15 00:00:00.000,0.00005000,0.01269000
2026-05-15 04:00:00.006,0.00005000,0.01272229
2026-05-15 08:00:00.016,0.00005000,0.01259340
2026-05-15 12:00:00.001,0.00005000,0.01291198
2026-05-15 16:00:00.012,0.00003849,0.01226000
2026-05-15 20:00:00.001,0.00005000,0.01232500
2026-05-16 00:00:00.005,0.00005000,0.01218387
2026-05-16 04:00:00.000,0.00005000,0.01217467
2026-05-16 08:00:00.000,0.00005000,0.01157352
2026-05-16 12:00:00.002,0.00005000,0.01150172
2026-05-16 16:00:00.005,0.00005000,0.01135000
2026-05-16 20:00:00.000,0.00005000,0.01128469
2026-05-17 00:00:00.000,0.00005000,0.01130508
2026-05-17 04:00:00.012,0.00005000,0.01134000
2026-05-17 08:00:00.010,0.00005000,0.01147000
2026-05-17 12:00:00.014,0.00005000,0.01127000
2026-05-17 16:00:00.009,0.00005000,0.01145475
2026-05-17 20:00:00.002,0.00005000,0.01159000
2026-05-18 00:00:00.007,0.00005000,0.01103091
2026-05-18 04:00:00.000,0.00005000,0.01103500
2026-05-18 08:00:00.002,0.00005000,0.01104879
2026-05-18 12:00:00.001,0.00005000,0.01105120
2026-05-18 16:00:00.007,0.00005000,0.01094000
2026-05-18 20:00:00.000,0.00005000,0.01099000
2026-05-19 00:00:00.001,0.00005000,0.01106441
2026-05-19 04:00:00.003,0.00005000,0.01113500
2026-05-19 08:00:00.001,0.00005000,0.01123000
2026-05-19 12:00:00.000,-0.00002048,0.01083380
2026-05-19 16:00:00.009,-0.00000809,0.01126126
2026-05-19 20:00:00.001,0.00005000,0.01125185
2026-05-20 00:00:00.001,0.00005000,0.01097484
2026-05-20 04:00:00.001,0.00005000,0.01096085
2026-05-20 08:00:00.006,0.00005000,0.01106000
2026-05-20 12:00:00.001,0.00005000,0.01105000
2026-05-20 16:00:00.000,0.00005000,0.01117015
2026-05-20 20:00:00.019,0.00005000,0.01114283
2026-05-21 00:00:00.001,0.00005000,0.01133324
2026-05-21 04:00:00.000,0.00005000,0.01167243
2026-05-21 08:00:00.000,0.00005000,0.01158223
2026-05-21 12:00:00.000,0.00005000,0.01139000
2026-05-21 16:00:00.000,0.00005000,0.01180230
2026-05-21 20:00:00.001,0.00005000,0.01187000
2026-05-22 00:00:00.000,0.00005000,0.01185560
2026-05-22 04:00:00.000,0.00005000,0.01192000
2026-05-22 08:00:00.004,0.00005000,0.01171466
2026-05-22 12:00:00.000,0.00005000,0.01162871
2026-05-22 16:00:00.001,0.00005000,0.01139291
2026-05-22 20:00:00.002,0.00005000,0.01101624
2026-05-23 00:00:00.009,0.00005000,0.01084000
2026-05-23 04:00:00.006,0.00005000,0.01105500
2026-05-23 08:00:00.001,0.00005000,0.01062571
2026-05-23 12:00:00.000,0.00005000,0.01060470
2026-05-23 16:00:00.003,0.00005000,0.01085000
2026-05-23 20:00:00.007,0.00005000,0.01097126
2026-05-24 00:00:00.011,0.00005000,0.01107000
2026-05-24 04:00:00.001,0.00005000,0.01092000
2026-05-24 08:00:00.008,0.00005000,0.01090034
2026-05-24 12:00:00.001,0.00005000,0.01077466
2026-05-24 16:00:00.000,0.00005000,0.01068000
2026-05-24 20:00:00.002,0.00005000,0.01066427
2026-05-25 00:00:00.001,0.00005000,0.01060000
2026-05-25 04:00:00.000,0.00005000,0.01059491
2026-05-25 08:00:00.001,0.00005000,0.01089495
2026-05-25 12:00:00.008,0.00005000,0.01084139
2026-05-25 16:00:00.001,0.00005000,0.01086326
2026-05-25 20:00:00.000,0.00005000,0.01078450
2026-05-26 00:00:00.000,0.00005000,0.01056485
2026-05-26 04:00:00.003,0.00005000,0.01045114
2026-05-26 08:00:00.003,0.00005000,0.01040454
2026-05-26 12:00:00.000,0.00005000,0.01056640
2026-05-26 16:00:00.000,0.00005000,0.01052000
2026-05-26 20:00:00.000,0.00005000,0.01029580
2026-05-27 00:00:00.000,0.00005000,0.01019101
2026-05-27 04:00:00.002,0.00005000,0.01015166
2026-05-27 08:00:00.004,0.00005000,0.01029389
2026-05-27 12:00:00.007,0.00005000,0.01036000
2026-05-27 16:00:00.009,0.00005000,0.01037377
2026-05-27 20:00:00.001,0.00005000,0.01020087
2026-05-28 00:00:00.001,0.00005000,0.01002287
2026-05-28 04:00:00.000,0.00005000,0.00963000
2026-05-28 08:00:00.000,0.00005000,0.00969397
2026-05-28 12:00:00.000,0.00005000,0.00959010
2026-05-28 16:00:00.001,0.00005000,0.00957843
2026-05-28 20:00:00.005,0.00005000,0.00971317
2026-05-29 00:00:00.000,0.00005000,0.00971877
2026-05-29 04:00:00.000,0.00005000,0.00963000
2026-05-29 08:00:00.001,0.00005000,0.00943560
2026-05-29 12:00:00.001,0.00005000,0.00947000
2026-05-29 16:00:00.008,0.00005000,0.00977083
2026-05-29 20:00:00.000,0.00005000,0.00965500
2026-05-30 00:00:00.000,0.00005000,0.00966629
2026-05-30 04:00:00.004,0.00005000,0.00999677
2026-05-30 08:00:00.001,0.00005000,0.01019410
2026-05-30 12:00:00.000,0.00005000,0.01006114
2026-05-30 16:00:00.000,0.00005000,0.01038000
2026-05-30 20:00:00.000,0.00005000,0.01049500
2026-05-31 00:00:00.000,0.00005000,0.01038667
2026-05-31 04:00:00.006,0.00005000,0.01037000
2026-05-31 08:00:00.000,0.00005000,0.01009430
2026-05-31 12:00:00.005,0.00005000,0.01006000
2026-05-31 16:00:00.004,0.00005000,0.01013000
2026-05-31 20:00:00.010,0.00005000,0.01000271
2026-06-01 00:00:00.001,0.00005000,0.01026042
2026-06-01 04:00:00.006,0.00005000,0.01066354
2026-06-01 08:00:00.001,0.00005000,0.01027000
2026-06-01 12:00:00.000,0.00005000,0.01017000
2026-06-01 16:00:00.000,0.00005000,0.01012000
2026-06-01 20:00:00.000,0.00005000,0.01035000
2026-06-02 00:00:00.000,0.00005000,0.01030000
2026-06-02 04:00:00.008,0.00005000,0.01025433
2026-06-02 08:00:00.000,0.00005000,0.01018000
2026-06-02 12:00:00.002,0.00005000,0.01022314
2026-06-02 16:00:00.000,0.00005000,0.00966323
2026-06-02 20:00:00.000,0.00005000,0.00971000
2026-06-03 00:00:00.013,0.00005000,0.00956689
2026-06-03 04:00:00.000,0.00005000,0.00925729
2026-06-03 08:00:00.000,0.00005000,0.00962951
2026-06-03 12:00:00.000,0.00005000,0.00996000
2026-06-03 16:00:00.001,0.00005000,0.00978496
2026-06-03 20:00:00.002,0.00005000,0.00965320
2026-06-04 00:00:00.009,0.00005000,0.00962358
2026-06-04 04:00:00.000,0.00005000,0.00918467
2026-06-04 08:00:00.000,0.00005000,0.00899000
2026-06-04 12:00:00.002,0.00005000,0.00903829
2026-06-04 16:00:00.003,0.00005000,0.00961769
2026-06-04 20:00:00.001,0.00005000,0.00962000
2026-06-05 00:00:00.000,0.00005000,0.00955000
2026-06-05 04:00:00.001,0.00005000,0.00973000
2026-06-05 08:00:00.004,0.00005000,0.01059782
2026-06-05 12:00:00.000,0.00005000,0.01030000
2026-06-05 16:00:00.009,0.00005000,0.00998140
2026-06-05 20:00:00.000,0.00005000,0.01040256
2026-06-06 00:00:00.000,0.00005000,0.01041000
2026-06-06 04:00:00.000,0.00005000,0.00986000
2026-06-06 08:00:00.000,0.00005000,0.00992217
2026-06-06 12:00:00.002,0.00005000,0.01041000
2026-06-06 16:00:00.000,0.00005000,0.01034000
2026-06-06 20:00:00.003,0.00005000,0.01043000
2026-06-07 00:00:00.001,0.00005000,0.01074000
2026-06-07 04:00:00.000,0.00005000,0.01128000
2026-06-07 08:00:00.000,0.00005000,0.01116311
2026-06-07 12:00:00.000,0.00005000,0.01097469
2026-06-07 16:00:00.000,0.00005000,0.01061000
2026-06-07 20:00:00.000,0.00005000,0.00968966
2026-06-08 00:00:00.000,0.00005000,0.01004000
2026-06-08 04:00:00.009,0.00005000,0.00985308
2026-06-08 08:00:00.005,0.00005000,0.00978000
2026-06-08 12:00:00.001,0.00005000,0.01021000
2026-06-08 16:00:00.004,0.00005000,0.01010000
2026-06-08 20:00:00.000,0.00005000,0.01026475
2026-06-09 00:00:00.000,0.00005000,0.01025531
2026-06-09 04:00:00.003,0.00005000,0.01038617
2026-06-09 08:00:00.000,0.00005000,0.01013534
2026-06-09 12:00:00.000,0.00005000,0.01008849
2026-06-09 16:00:00.001,0.00005000,0.00986000
2026-06-09 20:00:00.000,0.00005000,0.01013307
2026-06-10 00:00:00.001,0.00005000,0.01003444
2026-06-10 04:00:00.002,0.00005000,0.01005000
2026-06-10 08:00:00.011,0.00005000,0.00996000
2026-06-10 12:00:00.002,0.00005000,0.00992000
2026-06-10 16:00:00.009,0.00005000,0.01012000
2026-06-10 20:00:00.003,0.00001124,0.01001000
2026-06-11 00:00:00.000,0.00005000,0.01003366
2026-06-11 04:00:00.000,0.00005000,0.01026000
2026-06-11 08:00:00.004,0.00005000,0.01009290
2026-06-11 12:00:00.005,0.00005000,0.01013314
2026-06-11 16:00:00.000,0.00005000,0.01014506
2026-06-11 20:00:00.014,0.00005000,0.01020420
2026-06-12 00:00:00.000,0.00005000,0.01011000
2026-06-12 04:00:00.000,0.00005000,0.01002387
2026-06-12 08:00:00.000,0.00005000,0.01025000
2026-06-12 12:00:00.000,0.00005000,0.01042300
2026-06-12 16:00:00.000,0.00005000,0.01078000
2026-06-12 20:00:00.000,0.00005000,0.01063000
2026-06-13 00:00:00.000,0.00005000,0.01072000
2026-06-13 04:00:00.000,0.00005000,0.01040250
2026-06-13 08:00:00.007,0.00005000,0.01039784
2026-06-13 12:00:00.004,0.00005000,0.01068536
2026-06-13 16:00:00.002,0.00005000,0.01079770
2026-06-13 20:00:00.004,0.00005000,0.01074011
2026-06-14 00:00:00.005,0.00005000,0.01061000
2026-06-14 04:00:00.012,0.00005000,0.01075969
2026-06-14 08:00:00.009,0.00005000,0.01068765
2026-06-14 12:00:00.000,0.00005000,0.01079877
2026-06-14 16:00:00.000,0.00005000,0.01066911
2026-06-14 20:00:00.010,0.00005000,0.01068461
2026-06-15 00:00:00.013,0.00005000,0.01098094
2026-06-15 04:00:00.001,0.00005000,0.01094000
2026-06-15 08:00:00.013,0.00005000,0.01085552
2026-06-15 12:00:00.000,0.00005000,0.01104000
2026-06-15 16:00:00.004,0.00005000,0.01098000
2026-06-15 20:00:00.002,0.00005000,0.01060000
2026-06-16 00:00:00.000,0.00005000,0.01043000
2026-06-16 04:00:00.000,0.00005000,0.01038330
2026-06-16 08:00:00.000,0.00005000,0.01043000
2026-06-16 12:00:00.000,0.00005000,0.01074000
2026-06-16 16:00:00.001,0.00005000,0.01081399
2026-06-16 20:00:00.000,0.00005000,0.01078089
2026-06-17 00:00:00.012,0.00005000,0.01043385
2026-06-17 04:00:00.000,0.00005000,0.01054390
2026-06-17 08:00:00.000,0.00005000,0.01045428
2026-06-17 12:00:00.000,0.00005000,0.01033446
2026-06-17 16:00:00.000,0.00005000,0.01064357
2026-06-17 20:00:00.000,0.00005000,0.01032840
2026-06-18 00:00:00.002,0.00005000,0.01039647
2026-06-18 04:00:00.000,0.00005000,0.01023000
2026-06-18 08:00:00.000,0.00005000,0.01032054
2026-06-18 12:00:00.004,0.00005000,0.01015317
2026-06-18 16:00:00.001,-0.00000422,0.01002871
2026-06-18 20:00:00.000,0.00005000,0.01011007
2026-06-19 00:00:00.005,0.00005000,0.01012597
2026-06-19 04:00:00.000,0.00005000,0.01023335
2026-06-19 08:00:00.001,0.00005000,0.01029340
2026-06-19 12:00:00.000,0.00005000,0.01147377
2026-06-19 16:00:00.001,0.00005000,0.01053000
2026-06-19 20:00:00.000,0.00005000,0.01080290
2026-06-20 00:00:00.001,0.00005000,0.01071000
2026-06-20 04:00:00.000,0.00005000,0.01068383
2026-06-20 08:00:00.000,0.00005000,0.01059000
2026-06-20 12:00:00.001,0.00005000,0.01056393
2026-06-20 16:00:00.001,0.00005000,0.01046498
2026-06-20 20:00:00.000,0.00005000,0.01040000
2026-06-21 00:00:00.000,0.00005000,0.01050000
2026-06-21 04:00:00.000,0.00005000,0.01050926
2026-06-21 08:00:00.000,0.00005000,0.01048000
2026-06-21 12:00:00.001,0.00005000,0.01050000
2026-06-21 16:00:00.000,0.00005000,0.01048954
2026-06-21 20:00:00.004,0.00005000,0.01060000
2026-06-22 00:00:00.000,0.00005000,0.01026227
2026-06-22 04:00:00.000,0.00005000,0.01033313
2026-06-22 08:00:00.000,0.00005000,0.01026000
2026-06-22 12:00:00.000,0.00005000,0.01035331
2026-06-22 16:00:00.002,0.00005000,0.01026434
2026-06-22 20:00:00.000,0.00005000,0.01010210
2026-06-23 00:00:00.003,0.00005000,0.01001300
2026-06-23 04:00:00.000,0.00005000,0.01020300
2026-06-23 08:00:00.005,0.00005000,0.01037000
2026-06-23 12:00:00.000,0.00005000,0.01038191
2026-06-23 16:00:00.002,0.00005000,0.01060574
2026-06-23 20:00:00.000,0.00005000,0.01029000
2026-06-24 00:00:00.005,0.00005000,0.01040549
2026-06-24 08:00:00.005,0.00005000,0.01064860
2026-06-24 12:00:00.005,0.00005000,0.01080480
2026-06-24 16:00:00.003,0.00005000,0.01011766
2026-06-24 20:00:00.006,0.00005000,0.01014966
2026-06-25 00:00:00.000,0.00005000,0.01033000
2026-06-25 04:00:00.008,0.00005000,0.01036000
2026-06-25 08:00:00.000,0.00005000,0.01044000
2026-06-25 12:00:00.006,0.00005000,0.01040321
2026-06-25 16:00:00.000,0.00005000,0.01060000
2026-06-25 20:00:00.011,-0.00000345,0.01072000
2026-06-26 00:00:00.010,0.00005000,0.01064743
2026-06-26 04:00:00.001,0.00005000,0.01079140
2026-06-26 08:00:00.002,0.00005000,0.01071000
2026-06-26 12:00:00.004,0.00005000,0.01075738
2026-06-26 16:00:00.000,0.00005000,0.01107000
2026-06-26 20:00:00.000,0.00005000,0.01107187
2026-06-27 00:00:00.000,0.00005000,0.01081515
2026-06-27 04:00:00.000,0.00005000,0.01084000
2026-06-27 08:00:00.000,0.00005000,0.01071000
2026-06-27 12:00:00.001,0.00005000,0.01053764
2026-06-27 16:00:00.009,0.00005000,0.01051000
2026-06-27 20:00:00.000,0.00000158,0.01035000
2026-06-28 00:00:00.000,0.00005000,0.01025000
2026-06-28 04:00:00.002,0.00005000,0.01061631
2026-06-28 08:00:00.013,-0.00000798,0.01055000
2026-06-28 12:00:00.008,0.00005000,0.01077900
2026-06-28 16:00:00.000,0.00005000,0.01044000
2026-06-28 20:00:00.003,0.00005000,0.01032000
2026-06-29 00:00:00.006,0.00005000,0.01041000
2026-06-29 04:00:00.000,0.00005000,0.01048000
2026-06-29 08:00:00.013,0.00005000,0.01063860
2026-06-29 12:00:00.001,0.00005000,0.01060663
2026-06-29 16:00:00.004,0.00005000,0.01054763
2026-06-29 20:00:00.000,0.00005000,0.01050000
2026-06-30 00:00:00.000,0.00005000,0.01036000
2026-06-30 04:00:00.000,0.00005000,0.01036103
2026-06-30 08:00:00.000,0.00005000,0.01043486
2026-06-30 12:00:00.002,0.00005000,0.01032477
2026-06-30 16:00:00.005,0.00005000,0.01039447
2026-06-30 20:00:00.003,0.00005000,0.01042937
2026-07-01 00:00:00.000,0.00005000,0.01037007
2026-07-01 04:00:00.001,0.00005000,0.01061463
2026-07-01 08:00:00.000,0.00005000,0.01057516
2026-07-01 12:00:00.000,0.00005000,0.01058595
2026-07-01 16:00:00.000,0.00005000,0.01067566
2026-07-01 20:00:00.000,0.00005000,0.01059386
2026-07-02 00:00:00.000,0.00005000,0.01072820
2026-07-02 04:00:00.003,0.00005000,0.01074254
2026-07-02 08:00:00.000,0.00005000,0.01064815
2026-07-02 12:00:00.005,0.00005000,0.01057513
2026-07-02 16:00:00.000,0.00005000,0.01070000
2026-07-02 20:00:00.008,0.00005000,0.01052237
2026-07-03 00:00:00.000,0.00005000,0.01049000
2026-07-03 04:00:00.000,0.00005000,0.01067577
2026-07-03 08:00:00.007,0.00005000,0.01071497
2026-07-03 12:00:00.002,0.00005000,0.01087546
2026-07-03 16:00:00.000,0.00005000,0.01107571
2026-07-03 20:00:00.001,0.00005000,0.01107490
2026-07-04 00:00:00.000,0.00005000,0.01105491
2026-07-04 04:00:00.006,0.00005000,0.01103516
2026-07-04 08:00:00.000,0.00005000,0.01117000
2026-07-04 12:00:00.000,0.00005000,0.01144000
2026-07-04 16:00:00.007,0.00005000,0.01141500
2026-07-04 20:00:00.000,0.00005000,0.01129501
2026-07-05 00:00:00.003,0.00005000,0.01119501
2026-07-05 04:00:00.002,0.00005000,0.01098000
2026-07-05 08:00:00.001,0.00005000,0.01102673
2026-07-05 12:00:00.000,0.00005000,0.01117000
2026-07-05 16:00:00.000,0.00005000,0.01115000
2026-07-05 20:00:00.000,0.00005000,0.01097669
2026-07-06 00:00:00.000,0.00005000,0.01090000
2026-07-06 04:00:00.000,0.00005000,0.01079500
2026-07-06 08:00:00.000,0.00005000,0.01042000
2026-07-06 12:00:00.002,0.00005000,0.01004000
2026-07-06 16:00:00.000,0.00005000,0.01015507
2026-07-06 20:00:00.003,0.00005000,0.01002871
2026-07-07 00:00:00.000,0.00005000,0.01013527
2026-07-07 04:00:00.000,0.00005000,0.00996862
2026-07-07 08:00:00.000,0.00005000,0.00999000
2026-07-07 12:00:00.010,0.00005000,0.01043507
2026-07-07 16:00:00.000,0.00005000,0.01026000
2026-07-07 20:00:00.000,0.00005000,0.01009000
2026-07-08 00:00:00.000,0.00005000,0.00999806
2026-07-08 04:00:00.003,0.00005000,0.00981000
2026-07-08 08:00:00.000,0.00005000,0.00984485
2026-07-08 12:00:00.005,0.00005000,0.00976679
2026-07-08 16:00:00.000,0.00005000,0.00961128
2026-07-08 20:00:00.006,0.00005000,0.00964754
2026-07-09 00:00:00.000,0.00005000,0.00963974
2026-07-09 04:00:00.002,0.00005000,0.00972483
2026-07-09 08:00:00.001,0.00005000,0.00983960
2026-07-09 12:00:00.002,0.00005000,0.00997000
2026-07-09 16:00:00.001,0.00005000,0.01084506
2026-07-09 20:00:00.000,0.00005000,0.01070258
2026-07-10 00:00:00.000,0.00005000,0.01062000
2026-07-10 04:00:00.000,0.00005000,0.01074000
2026-07-10 08:00:00.005,0.00005000,0.01077500
2026-07-10 12:00:00.002,0.00005000,0.01070973
2026-07-10 16:00:00.005,0.00005000,0.01094691
2026-07-10 20:00:00.000,0.00005000,0.01128000
2026-07-11 00:00:00.000,0.00005000,0.01161074
2026-07-11 04:00:00.000,0.00005000,0.01149000
2026-07-11 08:00:00.000,0.00005000,0.01155843
2026-07-11 12:00:00.008,0.00005000,0.01257000
2026-07-11 16:00:00.000,0.00005000,0.01290000
2026-07-11 20:00:00.000,0.00005000,0.01292000
2026-07-12 00:00:00.000,0.00005000,0.01276113
2026-07-12 04:00:00.000,0.00005000,0.01270683
2026-07-12 08:00:00.003,0.00005000,0.01220333
2026-07-12 12:00:00.000,0.00005000,0.01211709
2026-07-12 16:00:00.000,0.00005000,0.01241496
2026-07-12 20:00:00.002,0.00005000,0.01232689
2026-07-13 00:00:00.000,0.00005000,0.01223539
2026-07-13 04:00:00.000,0.00005000,0.01214513
2026-07-13 08:00:00.001,0.00005000,0.01233870
2026-07-13 12:00:00.000,0.00005000,0.01243300
2026-07-13 16:00:00.004,0.00005000,0.01214683
2026-07-13 20:00:00.000,0.00005000,0.01204000
2026-07-14 00:00:00.000,0.00005000,0.01252619
2026-07-14 04:00:00.000,0.00005000,0.01236036
2026-07-14 08:00:00.002,0.00005000,0.01248000
2026-07-14 12:00:00.001,0.00001382,0.01267000
2026-07-14 16:00:00.001,0.00002829,0.01288000
2026-07-14 20:00:00.000,0.00005000,0.01266000
2026-07-15 00:00:00.005,0.00005000,0.01253000
2026-07-15 04:00:00.003,0.00005000,0.01248000
2026-07-15 08:00:00.002,0.00005000,0.01256697
2026-07-15 12:00:00.003,0.00005000,0.01246000
2026-07-15 16:00:00.000,0.00005000,0.01290372
2026-07-15 20:00:00.002,0.00005000,0.01288000
2026-07-16 00:00:00.000,0.00005000,0.01292683
2026-07-16 04:00:00.003,0.00005000,0.01317560
2026-07-16 08:00:00.003,0.00005000,0.01264000
2026-07-16 12:00:00.001,0.00005000,0.01259000
2026-07-16 16:00:00.002,0.00005000,0.01308541
2026-07-16 20:00:00.002,0.00005000,0.01279357
2026-07-17 00:00:00.000,0.00005000,0.01300000
2026-07-17 04:00:00.000,0.00005000,0.01289914
2026-07-17 08:00:00.010,0.00005000,0.01310126
2026-07-17 12:00:00.004,0.00005000,0.01310475
2026-07-17 16:00:00.004,0.00005000,0.01309000
2026-07-17 20:00:00.000,0.00005000,0.01316108
2026-07-18 00:00:00.000,0.00005000,0.01328500
2026-07-18 04:00:00.000,0.00005000,0.01292997
2026-07-18 08:00:00.000,0.00005000,0.01277294
2026-07-18 12:00:00.002,0.00005000,0.01299000
2026-07-18 16:00:00.001,0.00005000,0.01289500
2026-07-18 20:00:00.004,0.00005000,0.01314500
2026-07-19 00:00:00.003,0.00005000,0.01336286
2026-07-19 04:00:00.000,0.00005000,0.01321000
2026-07-19 08:00:00.000,0.00005000,0.01310000
2026-07-19 12:00:00.000,0.00005000,0.01308000
2026-07-19 16:00:00.001,0.00005000,0.01317000
2026-07-19 20:00:00.004,0.00005000,0.01307500
2026-07-20 00:00:00.000,0.00005000,0.01301517
2026-07-20 04:00:00.000,0.00005000,0.01366000
2026-07-20 08:00:00.001,0.00005000,0.01335714
2026-07-20 12:00:00.000,0.00005000,0.01314321
2026-07-20 16:00:00.004,0.00005000,0.01378400
2026-07-20 20:00:00.002,0.00005000,0.01430033
2026-07-21 00:00:00.001,0.00005000,0.01424447
2026-07-21 04:00:00.000,0.00005000,0.01500251
2026-07-21 08:00:00.000,0.00005000,0.01566000
2026-07-21 12:00:00.000,0.00005000,0.01520121
2026-07-21 16:00:00.002,0.00005000,0.01520000
2026-07-21 20:00:00.000,0.00005000,0.01524685
2026-07-22 00:00:00.000,0.00005000,0.01508000
2026-07-22 04:00:00.008,0.00005000,0.01488000
2026-07-22 08:00:00.000,0.00005000,0.01504871
2026-07-22 12:00:00.000,0.00005000,0.01416037
2026-07-22 16:00:00.001,0.00005000,0.01406000
2026-07-22 20:00:00.000,0.00005000,0.01381540
2026-07-23 00:00:00.000,0.00005000,0.01372565
2026-07-23 04:00:00.006,0.00005000,0.01360950
2026-07-23 08:00:00.000,0.00005000,0.01360296
2026-07-23 12:00:00.000,0.00005000,0.01367717
2026-07-23 16:00:00.000,0.00005000,0.01397492
2026-07-23 20:00:00.000,0.00005000,0.01414155
2026-07-24 00:00:00.000,0.00005000,0.01404000
2026-07-24 04:00:00.001,0.00005000,0.01395705
2026-07-24 08:00:00.000,0.00005000,0.01402686
2026-07-24 12:00:00.000,0.00005000,0.01387000
2026-07-24 16:00:00.008,0.00005000,0.01429717
2026-07-24 20:00:00.001,0.00005000,0.01422777
2026-07-25 00:00:00.002,0.00005000,0.01480051
2026-07-25 04:00:00.000,0.00005000,0.01501000
2026-07-25 08:00:00.000,0.00005000,0.01476000
2026-07-25 12:00:00.000,0.00005000,0.01525000
2026-07-25 16:00:00.000,0.00005000,0.01534373
2026-07-25 20:00:00.003,0.00005000,0.01540211
2026-07-26 00:00:00.000,0.00005000,0.01533638
2026-07-26 04:00:00.000,0.00005000,0.01518460
2026-07-26 08:00:00.002,0.00005000,0.01530923
2026-07-26 12:00:00.000,0.00005000,0.01585342
2026-07-26 16:00:00.000,0.00005000,0.01595252
2026-07-26 20:00:00.000,0.00005000,0.01596074
2026-07-27 00:00:00.010,0.00005000,0.01621191
2026-07-27 04:00:00.000,0.00005000,0.01608801
2026-07-27 08:00:00.000,0.00005000,0.01598000
2026-07-27 12:00:00.000,0.00005000,0.01600000
2026-07-27 16:00:00.001,0.00005000,0.01560803
2026-07-27 20:00:00.004,0.00005000,0.01556109
2026-07-28 00:00:00.000,0.00005000,0.01489452
2026-07-28 04:00:00.012,0.00005000,0.01410000
2026-07-28 08:00:00.000,0.00005000,0.01332000
2026-07-28 12:00:00.001,0.00005000,0.01345000
2026-07-28 16:00:00.000,0.00005000,0.01372479
2026-07-28 20:00:00.000,0.00005000,0.01422500
2026-07-29 00:00:00.000,0.00005000,0.01448743
2026-07-29 04:00:00.000,0.00005000,0.01469851
2026-07-29 08:00:00.002,0.00005000,0.01451034
2026-07-29 12:00:00.007,0.00005000,0.01481000
2026-07-29 16:00:00.000,0.00005000,0.01439751
2026-07-29 20:00:00.003,0.00005000,0.01429505
2026-07-30 00:00:00.000,0.00005000,0.01439253
2026-07-30 04:00:00.001,0.00005000,0.01437866
2026-07-30 08:00:00.000,0.00005000,0.01447000
2026-07-30 12:00:00.000,0.00005000,0.01480499
2026-07-30 16:00:00.000,0.00005000,0.01468687
2026-07-30 20:00:00.003,0.00005000,0.01505100
2026-07-31 00:00:00.003,0.00005000,0.01506000
2026-07-31 04:00:00.000,0.00005000,0.01487895
2026-07-31 08:00:00.000,0.00005000,0.01534602
2026-07-31 12:00:00.000,0.00005000,0.01498473
2026-07-31 16:00:00.000,0.00005000,0.01555111
2026-07-31 20:00:00.001,0.00005000,0.01653436
2026-08-01 00:00:00.001,0.00005000,0.01610000
2026-08-01 04:00:00.000,0.00005000,0.01606580
2026-08-01 08:00:00.000,0.00005000,0.01591126
2026-08-01 12:00:00.000,0.00005000,0.01757939
2026-08-01 16:00:00.000,0.00005000,0.01719871
2026-08-01 20:00:00.000,0.00005000,0.01737971
2026-08-02 00:00:00.000,0.00005000,0.01754007
2026-08-02 04:00:00.000,0.00005000,0.01711737
2026-08-02 08:00:00.000,0.00005000,0.01731763
2026-08-02 12:00:00.007,0.00005000,0.01741453
2026-08-02 16:00:00.000,0.00005000,0.01752023
2026-08-02 20:00:00.002,0.00005000,0.01752150
2026-08-03 00:00:00.000,0.00005000,0.01757371
2026-08-03 04:00:00.000,0.00005000,0.01866000
2026-08-03 08:00:00.000,0.00005000,0.01951480
2026-08-03 12:00:00.000,0.00005000,0.02009000
2026-08-03 16:00:00.000,0.00005000,0.01970885
2026-08-03 20:00:00.003,0.00005000,0.02048000
2026-08-04 00:00:00.004,0.00005000,0.02039200
2026-08-04 04:00:00.002,0.00005000,0.02148000
2026-08-04 08:00:00.002,0.00004356,0.02347000
2026-08-04 12:00:00.002,0.00001220,0.02393614
2026-08-04 16:00:00.000,0.00005000,0.02355000
2026-08-04 20:00:00.000,0.00005000,0.02145000
2026-08-05 00:00:00.003,0.00005000,0.02157000
2026-08-05 04:00:00.001,0.00005000,0.02410000
2026-08-05 08:00:00.004,0.00005000,0.02424604
2026-08-05 12:00:00.008,0.00005000,0.02494631
2026-08-05 16:00:00.000,0.00002529,0.02637000
2026-08-05 20:00:00.000,0.00002663,0.02928363
2026-08-06 00:00:00.002,0.00005000,0.02867251
2026-08-06 04:00:00.000,0.00005000,0.02884161
2026-08-06 08:00:00.000,0.00005000,0.02729822
2026-08-06 12:00:00.000,-0.00002069,0.02751000
2026-08-06 16:00:00.000,-0.00005857,0.02636125
2026-08-06 20:00:00.001,0.00005000,0.02683497
2026-08-07 00:00:00.000,0.00004292,0.02450526
2026-08-07 04:00:00.000,-0.00004149,0.02763440
2026-08-07 08:00:00.000,0.00005000,0.03086000
2026-08-07 12:00:00.000,0.00000525,0.03467752
2026-08-07 16:00:00.000,0.00005000,0.03656000
2026-08-07 20:00:00.000,-0.00001166,0.03729000
2026-08-08 00:00:00.001,0.00005000,0.03896484
2026-08-08 04:00:00.000,0.00003912,0.04278793
2026-08-08 08:00:00.000,0.00001547,0.04940354
2026-08-08 12:00:00.001,0.00002184,0.05862054
2026-08-08 16:00:00.002,0.00002615,0.07124000
2026-08-08 20:00:00.000,0.00005000,0.07898420
2026-08-09 00:00:00.000,0.00005000,0.10901929
2026-08-09 04:00:00.000,0.00005000,0.13937336
2026-08-09 08:00:00.005,0.00091099,0.17836495
2026-08-09 12:00:00.000,0.00065074,0.17280882
2026-08-09 16:00:00.000,0.00025577,0.14611136
2026-08-09 20:00:00.000,0.00144695,0.18657712
2026-08-10 00:00:00.001,0.00104964,0.20191000
2026-08-10 04:00:00.000,0.00127318,0.23009000
2026-08-10 08:00:00.005,0.00015916,0.16056611
2026-08-10 12:00:00.000,0.00005000,0.13379391
2026-08-10 16:00:00.000,0.00011057,0.12473357
2026-08-10 20:00:00.000,0.00007613,0.12686978
2026-08-11 00:00:00.000,0.00009310,0.10780014
2026-08-11 04:00:00.000,0.00011712,0.11360254
2026-08-11 08:00:00.006,0.00005000,0.09754223
2026-08-11 12:00:00.001,0.00005486,0.09971000
2026-08-11 16:00:00.000,0.00005000,0.09440111
2026-08-11 20:00:00.003,0.00005000,0.08433526
2026-08-12 00:00:00.001,0.00005000,0.07654000
2026-08-12 04:00:00.000,0.00005000,0.07009177
2026-08-12 08:00:00.000,0.00031509,0.06555417
2026-08-12 12:00:00.000,0.00007574,0.07553000
2026-08-12 16:00:00.000,0.00005000,0.06787374
2026-08-12 20:00:00.001,-0.00000219,0.07497002
2026-08-13 00:00:00.000,-0.00001210,0.06700940
2026-08-13 04:00:00.000,0.00005000,0.06145000
2026-08-13 08:00:00.000,0.00005000,0.05834000
2026-08-13 12:00:00.000,0.00005000,0.05797225
2026-08-13 16:00:00.000,-0.00004174,0.03960814
2026-08-13 20:00:00.002,0.00002544,0.03732603
2026-08-14 00:00:00.000,-0.00005130,0.03529000
2026-08-14 04:00:00.001,0.00005000,0.03290937
2026-08-14 08:00:00.001,0.00005000,0.03582869
2026-08-14 12:00:00.002,0.00005000,0.03467467
2026-08-14 16:00:00.001,0.00004766,0.03215000
2026-08-14 20:00:00.000,-0.00005873,0.03138606
2026-08-15 00:00:00.003,-0.00023174,0.02968000
2026-08-15 04:00:00.000,-0.00013082,0.03207000
2026-08-15 08:00:00.002,0.00003956,0.03340000
2026-08-15 12:00:00.001,0.00005000,0.03594700
2026-08-15 16:00:00.000,0.00005000,0.03806000
2026-08-15 20:00:00.003,0.00001146,0.03280057
2026-08-16 00:00:00.000,-0.00013699,0.03319180
2026-08-16 04:00:00.001,-0.00007140,0.03280898
2026-08-16 08:00:00.002,0.00005000,0.03262459
2026-08-16 12:00:00.008,0.00005000,0.03243400
2026-08-16 16:00:00.000,0.00005000,0.03208711
2026-08-16 20:00:00.000,0.00005000,0.03279617
2026-08-17 00:00:00.001,0.00005000,0.03424677
2026-08-17 04:00:00.001,0.00005000,0.03660482
2026-08-17 08:00:00.003,-0.00001131,0.03707024
2026-08-17 12:00:00.002,0.00003308,0.03637173
2026-08-17 16:00:00.005,0.00005000,0.04456960
2026-08-17 20:00:00.000,0.00005000,0.04487543
2026-08-18 00:00:00.006,0.00005000,0.04634000
2026-08-18 04:00:00.001,0.00005000,0.04813680
2026-08-18 08:00:00.001,0.00005000,0.04499305
2026-08-18 12:00:00.000,0.00005000,0.04308780
